id;data_inversa;dia_semana;horario;uf;br;km;municipio;causa_acidente;tipo_acidente;classificacao_acidente;fase_dia;sentido_via;condicao_metereologica;tipo_pista;tracado_via;uso_solo;pessoas;mortos;feridos_leves;feridos_graves;feridos;ilesos;ignorados;veiculos;latitude;longitude;regional;delegacia;uop
744391;08/01/2026;quinta-feira;13:40:00;ES;101;291,2;CARIACICA;Retorno proibido;Colisão lateral mesmo sentido;Com Vítimas Feridas;Pleno dia;Crescente;Sol;Dupla;Reta;Sim;4;0;2;0;2;1;0;3;-20,299455;-40,395308;SPRF-ES;DEL01-ES;UOP01-DEL01-ES
744393;08/01/2026;quinta-feira;09:00:00;PE;316;246;BELEM DE SAO FRANCISCO;Reação tardia ou ineficiente do condutor;Tombamento;Com Vítimas Feridas;Pleno dia;Decrescente;Céu Claro;Simples;Curva;Não;2;0;1;0;1;0;0;2;-8,676558;-38,972572;SPRF-PE;DEL05/PE;UOP03-DEL05-PE
744394;08/01/2026;quinta-feira;10:40:00;MA;316;616;TIMON;Acessar a via sem observar a presença dos outros veículos;Atropelamento de Pedestre;Com Vítimas Feridas;Pleno dia;Decrescente;Sol;Dupla;Reta;Sim;4;0;0;1;1;3;0;2;-5,0920711;-42,83361766;SPRF-MA;DEL03-MA;UOP02-DEL03-MA
744398;08/01/2026;quinta-feira;14:00:00;BA;101;675,3;ITAGIMIRIM;Reação tardia ou ineficiente do condutor;Colisão traseira;Com Vítimas Feridas;Pleno dia;Crescente;Céu Claro;Simples;Reta;Não;6;0;1;0;1;5;0;2;-16,0418;-39,61326;SPRF-BA;DEL09/BA;UOP03-DEL09-BA
744399;08/01/2026;quinta-feira;14:00:00;MG;381;519;BETIM;Ausência de reação do condutor;Colisão traseira;Com Vítimas Feridas;Pleno dia;Crescente;Céu Claro;Dupla;Curva;Não;2;0;1;0;1;0;0;2;-19,9808;-44,1751;SPRF-MG;DEL01/MG;UOP03-DEL01-MG
744402;08/01/2026;quinta-feira;14:00:00;SC;470;77,2;RODEIO;Velocidade Incompatível;Tombamento;Com Vítimas Feridas;Pleno dia;Decrescente;Nublado;Simples;Reta;Não;3;0;1;0;1;1;0;2;-26,94408888;-49,29412007;SPRF-SC;DEL04/SC;UOP01-DEL04-SC
744405;08/01/2026;quinta-feira;14:50:00;BA;116;759;POCOES;Reação tardia ou ineficiente do condutor;Engavetamento;Com Vítimas Feridas;Pleno dia;Crescente;Nublado;Simples;Reta;Não;47;0;3;0;3;43;0;4;-14,54138222;-40,39383173;SPRF-BA;DEL08/BA;UOP02-DEL08-BA
744424;08/01/2026;quinta-feira;15:10:00;BA;116;673;JEQUIE;Ausência de reação do condutor;Colisão traseira;Com Vítimas Feridas;Pleno dia;Crescente;Chuva;Múltipla;Reta;Sim;3;0;1;0;1;1;0;3;-13,86162267;-40,11303341;SPRF-BA;DEL03/BA;UOP01-DEL03-BA
744427;08/01/2026;quinta-feira;17:00:00;BA;101;943;MUCURI;Acesso irregular;Colisão transversal;Sem Vítimas;Pleno dia;Crescente;Nublado;Simples;Reta;Não;3;0;0;0;0;2;0;2;-18,06976;-39,881522;SPRF-BA;DEL09/BA;UOP02-DEL09-BA
744434;08/01/2026;quinta-feira;16:30:00;MG;40;702,8;BARBACENA;Acessar a via sem observar a presença dos outros veículos;Colisão transversal;Sem Vítimas;Pleno dia;Crescente;Céu Claro;Simples;"Declive;Reta";Sim;2;0;0;0;0;1;0;2;-21,22026558;-43,73523686;SPRF-MG;DEL05/MG;UOP02-DEL05-MG
744438;08/01/2026;quinta-feira;17:00:00;PE;101;64,4;RECIFE;Condutor deixou de manter distância do veículo da frente;Colisão traseira;Com Vítimas Feridas;Pleno dia;Decrescente;Céu Claro;Dupla;"Viaduto;Reta";Sim;7;0;1;0;1;5;0;5;-8,01877;-34,94212;SPRF-PE;DEL01/PE;UOP01-DEL01-PE
744440;08/01/2026;quinta-feira;14:10:00;BA;116;673;JEQUIE;Acessar a via sem observar a presença dos outros veículos;Colisão transversal;Com Vítimas Feridas;Pleno dia;Crescente;Nublado;Múltipla;Interseção de Vias;Sim;3;0;1;0;1;1;0;3;-13,858525;-40,113565;SPRF-BA;DEL03/BA;UOP01-DEL03-BA
744444;08/01/2026;quinta-feira;14:54:00;AC;364;123;RIO BRANCO;Reação tardia ou ineficiente do condutor;Tombamento;Com Vítimas Fatais;Pleno dia;Decrescente;Chuva;Dupla;Curva;Sim;2;1;0;0;0;1;0;2;-10,011732;-67,792031;SPRF-AC;DEL01-AC;UOP01-DEL01-AC
744445;08/01/2026;quinta-feira;16:00:00;MG;50;186;UBERABA;Ultrapassagem Indevida;Colisão lateral mesmo sentido;Com Vítimas Feridas;Pleno dia;Crescente;Céu Claro;Dupla;Reta;Não;3;0;1;0;1;1;0;3;-19,709952;-47,9821824;SPRF-MG;DEL13/MG;UOP01-DEL13-MG
744452;08/01/2026;quinta-feira;14:45:00;GO;153;257;SAO LUIZ DO NORTE;Reação tardia ou ineficiente do condutor;Colisão traseira;Com Vítimas Feridas;Pleno dia;Crescente;Céu Claro;Simples;"Reta;Em Obras";Não;4;0;0;3;3;1;0;2;-14,90232183;-49,34783936;SPRF-GO;DEL07/GO;UOP02-DEL07-GO
744463;04/01/2026;domingo;21:20:00;BA;101;68;ENTRE RIOS;Problema na suspensão;Incêndio;Sem Vítimas;Anoitecer;Decrescente;Céu Claro;Dupla;Reta;Não;2;0;0;0;0;1;0;2;-11,96678419;-38,14418793;SPRF-BA;DEL01/BA;UOP04-DEL01-BA
744468;08/01/2026;quinta-feira;21:20:00;MG;381;496;BETIM;Ausência de reação do condutor;Colisão lateral mesmo sentido;Com Vítimas Feridas;Plena Noite;Crescente;Céu Claro;Múltipla;Curva;Não;3;0;1;0;1;1;0;3;-19,97569823;-44,19772768;SPRF-MG;DEL01/MG;UOP03-DEL01-MG
744485;08/01/2026;quinta-feira;23:45:00;SP;116;155;SAO JOSE DOS CAMPOS;Condutor Dormindo;Saída de leito carroçável;Sem Vítimas;Plena Noite;Crescente;Céu Claro;Dupla;Aclive;Sim;1;0;0;0;0;1;0;1;-23,24547157;-45,92847252;SPRF-SP;DEL02/SP;UOP01-DEL02-SP
744486;08/01/2026;quinta-feira;22:50:00;SC;101;137;BALNEARIO CAMBORIU;Velocidade Incompatível;Colisão com objeto;Com Vítimas Fatais;Plena Noite;Crescente;Nublado;Dupla;Reta;Sim;7;1;0;4;4;1;0;4;-27,0146327;-48,6123343;SPRF-SC;DEL04/SC;UOP03-DEL04-SC
744488;08/01/2026;quinta-feira;23:05:00;MS;262;226,9;RIBAS DO RIO PARDO;Demais falhas mecânicas ou elétricas;Incêndio;Sem Vítimas;Plena Noite;Decrescente;Céu Claro;Simples;Reta;Não;2;0;0;0;0;1;0;2;-20,46576177;-53,60419393;SPRF-MS;DEL01/MS;UOP05-DEL01-MS
744490;08/01/2026;quinta-feira;23:30:00;RJ;116;174;SAO JOAO DE MERITI;Ingestão de álcool pelo condutor;Colisão traseira;Com Vítimas Feridas;Plena Noite;Crescente;Céu Claro;Múltipla;Reta;Sim;4;0;1;0;1;2;0;4;-22,77846907;-43,39728892;SPRF-RJ;DEL06/RJ;UOP01-DEL06-RJ
744492;08/01/2026;quinta-feira;23:50:00;BA;116;734,5;BOA NOVA;Reação tardia ou ineficiente do condutor;Saída de leito carroçável;Com Vítimas Feridas;Plena Noite;Crescente;Céu Claro;Simples;Reta;Não;4;0;0;3;3;0;0;2;-14,34999283;-40,33352293;SPRF-BA;DEL08/BA;UOP02-DEL08-BA
744494;09/01/2026;sexta-feira;00:55:00;RS;386;281;SAO JOSE DO HERVAL;Reação tardia ou ineficiente do condutor;Colisão traseira;Sem Vítimas;Plena Noite;Crescente;Nublado;Simples;"Curva;Em Obras";Não;2;0;0;0;0;0;1;2;-29,03526;-52,29898;SPRF-RS;DEL04/RS;UOP03-DEL04-RS
744495;09/01/2026;sexta-feira;01:30:00;AL;316;267,5;SATUBA;Demais falhas mecânicas ou elétricas;Tombamento;Com Vítimas Feridas;Plena Noite;Decrescente;Céu Claro;Simples;Reta;Não;1;0;1;0;1;0;0;1;-9,583636;-35,84018;SPRF-AL;DEL02-AL;UOP01-DEL02-AL
744502;08/01/2026;quinta-feira;19:00:00;MG;381;402;NOVA UNIAO;Ausência de reação do condutor;Colisão traseira;Com Vítimas Feridas;Plena Noite;Crescente;Céu Claro;Dupla;Curva;Não;3;0;1;0;1;2;0;2;-19,74176094;-43,55460517;SPRF-MG;DEL01/MG;UOP01-DEL01-MG
744505;09/01/2026;sexta-feira;03:45:00;SC;101;162;TIJUCAS;Demais falhas mecânicas ou elétricas;Colisão traseira;Com Vítimas Feridas;Amanhecer;Crescente;Nublado;Dupla;Reta;Sim;2;0;0;1;1;1;0;2;-27,21987717;-48,62567997;SPRF-SC;DEL04/SC;UOP03-DEL04-SC
744506;09/01/2026;sexta-feira;05:00:00;MT;364;360;CUIABA;Acessar a via sem observar a presença dos outros veículos;Colisão lateral mesmo sentido;Sem Vítimas;Amanhecer;Decrescente;Céu Claro;Dupla;Reta;Não;3;0;0;0;0;2;0;5;-15,669962;-55,9530314;SPRF-MT;DEL01/MT;UOP02-DEL01-MT
744507;09/01/2026;sexta-feira;05:45:00;RO;364;228,1;CACOAL;Condutor deixou de manter distância do veículo da frente;Colisão traseira;Com Vítimas Feridas;Amanhecer;Decrescente;Nublado;Simples;Reta;Não;6;0;1;0;1;5;0;2;-11,48894;-61,381513;SPRF-RO;DEL02-RO;UOP02-DEL02-RO
744516;09/01/2026;sexta-feira;01:15:00;BA;101;133;TEODORO SAMPAIO;Ausência de reação do condutor;Saída de leito carroçável;Com Vítimas Feridas;Plena Noite;Decrescente;Céu Claro;Simples;Curva;Não;1;0;1;0;1;0;0;1;-12,19595002;-38,59638959;SPRF-BA;DEL01/BA;UOP04-DEL01-BA
744526;08/01/2026;quinta-feira;23:45:00;MG;381;735;CARMO DA CACHOEIRA;Ausência de reação do condutor;Colisão traseira;Com Vítimas Feridas;Plena Noite;Crescente;Nublado;Dupla;Reta;Não;1;0;1;0;1;0;0;1;-21,542869;-45,238554;SPRF-MG;DEL16/MG;UOP02-DEL16-MG
744534;09/01/2026;sexta-feira;08:36:00;SP;116;186;SANTA ISABEL;Acessar a via sem observar a presença dos outros veículos;Colisão transversal;Com Vítimas Feridas;Pleno dia;Decrescente;Céu Claro;Simples;"Retorno Regulamentado;Interseção de Vias";Não;2;0;2;0;2;0;0;2;-23,35252417;-46,19895297;SPRF-SP;DEL01/SP;UOP01-DEL01-SP
744537;09/01/2026;sexta-feira;09:10:00;PR;376;676;GUARATUBA;Problema com o freio;Colisão traseira;Com Vítimas Feridas;Pleno dia;Crescente;Céu Claro;Dupla;"Curva;Declive";Não;3;0;2;0;2;1;0;2;-25,938412;-48,910007;SPRF-PR;DEL01/PR;UOP04-DEL01-PR
744546;09/01/2026;sexta-feira;08:55:00;PR;376;524,2;PONTA GROSSA;Velocidade Incompatível;Colisão traseira;Com Vítimas Feridas;Pleno dia;Crescente;Sol;Dupla;"Declive;Curva";Não;10;0;0;1;1;9;0;3;-25,29697079;-49,89539623;SPRF-PR;DEL03/PR;UOP03-DEL03-PR
744547;09/01/2026;sexta-feira;09:00:00;RJ;393;189;PARAIBA DO SUL;Demais falhas mecânicas ou elétricas;Colisão com objeto;Com Vítimas Feridas;Pleno dia;Crescente;Céu Claro;Simples;Reta;Não;5;0;1;0;1;3;0;4;-22,17844;-43,34081333;SPRF-RJ;DEL05/RJ;UOP03-DEL05-RJ
744558;09/01/2026;sexta-feira;11:00:00;BA;116;689;JEQUIE;Ausência de reação do condutor;Colisão traseira;Com Vítimas Feridas;Pleno dia;Decrescente;Garoa/Chuvisco;Simples;Aclive;Não;3;0;0;1;1;1;0;4;-13,93524178;-40,1602993;SPRF-BA;DEL03/BA;UOP01-DEL03-BA
744560;09/01/2026;sexta-feira;11:03:00;MG;50;93;UBERLANDIA;Condutor Dormindo;Saída de leito carroçável;Com Vítimas Feridas;Pleno dia;Crescente;Céu Claro;Dupla;Reta;Não;1;0;1;0;1;0;0;1;-19,0815;-48,187;SPRF-MG;DEL15/MG;UOP01-DEL15-MG
744561;09/01/2026;sexta-feira;11:35:00;MG;40;483,7;SETE LAGOAS;Velocidade Incompatível;Saída de leito carroçável;Com Vítimas Feridas;Pleno dia;Decrescente;Céu Claro;Dupla;"Declive;Curva";Não;1;0;1;0;1;0;0;1;-19,471231;-44,293479;SPRF-MG;DEL02/MG;UOP01-DEL02-MG
744564;09/01/2026;sexta-feira;12:40:00;BA;242;810;BARREIRAS;Acessar a via sem observar a presença dos outros veículos;Colisão transversal;Com Vítimas Feridas;Pleno dia;Crescente;Céu Claro;Simples;Interseção de Vias;Não;5;0;1;0;1;4;0;2;-12,14084065;-44,94738579;SPRF-BA;DEL10/BA;UOP01-DEL10-BA
744571;09/01/2026;sexta-feira;13:20:00;ES;101;169;ARACRUZ;Ausência de reação do condutor;Colisão traseira;Com Vítimas Feridas;Pleno dia;Crescente;Céu Claro;Simples;Reta;Não;3;0;0;1;1;1;0;4;-19,56419412;-40,1775907;SPRF-ES;DEL04-ES;UOP01-DEL04-ES
744573;09/01/2026;sexta-feira;11:30:00;BA;101;446;AURELINO LEAL;Chuva;Colisão frontal;Com Vítimas Fatais;Pleno dia;Decrescente;Chuva;Simples;Curva;Não;7;3;0;0;0;4;0;2;-14,33409818;-39,31730748;SPRF-BA;DEL05/BA;UOP01-DEL05-BA
744584;09/01/2026;sexta-feira;14:30:00;SC;101;207,7;SAO JOSE;Ausência de reação do condutor;Colisão lateral mesmo sentido;Com Vítimas Fatais;Pleno dia;Decrescente;Céu Claro;Múltipla;Reta;Sim;2;1;0;0;0;0;0;2;-27,602335;-48,629359;SPRF-SC;DEL01/SC;UOP01-DEL01-SC
744586;09/01/2026;sexta-feira;15:10:00;MG;153;190,4;FRUTAL;Reação tardia ou ineficiente do condutor;Colisão traseira;Com Vítimas Feridas;Pleno dia;Decrescente;Sol;Simples;"Declive;Reta";Não;4;0;1;0;1;2;0;7;-19,88665;-48,97456;SPRF-MG;DEL13/MG;UOP02-DEL13-MG
744590;09/01/2026;sexta-feira;13:00:00;MA;230;49;BARAO DE GRAJAU;Reação tardia ou ineficiente do condutor;Tombamento;Com Vítimas Feridas;Pleno dia;Decrescente;Céu Claro;Simples;Curva;Não;2;0;1;0;1;0;0;4;-6,612615;-43,3997737;SPRF-PI;DEL03-PI;UOP01-DEL03-PI
744604;09/01/2026;sexta-feira;17:30:00;GO;20;219;POSSE;Manobra de mudança de faixa;Colisão transversal;Com Vítimas Fatais;Pleno dia;Crescente;Céu Claro;Simples;Reta;Não;4;1;0;0;0;3;0;2;-14,183052;-46,330027;SPRF-DF;DEL02-DF;UOP03-DEL02-DF
744608;09/01/2026;sexta-feira;14:15:00;SC;282;406,9;CATANDUVAS;Reação tardia ou ineficiente do condutor;Colisão lateral sentido oposto;Com Vítimas Feridas;Pleno dia;Crescente;Chuva;Simples;"Declive;Curva";Não;3;0;1;0;1;1;0;3;-27,08396;-51,66165;SPRF-SC;DEL07/SC;UOP05-DEL07-SC
744612;09/01/2026;sexta-feira;15:30:00;BA;101;873;CARAVELAS;Demais falhas mecânicas ou elétricas;Capotamento;Com Vítimas Feridas;Pleno dia;Decrescente;Céu Claro;Simples;Curva;Não;1;0;0;1;1;0;0;1;-17,59352138;-39,6839447;SPRF-BA;DEL09/BA;UOP02-DEL09-BA
744615;09/01/2026;sexta-feira;17:15:00;MT;163;118;RONDONOPOLIS;Condutor deixou de manter distância do veículo da frente;Colisão traseira;Com Vítimas Feridas;Pleno dia;Crescente;Céu Claro;Dupla;Reta;Não;2;0;1;0;1;0;0;2;-16,503088;-54,65015;SPRF-MT;DEL02/MT;UOP01-DEL02-MT
744618;09/01/2026;sexta-feira;18:10:00;SP;116;551;BARRA DO TURVO;Velocidade Incompatível;Tombamento;Com Vítimas Feridas;Pleno dia;Decrescente;Nublado;Dupla;Curva;Não;2;0;1;0;1;0;0;2;-24,9972604;-48,50875854;SPRF-SP;DEL05/SP;UOP02-DEL05-SP
744622;09/01/2026;sexta-feira;19:10:00;GO;40;3,9;VALPARAISO DE GOIAS;Ingestão de álcool pelo condutor;Colisão traseira;Sem Vítimas;Plena Noite;Crescente;Céu Claro;Dupla;"Declive;Reta";Sim;2;0;0;0;0;2;0;2;-16,08633;-47,98653;SPRF-DF;DEL01-DF;UOP01-DEL01-DF
744631;09/01/2026;sexta-feira;18:45:00;PE;316;94;OURICURI;Ultrapassagem Indevida;Colisão lateral sentido oposto;Com Vítimas Feridas;Plena Noite;Decrescente;Céu Claro;Simples;"Aclive;Reta";Não;2;0;1;0;1;0;0;2;-7,918988;-39,991258;SPRF-PE;DEL05/PE;UOP02-DEL05-PE
744635;09/01/2026;sexta-feira;19:10:00;PR;277;2,3;PARANAGUA;Ausência de reação do condutor;Atropelamento de Pedestre;Com Vítimas Fatais;Plena Noite;Decrescente;Nublado;Dupla;Reta;Sim;3;1;0;0;0;1;0;3;-25,545814;-48,543916;SPRF-PR;DEL01/PR;UOP05-DEL01-PR
744644;09/01/2026;sexta-feira;18:50:00;PA;163;28;NOVO PROGRESSO;Ingestão de álcool pelo condutor;Saída de leito carroçável;Com Vítimas Feridas;Anoitecer;Crescente;Ignorado;Simples;Reta;Não;1;0;1;0;1;0;0;1;-9,331671;-54,841016;SPRF-MT;DEL06/MT;UOP03-DEL06-MT
744651;09/01/2026;sexta-feira;20:35:00;PR;116;113;CURITIBA;Manobra de mudança de faixa;Colisão lateral mesmo sentido;Sem Vítimas;Plena Noite;Decrescente;Nublado;Dupla;Reta;Não;4;0;0;0;0;3;0;3;-25,550308;-49,28235;SPRF-PR;DEL01/PR;UOP03-DEL01-PR
744652;09/01/2026;sexta-feira;21:10:00;SC;101;234,1;PALHOCA;Ausência de reação do condutor;Colisão traseira;Com Vítimas Fatais;Plena Noite;Decrescente;Céu Claro;Dupla;"Aclive;Reta";Não;2;1;0;0;0;1;0;2;-27,81047;-48,63525;SPRF-SC;DEL01/SC;UOP02-DEL01-SC
744655;09/01/2026;sexta-feira;18:00:00;SC;470;13,9;ILHOTA;Reação tardia ou ineficiente do condutor;Colisão traseira;Com Vítimas Feridas;Pleno dia;Decrescente;Nublado;Dupla;Reta;Não;5;0;2;2;4;1;0;2;-26,83781;-48,775228;SPRF-SC;DEL04/SC;UOP04-DEL04-SC
744677;09/01/2026;sexta-feira;23:50:00;PE;101;7,1;GOIANA;Reação tardia ou ineficiente do condutor;Colisão traseira;Com Vítimas Feridas;Plena Noite;Decrescente;Céu Claro;Dupla;Reta;Não;3;0;1;0;1;2;0;2;-7,560885;-34,990322;SPRF-PE;DEL01/PE;UOP02-DEL01-PE
744684;10/01/2026;sábado;01:25:00;PR;373;192,2;PONTA GROSSA;Reação tardia ou ineficiente do condutor;Colisão traseira;Com Vítimas Feridas;Plena Noite;Decrescente;Nublado;Simples;Reta;Sim;3;0;1;0;1;2;0;2;-25,06646;-50,353842;SPRF-PR;DEL03/PR;UOP01-DEL03-PR
744689;10/01/2026;sábado;04:00:00;ES;259;36;COLATINA;Velocidade Incompatível;Saída de leito carroçável;Com Vítimas Feridas;Amanhecer;Decrescente;Nublado;Simples;Curva;Não;1;0;1;0;1;0;0;1;-19,554353;-40,496128;SPRF-ES;DEL02-ES;UOP01-DEL02-ES
744694;10/01/2026;sábado;04:30:00;SC;470;54,2;BLUMENAU;Transitar na contramão;Colisão frontal;Com Vítimas Feridas;Plena Noite;Crescente;Nublado;Simples;Reta;Sim;4;0;2;0;2;2;0;2;-26,87179;-49,11218;SPRF-SC;DEL04/SC;UOP01-DEL04-SC
744696;09/01/2026;sexta-feira;15:10:00;BA;101;118;ALAGOINHAS;Mal súbito do condutor;Colisão frontal;Com Vítimas Feridas;Pleno dia;Crescente;Céu Claro;Simples;Reta;Não;2;0;0;1;1;1;0;2;-12,16575492;-38,47487569;SPRF-BA;DEL01/BA;UOP04-DEL01-BA
744699;10/01/2026;sábado;04:30:00;SP;381;48,3;ATIBAIA;Ingestão de álcool pelo condutor;Colisão com objeto;Sem Vítimas;Amanhecer;Crescente;Céu Claro;Dupla;Reta;Não;2;0;0;0;0;1;0;2;-23,201113;-46,589013;SPRF-SP;DEL03/SP;UOP01-DEL03-SP
744702;10/01/2026;sábado;05:00:00;GO;153;546;PIRACANJUBA;Reação tardia ou ineficiente do condutor;Colisão traseira;Com Vítimas Feridas;Amanhecer;Decrescente;Nublado;Dupla;Reta;Não;3;0;0;1;1;1;0;3;-17,089773;-49,220413;SPRF-GO;DEL01/GO;UOP03-DEL01-GO
744712;10/01/2026;sábado;07:20:00;SC;101;110;PENHA;Reação tardia ou ineficiente do condutor;Colisão lateral mesmo sentido;Com Vítimas Feridas;Pleno dia;Decrescente;Chuva;Dupla;Reta;Não;2;0;1;0;1;1;0;2;-26,8350075;-48,7075696;SPRF-SC;DEL03/SC;UOP02-DEL03-SC
744713;10/01/2026;sábado;05:30:00;PE;101;35,6;ITAPISSUMA;Ausência de reação do condutor;Colisão traseira;Com Vítimas Feridas;Amanhecer;Decrescente;Chuva;Dupla;"Declive;Reta";Não;2;0;0;1;1;1;0;2;-7,78502;-34,93055;SPRF-PE;DEL01/PE;UOP02-DEL01-PE
744719;10/01/2026;sábado;07:05:00;RS;116;471,8;SAO LOURENCO DO SUL;Ausência de reação do condutor;Saída de leito carroçável;Sem Vítimas;Pleno dia;Crescente;Sol;Dupla;Reta;Não;1;0;0;0;0;1;0;1;-31,36;-52,08;SPRF-RS;DEL07/RS;UOP01-DEL07-RS
744730;10/01/2026;sábado;05:10:00;GO;153;118;TEREZOPOLIS DE GOIAS;Ingestão de substâncias psicoativas pelo condutor;Colisão traseira;Sem Vítimas;Amanhecer;Crescente;Céu Claro;Dupla;"Reta;Declive;Interseção de Vias";Sim;3;0;0;0;0;2;0;4;-16,48430057;-49,09301555;SPRF-GO;DEL07/GO;UOP01-DEL07-GO
744736;10/01/2026;sábado;08:00:00;SC;470;47,1;BLUMENAU;Acumulo de água sobre o pavimento;Colisão traseira;Com Vítimas Feridas;Pleno dia;Crescente;Chuva;Dupla;Reta;Sim;4;0;1;0;1;2;0;4;-26,8630074;-49,04899685;SPRF-SC;DEL04/SC;UOP01-DEL04-SC
744737;10/01/2026;sábado;08:40:00;PR;376;170;MARINGA;Manobra de mudança de faixa;Colisão traseira;Com Vítimas Feridas;Pleno dia;Crescente;Céu Claro;Dupla;Reta;Sim;2;0;0;1;1;1;0;2;-23,40869868;-51,98961366;SPRF-PR;DEL09/PR;UOP01-DEL09-PR
744740;10/01/2026;sábado;07:00:00;RO;364;546,8;ALTO PARAISO;Ingestão de álcool pelo condutor;Colisão lateral sentido oposto;Sem Vítimas;Pleno dia;Crescente;Nublado;Simples;Curva;Não;6;0;0;0;0;6;0;3;-9,668903;-63,0991;SPRF-RO;DEL03-RO;UOP01-DEL03-RO
744745;10/01/2026;sábado;07:30:00;CE;116;502;BREJO SANTO;Condutor deixou de manter distância do veículo da frente;Colisão traseira;Com Vítimas Feridas;Pleno dia;Crescente;Nublado;Simples;Reta;Sim;7;0;2;0;2;4;0;4;-7,493798;-38,984317;SPRF-CE;DEL05/CE;UOP03-DEL05-CE
744750;07/01/2026;quarta-feira;02:03:00;SC;282;558,1;NOVA ITABERABA;Transitar na contramão;Colisão lateral sentido oposto;Com Vítimas Feridas;Plena Noite;Decrescente;Nublado;Simples;"Aclive;Curva";Não;2;0;1;0;1;1;0;2;-26,93070252;-52,82727448;SPRF-SC;DEL07/SC;UOP01-DEL07-SC
744751;10/01/2026;sábado;10:25:00;RS;116;300;ELDORADO DO SUL;Acessar a via sem observar a presença dos outros veículos;Colisão transversal;Com Vítimas Feridas;Pleno dia;Crescente;Nublado;Simples;Reta;Não;2;0;1;0;1;1;0;2;-30,0253184;-51,3212416;SPRF-RS;DEL02/RS;UOP01-DEL02-RS
744756;10/01/2026;sábado;09:30:00;MT;364;138;PEDRA PRETA;Problema com o freio;Colisão lateral sentido oposto;Com Vítimas Feridas;Pleno dia;Crescente;Céu Claro;Simples;Reta;Não;4;0;1;0;1;2;0;6;-16,79504;-54,19136;SPRF-MT;DEL02/MT;UOP01-DEL02-MT
744767;10/01/2026;sábado;11:25:00;RN;226;137,9;CAMPO REDONDO;Condutor deixou de manter distância do veículo da frente;Engavetamento;Sem Vítimas;Pleno dia;Crescente;Céu Claro;Simples;Reta;Não;4;0;0;0;0;3;0;4;-6,20338617;-36,19296167;SPRF-RN;DEL03-RN;UOP02-DEL03-RN
744768;10/01/2026;sábado;11:30:00;RS;290;682;URUGUAIANA;Condutor Dormindo;Colisão lateral sentido oposto;Com Vítimas Feridas;Pleno dia;Decrescente;Céu Claro;Simples;Reta;Não;6;0;2;0;2;4;0;2;-29,91848888;-56,65297508;SPRF-RS;DEL13/RS;UOP01-DEL13-RS
744772;10/01/2026;sábado;12:05:00;PR;376;3,8;APUCARANA;Reação tardia ou ineficiente do condutor;Colisão transversal;Com Vítimas Feridas;Pleno dia;Decrescente;Céu Claro;Simples;Interseção de Vias;Sim;3;0;0;1;1;1;0;5;-23,55669912;-51,44281814;SPRF-PR;DEL07/PR;UOP03-DEL07-PR
744778;10/01/2026;sábado;12:20:00;PE;101;152,1;RIBEIRAO;Acessar a via sem observar a presença dos outros veículos;Colisão traseira;Com Vítimas Feridas;Pleno dia;Decrescente;Céu Claro;Dupla;"Declive;Reta";Sim;3;0;1;0;1;1;0;4;-8,5138647;-35,3862448;SPRF-PE;DEL01/PE;UOP03-DEL01-PE
744782;10/01/2026;sábado;11:00:00;MT;70;123;GENERAL CARNEIRO;Reação tardia ou ineficiente do condutor;Tombamento;Sem Vítimas;Pleno dia;Crescente;Garoa/Chuvisco;Simples;"Aclive;Curva";Não;2;0;0;0;0;1;0;4;-15,57820738;-53,02824043;SPRF-MT;DEL07/MT;UOP01-DEL07-MT
744788;10/01/2026;sábado;14:00:00;SP;116;145,3;SAO JOSE DOS CAMPOS;Manobra de mudança de faixa;Colisão lateral mesmo sentido;Com Vítimas Feridas;Pleno dia;Decrescente;Céu Claro;Múltipla;Reta;Sim;3;0;0;1;1;1;0;3;-23,187328;-45,855377;SPRF-SP;DEL02/SP;UOP01-DEL02-SP
744791;10/01/2026;sábado;13:40:00;PE;101;13;GOIANA;Ausência de reação do condutor;Colisão traseira;Com Vítimas Feridas;Pleno dia;Crescente;Céu Claro;Dupla;Reta;Não;2;0;1;0;1;1;0;2;-7,6058778;-34,97787666;SPRF-PE;DEL01/PE;UOP02-DEL01-PE
744793;10/01/2026;sábado;14:25:00;PR;376;167;MARINGA;Reação tardia ou ineficiente do condutor;Colisão traseira;Com Vítimas Feridas;Pleno dia;Decrescente;Chuva;Dupla;Reta;Sim;3;0;1;0;1;1;0;3;-23,39009;-52,0148134;SPRF-PR;DEL09/PR;UOP01-DEL09-PR
744795;10/01/2026;sábado;14:36:00;RJ;116;284,1;BARRA MANSA;Velocidade Incompatível;Engavetamento;Com Vítimas Feridas;Pleno dia;Decrescente;Sol;Dupla;"Viaduto;Reta;Aclive";Não;5;0;1;0;1;3;0;4;-22,51363975;-44,21155608;SPRF-RJ;DEL07/RJ;UOP02-DEL07-RJ
744796;10/01/2026;sábado;12:10:00;GO;60;38;GOIANIA;Velocidade Incompatível;Tombamento;Com Vítimas Feridas;Pleno dia;Decrescente;Céu Claro;Dupla;Rotatória;Sim;2;0;1;0;1;0;0;3;-16,75170615;-49,33959668;SPRF-GO;DEL01/GO;UOP02-DEL01-GO
744801;10/01/2026;sábado;15:20:00;SC;101;206,2;SAO JOSE;Manobra de mudança de faixa;Colisão traseira;Com Vítimas Feridas;Pleno dia;Decrescente;Nublado;Múltipla;Reta;Sim;4;0;1;0;1;1;0;4;-27,594188;-48,618837;SPRF-SC;DEL01/SC;UOP01-DEL01-SC