id;data_inversa;dia_semana;horario;uf;br;km;municipio;causa_acidente;tipo_acidente;classificacao_acidente;fase_dia;sentido_via;condicao_metereologica;tipo_pista;tracado_via;uso_solo;pessoas;mortos;feridos_leves;feridos_graves;feridos;ilesos;ignorados;veiculos;latitude;longitude;regional;delegacia;uop
745731;15/01/2026;quinta-feira;06:35:00;MG;116;592,3;MANHUACU;Mal súbito do condutor;Tombamento;Com Vítimas Feridas;Amanhecer;Crescente;Céu Claro;Simples;Curva;Não;2;0;1;0;1;0;0;2;-20,280095;-42,145625;SPRF-MG;DEL06/MG;UOP03-DEL06-MG
745733;04/01/2026;domingo;16:45:00;PR;277;312,8;PRUDENTOPOLIS;Reação tardia ou ineficiente do condutor;Tombamento;Com Vítimas Fatais;Pleno dia;Decrescente;Céu Claro;Simples;"Declive;Curva";Não;3;1;0;1;1;0;0;2;-25,31774;-51,19496;SPRF-PR;DEL08/PR;UOP01-DEL08-PR
745738;15/01/2026;quinta-feira;08:02:00;RS;158;330;SANTA MARIA;Acessar a via sem observar a presença dos outros veículos;Colisão lateral mesmo sentido;Com Vítimas Feridas;Pleno dia;Decrescente;Sol;Dupla;"Reta;Viaduto;Interseção de Vias";Sim;4;0;0;1;1;1;0;4;-29,702054;-53,83772;SPRF-RS;DEL09/RS;UOP01-DEL09-RS
745741;14/01/2026;quarta-feira;18:15:00;SC;282;509,5;XANXERE;Reação tardia ou ineficiente do condutor;Engavetamento;Com Vítimas Feridas;Pleno dia;Decrescente;Céu Claro;Simples;Reta;Não;7;0;1;0;1;5;0;4;-26,89140541;-52,45794535;SPRF-SC;DEL07/SC;UOP01-DEL07-SC
745746;15/01/2026;quinta-feira;07:40:00;SC;101;331,6;TUBARAO;Velocidade Incompatível;Colisão transversal;Com Vítimas Feridas;Pleno dia;Decrescente;Céu Claro;Simples;Rotatória;Sim;3;0;1;0;1;1;0;3;-28,465937;-48,995418;SPRF-SC;DEL02/SC;UOP01-DEL02-SC
745748;15/01/2026;quinta-feira;05:00:00;MG;116;183,9;CARAI;Reação tardia ou ineficiente do condutor;Tombamento;Com Vítimas Feridas;Amanhecer;Decrescente;Céu Claro;Simples;"Curva;Declive";Não;1;0;1;0;1;0;0;1;-17,11507585;-41,50300026;SPRF-MG;DEL11/MG;UOP01-DEL11-MG
745750;15/01/2026;quinta-feira;05:30:00;MA;226;253;TUNTUM;Transitar na contramão;Colisão frontal;Com Vítimas Fatais;Amanhecer;Crescente;Céu Claro;Simples;Curva;Não;6;1;1;1;2;1;0;4;-5,400163;-44,893292;SPRF-MA;DEL06-MA;UOP01-DEL06-MA
745754;15/01/2026;quinta-feira;06:40:00;CE;116;56;PACAJUS;Ausência de reação do condutor;Tombamento;Com Vítimas Feridas;Pleno dia;Decrescente;Céu Claro;Simples;"Reta;Em Obras";Não;1;0;1;0;1;0;0;1;-4,20351164;-38,47016081;SPRF-CE;DEL01/CE;UOP04-DEL01-CE
745755;15/01/2026;quinta-feira;08:42:00;ES;101;370,4;ANCHIETA;Transitar na contramão;Colisão frontal;Com Vítimas Feridas;Pleno dia;Decrescente;Sol;Simples;Reta;Não;3;0;0;1;1;1;0;3;-20,770947;-40,763093;SPRF-ES;DEL03-ES;UOP01-DEL03-ES
745757;15/01/2026;quinta-feira;08:10:00;MT;70;687,3;CACERES;Ultrapassagem Indevida;Colisão frontal;Com Vítimas Fatais;Pleno dia;Decrescente;Céu Claro;Simples;Reta;Não;4;2;0;0;0;1;0;4;-16,20824599;-57,41249084;SPRF-MT;DEL03/MT;UOP02-DEL03-MT
745758;15/01/2026;quinta-feira;06:40:00;MA;10;289,6;IMPERATRIZ;Ultrapassagem Indevida;Tombamento;Com Vítimas Feridas;Pleno dia;Crescente;Nublado;Simples;Reta;Não;4;0;2;0;2;0;0;4;-5,201382;-47,519152;SPRF-MA;DEL04-MA;UOP01-DEL04-MA
745762;15/01/2026;quinta-feira;08:20:00;RJ;493;61;NOVA IGUACU;Condutor Dormindo;Colisão com objeto;Com Vítimas Fatais;Pleno dia;Crescente;Céu Claro;Dupla;Reta;Não;3;1;0;0;0;2;0;2;-22,68012;-43,406603;SPRF-RJ;DEL01/RJ;UOP03-DEL01-RJ
745764;15/01/2026;quinta-feira;09:00:00;MG;365;294,2;JOAO PINHEIRO;Reação tardia ou ineficiente do condutor;Saída de leito carroçável;Sem Vítimas;Pleno dia;Crescente;Céu Claro;Simples;Reta;Não;3;0;0;0;0;1;0;4;-18,109068;-45,70242;SPRF-MG;DEL10/MG;UOP02-DEL010-MG
745773;15/01/2026;quinta-feira;07:40:00;SC;470;58,5;BLUMENAU;Reação tardia ou ineficiente do condutor;Colisão traseira;Com Vítimas Feridas;Pleno dia;Decrescente;Céu Claro;Simples;"Reta;Em Obras";Não;2;0;1;0;1;1;0;2;-26,88402;-49,15101;SPRF-SC;DEL04/SC;UOP01-DEL04-SC
745777;15/01/2026;quinta-feira;10:40:00;RJ;101;506;ANGRA DOS REIS;Conversão proibida;Colisão lateral mesmo sentido;Com Vítimas Feridas;Pleno dia;Crescente;Nublado;Simples;Reta;Não;2;0;0;1;1;1;0;2;-22,93507788;-44,40456573;SPRF-RJ;DEL03/RJ;UOP03-DEL03-RJ
745779;15/01/2026;quinta-feira;11:50:00;BA;324;539;AMELIA RODRIGUES;Manobra de mudança de faixa;Colisão traseira;Com Vítimas Feridas;Pleno dia;Crescente;Céu Claro;Dupla;Reta;Não;2;0;1;0;1;0;0;2;-12,3880442;-38,787987;SPRF-BA;DEL11/BA;UOP02-DEL11-BA
745781;15/01/2026;quinta-feira;12:20:00;GO;452;180;ITUMBIARA;Reação tardia ou ineficiente do condutor;Saída de leito carroçável;Com Vítimas Feridas;Pleno dia;Crescente;Céu Claro;Simples;Reta;Não;2;0;1;0;1;0;0;4;-18,3749007;-49,35444174;SPRF-GO;DEL03/GO;UOP02-DEL03-GO
745783;15/01/2026;quinta-feira;12:55:00;DF;60;8,5;BRASILIA;Manobra de mudança de faixa;Colisão transversal;Com Vítimas Feridas;Pleno dia;Decrescente;Céu Claro;Dupla;Aclive;Sim;3;0;2;0;2;1;0;2;-15,905579;-48,136682;SPRF-DF;DEL03-DF;UOP01-DEL03-DF
745789;15/01/2026;quinta-feira;13:00:00;PR;277;29,9;MORRETES;Condutor deixou de manter distância do veículo da frente;Colisão traseira;Sem Vítimas;Pleno dia;Decrescente;Sol;Dupla;Reta;Não;4;0;0;0;0;3;0;3;-25,55171481;-48,79788995;SPRF-PR;DEL01/PR;UOP05-DEL01-PR
745792;15/01/2026;quinta-feira;10:25:00;RS;471;168,9;RIO PARDO;Manobra de mudança de faixa;Colisão frontal;Com Vítimas Fatais;Pleno dia;Decrescente;Sol;Simples;Curva;Não;3;1;0;0;0;1;0;3;-29,940041;-52,385166;SPRF-RS;DEL02/RS;UOP03-DEL02-RS
745796;15/01/2026;quinta-feira;12:00:00;MG;354;717,5;POUSO ALTO;Velocidade Incompatível;Saída de leito carroçável;Sem Vítimas;Pleno dia;Crescente;Chuva;Simples;Curva;Não;1;0;0;0;0;1;0;1;-22,0822299;-44,94286895;SPRF-MG;DEL17/MG;UOP01-DEL17-MG
745800;15/01/2026;quinta-feira;14:20:00;PR;277;63;PIRAQUARA;Condutor deixou de manter distância do veículo da frente;Colisão traseira;Sem Vítimas;Pleno dia;Crescente;Chuva;Dupla;Reta;Não;5;0;0;0;0;5;0;2;-25,53885684;-49,06657068;SPRF-PR;DEL01/PR;UOP01-DEL01-PR
745805;15/01/2026;quinta-feira;11:15:00;PI;343;330;TERESINA;Reação tardia ou ineficiente do condutor;Tombamento;Com Vítimas Feridas;Pleno dia;Decrescente;Nublado;Simples;Reta;Não;2;0;1;0;1;0;0;2;-5,06090515;-42,65429837;SPRF-PI;DEL01-PI;UOP01-DEL01-PI
745811;15/01/2026;quinta-feira;15:20:00;RJ;116;288;QUATIS;Chuva;Colisão traseira;Com Vítimas Feridas;Pleno dia;Decrescente;Chuva;Dupla;Curva;Não;4;0;1;0;1;2;0;3;-22,4657408;-44,2761216;SPRF-RJ;DEL07/RJ;UOP02-DEL07-RJ
745815;15/01/2026;quinta-feira;16:07:00;RN;101;75;SAO GONCALO DO AMARANTE;Ausência de reação do condutor;Colisão traseira;Com Vítimas Feridas;Pleno dia;Crescente;Céu Claro;Dupla;Rotatória;Sim;2;0;1;0;1;1;0;2;-5,721;-35,278;SPRF-RN;DEL02-RN;UOP01-DEL02-RN
745818;15/01/2026;quinta-feira;14:00:00;RJ;465;3;SEROPEDICA;Ultrapassagem Indevida;Colisão traseira;Com Vítimas Feridas;Pleno dia;Decrescente;Céu Claro;Dupla;Reta;Não;3;0;0;1;1;1;0;4;-22,73457286;-43,71152965;SPRF-RJ;DEL06/RJ;UOP02-DEL06-RJ
745822;15/01/2026;quinta-feira;17:10:00;BA;324;615,4;SALVADOR;Trafegar com motocicleta (ou similar) entre as faixas;Colisão traseira;Com Vítimas Feridas;Pleno dia;Decrescente;Céu Claro;Dupla;"Reta;Declive";Sim;3;0;1;0;1;0;0;3;-12,88266838;-38,43432614;SPRF-BA;DEL01/BA;UOP01-DEL01-BA
745828;15/01/2026;quinta-feira;14:40:00;SC;116;305;PORTO UNIAO;Condutor deixou de manter distância do veículo da frente;Colisão traseira;Sem Vítimas;Pleno dia;Crescente;Céu Claro;Simples;Reta;Sim;4;0;0;0;0;4;0;2;-26,262703;-51,063615;SPRF-SC;DEL05/SC;UOP02-DEL05-SC
745830;15/01/2026;quinta-feira;16:53:00;RS;290;301;CACHOEIRA DO SUL;Transitar na contramão;Colisão lateral sentido oposto;Com Vítimas Feridas;Pleno dia;Decrescente;Céu Claro;Simples;"Aclive;Reta";Não;7;0;2;0;2;4;0;4;-30,28291607;-53,12785976;SPRF-RS;DEL09/RS;UOP02-DEL09-RS
745843;15/01/2026;quinta-feira;18:00:00;RJ;101;470;ANGRA DOS REIS;Acessar a via sem observar a presença dos outros veículos;Colisão transversal;Com Vítimas Feridas;Anoitecer;Decrescente;Chuva;Dupla;Retorno Regulamentado;Não;3;0;1;0;1;2;0;2;-22,998781;-44,227704;SPRF-RJ;DEL03/RJ;UOP03-DEL03-RJ
745846;15/01/2026;quinta-feira;11:15:00;SC;101;257,5;PAULO LOPES;Condutor deixou de manter distância do veículo da frente;Colisão traseira;Com Vítimas Feridas;Pleno dia;Crescente;Céu Claro;Dupla;"Reta;Túnel";Não;2;0;0;1;1;1;0;2;-27,98695878;-48,68015814;SPRF-SC;DEL02/SC;UOP03-DEL02-SC
745865;15/01/2026;quinta-feira;19:48:00;MT;364;346,7;SANTO ANTONIO DO LEVERGER;Demais falhas mecânicas ou elétricas;Incêndio;Sem Vítimas;Plena Noite;Crescente;Céu Claro;Dupla;"Declive;Reta";Não;2;0;0;0;0;1;0;3;-15,796034;-55,5546;SPRF-MT;DEL05/MT;UOP02-DEL05-MT
745869;15/01/2026;quinta-feira;17:35:00;PE;101;120;IPOJUCA;Demais falhas mecânicas ou elétricas;Incêndio;Sem Vítimas;Anoitecer;Crescente;Céu Claro;Dupla;Reta;Não;2;0;0;0;0;1;0;2;-8,353343;-35,181614;SPRF-PE;DEL01/PE;UOP03-DEL01-PE
745875;15/01/2026;quinta-feira;22:00:00;RS;116;530;PELOTAS;Acessar a via sem observar a presença dos outros veículos;Colisão transversal;Com Vítimas Feridas;Plena Noite;Crescente;Céu Claro;Simples;Reta;Não;3;0;1;0;1;1;0;3;-31,7570526;-52,3095953;SPRF-RS;DEL07/RS;UOP01-DEL07-RS
745877;15/01/2026;quinta-feira;19:30:00;MG;50;189,7;UBERABA;Afundamento ou ondulação no pavimento;Colisão com objeto;Com Vítimas Feridas;Plena Noite;Crescente;Céu Claro;Dupla;"Declive;Reta";Não;3;0;2;0;2;0;0;2;-19,850051;-47,873887;SPRF-MG;DEL13/MG;UOP01-DEL13-MG
745878;15/01/2026;quinta-feira;20:00:00;SP;116;297;ITAPECERICA DA SERRA;Reação tardia ou ineficiente do condutor;Colisão traseira;Com Vítimas Feridas;Plena Noite;Decrescente;Chuva;Dupla;"Viaduto;Curva";Não;5;0;1;0;1;3;0;8;-23,77870753;-46,91578078;SPRF-SP;DEL04/SP;UOP01-DEL04-SP
745879;15/01/2026;quinta-feira;21:41:00;SC;470;62,6;INDAIAL;Condutor Dormindo;Colisão frontal;Com Vítimas Feridas;Plena Noite;Decrescente;Nublado;Simples;"Curva;Em Obras";Não;2;0;0;1;1;1;0;2;-26,87423;-49,18932;SPRF-SC;DEL04/SC;UOP01-DEL04-SC
745880;15/01/2026;quinta-feira;22:40:00;PR;116;129,2;FAZENDA RIO GRANDE;Manobra de mudança de faixa;Colisão traseira;Com Vítimas Feridas;Plena Noite;Decrescente;Nublado;Dupla;Reta;Sim;2;0;1;0;1;0;0;2;-25,666826;-49,3143206;SPRF-PR;DEL01/PR;UOP03-DEL01-PR
745881;15/01/2026;quinta-feira;20:46:00;PE;407;41;AFRANIO;Condutor Dormindo;Saída de leito carroçável;Com Vítimas Feridas;Plena Noite;Decrescente;Céu Claro;Simples;Reta;Não;1;0;1;0;1;0;0;1;-8,74514509;-40,90173483;SPRF-PE;DEL06/PE;UOP02-DEL06-PE
745883;15/01/2026;quinta-feira;19:30:00;MG;262;610,2;IBIA;Reação tardia ou ineficiente do condutor;Colisão traseira;Com Vítimas Feridas;Plena Noite;Decrescente;Céu Claro;Múltipla;Reta;Não;3;0;1;0;1;1;0;5;-19,5868;-46,38534;SPRF-MG;DEL08/MG;UOP02-DEL08-MG
745889;15/01/2026;quinta-feira;23:08:00;MT;163;1057;GUARANTA DO NORTE;Ultrapassagem Indevida;Colisão lateral sentido oposto;Com Vítimas Fatais;Plena Noite;Crescente;Céu Claro;Simples;"Declive;Reta";Não;2;1;0;0;0;0;0;2;-10,020332;-54,90893;SPRF-MT;DEL06/MT;UOP03-DEL06-MT
745894;16/01/2026;sexta-feira;02:30:00;SC;470;232,9;SAO CRISTOVAO DO SUL;Acessar a via sem observar a presença dos outros veículos;Colisão transversal;Com Vítimas Feridas;Plena Noite;Decrescente;Céu Claro;Simples;Reta;Não;2;0;0;1;1;1;0;2;-27,3019753;-50,4209036;SPRF-SC;DEL05/SC;UOP03-DEL05-SC
745896;16/01/2026;sexta-feira;04:05:00;SP;116;227,5;GUARULHOS;Frear bruscamente;Colisão traseira;Com Vítimas Feridas;Plena Noite;Decrescente;Vento;Múltipla;Reta;Sim;4;0;1;0;1;2;0;3;-23,49993818;-46,56162644;SPRF-SP;DEL01/SP;UOP01-DEL01-SP
745897;16/01/2026;sexta-feira;01:53:00;TO;242;317;PEIXE;Reação tardia ou ineficiente do condutor;Saída de leito carroçável;Com Vítimas Feridas;Plena Noite;Crescente;Nublado;Simples;Reta;Não;2;0;1;0;1;0;0;2;-11,997603;-48,613212;SPRF-TO;DEL01-TO;UOP02-DEL01-TO
745899;16/01/2026;sexta-feira;03:40:00;MT;163;871;SINOP;Demais falhas mecânicas ou elétricas;Incêndio;Sem Vítimas;Plena Noite;Crescente;Nublado;Simples;Reta;Não;2;0;0;0;0;1;0;4;-11,551;-55,4;SPRF-MT;DEL06/MT;UOP02-DEL06-MT
745902;16/01/2026;sexta-feira;05:40:00;RS;392;76;PELOTAS;Demais falhas mecânicas ou elétricas;Incêndio;Sem Vítimas;Amanhecer;Decrescente;Céu Claro;Simples;Reta;Não;2;0;0;0;0;1;0;3;-31,70253252;-52,41523236;SPRF-RS;DEL07/RS;UOP01-DEL07-RS
745908;15/01/2026;quinta-feira;18:00:00;PR;277;174;PALMEIRA;Pista Escorregadia;Saída de leito carroçável;Com Vítimas Feridas;Anoitecer;Decrescente;Garoa/Chuvisco;Dupla;Curva;Não;2;0;0;1;1;0;0;2;-25,437202;-49,977697;SPRF-PR;DEL01/PR;UOP07-DEL01-PR
745916;16/01/2026;sexta-feira;07:35:00;BA;242;833;BARREIRAS;Demais falhas mecânicas ou elétricas;Eventos atípicos;Com Vítimas Feridas;Pleno dia;Crescente;Sol;Simples;Reta;Não;2;0;1;0;1;0;0;2;-12,13247;-45,1034;SPRF-BA;DEL10/BA;UOP01-DEL10-BA
745920;16/01/2026;sexta-feira;07:30:00;SP;153;76,9;BADY BASSITT;Reação tardia ou ineficiente do condutor;Colisão traseira;Com Vítimas Feridas;Pleno dia;Crescente;Céu Claro;Dupla;Reta;Sim;6;0;1;0;1;4;0;5;-20,901278;-49,450544;SPRF-SP;DEL09/SP;UOP01-DEL09-SP
745936;16/01/2026;sexta-feira;08:55:00;MG;356;268,4;MURIAE;Transitar no Acostamento;Colisão lateral mesmo sentido;Com Vítimas Feridas;Pleno dia;Crescente;Céu Claro;Simples;Reta;Sim;2;0;1;0;1;1;0;2;-21,12774843;-42,34531112;SPRF-MG;DEL07/MG;UOP02-DEL07-MG
745938;08/01/2026;quinta-feira;23:57:00;SC;101;194;BIGUACU;Reação tardia ou ineficiente do condutor;Colisão com objeto;Com Vítimas Feridas;Plena Noite;Decrescente;Céu Claro;Dupla;Curva;Não;2;0;0;1;1;1;0;2;-27,50171195;-48,65297053;SPRF-SC;DEL01/SC;UOP01-DEL01-SC
745939;16/01/2026;sexta-feira;08:30:00;BA;135;170;BARREIRAS;Demais falhas mecânicas ou elétricas;Colisão lateral mesmo sentido;Sem Vítimas;Pleno dia;Decrescente;Sol;Simples;Reta;Não;2;0;0;0;0;2;0;2;-12,09543;-44,97528;SPRF-BA;DEL10/BA;UOP01-DEL10-BA
745941;16/01/2026;sexta-feira;08:45:00;PR;277;219;TEIXEIRA SOARES;Reação tardia ou ineficiente do condutor;Tombamento;Com Vítimas Feridas;Pleno dia;Decrescente;Céu Claro;Simples;"Aclive;Curva";Não;3;0;1;0;1;1;0;2;-25,463074;-50,381578;SPRF-PR;DEL08/PR;UOP02-DEL08-PR
745943;16/01/2026;sexta-feira;08:30:00;MT;163;855;SINOP;Transitar na contramão;Colisão lateral sentido oposto;Com Vítimas Feridas;Pleno dia;Crescente;Céu Claro;Simples;Reta;Não;4;0;0;1;1;1;0;6;-11,70628291;-55,45495033;SPRF-MT;DEL06/MT;UOP02-DEL06-MT
745945;16/01/2026;sexta-feira;07:07:00;MS;267;26,8;BATAGUASSU;Acessar a via sem observar a presença dos outros veículos;Colisão transversal;Com Vítimas Feridas;Pleno dia;Decrescente;Céu Claro;Simples;Aclive;Não;5;0;1;0;1;3;0;3;-21,723;-52,394;SPRF-MS;DEL02/MS;UOP04-DEL02-MS
745949;16/01/2026;sexta-feira;10:00:00;SC;280;264,5;IRINEOPOLIS;Afundamento ou ondulação no pavimento;Colisão frontal;Com Vítimas Feridas;Pleno dia;Crescente;Céu Claro;Simples;"Declive;Reta";Não;7;0;3;2;5;1;0;3;-26,26264819;-50,68248644;SPRF-SC;DEL06/SC;UOP04-DEL06-SC
745952;15/01/2026;quinta-feira;02:00:00;MG;262;34,2;MANHUACU;Ausência de reação do condutor;Colisão com objeto;Sem Vítimas;Plena Noite;Crescente;Céu Claro;Simples;"Declive;Reta";Não;1;0;0;0;0;1;0;1;-20,25926563;-42,01674105;SPRF-MG;DEL06/MG;UOP03-DEL06-MG
745953;16/01/2026;sexta-feira;10:40:00;MG;381;351;JOAO MONLEVADE;Acesso irregular;Colisão lateral mesmo sentido;Com Vítimas Feridas;Pleno dia;Decrescente;Céu Claro;Simples;Reta;Não;2;0;1;0;1;1;0;2;-19,8499906;-43,1510488;SPRF-MG;DEL03/MG;UOP01-DEL03-MG
745954;16/01/2026;sexta-feira;09:50:00;TO;153;574;SANTA RITA DO TOCANTINS;Manobra de mudança de faixa;Colisão lateral sentido oposto;Com Vítimas Feridas;Pleno dia;Decrescente;Céu Claro;Simples;Reta;Sim;4;0;1;0;1;2;0;3;-10,862807;-48,905663;SPRF-TO;DEL01-TO;UOP01-DEL01-TO
745957;16/01/2026;sexta-feira;10:50:00;RS;116;249;SAO LEOPOLDO;Manobra de mudança de faixa;Colisão lateral mesmo sentido;Com Vítimas Feridas;Pleno dia;Crescente;Céu Claro;Dupla;Reta;Sim;3;0;3;0;3;0;0;2;-29,77353639;-51,11550903;SPRF-RS;DEL01/RS;UOP02-DEL01-RS
745962;16/01/2026;sexta-feira;10:30:00;PR;369;162,8;CAMBE;Ausência de reação do condutor;Tombamento;Com Vítimas Feridas;Pleno dia;Crescente;Nublado;Dupla;"Em Obras;Reta";Sim;1;0;1;0;1;0;0;1;-23,29559459;-51,27216339;SPRF-PR;DEL07/PR;UOP01-DEL07-PR
745965;16/01/2026;sexta-feira;10:14:00;PR;277;610,9;SANTA TEREZA DO OESTE;Manobra de mudança de faixa;Colisão frontal;Com Vítimas Fatais;Pleno dia;Crescente;Céu Claro;Simples;Reta;Sim;6;1;1;3;4;0;0;3;-25,045047;-53,608487;SPRF-PR;DEL05/PR;UOP02-DEL05-PR
745971;16/01/2026;sexta-feira;12:15:00;SP;116;71;APARECIDA;Demais falhas mecânicas ou elétricas;Colisão lateral mesmo sentido;Com Vítimas Feridas;Pleno dia;Crescente;Céu Claro;Dupla;Reta;Sim;4;0;1;0;1;2;0;3;-22,85804445;-45,23318696;SPRF-SP;DEL08/SP;UOP01-DEL08-SP
745980;16/01/2026;sexta-feira;12:25:00;PE;101;137,9;RIBEIRAO;Reação tardia ou ineficiente do condutor;Colisão lateral mesmo sentido;Com Vítimas Feridas;Pleno dia;Decrescente;Nublado;Dupla;"Curva;Aclive";Não;3;0;1;0;1;1;0;3;-8,41945;-35,31656;SPRF-PE;DEL01/PE;UOP03-DEL01-PE
745984;16/01/2026;sexta-feira;08:43:00;RO;435;27;VILHENA;Ultrapassagem Indevida;Colisão frontal;Com Vítimas Feridas;Pleno dia;Crescente;Chuva;Simples;Reta;Não;4;0;3;0;3;1;0;2;-12,790132;-60,35831;SPRF-RO;DEL04-RO;UOP02-DEL04-RO
745985;16/01/2026;sexta-feira;10:40:00;BA;110;1;PAULO AFONSO;Reação tardia ou ineficiente do condutor;Colisão com objeto;Sem Vítimas;Pleno dia;Crescente;Céu Claro;Simples;Reta;Sim;1;0;0;0;0;1;0;1;-9,43111;-38,201848;SPRF-BA;DEL07/BA;UOP01-DEL07-BA
745988;16/01/2026;sexta-feira;13:50:00;PB;230;82;BAYEUX;Condutor deixou de manter distância do veículo da frente;Engavetamento;Com Vítimas Feridas;Pleno dia;Crescente;Céu Claro;Dupla;Reta;Não;9;0;1;0;1;8;0;4;-7,1279417;-34,939545;SPRF-PB;DEL01-PB;UOP02-DEL01-PB
745996;16/01/2026;sexta-feira;14:00:00;PB;230;150;CAMPINA GRANDE;Transitar na contramão;Saída de leito carroçável;Com Vítimas Feridas;Pleno dia;Decrescente;Chuva;Simples;"Viaduto;Reta";Sim;3;0;1;0;1;1;0;3;-7,25946783;-35,87837487;SPRF-PB;DEL02-PB;UOP01-DEL02-PB
746001;08/01/2026;quinta-feira;16:00:00;PR;116;52;CAMPINA GRANDE DO SUL;Velocidade Incompatível;Colisão lateral mesmo sentido;Com Vítimas Feridas;Pleno dia;Crescente;Chuva;Dupla;Curva;Não;4;0;1;0;1;2;0;3;-25,24097046;-48,90402214;SPRF-PR;DEL01/PR;UOP02-DEL01-PR
746003;16/01/2026;sexta-feira;14:45:00;ES;101;145;LINHARES;Acessar a via sem observar a presença dos outros veículos;Colisão transversal;Com Vítimas Feridas;Pleno dia;Decrescente;Céu Claro;Simples;Reta;Sim;2;0;1;0;1;1;0;2;-19,365552;-40,064825;SPRF-ES;DEL04-ES;UOP01-DEL04-ES
746008;16/01/2026;sexta-feira;15:45:00;SP;116;216;GUARULHOS;Reação tardia ou ineficiente do condutor;Colisão traseira;Sem Vítimas;Pleno dia;Decrescente;Nublado;Múltipla;Reta;Sim;2;0;0;0;0;2;0;2;-23,453491;-46,469585;SPRF-SP;DEL01/SP;UOP01-DEL01-SP
746010;16/01/2026;sexta-feira;14:03:00;MT;364;347;SANTO ANTONIO DO LEVERGER;Demais falhas mecânicas ou elétricas;Colisão traseira;Sem Vítimas;Pleno dia;Crescente;Chuva;Dupla;Curva;Não;3;0;0;0;0;2;0;2;-15,79608;-55,55469;SPRF-MT;DEL05/MT;UOP02-DEL05-MT
746017;16/01/2026;sexta-feira;05:00:00;BA;324;550;AMELIA RODRIGUES;Demais falhas na via;Saída de leito carroçável;Sem Vítimas;Amanhecer;Crescente;Céu Claro;Dupla;Aclive;Não;1;0;0;0;0;1;0;1;-12,448047;-38,7134732;SPRF-BA;DEL11/BA;UOP02-DEL11-BA
746018;16/01/2026;sexta-feira;16:50:00;PE;101;76,2;RECIFE;Acessar a via sem observar a presença dos outros veículos;Colisão lateral mesmo sentido;Com Vítimas Feridas;Pleno dia;Decrescente;Céu Claro;Dupla;Reta;Sim;3;0;0;1;1;1;0;3;-8,11988;-34,9428;SPRF-PE;DEL01/PE;UOP01-DEL01-PE
746021;16/01/2026;sexta-feira;13:45:00;RN;304;172;ANGICOS;Pista esburacada;Colisão frontal;Com Vítimas Feridas;Pleno dia;Crescente;Céu Claro;Simples;Reta;Não;5;0;3;0;3;1;0;4;-5,687133;-36,409132;SPRF-RN;DEL01-RN;UOP03-DEL01-RN
746031;16/01/2026;sexta-feira;18:19:00;PE;428;185,2;PETROLINA;Condutor deixou de manter distância do veículo da frente;Colisão lateral mesmo sentido;Sem Vítimas;Plena Noite;Decrescente;Céu Claro;Múltipla;"Retorno Regulamentado;Reta";Sim;3;0;0;0;0;2;0;3;-9,3479521;-40,4746208;SPRF-PE;DEL06/PE;UOP01-DEL06-PE
746035;16/01/2026;sexta-feira;18:25:00;PE;423;61;LAJEDO;Acessar a via sem observar a presença dos outros veículos;Colisão transversal;Com Vítimas Feridas;Plena Noite;Crescente;Céu Claro;Simples;Reta;Sim;3;0;0;1;1;1;0;3;-8,658623;-36,331487;SPRF-PE;DEL03/PE;UOP01-DEL03-PE
746038;16/01/2026;sexta-feira;18:50:00;BA;407;145;SENHOR DO BONFIM;Transitar na contramão;Colisão frontal;Com Vítimas Feridas;Plena Noite;Crescente;Céu Claro;Simples;Reta;Não;5;0;2;2;4;1;0;2;-10,61846;-40,13205;SPRF-BA;DEL04/BA;UOP01-DEL04-BA
746040;16/01/2026;sexta-feira;16:20:00;PE;232;246,3;ARCOVERDE;Acessar a via sem observar a presença dos outros veículos;Colisão transversal;Sem Vítimas;Anoitecer;Decrescente;Sol;Simples;"Declive;Interseção de Vias";Não;2;0;0;0;0;2;0;2;-8,42111411;-37,01996684;SPRF-PE;DEL04/PE;UOP02-DEL04-PE
746042;16/01/2026;sexta-feira;19:10:00;PR;376;619,3;SAO JOSE DOS PINHAIS;Ausência de reação do condutor;Colisão frontal;Com Vítimas Feridas;Anoitecer;Crescente;Ignorado;Dupla;"Reta;Interseção de Vias";Sim;4;0;0;1;1;3;0;2;-25,611435;-49,171592;SPRF-PR;DEL01/PR;UOP04-DEL01-PR
746049;16/01/2026;sexta-feira;17:30:00;MG;365;323;JOAO PINHEIRO;Acessar a via sem observar a presença dos outros veículos;Colisão transversal;Com Vítimas Feridas;Anoitecer;Decrescente;Céu Claro;Simples;Interseção de Vias;Não;2;0;1;0;1;1;0;2;-18,27765486;-45,89809924;SPRF-MG;DEL10/MG;UOP02-DEL010-MG
746050;16/01/2026;sexta-feira;19:30:00;ES;101;346,9;GUARAPARI;Manobra de mudança de faixa;Colisão traseira;Com Vítimas Feridas;Plena Noite;Crescente;Nublado;Dupla;Curva;Não;3;0;1;0;1;1;0;3;-20,654046;-40,624735;SPRF-ES;DEL03-ES;UOP01-DEL03-ES
746051;16/01/2026;sexta-feira;17:21:00;MT;70;517;VARZEA GRANDE;Transitar no Acostamento;Colisão lateral mesmo sentido;Com Vítimas Feridas;Plena Noite;Crescente;Céu Claro;Simples;Reta;Não;2;0;1;0;1;1;0;2;-15,699505;-56,164507;SPRF-MT;DEL01/MT;UOP02-DEL01-MT