id;data_inversa;dia_semana;horario;uf;br;km;municipio;causa_acidente;tipo_acidente;classificacao_acidente;fase_dia;sentido_via;condicao_metereologica;tipo_pista;tracado_via;uso_solo;pessoas;mortos;feridos_leves;feridos_graves;feridos;ilesos;ignorados;veiculos;latitude;longitude;regional;delegacia;uop
747276;22/01/2026;quinta-feira;07:25:00;PR;116;42,2;CAMPINA GRANDE DO SUL;Reação tardia ou ineficiente do condutor;Tombamento;Com Vítimas Feridas;Pleno dia;Crescente;Garoa/Chuvisco;Dupla;"Ponte;Curva";Não;4;0;1;0;1;2;0;3;-25,17762601;-48,87888763;SPRF-PR;DEL01/PR;UOP02-DEL01-PR
747279;22/01/2026;quinta-feira;09:40:00;GO;20;44;FORMOSA;Pista Escorregadia;Colisão lateral sentido oposto;Com Vítimas Feridas;Pleno dia;Crescente;Chuva;Múltipla;"Curva;Declive";Não;3;0;1;1;2;1;0;2;-15,47088685;-47,10010529;SPRF-DF;DEL02-DF;UOP02-DEL02-DF
747280;22/01/2026;quinta-feira;08:05:00;MS;262;376,1;TERENOS;Carga excessiva e/ou mal acondicionada;Colisão com objeto;Com Vítimas Fatais;Pleno dia;Decrescente;Céu Claro;Simples;Reta;Não;2;1;0;0;0;1;0;2;-20,48290389;-54,83096123;SPRF-MS;DEL01/MS;UOP03-DEL01-MS
747282;22/01/2026;quinta-feira;09:30:00;SC;282;452,5;PONTE SERRADA;Reação tardia ou ineficiente do condutor;Colisão traseira;Com Vítimas Feridas;Pleno dia;Crescente;Céu Claro;Dupla;Curva;Não;2;0;1;0;1;1;0;2;-26,91992709;-51,94747925;SPRF-SC;DEL07/SC;UOP04-DEL07-SC
747287;22/01/2026;quinta-feira;08:40:00;BA;116;11;VITORIA DA CONQUISTA;Reação tardia ou ineficiente do condutor;Engavetamento;Com Vítimas Feridas;Pleno dia;Crescente;Céu Claro;Simples;Reta;Não;4;0;2;0;2;2;0;3;-14,86755851;-40,87169302;SPRF-BA;DEL08/BA;UOP01-DEL08-BA
747291;22/01/2026;quinta-feira;09:00:00;MG;365;92,2;JEQUITAI;Velocidade Incompatível;Colisão frontal;Com Vítimas Feridas;Pleno dia;Crescente;Chuva;Simples;"Declive;Reta";Não;7;0;0;1;1;5;0;3;-17,2282682;-44,436913;SPRF-MG;DEL12/MG;UOP01-DEL12-MG
747292;22/01/2026;quinta-feira;10:35:00;SC;101;131;CAMBORIU;Acessar a via sem observar a presença dos outros veículos;Colisão transversal;Com Vítimas Feridas;Pleno dia;Crescente;Céu Claro;Múltipla;"Interseção de Vias;Reta";Sim;3;0;1;0;1;2;0;2;-26,993544;-48,660642;SPRF-SC;DEL04/SC;UOP03-DEL04-SC
747295;22/01/2026;quinta-feira;11:10:00;PR;369;95,6;CORNELIO PROCOPIO;Manobra de mudança de faixa;Colisão lateral mesmo sentido;Com Vítimas Feridas;Pleno dia;Crescente;Sol;Dupla;Reta;Não;4;0;1;0;1;2;0;5;-23,23325844;-50,67931876;SPRF-PR;DEL07/PR;UOP05-DEL07-PR
747296;22/01/2026;quinta-feira;11:00:00;RS;116;370,5;TAPES;Demais falhas mecânicas ou elétricas;Incêndio;Sem Vítimas;Pleno dia;Decrescente;Céu Claro;Dupla;"Curva;Aclive;Em Obras";Não;2;0;0;0;0;1;0;2;-30,6993717;-51,5787567;SPRF-RS;DEL02/RS;UOP02-DEL02-RS
747307;22/01/2026;quinta-feira;11:55:00;PR;277;535;CAMPO BONITO;Condutor deixou de manter distância do veículo da frente;Colisão traseira;Com Vítimas Feridas;Pleno dia;Decrescente;Céu Claro;Simples;Reta;Não;2;0;1;0;1;1;0;2;-25,0996;-52,9768;SPRF-PR;DEL04/PR;UOP04-DEL04-PR
747310;22/01/2026;quinta-feira;05:45:00;MA;222;460;SANTA LUZIA;Animais na Pista;Saída de leito carroçável;Com Vítimas Feridas;Amanhecer;Crescente;Garoa/Chuvisco;Simples;"Curva;Declive";Sim;2;0;0;1;1;0;0;2;-4,163786;-46,009709;SPRF-MA;DEL02-MA;UOP01-DEL02-MA
747312;22/01/2026;quinta-feira;08:30:00;MT;70;503;CUIABA;Ausência de reação do condutor;Colisão traseira;Com Vítimas Feridas;Pleno dia;Decrescente;Céu Claro;Simples;Reta;Não;2;0;0;1;1;0;0;2;-15,70044793;-56,04433391;SPRF-MT;DEL01/MT;UOP02-DEL01-MT
747313;22/01/2026;quinta-feira;06:30:00;RS;392;189,1;SANTANA DA BOA VISTA;Acessar a via sem observar a presença dos outros veículos;Colisão transversal;Com Vítimas Feridas;Pleno dia;Crescente;Céu Claro;Simples;"Reta;Interseção de Vias";Sim;3;0;1;1;2;0;0;4;-30,89281086;-53,12364785;SPRF-RS;DEL09/RS;UOP02-DEL09-RS
747319;22/01/2026;quinta-feira;10:00:00;MT;70;2,3;BARRA DO GARCAS;Acesso irregular;Colisão lateral mesmo sentido;Sem Vítimas;Pleno dia;Decrescente;Chuva;Simples;Reta;Sim;4;0;0;0;0;2;0;5;-15,885514;-52,270831;SPRF-MT;DEL07/MT;UOP01-DEL07-MT
747323;22/01/2026;quinta-feira;10:00:00;GO;60;424,6;RIO VERDE;Reação tardia ou ineficiente do condutor;Engavetamento;Com Vítimas Feridas;Pleno dia;Crescente;Nublado;Dupla;Reta;Não;8;0;1;0;1;6;0;6;-17,815235;-51,294763;SPRF-GO;DEL04/GO;UOP02-DEL04-GO
747325;22/01/2026;quinta-feira;09:22:00;RJ;40;124;RIO DE JANEIRO;Ausência de reação do condutor;Engavetamento;Com Vítimas Feridas;Pleno dia;Crescente;Chuva;Dupla;Reta;Sim;5;0;2;0;2;3;0;3;-22,81257146;-43,2880747;SPRF-RJ;DEL01/RJ;UOP02-DEL01-RJ
747330;13/01/2026;terça-feira;04:15:00;PR;376;198;MARIALVA;Acesso irregular;Colisão frontal;Com Vítimas Feridas;Plena Noite;Decrescente;Céu Claro;Dupla;"Declive;Reta";Não;4;0;1;2;3;1;0;2;-23,499696;-51,766619;SPRF-PR;DEL09/PR;UOP01-DEL09-PR
747339;22/01/2026;quinta-feira;14:00:00;PR;376;184;SARANDI;Condutor deixou de manter distância do veículo da frente;Engavetamento;Com Vítimas Feridas;Pleno dia;Crescente;Céu Claro;Dupla;"Aclive;Reta";Não;5;0;1;0;1;4;0;3;-23,44129;-51,87089;SPRF-PR;DEL09/PR;UOP01-DEL09-PR
747343;22/01/2026;quinta-feira;14:20:00;RS;290;204,5;RIO PARDO;Manobra de mudança de faixa;Colisão lateral sentido oposto;Com Vítimas Feridas;Pleno dia;Decrescente;Céu Claro;Simples;Reta;Não;4;0;0;1;1;2;0;6;-30,17214052;-52,2681427;SPRF-RS;DEL02/RS;UOP03-DEL02-RS
747345;22/01/2026;quinta-feira;13:45:00;RS;116;250;SAO LEOPOLDO;Reação tardia ou ineficiente do condutor;Colisão traseira;Com Vítimas Feridas;Pleno dia;Decrescente;Céu Claro;Múltipla;Reta;Sim;2;0;1;0;1;1;0;2;-29,78920811;-51,16376845;SPRF-RS;DEL01/RS;UOP02-DEL01-RS
747348;22/01/2026;quinta-feira;10:00:00;GO;452;107;BOM JESUS DE GOIAS;Reação tardia ou ineficiente do condutor;Colisão lateral mesmo sentido;Com Vítimas Feridas;Pleno dia;Decrescente;Chuva;Simples;"Em Obras;Reta";Não;8;0;4;0;4;2;0;5;-18,14095798;-49,9747467;SPRF-GO;DEL03/GO;UOP02-DEL03-GO
747355;22/01/2026;quinta-feira;13:20:00;MG;153;157,9;COMENDADOR GOMES;Acessar a via sem observar a presença dos outros veículos;Colisão transversal;Com Vítimas Feridas;Pleno dia;Crescente;Chuva;Simples;"Reta;Aclive";Não;4;0;2;0;2;1;0;3;-19,628322;-48,935197;SPRF-MG;DEL13/MG;UOP02-DEL13-MG
747357;22/01/2026;quinta-feira;15:00:00;MG;365;594,1;ARAGUARI;Chuva;Saída de leito carroçável;Com Vítimas Feridas;Pleno dia;Crescente;Chuva;Simples;"Declive;Reta";Não;1;0;1;0;1;0;0;1;-18,8809224;-48,0581248;SPRF-MG;DEL15/MG;UOP02-DEL15-MG
747366;22/01/2026;quinta-feira;14:30:00;MA;230;483,3;RIACHAO;Transitar na contramão;Colisão frontal;Com Vítimas Fatais;Pleno dia;Crescente;Céu Claro;Simples;Curva;Não;4;1;0;0;0;1;0;4;-7,434854;-46,810781;SPRF-MA;DEL05-MA;UOP01-DEL05-MA
747370;14/01/2026;quarta-feira;08:40:00;MG;381;517,2;IGARAPE;Ausência de reação do condutor;Colisão traseira;Com Vítimas Feridas;Pleno dia;Decrescente;Nublado;Dupla;"Curva;Declive";Não;5;0;1;1;2;2;0;4;-20,106136;-44,32266;SPRF-MG;DEL01/MG;UOP03-DEL01-MG
747375;22/01/2026;quinta-feira;15:00:00;BA;116;493;RAFAEL JAMBEIRO;Acessar a via sem observar a presença dos outros veículos;Colisão lateral mesmo sentido;Sem Vítimas;Pleno dia;Crescente;Céu Claro;Dupla;Reta;Não;3;0;0;0;0;2;0;3;-12,57832311;-39,50962242;SPRF-BA;DEL02/BA;UOP01-DEL02-BA
747376;22/01/2026;quinta-feira;14:05:00;PR;476;356,8;UNIAO DA VITORIA;Velocidade Incompatível;Engavetamento;Com Vítimas Feridas;Pleno dia;Decrescente;Céu Claro;Simples;Reta;Não;10;0;3;3;6;3;0;5;-26,19726;-51,04027;SPRF-PR;DEL02/PR;UOP03-DEL02-PR
747379;22/01/2026;quinta-feira;12:00:00;PI;407;601,7;ACAUA;Condutor Dormindo;Colisão com objeto;Com Vítimas Feridas;Pleno dia;Crescente;Céu Claro;Simples;Curva;Não;1;0;0;1;1;0;0;1;-8,374442;-41,08323;SPRF-PI;DEL04-PI;UOP01-DEL04-PI
747385;22/01/2026;quinta-feira;17:45:00;MG;50;62,1;UBERLANDIA;Chuva;Colisão lateral sentido oposto;Com Vítimas Feridas;Anoitecer;Crescente;Chuva;Dupla;Declive;Não;3;0;0;1;1;1;0;3;-18,83064627;-48,24980585;SPRF-MG;DEL15/MG;UOP02-DEL15-MG
747388;22/01/2026;quinta-feira;19:00:00;RS;386;436;NOVA SANTA RITA;Manobra de mudança de faixa;Colisão lateral mesmo sentido;Com Vítimas Feridas;Pleno dia;Decrescente;Céu Claro;Dupla;Reta;Sim;4;0;1;0;1;1;0;4;-29,85382439;-51,26432183;SPRF-RS;DEL04/RS;UOP02-DEL04-RS
747391;22/01/2026;quinta-feira;18:00:00;MS;163;543;BANDEIRANTES;Reação tardia ou ineficiente do condutor;Colisão traseira;Com Vítimas Feridas;Plena Noite;Crescente;Céu Claro;Simples;Reta;Não;6;0;1;0;1;5;0;3;-19,93794979;-54,36764114;SPRF-MS;DEL01/MS;UOP02-DEL01-MS
747394;22/01/2026;quinta-feira;17:00:00;BA;415;62;ITAPE;Velocidade Incompatível;Tombamento;Com Vítimas Feridas;Anoitecer;Crescente;Céu Claro;Simples;Curva;Não;2;0;1;0;1;0;0;2;-14,856448;-39,41444;SPRF-BA;DEL05/BA;UOP01-DEL05-BA
747401;22/01/2026;quinta-feira;19:50:00;CE;116;41,7;HORIZONTE;Manobra de mudança de faixa;Colisão lateral mesmo sentido;Com Vítimas Feridas;Plena Noite;Crescente;Céu Claro;Dupla;Reta;Sim;8;0;1;1;2;5;0;4;-4,10838711;-38,49463463;SPRF-CE;DEL01/CE;UOP02-DEL01-CE
747409;22/01/2026;quinta-feira;19:20:00;BA;367;135,8;ITAGIMIRIM;Velocidade Incompatível;Tombamento;Com Vítimas Feridas;Plena Noite;Decrescente;Céu Claro;Simples;Curva;Não;2;0;1;0;1;0;0;2;-16,08497537;-39,65087056;SPRF-BA;DEL09/BA;UOP03-DEL09-BA
747411;22/01/2026;quinta-feira;07:10:00;MG;251;291;SALINAS;Reação tardia ou ineficiente do condutor;Tombamento;Com Vítimas Feridas;Pleno dia;Crescente;Nublado;Simples;"Declive;Reta";Não;2;0;1;1;2;0;0;1;-16,055727;-42,162176;SPRF-MG;DEL12/MG;UOP02-DEL12-MG
747414;22/01/2026;quinta-feira;20:00:00;MT;70;515;VARZEA GRANDE;Reação tardia ou ineficiente do condutor;Colisão traseira;Com Vítimas Feridas;Plena Noite;Crescente;Céu Claro;Simples;Reta;Sim;2;0;0;1;1;1;0;2;-15,70386304;-56,14952356;SPRF-MT;DEL01/MT;UOP02-DEL01-MT
747423;22/01/2026;quinta-feira;21:30:00;MG;365;407;PATOS DE MINAS;Ausência de reação do condutor;Colisão com objeto;Sem Vítimas;Plena Noite;Decrescente;Garoa/Chuvisco;Simples;Reta;Sim;2;0;0;0;0;1;0;2;-18,64167052;-46,495471;SPRF-MG;DEL10/MG;UOP01-DEL10-MG
747425;22/01/2026;quinta-feira;22:20:00;MT;174;2;PONTES E LACERDA;Ingestão de álcool pelo condutor;Tombamento;Com Vítimas Feridas;Plena Noite;Crescente;Céu Claro;Simples;Curva;Sim;2;0;1;0;1;1;0;1;-15,25207894;-59,32946563;SPRF-MT;DEL04/MT;UOP01-DEL04-MT
747426;22/01/2026;quinta-feira;23:20:00;GO;60;41;ALEXANIA;Demais falhas mecânicas ou elétricas;Colisão lateral mesmo sentido;Sem Vítimas;Plena Noite;Decrescente;Garoa/Chuvisco;Dupla;Curva;Não;3;0;0;0;0;3;0;2;-16,109827;-48,582705;SPRF-DF;DEL03-DF;UOP01-DEL03-DF
747429;22/01/2026;quinta-feira;23:00:00;PR;376;615,4;SAO JOSE DOS PINHAIS;Condutor Dormindo;Colisão traseira;Com Vítimas Feridas;Plena Noite;Decrescente;Nublado;Dupla;Reta;Não;3;0;1;0;1;1;0;4;-25,57503352;-49,17960819;SPRF-PR;DEL01/PR;UOP04-DEL01-PR
747431;22/01/2026;quinta-feira;23:50:00;SC;101;102,3;BALNEARIO PICARRAS;Estacionar ou parar em local proibido;Colisão traseira;Com Vítimas Feridas;Plena Noite;Decrescente;Céu Claro;Múltipla;Reta;Sim;3;0;1;0;1;1;0;3;-26,77495992;-48,68548242;SPRF-SC;DEL03/SC;UOP02-DEL03-SC
747434;23/01/2026;sexta-feira;00:30:00;SC;470;192,1;POUSO REDONDO;Transitar na contramão;Colisão lateral sentido oposto;Com Vítimas Feridas;Plena Noite;Crescente;Céu Claro;Simples;Curva;Não;5;0;3;0;3;1;0;2;-27,2992363;-50,07614963;SPRF-SC;DEL04/SC;UOP02-DEL04-SC
747438;23/01/2026;sexta-feira;02:30:00;TO;153;416;MIRANORTE;Reação tardia ou ineficiente do condutor;Tombamento;Com Vítimas Feridas;Plena Noite;Decrescente;Nublado;Dupla;Reta;Sim;2;0;1;0;1;0;0;2;-9,551807;-48,600622;SPRF-TO;DEL01-TO;UOP01-DEL01-TO
747439;23/01/2026;sexta-feira;03:55:00;GO;50;204,3;CAMPO ALEGRE DE GOIAS;Condutor Dormindo;Saída de leito carroçável;Com Vítimas Feridas;Plena Noite;Crescente;Nublado;Dupla;Reta;Não;2;0;1;0;1;0;0;3;-17,607119;-47,790288;SPRF-GO;DEL06/GO;UOP01-DEL06-GO
747448;22/01/2026;quinta-feira;22:00:00;PI;230;163;SAO JOAO DA VARJOTA;Condutor Dormindo;Saída de leito carroçável;Com Vítimas Feridas;Plena Noite;Crescente;Céu Claro;Simples;Reta;Não;1;0;0;1;1;0;0;1;-6,929452;-41,847017;SPRF-PI;DEL04-PI;UOP01-DEL04-PI
747451;23/01/2026;sexta-feira;06:04:00;SC;282;16,4;PALHOCA;Acessar a via sem observar a presença dos outros veículos;Colisão lateral sentido oposto;Com Vítimas Feridas;Pleno dia;Decrescente;Céu Claro;Simples;"Interseção de Vias;Reta";Sim;3;0;1;0;1;2;0;3;-27,6617831;-48,68456352;SPRF-SC;DEL01/SC;UOP02-DEL01-SC
747452;23/01/2026;sexta-feira;05:00:00;PR;376;314;ORTIGUEIRA;Condutor Dormindo;Colisão traseira;Com Vítimas Feridas;Amanhecer;Decrescente;Céu Claro;Dupla;"Aclive;Reta";Não;3;0;1;0;1;1;0;3;-24,00200642;-51,08588666;SPRF-PR;DEL07/PR;UOP02-DEL07-PR
747464;23/01/2026;sexta-feira;07:30:00;MG;116;681;MIRADOURO;Velocidade Incompatível;Tombamento;Com Vítimas Feridas;Pleno dia;Crescente;Garoa/Chuvisco;Simples;"Curva;Aclive";Não;2;0;1;0;1;0;0;2;-20,956189;-42,350258;SPRF-MG;DEL07/MG;UOP02-DEL07-MG
747465;23/01/2026;sexta-feira;08:08:00;MG;381;560;ITAGUARA;Velocidade Incompatível;Capotamento;Com Vítimas Feridas;Pleno dia;Crescente;Chuva;Dupla;"Curva;Declive";Não;1;0;0;1;1;0;0;1;-20,33816958;-44,44242934;SPRF-MG;DEL04/MG;UOP03-DEL04-MG
747477;23/01/2026;sexta-feira;06:20:00;MT;70;721;CACERES;Reação tardia ou ineficiente do condutor;Saída de leito carroçável;Com Vítimas Feridas;Pleno dia;Crescente;Céu Claro;Simples;Curva;Não;2;0;1;0;1;0;0;3;-16,24895688;-57,52372742;SPRF-MT;DEL03/MT;UOP01-DEL03-MT
747483;23/01/2026;sexta-feira;07:40:00;MS;163;800;SONORA;Ausência de reação do condutor;Saída de leito carroçável;Com Vítimas Fatais;Pleno dia;Crescente;Céu Claro;Simples;"Ponte;Reta";Não;1;1;0;0;0;0;0;1;-17,91468538;-54,68963027;SPRF-MS;DEL06/MS;UOP01-DEL06-MS
747491;23/01/2026;sexta-feira;09:20:00;RS;285;292,8;PASSO FUNDO;Reação tardia ou ineficiente do condutor;Colisão traseira;Com Vítimas Feridas;Pleno dia;Decrescente;Céu Claro;Simples;Retorno Regulamentado;Sim;2;0;2;0;2;0;0;2;-28,23689003;-52,37574069;SPRF-RS;DEL08/RS;UOP03-DEL08-RS
747502;23/01/2026;sexta-feira;11:30:00;SP;116;394,2;MIRACATU;Velocidade Incompatível;Colisão lateral mesmo sentido;Com Vítimas Feridas;Pleno dia;Crescente;Chuva;Dupla;Reta;Sim;3;0;1;0;1;1;0;3;-24,28707286;-47,45245317;SPRF-SP;DEL04/SP;UOP02-DEL04-SP
747509;23/01/2026;sexta-feira;09:10:00;MA;135;194;ALTO ALEGRE DO MARANHAO;Reação tardia ou ineficiente do condutor;Colisão lateral mesmo sentido;Sem Vítimas;Pleno dia;Crescente;Nublado;Simples;"Reta;Aclive";Não;4;0;0;0;0;4;0;2;-4,148581;-44,470003;SPRF-MA;DEL03-MA;UOP01-DEL03-MA
747510;23/01/2026;sexta-feira;11:41:00;RS;392;4;RIO GRANDE;Reação tardia ou ineficiente do condutor;Colisão transversal;Com Vítimas Feridas;Pleno dia;Decrescente;Céu Claro;Simples;"Interseção de Vias;Reta";Sim;3;0;1;0;1;2;0;2;-32,144856;-52,108835;SPRF-RS;DEL07/RS;UOP02-DEL07-RS
747515;16/01/2026;sexta-feira;08:30:00;GO;70;1,3;AGUAS LINDAS DE GOIAS;Avarias e/ou desgaste excessivo no pneu;Colisão traseira;Com Vítimas Fatais;Pleno dia;Decrescente;Céu Claro;Dupla;"Aclive;Curva";Sim;2;1;0;0;0;1;0;2;-15,76904417;-48,22989464;SPRF-DF;DEL03-DF;UOP02-DEL03-DF
747520;23/01/2026;sexta-feira;12:50:00;ES;101;406,5;ITAPEMIRIM;Ausência de sinalização;Tombamento;Sem Vítimas;Pleno dia;Decrescente;Nublado;Simples;"Declive;Curva";Não;2;0;0;0;0;1;0;3;-20,8933732;-41,0267865;SPRF-ES;DEL03-ES;UOP02-DEL03-ES
747524;23/01/2026;sexta-feira;12:22:00;GO;153;564,6;PROFESSOR JAMIL;Velocidade Incompatível;Colisão traseira;Com Vítimas Feridas;Pleno dia;Crescente;Nublado;Dupla;Reta;Sim;3;0;1;0;1;2;0;2;-17,247305;-49,241718;SPRF-GO;DEL03/GO;UOP01-DEL03-GO
747530;23/01/2026;sexta-feira;11:44:00;GO;60;305;ACREUNA;Animais na Pista;Colisão traseira;Com Vítimas Feridas;Pleno dia;Crescente;Céu Claro;Dupla;"Declive;Reta";Não;4;0;2;0;2;2;0;2;-17,399706;-50,388254;SPRF-GO;DEL04/GO;UOP02-DEL04-GO
747536;23/01/2026;sexta-feira;12:00:00;SC;153;94,1;CONCORDIA;Conversão proibida;Colisão lateral mesmo sentido;Com Vítimas Feridas;Pleno dia;Decrescente;Céu Claro;Simples;"Curva;Aclive";Não;4;0;1;0;1;2;0;4;-27,23047638;-51,95270252;SPRF-SC;DEL07/SC;UOP04-DEL07-SC
747541;23/01/2026;sexta-feira;14:05:00;RO;364;10;VILHENA;Reação tardia ou ineficiente do condutor;Colisão transversal;Com Vítimas Feridas;Pleno dia;Crescente;Céu Claro;Simples;Reta;Sim;3;0;1;0;1;1;0;4;-12,749983;-60,10822;SPRF-RO;DEL04-RO;UOP01-DEL04-RO
747543;23/01/2026;sexta-feira;13:30:00;SP;153;266;MARILIA;Velocidade Incompatível;Colisão traseira;Com Vítimas Feridas;Pleno dia;Decrescente;Céu Claro;Simples;Reta;Não;3;0;1;0;1;1;0;3;-22,315423;-49,898128;SPRF-SP;DEL07/SP;UOP02-DEL07-SP
747544;23/01/2026;sexta-feira;14:30:00;PR;116;93;SAO JOSE DOS PINHAIS;Acessar a via sem observar a presença dos outros veículos;Colisão transversal;Sem Vítimas;Pleno dia;Decrescente;Céu Claro;Dupla;"Interseção de Vias;Curva";Não;3;0;0;0;0;2;0;3;-25,51822717;-49,13264561;SPRF-PR;DEL01/PR;UOP08-DEL01-PR
747552;23/01/2026;sexta-feira;14:26:00;MT;163;1102;GUARANTA DO NORTE;Velocidade Incompatível;Colisão com objeto;Com Vítimas Fatais;Pleno dia;Crescente;Nublado;Simples;"Curva;Declive";Não;2;1;0;0;0;0;0;2;-9,648637;-54,8724326;SPRF-MT;DEL06/MT;UOP03-DEL06-MT
747555;23/01/2026;sexta-feira;16:00:00;MG;381;753;TRES CORACOES;Ausência de reação do condutor;Saída de leito carroçável;Com Vítimas Feridas;Pleno dia;Decrescente;Chuva;Dupla;Curva;Não;4;0;1;1;2;1;0;4;-21,664732;-45,309373;SPRF-MG;DEL16/MG;UOP02-DEL16-MG
747556;23/01/2026;sexta-feira;15:40:00;DF;60;13,9;BRASILIA;Acumulo de água sobre o pavimento;Saída de leito carroçável;Sem Vítimas;Pleno dia;Crescente;Chuva;Dupla;Reta;Não;1;0;0;0;0;1;0;1;-15,934744;-48,169326;SPRF-DF;DEL03-DF;UOP01-DEL03-DF
747557;23/01/2026;sexta-feira;15:00:00;RS;386;164;ALMIRANTE TAMANDARE DO SUL;Ausência de reação do condutor;Saída de leito carroçável;Com Vítimas Feridas;Pleno dia;Crescente;Céu Claro;Simples;Reta;Não;4;0;2;0;2;2;0;1;-28,19266;-52,8276;SPRF-RS;DEL08/RS;UOP01-DEL08-RS
747558;23/01/2026;sexta-feira;15:45:00;MG;40;515;RIBEIRAO DAS NEVES;Reação tardia ou ineficiente do condutor;Colisão traseira;Com Vítimas Feridas;Pleno dia;Crescente;Chuva;Dupla;"Aclive;Reta";Sim;6;0;1;0;1;3;0;7;-19,80763093;-44,09595648;SPRF-MG;DEL01/MG;UOP02-DEL01-MG
747562;23/01/2026;sexta-feira;15:20:00;MG;116;765;LEOPOLDINA;Acessar a via sem observar a presença dos outros veículos;Colisão transversal;Com Vítimas Feridas;Pleno dia;Crescente;Chuva;Simples;"Interseção de Vias;Rotatória";Sim;2;0;1;0;1;1;0;2;-21,52045631;-42,6508335;SPRF-MG;DEL07/MG;UOP01-DEL07-MG
747569;23/01/2026;sexta-feira;15:45:00;MG;365;475;PATROCINIO;Ausência de reação do condutor;Colisão traseira;Com Vítimas Feridas;Pleno dia;Crescente;Céu Claro;Simples;Curva;Sim;10;0;7;0;7;2;0;4;-18,92151;-47,01673;SPRF-MG;DEL10/MG;UOP01-DEL10-MG
747595;23/01/2026;sexta-feira;17:50:00;SC;101;396;MARACAJA;Condutor deixou de manter distância do veículo da frente;Colisão traseira;Com Vítimas Fatais;Pleno dia;Decrescente;Nublado;Dupla;"Aclive;Reta";Não;3;1;0;0;0;1;0;3;-28,83672717;-49,42115871;SPRF-SC;DEL02/SC;UOP02-DEL02-SC
747597;23/01/2026;sexta-feira;18:50:00;PR;163;182;SANTA TEREZA DO OESTE;Velocidade Incompatível;Colisão lateral mesmo sentido;Com Vítimas Feridas;Anoitecer;Decrescente;Céu Claro;Dupla;Curva;Sim;3;0;1;0;1;1;0;3;-25,1349459;-53,5840854;SPRF-PR;DEL05/PR;UOP05-DEL05-PR
747598;23/01/2026;sexta-feira;06:00:00;MA;222;328,7;IGARAPE DO MEIO;Acostamento em desnível;Tombamento;Sem Vítimas;Amanhecer;Crescente;Céu Claro;Simples;Reta;Não;2;0;0;0;0;1;0;2;-3,58640847;-45,06351471;SPRF-MA;DEL02-MA;UOP01-DEL02-MA
747600;23/01/2026;sexta-feira;19:05:00;BA;116;414;FEIRA DE SANTANA;Acessar a via sem observar a presença dos outros veículos;Colisão com objeto;Com Vítimas Feridas;Plena Noite;Crescente;Céu Claro;Dupla;Reta;Não;3;0;0;2;2;1;0;2;-12,1578833;-38,9651433;SPRF-BA;DEL02/BA;UOP01-DEL02-BA
747604;23/01/2026;sexta-feira;17:30:00;ES;101;78;SAO MATEUS;Problema com o freio;Incêndio;Sem Vítimas;Anoitecer;Crescente;Nublado;Simples;Declive;Não;2;0;0;0;0;1;0;3;-18,8098114;-39,89761703;SPRF-ES;DEL04-ES;UOP02-DEL04-ES
747608;23/01/2026;sexta-feira;17:41:00;MS;163;213;CAARAPO;Ultrapassagem Indevida;Colisão lateral mesmo sentido;Com Vítimas Fatais;Pleno dia;Decrescente;Céu Claro;Simples;"Declive;Reta";Não;7;1;3;1;4;1;0;7;-22,5722742;-54,81900662;SPRF-MS;DEL04/MS;UOP02-DEL04-MS
747618;23/01/2026;sexta-feira;20:40:00;ES;101;65,3;SAO MATEUS;Ingestão de álcool pelo condutor;Colisão lateral sentido oposto;Sem Vítimas;Anoitecer;Crescente;Céu Claro;Simples;Reta;Não;3;0;0;0;0;2;0;4;-18,7140508;-39,8782362;SPRF-ES;DEL04-ES;UOP02-DEL04-ES
747621;23/01/2026;sexta-feira;19:35:00;SE;101;142;ESTANCIA;Falta de elemento de contenção que evite a saída do leito carroçável;Saída de leito carroçável;Sem Vítimas;Plena Noite;Crescente;Céu Claro;Dupla;Reta;Não;2;0;0;0;0;0;1;2;-11,1896624;-37,4051279;SPRF-SE;DEL02-SE;UOP01-DEL02-SE
747625;23/01/2026;sexta-feira;20:20:00;RJ;101;69;CAMPOS DOS GOYTACAZES;Retorno proibido;Colisão traseira;Com Vítimas Feridas;Plena Noite;Crescente;Chuva;Simples;Reta;Sim;4;0;1;0;1;2;0;4;-21,774603;-41,362;SPRF-RJ;DEL08/RJ;UOP02-DEL08-RJ
747629;23/01/2026;sexta-feira;20:00:00;RJ;40;110;DUQUE DE CAXIAS;Objeto estático sobre o leito carroçável;Colisão traseira;Com Vítimas Feridas;Plena Noite;Crescente;Chuva;Dupla;Reta;Não;3;0;1;0;1;1;0;3;-22,66627;-43,28488;SPRF-RJ;DEL01/RJ;UOP02-DEL01-RJ
747631;23/01/2026;sexta-feira;20:10:00;MT;163;983;TERRA NOVA DO NORTE;Ausência de sinalização;Colisão traseira;Com Vítimas Fatais;Plena Noite;Crescente;Nublado;Simples;Reta;Não;3;1;0;0;0;1;0;4;-10,637859;-55,133539;SPRF-MT;DEL06/MT;UOP03-DEL06-MT
747634;23/01/2026;sexta-feira;22:20:00;RJ;101;243;SILVA JARDIM;Acessar a via sem observar a presença dos outros veículos;Colisão traseira;Sem Vítimas;Plena Noite;Decrescente;Céu Claro;Dupla;Reta;Não;2;0;0;0;0;2;0;2;-22,639375;-42,46748;SPRF-RJ;DEL02/RJ;UOP03-DEL02-RJ