id;data_inversa;dia_semana;horario;uf;br;km;municipio;causa_acidente;tipo_acidente;classificacao_acidente;fase_dia;sentido_via;condicao_metereologica;tipo_pista;tracado_via;uso_solo;pessoas;mortos;feridos_leves;feridos_graves;feridos;ilesos;ignorados;veiculos;latitude;longitude;regional;delegacia;uop
747641;23/01/2026;sexta-feira;21:01:00;AL;101;36,2;JOAQUIM GOMES;Velocidade Incompatível;Colisão traseira;Com Vítimas Feridas;Plena Noite;Decrescente;Nublado;Dupla;Curva;Não;2;0;0;1;1;0;0;2;-9,134766;-35,77137;SPRF-AL;DEL01-AL;UOP02-DEL01-AL
747646;23/01/2026;sexta-feira;19:07:00;PR;277;372;GUARAPUAVA;Condutor deixou de manter distância do veículo da frente;Colisão frontal;Com Vítimas Feridas;Pleno dia;Crescente;Céu Claro;Simples;"Declive;Reta";Não;6;0;1;0;1;4;0;6;-25,42264;-51,66581;SPRF-PR;DEL08/PR;UOP01-DEL08-PR
747647;23/01/2026;sexta-feira;23:20:00;PB;104;130;CAMPINA GRANDE;Conversão proibida;Colisão lateral mesmo sentido;Com Vítimas Feridas;Plena Noite;Crescente;Céu Claro;Simples;"Em Obras;Reta";Sim;2;0;0;1;1;1;0;2;-7,282482;-35,889187;SPRF-PB;DEL02-PB;UOP01-DEL02-PB
747651;24/01/2026;sábado;00:00:00;SP;116;103,2;TAUBATE;Ausência de reação do condutor;Engavetamento;Com Vítimas Feridas;Plena Noite;Decrescente;Nublado;Dupla;"Reta;Declive";Não;10;0;3;1;4;5;0;4;-22,99945851;-45,4985318;SPRF-SP;DEL02/SP;UOP02-DEL02-SP
747652;23/01/2026;sexta-feira;14:20:00;MS;463;45,6;PONTA PORA;Reação tardia ou ineficiente do condutor;Saída de leito carroçável;Sem Vítimas;Pleno dia;Decrescente;Céu Claro;Simples;Reta;Não;3;0;0;0;0;1;0;4;-22,343699;-55,203225;SPRF-MS;DEL04/MS;UOP03-DEL04-MS
747654;24/01/2026;sábado;01:30:00;SC;282;644,5;SAO MIGUEL DO OESTE;Velocidade Incompatível;Saída de leito carroçável;Com Vítimas Feridas;Plena Noite;Decrescente;Céu Claro;Simples;Curva;Não;2;0;1;0;1;1;0;2;-26,76503374;-53,48541347;SPRF-SC;DEL07/SC;UOP03-DEL07-SC
747660;24/01/2026;sábado;03:00:00;MG;262;397,9;PARA DE MINAS;Velocidade Incompatível;Tombamento;Com Vítimas Feridas;Plena Noite;Crescente;Nublado;Dupla;Curva;Não;4;0;0;1;1;2;0;3;-19,88997855;-44,62210715;SPRF-MG;DEL01/MG;UOP03-DEL01-MG
747663;24/01/2026;sábado;03:00:00;ES;101;62,3;SAO MATEUS;Transitar na contramão;Colisão lateral sentido oposto;Com Vítimas Feridas;Plena Noite;Crescente;Céu Claro;Dupla;Aclive;Não;2;0;0;1;1;0;0;2;-18,648944;-39,8734455;SPRF-ES;DEL04-ES;UOP02-DEL04-ES
747664;24/01/2026;sábado;02:10:00;PA;10;218,8;IPIXUNA DO PARA;Reação tardia ou ineficiente do condutor;Saída de leito carroçável;Com Vítimas Fatais;Plena Noite;Crescente;Chuva;Simples;"Curva;Declive";Não;3;1;1;0;1;0;0;2;-2,518883;-47,506147;SPRF-PA;DEL02/PA;UOP01-DEL02-PA
747665;24/01/2026;sábado;01:40:00;MG;116;249,8;TEOFILO OTONI;Demais falhas mecânicas ou elétricas;Incêndio;Sem Vítimas;Plena Noite;Decrescente;Nublado;Simples;Curva;Não;2;0;0;0;0;1;0;2;-17,642398;-41,498358;SPRF-MG;DEL11/MG;UOP01-DEL11-MG
747677;23/01/2026;sexta-feira;06:00:00;RS;116;311;GUAIBA;Demais falhas mecânicas ou elétricas;Saída de leito carroçável;Sem Vítimas;Pleno dia;Decrescente;Céu Claro;Dupla;Curva;Não;1;0;0;0;0;1;0;1;-30,2045377;-51,4008804;SPRF-RS;DEL02/RS;UOP01-DEL02-RS
747684;24/01/2026;sábado;03:30:00;GO;414;209;NIQUELANDIA;Chuva;Derramamento de carga;Sem Vítimas;Plena Noite;Crescente;Chuva;Simples;Curva;Não;2;0;0;0;0;1;0;3;-14,50424179;-48,51905823;SPRF-GO;DEL07/GO;UOP02-DEL07-GO
747690;24/01/2026;sábado;06:15:00;BA;324;605;SIMOES FILHO;Reação tardia ou ineficiente do condutor;Saída de leito carroçável;Com Vítimas Feridas;Pleno dia;Crescente;Nublado;Dupla;Reta;Sim;2;0;1;0;1;1;0;2;-12,802095;-38,403998;SPRF-BA;DEL01/BA;UOP01-DEL01-BA
747692;24/01/2026;sábado;03:55:00;MG;262;449,9;NOVA SERRANA;Ultrapassagem Indevida;Colisão frontal;Com Vítimas Feridas;Pleno dia;Crescente;Céu Claro;Simples;Reta;Não;2;0;1;1;2;0;0;2;-19,82458;-45,07931;SPRF-MG;DEL08/MG;UOP03-DEL08-MG
747694;24/01/2026;sábado;05:35:00;BA;324;607,5;SIMOES FILHO;Ausência de reação do condutor;Colisão traseira;Com Vítimas Fatais;Amanhecer;Crescente;Céu Claro;Dupla;"Reta;Aclive";Sim;6;1;2;2;4;1;0;2;-12,818107;-38,407198;SPRF-BA;DEL01/BA;UOP01-DEL01-BA
747696;24/01/2026;sábado;07:53:00;SP;116;565;BARRA DO TURVO;Chuva;Colisão transversal;Com Vítimas Feridas;Pleno dia;Crescente;Garoa/Chuvisco;Dupla;"Declive;Curva";Não;3;0;0;1;1;1;0;4;-25,04906492;-48,55311853;SPRF-SP;DEL05/SP;UOP02-DEL05-SP
747698;24/01/2026;sábado;06:20:00;RS;386;20,9;FREDERICO WESTPHALEN;Transitar na contramão;Colisão frontal;Com Vítimas Fatais;Pleno dia;Crescente;Céu Claro;Simples;Curva;Não;2;1;0;0;0;1;0;2;-27,2721217;-53,3479602;SPRF-RS;DEL08/RS;UOP02-DEL08-RS
747704;23/01/2026;sexta-feira;15:30:00;GO;364;352;MINEIROS;Reação tardia ou ineficiente do condutor;Tombamento;Com Vítimas Feridas;Pleno dia;Crescente;Céu Claro;Simples;"Curva;Declive";Não;1;0;1;0;1;0;0;1;-17,379433;-52,92548;SPRF-GO;DEL05/GO;UOP01-DEL05-GO
747714;24/01/2026;sábado;09:00:00;PR;476;210;LAPA;Ausência de reação do condutor;Saída de leito carroçável;Com Vítimas Feridas;Pleno dia;Crescente;Sol;Simples;"Curva;Aclive";Não;3;0;1;0;1;1;0;4;-25,7845945;-49,8455222;SPRF-PR;DEL01/PR;UOP06-DEL01-PR
747720;23/01/2026;sexta-feira;17:26:00;MT;163;1004;TERRA NOVA DO NORTE;Ultrapassagem Indevida;Saída de leito carroçável;Com Vítimas Feridas;Pleno dia;Decrescente;Chuva;Simples;Reta;Não;2;0;1;0;1;0;0;2;-10,45576;-55,063735;SPRF-MT;DEL06/MT;UOP03-DEL06-MT
747737;24/01/2026;sábado;12:24:00;SE;101;91;NOSSA SENHORA DO SOCORRO;Velocidade Incompatível;Saída de leito carroçável;Com Vítimas Feridas;Pleno dia;Crescente;Céu Claro;Dupla;Curva;Não;2;0;1;0;1;0;0;2;-10,90099;-37,13236;SPRF-SE;DEL01-SE;UOP01-DEL01-SE
747738;24/01/2026;sábado;11:45:00;ES;262;81;DOMINGOS MARTINS;Velocidade Incompatível;Tombamento;Com Vítimas Feridas;Pleno dia;Decrescente;Sol;Simples;Curva;Não;2;0;0;1;1;0;0;2;-20,40770758;-40,9479332;SPRF-ES;DEL01-ES;UOP02-DEL01-ES
747739;24/01/2026;sábado;12:20:00;MG;116;515,4;UBAPORANGA;Demais falhas mecânicas ou elétricas;Saída de leito carroçável;Com Vítimas Feridas;Pleno dia;Crescente;Nublado;Simples;Curva;Não;1;0;1;0;1;0;0;1;-19,6947031;-42,1179156;SPRF-MG;DEL06/MG;UOP02-DEL06-MG
747746;24/01/2026;sábado;13:20:00;RJ;101;229;SILVA JARDIM;Reação tardia ou ineficiente do condutor;Saída de leito carroçável;Sem Vítimas;Pleno dia;Decrescente;Nublado;Dupla;Curva;Não;5;0;0;0;0;4;0;4;-22,56598809;-42,37255096;SPRF-RJ;DEL02/RJ;UOP03-DEL02-RJ
747748;24/01/2026;sábado;12:33:00;PE;101;65,6;RECIFE;Reação tardia ou ineficiente do condutor;Engavetamento;Com Vítimas Feridas;Pleno dia;Decrescente;Céu Claro;Múltipla;Reta;Sim;4;0;1;0;1;2;0;5;-8,03048;-34,94283;SPRF-PE;DEL01/PE;UOP01-DEL01-PE
747758;24/01/2026;sábado;13:40:00;SP;116;327;JUQUITIBA;Manobra de mudança de faixa;Colisão traseira;Com Vítimas Feridas;Pleno dia;Decrescente;Céu Claro;Dupla;Reta;Não;6;0;1;0;1;4;0;3;-23,93610765;-47,07685661;SPRF-SP;DEL04/SP;UOP03-DEL04-SP
747759;24/01/2026;sábado;15:02:00;PR;376;622,1;SAO JOSE DOS PINHAIS;Velocidade Incompatível;Colisão traseira;Com Vítimas Feridas;Pleno dia;Decrescente;Céu Claro;Dupla;Aclive;Não;4;0;1;0;1;1;0;4;-25,632038;-49,16275;SPRF-PR;DEL01/PR;UOP04-DEL01-PR
747761;24/01/2026;sábado;15:00:00;MG;365;427;PATOS DE MINAS;Transitar na contramão;Colisão frontal;Com Vítimas Fatais;Pleno dia;Decrescente;Garoa/Chuvisco;Simples;"Declive;Reta;Ponte";Não;3;2;0;0;0;0;0;5;-18,74407;-46,63098;SPRF-MG;DEL10/MG;UOP01-DEL10-MG
747771;11/01/2026;domingo;17:15:00;MG;40;505,3;RIBEIRAO DAS NEVES;Ingestão de álcool pelo condutor;Colisão lateral mesmo sentido;Sem Vítimas;Pleno dia;Crescente;Céu Claro;Dupla;"Declive;Reta";Sim;3;0;0;0;0;0;1;3;-19,74136;-44,14881;SPRF-MG;DEL02/MG;UOP01-DEL02-MG
747775;24/01/2026;sábado;12:14:00;MG;365;253;BURITIZEIRO;Ausência de reação do condutor;Saída de leito carroçável;Com Vítimas Feridas;Pleno dia;Decrescente;Nublado;Simples;"Aclive;Curva";Não;2;0;1;0;1;0;0;2;-17,51179;-45,28023;SPRF-MG;DEL10/MG;UOP02-DEL010-MG
747780;24/01/2026;sábado;16:12:00;SC;116;283;CAPAO ALTO;Fumaça;Colisão com objeto;Com Vítimas Feridas;Pleno dia;Crescente;Céu Claro;Simples;"Aclive;Reta";Não;3;0;1;0;1;1;0;3;-28,06531;-50,5744643;SPRF-SC;DEL05/SC;UOP02-DEL05-SC
747782;24/01/2026;sábado;16:50:00;PE;101;83;JABOATAO DOS GUARARAPES;Condutor deixou de manter distância do veículo da frente;Colisão traseira;Sem Vítimas;Pleno dia;Decrescente;Céu Claro;Dupla;"Aclive;Curva";Não;2;0;0;0;0;2;0;2;-8,17716875;-34,94455934;SPRF-PE;DEL01/PE;UOP01-DEL01-PE
747787;24/01/2026;sábado;17:20:00;SC;101;176;GOVERNADOR CELSO RAMOS;Manobra de mudança de faixa;Colisão lateral mesmo sentido;Com Vítimas Feridas;Pleno dia;Decrescente;Nublado;Dupla;"Interseção de Vias;Curva";Não;3;0;1;0;1;1;0;3;-27,35039187;-48,63248197;SPRF-SC;DEL01/SC;UOP01-DEL01-SC
747797;24/01/2026;sábado;14:00:00;GO;153;577;PROFESSOR JAMIL;Acumulo de água sobre o pavimento;Saída de leito carroçável;Com Vítimas Feridas;Pleno dia;Crescente;Chuva;Dupla;Reta;Não;2;0;1;0;1;0;0;2;-17,35591;-49,248228;SPRF-GO;DEL03/GO;UOP01-DEL03-GO
747798;24/01/2026;sábado;17:10:00;RS;290;568;ALEGRETE;Manobra de mudança de faixa;Tombamento;Com Vítimas Feridas;Pleno dia;Crescente;Céu Claro;Simples;"Declive;Reta";Não;2;0;1;0;1;0;0;2;-29,84472842;-55,66034015;SPRF-RS;DEL13/RS;UOP02-DEL13-RS
747801;24/01/2026;sábado;17:45:00;SC;101;262;GAROPABA;Reação tardia ou ineficiente do condutor;Colisão lateral mesmo sentido;Com Vítimas Feridas;Pleno dia;Decrescente;Céu Claro;Múltipla;Reta;Não;7;0;3;0;3;3;0;3;-28,03851454;-48,71081328;SPRF-SC;DEL02/SC;UOP03-DEL02-SC
747803;24/01/2026;sábado;15:20:00;RS;285;598;SANTO ANTONIO DAS MISSOES;Acessar a via sem observar a presença dos outros veículos;Colisão transversal;Com Vítimas Feridas;Pleno dia;Crescente;Sol;Simples;Reta;Sim;3;0;1;0;1;1;0;3;-28,48906133;-55,25110245;SPRF-RS;DEL12/RS;UOP01-DEL12-RS
747811;24/01/2026;sábado;19:00:00;ES;101;299,6;VIANA;Demais falhas mecânicas ou elétricas;Engavetamento;Com Vítimas Feridas;Plena Noite;Crescente;Nublado;Simples;Aclive;Sim;5;0;1;0;1;3;0;4;-20,3559495;-40,4278698;SPRF-ES;DEL01-ES;UOP01-DEL01-ES
747812;24/01/2026;sábado;11:40:00;BA;116;226;EUCLIDES DA CUNHA;Área urbana sem a presença de local apropriado para a travessia de pedestres;Atropelamento de Pedestre;Com Vítimas Feridas;Pleno dia;Decrescente;Céu Claro;Simples;Reta;Não;2;0;0;1;1;0;0;2;-10,59840303;-38,97460707;SPRF-BA;DEL07/BA;UOP03-DEL07-BA
747813;24/01/2026;sábado;12:00:00;MT;163;112;RONDONOPOLIS;Reação tardia ou ineficiente do condutor;Colisão com objeto;Com Vítimas Fatais;Pleno dia;Crescente;Sol;Dupla;"Declive;Reta";Não;9;2;2;3;5;1;0;8;-16,54869139;-54,67216076;SPRF-MT;DEL02/MT;UOP01-DEL02-MT
747829;24/01/2026;sábado;21:05:00;ES;262;43,2;DOMINGOS MARTINS;Ingestão de álcool pelo condutor;Saída de leito carroçável;Com Vítimas Feridas;Plena Noite;Decrescente;Céu Claro;Simples;"Curva;Aclive";Sim;1;0;1;0;1;0;0;1;-20,38505403;-40,64456487;SPRF-ES;DEL01-ES;UOP01-DEL01-ES
747833;24/01/2026;sábado;21:10:00;BA;116;474,5;SANTO ESTEVAO;Ingestão de álcool pelo condutor;Colisão traseira;Sem Vítimas;Plena Noite;Decrescente;Céu Claro;Dupla;Reta;Não;3;0;0;0;0;2;0;3;-12,501223;-39,352655;SPRF-BA;DEL02/BA;UOP01-DEL02-BA
747837;24/01/2026;sábado;16:40:00;MS;158;28,6;PARANAIBA;Demais falhas mecânicas ou elétricas;Eventos atípicos;Sem Vítimas;Pleno dia;Decrescente;Céu Claro;Simples;"Reta;Aclive";Não;3;0;0;0;0;2;0;3;-19,222193;-51,522617;SPRF-MS;DEL08/MS;UOP01-DEL08-MS
747842;24/01/2026;sábado;22:22:00;RJ;101;323;NITEROI;Condutor deixou de manter distância do veículo da frente;Colisão traseira;Com Vítimas Feridas;Pleno dia;Crescente;Nublado;Dupla;Reta;Sim;2;0;1;0;1;0;0;2;-22,87681822;-43,11739612;SPRF-RJ;DEL02/RJ;UOP01-DEL02-RJ
747843;24/01/2026;sábado;21:45:00;PR;376;182,5;SARANDI;Demais falhas mecânicas ou elétricas;Incêndio;Sem Vítimas;Plena Noite;Crescente;Céu Claro;Múltipla;Reta;Sim;2;0;0;0;0;1;0;2;-23,43333703;-51,88510634;SPRF-PR;DEL09/PR;UOP01-DEL09-PR
747847;24/01/2026;sábado;21:45:00;RJ;101;404,4;ITAGUAI;Acessar a via sem observar a presença dos outros veículos;Colisão traseira;Sem Vítimas;Plena Noite;Decrescente;Chuva;Dupla;Reta;Sim;4;0;0;0;0;3;0;4;-22,86492021;-43,79860489;SPRF-RJ;DEL03/RJ;UOP01-DEL03-RJ
747848;24/01/2026;sábado;19:50:00;RS;116;166;CAXIAS DO SUL;Velocidade Incompatível;Colisão transversal;Com Vítimas Feridas;Plena Noite;Decrescente;Céu Claro;Simples;Curva;Não;5;0;0;2;2;1;0;3;-29,25025901;-51,15939201;SPRF-RS;DEL05/RS;UOP02-DEL05-RS
747849;24/01/2026;sábado;20:26:00;GO;50;310;CUMARI;Problema com o freio;Incêndio;Sem Vítimas;Plena Noite;Crescente;Céu Claro;Dupla;Reta;Não;2;0;0;0;0;1;0;2;-18,400626;-48,075229;SPRF-GO;DEL06/GO;UOP01-DEL06-GO
747859;24/01/2026;sábado;21:30:00;PR;476;309;PAULO FRONTIN;Velocidade Incompatível;Saída de leito carroçável;Com Vítimas Feridas;Plena Noite;Decrescente;Nublado;Simples;Reta;Não;2;0;1;0;1;0;0;3;-26,04020375;-50,70264673;SPRF-PR;DEL02/PR;UOP03-DEL02-PR
747860;25/01/2026;domingo;00:30:00;PR;476;182;LAPA;Velocidade Incompatível;Saída de leito carroçável;Com Vítimas Feridas;Plena Noite;Decrescente;Céu Claro;Simples;Curva;Não;1;0;0;1;1;0;0;1;-25,7169525;-49,6138947;SPRF-PR;DEL01/PR;UOP06-DEL01-PR
747869;25/01/2026;domingo;01:10:00;RS;293;4;PELOTAS;Manobra de mudança de faixa;Colisão lateral mesmo sentido;Com Vítimas Feridas;Plena Noite;Decrescente;Céu Claro;Simples;"Reta;Interseção de Vias";Sim;3;0;2;0;2;1;0;2;-31,75694431;-52,3898549;SPRF-RS;DEL07/RS;UOP01-DEL07-RS
747873;25/01/2026;domingo;00:10:00;SP;459;17;PIQUETE;Acumulo de água sobre o pavimento;Colisão lateral sentido oposto;Com Vítimas Feridas;Plena Noite;Crescente;Chuva;Simples;"Curva;Aclive";Não;2;0;1;0;1;1;0;2;-22,6298563;-45,16170502;SPRF-SP;DEL08/SP;UOP02-DEL08-SP
747874;25/01/2026;domingo;03:10:00;BA;101;713;EUNAPOLIS;Reação tardia ou ineficiente do condutor;Colisão lateral sentido oposto;Sem Vítimas;Plena Noite;Crescente;Chuva;Simples;Reta;Não;3;0;0;0;0;1;0;5;-16,339847;-39,581022;SPRF-BA;DEL09/BA;UOP01-DEL09-BA
747879;25/01/2026;domingo;04:50:00;SC;101;209,6;SAO JOSE;Ingestão de álcool pelo condutor;Colisão traseira;Com Vítimas Feridas;Plena Noite;Crescente;Nublado;Múltipla;Reta;Sim;3;0;0;1;1;1;0;3;-27,61828172;-48,64466608;SPRF-SC;DEL01/SC;UOP01-DEL01-SC
747881;25/01/2026;domingo;05:00:00;MG;381;879,8;ESTIVA;Ausência de reação do condutor;Colisão traseira;Com Vítimas Feridas;Amanhecer;Crescente;Nublado;Dupla;"Aclive;Reta";Não;5;0;2;0;2;2;0;2;-22,45253428;-46,00266767;SPRF-MG;DEL16/MG;UOP01-DEL16-MG
747889;24/01/2026;sábado;21:26:00;MT;364;221;RONDONOPOLIS;Condutor deixou de manter distância do veículo da frente;Colisão traseira;Com Vítimas Feridas;Plena Noite;Decrescente;Céu Claro;Dupla;Declive;Não;5;0;3;0;3;1;0;4;-16,34020183;-54,74514122;SPRF-MT;DEL02/MT;UOP01-DEL02-MT
747892;24/01/2026;sábado;22:30:00;MG;40;305,5;TRES MARIAS;Estacionar ou parar em local proibido;Colisão traseira;Sem Vítimas;Plena Noite;Decrescente;Nublado;Simples;Reta;Sim;3;0;0;0;0;1;0;3;-18,4008;-45,0962;SPRF-MG;DEL14/MG;UOP02-DEL14-MG
747899;25/01/2026;domingo;06:25:00;PR;277;678;MEDIANEIRA;Ingestão de álcool pelo condutor;Colisão traseira;Com Vítimas Feridas;Amanhecer;Decrescente;Céu Claro;Dupla;"Retorno Regulamentado;Reta";Não;4;0;2;0;2;2;0;2;-25,31423555;-54,15101051;SPRF-PR;DEL05/PR;UOP01-DEL05-PR
747919;25/01/2026;domingo;08:05:00;PR;277;585,9;CASCAVEL;Ingestão de álcool pelo condutor;Colisão traseira;Com Vítimas Feridas;Pleno dia;Crescente;Céu Claro;Dupla;Reta;Não;4;0;1;0;1;2;0;3;-24,96947093;-53,39756971;SPRF-PR;DEL04/PR;UOP01-DEL04-PR
747921;21/01/2026;quarta-feira;06:50:00;RN;101;103;PARNAMIRIM;Condutor deixou de manter distância do veículo da frente;Colisão traseira;Com Vítimas Feridas;Pleno dia;Decrescente;Céu Claro;Múltipla;Reta;Sim;3;0;1;1;2;0;0;2;-5,89045001;-35,24916021;SPRF-RN;DEL01-RN;UOP01-DEL01-RN
747923;25/01/2026;domingo;08:30:00;MG;365;650,2;UBERLANDIA;Demais falhas mecânicas ou elétricas;Incêndio;Sem Vítimas;Pleno dia;Crescente;Sol;Dupla;"Reta;Declive";Não;1;0;0;0;0;1;0;1;-18,87400634;-48,53319883;SPRF-MG;DEL15/MG;UOP01-DEL15-MG
747928;25/01/2026;domingo;04:40:00;CE;116;389,9;ICO;Reação tardia ou ineficiente do condutor;Saída de leito carroçável;Com Vítimas Fatais;Plena Noite;Decrescente;Céu Claro;Simples;"Reta;Declive";Não;2;1;0;0;0;0;0;2;-6,52237;-38,86157;SPRF-CE;DEL05/CE;UOP01-DEL05-CE
747936;25/01/2026;domingo;09:25:00;MG;251;401,2;GRAO MOGOL;Ausência de reação do condutor;Colisão com objeto;Com Vítimas Feridas;Pleno dia;Crescente;Nublado;Simples;"Reta;Declive";Não;2;0;0;1;1;0;0;10;-16,228;-42,90313;SPRF-MG;DEL12/MG;UOP01-DEL12-MG
747937;25/01/2026;domingo;07:45:00;MG;116;552,7;SANTA BARBARA DO LESTE;Velocidade Incompatível;Incêndio;Com Vítimas Feridas;Pleno dia;Decrescente;Céu Claro;Simples;Reta;Não;2;0;1;0;1;0;0;2;-19,99948309;-42,14115143;SPRF-MG;DEL06/MG;UOP02-DEL06-MG
747940;25/01/2026;domingo;10:30:00;SE;101;203;CRISTINAPOLIS;Pista Escorregadia;Queda de ocupante de veículo;Com Vítimas Feridas;Pleno dia;Decrescente;Nublado;Simples;Reta;Não;3;0;1;0;1;1;0;5;-11,502328;-37,784843;SPRF-SE;DEL02-SE;UOP03-DEL02-SE
747944;25/01/2026;domingo;08:30:00;MT;174;334;CONQUISTA DOESTE;Condutor deixou de manter distância do veículo da frente;Colisão lateral mesmo sentido;Com Vítimas Feridas;Pleno dia;Decrescente;Nublado;Simples;Reta;Não;5;0;2;0;2;2;0;4;-14,849247;-59,306732;SPRF-MT;DEL04/MT;UOP01-DEL04-MT
747950;25/01/2026;domingo;17:02:00;MT;163;750;SORRISO;Trafegar com motocicleta (ou similar) entre as faixas;Colisão lateral mesmo sentido;Com Vítimas Feridas;Pleno dia;Crescente;Céu Claro;Dupla;"Curva;Interseção de Vias";Sim;4;0;1;1;2;1;0;5;-12,57185941;-55,72682835;SPRF-MT;DEL06/MT;UOP01-DEL06-MT
747956;25/01/2026;domingo;11:41:00;ES;101;370,2;ANCHIETA;Acessar a via sem observar a presença dos outros veículos;Colisão transversal;Com Vítimas Feridas;Pleno dia;Crescente;Céu Claro;Simples;"Retorno Regulamentado;Reta;Em Obras";Não;4;0;1;1;2;1;0;3;-20,77089919;-40,76339118;SPRF-ES;DEL03-ES;UOP01-DEL03-ES
747958;25/01/2026;domingo;20:40:00;PA;230;701;BRASIL NOVO;Transitar na contramão;Colisão frontal;Com Vítimas Feridas;Plena Noite;Crescente;Nublado;Simples;Reta;Não;3;0;1;0;1;1;0;2;-3,31997;-52,56798;SPRF-PA;DEL04/PA;UOP01-DEL04-PA
747959;25/01/2026;domingo;15:10:00;RO;364;228;CACOAL;Ausência de reação do condutor;Colisão traseira;Com Vítimas Fatais;Pleno dia;Crescente;Nublado;Simples;Reta;Não;9;1;0;1;1;6;0;5;-11,489748;-61,380843;SPRF-RO;DEL02-RO;UOP02-DEL02-RO
747975;25/01/2026;domingo;18:30:00;BA;101;824;PRADO;Velocidade Incompatível;Tombamento;Com Vítimas Feridas;Plena Noite;Crescente;Nublado;Simples;"Declive;Curva";Não;4;0;1;0;1;0;0;2;-17,14358;-39,568391;SPRF-BA;DEL09/BA;UOP02-DEL09-BA
747980;25/01/2026;domingo;23:44:00;BA;116;15,8;VITORIA DA CONQUISTA;Acessar a via sem observar a presença dos outros veículos;Colisão transversal;Com Vítimas Feridas;Plena Noite;Crescente;Nevoeiro/Neblina;Simples;Reta;Sim;4;0;3;0;3;0;0;2;-14,901201;-40,852212;SPRF-BA;DEL08/BA;UOP01-DEL08-BA
747981;25/01/2026;domingo;13:40:00;BA;116;701,9;JEQUIE;Curva acentuada;Tombamento;Com Vítimas Feridas;Pleno dia;Decrescente;Chuva;Simples;Curva;Não;2;0;1;0;1;0;0;2;-14,06856543;-40,20644188;SPRF-BA;DEL03/BA;UOP01-DEL03-BA
747984;25/01/2026;domingo;23:55:00;RS;386;395,7;TRIUNFO;Pedestre andava na pista;Atropelamento de Pedestre;Com Vítimas Fatais;Plena Noite;Crescente;Céu Claro;Simples;Curva;Não;3;1;0;0;0;1;0;3;-29,72698843;-51,63410555;SPRF-RS;DEL04/RS;UOP02-DEL04-RS
747987;25/01/2026;domingo;23:30:00;MS;262;245;RIBAS DO RIO PARDO;Condutor Dormindo;Colisão frontal;Com Vítimas Feridas;Plena Noite;Crescente;Nublado;Simples;Reta;Não;3;0;0;1;1;1;0;3;-20,455233;-53,73217;SPRF-MS;DEL01/MS;UOP05-DEL01-MS
747996;25/01/2026;domingo;17:00:00;MT;364;398;CUIABA;Demais falhas mecânicas ou elétricas;Colisão com objeto;Com Vítimas Feridas;Pleno dia;Crescente;Nublado;Dupla;Reta;Sim;6;0;0;1;1;5;0;2;-15,66694;-55,95803;SPRF-MT;DEL01/MT;UOP02-DEL01-MT
748002;25/01/2026;domingo;15:00:00;MG;262;545;LUZ;Velocidade Incompatível;Tombamento;Com Vítimas Feridas;Pleno dia;Decrescente;Céu Claro;Simples;"Curva;Declive";Não;2;0;1;0;1;0;0;3;-19,708505;-45,916525;SPRF-MG;DEL08/MG;UOP02-DEL08-MG
748008;26/01/2026;segunda-feira;03:00:00;SC;101;14;GARUVA;Demais falhas mecânicas ou elétricas;Eventos atípicos;Sem Vítimas;Plena Noite;Decrescente;Céu Claro;Dupla;"Reta;Aclive";Não;2;0;0;0;0;1;0;2;-26,09339566;-48,8647601;SPRF-SC;DEL03/SC;UOP01-DEL03-SC
748014;26/01/2026;segunda-feira;04:00:00;PR;376;292;SERTANOPOLIS;Ausência de reação do condutor;Tombamento;Com Vítimas Feridas;Plena Noite;Crescente;Céu Claro;Dupla;"Curva;Aclive;Viaduto";Não;1;0;1;0;1;0;0;1;-23;-51;SPRF-PR;DEL07/PR;UOP02-DEL07-PR
748015;25/01/2026;domingo;14:05:00;MG;365;856,4;SANTA VITORIA;Mal súbito do condutor;Colisão frontal;Com Vítimas Fatais;Pleno dia;Decrescente;Chuva;Simples;Reta;Não;4;3;0;0;0;0;0;4;-19,031389;-50,375675;SPRF-MG;DEL15/MG;UOP03-DEL15-MG
748021;25/01/2026;domingo;13:30:00;SC;470;193,7;POUSO REDONDO;Velocidade Incompatível;Tombamento;Com Vítimas Feridas;Pleno dia;Decrescente;Céu Claro;Simples;"Curva;Declive";Não;2;0;0;1;1;0;0;2;-27,30194047;-50,07982342;SPRF-SC;DEL04/SC;UOP02-DEL04-SC
748028;25/01/2026;domingo;22:00:00;MG;50;124;UBERABA;Entrada inopinada do pedestre;Atropelamento de Pedestre;Com Vítimas Feridas;Plena Noite;Decrescente;Céu Claro;Simples;Reta;Não;3;0;1;0;1;1;0;3;-19,34282;-48,094675;SPRF-MG;DEL13/MG;UOP01-DEL13-MG
748032;25/01/2026;domingo;12:20:00;MG;116;665,2;SAO FRANCISCO DO GLORIA;Ausência de reação do condutor;Tombamento;Com Vítimas Feridas;Pleno dia;Crescente;Céu Claro;Simples;Curva;Não;2;0;2;0;2;0;0;1;-20,80650878;-42,31058121;SPRF-MG;DEL07/MG;UOP02-DEL07-MG
748044;25/01/2026;domingo;09:00:00;SC;282;443;PONTE SERRADA;Velocidade Incompatível;Colisão com objeto;Com Vítimas Feridas;Pleno dia;Crescente;Sol;Simples;Curva;Não;2;0;1;0;1;0;0;2;-26,9227405;-51,87943053;SPRF-SC;DEL07/SC;UOP04-DEL07-SC