id;data_inversa;dia_semana;horario;uf;br;km;municipio;causa_acidente;tipo_acidente;classificacao_acidente;fase_dia;sentido_via;condicao_metereologica;tipo_pista;tracado_via;uso_solo;pessoas;mortos;feridos_leves;feridos_graves;feridos;ilesos;ignorados;veiculos;latitude;longitude;regional;delegacia;uop
751586;11/02/2026;quarta-feira;12:15:00;RS;285;643;SANTO ANTONIO DAS MISSOES;Ausência de reação do condutor;Colisão traseira;Sem Vítimas;Pleno dia;Crescente;Céu Claro;Simples;Reta;Não;5;0;0;0;0;5;0;2;-28,591521;-55,640743;SPRF-RS;DEL12/RS;UOP01-DEL12-RS
751589;11/02/2026;quarta-feira;10:30:00;MS;60;516;NIOAQUE;Ausência de reação do condutor;Saída de leito carroçável;Com Vítimas Feridas;Pleno dia;Crescente;Céu Claro;Dupla;"Curva;Declive";Não;2;0;1;0;1;0;0;3;-21,1757387;-55,63564313;SPRF-MS;DEL05/MS;UOP01-DEL05-MS
751590;04/02/2026;quarta-feira;23:45:00;PE;232;274,9;SERTANIA;Ausência de reação do condutor;Colisão traseira;Sem Vítimas;Plena Noite;Decrescente;Céu Claro;Simples;"Reta;Em Obras";Não;37;0;0;0;0;37;0;2;-8,377732;-37,255588;SPRF-PE;DEL04/PE;UOP02-DEL04-PE
751592;11/02/2026;quarta-feira;11:00:00;MT;364;1155;CAMPOS DE JULIO;Acumulo de água sobre o pavimento;Colisão lateral sentido oposto;Com Vítimas Fatais;Pleno dia;Crescente;Chuva;Simples;Curva;Não;4;1;0;0;0;1;0;9;-13,55203789;-59,03633481;SPRF-MT;DEL04/MT;UOP02-DEL04-MT
751594;11/02/2026;quarta-feira;15:00:00;RJ;40;120;DUQUE DE CAXIAS;Manobra de mudança de faixa;Colisão lateral mesmo sentido;Com Vítimas Feridas;Pleno dia;Decrescente;Sol;Dupla;Reta;Sim;2;0;1;0;1;1;0;2;-22,7773364;-43,2882327;SPRF-RJ;DEL01/RJ;UOP02-DEL01-RJ
751595;11/02/2026;quarta-feira;14:20:00;BA;101;701;EUNAPOLIS;Curva acentuada;Tombamento;Com Vítimas Feridas;Pleno dia;Crescente;Sol;Simples;Curva;Não;2;0;1;0;1;0;0;2;-16,255135;-39,597277;SPRF-BA;DEL09/BA;UOP01-DEL09-BA
751600;11/02/2026;quarta-feira;14:40:00;RS;285;209,2;LAGOA VERMELHA;Ausência de reação do condutor;Colisão traseira;Com Vítimas Feridas;Pleno dia;Decrescente;Céu Claro;Simples;"Curva;Aclive";Não;2;0;1;0;1;1;0;2;-28,225529;-51,61833;SPRF-RS;DEL08/RS;UOP05-DEL08-RS
751601;11/02/2026;quarta-feira;10:10:00;SC;282;202,6;LAGES;Reação tardia ou ineficiente do condutor;Colisão lateral mesmo sentido;Sem Vítimas;Pleno dia;Decrescente;Céu Claro;Simples;Reta;Não;3;0;0;0;0;3;0;2;-27,7718581;-50,19125462;SPRF-SC;DEL05/SC;UOP01-DEL05-SC
751605;02/01/2026;sexta-feira;14:13:00;BA;324;513;FEIRA DE SANTANA;Pedestre cruzava a pista fora da faixa;Atropelamento de Pedestre;Com Vítimas Feridas;Pleno dia;Crescente;Ignorado;Simples;Reta;Sim;2;0;0;1;1;1;0;2;-12,23064166;-38,96095276;SPRF-BA;DEL02/BA;UOP01-DEL02-BA
751615;11/02/2026;quarta-feira;17:10:00;PR;369;166,5;CAMBE;Velocidade Incompatível;Colisão traseira;Com Vítimas Feridas;Pleno dia;Decrescente;Nublado;Dupla;Reta;Sim;4;0;1;0;1;2;0;3;-23,2953684;-51,308994;SPRF-PR;DEL07/PR;UOP01-DEL07-PR
751617;11/02/2026;quarta-feira;17:35:00;ES;101;394;RIO NOVO DO SUL;Acostamento em desnível;Tombamento;Com Vítimas Feridas;Anoitecer;Crescente;Céu Claro;Simples;"Curva;Aclive";Não;2;0;0;1;1;0;0;2;-20,865363;-40,927797;SPRF-ES;DEL03-ES;UOP02-DEL03-ES
751624;11/02/2026;quarta-feira;16:10:00;PR;376;408;TIBAGI;Demais falhas mecânicas ou elétricas;Incêndio;Sem Vítimas;Pleno dia;Crescente;Céu Claro;Dupla;"Declive;Reta";Não;2;0;0;0;0;1;0;2;-24,63895362;-50,63242143;SPRF-PR;DEL03/PR;UOP02-DEL03-PR
751625;11/02/2026;quarta-feira;15:00:00;MG;262;552;CORREGO DANTA;Condutor Dormindo;Tombamento;Com Vítimas Feridas;Pleno dia;Decrescente;Garoa/Chuvisco;Simples;Curva;Não;2;0;1;0;1;0;0;2;-19,74411571;-45,96162558;SPRF-MG;DEL08/MG;UOP02-DEL08-MG
751626;11/02/2026;quarta-feira;17:18:00;MT;364;203;RONDONOPOLIS;Ausência de reação do condutor;Colisão traseira;Com Vítimas Feridas;Pleno dia;Crescente;Céu Claro;Dupla;Retorno Regulamentado;Sim;2;0;0;1;1;1;0;2;-16,33781392;-54,74649811;SPRF-MT;DEL02/MT;UOP01-DEL02-MT
751627;11/02/2026;quarta-feira;17:00:00;GO;60;202,2;GUAPO;Chuva;Colisão com objeto;Com Vítimas Feridas;Pleno dia;Decrescente;Chuva;Dupla;Curva;Não;1;0;1;0;1;0;0;1;-16,898708;-49,637077;SPRF-GO;DEL01/GO;UOP02-DEL01-GO
751630;11/02/2026;quarta-feira;16:30:00;MT;70;57,7;BARRA DO GARCAS;Acumulo de água sobre o pavimento;Colisão frontal;Com Vítimas Fatais;Pleno dia;Decrescente;Chuva;Simples;"Curva;Declive";Não;6;1;0;2;2;2;0;5;-15,71815;-52,66088;SPRF-MT;DEL07/MT;UOP01-DEL07-MT
751638;11/02/2026;quarta-feira;15:58:00;MG;116;435,8;ENGENHEIRO CALDAS;Conversão proibida;Colisão transversal;Com Vítimas Feridas;Pleno dia;Decrescente;Nublado;Simples;Reta;Não;2;0;1;0;1;1;0;2;-19,044507;-41,992976;SPRF-MG;DEL06/MG;UOP01-DEL06-MG
751643;11/02/2026;quarta-feira;19:30:00;MG;116;536;SANTA RITA DE MINAS;Suicídio (presumido);Atropelamento de Pedestre;Com Vítimas Feridas;Plena Noite;Decrescente;Céu Claro;Simples;Reta;Sim;3;0;0;1;1;1;0;3;-19,866778;-42,134938;SPRF-MG;DEL06/MG;UOP02-DEL06-MG
751645;25/01/2026;domingo;12:25:00;PR;277;504,5;GUARANIACU;Ausência de reação do condutor;Tombamento;Com Vítimas Feridas;Pleno dia;Crescente;Sol;Simples;Curva;Não;2;0;1;0;1;0;0;2;-25,143701;-52,702028;SPRF-PR;DEL04/PR;UOP04-DEL04-PR
751657;22/01/2026;quinta-feira;21:15:00;MG;50;72;UBERLANDIA;Desrespeitar a preferência no cruzamento;Colisão transversal;Com Vítimas Feridas;Plena Noite;Crescente;Chuva;Dupla;Interseção de Vias;Não;2;0;1;0;1;1;0;2;-18,90306796;-48,2356867;SPRF-MG;DEL15/MG;UOP01-DEL15-MG
751661;11/02/2026;quarta-feira;21:00:00;ES;101;297,5;VIANA;Manobra de mudança de faixa;Colisão lateral mesmo sentido;Com Vítimas Feridas;Plena Noite;Decrescente;Céu Claro;Dupla;Reta;Sim;3;0;1;0;1;1;0;3;-20,35089497;-40,41304261;SPRF-ES;DEL01-ES;UOP01-DEL01-ES
751665;11/02/2026;quarta-feira;20:40:00;SP;116;370;MIRACATU;Manobra de mudança de faixa;Colisão lateral mesmo sentido;Com Vítimas Feridas;Plena Noite;Decrescente;Céu Claro;Dupla;Reta;Sim;3;0;1;1;2;1;0;2;-24,2642339;-47,3845061;SPRF-SP;DEL04/SP;UOP02-DEL04-SP
751673;11/02/2026;quarta-feira;19:30:00;MT;70;399;CAMPO VERDE;Ingestão de álcool pelo condutor;Tombamento;Sem Vítimas;Plena Noite;Crescente;Nublado;Simples;Reta;Não;2;0;0;0;0;1;0;4;-15,658695;-55,231632;SPRF-MT;DEL05/MT;UOP02-DEL05-MT
751675;11/02/2026;quarta-feira;19:30:00;MT;70;377;CAMPO VERDE;Reação tardia ou ineficiente do condutor;Colisão lateral sentido oposto;Com Vítimas Feridas;Plena Noite;Decrescente;Céu Claro;Simples;Reta;Não;4;0;1;0;1;1;0;5;-15,515691;-55,119482;SPRF-MT;DEL05/MT;UOP02-DEL05-MT
751678;11/02/2026;quarta-feira;20:45:00;MG;381;930;ITAPEVA;Problema com o freio;Incêndio;Sem Vítimas;Plena Noite;Decrescente;Céu Claro;Dupla;Reta;Sim;2;0;0;0;0;1;0;2;-22,78224418;-46,24030128;SPRF-MG;DEL16/MG;UOP03-DEL16-MG
751689;12/02/2026;quinta-feira;01:26:00;SP;116;351;MIRACATU;Demais falhas mecânicas ou elétricas;Incêndio;Sem Vítimas;Plena Noite;Decrescente;Nevoeiro/Neblina;Dupla;"Reta;Aclive";Não;1;0;0;0;0;1;0;1;-24,0563;-47,21968;SPRF-SP;DEL04/SP;UOP03-DEL04-SP
751691;12/02/2026;quinta-feira;01:36:00;PE;101;65;RECIFE;Acumulo de água sobre o pavimento;Colisão traseira;Com Vítimas Feridas;Plena Noite;Decrescente;Chuva;Dupla;Reta;Sim;4;0;0;1;1;3;0;2;-8,03369;-34,94182;SPRF-PE;DEL01/PE;UOP01-DEL01-PE
751692;12/02/2026;quinta-feira;01:55:00;MG;381;552,5;ITAGUARA;Condutor Dormindo;Colisão traseira;Com Vítimas Feridas;Plena Noite;Decrescente;Céu Claro;Dupla;Reta;Não;3;0;1;0;1;1;0;5;-20,3553304;-44,45393931;SPRF-MG;DEL04/MG;UOP03-DEL04-MG
751693;12/02/2026;quinta-feira;01:30:00;PB;230;142,5;CAMPINA GRANDE;Condutor Dormindo;Saída de leito carroçável;Com Vítimas Feridas;Plena Noite;Crescente;Céu Claro;Dupla;"Reta;Aclive";Não;1;0;1;0;1;0;0;1;-7,25588113;-35,8213917;SPRF-PB;DEL02-PB;UOP01-DEL02-PB
751696;12/02/2026;quinta-feira;03:40:00;MG;381;364,2;SAO GONCALO DO RIO ABAIXO;Condutor Dormindo;Tombamento;Com Vítimas Feridas;Plena Noite;Decrescente;Nublado;Simples;Curva;Não;2;0;0;2;2;0;0;1;-19,852238;-43,271374;SPRF-MG;DEL03/MG;UOP01-DEL03-MG
751698;12/02/2026;quinta-feira;03:00:00;RS;287;355;JAGUARI;Curva acentuada;Tombamento;Com Vítimas Feridas;Plena Noite;Decrescente;Céu Claro;Simples;"Declive;Curva;Em Obras;Interseção de Vias";Não;3;0;0;2;2;0;0;2;-29,4813654;-54,6892153;SPRF-RS;DEL12/RS;UOP02-DEL12-RS
751701;11/02/2026;quarta-feira;23:00:00;BA;116;862,5;VITORIA DA CONQUISTA;Ingestão de álcool pelo condutor;Saída de leito carroçável;Com Vítimas Feridas;Plena Noite;Crescente;Céu Claro;Simples;Reta;Não;1;0;1;0;1;0;0;1;-15,1587041;-41,05621442;SPRF-BA;DEL08/BA;UOP01-DEL08-BA
751702;12/02/2026;quinta-feira;04:20:00;RS;116;503;PELOTAS;Condutor Dormindo;Tombamento;Com Vítimas Feridas;Plena Noite;Crescente;Nublado;Dupla;Reta;Não;1;0;1;0;1;0;0;1;-31,5767219;-52,2678805;SPRF-RS;DEL07/RS;UOP01-DEL07-RS
751710;11/02/2026;quarta-feira;20:30:00;BA;242;357;LENCOIS;Demais falhas mecânicas ou elétricas;Incêndio;Sem Vítimas;Plena Noite;Decrescente;Céu Claro;Simples;Reta;Não;1;0;0;0;0;0;1;1;-12,48019945;-41,35734558;SPRF-BA;DEL06/BA;UOP02-DEL06-BA
751718;12/02/2026;quinta-feira;07:00:00;GO;60;174,5;ABADIA DE GOIAS;Reação tardia ou ineficiente do condutor;Colisão traseira;Com Vítimas Feridas;Amanhecer;Decrescente;Sol;Dupla;"Reta;Aclive";Sim;2;0;0;1;1;1;0;2;-16,75677;-49,443695;SPRF-GO;DEL01/GO;UOP02-DEL01-GO
751724;12/02/2026;quinta-feira;06:50:00;BA;116;901;CANDIDO SALES;Demais falhas mecânicas ou elétricas;Incêndio;Sem Vítimas;Pleno dia;Crescente;Nublado;Simples;Declive;Não;1;0;0;0;0;1;0;1;-15,444711;-41,225505;SPRF-BA;DEL08/BA;UOP03-DEL08-BA
751731;12/02/2026;quinta-feira;08:55:00;RS;290;88;PORTO ALEGRE;Manobra de mudança de faixa;Colisão lateral mesmo sentido;Com Vítimas Feridas;Pleno dia;Decrescente;Céu Claro;Dupla;Reta;Não;2;0;1;0;1;1;0;2;-29,9673102;-51,1384483;SPRF-RS;DEL01/RS;UOP01-DEL01-RS
751733;09/02/2026;segunda-feira;04:45:00;MS;436;1;APARECIDA DO TABOADO;Reação tardia ou ineficiente do condutor;Tombamento;Com Vítimas Feridas;Amanhecer;Decrescente;Nublado;Simples;Rotatória;Não;1;0;1;0;1;0;0;1;-20,08766;-51,12932;SPRF-MS;DEL08/MS;UOP01-DEL08-MS
751743;12/02/2026;quinta-feira;08:10:00;SP;116;202;ARUJA;Trafegar com motocicleta (ou similar) entre as faixas;Colisão lateral mesmo sentido;Com Vítimas Fatais;Pleno dia;Crescente;Sol;Dupla;"Reta;Aclive";Não;3;1;0;0;0;1;0;3;-23,41044124;-46,34637165;SPRF-SP;DEL01/SP;UOP01-DEL01-SP
751744;12/02/2026;quinta-feira;05:50:00;PR;376;253;CALIFORNIA;Transitar na contramão;Colisão frontal;Com Vítimas Feridas;Amanhecer;Crescente;Céu Claro;Simples;Reta;Não;3;0;0;2;2;0;0;3;-23,64766917;-51,37549281;SPRF-PR;DEL07/PR;UOP03-DEL07-PR
751746;11/02/2026;quarta-feira;14:30:00;PR;280;292,6;FLOR DA SERRA DO SUL;Problema com o freio;Incêndio;Sem Vítimas;Pleno dia;Crescente;Céu Claro;Simples;Reta;Não;2;0;0;0;0;1;0;2;-26,249832;-53,336041;SPRF-PR;DEL02/PR;UOP01-DEL02-PR
751747;12/02/2026;quinta-feira;08:02:00;RO;364;346;JI-PARANA;Acessar a via sem observar a presença dos outros veículos;Colisão transversal;Com Vítimas Feridas;Pleno dia;Crescente;Céu Claro;Simples;Reta;Sim;3;0;2;0;2;1;0;2;-10,86468166;-61,97046429;SPRF-RO;DEL02-RO;UOP01-DEL02-RO
751749;12/02/2026;quinta-feira;09:00:00;CE;116;57;PACAJUS;Reação tardia ou ineficiente do condutor;Colisão frontal;Com Vítimas Feridas;Pleno dia;Crescente;Céu Claro;Simples;Reta;Não;4;0;1;0;1;2;0;6;-4,22564289;-38,47725391;SPRF-CE;DEL01/CE;UOP04-DEL01-CE
751751;12/02/2026;quinta-feira;10:05:00;PB;104;144,2;QUEIMADAS;Reação tardia ou ineficiente do condutor;Saída de leito carroçável;Com Vítimas Feridas;Pleno dia;Crescente;Chuva;Simples;Declive;Não;2;0;1;0;1;0;0;2;-7,40711;-35,896517;SPRF-PB;DEL02-PB;UOP03-DEL02-PB
751759;12/02/2026;quinta-feira;10:51:00;TO;153;193;NOVA OLINDA;Reação tardia ou ineficiente do condutor;Colisão traseira;Com Vítimas Feridas;Pleno dia;Crescente;Sol;Simples;Reta;Não;3;0;1;0;1;1;0;3;-7,59118;-48,419877;SPRF-TO;DEL02-TO;UOP01-DEL02-TO
751764;12/02/2026;quinta-feira;10:29:00;MS;262;704,8;CORUMBA;Reação tardia ou ineficiente do condutor;Capotamento;Com Vítimas Feridas;Pleno dia;Decrescente;Céu Claro;Simples;Reta;Não;3;0;0;1;1;0;0;3;-19,529182;-57,41302;SPRF-MS;DEL03/MS;UOP03-DEL03-MS
751768;12/02/2026;quinta-feira;10:00:00;MS;267;372,7;MARACAJU;Acessar a via sem observar a presença dos outros veículos;Colisão transversal;Com Vítimas Feridas;Pleno dia;Crescente;Céu Claro;Simples;Reta;Não;3;0;2;0;2;0;0;2;-21,658017;-55,231522;SPRF-MS;DEL05/MS;UOP01-DEL05-MS
751772;12/02/2026;quinta-feira;11:10:00;RJ;116;278;BARRA MANSA;Ausência de reação do condutor;Colisão lateral mesmo sentido;Com Vítimas Feridas;Pleno dia;Crescente;Céu Claro;Dupla;Reta;Não;6;0;1;0;1;4;0;7;-22,51683814;-44,20783997;SPRF-RJ;DEL07/RJ;UOP02-DEL07-RJ
751777;12/02/2026;quinta-feira;13:30:00;ES;101;151;LINHARES;Condutor deixou de manter distância do veículo da frente;Engavetamento;Com Vítimas Feridas;Pleno dia;Crescente;Céu Claro;Simples;"Reta;Ponte";Não;8;0;2;0;2;5;0;5;-19,4105425;-40,06546497;SPRF-ES;DEL04-ES;UOP01-DEL04-ES
751781;12/02/2026;quinta-feira;12:30:00;MT;364;339,4;SANTO ANTONIO DO LEVERGER;Demais falhas mecânicas ou elétricas;Incêndio;Sem Vítimas;Pleno dia;Crescente;Céu Claro;Dupla;"Reta;Declive";Não;1;0;0;0;0;1;0;1;-15,82674673;-55,50824656;SPRF-MT;DEL05/MT;UOP02-DEL05-MT
751783;12/02/2026;quinta-feira;13:45:00;SC;280;54;GUARAMIRIM;Mal súbito do condutor;Colisão traseira;Com Vítimas Feridas;Pleno dia;Crescente;Céu Claro;Dupla;Reta;Sim;2;0;1;0;1;1;0;2;-26,47534333;-48,9839395;SPRF-SC;DEL03/SC;UOP03-DEL03-SC
751786;12/02/2026;quinta-feira;08:30:00;PE;232;250;ARCOVERDE;Acessar a via sem observar a presença dos outros veículos;Colisão transversal;Sem Vítimas;Pleno dia;Crescente;Céu Claro;Simples;Reta;Sim;2;0;0;0;0;0;1;2;-8,423375;-37,052625;SPRF-PE;DEL04/PE;UOP02-DEL04-PE
751788;12/02/2026;quinta-feira;09:10:00;GO;158;199;CAIAPONIA;Declive acentuado;Tombamento;Com Vítimas Feridas;Pleno dia;Decrescente;Garoa/Chuvisco;Simples;"Curva;Declive";Não;2;0;0;2;2;0;0;1;-17,311807;-51,879797;SPRF-GO;DEL05/GO;UOP01-DEL05-GO
751792;12/02/2026;quinta-feira;12:30:00;MT;174;122;CACERES;Reação tardia ou ineficiente do condutor;Saída de leito carroçável;Com Vítimas Feridas;Pleno dia;Decrescente;Chuva;Dupla;Curva;Não;2;0;1;0;1;1;0;1;-15,83057216;-58,0682373;SPRF-MT;DEL03/MT;UOP01-DEL03-MT
751799;12/02/2026;quinta-feira;15:50:00;MG;381;482;BETIM;Manobra de mudança de faixa;Colisão lateral mesmo sentido;Com Vítimas Feridas;Pleno dia;Crescente;Céu Claro;Dupla;Reta;Sim;6;0;4;0;4;1;0;3;-19,95850516;-44,07165527;SPRF-MG;DEL01/MG;UOP03-DEL01-MG
751800;12/02/2026;quinta-feira;15:32:00;SP;116;218;GUARULHOS;Reação tardia ou ineficiente do condutor;Engavetamento;Com Vítimas Feridas;Pleno dia;Decrescente;Nublado;Dupla;Reta;Sim;9;0;2;0;2;4;0;3;-23,46115618;-46,48769125;SPRF-SP;DEL01/SP;UOP01-DEL01-SP
751809;12/02/2026;quinta-feira;15:20:00;ES;101;266;SERRA;Manobra de mudança de faixa;Colisão lateral mesmo sentido;Com Vítimas Feridas;Pleno dia;Crescente;Céu Claro;Múltipla;Reta;Sim;2;0;1;0;1;0;0;2;-20,19516337;-40,26847422;SPRF-ES;DEL02-ES;UOP01-DEL02-ES
751820;12/02/2026;quinta-feira;10:30:00;RJ;116;97;GUAPIMIRIM;Problema com o freio;Saída de leito carroçável;Com Vítimas Feridas;Pleno dia;Crescente;Céu Claro;Simples;"Curva;Declive";Não;1;0;1;0;1;0;0;1;-22,48085714;-42,99773097;SPRF-RJ;DEL04/RJ;UOP01-DEL04-RJ
751824;12/02/2026;quinta-feira;16:35:00;ES;101;4,8;ICONHA;Ausência de sinalização;Engavetamento;Com Vítimas Feridas;Pleno dia;Decrescente;Céu Claro;Dupla;Curva;Não;16;0;2;1;3;12;0;13;-20,808;-40,807;SPRF-ES;DEL03-ES;UOP02-DEL03-ES
751832;12/02/2026;quinta-feira;16:15:00;MS;262;199;RIBAS DO RIO PARDO;Ausência de reação do condutor;Colisão traseira;Com Vítimas Feridas;Pleno dia;Crescente;Garoa/Chuvisco;Simples;Reta;Não;3;0;1;0;1;1;0;6;-20,40687297;-53,21424365;SPRF-MS;DEL01/MS;UOP05-DEL01-MS
751836;12/02/2026;quinta-feira;10:00:00;BA;101;618;MASCOTE;Acumulo de água sobre o pavimento;Tombamento;Com Vítimas Feridas;Pleno dia;Crescente;Chuva;Simples;Curva;Não;2;0;1;0;1;0;0;2;-15,643021;-39,437834;SPRF-BA;DEL05/BA;UOP02-DEL05-BA
751838;12/02/2026;quinta-feira;17:40:00;MT;70;400,7;CAMPO VERDE;Transitar na contramão;Colisão frontal;Com Vítimas Feridas;Anoitecer;Decrescente;Chuva;Simples;Curva;Não;4;0;1;0;1;2;0;6;-15,659059;-55,245766;SPRF-MT;DEL05/MT;UOP02-DEL05-MT
751842;12/02/2026;quinta-feira;17:24:00;ES;262;159;IBATIBA;Condutor desrespeitou a iluminação vermelha do semáforo;Colisão transversal;Com Vítimas Feridas;Pleno dia;Crescente;Céu Claro;Simples;Interseção de Vias;Sim;2;0;0;1;1;1;0;2;-20,23462555;-41,50648069;SPRF-ES;DEL01-ES;UOP02-DEL01-ES
751844;12/02/2026;quinta-feira;13:40:00;MG;262;611,8;IBIA;Velocidade Incompatível;Colisão frontal;Com Vítimas Feridas;Pleno dia;Decrescente;Chuva;Simples;Curva;Não;3;0;2;0;2;0;0;4;-19,58525699;-46,3985011;SPRF-MG;DEL08/MG;UOP02-DEL08-MG
751849;31/01/2026;sábado;16:00:00;BA;116;490,9;RAFAEL JAMBEIRO;Reação tardia ou ineficiente do condutor;Colisão traseira;Com Vítimas Feridas;Pleno dia;Decrescente;Céu Claro;Dupla;Declive;Não;5;0;1;1;2;2;0;4;-12,56756;-39,48741;SPRF-BA;DEL02/BA;UOP01-DEL02-BA
751850;12/02/2026;quinta-feira;19:19:00;SP;116;228;SAO PAULO;Manobra de mudança de faixa;Colisão lateral mesmo sentido;Com Vítimas Feridas;Plena Noite;Decrescente;Vento;Múltipla;"Declive;Reta";Sim;2;0;1;0;1;0;0;2;-23,5056648;-46,56913662;SPRF-SP;DEL01/SP;UOP01-DEL01-SP
751851;21/01/2026;quarta-feira;06:47:00;MG;262;91;ABRE CAMPO;Ausência de reação do condutor;Colisão traseira;Com Vítimas Feridas;Pleno dia;Crescente;Chuva;Simples;Reta;Não;2;0;0;1;1;1;0;2;-20,32695;-42,471827;SPRF-MG;DEL03/MG;UOP03-DEL03-MG
751852;09/02/2026;segunda-feira;07:33:00;GO;364;16;SAO SIMAO;Condutor Dormindo;Capotamento;Com Vítimas Feridas;Pleno dia;Crescente;Chuva;Simples;"Reta;Interseção de Vias";Não;1;0;1;0;1;0;0;1;-18,99270831;-50,57018638;SPRF-GO;DEL05/GO;UOP02-DEL05-GO
751855;12/02/2026;quinta-feira;20:00:00;PR;376;320,4;ORTIGUEIRA;Pedestre cruzava a pista fora da faixa;Atropelamento de Pedestre;Com Vítimas Feridas;Plena Noite;Decrescente;Nublado;Simples;Reta;Não;3;0;0;1;1;1;0;3;-24,04508;-51,07666;SPRF-PR;DEL07/PR;UOP02-DEL07-PR
751856;12/02/2026;quinta-feira;16:05:00;MG;40;604,3;CONGONHAS;Velocidade Incompatível;Colisão frontal;Com Vítimas Fatais;Pleno dia;Decrescente;Céu Claro;Simples;"Declive;Curva";Não;6;1;0;1;1;3;0;5;-20,458058;-43,838047;SPRF-MG;DEL05/MG;UOP02-DEL05-MG
751860;12/02/2026;quinta-feira;18:30:00;MT;364;1205;CAMPOS DE JULIO;Ultrapassagem Indevida;Colisão lateral sentido oposto;Com Vítimas Feridas;Anoitecer;Decrescente;Chuva;Dupla;Reta;Não;3;0;0;1;1;1;0;4;-13,79087635;-59,34342384;SPRF-MT;DEL04/MT;UOP02-DEL04-MT
751861;12/02/2026;quinta-feira;10:00:00;RO;364;1071;PORTO VELHO;Ausência de reação do condutor;Saída de leito carroçável;Com Vítimas Feridas;Pleno dia;Crescente;Nublado;Simples;Reta;Não;2;0;1;0;1;0;0;2;-9,77622376;-66,57114029;SPRF-RO;DEL01-RO;UOP03-DEL01-RO
751883;12/02/2026;quinta-feira;21:50:00;SP;116;301,1;ITAPECERICA DA SERRA;Ausência de reação do condutor;Tombamento;Com Vítimas Feridas;Plena Noite;Crescente;Nublado;Dupla;Reta;Não;1;0;1;0;1;0;0;1;-23,76489126;-46,90732984;SPRF-SP;DEL04/SP;UOP01-DEL04-SP
751885;12/02/2026;quinta-feira;19:18:00;MS;163;571,6;BANDEIRANTES;Ausência de reação do condutor;Saída de leito carroçável;Sem Vítimas;Plena Noite;Crescente;Nublado;Simples;Reta;Não;2;0;0;0;0;0;1;2;-19,712465;-54,351101;SPRF-MS;DEL01/MS;UOP02-DEL01-MS
751890;12/02/2026;quinta-feira;19:13:00;MT;70;516;VARZEA GRANDE;Condutor deixou de manter distância do veículo da frente;Colisão traseira;Com Vítimas Feridas;Plena Noite;Decrescente;Céu Claro;Simples;Reta;Sim;3;0;1;0;1;1;0;4;-15,69378123;-56,16760254;SPRF-MT;DEL01/MT;UOP02-DEL01-MT
751895;12/02/2026;quinta-feira;23:00:00;PR;116;27;CAMPINA GRANDE DO SUL;Acessar a via sem observar a presença dos outros veículos;Colisão lateral mesmo sentido;Sem Vítimas;Plena Noite;Crescente;Céu Claro;Dupla;Reta;Não;3;0;0;0;0;2;0;3;-25,10881023;-48,79667759;SPRF-PR;DEL01/PR;UOP02-DEL01-PR
751896;13/02/2026;sexta-feira;00:10:00;SP;116;221;GUARULHOS;Trafegar com motocicleta (ou similar) entre as faixas;Colisão lateral mesmo sentido;Com Vítimas Feridas;Plena Noite;Crescente;Céu Claro;Múltipla;Reta;Sim;3;0;0;1;1;2;0;3;-23,46873719;-46,51018012;SPRF-SP;DEL01/SP;UOP01-DEL01-SP
751898;12/02/2026;quinta-feira;23:20:00;PR;272;541;FRANCISCO ALVES;Ausência de reação do condutor;Colisão traseira;Com Vítimas Feridas;Plena Noite;Crescente;Céu Claro;Simples;Reta;Não;3;0;1;0;1;1;0;3;-24,07360974;-53,98694213;SPRF-PR;DEL06/PR;UOP01-DEL06-PR
751907;13/02/2026;sexta-feira;00:10:00;RJ;116;256;PIRAI;Ausência de reação do condutor;Colisão traseira;Com Vítimas Feridas;Plena Noite;Decrescente;Céu Claro;Múltipla;Reta;Não;2;0;1;0;1;0;0;2;-22,58141013;-43,99432031;SPRF-RJ;DEL07/RJ;UOP01-DEL07-RJ
751908;12/02/2026;quinta-feira;23:00:00;MG;262;413,3;PARA DE MINAS;Condutor usando celular;Saída de leito carroçável;Com Vítimas Feridas;Plena Noite;Decrescente;Céu Claro;Dupla;"Reta;Declive";Sim;2;0;1;0;1;0;0;3;-19,88321679;-44,75155234;SPRF-MG;DEL08/MG;UOP03-DEL08-MG
751914;13/02/2026;sexta-feira;01:40:00;PR;369;163;CAMBE;Pedestre andava na pista;Atropelamento de Pedestre;Com Vítimas Fatais;Plena Noite;Decrescente;Ignorado;Dupla;"Declive;Reta";Não;5;1;0;0;0;4;0;2;-23,29689493;-51,27993189;SPRF-PR;DEL07/PR;UOP01-DEL07-PR
751915;13/02/2026;sexta-feira;01:30:00;RS;472;558;URUGUAIANA;Condutor Dormindo;Saída de leito carroçável;Com Vítimas Feridas;Plena Noite;Crescente;Nublado;Simples;Reta;Não;3;0;2;0;2;0;0;2;-29,70666968;-56,92202854;SPRF-RS;DEL13/RS;UOP01-DEL13-RS
751916;13/02/2026;sexta-feira;02:10:00;SP;116;37,8;CACHOEIRA PAULISTA;Velocidade Incompatível;Tombamento;Com Vítimas Feridas;Plena Noite;Decrescente;Céu Claro;Dupla;"Curva;Declive";Não;1;0;0;1;1;0;0;1;-22,66927;-44,98966;SPRF-SP;DEL08/SP;UOP02-DEL08-SP