id;data_inversa;dia_semana;horario;uf;br;km;municipio;causa_acidente;tipo_acidente;classificacao_acidente;fase_dia;sentido_via;condicao_metereologica;tipo_pista;tracado_via;uso_solo;pessoas;mortos;feridos_leves;feridos_graves;feridos;ilesos;ignorados;veiculos;latitude;longitude;regional;delegacia;uop
751919;13/02/2026;sexta-feira;02:55:00;MG;365;210,9;BURITIZEIRO;Demais falhas mecânicas ou elétricas;Incêndio;Sem Vítimas;Plena Noite;Crescente;Céu Claro;Simples;Reta;Não;2;0;0;0;0;1;0;2;-17,54015;-45,3018;SPRF-MG;DEL10/MG;UOP02-DEL010-MG
751925;13/02/2026;sexta-feira;06:00:00;MG;381;396;BOM JESUS DO AMPARO;Reação tardia ou ineficiente do condutor;Colisão com objeto;Com Vítimas Fatais;Amanhecer;Decrescente;Céu Claro;Dupla;"Reta;Viaduto";Não;5;1;1;1;2;2;0;4;-19,739853;-43,506966;SPRF-MG;DEL01/MG;UOP01-DEL01-MG
751926;12/02/2026;quinta-feira;21:30:00;SC;470;65,3;INDAIAL;Condutor deixou de manter distância do veículo da frente;Colisão traseira;Com Vítimas Feridas;Plena Noite;Decrescente;Céu Claro;Simples;"Desvio Temporário;Em Obras";Não;3;0;1;0;1;1;0;4;-26,8706;-49,21444;SPRF-SC;DEL04/SC;UOP01-DEL04-SC
751929;13/02/2026;sexta-feira;04:50:00;MS;267;124,4;NOVA ANDRADINA;Acessar a via sem observar a presença dos outros veículos;Colisão transversal;Com Vítimas Feridas;Amanhecer;Decrescente;Chuva;Simples;"Reta;Aclive";Não;3;0;0;1;1;1;0;3;-21,75801503;-53,25746477;SPRF-MS;DEL02/MS;UOP03-DEL02-MS
751931;13/02/2026;sexta-feira;05:45:00;SC;101;45,5;JOINVILLE;Velocidade Incompatível;Colisão traseira;Com Vítimas Feridas;Pleno dia;Crescente;Céu Claro;Dupla;"Reta;Aclive";Sim;3;0;1;0;1;2;0;2;-26,35228251;-48,85832238;SPRF-SC;DEL03/SC;UOP01-DEL03-SC
751938;13/02/2026;sexta-feira;07:26:00;TO;153;676;GURUPI;Manobra de mudança de faixa;Colisão traseira;Com Vítimas Feridas;Pleno dia;Crescente;Céu Claro;Dupla;Reta;Sim;3;0;1;0;1;1;0;3;-11,75583718;-49,09296888;SPRF-TO;DEL01-TO;UOP02-DEL01-TO
751939;12/02/2026;quinta-feira;21:30:00;PR;277;479,2;NOVA LARANJEIRAS;Pedestre - Ingestão de álcool/ substâncias psicoativas;Atropelamento de Pedestre;Com Vítimas Fatais;Plena Noite;Decrescente;Céu Claro;Simples;"Aclive;Reta";Não;3;1;0;0;0;0;0;2;-25,29632;-52,57219;SPRF-PR;DEL04/PR;UOP02-DEL04-PR
751941;13/02/2026;sexta-feira;07:10:00;MG;50;164;UBERABA;Reação tardia ou ineficiente do condutor;Colisão traseira;Com Vítimas Feridas;Pleno dia;Decrescente;Céu Claro;Dupla;"Aclive;Reta";Não;3;0;1;0;1;1;0;4;-19,6972493;-47,9869416;SPRF-MG;DEL13/MG;UOP01-DEL13-MG
751948;13/02/2026;sexta-feira;04:40:00;BA;101;542;SAO JOSE DA VITORIA;Objeto estático sobre o leito carroçável;Colisão com objeto;Com Vítimas Fatais;Amanhecer;Decrescente;Chuva;Simples;Curva;Não;6;1;2;1;3;2;0;4;-15,092602;-39,347972;SPRF-BA;DEL05/BA;UOP02-DEL05-BA
751949;12/02/2026;quinta-feira;17:37:00;MT;364;457;VARZEA GRANDE;Avarias e/ou desgaste excessivo no pneu;Colisão frontal;Com Vítimas Fatais;Anoitecer;Decrescente;Chuva;Simples;Reta;Não;4;1;0;0;0;1;0;5;-15,484962;-56,28693;SPRF-MT;DEL01/MT;UOP02-DEL01-MT
751950;13/02/2026;sexta-feira;06:48:00;MG;381;700,7;LAVRAS;Reação tardia ou ineficiente do condutor;Engavetamento;Com Vítimas Fatais;Pleno dia;Crescente;Sol;Dupla;"Curva;Declive";Não;6;1;3;0;3;1;0;5;-21,28647629;-45,14145407;SPRF-MG;DEL04/MG;UOP02-DEL04-MG
751952;13/02/2026;sexta-feira;04:00:00;BA;101;542;SAO JOSE DA VITORIA;Objeto estático sobre o leito carroçável;Colisão com objeto;Com Vítimas Fatais;Amanhecer;Decrescente;Chuva;Simples;Curva;Não;6;2;4;0;4;0;0;2;-15,092602;-39,347972;SPRF-BA;DEL05/BA;UOP02-DEL05-BA
751953;13/02/2026;sexta-feira;07:40:00;ES;101;289;CARIACICA;Avarias e/ou desgaste excessivo no pneu;Colisão lateral mesmo sentido;Com Vítimas Feridas;Pleno dia;Decrescente;Céu Claro;Dupla;"Reta;Declive";Sim;4;0;1;0;1;2;0;4;-20,2805902;-40,3926253;SPRF-ES;DEL01-ES;UOP01-DEL01-ES
751958;13/02/2026;sexta-feira;06:45:00;MS;163;468;CAMPO GRANDE;Ultrapassagem Indevida;Colisão lateral mesmo sentido;Com Vítimas Feridas;Amanhecer;Crescente;Céu Claro;Simples;Reta;Sim;3;0;1;0;1;1;0;5;-20,57404;-54,56888;SPRF-MS;DEL01/MS;UOP01-DEL01-MS
751959;13/02/2026;sexta-feira;08:10:00;DF;20;8,2;BRASILIA;Ausência de reação do condutor;Colisão traseira;Com Vítimas Feridas;Pleno dia;Decrescente;Céu Claro;Dupla;Declive;Sim;4;0;1;1;2;2;0;3;-15,656567;-47,788223;SPRF-DF;DEL02-DF;UOP01-DEL02-DF
751960;12/02/2026;quinta-feira;17:23:00;MT;364;464;VARZEA GRANDE;Reação tardia ou ineficiente do condutor;Colisão frontal;Com Vítimas Feridas;Anoitecer;Decrescente;Chuva;Simples;"Curva;Declive";Não;4;0;0;2;2;1;0;4;-15,4488051;-56,3276834;SPRF-MT;DEL01/MT;UOP02-DEL01-MT
751966;13/02/2026;sexta-feira;09:10:00;SP;116;540;BARRA DO TURVO;Ausência de reação do condutor;Colisão traseira;Com Vítimas Feridas;Pleno dia;Crescente;Céu Claro;Dupla;Curva;Não;2;0;1;0;1;1;0;2;-24,9288372;-48,2715897;SPRF-SP;DEL05/SP;UOP02-DEL05-SP
751973;13/02/2026;sexta-feira;05:15:00;GO;452;82;PORTEIRAO;Retorno proibido;Colisão transversal;Sem Vítimas;Amanhecer;Decrescente;Céu Claro;Simples;"Reta;Declive";Não;3;0;0;0;0;2;0;7;-18,049172;-50,19449;SPRF-GO;DEL03/GO;UOP02-DEL03-GO
751986;13/02/2026;sexta-feira;09:30:00;RN;304;301,9;MACAIBA;Reação tardia ou ineficiente do condutor;Engavetamento;Sem Vítimas;Pleno dia;Decrescente;Sol;Dupla;Em Obras;Não;5;0;0;0;0;4;0;4;-5,87931446;-35,29818064;SPRF-RN;DEL01-RN;UOP02-DEL01-RN
751988;13/02/2026;sexta-feira;07:30:00;PR;277;182;PALMEIRA;Velocidade Incompatível;Colisão traseira;Com Vítimas Feridas;Pleno dia;Crescente;Nublado;Simples;"Reta;Declive";Não;9;0;3;0;3;3;0;7;-25,430509;-50,039141;SPRF-PR;DEL08/PR;UOP02-DEL08-PR
751990;12/02/2026;quinta-feira;23:50:00;GO;452;153;ITUMBIARA;Demais falhas mecânicas ou elétricas;Tombamento;Com Vítimas Feridas;Plena Noite;Crescente;Nevoeiro/Neblina;Simples;"Curva;Declive";Não;2;0;1;0;1;0;0;3;-18,30196;-49,58372;SPRF-GO;DEL03/GO;UOP02-DEL03-GO
751992;13/02/2026;sexta-feira;09:00:00;MG;116;708,5;MURIAE;Ultrapassagem Indevida;Colisão lateral mesmo sentido;Com Vítimas Feridas;Pleno dia;Decrescente;Sol;Simples;Reta;Não;4;0;1;0;1;2;0;3;-21,17417658;-42,37199742;SPRF-MG;DEL07/MG;UOP02-DEL07-MG
752003;13/02/2026;sexta-feira;08:00:00;RN;101;99;PARNAMIRIM;Reação tardia ou ineficiente do condutor;Colisão com objeto;Sem Vítimas;Pleno dia;Decrescente;Céu Claro;Dupla;Reta;Sim;1;0;0;0;0;1;0;1;-5,8776966;-35,22350756;SPRF-RN;DEL01-RN;UOP01-DEL01-RN
752006;13/02/2026;sexta-feira;10:30:00;PR;277;346;GUARAPUAVA;Ausência de reação do condutor;Colisão com objeto;Com Vítimas Feridas;Pleno dia;Decrescente;Céu Claro;Dupla;Curva;Sim;1;0;1;0;1;0;0;1;-25,34883;-51,45522;SPRF-PR;DEL08/PR;UOP01-DEL08-PR
752008;13/02/2026;sexta-feira;09:35:00;MA;135;90,7;ITAPECURU MIRIM;Ultrapassagem Indevida;Colisão frontal;Com Vítimas Fatais;Pleno dia;Decrescente;Céu Claro;Simples;Reta;Não;3;1;2;0;2;0;0;2;-3,298118;-44,41706;SPRF-MA;DEL01-MA;UOP02-DEL01-MA
752011;13/02/2026;sexta-feira;11:30:00;MT;364;202;RONDONOPOLIS;Ausência de reação do condutor;Colisão lateral mesmo sentido;Com Vítimas Feridas;Pleno dia;Decrescente;Céu Claro;Dupla;Reta;Sim;2;0;1;0;1;0;0;2;-16,48219;-54,65026;SPRF-MT;DEL02/MT;UOP01-DEL02-MT
752017;13/02/2026;sexta-feira;11:35:00;PR;376;160;MARINGA;Manobra de mudança de faixa;Colisão traseira;Com Vítimas Feridas;Pleno dia;Crescente;Chuva;Dupla;Reta;Sim;3;0;1;0;1;1;0;5;-23,3670281;-52,06935883;SPRF-PR;DEL09/PR;UOP02-DEL09-PR
752019;13/02/2026;sexta-feira;12:15:00;SC;116;206,6;PONTE ALTA;Acessar a via sem observar a presença dos outros veículos;Colisão transversal;Com Vítimas Feridas;Pleno dia;Crescente;Céu Claro;Simples;Declive;Sim;3;0;1;0;1;1;0;3;-27,47882966;-50,38050978;SPRF-SC;DEL05/SC;UOP03-DEL05-SC
752023;13/02/2026;sexta-feira;13:00:00;SP;381;86;SAO PAULO;Reação tardia ou ineficiente do condutor;Colisão traseira;Com Vítimas Feridas;Pleno dia;Decrescente;Céu Claro;Dupla;"Reta;Declive";Sim;4;0;1;0;1;2;0;3;-23,4561985;-46,5731781;SPRF-SP;DEL03/SP;UOP01-DEL03-SP
752025;13/02/2026;sexta-feira;12:00:00;SP;381;58;MAIRIPORA;Ausência de reação do condutor;Colisão lateral mesmo sentido;Com Vítimas Feridas;Pleno dia;Decrescente;Nublado;Dupla;Reta;Não;3;0;1;0;1;1;0;3;-23,278393;-46,58530354;SPRF-SP;DEL03/SP;UOP01-DEL03-SP
752028;13/02/2026;sexta-feira;13:40:00;PR;116;11;COLOMBO;Condutor usando celular;Colisão traseira;Com Vítimas Feridas;Pleno dia;Crescente;Céu Claro;Dupla;Reta;Sim;2;0;1;0;1;1;0;2;-25,371828;-49,134595;SPRF-PR;DEL01/PR;UOP02-DEL01-PR
752035;13/02/2026;sexta-feira;12:30:00;MS;163;839;SONORA;Demais falhas mecânicas ou elétricas;Incêndio;Com Vítimas Feridas;Pleno dia;Crescente;Nublado;Simples;Reta;Não;3;0;0;2;2;0;0;4;-17,5784253;-54,7426249;SPRF-MS;DEL06/MS;UOP01-DEL06-MS
752043;13/02/2026;sexta-feira;14:10:00;SC;101;74;ARAQUARI;Ausência de reação do condutor;Colisão transversal;Com Vítimas Feridas;Pleno dia;Crescente;Nublado;Múltipla;Reta;Não;5;0;1;0;1;3;0;4;-26,55104429;-48,7151324;SPRF-SC;DEL03/SC;UOP02-DEL03-SC
752054;13/02/2026;sexta-feira;13:10:00;MT;70;70;GENERAL CARNEIRO;Ausência de reação do condutor;Saída de leito carroçável;Sem Vítimas;Pleno dia;Crescente;Céu Claro;Simples;Reta;Sim;2;0;0;0;0;1;0;3;-15,7070994;-52,76341293;SPRF-MT;DEL07/MT;UOP01-DEL07-MT
752061;13/02/2026;sexta-feira;16:10:00;MG;381;484;BETIM;Trafegar com motocicleta (ou similar) entre as faixas;Colisão lateral mesmo sentido;Com Vítimas Feridas;Pleno dia;Crescente;Céu Claro;Dupla;Curva;Sim;3;0;1;0;1;1;0;4;-19,95932105;-44,08939775;SPRF-MG;DEL01/MG;UOP03-DEL01-MG
752077;13/02/2026;sexta-feira;14:30:00;SC;282;72;RANCHO QUEIMADO;Ausência de reação do condutor;Colisão lateral mesmo sentido;Com Vítimas Feridas;Pleno dia;Decrescente;Chuva;Simples;Curva;Não;4;0;1;1;2;2;0;2;-27,68340019;-49,10549164;SPRF-SC;DEL01/SC;UOP03-DEL01-SC
752085;13/02/2026;sexta-feira;16:30:00;MT;364;272,1;JACIARA;Ultrapassagem Indevida;Colisão lateral mesmo sentido;Com Vítimas Fatais;Pleno dia;Decrescente;Céu Claro;Dupla;Reta;Sim;4;1;0;0;0;1;0;5;-15,964185;-54,963327;SPRF-MT;DEL05/MT;UOP02-DEL05-MT
752093;13/02/2026;sexta-feira;18:00:00;RJ;116;178;MESQUITA;Acessar a via sem observar a presença dos outros veículos;Colisão traseira;Com Vítimas Feridas;Pleno dia;Crescente;Céu Claro;Dupla;Reta;Não;3;0;1;0;1;1;0;3;-22,7687667;-43,4098381;SPRF-RJ;DEL06/RJ;UOP01-DEL06-RJ
752094;13/02/2026;sexta-feira;17:30:00;RJ;116;271;BARRA MANSA;Reação tardia ou ineficiente do condutor;Engavetamento;Sem Vítimas;Anoitecer;Crescente;Céu Claro;Dupla;Reta;Sim;8;0;0;0;0;7;0;7;-22,55790046;-44,12615319;SPRF-RJ;DEL07/RJ;UOP02-DEL07-RJ
752099;13/02/2026;sexta-feira;15:30:00;SC;116;234;CORREIA PINTO;Carga excessiva e/ou mal acondicionada;Capotamento;Com Vítimas Feridas;Pleno dia;Crescente;Nublado;Múltipla;Reta;Não;1;0;1;0;1;0;0;1;-27,7040866;-50,3354074;SPRF-SC;DEL05/SC;UOP01-DEL05-SC
752106;09/02/2026;segunda-feira;08:00:00;MG;381;481;CONTAGEM;Ausência de reação do condutor;Colisão traseira;Com Vítimas Feridas;Pleno dia;Crescente;Céu Claro;Simples;Reta;Sim;3;0;1;0;1;1;0;3;-19,95818151;-44,05971257;SPRF-MG;DEL01/MG;UOP03-DEL01-MG
752107;13/02/2026;sexta-feira;15:00:00;RS;386;123,9;SARANDI;Condutor deixou de manter distância do veículo da frente;Colisão traseira;Com Vítimas Feridas;Pleno dia;Crescente;Céu Claro;Simples;Reta;Não;2;0;1;0;1;1;0;2;-27,88980129;-52,98684597;SPRF-RS;DEL08/RS;UOP01-DEL08-RS
752110;13/02/2026;sexta-feira;18:15:00;PR;277;591,9;CASCAVEL;Condutor deixou de manter distância do veículo da frente;Colisão traseira;Com Vítimas Feridas;Anoitecer;Decrescente;Chuva;Simples;"Reta;Aclive";Sim;3;0;1;0;1;2;0;3;-24,980004;-53,452729;SPRF-PR;DEL04/PR;UOP01-DEL04-PR
752112;13/02/2026;sexta-feira;17:45:00;MT;364;349;SANTO ANTONIO DO LEVERGER;Reação tardia ou ineficiente do condutor;Colisão lateral mesmo sentido;Com Vítimas Feridas;Anoitecer;Crescente;Céu Claro;Dupla;"Curva;Declive";Não;8;0;2;2;4;3;0;6;-15,79294;-55,58115;SPRF-MT;DEL05/MT;UOP02-DEL05-MT
752126;13/02/2026;sexta-feira;16:35:00;MG;381;231,5;SANTANA DO PARAISO;Ausência de reação do condutor;Colisão traseira;Com Vítimas Feridas;Pleno dia;Decrescente;Céu Claro;Simples;Reta;Não;3;0;2;0;2;1;0;2;-19,370629;-42,456213;SPRF-MG;DEL06/MG;UOP01-DEL06-MG
752127;13/02/2026;sexta-feira;15:30:00;BA;110;117;ANTAS;Ultrapassagem Indevida;Colisão frontal;Com Vítimas Feridas;Pleno dia;Crescente;Chuva;Simples;Declive;Não;4;0;1;0;1;1;0;4;-10,408;-38,358;SPRF-BA;DEL07/BA;UOP02-DEL07-BA
752130;13/02/2026;sexta-feira;19:30:00;PR;476;223;LAPA;Transitar na contramão;Colisão lateral sentido oposto;Com Vítimas Feridas;Plena Noite;Crescente;Chuva;Simples;Reta;Não;3;0;0;1;1;1;0;3;-25,822491;-49,9177456;SPRF-PR;DEL01/PR;UOP06-DEL01-PR
752141;13/02/2026;sexta-feira;18:10:00;MA;10;255;IMPERATRIZ;Reação tardia ou ineficiente do condutor;Colisão traseira;Com Vítimas Feridas;Plena Noite;Decrescente;Nublado;Simples;Reta;Não;3;0;1;1;2;1;0;3;-5,502165;-47,471882;SPRF-MA;DEL04-MA;UOP01-DEL04-MA
752146;13/02/2026;sexta-feira;21:00:00;MG;381;502;BETIM;Reação tardia ou ineficiente do condutor;Colisão lateral mesmo sentido;Sem Vítimas;Plena Noite;Decrescente;Céu Claro;Dupla;Reta;Sim;4;0;0;0;0;2;0;3;-19,95846274;-44,07078146;SPRF-MG;DEL01/MG;UOP03-DEL01-MG
752147;13/02/2026;sexta-feira;19:30:00;SC;282;591,1;SAUDADES;Ausência de reação do condutor;Colisão com objeto;Com Vítimas Feridas;Plena Noite;Decrescente;Chuva;Simples;Interseção de Vias;Não;2;0;0;1;1;0;0;2;-26,8259647;-53,09112422;SPRF-SC;DEL07/SC;UOP02-DEL07-SC
752148;13/02/2026;sexta-feira;20:10:00;GO;60;342;SANTO ANTONIO DA BARRA;Manobra de mudança de faixa;Colisão lateral mesmo sentido;Com Vítimas Feridas;Plena Noite;Crescente;Céu Claro;Dupla;Reta;Não;4;0;0;1;1;2;0;3;-17,564127;-50,645167;SPRF-GO;DEL04/GO;UOP02-DEL04-GO
752152;13/02/2026;sexta-feira;19:45:00;PR;116;198,7;RIO NEGRO;Ausência de reação do condutor;Colisão traseira;Com Vítimas Feridas;Plena Noite;Decrescente;Chuva;Simples;Reta;Não;5;0;4;0;4;0;0;2;-26,04706703;-49,70609665;SPRF-SC;DEL06/SC;UOP01-DEL06-SC
752154;13/02/2026;sexta-feira;21:10:00;ES;101;267;SERRA;Manobra de mudança de faixa;Colisão lateral mesmo sentido;Com Vítimas Feridas;Plena Noite;Crescente;Céu Claro;Dupla;Reta;Sim;4;0;1;0;1;2;0;3;-20,19656844;-40,26866198;SPRF-ES;DEL02-ES;UOP01-DEL02-ES
752156;13/02/2026;sexta-feira;22:20:00;SC;101;131;CAMBORIU;Carga excessiva e/ou mal acondicionada;Colisão com objeto;Com Vítimas Feridas;Plena Noite;Crescente;Céu Claro;Dupla;Reta;Sim;2;0;1;0;1;1;0;2;-26,99397;-48,659985;SPRF-SC;DEL04/SC;UOP03-DEL04-SC
752158;13/02/2026;sexta-feira;21:45:00;RS;392;348,1;SANTA MARIA;Ausência de reação do condutor;Colisão frontal;Com Vítimas Fatais;Plena Noite;Crescente;Nublado;Simples;"Ponte;Reta";Não;7;2;0;2;2;1;0;4;-29,74981943;-53,7908113;SPRF-RS;DEL09/RS;UOP01-DEL09-RS
752160;13/02/2026;sexta-feira;19:43:00;SC;282;105,5;ALFREDO WAGNER;Transitar na contramão;Colisão frontal;Com Vítimas Fatais;Plena Noite;Crescente;Chuva;Simples;"Curva;Declive";Não;3;1;0;0;0;1;0;3;-27,694495;-49,347697;SPRF-SC;DEL01/SC;UOP03-DEL01-SC
752161;13/02/2026;sexta-feira;21:00:00;PE;232;211;PESQUEIRA;Condutor Dormindo;Colisão frontal;Com Vítimas Fatais;Plena Noite;Decrescente;Céu Claro;Simples;Reta;Sim;2;1;0;0;0;1;0;2;-8,3724933;-36,71206;SPRF-PE;DEL03/PE;UOP02-DEL03-PE
752174;13/02/2026;sexta-feira;11:30:00;PA;163;104;ALTAMIRA;Ausência de reação do condutor;Tombamento;Com Vítimas Feridas;Pleno dia;Crescente;Chuva;Simples;"Curva;Declive";Não;2;0;1;0;1;0;0;4;-8,72753606;-54,97265914;SPRF-MT;DEL06/MT;UOP03-DEL06-MT
752175;13/02/2026;sexta-feira;22:30:00;RS;386;181,1;CARAZINHO;Ingestão de álcool pelo condutor;Saída de leito carroçável;Com Vítimas Feridas;Plena Noite;Crescente;Nublado;Simples;Reta;Não;1;0;1;0;1;0;0;1;-28,308726;-52,738075;SPRF-RS;DEL08/RS;UOP01-DEL08-RS
752179;13/02/2026;sexta-feira;22:30:00;BA;418;113;NOVA VICOSA;Acessar a via sem observar a presença dos outros veículos;Colisão transversal;Com Vítimas Feridas;Plena Noite;Decrescente;Céu Claro;Simples;Reta;Não;4;0;0;1;1;2;0;5;-17,8929679;-40,05224615;SPRF-BA;DEL09/BA;UOP02-DEL09-BA
752180;13/02/2026;sexta-feira;16:10:00;RJ;465;2,6;SEROPEDICA;Acesso irregular;Tombamento;Com Vítimas Feridas;Pleno dia;Crescente;Céu Claro;Simples;Curva;Não;2;0;1;0;1;0;0;2;-22,72932379;-43,71665955;SPRF-RJ;DEL06/RJ;UOP02-DEL06-RJ
752187;13/02/2026;sexta-feira;21:47:00;RJ;465;0,8;SEROPEDICA;Acesso irregular;Colisão transversal;Com Vítimas Feridas;Plena Noite;Decrescente;Nublado;Múltipla;"Reta;Interseção de Vias";Sim;3;0;1;1;2;1;0;2;-22,71745057;-43,72798741;SPRF-RJ;DEL06/RJ;UOP02-DEL06-RJ
752189;13/02/2026;sexta-feira;23:55:00;RS;285;523,9;VITORIA DAS MISSOES;Reação tardia ou ineficiente do condutor;Colisão lateral sentido oposto;Com Vítimas Feridas;Plena Noite;Crescente;Céu Claro;Simples;"Reta;Declive";Não;3;0;1;0;1;1;0;2;-28,402193;-54,51466;SPRF-RS;DEL10/RS;UOP01-DEL10-RS
752191;13/02/2026;sexta-feira;23:50:00;MG;40;628;CONSELHEIRO LAFAIETE;Velocidade Incompatível;Colisão traseira;Com Vítimas Feridas;Plena Noite;Crescente;Céu Claro;Dupla;Reta;Sim;2;0;1;0;1;1;0;2;-20,650317;-43,809358;SPRF-MG;DEL05/MG;UOP02-DEL05-MG
752192;13/02/2026;sexta-feira;23:00:00;SC;282;21,7;PALHOCA;Reação tardia ou ineficiente do condutor;Saída de leito carroçável;Sem Vítimas;Plena Noite;Crescente;Chuva;Simples;Reta;Não;2;0;0;0;0;1;0;2;-27,687225;-48,713682;SPRF-SC;DEL01/SC;UOP02-DEL01-SC
752199;13/02/2026;sexta-feira;22:15:00;SC;470;269,9;BRUNOPOLIS;Transitar na contramão;Colisão lateral sentido oposto;Com Vítimas Fatais;Plena Noite;Crescente;Chuva;Simples;"Curva;Aclive";Não;2;1;0;0;0;1;0;2;-27,31900962;-50,77365875;SPRF-SC;DEL07/SC;UOP06-DEL07-SC
752201;13/02/2026;sexta-feira;23:30:00;SP;116;323;JUQUITIBA;Reação tardia ou ineficiente do condutor;Colisão traseira;Com Vítimas Feridas;Plena Noite;Crescente;Céu Claro;Dupla;Reta;Não;2;0;1;0;1;1;0;2;-23,93802068;-47,03830464;SPRF-SP;DEL04/SP;UOP03-DEL04-SP
752205;14/02/2026;sábado;01:35:00;RS;290;12;SANTO ANTONIO DA PATRULHA;Reação tardia ou ineficiente do condutor;Colisão traseira;Com Vítimas Feridas;Plena Noite;Decrescente;Nublado;Múltipla;Reta;Não;3;0;1;0;1;1;0;3;-29,88294;-50,39011;SPRF-RS;DEL03/RS;UOP01-DEL03-RS
752209;14/02/2026;sábado;01:20:00;SE;101;1;PROPRIA;Condutor Dormindo;Saída de leito carroçável;Com Vítimas Feridas;Plena Noite;Crescente;Céu Claro;Dupla;Reta;Sim;1;0;1;0;1;0;0;1;-10,21972554;-36,82762798;SPRF-SE;DEL02-SE;UOP02-DEL02-SE
752210;14/02/2026;sábado;01:45:00;GO;50;260;CATALAO;Ausência de reação do condutor;Colisão traseira;Com Vítimas Feridas;Plena Noite;Crescente;Céu Claro;Dupla;Reta;Não;3;0;1;0;1;1;0;4;-18,0668819;-47,86399841;SPRF-GO;DEL06/GO;UOP01-DEL06-GO
752216;14/02/2026;sábado;03:33:00;GO;60;218;VARJAO;Ausência de reação do condutor;Colisão traseira;Com Vítimas Feridas;Plena Noite;Decrescente;Céu Claro;Dupla;"Aclive;Reta";Não;3;0;0;2;2;0;0;2;-16,972336;-49,735856;SPRF-GO;DEL01/GO;UOP02-DEL01-GO
752221;14/02/2026;sábado;04:54:00;SP;116;179;GUARAREMA;Acessar a via sem observar a presença dos outros veículos;Colisão traseira;Com Vítimas Feridas;Amanhecer;Decrescente;Céu Claro;Dupla;Reta;Sim;3;0;0;1;1;1;0;3;-23,33317671;-46,1385021;SPRF-SP;DEL01/SP;UOP01-DEL01-SP
752222;14/02/2026;sábado;02:24:00;PR;277;200,9;PALMEIRA;Acessar a via sem observar a presença dos outros veículos;Colisão transversal;Com Vítimas Feridas;Plena Noite;Crescente;Céu Claro;Simples;Reta;Não;3;0;0;1;1;1;0;4;-25,463612;-50,226822;SPRF-PR;DEL08/PR;UOP02-DEL08-PR
752227;14/02/2026;sábado;04:55:00;PB;230;229,3;SOLEDADE;Transitar na contramão;Colisão frontal;Com Vítimas Fatais;Plena Noite;Crescente;Céu Claro;Simples;Reta;Não;7;5;1;0;1;0;0;3;-7,035238;-36,476996;SPRF-PB;DEL02-PB;UOP02-DEL02-PB
752228;13/02/2026;sexta-feira;19:30:00;BA;242;774;BARREIRAS;Ultrapassagem Indevida;Colisão frontal;Com Vítimas Feridas;Plena Noite;Crescente;Céu Claro;Simples;Reta;Não;3;0;0;1;1;1;0;3;-12,15848;-44,64602;SPRF-BA;DEL10/BA;UOP01-DEL10-BA
752252;14/02/2026;sábado;08:00:00;MG;40;287;TRES MARIAS;Transitar na contramão;Colisão lateral sentido oposto;Com Vítimas Feridas;Pleno dia;Crescente;Céu Claro;Simples;"Reta;Aclive";Não;3;0;1;0;1;2;0;2;-18,266641;-45,152808;SPRF-MG;DEL14/MG;UOP02-DEL14-MG
752258;14/02/2026;sábado;08:40:00;SC;101;35,6;PALHOCA;Condutor Dormindo;Colisão traseira;Com Vítimas Feridas;Pleno dia;Crescente;Céu Claro;Dupla;Reta;Não;3;0;1;0;1;1;0;5;-27,63486072;-48,71637695;SPRF-SC;DEL01/SC;UOP02-DEL01-SC
752273;14/02/2026;sábado;06:54:00;MG;365;765;ITUIUTABA;Ingestão de álcool pelo condutor;Colisão traseira;Com Vítimas Feridas;Pleno dia;Decrescente;Céu Claro;Múltipla;Reta;Não;2;0;2;0;2;0;0;2;-18,962165;-49,591833;SPRF-MG;DEL15/MG;UOP03-DEL15-MG
752280;14/02/2026;sábado;09:40:00;BA;116;582,6;NOVA ITARANA;Velocidade Incompatível;Saída de leito carroçável;Com Vítimas Feridas;Pleno dia;Crescente;Céu Claro;Simples;Curva;Não;2;0;1;0;1;0;0;2;-13,113366;-39,990057;SPRF-BA;DEL03/BA;UOP02-DEL03-BA
752300;14/02/2026;sábado;06:00:00;PR;153;121,6;IBAITI;Velocidade Incompatível;Saída de leito carroçável;Com Vítimas Feridas;Amanhecer;Crescente;Céu Claro;Simples;Curva;Não;1;0;1;0;1;0;0;1;-23,93485488;-50,23935065;SPRF-PR;DEL07/PR;UOP04-DEL07-PR
752301;14/02/2026;sábado;12:00:00;SP;116;33;CRUZEIRO;Demais falhas mecânicas ou elétricas;Incêndio;Sem Vítimas;Pleno dia;Decrescente;Sol;Dupla;Aclive;Não;2;0;0;0;0;1;0;3;-22,64411922;-44,93570501;SPRF-SP;DEL08/SP;UOP02-DEL08-SP
752303;14/02/2026;sábado;11:30:00;RJ;116;230;PIRAI;Ultrapassagem Indevida;Colisão lateral mesmo sentido;Com Vítimas Fatais;Pleno dia;Crescente;Céu Claro;Simples;"Aclive;Em Obras";Não;4;1;1;0;1;2;0;3;-22,6774075;-43,8280531;SPRF-RJ;DEL07/RJ;UOP01-DEL07-RJ
752307;14/02/2026;sábado;11:00:00;MS;158;29,4;PARANAIBA;Demais falhas na via;Tombamento;Sem Vítimas;Pleno dia;Crescente;Céu Claro;Simples;"Declive;Ponte";Não;2;0;0;0;0;1;0;4;-19,226619;-51,520984;SPRF-MS;DEL08/MS;UOP01-DEL08-MS
752308;14/02/2026;sábado;11:10:00;MS;163;206,3;CAARAPO;Transitar na contramão;Colisão lateral sentido oposto;Com Vítimas Feridas;Pleno dia;Crescente;Céu Claro;Simples;"Rotatória;Reta";Não;3;0;0;1;1;1;0;3;-22,651071;-54,808822;SPRF-MS;DEL04/MS;UOP02-DEL04-MS