id;data_inversa;dia_semana;horario;uf;br;km;municipio;causa_acidente;tipo_acidente;classificacao_acidente;fase_dia;sentido_via;condicao_metereologica;tipo_pista;tracado_via;uso_solo;pessoas;mortos;feridos_leves;feridos_graves;feridos;ilesos;ignorados;veiculos;latitude;longitude;regional;delegacia;uop
754298;23/02/2026;segunda-feira;23:30:00;MG;40;529,1;CONTAGEM;Ausência de reação do condutor;Saída de leito carroçável;Com Vítimas Feridas;Plena Noite;Crescente;Garoa/Chuvisco;Dupla;"Curva;Aclive";Sim;1;0;0;1;1;0;0;1;-19,9125961;-44,041731;SPRF-MG;DEL01/MG;UOP02-DEL01-MG
754301;23/02/2026;segunda-feira;23:25:00;PB;230;19;JOAO PESSOA;Reação tardia ou ineficiente do condutor;Colisão traseira;Com Vítimas Feridas;Plena Noite;Crescente;Nublado;Dupla;Curva;Sim;6;0;1;0;1;5;0;6;-7,1287885;-34,8486088;SPRF-PB;DEL01-PB;UOP01-DEL01-PB
754302;24/02/2026;terça-feira;00:01:00;MG;381;352;JOAO MONLEVADE;Velocidade Incompatível;Colisão frontal;Com Vítimas Feridas;Plena Noite;Crescente;Nublado;Simples;Curva;Sim;4;0;1;0;1;2;0;3;-19,83897233;-43,19515228;SPRF-MG;DEL03/MG;UOP01-DEL03-MG
754304;23/02/2026;segunda-feira;23:30:00;MG;381;276;JAGUARACU;Ingestão de álcool pelo condutor;Colisão frontal;Com Vítimas Feridas;Plena Noite;Decrescente;Nublado;Simples;Reta;Sim;3;0;1;0;1;1;0;3;-19,58708508;-42,73225576;SPRF-MG;DEL03/MG;UOP02-DEL03-MG
754305;23/02/2026;segunda-feira;22:30:00;PR;163;289;MARECHAL CANDIDO RONDON;Ultrapassagem Indevida;Colisão lateral sentido oposto;Com Vítimas Feridas;Plena Noite;Crescente;Nublado;Múltipla;"Reta;Aclive";Não;8;0;3;3;6;1;0;3;-24,51923327;-54,07500207;SPRF-PR;DEL06/PR;UOP02-DEL06-PR
754308;24/02/2026;terça-feira;00:05:00;SP;116;504;CAJATI;Ausência de reação do condutor;Eventos atípicos;Sem Vítimas;Plena Noite;Crescente;Chuva;Dupla;Curva;Não;2;0;0;0;0;1;0;2;-24,78112392;-48,18500519;SPRF-SP;DEL05/SP;UOP02-DEL05-SP
754309;24/02/2026;terça-feira;00:10:00;RJ;101;121;CAMPOS DOS GOYTACAZES;Iluminação deficiente;Colisão traseira;Com Vítimas Feridas;Plena Noite;Crescente;Chuva;Dupla;Reta;Não;5;0;3;0;3;1;0;3;-22,041605;-41,692861;SPRF-RJ;DEL08/RJ;UOP02-DEL08-RJ
754310;23/02/2026;segunda-feira;21:30:00;GO;158;64;PIRANHAS;Pista esburacada;Colisão lateral sentido oposto;Com Vítimas Feridas;Plena Noite;Crescente;Nublado;Simples;"Reta;Aclive";Não;6;0;1;1;2;3;0;9;-16,29931;-51,965888;SPRF-GO;DEL04/GO;UOP02-DEL04-GO
754311;23/02/2026;segunda-feira;21:00:00;MT;364;497,9;JANGADA;Pedestre - Ingestão de álcool/ substâncias psicoativas;Atropelamento de Pedestre;Com Vítimas Fatais;Plena Noite;Crescente;Chuva;Simples;Reta;Não;3;1;0;0;0;1;0;3;-15,212155;-56,504004;SPRF-MT;DEL01/MT;UOP01-DEL01-MT
754312;24/02/2026;terça-feira;03:50:00;MG;262;361;JUATUBA;Ausência de reação do condutor;Saída de leito carroçável;Sem Vítimas;Plena Noite;Decrescente;Chuva;Dupla;"Declive;Reta";Sim;1;0;0;0;0;0;1;1;-19,974065;-44,319513;SPRF-MG;DEL01/MG;UOP03-DEL01-MG
754319;24/02/2026;terça-feira;05:15:00;MT;163;1028;PEIXOTO DE AZEVEDO;Ausência de reação do condutor;Colisão traseira;Com Vítimas Feridas;Amanhecer;Crescente;Garoa/Chuvisco;Simples;Reta;Não;3;0;0;1;1;1;0;5;-10,2542;-54,997;SPRF-MT;DEL06/MT;UOP03-DEL06-MT
754324;24/02/2026;terça-feira;07:30:00;BA;324;614;SALVADOR;Condutor deixou de manter distância do veículo da frente;Colisão lateral mesmo sentido;Com Vítimas Feridas;Pleno dia;Crescente;Céu Claro;Dupla;Reta;Não;3;0;1;0;1;2;0;3;-12,8719765;-38,4276393;SPRF-BA;DEL01/BA;UOP01-DEL01-BA
754325;24/02/2026;terça-feira;07:30:00;PE;101;70;RECIFE;Entrada inopinada do pedestre;Colisão com objeto;Sem Vítimas;Pleno dia;Crescente;Chuva;Múltipla;Reta;Sim;1;0;0;0;0;1;0;1;-8,072047;-34,942588;SPRF-PE;DEL01/PE;UOP01-DEL01-PE
754327;24/02/2026;terça-feira;06:06:00;RO;364;421;JARU;Condutor deixou de manter distância do veículo da frente;Colisão traseira;Com Vítimas Feridas;Amanhecer;Decrescente;Chuva;Simples;Reta;Não;2;0;1;0;1;1;0;2;-10,46482;-62,452665;SPRF-RO;DEL03-RO;UOP02-DEL03-RO
754330;20/02/2026;sexta-feira;11:30:00;RS;287;438,3;UNISTALDA;Acostamento em desnível;Capotamento;Com Vítimas Feridas;Pleno dia;Decrescente;Céu Claro;Simples;Reta;Não;2;0;1;0;1;1;0;1;-29,04626548;-55,19805908;SPRF-RS;DEL12/RS;UOP02-DEL12-RS
754334;24/02/2026;terça-feira;06:00:00;MT;163;1105;GUARANTA DO NORTE;Pista esburacada;Colisão lateral sentido oposto;Com Vítimas Feridas;Pleno dia;Decrescente;Nublado;Simples;Reta;Não;3;0;1;0;1;1;0;7;-9,62852;-54,88211;SPRF-MT;DEL06/MT;UOP03-DEL06-MT
754335;24/02/2026;terça-feira;07:48:00;PE;232;133;CARUARU;Transitar na contramão;Atropelamento de Pedestre;Com Vítimas Fatais;Pleno dia;Crescente;Céu Claro;Dupla;Reta;Sim;2;1;0;0;0;0;0;2;-8,30804;-36,02265;SPRF-PE;DEL02/PE;UOP03-DEL02-PE
754340;24/02/2026;terça-feira;07:10:00;BA;116;9,9;VITORIA DA CONQUISTA;Acessar a via sem observar a presença dos outros veículos;Colisão traseira;Com Vítimas Feridas;Pleno dia;Crescente;Céu Claro;Simples;Reta;Sim;5;0;3;0;3;1;0;4;-14,85761;-40,87747;SPRF-BA;DEL08/BA;UOP01-DEL08-BA
754342;24/02/2026;terça-feira;06:30:00;MT;70;320;DOM AQUINO;Transitar na contramão;Colisão lateral sentido oposto;Com Vítimas Feridas;Pleno dia;Decrescente;Chuva;Simples;Reta;Não;3;0;1;1;2;0;0;3;-15,515637;-54,629753;SPRF-MT;DEL05/MT;UOP01-DEL05-MT
754351;24/02/2026;terça-feira;08:00:00;MG;381;943,5;EXTREMA;Ausência de reação do condutor;Colisão traseira;Com Vítimas Feridas;Pleno dia;Decrescente;Céu Claro;Dupla;"Reta;Aclive";Não;5;0;1;0;1;3;0;5;-22,84230708;-46,33011639;SPRF-MG;DEL16/MG;UOP03-DEL16-MG
754353;24/02/2026;terça-feira;07:12:00;RJ;101;489;ANGRA DOS REIS;Chuva;Colisão traseira;Com Vítimas Feridas;Pleno dia;Crescente;Nublado;Simples;Reta;Não;2;0;1;0;1;1;0;2;-22,956081;-44,30361;SPRF-RJ;DEL03/RJ;UOP03-DEL03-RJ
754354;24/02/2026;terça-feira;04:00:00;BA;116;886;CANDIDO SALES;Condutor Dormindo;Saída de leito carroçável;Com Vítimas Feridas;Plena Noite;Crescente;Nublado;Simples;"Declive;Reta";Não;2;0;1;0;1;0;0;2;-15,33318;-41,15819;SPRF-BA;DEL08/BA;UOP03-DEL08-BA
754357;24/02/2026;terça-feira;06:15:00;RJ;101;19;CAMPOS DOS GOYTACAZES;Acessar a via sem observar a presença dos outros veículos;Colisão lateral mesmo sentido;Sem Vítimas;Pleno dia;Decrescente;Céu Claro;Simples;Reta;Sim;3;0;0;0;0;1;0;3;-21,37932695;-41,34247541;SPRF-RJ;DEL08/RJ;UOP01-DEL08-RJ
754358;24/02/2026;terça-feira;08:45:00;BA;324;621;SALVADOR;Reação tardia ou ineficiente do condutor;Colisão lateral mesmo sentido;Sem Vítimas;Pleno dia;Crescente;Céu Claro;Dupla;Reta;Sim;4;0;0;0;0;3;0;3;-12,93100191;-38,47062326;SPRF-BA;DEL01/BA;UOP01-DEL01-BA
754359;24/02/2026;terça-feira;08:30:00;MG;381;186,2;PERIQUITO;Transitar na contramão;Colisão lateral sentido oposto;Com Vítimas Feridas;Pleno dia;Crescente;Chuva;Simples;"Declive;Reta";Não;3;0;2;0;2;1;0;2;-19,095216;-42,195304;SPRF-MG;DEL06/MG;UOP01-DEL06-MG
754360;07/01/2026;quarta-feira;09:40:00;SC;101;101,2;BALNEARIO PICARRAS;Ausência de reação do condutor;Engavetamento;Com Vítimas Feridas;Pleno dia;Crescente;Sol;Múltipla;"Reta;Declive";Não;7;0;2;0;2;4;0;7;-26,769603;-48,68623344;SPRF-SC;DEL03/SC;UOP02-DEL03-SC
754361;24/02/2026;terça-feira;08:15:00;SP;381;57;MAIRIPORA;Ausência de reação do condutor;Engavetamento;Sem Vítimas;Pleno dia;Crescente;Nublado;Dupla;"Aclive;Reta";Não;5;0;0;0;0;5;0;5;-23,27125527;-46,58469127;SPRF-SP;DEL03/SP;UOP01-DEL03-SP
754362;20/01/2026;terça-feira;13:30:00;RS;116;361;SENTINELA DO SUL;Ausência de reação do condutor;Colisão traseira;Com Vítimas Feridas;Pleno dia;Crescente;Céu Claro;Dupla;Reta;Não;3;0;1;0;1;1;0;5;-30,62708419;-51,5473029;SPRF-RS;DEL02/RS;UOP02-DEL02-RS
754364;24/02/2026;terça-feira;09:58:00;SC;282;5,1;SAO JOSE;Reação tardia ou ineficiente do condutor;Colisão traseira;Sem Vítimas;Pleno dia;Decrescente;Nublado;Múltipla;Reta;Não;3;0;0;0;0;3;0;3;-27,58763;-48,614602;SPRF-SC;DEL01/SC;UOP01-DEL01-SC
754369;23/01/2026;sexta-feira;13:10:00;SC;282;454;PONTE SERRADA;Velocidade Incompatível;Tombamento;Com Vítimas Feridas;Pleno dia;Decrescente;Céu Claro;Simples;Curva;Não;2;0;1;0;1;0;0;2;-26,89668509;-51,97788048;SPRF-SC;DEL07/SC;UOP04-DEL07-SC
754375;24/02/2026;terça-feira;10:15:00;SC;116;245,5;LAGES;Acessar a via sem observar a presença dos outros veículos;Colisão transversal;Com Vítimas Feridas;Pleno dia;Crescente;Nublado;Simples;Rotatória;Sim;5;0;1;0;1;3;0;3;-27,79968;-50,36354;SPRF-SC;DEL05/SC;UOP02-DEL05-SC
754376;24/02/2026;terça-feira;11:11:00;RN;406;146,5;CEARA-MIRIM;Manobra de mudança de faixa;Colisão lateral sentido oposto;Com Vítimas Feridas;Pleno dia;Decrescente;Sol;Simples;Curva;Não;2;0;1;0;1;1;0;2;-5,64511098;-35,46882057;SPRF-RN;DEL02-RN;UOP01-DEL02-RN
754379;24/02/2026;terça-feira;11:40:00;MG;40;599;OURO PRETO;Falta de acostamento;Colisão lateral mesmo sentido;Com Vítimas Feridas;Pleno dia;Decrescente;Chuva;Simples;"Curva;Aclive";Não;5;0;1;0;1;3;0;4;-20,423445;-43,87715;SPRF-MG;DEL05/MG;UOP02-DEL05-MG
754382;24/02/2026;terça-feira;11:30:00;PR;376;350;ORTIGUEIRA;Ausência de reação do condutor;Colisão traseira;Com Vítimas Feridas;Pleno dia;Crescente;Céu Claro;Dupla;Reta;Sim;3;0;1;0;1;1;0;4;-24,2284;-50,9264;SPRF-PR;DEL07/PR;UOP02-DEL07-PR
754388;24/02/2026;terça-feira;12:30:00;PR;376;225;APUCARANA;Acessar a via sem observar a presença dos outros veículos;Colisão lateral mesmo sentido;Com Vítimas Feridas;Pleno dia;Crescente;Céu Claro;Dupla;"Curva;Em Obras";Não;3;0;1;0;1;2;0;2;-23,56585561;-51,52770281;SPRF-PR;DEL07/PR;UOP03-DEL07-PR
754396;24/02/2026;terça-feira;06:50:00;MG;364;23;FRUTAL;Ultrapassagem Indevida;Colisão lateral mesmo sentido;Com Vítimas Feridas;Pleno dia;Crescente;Nublado;Simples;"Reta;Aclive";Não;3;0;2;0;2;1;0;2;-20,04281344;-48,85235874;SPRF-MG;DEL13/MG;UOP02-DEL13-MG
754403;24/02/2026;terça-feira;11:50:00;RJ;101;13;CAMPOS DOS GOYTACAZES;Transitar na contramão;Colisão lateral sentido oposto;Com Vítimas Feridas;Pleno dia;Crescente;Céu Claro;Simples;Reta;Não;2;0;1;0;1;1;0;2;-21,33259366;-41,33210063;SPRF-RJ;DEL08/RJ;UOP01-DEL08-RJ
754404;24/02/2026;terça-feira;13:15:00;RN;304;84,2;ACU;Condutor deixou de manter distância do veículo da frente;Colisão traseira;Com Vítimas Feridas;Pleno dia;Decrescente;Céu Claro;Simples;Reta;Não;2;0;0;1;1;1;0;2;-5,50057;-37,14393;SPRF-RN;DEL04-RN;UOP01-DEL04-RN
754415;24/02/2026;terça-feira;13:00:00;BA;324;535,1;CONCEICAO DO JACUIPE;Condutor deixou de manter distância do veículo da frente;Colisão traseira;Com Vítimas Feridas;Pleno dia;Decrescente;Chuva;Dupla;Reta;Sim;3;0;1;0;1;0;0;3;-12,368801;-38,813802;SPRF-BA;DEL11/BA;UOP02-DEL11-BA
754418;24/02/2026;terça-feira;15:45:00;RS;386;423;MONTENEGRO;Condutor Dormindo;Saída de leito carroçável;Sem Vítimas;Pleno dia;Crescente;Chuva;Simples;Reta;Não;2;0;0;0;0;2;0;1;-29,8176751;-51,38723499;SPRF-RS;DEL04/RS;UOP02-DEL04-RS
754419;24/02/2026;terça-feira;13:40:00;RJ;40;120,9;DUQUE DE CAXIAS;Reação tardia ou ineficiente do condutor;Colisão traseira;Com Vítimas Feridas;Pleno dia;Crescente;Nublado;Múltipla;Reta;Sim;3;0;1;0;1;1;0;3;-22,78209694;-43,28580022;SPRF-RJ;DEL01/RJ;UOP02-DEL01-RJ
754426;24/02/2026;terça-feira;15:50:00;PB;101;82,8;BAYEUX;Manobra de mudança de faixa;Queda de ocupante de veículo;Com Vítimas Feridas;Pleno dia;Decrescente;Sol;Dupla;Viaduto;Sim;3;0;1;1;2;0;0;2;-7,132763;-34,93062;SPRF-PB;DEL01-PB;UOP01-DEL01-PB
754428;22/02/2026;domingo;12:55:00;MT;158;453;RIBEIRAO CASCALHEIRA;Reação tardia ou ineficiente do condutor;Tombamento;Sem Vítimas;Pleno dia;Crescente;Céu Claro;Simples;Curva;Não;2;0;0;0;0;1;0;3;-13,03478093;-51,8938923;SPRF-MT;DEL07/MT;UOP02-DEL07-MT
754435;24/02/2026;terça-feira;14:40:00;BA;242;850;BARREIRAS;Ausência de reação do condutor;Tombamento;Sem Vítimas;Pleno dia;Crescente;Garoa/Chuvisco;Simples;Reta;Não;2;0;0;0;0;1;0;3;-12,109561;-45,29507161;SPRF-BA;DEL10/BA;UOP01-DEL10-BA
754437;24/02/2026;terça-feira;16:00:00;MG;40;606,2;CONGONHAS;Condutor deixou de manter distância do veículo da frente;Colisão transversal;Com Vítimas Feridas;Pleno dia;Decrescente;Chuva;Simples;"Curva;Em Obras";Não;4;0;2;0;2;1;0;3;-20,48770894;-43,8375728;SPRF-MG;DEL05/MG;UOP02-DEL05-MG
754438;24/02/2026;terça-feira;10:00:00;SC;282;505,3;XANXERE;Desrespeitar a preferência no cruzamento;Colisão frontal;Com Vítimas Feridas;Pleno dia;Decrescente;Nublado;Múltipla;Reta;Não;3;0;1;0;1;1;0;3;-26,886086;-52,419711;SPRF-SC;DEL07/SC;UOP01-DEL07-SC
754441;24/02/2026;terça-feira;15:30:00;SP;116;29,5;CRUZEIRO;Transitar no Acostamento;Colisão lateral mesmo sentido;Sem Vítimas;Pleno dia;Decrescente;Céu Claro;Dupla;"Declive;Curva";Não;4;0;0;0;0;4;0;3;-22,63619396;-44,9356699;SPRF-SP;DEL08/SP;UOP02-DEL08-SP
754446;24/02/2026;terça-feira;15:30:00;GO;452;11;RIO VERDE;Transitar no Acostamento;Colisão traseira;Com Vítimas Feridas;Pleno dia;Crescente;Céu Claro;Simples;Reta;Não;10;0;2;0;2;7;0;3;-17,829898;-50,825608;SPRF-GO;DEL04/GO;UOP01-DEL04-GO
754453;24/02/2026;terça-feira;17:20:00;RJ;40;37,2;AREAL;Reação tardia ou ineficiente do condutor;Colisão com objeto;Com Vítimas Feridas;Pleno dia;Decrescente;Chuva;Dupla;"Declive;Curva";Não;2;0;1;0;1;0;0;2;-22,22352;-43,125099;SPRF-RJ;DEL05/RJ;UOP02-DEL05-RJ
754462;24/02/2026;terça-feira;17:45:00;RO;364;514;ARIQUEMES;Ultrapassagem Indevida;Colisão transversal;Com Vítimas Feridas;Pleno dia;Decrescente;Céu Claro;Simples;"Reta;Aclive";Sim;2;0;1;0;1;1;0;2;-9,927605;-63,054884;SPRF-RO;DEL03-RO;UOP01-DEL03-RO
754465;24/02/2026;terça-feira;19:55:00;RJ;101;114;CAMPOS DOS GOYTACAZES;Ausência de reação do condutor;Atropelamento de Pedestre;Com Vítimas Feridas;Plena Noite;Decrescente;Chuva;Dupla;Reta;Não;6;0;0;1;1;4;0;5;-21,9853696;-41,6627134;SPRF-RJ;DEL08/RJ;UOP02-DEL08-RJ
754466;22/02/2026;domingo;22:53:00;PA;163;625;TRAIRAO;Acessar a via sem observar a presença dos outros veículos;Colisão transversal;Com Vítimas Fatais;Plena Noite;Decrescente;Céu Claro;Simples;Interseção de Vias;Sim;3;2;0;0;0;0;0;2;-4,57389;-55,9439;SPRF-PA;DEL05/PA;UOP03-DEL05-PA
754469;24/02/2026;terça-feira;18:47:00;DF;20;39,4;BRASILIA;Demais falhas mecânicas ou elétricas;Eventos atípicos;Com Vítimas Feridas;Anoitecer;Crescente;Chuva;Dupla;"Declive;Reta";Não;13;0;9;0;9;2;0;4;-15,58176631;-47,51794644;SPRF-DF;DEL02-DF;UOP01-DEL02-DF
754475;24/02/2026;terça-feira;20:00:00;RS;293;105,3;PINHEIRO MACHADO;Acessar a via sem observar a presença dos outros veículos;Colisão transversal;Com Vítimas Feridas;Plena Noite;Crescente;Nublado;Simples;"Interseção de Vias;Reta";Sim;3;0;1;0;1;1;0;3;-31,57565124;-53,36967079;SPRF-RS;DEL11/RS;UOP03-DEL11-RS
754477;24/02/2026;terça-feira;18:00:00;TO;153;415;MIRANORTE;Falta de acostamento;Colisão traseira;Com Vítimas Fatais;Pleno dia;Crescente;Céu Claro;Dupla;Reta;Sim;3;1;0;0;0;1;0;3;-9,545;-48,597;SPRF-TO;DEL01-TO;UOP01-DEL01-TO
754483;24/02/2026;terça-feira;19:55:00;MG;116;174,3;PADRE PARAISO;Reação tardia ou ineficiente do condutor;Colisão frontal;Com Vítimas Fatais;Plena Noite;Crescente;Chuva;Simples;"Declive;Curva";Não;3;1;0;0;0;1;0;5;-17,051399;-41,458164;SPRF-MG;DEL11/MG;UOP02-DEL11-MG
754485;23/02/2026;segunda-feira;00:10:00;PA;163;36;NOVO PROGRESSO;Reação tardia ou ineficiente do condutor;Tombamento;Sem Vítimas;Plena Noite;Crescente;Céu Claro;Simples;Curva;Não;3;0;0;0;0;1;0;4;-9,05446412;-54,91550446;SPRF-MT;DEL06/MT;UOP03-DEL06-MT
754493;24/02/2026;terça-feira;23:15:00;PR;277;38,5;MORRETES;Velocidade Incompatível;Saída de leito carroçável;Com Vítimas Feridas;Plena Noite;Decrescente;Nublado;Múltipla;"Declive;Curva";Não;2;0;1;0;1;0;0;2;-25,57225298;-48,84100914;SPRF-PR;DEL01/PR;UOP05-DEL01-PR
754494;24/02/2026;terça-feira;23:15:00;MG;365;695;MONTE ALEGRE DE MINAS;Condutor Dormindo;Colisão lateral mesmo sentido;Com Vítimas Feridas;Plena Noite;Decrescente;Garoa/Chuvisco;Dupla;Reta;Não;4;0;2;0;2;1;0;3;-18,85349451;-49,12062073;SPRF-MG;DEL15/MG;UOP03-DEL15-MG
754500;24/02/2026;terça-feira;23:25:00;PR;277;205;PALMEIRA;Objeto estático sobre o leito carroçável;Colisão com objeto;Com Vítimas Fatais;Plena Noite;Decrescente;Nublado;Simples;Reta;Não;4;1;0;0;0;2;0;9;-25,46513;-50,25036;SPRF-PR;DEL08/PR;UOP02-DEL08-PR
754506;24/02/2026;terça-feira;23:27:00;TO;153;241;COLINAS DO TOCANTINS;Condutor Dormindo;Tombamento;Com Vítimas Feridas;Plena Noite;Decrescente;Chuva;Simples;"Declive;Reta";Não;2;0;1;0;1;0;0;2;-7,98445314;-48,46440403;SPRF-TO;DEL02-TO;UOP01-DEL02-TO
754509;25/02/2026;quarta-feira;03:40:00;PR;476;325,4;PAULO FRONTIN;Condutor Dormindo;Colisão com objeto;Sem Vítimas;Plena Noite;Decrescente;Céu Claro;Simples;"Reta;Interseção de Vias";Não;2;0;0;0;0;1;0;2;-26,09325;-50,77482;SPRF-PR;DEL02/PR;UOP03-DEL02-PR
754512;24/02/2026;terça-feira;21:00:00;RN;304;118;ITAJA;Animais na Pista;Atropelamento de Animal;Sem Vítimas;Plena Noite;Crescente;Céu Claro;Simples;Reta;Não;1;0;0;0;0;1;0;1;-5,65542657;-36,81231022;SPRF-RN;DEL04-RN;UOP01-DEL04-RN
754513;25/02/2026;quarta-feira;04:40:00;RJ;393;247;BARRA DO PIRAI;Ingestão de álcool pelo condutor;Colisão frontal;Sem Vítimas;Amanhecer;Crescente;Nublado;Simples;Reta;Não;3;0;0;0;0;1;0;3;-22,43095851;-43,7713868;SPRF-RJ;DEL05/RJ;UOP04-DEL05-RJ
754515;25/02/2026;quarta-feira;05:45:00;SP;116;413;JUQUIA;Transitar na contramão;Colisão frontal;Com Vítimas Fatais;Amanhecer;Crescente;Nublado;Dupla;Reta;Sim;3;1;0;0;0;1;0;4;-24,33099582;-47,63064321;SPRF-SP;DEL05/SP;UOP01-DEL05-SP
754522;25/02/2026;quarta-feira;00:45:00;PR;116;1,5;CAMPINA GRANDE DO SUL;Velocidade Incompatível;Saída de leito carroçável;Com Vítimas Feridas;Plena Noite;Crescente;Garoa/Chuvisco;Dupla;Curva;Não;2;0;1;0;1;0;0;2;-25,06464735;-48,57124071;SPRF-PR;DEL01/PR;UOP02-DEL01-PR
754539;25/02/2026;quarta-feira;08:00:00;MG;381;343;JOAO MONLEVADE;Reação tardia ou ineficiente do condutor;Colisão traseira;Com Vítimas Feridas;Pleno dia;Decrescente;Céu Claro;Simples;Reta;Não;2;0;1;0;1;1;0;2;-19,861796;-43,119457;SPRF-MG;DEL03/MG;UOP01-DEL03-MG
754541;25/02/2026;quarta-feira;07:50:00;SC;282;37,1;AGUAS MORNAS;Transitar na contramão;Colisão lateral sentido oposto;Com Vítimas Feridas;Pleno dia;Crescente;Céu Claro;Simples;Reta;Não;4;0;1;0;1;3;0;3;-27,707765;-48,844038;SPRF-SC;DEL01/SC;UOP03-DEL01-SC
754545;25/02/2026;quarta-feira;06:50:00;MT;158;640;BARRA DO GARCAS;Ausência de reação do condutor;Colisão lateral sentido oposto;Com Vítimas Feridas;Pleno dia;Decrescente;Céu Claro;Simples;Reta;Não;5;0;2;0;2;2;0;7;-15,44744799;-52,20954901;SPRF-MT;DEL07/MT;UOP02-DEL07-MT
754549;25/02/2026;quarta-feira;07:45:00;MT;70;269;PRIMAVERA DO LESTE;Acessar a via sem observar a presença dos outros veículos;Colisão frontal;Com Vítimas Feridas;Pleno dia;Decrescente;Nublado;Simples;Reta;Não;5;0;3;0;3;1;0;5;-15,537917;-54,19679;SPRF-MT;DEL05/MT;UOP01-DEL05-MT
754551;11/02/2026;quarta-feira;08:40:00;SC;101;163;TIJUCAS;Condutor deixou de manter distância do veículo da frente;Colisão traseira;Com Vítimas Feridas;Pleno dia;Decrescente;Céu Claro;Múltipla;Reta;Não;2;0;1;0;1;1;0;2;-27,2303297;-48,62906384;SPRF-SC;DEL04/SC;UOP03-DEL04-SC
754553;25/02/2026;quarta-feira;07:50:00;PE;101;45,2;IGARASSU;Reação tardia ou ineficiente do condutor;Colisão traseira;Com Vítimas Feridas;Pleno dia;Crescente;Céu Claro;Dupla;Reta;Sim;4;0;0;1;1;2;0;4;-7,865483;-34,907325;SPRF-PE;DEL01/PE;UOP02-DEL01-PE
754557;25/02/2026;quarta-feira;10:27:00;CE;116;60;CHOROZINHO;Mal súbito do condutor;Saída de leito carroçável;Com Vítimas Feridas;Pleno dia;Decrescente;Sol;Simples;Reta;Não;2;0;1;0;1;1;0;2;-4,25629;-38,486483;SPRF-CE;DEL01/CE;UOP04-DEL01-CE
754563;25/02/2026;quarta-feira;10:30:00;SP;116;229;SAO PAULO;Condutor deixou de manter distância do veículo da frente;Colisão lateral mesmo sentido;Com Vítimas Feridas;Pleno dia;Crescente;Céu Claro;Múltipla;Reta;Sim;2;0;1;0;1;1;0;2;-23,50778117;-46,57105636;SPRF-SP;DEL01/SP;UOP01-DEL01-SP
754565;25/02/2026;quarta-feira;10:43:00;PR;277;67,5;SAO JOSE DOS PINHAIS;Manobra de mudança de faixa;Saída de leito carroçável;Com Vítimas Feridas;Pleno dia;Crescente;Nublado;Dupla;Reta;Sim;3;0;1;0;1;1;0;4;-25,52357;-49,100813;SPRF-PR;DEL01/PR;UOP01-DEL01-PR
754566;25/02/2026;quarta-feira;11:00:00;PR;376;594,8;ARAUCARIA;Ausência de reação do condutor;Colisão traseira;Com Vítimas Feridas;Pleno dia;Crescente;Nublado;Dupla;Reta;Sim;4;0;2;0;2;1;0;4;-25,57336109;-49,38781232;SPRF-PR;DEL01/PR;UOP06-DEL01-PR
754567;25/02/2026;quarta-feira;08:40:00;MG;381;287,7;ANTONIO DIAS;Mal súbito do condutor;Colisão traseira;Com Vítimas Feridas;Pleno dia;Crescente;Nublado;Dupla;"Curva;Aclive;Viaduto";Não;4;0;2;0;2;1;0;3;-19,64177917;-42,81756163;SPRF-MG;DEL03/MG;UOP02-DEL03-MG
754569;25/02/2026;quarta-feira;11:00:00;PB;230;12;CABEDELO;Retorno proibido;Colisão transversal;Com Vítimas Feridas;Pleno dia;Decrescente;Céu Claro;Dupla;"Desvio Temporário;Reta;Interseção de Vias;Em Obras";Sim;3;0;1;1;2;1;0;2;-7,08238;-34,848818;SPRF-PB;DEL01-PB;UOP01-DEL01-PB
754576;25/02/2026;quarta-feira;07:30:00;MS;163;777,5;COXIM;Reação tardia ou ineficiente do condutor;Saída de leito carroçável;Com Vítimas Feridas;Pleno dia;Decrescente;Chuva;Simples;Reta;Não;2;0;1;0;1;0;0;2;-18,111067;-54,698263;SPRF-MS;DEL06/MS;UOP01-DEL06-MS
754577;25/02/2026;quarta-feira;12:30:00;SP;116;278;EMBU DAS ARTES;Manobra de mudança de faixa;Colisão traseira;Com Vítimas Feridas;Pleno dia;Decrescente;Céu Claro;Dupla;Curva;Sim;2;0;1;0;1;1;0;2;-23,638981;-46,8352747;SPRF-SP;DEL04/SP;UOP01-DEL04-SP
754580;25/02/2026;quarta-feira;10:50:00;PR;277;37,5;MORRETES;Problema com o freio;Colisão lateral mesmo sentido;Com Vítimas Feridas;Pleno dia;Decrescente;Céu Claro;Dupla;"Em Obras;Reta";Não;4;0;1;1;2;1;0;6;-25,57471113;-48,85019302;SPRF-PR;DEL01/PR;UOP05-DEL01-PR
754581;25/02/2026;quarta-feira;11:10:00;RS;285;190,7;LAGOA VERMELHA;Reação tardia ou ineficiente do condutor;Saída de leito carroçável;Com Vítimas Feridas;Pleno dia;Crescente;Céu Claro;Simples;Curva;Não;2;0;1;0;1;0;0;3;-28,261159;-51,4777;SPRF-RS;DEL08/RS;UOP05-DEL08-RS
754584;25/02/2026;quarta-feira;13:00:00;MG;40;610;CONGONHAS;Velocidade Incompatível;Tombamento;Com Vítimas Feridas;Pleno dia;Crescente;Céu Claro;Simples;Curva;Não;2;0;0;1;1;0;0;2;-20,511531;-43,840567;SPRF-MG;DEL05/MG;UOP02-DEL05-MG