id;data_inversa;dia_semana;horario;uf;br;km;municipio;causa_acidente;tipo_acidente;classificacao_acidente;fase_dia;sentido_via;condicao_metereologica;tipo_pista;tracado_via;uso_solo;pessoas;mortos;feridos_leves;feridos_graves;feridos;ilesos;ignorados;veiculos;latitude;longitude;regional;delegacia;uop
754870;26/02/2026;quinta-feira;09:19:00;RO;364;388;OURO PRETO DO OESTE;Reação tardia ou ineficiente do condutor;Colisão transversal;Com Vítimas Feridas;Pleno dia;Decrescente;Nublado;Simples;"Interseção de Vias;Reta";Não;2;0;0;1;1;1;0;2;-10,68706;-62,274195;SPRF-RO;DEL03-RO;UOP02-DEL03-RO
754871;26/02/2026;quinta-feira;17:30:00;BA;101;511;ITABUNA;Transitar na contramão;Colisão frontal;Com Vítimas Feridas;Anoitecer;Decrescente;Nublado;Simples;Reta;Não;3;0;1;1;2;0;0;3;-14,852515;-39,280742;SPRF-BA;DEL05/BA;UOP01-DEL05-BA
754872;26/02/2026;quinta-feira;14:58:00;MT;364;249;JUSCIMEIRA;Velocidade Incompatível;Colisão traseira;Com Vítimas Feridas;Pleno dia;Crescente;Chuva;Dupla;Aclive;Não;5;0;1;0;1;3;0;4;-16,12123025;-54,85200477;SPRF-MT;DEL02/MT;UOP01-DEL02-MT
754873;08/01/2026;quinta-feira;16:00:00;GO;40;89;CRISTALINA;Ausência de reação do condutor;Colisão lateral sentido oposto;Com Vítimas Fatais;Pleno dia;Crescente;Céu Claro;Simples;"Reta;Declive";Não;7;1;0;4;4;1;0;3;-16,72063594;-47,65246511;SPRF-DF;DEL01-DF;UOP02-DEL01-DF
754877;18/02/2026;quarta-feira;03:10:00;PR;153;41,5;SANTO ANTONIO DA PLATINA;Entrada inopinada do pedestre;Atropelamento de Pedestre;Com Vítimas Feridas;Plena Noite;Decrescente;Céu Claro;Simples;"Reta;Interseção de Vias";Sim;2;0;1;0;1;1;0;2;-23,29456298;-50,06503757;SPRF-PR;DEL07/PR;UOP04-DEL07-PR
754878;26/02/2026;quinta-feira;18:20:00;PR;116;32;CAMPINA GRANDE DO SUL;Velocidade Incompatível;Tombamento;Com Vítimas Feridas;Anoitecer;Decrescente;Garoa/Chuvisco;Dupla;"Aclive;Curva";Não;2;0;1;0;1;0;0;2;-25,11194814;-48,84684563;SPRF-PR;DEL01/PR;UOP02-DEL01-PR
754883;26/02/2026;quinta-feira;19:30:00;MG;40;516,1;RIBEIRAO DAS NEVES;Manobra de mudança de faixa;Colisão traseira;Com Vítimas Feridas;Plena Noite;Decrescente;Nublado;Dupla;Reta;Não;5;0;2;0;2;2;0;3;-19,81782907;-44,08825994;SPRF-MG;DEL01/MG;UOP02-DEL01-MG
754884;26/02/2026;quinta-feira;19:50:00;GO;153;438;ANAPOLIS;Condutor deixou de manter distância do veículo da frente;Colisão traseira;Com Vítimas Feridas;Plena Noite;Crescente;Chuva;Múltipla;"Reta;Aclive";Sim;3;0;1;1;2;1;0;2;-16,313431;-48,921792;SPRF-GO;DEL02/GO;UOP01-DEL02-GO
754885;26/02/2026;quinta-feira;08:20:00;PR;153;497;GENERAL CARNEIRO;Ausência de reação do condutor;Colisão traseira;Com Vítimas Feridas;Pleno dia;Decrescente;Sol;Simples;Curva;Não;8;0;2;0;2;5;0;7;-26,45778841;-51,32269319;SPRF-PR;DEL02/PR;UOP03-DEL02-PR
754897;26/02/2026;quinta-feira;20:15:00;PR;376;485,9;PONTA GROSSA;Manobra de mudança de faixa;Colisão lateral mesmo sentido;Com Vítimas Fatais;Plena Noite;Crescente;Nublado;Dupla;Reta;Sim;4;1;0;0;0;2;0;5;-25,11073379;-50,18930197;SPRF-PR;DEL03/PR;UOP03-DEL03-PR
754901;26/02/2026;quinta-feira;22:00:00;PR;369;505,7;CASCAVEL;Conversão proibida;Colisão lateral mesmo sentido;Com Vítimas Feridas;Plena Noite;Decrescente;Céu Claro;Simples;"Interseção de Vias;Retorno Regulamentado;Reta";Sim;2;0;1;0;1;1;0;2;-24,945975;-53,398279;SPRF-PR;DEL04/PR;UOP01-DEL04-PR
754903;26/02/2026;quinta-feira;18:40:00;RJ;116;144;DUQUE DE CAXIAS;Ausência de reação do condutor;Colisão com objeto;Com Vítimas Fatais;Plena Noite;Crescente;Chuva;Dupla;Reta;Não;4;2;1;0;1;1;0;2;-22,65494365;-43,24162069;SPRF-RJ;DEL01/RJ;UOP02-DEL01-RJ
754904;26/02/2026;quinta-feira;21:27:00;ES;101;29,5;PINHEIROS;Demais falhas mecânicas ou elétricas;Colisão com objeto;Com Vítimas Feridas;Plena Noite;Crescente;Chuva;Simples;"Declive;Reta";Não;1;0;1;0;1;0;0;1;-18,35768088;-39,95508069;SPRF-ES;DEL04-ES;UOP02-DEL04-ES
754907;26/02/2026;quinta-feira;20:40:00;GO;158;200;CAIAPONIA;Ausência de reação do condutor;Saída de leito carroçável;Com Vítimas Feridas;Plena Noite;Decrescente;Céu Claro;Múltipla;"Declive;Curva";Não;2;0;1;0;1;0;0;3;-17,311848;-51,879503;SPRF-GO;DEL05/GO;UOP01-DEL05-GO
754908;26/02/2026;quinta-feira;20:00:00;PA;230;120;MARABA;Demais falhas mecânicas ou elétricas;Colisão com objeto;Com Vítimas Feridas;Plena Noite;Decrescente;Nublado;Dupla;Reta;Sim;3;0;1;0;1;2;0;2;-5,35518268;-49,12198604;SPRF-PA;DEL03/PA;UOP01-DEL03-PA
754912;26/02/2026;quinta-feira;23:50:00;PE;104;63,3;CARUARU;Reação tardia ou ineficiente do condutor;Colisão transversal;Com Vítimas Feridas;Plena Noite;Crescente;Garoa/Chuvisco;Dupla;Reta;Sim;3;0;0;1;1;1;0;3;-8,252322;-35,979165;SPRF-PE;DEL02/PE;UOP01-DEL02-PE
754917;26/02/2026;quinta-feira;22:20:00;RJ;101;133;CARAPEBUS;Chuva;Tombamento;Com Vítimas Feridas;Plena Noite;Decrescente;Chuva;Dupla;Reta;Não;3;0;0;1;1;1;0;3;-22,13061297;-41,71123473;SPRF-RJ;DEL08/RJ;UOP04-DEL08-RJ
754919;27/02/2026;sexta-feira;03:15:00;PR;277;328,3;GUARAPUAVA;Ausência de reação do condutor;Colisão traseira;Com Vítimas Feridas;Plena Noite;Decrescente;Céu Claro;Simples;Reta;Não;5;0;1;1;2;2;0;4;-25,37592241;-51,29536986;SPRF-PR;DEL08/PR;UOP01-DEL08-PR
754927;27/02/2026;sexta-feira;04:30:00;MG;40;513;RIBEIRAO DAS NEVES;Ausência de reação do condutor;Colisão traseira;Com Vítimas Feridas;Plena Noite;Crescente;Chuva;Dupla;"Declive;Curva";Sim;4;0;1;0;1;1;0;4;-19,7967789;-44,1088026;SPRF-MG;DEL01/MG;UOP02-DEL01-MG
754928;27/02/2026;sexta-feira;05:04:00;MG;50;206,1;DELTA;Condutor Dormindo;Colisão traseira;Com Vítimas Feridas;Amanhecer;Decrescente;Céu Claro;Dupla;Reta;Não;2;0;1;0;1;0;0;2;-19,9761678;-47,7895114;SPRF-MG;DEL13/MG;UOP01-DEL13-MG
754930;27/02/2026;sexta-feira;03:19:00;MT;364;356;SANTO ANTONIO DO LEVERGER;Condutor Dormindo;Saída de leito carroçável;Com Vítimas Feridas;Plena Noite;Crescente;Nublado;Dupla;Reta;Não;3;0;1;1;2;0;0;2;-15,7748933;-55,6253733;SPRF-MT;DEL05/MT;UOP02-DEL05-MT
754931;27/02/2026;sexta-feira;05:10:00;MG;381;492;BETIM;Ingestão de álcool pelo condutor;Colisão traseira;Sem Vítimas;Plena Noite;Crescente;Chuva;Múltipla;Reta;Sim;2;0;0;0;0;0;1;2;-19,96183;-44,16222;SPRF-MG;DEL01/MG;UOP03-DEL01-MG
754932;27/02/2026;sexta-feira;04:30:00;RJ;101;100;CAMPOS DOS GOYTACAZES;Condutor Dormindo;Colisão com objeto;Com Vítimas Fatais;Amanhecer;Decrescente;Nublado;Dupla;Reta;Não;4;1;1;0;1;2;0;2;-21,88148;-41,591729;SPRF-RJ;DEL08/RJ;UOP02-DEL08-RJ
754933;27/02/2026;sexta-feira;05:15:00;AL;101;166;CAMPO ALEGRE;Acessar a via sem observar a presença dos outros veículos;Colisão transversal;Com Vítimas Feridas;Pleno dia;Decrescente;Céu Claro;Dupla;"Reta;Interseção de Vias";Não;3;0;0;2;2;0;0;4;-9,9001179;-36,2765688;SPRF-AL;DEL02-AL;UOP02-DEL02-AL
754936;27/02/2026;sexta-feira;05:00:00;SC;470;163,9;TROMBUDO CENTRAL;Reação tardia ou ineficiente do condutor;Tombamento;Com Vítimas Feridas;Amanhecer;Decrescente;Céu Claro;Simples;Curva;Não;2;0;1;0;1;0;0;2;-27,27882132;-49,8353347;SPRF-SC;DEL04/SC;UOP02-DEL04-SC
754939;27/02/2026;sexta-feira;05:30:00;MG;251;471,3;FRANCISCO SA;Pista Escorregadia;Colisão lateral sentido oposto;Com Vítimas Feridas;Amanhecer;Crescente;Chuva;Simples;"Declive;Curva";Não;4;0;0;2;2;1;0;3;-16,47095;-43,46392;SPRF-MG;DEL12/MG;UOP01-DEL12-MG
754945;26/02/2026;quinta-feira;21:31:00;BA;242;252;BOA VISTA DO TUPIM;Ultrapassagem Indevida;Colisão frontal;Com Vítimas Feridas;Plena Noite;Crescente;Chuva;Simples;"Aclive;Curva";Não;4;0;1;1;2;1;0;3;-12,508431;-40,484141;SPRF-BA;DEL06/BA;UOP02-DEL06-BA
754946;27/02/2026;sexta-feira;05:30:00;RJ;116;265;VOLTA REDONDA;Ausência de reação do condutor;Colisão traseira;Com Vítimas Feridas;Amanhecer;Decrescente;Céu Claro;Dupla;"Reta;Aclive";Não;3;0;0;1;1;1;0;4;-22,58784464;-44,091814;SPRF-RJ;DEL07/RJ;UOP02-DEL07-RJ
754949;27/02/2026;sexta-feira;04:50:00;MG;116;189;CARAI;Reação tardia ou ineficiente do condutor;Colisão traseira;Com Vítimas Feridas;Plena Noite;Crescente;Chuva;Simples;"Aclive;Curva";Não;4;0;1;0;1;3;0;2;-17,15548;-41,500483;SPRF-MG;DEL11/MG;UOP01-DEL11-MG
754959;27/02/2026;sexta-feira;08:20:00;PB;101;82,7;BAYEUX;Manobra de mudança de faixa;Tombamento;Com Vítimas Feridas;Pleno dia;Crescente;Nublado;Dupla;"Aclive;Reta;Viaduto";Sim;2;0;0;1;1;1;0;2;-7,13380219;-34,93006984;SPRF-PB;DEL01-PB;UOP01-DEL01-PB
754962;27/02/2026;sexta-feira;07:20:00;AL;316;261;SATUBA;Velocidade Incompatível;Colisão traseira;Com Vítimas Feridas;Pleno dia;Crescente;Céu Claro;Simples;Reta;Não;2;0;0;1;1;1;0;2;-9,58859547;-35,88558944;SPRF-AL;DEL02-AL;UOP01-DEL02-AL
754967;09/02/2026;segunda-feira;23:30:00;GO;153;586;PIRACANJUBA;Pista esburacada;Saída de leito carroçável;Com Vítimas Feridas;Plena Noite;Crescente;Chuva;Dupla;Declive;Não;2;0;1;0;1;0;0;2;-17,442018;-49,231932;SPRF-GO;DEL03/GO;UOP01-DEL03-GO
754971;23/02/2026;segunda-feira;18:00:00;SC;470;32;GASPAR;Velocidade Incompatível;Tombamento;Com Vítimas Feridas;Anoitecer;Crescente;Nublado;Simples;Curva;Não;2;0;1;0;1;0;0;2;-26,90112259;-48,93177358;SPRF-SC;DEL04/SC;UOP01-DEL04-SC
754972;27/02/2026;sexta-feira;05:40:00;RO;364;425;JARU;Estacionar ou parar em local proibido;Colisão traseira;Com Vítimas Feridas;Pleno dia;Decrescente;Céu Claro;Simples;"Declive;Reta";Sim;3;0;1;0;1;1;0;3;-10,435337;-62,47554;SPRF-RO;DEL03-RO;UOP02-DEL03-RO
754974;21/02/2026;sábado;22:00:00;RS;285;95,7;VACARIA;Transitar na contramão;Capotamento;Com Vítimas Feridas;Plena Noite;Crescente;Céu Claro;Simples;Curva;Não;2;0;1;0;1;0;0;2;-28,59836;-50,73662;SPRF-RS;DEL05/RS;UOP03-DEL05-RS
754976;24/02/2026;terça-feira;03:00:00;PR;376;677;GUARATUBA;Demais falhas mecânicas ou elétricas;Incêndio;Sem Vítimas;Plena Noite;Crescente;Nublado;Dupla;Reta;Não;2;0;0;0;0;1;0;2;-25,94070389;-48,90973538;SPRF-PR;DEL01/PR;UOP04-DEL01-PR
754977;27/02/2026;sexta-feira;06:15:00;SC;470;193;POUSO REDONDO;Problema com o freio;Tombamento;Com Vítimas Feridas;Pleno dia;Decrescente;Céu Claro;Simples;"Declive;Curva";Não;4;0;3;0;3;1;0;1;-27,30333759;-50,07875204;SPRF-SC;DEL04/SC;UOP02-DEL04-SC
754979;27/02/2026;sexta-feira;06:45:00;CE;222;23;CAUCAIA;Reação tardia ou ineficiente do condutor;Colisão traseira;Sem Vítimas;Pleno dia;Crescente;Céu Claro;Dupla;Reta;Sim;3;0;0;0;0;1;0;3;-3,73098714;-38,76438081;SPRF-CE;DEL01/CE;UOP01-DEL01-CE
754984;27/02/2026;sexta-feira;10:30:00;RS;470;220;BENTO GONCALVES;Acessar a via sem observar a presença dos outros veículos;Colisão transversal;Com Vítimas Feridas;Pleno dia;Crescente;Céu Claro;Simples;"Declive;Reta";Não;2;0;1;0;1;1;0;2;-29,198114;-51,518501;SPRF-RS;DEL06/RS;UOP01-DEL06-RS
754988;27/02/2026;sexta-feira;06:59:00;MA;135;359;PRESIDENTE DUTRA;Manobra de mudança de faixa;Colisão lateral sentido oposto;Com Vítimas Feridas;Pleno dia;Crescente;Nublado;Simples;Reta;Não;11;0;6;0;6;4;0;9;-5,464032;-44,456643;SPRF-MA;DEL06-MA;UOP01-DEL06-MA
754989;27/02/2026;sexta-feira;04:30:00;MA;226;284;BARRA DO CORDA;Ausência de reação do condutor;Tombamento;Com Vítimas Feridas;Amanhecer;Crescente;Chuva;Simples;"Declive;Curva";Não;2;0;1;0;1;1;0;1;-5,43487031;-45,07764816;SPRF-MA;DEL06-MA;UOP01-DEL06-MA
754993;27/02/2026;sexta-feira;11:20:00;RN;304;259;SAO PEDRO;Transitar na contramão;Colisão lateral sentido oposto;Com Vítimas Feridas;Pleno dia;Decrescente;Nublado;Simples;Reta;Não;4;0;2;0;2;1;0;3;-5,845472;-35,676388;SPRF-RN;DEL01-RN;UOP02-DEL01-RN
754995;27/02/2026;sexta-feira;09:50:00;RJ;40;115;DUQUE DE CAXIAS;Chuva;Colisão lateral mesmo sentido;Com Vítimas Feridas;Pleno dia;Crescente;Chuva;Múltipla;Reta;Não;2;0;1;0;1;1;0;2;-22,72811472;-43,2884678;SPRF-RJ;DEL01/RJ;UOP02-DEL01-RJ
755006;27/02/2026;sexta-feira;12:40:00;SP;116;560;BARRA DO TURVO;Velocidade Incompatível;Tombamento;Com Vítimas Feridas;Pleno dia;Crescente;Garoa/Chuvisco;Simples;"Curva;Aclive";Não;2;0;1;0;1;0;0;2;-25,019;-48,511;SPRF-SP;DEL05/SP;UOP02-DEL05-SP
755007;27/02/2026;sexta-feira;11:30:00;MG;262;721,9;PERDIZES;Ausência de reação do condutor;Colisão traseira;Com Vítimas Feridas;Pleno dia;Decrescente;Céu Claro;Simples;Reta;Não;8;0;2;0;2;5;0;3;-19,61778917;-47,34635353;SPRF-MG;DEL08/MG;UOP01-DEL08-MG
755008;27/02/2026;sexta-feira;12:50:00;SC;280;91,5;CORUPA;Ausência de reação do condutor;Saída de leito carroçável;Com Vítimas Feridas;Pleno dia;Decrescente;Céu Claro;Simples;"Curva;Declive";Não;1;0;1;0;1;0;0;1;-26,399872;-49,296915;SPRF-SC;DEL06/SC;UOP03-DEL06-SC
755009;27/02/2026;sexta-feira;12:20:00;SP;116;37,9;CACHOEIRA PAULISTA;Chuva;Colisão com objeto;Com Vítimas Feridas;Pleno dia;Crescente;Chuva;Dupla;Reta;Não;4;0;0;2;2;1;0;3;-22,67060384;-44,9947934;SPRF-SP;DEL08/SP;UOP02-DEL08-SP
755010;27/02/2026;sexta-feira;12:20:00;BA;324;553;AMELIA RODRIGUES;Reação tardia ou ineficiente do condutor;Colisão traseira;Sem Vítimas;Pleno dia;Decrescente;Céu Claro;Dupla;Reta;Não;4;0;0;0;0;3;0;3;-12,4491138;-38,711842;SPRF-BA;DEL11/BA;UOP02-DEL11-BA
755012;27/02/2026;sexta-feira;10:10:00;PR;376;447;TIBAGI;Ausência de reação do condutor;Colisão traseira;Com Vítimas Feridas;Pleno dia;Decrescente;Sol;Dupla;"Declive;Curva";Não;2;0;0;1;1;1;0;2;-24,90179965;-50,4231631;SPRF-PR;DEL03/PR;UOP02-DEL03-PR
755013;27/02/2026;sexta-feira;12:00:00;MS;163;471;CAMPO GRANDE;Desrespeitar a preferência no cruzamento;Colisão transversal;Com Vítimas Feridas;Pleno dia;Crescente;Céu Claro;Simples;"Interseção de Vias;Curva";Não;4;0;1;0;1;2;0;3;-20,55445146;-54,55590455;SPRF-MS;DEL01/MS;UOP01-DEL01-MS
755015;27/02/2026;sexta-feira;07:20:00;MG;40;209;JOAO PINHEIRO;Ultrapassagem Indevida;Colisão frontal;Com Vítimas Feridas;Pleno dia;Decrescente;Nublado;Simples;Reta;Não;4;0;1;1;2;1;0;3;-17,98505623;-45,73612958;SPRF-MG;DEL14/MG;UOP02-DEL14-MG
755027;27/02/2026;sexta-feira;13:20:00;RJ;40;102;DUQUE DE CAXIAS;Manobra de mudança de faixa;Colisão lateral mesmo sentido;Com Vítimas Feridas;Pleno dia;Decrescente;Nublado;Dupla;Reta;Sim;5;0;2;0;2;2;0;3;-22,6162808;-43,2891593;SPRF-RJ;DEL01/RJ;UOP02-DEL01-RJ
755032;23/02/2026;segunda-feira;05:40:00;BA;116;740;POCOES;Pista Escorregadia;Tombamento;Sem Vítimas;Amanhecer;Decrescente;Garoa/Chuvisco;Simples;Curva;Não;2;0;0;0;0;1;0;2;-14,413388;-40,352312;SPRF-BA;DEL08/BA;UOP02-DEL08-BA
755033;27/02/2026;sexta-feira;14:30:00;MG;365;413;PATOS DE MINAS;Chuva;Saída de leito carroçável;Sem Vítimas;Pleno dia;Decrescente;Chuva;Dupla;Declive;Não;2;0;0;0;0;2;0;1;-18,6688013;-46,5348351;SPRF-MG;DEL10/MG;UOP01-DEL10-MG
755035;27/02/2026;sexta-feira;11:15:00;RJ;101;383;RIO DE JANEIRO;Velocidade Incompatível;Tombamento;Com Vítimas Feridas;Pleno dia;Crescente;Nublado;Dupla;Reta;Não;2;0;2;0;2;0;0;1;-22,87617967;-43,61357538;SPRF-RJ;DEL03/RJ;UOP01-DEL03-RJ
755040;27/02/2026;sexta-feira;13:30:00;BA;101;422;IBIRAPITANGA;Ausência de reação do condutor;Saída de leito carroçável;Com Vítimas Feridas;Pleno dia;Decrescente;Chuva;Simples;Curva;Não;2;0;1;0;1;0;0;2;-14,1390586;-39,35134292;SPRF-BA;DEL05/BA;UOP03-DEL05-BA
755052;27/02/2026;sexta-feira;16:25:00;MG;267;36,8;ARGIRITA;Ausência de reação do condutor;Engavetamento;Com Vítimas Feridas;Pleno dia;Crescente;Nublado;Simples;"Reta;Em Obras";Não;3;0;1;0;1;2;0;3;-21,67277;-42,89343;SPRF-MG;DEL07/MG;UOP01-DEL07-MG
755053;27/02/2026;sexta-feira;11:00:00;SP;116;512;CAJATI;Demais falhas mecânicas ou elétricas;Eventos atípicos;Com Vítimas Feridas;Pleno dia;Decrescente;Sol;Simples;Curva;Não;1;0;1;0;1;0;0;1;-24,84056069;-48,21313351;SPRF-SP;DEL05/SP;UOP02-DEL05-SP
755054;27/02/2026;sexta-feira;16:30:00;MG;381;424,5;SABARA;Pista Escorregadia;Colisão frontal;Com Vítimas Feridas;Pleno dia;Decrescente;Nublado;Simples;"Declive;Curva";Não;4;0;1;1;2;1;0;3;-19,787777;-43,69946;SPRF-MG;DEL01/MG;UOP01-DEL01-MG
755057;27/02/2026;sexta-feira;16:50:00;MG;381;482;BETIM;Reação tardia ou ineficiente do condutor;Colisão lateral mesmo sentido;Com Vítimas Feridas;Pleno dia;Crescente;Céu Claro;Múltipla;Reta;Sim;3;0;1;0;1;1;0;3;-19,958723;-44,07198;SPRF-MG;DEL01/MG;UOP03-DEL01-MG
755063;27/02/2026;sexta-feira;16:00:00;RJ;393;166;TRES RIOS;Ausência de reação do condutor;Colisão traseira;Com Vítimas Feridas;Pleno dia;Crescente;Nublado;Simples;"Aclive;Reta";Não;3;0;1;0;1;1;0;4;-22,12727813;-43,14644035;SPRF-RJ;DEL05/RJ;UOP01-DEL05-RJ
755071;27/02/2026;sexta-feira;17:50:00;BA;101;715;EUNAPOLIS;Acessar a via sem observar a presença dos outros veículos;Colisão transversal;Com Vítimas Feridas;Plena Noite;Crescente;Nublado;Simples;"Interseção de Vias;Reta";Sim;2;0;1;0;1;1;0;2;-16,35411;-39,579598;SPRF-BA;DEL09/BA;UOP01-DEL09-BA
755073;27/02/2026;sexta-feira;15:10:00;GO;153;127;ESTRELA DO NORTE;Objeto estático sobre o leito carroçável;Tombamento;Com Vítimas Feridas;Pleno dia;Crescente;Chuva;Simples;Reta;Não;2;0;1;0;1;0;0;2;-13,88745;-49,056117;SPRF-GO;DEL07/GO;UOP01-DEL07-GO
755077;27/02/2026;sexta-feira;16:40:00;MS;158;32;PARANAIBA;Reação tardia ou ineficiente do condutor;Colisão traseira;Com Vítimas Feridas;Pleno dia;Crescente;Céu Claro;Simples;"Em Obras;Reta";Não;3;0;1;0;1;1;0;4;-19,25920022;-51,50292917;SPRF-MS;DEL08/MS;UOP01-DEL08-MS
755088;27/02/2026;sexta-feira;19:00:00;SP;116;300;SAO LOURENCO DA SERRA;Chuva;Saída de leito carroçável;Com Vítimas Feridas;Plena Noite;Crescente;Chuva;Dupla;Curva;Não;3;0;1;0;1;1;0;2;-23,797692;-46,914903;SPRF-SP;DEL04/SP;UOP01-DEL04-SP
755094;27/02/2026;sexta-feira;19:40:00;SC;101;38;PALHOCA;Retorno proibido;Colisão transversal;Com Vítimas Fatais;Plena Noite;Decrescente;Nublado;Dupla;Curva;Não;4;1;3;0;3;0;0;2;-27,63498;-48,71425;SPRF-SC;DEL01/SC;UOP02-DEL01-SC
755101;27/02/2026;sexta-feira;11:00:00;SC;101;41;JOINVILLE;Ausência de reação do condutor;Colisão com objeto;Com Vítimas Feridas;Pleno dia;Crescente;Céu Claro;Dupla;"Declive;Viaduto;Curva";Sim;2;0;1;0;1;0;0;2;-26,31639986;-48,87344711;SPRF-SC;DEL03/SC;UOP01-DEL03-SC
755106;27/02/2026;sexta-feira;17:05:00;MA;135;23;SAO LUIS;Reação tardia ou ineficiente do condutor;Colisão traseira;Sem Vítimas;Anoitecer;Crescente;Nublado;Dupla;Reta;Sim;5;0;0;0;0;2;0;3;-2,55845525;-44,31309056;SPRF-MA;DEL01-MA;UOP01-DEL01-MA
755110;27/02/2026;sexta-feira;21:00:00;BA;101;262;SANTO ANTONIO DE JESUS;Ausência de reação do condutor;Colisão lateral sentido oposto;Com Vítimas Feridas;Plena Noite;Decrescente;Chuva;Simples;Reta;Não;3;0;1;0;1;1;0;3;-12,9780571;-39,2793991;SPRF-BA;DEL11/BA;UOP01-DEL11-BA
755119;27/02/2026;sexta-feira;15:58:00;RO;364;423;JARU;Acessar a via sem observar a presença dos outros veículos;Colisão transversal;Com Vítimas Feridas;Pleno dia;Crescente;Céu Claro;Dupla;"Reta;Declive;Retorno Regulamentado";Sim;3;0;0;1;1;1;0;3;-10,45603487;-62,45801568;SPRF-RO;DEL03-RO;UOP02-DEL03-RO
755123;27/02/2026;sexta-feira;19:10:00;RJ;101;143;MACAE;Desvio temporário;Colisão traseira;Com Vítimas Feridas;Anoitecer;Crescente;Chuva;Dupla;Curva;Não;4;0;1;0;1;3;0;2;-22,21049965;-41,75478157;SPRF-RJ;DEL08/RJ;UOP04-DEL08-RJ
755126;27/02/2026;sexta-feira;21:40:00;GO;153;384,8;SAO FRANCISCO DE GOIAS;Ausência de reação do condutor;Colisão traseira;Com Vítimas Feridas;Plena Noite;Decrescente;Céu Claro;Simples;"Aclive;Reta";Não;35;0;5;15;20;14;0;3;-15,95247;-49,186075;SPRF-GO;DEL02/GO;UOP02-DEL02-GO
755127;27/02/2026;sexta-feira;22:00:00;SP;459;32;LORENA;Desrespeitar a preferência no cruzamento;Queda de ocupante de veículo;Com Vítimas Feridas;Plena Noite;Decrescente;Nublado;Simples;Reta;Sim;2;0;0;1;1;1;0;2;-22,74056675;-45,09392881;SPRF-SP;DEL08/SP;UOP02-DEL08-SP
755136;12/02/2026;quinta-feira;05:18:00;CE;222;63,7;SAO GONCALO DO AMARANTE;Acesso irregular;Colisão transversal;Com Vítimas Feridas;Amanhecer;Crescente;Nublado;Simples;"Reta;Interseção de Vias";Sim;3;0;1;0;1;1;0;5;-3,6723018;-39,1179495;SPRF-CE;DEL01/CE;UOP03-DEL01-CE
755138;27/02/2026;sexta-feira;22:10:00;PE;232;62;POMBOS;Reação tardia ou ineficiente do condutor;Colisão traseira;Com Vítimas Feridas;Plena Noite;Decrescente;Céu Claro;Dupla;"Declive;Reta";Não;4;0;1;0;1;3;0;3;-8,15758544;-35,42870879;SPRF-PE;DEL02/PE;UOP02-DEL02PE
755139;27/02/2026;sexta-feira;23:20:00;SP;116;228,5;SAO PAULO;Reação tardia ou ineficiente do condutor;Colisão traseira;Com Vítimas Feridas;Amanhecer;Decrescente;Nublado;Múltipla;Aclive;Sim;2;0;0;1;1;0;0;2;-23,50928993;-46,57248442;SPRF-SP;DEL01/SP;UOP01-DEL01-SP
755140;27/02/2026;sexta-feira;18:50:00;BA;407;200,4;CALDEIRAO GRANDE;Entrada inopinada do pedestre;Atropelamento de Pedestre;Com Vítimas Fatais;Plena Noite;Decrescente;Nublado;Simples;"Reta;Aclive";Sim;4;1;0;1;1;2;0;3;-11,10702;-40,07002;SPRF-BA;DEL04/BA;UOP02-DEL04-BA
755151;27/02/2026;sexta-feira;23:55:00;MG;381;398,9;BOM JESUS DO AMPARO;Velocidade Incompatível;Colisão traseira;Com Vítimas Feridas;Plena Noite;Crescente;Nublado;Dupla;Curva;Não;4;0;2;0;2;1;0;3;-19,748221;-43,522096;SPRF-MG;DEL01/MG;UOP01-DEL01-MG
755152;27/02/2026;sexta-feira;22:50:00;GO;20;76;FORMOSA;Acumulo de água sobre o pavimento;Colisão frontal;Com Vítimas Feridas;Plena Noite;Crescente;Chuva;Dupla;Reta;Não;3;0;0;2;2;1;0;2;-15,13211878;-47,12791443;SPRF-DF;DEL02-DF;UOP02-DEL02-DF
755154;27/02/2026;sexta-feira;23:00:00;MT;163;1032;PEIXOTO DE AZEVEDO;Ingestão de álcool pelo condutor;Colisão lateral sentido oposto;Com Vítimas Feridas;Plena Noite;Decrescente;Céu Claro;Simples;Reta;Não;4;0;1;0;1;3;0;2;-10,2254;-54,9739;SPRF-MT;DEL06/MT;UOP03-DEL06-MT
755159;27/02/2026;sexta-feira;23:45:00;MG;40;225;JOAO PINHEIRO;Transtornos Mentais (exceto suicidio);Saída de leito carroçável;Com Vítimas Feridas;Plena Noite;Decrescente;Garoa/Chuvisco;Simples;Reta;Sim;3;0;1;0;1;1;0;3;-17,98792194;-45,60704324;SPRF-MG;DEL14/MG;UOP02-DEL14-MG
755163;28/02/2026;sábado;01:28:00;RS;290;90;PORTO ALEGRE;Ausência de reação do condutor;Colisão traseira;Com Vítimas Feridas;Plena Noite;Crescente;Céu Claro;Dupla;Reta;Não;2;0;0;1;1;1;0;2;-29,96837517;-51,16230011;SPRF-RS;DEL01/RS;UOP01-DEL01-RS
755165;27/02/2026;sexta-feira;21:40:00;PE;232;58,3;POMBOS;Ausência de reação do condutor;Colisão traseira;Com Vítimas Fatais;Plena Noite;Decrescente;Céu Claro;Dupla;Reta;Sim;2;1;0;0;0;0;0;2;-8,14575959;-35,3924346;SPRF-PE;DEL02/PE;UOP02-DEL02PE