id;data_inversa;dia_semana;horario;uf;br;km;municipio;causa_acidente;tipo_acidente;classificacao_acidente;fase_dia;sentido_via;condicao_metereologica;tipo_pista;tracado_via;uso_solo;pessoas;mortos;feridos_leves;feridos_graves;feridos;ilesos;ignorados;veiculos;latitude;longitude;regional;delegacia;uop
755888;03/03/2026;terça-feira;16:30:00;ES;101;43,9;CONCEICAO DA BARRA;Condutor Dormindo;Colisão frontal;Com Vítimas Feridas;Pleno dia;Crescente;Céu Claro;Simples;Reta;Não;3;0;2;0;2;1;0;2;-18,51719876;-39,9132818;SPRF-ES;DEL04-ES;UOP02-DEL04-ES
755889;03/03/2026;terça-feira;16:50:00;RS;101;74;OSORIO;Acessar a via sem observar a presença dos outros veículos;Colisão lateral mesmo sentido;Com Vítimas Feridas;Pleno dia;Decrescente;Céu Claro;Dupla;Reta;Não;3;0;1;0;1;1;0;3;-29,776139;-50,220966;SPRF-RS;DEL03/RS;UOP01-DEL03-RS
755894;03/03/2026;terça-feira;15:30:00;RJ;101;277;TANGUA;Condutor Dormindo;Saída de leito carroçável;Com Vítimas Feridas;Pleno dia;Decrescente;Céu Claro;Dupla;Reta;Sim;3;0;2;0;2;1;0;2;-22,7384974;-42,77502396;SPRF-RJ;DEL02/RJ;UOP03-DEL02-RJ
755900;03/03/2026;terça-feira;16:30:00;AL;104;8,6;SAO JOSE DA LAJE;Ausência de reação do condutor;Tombamento;Com Vítimas Feridas;Plena Noite;Decrescente;Céu Claro;Simples;"Declive;Curva";Não;2;0;1;0;1;1;0;1;-8,968832;-36,017145;SPRF-AL;DEL01-AL;UOP02-DEL01-AL
755904;03/03/2026;terça-feira;13:52:00;PA;163;618;TRAIRAO;Reação tardia ou ineficiente do condutor;Tombamento;Com Vítimas Feridas;Pleno dia;Crescente;Sol;Simples;Curva;Não;2;0;1;0;1;0;0;3;-4,7328;-56,0481;SPRF-PA;DEL05/PA;UOP03-DEL05-PA
755907;03/03/2026;terça-feira;14:20:00;GO;452;13,8;RIO VERDE;Reação tardia ou ineficiente do condutor;Tombamento;Com Vítimas Feridas;Pleno dia;Crescente;Céu Claro;Simples;Reta;Não;2;0;0;1;1;0;0;3;-17,844885;-50,7866;SPRF-GO;DEL04/GO;UOP01-DEL04-GO
755916;03/03/2026;terça-feira;19:25:00;BA;324;516;FEIRA DE SANTANA;Acostamento em desnível;Colisão lateral mesmo sentido;Com Vítimas Feridas;Plena Noite;Decrescente;Chuva;Simples;"Interseção de Vias;Reta";Sim;3;0;0;1;1;1;0;3;-12,2438;-38,9362;SPRF-BA;DEL02/BA;UOP01-DEL02-BA
755917;03/03/2026;terça-feira;19:40:00;BA;116;447,6;ANTONIO CARDOSO;Demais falhas mecânicas ou elétricas;Incêndio;Sem Vítimas;Plena Noite;Decrescente;Garoa/Chuvisco;Dupla;"Reta;Viaduto";Não;2;0;0;0;0;1;0;2;-12,38545492;-39,13619667;SPRF-BA;DEL02/BA;UOP01-DEL02-BA
755921;03/03/2026;terça-feira;19:55:00;GO;153;702;ITUMBIARA;Velocidade Incompatível;Saída de leito carroçável;Com Vítimas Feridas;Plena Noite;Decrescente;Céu Claro;Dupla;Reta;Não;1;0;0;1;1;0;0;1;-18,406797;-49,199227;SPRF-GO;DEL03/GO;UOP02-DEL03-GO
755922;03/03/2026;terça-feira;19:23:00;MS;163;67,8;ITAQUIRAI;Acessar a via sem observar a presença dos outros veículos;Colisão transversal;Com Vítimas Feridas;Plena Noite;Decrescente;Céu Claro;Simples;Reta;Não;4;0;1;1;2;1;0;4;-23,566013;-54,195364;SPRF-MS;DEL09/MS;UOP02-DEL09-MS
755923;10/02/2026;terça-feira;15:13:00;SC;282;584,4;PINHALZINHO;Transitar na contramão;Colisão frontal;Com Vítimas Feridas;Pleno dia;Decrescente;Nublado;Simples;Curva;Não;3;0;1;0;1;2;0;2;-26,832288;-53,021672;SPRF-SC;DEL07/SC;UOP02-DEL07-SC
755926;03/03/2026;terça-feira;18:40:00;SC;116;59,8;PAPANDUVA;Acessar a via sem observar a presença dos outros veículos;Colisão transversal;Com Vítimas Feridas;Pleno dia;Crescente;Céu Claro;Simples;Interseção de Vias;Não;2;0;1;0;1;1;0;2;-26,381897;-50,215104;SPRF-SC;DEL06/SC;UOP02-DEL06-SC
755930;03/03/2026;terça-feira;19:00:00;MT;163;688;LUCAS DO RIO VERDE;Demais falhas na via;Colisão lateral mesmo sentido;Sem Vítimas;Anoitecer;Crescente;Céu Claro;Simples;"Interseção de Vias;Reta";Sim;3;0;0;0;0;1;0;4;-13,0692162;-55,92651165;SPRF-MT;DEL06/MT;UOP01-DEL06-MT
755931;03/03/2026;terça-feira;20:45:00;PR;277;272;IRATI;Acesso irregular;Colisão transversal;Sem Vítimas;Plena Noite;Crescente;Céu Claro;Simples;Reta;Não;3;0;0;0;0;2;0;3;-25,3840745;-50,8554374;SPRF-PR;DEL08/PR;UOP02-DEL08-PR
755932;03/03/2026;terça-feira;20:59:00;PR;277;472;LARANJEIRAS DO SUL;Ingestão de álcool pelo condutor;Colisão frontal;Sem Vítimas;Plena Noite;Crescente;Céu Claro;Simples;Curva;Não;3;0;0;0;0;2;0;3;-25,37718485;-52,39395382;SPRF-PR;DEL04/PR;UOP02-DEL04-PR
755933;03/03/2026;terça-feira;21:50:00;CE;116;511,5;BREJO SANTO;Deficiência do Sistema de Iluminação/Sinalização;Colisão traseira;Com Vítimas Fatais;Plena Noite;Crescente;Nublado;Simples;Reta;Não;2;1;0;0;0;1;0;2;-7,56145012;-39,02017593;SPRF-CE;DEL05/CE;UOP03-DEL05-CE
755936;03/03/2026;terça-feira;21:30:00;MG;262;140,6;RIO CASCA;Reação tardia ou ineficiente do condutor;Colisão traseira;Com Vítimas Feridas;Plena Noite;Decrescente;Céu Claro;Simples;"Declive;Curva";Não;4;0;2;0;2;1;0;3;-20,0661746;-42,71848798;SPRF-MG;DEL03/MG;UOP03-DEL03-MG
755937;03/03/2026;terça-feira;22:45:00;TO;153;402;MIRANORTE;Ultrapassagem Indevida;Colisão frontal;Com Vítimas Fatais;Plena Noite;Decrescente;Chuva;Simples;"Reta;Aclive";Não;3;1;0;0;0;1;0;3;-9,4297107;-48,5736488;SPRF-TO;DEL02-TO;UOP02-DEL02-TO
755938;03/03/2026;terça-feira;18:40:00;MG;381;576,1;CARMOPOLIS DE MINAS;Demais falhas mecânicas ou elétricas;Incêndio;Sem Vítimas;Plena Noite;Decrescente;Nublado;Dupla;Reta;Não;2;0;0;0;0;1;0;2;-20,47843336;-44,58447648;SPRF-MG;DEL04/MG;UOP01-DEL04-MG
755943;03/03/2026;terça-feira;22:50:00;BA;101;24,7;ESPLANADA;Reação tardia ou ineficiente do condutor;Tombamento;Sem Vítimas;Plena Noite;Crescente;Nublado;Simples;"Curva;Desvio Temporário;Declive";Não;2;0;0;0;0;0;1;4;-11,69343153;-37,90254611;SPRF-SE;DEL02-SE;UOP03-DEL02-SE
755947;03/03/2026;terça-feira;23:30:00;GO;40;143;CRISTALINA;Condutor deixou de manter distância do veículo da frente;Colisão traseira;Com Vítimas Feridas;Plena Noite;Decrescente;Céu Claro;Simples;Reta;Não;3;0;1;0;1;1;0;3;-16,958442;-47,270064;SPRF-DF;DEL01-DF;UOP02-DEL01-DF
755948;03/03/2026;terça-feira;22:30:00;PR;277;373;GUARAPUAVA;Ultrapassagem Indevida;Colisão frontal;Com Vítimas Fatais;Plena Noite;Crescente;Céu Claro;Simples;Reta;Não;2;1;0;0;0;1;0;2;-25,40956465;-51,68053135;SPRF-PR;DEL08/PR;UOP01-DEL08-PR
755949;04/03/2026;quarta-feira;00:30:00;SP;381;6;VARGEM;Condutor Dormindo;Colisão traseira;Com Vítimas Feridas;Pleno dia;Decrescente;Chuva;Múltipla;"Aclive;Reta";Não;4;0;0;1;1;2;0;4;-22,88589027;-46,41095108;SPRF-SP;DEL03/SP;UOP02-DEL03-SP
755952;04/03/2026;quarta-feira;00:45:00;RO;364;689;CANDEIAS DO JAMARI;Ausência de reação do condutor;Colisão traseira;Com Vítimas Feridas;Plena Noite;Decrescente;Céu Claro;Simples;Reta;Não;3;0;1;1;2;0;0;2;-8,794674;-63,671997;SPRF-RO;DEL01-RO;UOP01-DEL01-RO
755953;04/03/2026;quarta-feira;02:30:00;SC;101;10;GARUVA;Velocidade Incompatível;Tombamento;Com Vítimas Feridas;Plena Noite;Crescente;Nublado;Múltipla;"Curva;Viaduto";Não;2;0;0;1;1;0;0;2;-26,06762553;-48,86049271;SPRF-SC;DEL03/SC;UOP01-DEL03-SC
755957;04/03/2026;quarta-feira;03:30:00;MG;381;370,5;SAO GONCALO DO RIO ABAIXO;Condutor Dormindo;Colisão traseira;Com Vítimas Feridas;Plena Noite;Crescente;Céu Claro;Simples;Curva;Não;3;0;1;0;1;1;0;4;-19,842543;-43,319781;SPRF-MG;DEL01/MG;UOP01-DEL01-MG
755960;04/03/2026;quarta-feira;04:30:00;DF;251;51;BRASILIA;Reação tardia ou ineficiente do condutor;Tombamento;Com Vítimas Fatais;Plena Noite;Decrescente;Céu Claro;Simples;Reta;Não;1;1;0;0;0;0;0;1;-15,97426;-47,90589;SPRF-DF;DEL01-DF;UOP01-DEL01-DF
755963;04/03/2026;quarta-feira;03:30:00;SC;101;387,1;ICARA;Manobra de mudança de faixa;Colisão traseira;Com Vítimas Feridas;Plena Noite;Crescente;Céu Claro;Dupla;Reta;Não;3;0;1;0;1;2;0;2;-28,79096788;-49,34752671;SPRF-SC;DEL02/SC;UOP02-DEL02-SC
755964;04/03/2026;quarta-feira;04:20:00;SP;116;87,7;PINDAMONHANGABA;Reação tardia ou ineficiente do condutor;Colisão traseira;Com Vítimas Feridas;Plena Noite;Decrescente;Nublado;Dupla;Reta;Não;3;0;0;1;1;1;0;4;-22,93171742;-45,36352515;SPRF-SP;DEL08/SP;UOP01-DEL08-SP
755966;04/03/2026;quarta-feira;05:15:00;MG;153;95;PRATA;Condutor Dormindo;Colisão lateral sentido oposto;Com Vítimas Feridas;Plena Noite;Crescente;Céu Claro;Simples;"Reta;Declive";Não;3;0;1;0;1;1;0;3;-19,1676079;-48,9553988;SPRF-MG;DEL15/MG;UOP03-DEL15-MG
755967;04/03/2026;quarta-feira;04:45:00;RJ;116;300;PORTO REAL;Ausência de reação do condutor;Colisão traseira;Com Vítimas Feridas;Plena Noite;Decrescente;Céu Claro;Dupla;"Reta;Em Obras";Não;5;0;1;0;1;3;0;6;-22,45081;-44,33937;SPRF-RJ;DEL07/RJ;UOP02-DEL07-RJ
755972;04/03/2026;quarta-feira;05:25:00;RO;364;681;CANDEIAS DO JAMARI;Ingestão de álcool pelo condutor;Colisão lateral sentido oposto;Sem Vítimas;Plena Noite;Decrescente;Céu Claro;Simples;Reta;Não;2;0;0;0;0;0;1;2;-8,787325;-63,602737;SPRF-RO;DEL01-RO;UOP01-DEL01-RO
755975;04/03/2026;quarta-feira;05:00:00;SP;381;89;GUARULHOS;Ausência de reação do condutor;Colisão traseira;Com Vítimas Fatais;Amanhecer;Crescente;Céu Claro;Múltipla;Reta;Sim;11;1;6;0;6;3;0;3;-23,48743;-46,55974;SPRF-SP;DEL03/SP;UOP01-DEL03-SP
755980;04/03/2026;quarta-feira;05:00:00;AL;101;234,6;PORTO REAL DO COLEGIO;Ausência de reação do condutor;Tombamento;Com Vítimas Feridas;Pleno dia;Decrescente;Céu Claro;Dupla;Curva;Não;2;0;1;0;1;0;0;2;-10,11633693;-36,76703051;SPRF-AL;DEL02-AL;UOP02-DEL02-AL
755985;04/03/2026;quarta-feira;06:50:00;SC;470;162,3;TROMBUDO CENTRAL;Demais falhas mecânicas ou elétricas;Saída de leito carroçável;Com Vítimas Feridas;Pleno dia;Decrescente;Nublado;Simples;"Curva;Interseção de Vias";Não;1;0;1;0;1;0;0;1;-27,27977488;-49,82167689;SPRF-SC;DEL04/SC;UOP02-DEL04-SC
755986;04/03/2026;quarta-feira;07:20:00;PR;116;28,8;CAMPINA GRANDE DO SUL;Velocidade Incompatível;Tombamento;Com Vítimas Feridas;Pleno dia;Decrescente;Céu Claro;Dupla;Curva;Não;2;0;1;0;1;0;0;2;-25,1106756;-48,8064868;SPRF-PR;DEL01/PR;UOP02-DEL01-PR
755989;04/03/2026;quarta-feira;06:30:00;RJ;101;62;CAMPOS DOS GOYTACAZES;Acesso irregular;Colisão lateral sentido oposto;Com Vítimas Feridas;Pleno dia;Decrescente;Céu Claro;Simples;Interseção de Vias;Sim;4;0;0;1;1;3;0;2;-21,74203863;-41,33021998;SPRF-RJ;DEL08/RJ;UOP01-DEL08-RJ
755990;04/03/2026;quarta-feira;07:46:00;TO;153;138;ARAGUAINA;Acessar a via sem observar a presença dos outros veículos;Colisão traseira;Com Vítimas Feridas;Pleno dia;Decrescente;Nublado;Simples;Rotatória;Sim;4;0;1;0;1;2;0;4;-7,16210023;-48,20570022;SPRF-TO;DEL02-TO;UOP01-DEL02-TO
756000;24/02/2026;terça-feira;16:10:00;PR;277;659;MATELANDIA;Ausência de reação do condutor;Colisão traseira;Sem Vítimas;Pleno dia;Decrescente;Nublado;Dupla;Reta;Sim;3;0;0;0;0;3;0;2;-25,24280456;-53,97771762;SPRF-PR;DEL05/PR;UOP02-DEL05-PR
756002;04/03/2026;quarta-feira;07:30:00;MG;40;258,8;SAO GONCALO DO ABAETE;Velocidade Incompatível;Tombamento;Sem Vítimas;Pleno dia;Decrescente;Nublado;Simples;Reta;Não;2;0;0;0;0;1;0;4;-18,1377693;-45,36910683;SPRF-MG;DEL14/MG;UOP02-DEL14-MG
756003;04/03/2026;quarta-feira;09:00:00;RS;158;326,7;SANTA MARIA;Acessar a via sem observar a presença dos outros veículos;Colisão transversal;Com Vítimas Feridas;Pleno dia;Decrescente;Nublado;Dupla;"Reta;Aclive;Viaduto;Interseção de Vias";Sim;3;0;1;0;1;2;0;2;-29,715417;-53,811823;SPRF-RS;DEL09/RS;UOP01-DEL09-RS
756011;28/02/2026;sábado;06:00:00;MG;116;403;GOVERNADOR VALADARES;Transitar na contramão;Colisão lateral sentido oposto;Com Vítimas Feridas;Pleno dia;Crescente;Nublado;Simples;Reta;Não;3;0;1;0;1;1;0;4;-18,783426;-41,988043;SPRF-MG;DEL06/MG;UOP01-DEL06-MG
756013;13/02/2026;sexta-feira;14:00:00;GO;153;226;URUACU;Condutor deixou de manter distância do veículo da frente;Engavetamento;Sem Vítimas;Pleno dia;Decrescente;Céu Claro;Simples;Reta;Não;5;0;0;0;0;4;0;4;-14,71181619;-49,22491551;SPRF-GO;DEL07/GO;UOP02-DEL07-GO
756015;16/02/2026;segunda-feira;15:00:00;MG;40;591;MOEDA;Reação tardia ou ineficiente do condutor;Colisão traseira;Com Vítimas Feridas;Pleno dia;Crescente;Nublado;Dupla;Curva;Não;4;0;1;1;2;1;0;3;-20,3168;-43,9538;SPRF-MG;DEL01/MG;UOP02-DEL01-MG
756016;04/03/2026;quarta-feira;09:14:00;RO;364;506,5;ARIQUEMES;Animais na Pista;Atropelamento de Animal;Com Vítimas Feridas;Pleno dia;Decrescente;Nublado;Simples;Reta;Não;4;0;1;0;1;2;0;4;-9,986052;-63,020669;SPRF-RO;DEL03-RO;UOP01-DEL03-RO
756019;04/03/2026;quarta-feira;11:00:00;MS;163;473;CAMPO GRANDE;Transitar na contramão;Colisão frontal;Com Vítimas Feridas;Pleno dia;Crescente;Sol;Simples;"Declive;Reta";Sim;3;0;0;1;1;1;0;3;-20,54002497;-54,5619127;SPRF-MS;DEL01/MS;UOP01-DEL01-MS
756020;04/03/2026;quarta-feira;11:35:00;GO;50;95,7;CRISTALINA;Velocidade Incompatível;Tombamento;Com Vítimas Feridas;Pleno dia;Crescente;Céu Claro;Simples;"Curva;Viaduto";Sim;2;0;1;0;1;0;0;2;-16,78699795;-47,60448933;SPRF-DF;DEL01-DF;UOP02-DEL01-DF
756026;13/02/2026;sexta-feira;02:00:00;MS;158;296;TRES LAGOAS;Ausência de reação do condutor;Colisão com objeto;Com Vítimas Fatais;Plena Noite;Crescente;Garoa/Chuvisco;Simples;Curva;Não;2;1;0;0;0;0;0;2;-20,85484157;-51,72324657;SPRF-MS;DEL07/MS;UOP01-DEL07-MS
756033;11/02/2026;quarta-feira;09:30:00;RJ;101;309;SAO GONCALO;Entrada inopinada do pedestre;Colisão traseira;Sem Vítimas;Pleno dia;Crescente;Céu Claro;Dupla;Reta;Sim;3;0;0;0;0;2;0;2;-22,79912255;-43,05025863;SPRF-RJ;DEL02/RJ;UOP02-DEL02-RJ
756042;04/03/2026;quarta-feira;15:00:00;PR;153;336;IRATI;Demais falhas mecânicas ou elétricas;Incêndio;Sem Vítimas;Pleno dia;Crescente;Céu Claro;Simples;"Declive;Reta";Sim;2;0;0;0;0;1;0;3;-25,46604256;-50,62973068;SPRF-PR;DEL08/PR;UOP02-DEL08-PR
756043;04/03/2026;quarta-feira;10:30:00;BA;101;422;IBIRAPITANGA;Velocidade Incompatível;Tombamento;Com Vítimas Feridas;Pleno dia;Decrescente;Chuva;Simples;Curva;Não;3;0;2;0;2;0;0;2;-14,13463271;-39,35813695;SPRF-BA;DEL05/BA;UOP03-DEL05-BA
756048;04/03/2026;quarta-feira;15:10:00;PE;101;72,6;RECIFE;Estacionar ou parar em local proibido;Colisão traseira;Com Vítimas Feridas;Pleno dia;Crescente;Céu Claro;Dupla;Reta;Sim;2;0;1;0;1;0;0;2;-8,089963;-34,946857;SPRF-PE;DEL01/PE;UOP01-DEL01-PE
756052;04/03/2026;quarta-feira;14:30:00;MS;163;126,5;NAVIRAI;Suicídio (presumido);Atropelamento de Pedestre;Com Vítimas Feridas;Pleno dia;Decrescente;Céu Claro;Simples;Reta;Não;3;0;0;1;1;1;0;3;-23,058575;-54,233022;SPRF-MS;DEL09/MS;UOP01-DEL09-MS
756053;04/03/2026;quarta-feira;14:10:00;GO;60;356;RIO VERDE;Ingestão de álcool pelo condutor;Tombamento;Sem Vítimas;Pleno dia;Crescente;Céu Claro;Dupla;"Reta;Aclive;Em Obras";Não;2;0;0;0;0;1;0;2;-17,617567;-50,75644;SPRF-GO;DEL04/GO;UOP02-DEL04-GO
756065;04/03/2026;quarta-feira;13:40:00;MT;163;14,1;ITIQUIRA;Condutor Dormindo;Colisão lateral mesmo sentido;Com Vítimas Feridas;Pleno dia;Crescente;Sol;Dupla;Reta;Sim;3;0;1;0;1;1;0;3;-17,395702;-54,758303;SPRF-MT;DEL02/MT;UOP03-DEL02-MT
756066;04/03/2026;quarta-feira;15:35:00;CE;116;483;MILAGRES;Condutor deixou de manter distância do veículo da frente;Colisão traseira;Sem Vítimas;Pleno dia;Crescente;Céu Claro;Simples;Reta;Não;4;0;0;0;0;4;0;3;-7,339025;-38,936223;SPRF-CE;DEL05/CE;UOP03-DEL05-CE
756067;04/03/2026;quarta-feira;16:10:00;CE;116;486,1;MILAGRES;Demais falhas na via;Saída de leito carroçável;Com Vítimas Feridas;Pleno dia;Crescente;Céu Claro;Simples;Reta;Não;2;0;2;0;2;0;0;1;-7,255587;-38,842559;SPRF-CE;DEL05/CE;UOP03-DEL05-CE
756068;04/03/2026;quarta-feira;14:10:00;SC;116;49;PAPANDUVA;Reação tardia ou ineficiente do condutor;Engavetamento;Com Vítimas Feridas;Pleno dia;Crescente;Céu Claro;Simples;Aclive;Não;4;0;1;0;1;2;0;4;-26,3721972;-50,1268079;SPRF-SC;DEL06/SC;UOP01-DEL06-SC
756070;04/03/2026;quarta-feira;15:00:00;BA;242;612;MUQUEM DE SAO FRANCISCO;Acumulo de água sobre o pavimento;Colisão frontal;Com Vítimas Fatais;Pleno dia;Decrescente;Chuva;Simples;Reta;Não;4;2;0;1;1;1;0;2;-12,17527338;-43,25325966;SPRF-BA;DEL10/BA;UOP01-DEL10-BA
756083;04/03/2026;quarta-feira;10:30:00;GO;158;112;PIRANHAS;Ultrapassagem Indevida;Colisão lateral sentido oposto;Com Vítimas Feridas;Pleno dia;Crescente;Céu Claro;Simples;"Declive;Curva";Não;7;0;0;1;1;5;0;10;-16,56585182;-51,75584794;SPRF-GO;DEL04/GO;UOP02-DEL04-GO
756084;04/03/2026;quarta-feira;18:00:00;SP;116;109,2;TAUBATE;Trafegar com motocicleta (ou similar) entre as faixas;Colisão lateral mesmo sentido;Com Vítimas Feridas;Anoitecer;Crescente;Nublado;Dupla;Reta;Sim;3;0;1;0;1;2;0;3;-23,03000147;-45,54706184;SPRF-SP;DEL02/SP;UOP02-DEL02-SP
756094;17/02/2026;terça-feira;19:40:00;BA;20;197;LUIS EDUARDO MAGALHAES;Reação tardia ou ineficiente do condutor;Saída de leito carroçável;Com Vítimas Feridas;Plena Noite;Crescente;Céu Claro;Simples;Reta;Não;5;0;1;0;1;3;0;5;-12,219;-45,832;SPRF-BA;DEL10/BA;UOP01-DEL10-BA
756097;04/03/2026;quarta-feira;15:30:00;PR;163;251,2;TOLEDO;Reação tardia ou ineficiente do condutor;Tombamento;Com Vítimas Feridas;Pleno dia;Crescente;Céu Claro;Dupla;Reta;Não;3;0;1;0;1;1;0;2;-24,67745458;-53,78989323;SPRF-PR;DEL06/PR;UOP02-DEL06-PR
756098;04/03/2026;quarta-feira;18:10:00;SC;282;612,1;MARAVILHA;Manobra de mudança de faixa;Colisão lateral mesmo sentido;Com Vítimas Feridas;Pleno dia;Crescente;Céu Claro;Simples;Curva;Não;4;0;3;0;3;1;0;2;-26,7614601;-53,2501415;SPRF-SC;DEL07/SC;UOP02-DEL07-SC
756102;04/03/2026;quarta-feira;18:30:00;SC;116;12;MAFRA;Reação tardia ou ineficiente do condutor;Tombamento;Com Vítimas Feridas;Plena Noite;Decrescente;Céu Claro;Simples;"Interseção de Vias;Retorno Regulamentado;Rotatória";Não;3;0;2;0;2;0;0;2;-26,17988182;-49,8711571;SPRF-SC;DEL06/SC;UOP01-DEL06-SC
756106;04/03/2026;quarta-feira;11:20:00;PE;101;189;PALMARES;Suicídio (presumido);Atropelamento de Pedestre;Com Vítimas Feridas;Pleno dia;Decrescente;Céu Claro;Dupla;Reta;Sim;3;0;0;2;2;0;0;3;-8,69590598;-35,610177;SPRF-PE;DEL01/PE;UOP03-DEL01-PE
756109;09/02/2026;segunda-feira;17:30:00;PR;163;335;GUAIRA;Manobra de mudança de faixa;Colisão lateral mesmo sentido;Sem Vítimas;Pleno dia;Crescente;Céu Claro;Simples;Reta;Não;3;0;0;0;0;2;0;3;-24,1597756;-54,2300643;SPRF-PR;DEL06/PR;UOP01-DEL06-PR
756110;04/03/2026;quarta-feira;20:00:00;ES;101;357,4;ANCHIETA;Avarias e/ou desgaste excessivo no pneu;Incêndio;Sem Vítimas;Plena Noite;Decrescente;Céu Claro;Múltipla;"Declive;Reta";Não;2;0;0;0;0;1;0;2;-20,6898;-40,6986;SPRF-ES;DEL03-ES;UOP01-DEL03-ES
756113;04/03/2026;quarta-feira;19:20:00;BA;324;519,4;FEIRA DE SANTANA;Trafegar com motocicleta (ou similar) entre as faixas;Tombamento;Com Vítimas Feridas;Plena Noite;Decrescente;Céu Claro;Dupla;Reta;Sim;3;0;0;1;1;1;0;5;-12,280079;-38,925001;SPRF-BA;DEL02/BA;UOP01-DEL02-BA
756114;04/03/2026;quarta-feira;00:00:00;AP;210;144;PORTO GRANDE;Pista Escorregadia;Eventos atípicos;Sem Vítimas;Plena Noite;Decrescente;Chuva;Simples;"Reta;Aclive";Não;2;0;0;0;0;1;0;4;0,5993612;-51,7277953;SPRF-AP;DEL01-AP;UOP01-DEL01-AP
756119;04/03/2026;quarta-feira;20:15:00;RS;101;40;TRES FORQUILHAS;Acessar a via sem observar a presença dos outros veículos;Colisão transversal;Com Vítimas Feridas;Plena Noite;Decrescente;Céu Claro;Dupla;"Curva;Aclive";Sim;4;0;1;0;1;2;0;3;-29,53750165;-50,02997573;SPRF-RS;DEL03/RS;UOP02-DEL03-RS
756123;04/03/2026;quarta-feira;18:15:00;RO;364;430;JARU;Acessar a via sem observar a presença dos outros veículos;Colisão transversal;Com Vítimas Feridas;Anoitecer;Crescente;Céu Claro;Simples;"Reta;Interseção de Vias";Não;3;0;1;0;1;1;0;4;-10,40664644;-62,51600269;SPRF-RO;DEL03-RO;UOP02-DEL03-RO
756126;04/03/2026;quarta-feira;14:30:00;MA;10;305;ACAILANDIA;Reação tardia ou ineficiente do condutor;Colisão traseira;Com Vítimas Feridas;Pleno dia;Crescente;Chuva;Simples;"Reta;Aclive";Não;4;0;1;0;1;3;0;3;-5,0661029;-47,5586915;SPRF-MA;DEL04-MA;UOP03-DEL04-MA
756129;04/03/2026;quarta-feira;22:00:00;SP;116;280;EMBU DAS ARTES;Trafegar com motocicleta (ou similar) entre as faixas;Colisão lateral mesmo sentido;Com Vítimas Feridas;Plena Noite;Crescente;Nublado;Dupla;Reta;Sim;2;0;1;0;1;0;0;2;-23,65106155;-46,84713057;SPRF-SP;DEL04/SP;UOP01-DEL04-SP
756139;04/03/2026;quarta-feira;23:50:00;PR;376;488;PONTA GROSSA;Transitar na contramão;Colisão frontal;Com Vítimas Feridas;Plena Noite;Decrescente;Nublado;Dupla;"Declive;Reta";Não;2;0;0;1;1;1;0;2;-25,12906;-50,17408;SPRF-PR;DEL03/PR;UOP03-DEL03-PR
756140;04/03/2026;quarta-feira;23:50:00;MG;262;550,5;CORREGO DANTA;Ingestão de álcool pelo condutor;Colisão traseira;Sem Vítimas;Plena Noite;Crescente;Céu Claro;Simples;"Reta;Aclive";Não;2;0;0;0;0;2;0;2;-19,745119;-45,948172;SPRF-MG;DEL08/MG;UOP02-DEL08-MG
756141;04/03/2026;quarta-feira;23:05:00;PR;277;345;GUARAPUAVA;Reação tardia ou ineficiente do condutor;Colisão traseira;Com Vítimas Feridas;Plena Noite;Crescente;Céu Claro;Dupla;"Declive;Reta";Não;23;0;1;1;2;21;0;2;-25,34414675;-51,440045;SPRF-PR;DEL08/PR;UOP01-DEL08-PR
756142;05/03/2026;quinta-feira;02:50:00;ES;101;14,8;SERRA;Ausência de reação do condutor;Colisão com objeto;Com Vítimas Fatais;Plena Noite;Decrescente;Céu Claro;Dupla;"Reta;Ponte";Não;1;1;0;0;0;0;0;1;-20,181288;-40,340452;SPRF-ES;DEL04-ES;UOP02-DEL04-ES
756147;05/03/2026;quinta-feira;01:20:00;GO;153;556;PROFESSOR JAMIL;Ingestão de álcool pelo condutor;Colisão traseira;Sem Vítimas;Plena Noite;Crescente;Nublado;Dupla;Reta;Não;3;0;0;0;0;2;0;3;-17,181782;-49,210073;SPRF-GO;DEL03/GO;UOP01-DEL03-GO
756148;05/03/2026;quinta-feira;02:49:00;SC;101;359,8;SANGAO;Entrada inopinada do pedestre;Atropelamento de Pedestre;Com Vítimas Fatais;Plena Noite;Crescente;Céu Claro;Múltipla;Reta;Sim;3;1;0;0;0;1;0;3;-28,6645742;-49,113732;SPRF-SC;DEL02/SC;UOP01-DEL02-SC
756151;05/03/2026;quinta-feira;05:20:00;SE;235;47,7;ITABAIANA;Velocidade Incompatível;Saída de leito carroçável;Com Vítimas Feridas;Amanhecer;Decrescente;Céu Claro;Simples;"Reta;Declive";Não;1;0;1;0;1;0;0;1;-10,70328132;-37,42854818;SPRF-SE;DEL01-SE;UOP02-DEL01-SE
756154;05/03/2026;quinta-feira;03:50:00;RS;290;38;SANTO ANTONIO DA PATRULHA;Condutor Dormindo;Saída de leito carroçável;Sem Vítimas;Plena Noite;Crescente;Céu Claro;Dupla;Reta;Não;2;0;0;0;0;1;0;2;-29,8850783;-50,6179467;SPRF-RS;DEL03/RS;UOP01-DEL03-RS
756155;05/03/2026;quinta-feira;04:50:00;PE;232;172;BELO JARDIM;Neblina;Colisão frontal;Com Vítimas Fatais;Amanhecer;Crescente;Nevoeiro/Neblina;Simples;Ponte;Sim;2;1;0;1;1;0;0;2;-8,338925;-36,362521;SPRF-PE;DEL03/PE;UOP02-DEL03-PE