id;data_inversa;dia_semana;horario;uf;br;km;municipio;causa_acidente;tipo_acidente;classificacao_acidente;fase_dia;sentido_via;condicao_metereologica;tipo_pista;tracado_via;uso_solo;pessoas;mortos;feridos_leves;feridos_graves;feridos;ilesos;ignorados;veiculos;latitude;longitude;regional;delegacia;uop
757322;10/03/2026;terça-feira;04:00:00;RJ;101;71;CAMPOS DOS GOYTACAZES;Condutor deixou de manter distância do veículo da frente;Colisão traseira;Sem Vítimas;Pleno dia;Decrescente;Chuva;Simples;Reta;Não;2;0;0;0;0;1;0;2;-21,8169729;-41,3981444;SPRF-RJ;DEL08/RJ;UOP02-DEL08-RJ
757327;10/03/2026;terça-feira;07:40:00;PR;277;75;SAO JOSE DOS PINHAIS;Reação tardia ou ineficiente do condutor;Colisão traseira;Com Vítimas Feridas;Amanhecer;Decrescente;Nublado;Dupla;Reta;Sim;2;0;1;0;1;1;0;2;-25,492652;-49,170433;SPRF-PR;DEL01/PR;UOP08-DEL01-PR
757337;01/02/2026;domingo;17:30:00;SP;116;360;MIRACATU;Velocidade Incompatível;Tombamento;Com Vítimas Feridas;Pleno dia;Decrescente;Céu Claro;Dupla;Curva;Não;3;0;2;0;2;0;0;2;-24,113228;-47,26949215;SPRF-SP;DEL04/SP;UOP03-DEL04-SP
757340;10/03/2026;terça-feira;07:45:00;BA;116;420,1;FEIRA DE SANTANA;Condutor deixou de manter distância do veículo da frente;Colisão traseira;Com Vítimas Feridas;Pleno dia;Decrescente;Céu Claro;Dupla;Reta;Sim;6;0;0;2;2;3;0;4;-12,21155;-38,96548;SPRF-BA;DEL02/BA;UOP01-DEL02-BA
757344;10/03/2026;terça-feira;08:30:00;MG;267;71,9;BICAS;Velocidade Incompatível;Tombamento;Com Vítimas Feridas;Pleno dia;Crescente;Nublado;Simples;Curva;Não;3;0;1;1;2;0;0;3;-21,75736;-43,16582;SPRF-MG;DEL05/MG;UOP01-DEL05-MG
757346;10/03/2026;terça-feira;05:45:00;GO;60;322;ACREUNA;Condutor Dormindo;Saída de leito carroçável;Sem Vítimas;Amanhecer;Crescente;Nevoeiro/Neblina;Dupla;Reta;Não;1;0;0;0;0;1;0;1;-17,514098;-50,479867;SPRF-GO;DEL04/GO;UOP02-DEL04-GO
757348;10/03/2026;terça-feira;08:10:00;SP;116;143;SAO JOSE DOS CAMPOS;Ausência de reação do condutor;Colisão lateral mesmo sentido;Com Vítimas Feridas;Pleno dia;Crescente;Nublado;Múltipla;Reta;Sim;4;0;1;0;1;2;0;3;-23,18250834;-45,84592279;SPRF-SP;DEL02/SP;UOP01-DEL02-SP
757349;10/03/2026;terça-feira;05:00:00;MS;60;516,5;NIOAQUE;Demais falhas mecânicas ou elétricas;Incêndio;Sem Vítimas;Amanhecer;Crescente;Nublado;Simples;Reta;Não;2;0;0;0;0;1;0;4;-21,171378;-55,643021;SPRF-MS;DEL05/MS;UOP01-DEL05-MS
757350;10/03/2026;terça-feira;07:51:00;MG;40;488,9;ESMERALDAS;Condutor deixou de manter distância do veículo da frente;Colisão lateral mesmo sentido;Sem Vítimas;Pleno dia;Crescente;Céu Claro;Dupla;"Declive;Curva";Não;2;0;0;0;0;1;0;2;-19,6141644;-44,2158326;SPRF-MG;DEL02/MG;UOP01-DEL02-MG
757353;10/03/2026;terça-feira;07:50:00;PR;376;665;GUARATUBA;Ausência de reação do condutor;Colisão com objeto;Com Vítimas Feridas;Pleno dia;Crescente;Garoa/Chuvisco;Dupla;"Declive;Curva";Não;4;0;1;0;1;2;0;5;-25,859572;-48,949728;SPRF-PR;DEL01/PR;UOP04-DEL01-PR
757354;10/03/2026;terça-feira;08:15:00;MA;226;300;BARRA DO CORDA;Ausência de reação do condutor;Queda de ocupante de veículo;Com Vítimas Feridas;Pleno dia;Crescente;Céu Claro;Simples;"Reta;Rotatória";Sim;2;0;0;1;1;0;0;2;-5,5019419;-45,24649084;SPRF-MA;DEL06-MA;UOP01-DEL06-MA
757355;10/03/2026;terça-feira;05:30:00;SP;116;339,4;JUQUITIBA;Ausência de reação do condutor;Tombamento;Com Vítimas Feridas;Amanhecer;Decrescente;Chuva;Múltipla;"Aclive;Reta";Não;2;0;1;0;1;0;0;2;-24,002788;-47,154618;SPRF-SP;DEL04/SP;UOP03-DEL04-SP
757359;10/03/2026;terça-feira;09:30:00;RS;116;367;SENTINELA DO SUL;Reação tardia ou ineficiente do condutor;Colisão traseira;Com Vítimas Feridas;Pleno dia;Crescente;Garoa/Chuvisco;Dupla;Reta;Não;2;0;1;0;1;1;0;2;-30,67703032;-51,57458246;SPRF-RS;DEL02/RS;UOP02-DEL02-RS
757360;10/03/2026;terça-feira;07:30:00;SP;116;523;BARRA DO TURVO;Chuva;Colisão com objeto;Com Vítimas Feridas;Pleno dia;Crescente;Chuva;Simples;"Declive;Reta";Não;2;0;1;0;1;1;0;1;-24,918978;-48,25809002;SPRF-SP;DEL05/SP;UOP02-DEL05-SP
757361;10/03/2026;terça-feira;08:00:00;MG;381;423,8;SABARA;Avarias e/ou desgaste excessivo no pneu;Tombamento;Com Vítimas Feridas;Pleno dia;Decrescente;Nublado;Simples;Curva;Sim;2;0;1;0;1;0;0;2;-19,78834933;-43,69674683;SPRF-MG;DEL01/MG;UOP01-DEL01-MG
757365;10/03/2026;terça-feira;08:30:00;PR;163;214,5;CASCAVEL;Demais falhas mecânicas ou elétricas;Capotamento;Com Vítimas Feridas;Pleno dia;Decrescente;Céu Claro;Dupla;Reta;Não;2;0;1;0;1;0;0;2;-24,88961801;-53,55289522;SPRF-PR;DEL04/PR;UOP01-DEL04-PR
757374;10/03/2026;terça-feira;09:35:00;PI;230;309;FLORIANO;Acessar a via sem observar a presença dos outros veículos;Colisão transversal;Com Vítimas Feridas;Pleno dia;Crescente;Chuva;Simples;Reta;Sim;2;0;1;0;1;1;0;2;-6,772297;-43,007133;SPRF-PI;DEL03-PI;UOP01-DEL03-PI
757378;04/03/2026;quarta-feira;14:30:00;SC;153;81,3;IRANI;Demais falhas mecânicas ou elétricas;Saída de leito carroçável;Sem Vítimas;Pleno dia;Crescente;Céu Claro;Simples;Curva;Não;1;0;0;0;0;1;0;1;-27,123662;-51,926212;SPRF-SC;DEL07/SC;UOP04-DEL07-SC
757380;10/03/2026;terça-feira;09:30:00;SC;280;39;ARAQUARI;Manobra de mudança de faixa;Colisão frontal;Com Vítimas Feridas;Pleno dia;Decrescente;Garoa/Chuvisco;Simples;"Ponte;Reta;Em Obras";Não;4;0;0;1;1;3;0;3;-26,4426026;-48,80916595;SPRF-SC;DEL03/SC;UOP03-DEL03-SC
757385;10/03/2026;terça-feira;08:10:00;SC;163;109,4;GUARUJA DO SUL;Velocidade Incompatível;Tombamento;Com Vítimas Feridas;Pleno dia;Crescente;Céu Claro;Simples;Curva;Não;3;0;0;1;1;1;0;2;-26,40985242;-53,5220425;SPRF-SC;DEL07/SC;UOP03-DEL07-SC
757392;10/03/2026;terça-feira;10:00:00;ES;101;389,5;RIO NOVO DO SUL;Condutor deixou de manter distância do veículo da frente;Colisão frontal;Com Vítimas Fatais;Pleno dia;Decrescente;Nublado;Simples;Curva;Não;3;1;1;0;1;0;0;4;-20,864617;-40,881988;SPRF-ES;DEL03-ES;UOP02-DEL03-ES
757397;10/03/2026;terça-feira;10:25:00;MS;163;831;SONORA;Acessar a via sem observar a presença dos outros veículos;Colisão transversal;Sem Vítimas;Pleno dia;Crescente;Céu Claro;Simples;Reta;Não;2;0;0;0;0;2;0;2;-17,649;-54,748;SPRF-MS;DEL06/MS;UOP01-DEL06-MS
757398;10/03/2026;terça-feira;07:50:00;MA;226;0,7;TIMON;Desrespeitar a preferência no cruzamento;Colisão lateral mesmo sentido;Sem Vítimas;Pleno dia;Decrescente;Nublado;Dupla;Interseção de Vias;Sim;2;0;0;0;0;1;0;2;-5,132029;-42,819601;SPRF-MA;DEL03-MA;UOP02-DEL03-MA
757400;10/03/2026;terça-feira;11:50:00;SC;101;104;BALNEARIO PICARRAS;Reação tardia ou ineficiente do condutor;Colisão traseira;Com Vítimas Feridas;Pleno dia;Crescente;Garoa/Chuvisco;Dupla;Reta;Não;3;0;1;0;1;1;0;3;-26,79639567;-48,68015639;SPRF-SC;DEL03/SC;UOP02-DEL03-SC
757401;10/03/2026;terça-feira;12:50:00;GO;40;92;CRISTALINA;Desrespeitar a preferência no cruzamento;Colisão transversal;Com Vítimas Feridas;Pleno dia;Crescente;Céu Claro;Simples;"Reta;Interseção de Vias";Não;7;0;0;1;1;6;0;2;-16,733913;-47,621698;SPRF-DF;DEL01-DF;UOP02-DEL01-DF
757405;10/03/2026;terça-feira;13:05:00;RN;101;153;GOIANINHA;Demais falhas mecânicas ou elétricas;Incêndio;Sem Vítimas;Pleno dia;Crescente;Céu Claro;Dupla;Reta;Não;1;0;0;0;0;1;0;1;-6,314866;-35,184927;SPRF-RN;DEL01-RN;UOP01-DEL01-RN
757406;10/03/2026;terça-feira;13:15:00;ES;262;46;MARECHAL FLORIANO;Transitar na contramão;Colisão frontal;Com Vítimas Feridas;Pleno dia;Crescente;Nublado;Simples;Reta;Sim;3;0;1;0;1;1;0;4;-20,40740041;-40,67320911;SPRF-ES;DEL01-ES;UOP01-DEL01-ES
757408;10/03/2026;terça-feira;07:00:00;BA;116;806;VITORIA DA CONQUISTA;Condutor Dormindo;Colisão frontal;Com Vítimas Feridas;Pleno dia;Crescente;Céu Claro;Simples;Reta;Não;4;0;1;1;2;1;0;4;-14,75726976;-40,69078063;SPRF-BA;DEL08/BA;UOP01-DEL08-BA
757425;10/03/2026;terça-feira;14:30:00;CE;116;16;EUSEBIO;Avarias e/ou desgaste excessivo no pneu;Eventos atípicos;Com Vítimas Feridas;Pleno dia;Decrescente;Céu Claro;Dupla;Reta;Sim;2;0;1;0;1;0;0;2;-3,888614;-38,501621;SPRF-CE;DEL01/CE;UOP02-DEL01-CE
757432;10/03/2026;terça-feira;14:40:00;PR;277;1,7;PARANAGUA;Manobra de mudança de faixa;Colisão transversal;Com Vítimas Feridas;Pleno dia;Decrescente;Chuva;Dupla;Reta;Sim;3;0;1;0;1;1;0;4;-25,529933;-48,548005;SPRF-PR;DEL01/PR;UOP05-DEL01-PR
757436;28/02/2026;sábado;20:34:00;MS;262;570;MIRANDA;Avarias e/ou desgaste excessivo no pneu;Incêndio;Sem Vítimas;Plena Noite;Crescente;Nublado;Simples;Reta;Não;2;0;0;0;0;1;0;2;-20,189932;-56,470159;SPRF-MS;DEL03/MS;UOP02-DEL03-MS
757437;10/03/2026;terça-feira;15:10:00;PR;376;633;SAO JOSE DOS PINHAIS;Reação tardia ou ineficiente do condutor;Tombamento;Com Vítimas Feridas;Pleno dia;Crescente;Garoa/Chuvisco;Simples;"Viaduto;Curva";Não;2;0;1;0;1;1;0;1;-25,727997;-49,133988;SPRF-PR;DEL01/PR;UOP04-DEL01-PR
757438;10/03/2026;terça-feira;14:30:00;SC;153;112,1;CONCORDIA;Transitar na contramão;Colisão frontal;Com Vítimas Fatais;Pleno dia;Decrescente;Nublado;Simples;Curva;Não;4;1;0;1;1;1;0;3;-27,33527;-51,975558;SPRF-SC;DEL07/SC;UOP04-DEL07-SC
757439;10/03/2026;terça-feira;13:30:00;PE;101;102,6;CABO DE SANTO AGOSTINHO;Reação tardia ou ineficiente do condutor;Colisão lateral mesmo sentido;Com Vítimas Feridas;Pleno dia;Crescente;Sol;Dupla;Reta;Não;5;0;0;1;1;1;0;4;-8,28843;-35,05668;SPRF-PE;DEL01/PE;UOP03-DEL01-PE
757440;10/03/2026;terça-feira;15:40:00;PR;369;159;CAMBE;Manobra de mudança de faixa;Colisão lateral mesmo sentido;Sem Vítimas;Pleno dia;Crescente;Chuva;Dupla;Reta;Sim;3;0;0;0;0;2;0;3;-23,283807;-51,244656;SPRF-PR;DEL07/PR;UOP01-DEL07-PR
757449;10/03/2026;terça-feira;13:40:00;RJ;116;222;PARACAMBI;Condutor Dormindo;Engavetamento;Com Vítimas Feridas;Pleno dia;Crescente;Nublado;Dupla;Reta;Não;5;0;1;0;1;4;0;3;-22,689963;-43,799886;SPRF-RJ;DEL06/RJ;UOP02-DEL06-RJ
757453;10/03/2026;terça-feira;16:45:00;MG;146;487;POCOS DE CALDAS;Acessar a via sem observar a presença dos outros veículos;Atropelamento de Pedestre;Com Vítimas Feridas;Pleno dia;Crescente;Nublado;Simples;"Declive;Reta";Não;3;0;0;1;1;1;0;2;-21,807063;-46,488084;SPRF-MG;DEL09/MG;UOP01-DEL09-MG
757455;10/03/2026;terça-feira;17:10:00;PR;277;137;CAMPO LARGO;Manobra de mudança de faixa;Colisão lateral mesmo sentido;Sem Vítimas;Pleno dia;Crescente;Nublado;Dupla;"Reta;Aclive";Não;3;0;0;0;0;2;0;3;-25,464282;-49,651372;SPRF-PR;DEL01/PR;UOP07-DEL01-PR
757461;10/03/2026;terça-feira;14:11:00;MT;163;821;SINOP;Suicídio (presumido);Colisão traseira;Com Vítimas Feridas;Pleno dia;Crescente;Céu Claro;Simples;Reta;Sim;2;0;1;0;1;1;0;2;-11,985452;-55,517013;SPRF-MT;DEL06/MT;UOP02-DEL06-MT
757463;10/03/2026;terça-feira;17:25:00;CE;222;22;CAUCAIA;Reação tardia ou ineficiente do condutor;Saída de leito carroçável;Com Vítimas Feridas;Anoitecer;Crescente;Céu Claro;Dupla;Reta;Sim;6;0;4;0;4;2;0;3;-3,732177;-38,757272;SPRF-CE;DEL01/CE;UOP01-DEL01-CE
757465;10/03/2026;terça-feira;17:40:00;PR;153;42,1;SANTO ANTONIO DA PLATINA;Mal súbito do condutor;Colisão transversal;Com Vítimas Feridas;Pleno dia;Decrescente;Garoa/Chuvisco;Simples;Interseção de Vias;Sim;2;0;0;1;1;1;0;2;-23,29719371;-50,068516;SPRF-PR;DEL07/PR;UOP04-DEL07-PR
757467;10/03/2026;terça-feira;16:35:00;MG;116;713,5;MURIAE;Chuva;Colisão lateral sentido oposto;Com Vítimas Feridas;Pleno dia;Crescente;Chuva;Simples;Curva;Não;7;0;4;0;4;2;0;5;-21,19886;-42,3839;SPRF-MG;DEL07/MG;UOP02-DEL07-MG
757470;10/03/2026;terça-feira;15:40:00;MA;230;402,6;BALSAS;Ausência de reação do condutor;Colisão traseira;Com Vítimas Feridas;Pleno dia;Crescente;Chuva;Simples;Reta;Sim;3;0;1;0;1;1;0;8;-7,515602;-46,03459;SPRF-MA;DEL05-MA;UOP01-DEL05-MA
757471;10/03/2026;terça-feira;18:45:00;RS;158;321;SANTA MARIA;Ausência de reação do condutor;Colisão traseira;Com Vítimas Feridas;Plena Noite;Decrescente;Céu Claro;Dupla;"Aclive;Curva;Em Obras";Não;3;0;1;0;1;1;0;4;-29,68379319;-53,77848387;SPRF-RS;DEL09/RS;UOP01-DEL09-RS
757481;10/03/2026;terça-feira;17:20:00;MS;262;114;AGUA CLARA;Chuva;Colisão lateral sentido oposto;Com Vítimas Fatais;Anoitecer;Crescente;Chuva;Simples;Curva;Não;8;1;4;2;6;1;0;2;-20,517111;-52,615848;SPRF-MS;DEL07/MS;UOP02-DEL07-MS
757482;10/03/2026;terça-feira;14:55:00;MG;153;121;PRATA;Avarias e/ou desgaste excessivo no pneu;Tombamento;Com Vítimas Feridas;Pleno dia;Crescente;Nublado;Dupla;"Declive;Curva";Não;2;0;1;0;1;0;0;2;-19,409725;-48,894502;SPRF-MG;DEL15/MG;UOP03-DEL15-MG
757484;10/03/2026;terça-feira;18:35:00;PR;277;5;FOZ DO IGUACU;Conversão proibida;Colisão transversal;Com Vítimas Feridas;Pleno dia;Crescente;Céu Claro;Simples;Viaduto;Sim;2;0;1;0;1;1;0;2;-25,53386113;-54,52836741;SPRF-PR;DEL05/PR;UOP04-DEL05-PR
757489;10/03/2026;terça-feira;16:45:00;MG;365;489,8;PATROCINIO;Condutor deixou de manter distância do veículo da frente;Engavetamento;Com Vítimas Feridas;Pleno dia;Crescente;Sol;Simples;Em Obras;Não;4;0;1;0;1;2;0;4;-18,903044;-47,140503;SPRF-MG;DEL10/MG;UOP01-DEL10-MG
757493;10/03/2026;terça-feira;17:30:00;RJ;116;230;PIRAI;Reação tardia ou ineficiente do condutor;Colisão com objeto;Com Vítimas Feridas;Anoitecer;Decrescente;Garoa/Chuvisco;Dupla;"Declive;Curva";Não;3;0;1;2;3;0;0;1;-22,67160216;-43,82877442;SPRF-RJ;DEL07/RJ;UOP01-DEL07-RJ
757498;10/03/2026;terça-feira;15:00:00;GO;153;114;ESTRELA DO NORTE;Ausência de reação do condutor;Tombamento;Sem Vítimas;Pleno dia;Crescente;Céu Claro;Simples;Declive;Não;2;0;0;0;0;1;0;2;-13,8597472;-49,05000687;SPRF-GO;DEL07/GO;UOP01-DEL07-GO
757499;10/03/2026;terça-feira;20:10:00;BA;324;520;FEIRA DE SANTANA;Condutor deixou de manter distância do veículo da frente;Colisão traseira;Com Vítimas Feridas;Plena Noite;Decrescente;Céu Claro;Dupla;"Viaduto;Reta";Não;4;0;2;0;2;1;0;3;-12,2715659;-38,9366349;SPRF-BA;DEL11/BA;UOP02-DEL11-BA
757501;10/03/2026;terça-feira;20:40:00;PR;376;245;APUCARANA;Transitar na contramão;Atropelamento de Pedestre;Com Vítimas Feridas;Plena Noite;Crescente;Garoa/Chuvisco;Dupla;"Declive;Reta";Sim;4;0;0;1;1;2;0;4;-23,588701;-51,412695;SPRF-PR;DEL07/PR;UOP03-DEL07-PR
757519;10/03/2026;terça-feira;22:00:00;PR;373;182;PONTA GROSSA;Pedestre cruzava a pista fora da faixa;Atropelamento de Pedestre;Com Vítimas Feridas;Plena Noite;Decrescente;Céu Claro;Dupla;Reta;Sim;2;0;1;0;1;1;0;2;-25,04015149;-50,27244353;SPRF-PR;DEL03/PR;UOP01-DEL03-PR
757520;10/03/2026;terça-feira;22:15:00;RS;116;243,6;SAO LEOPOLDO;Ausência de reação do condutor;Colisão com objeto;Sem Vítimas;Plena Noite;Decrescente;Céu Claro;Dupla;Reta;Sim;1;0;0;0;0;1;0;1;-29,73370704;-51,14959525;SPRF-RS;DEL01/RS;UOP02-DEL01-RS
757527;10/03/2026;terça-feira;21:50:00;SP;116;77;ROSEIRA;Ausência de reação do condutor;Colisão traseira;Com Vítimas Feridas;Plena Noite;Crescente;Chuva;Dupla;Reta;Não;7;0;4;0;4;2;0;4;-22,87859607;-45,27377542;SPRF-SP;DEL08/SP;UOP01-DEL08-SP
757531;10/03/2026;terça-feira;22:15:00;RS;285;97,6;VACARIA;Ausência de reação do condutor;Tombamento;Com Vítimas Feridas;Plena Noite;Decrescente;Céu Claro;Simples;Curva;Não;3;0;0;1;1;0;0;3;-28,5913;-50,75375;SPRF-RS;DEL05/RS;UOP03-DEL05-RS
757532;10/03/2026;terça-feira;22:40:00;PR;116;69;QUATRO BARRAS;Condutor deixou de manter distância do veículo da frente;Colisão traseira;Com Vítimas Feridas;Plena Noite;Crescente;Garoa/Chuvisco;Dupla;Reta;Não;3;0;1;0;1;1;0;4;-25,33260376;-49,03227615;SPRF-PR;DEL01/PR;UOP02-DEL01-PR
757533;10/03/2026;terça-feira;23:45:00;PR;376;2;APUCARANA;Acessar a via sem observar a presença dos outros veículos;Colisão transversal;Com Vítimas Feridas;Plena Noite;Crescente;Nublado;Simples;Aclive;Não;3;0;0;1;1;1;0;3;-23,57101;-51,428529;SPRF-PR;DEL07/PR;UOP03-DEL07-PR
757535;11/03/2026;quarta-feira;00:01:00;SP;116;443;REGISTRO;Avarias e/ou desgaste excessivo no pneu;Colisão traseira;Com Vítimas Feridas;Plena Noite;Crescente;Nublado;Dupla;Reta;Não;3;0;1;0;1;1;0;3;-24,48458508;-47,8333017;SPRF-SP;DEL05/SP;UOP01-DEL05-SP
757539;11/03/2026;quarta-feira;01:30:00;CE;116;18;EUSEBIO;Transtornos Mentais (exceto suicidio);Atropelamento de Pedestre;Com Vítimas Feridas;Plena Noite;Crescente;Céu Claro;Dupla;Reta;Sim;2;0;0;1;1;1;0;2;-3,90915756;-38,50589689;SPRF-CE;DEL01/CE;UOP02-DEL01-CE
757540;11/03/2026;quarta-feira;00:50:00;MG;40;383,9;CURVELO;Condutor Dormindo;Saída de leito carroçável;Com Vítimas Feridas;Plena Noite;Crescente;Céu Claro;Simples;Reta;Não;1;0;1;0;1;0;0;1;-18,8961946;-44,6928737;SPRF-MG;DEL02/MG;UOP01-DEL02-MG
757541;11/03/2026;quarta-feira;01:25:00;SC;101;377,9;ICARA;Condutor Dormindo;Saída de leito carroçável;Com Vítimas Feridas;Plena Noite;Crescente;Chuva;Múltipla;Reta;Não;2;0;1;0;1;0;0;2;-28,7518864;-49,27141395;SPRF-SC;DEL02/SC;UOP01-DEL02-SC
757544;10/03/2026;terça-feira;07:45:00;MS;262;607;MIRANDA;Carga excessiva e/ou mal acondicionada;Derramamento de carga;Sem Vítimas;Pleno dia;Crescente;Nublado;Simples;Reta;Não;2;0;0;0;0;1;0;3;-20,093051;-56,743791;SPRF-MS;DEL03/MS;UOP02-DEL03-MS
757545;11/03/2026;quarta-feira;06:00:00;BA;116;330;TEOFILANDIA;Reação tardia ou ineficiente do condutor;Queda de ocupante de veículo;Com Vítimas Fatais;Pleno dia;Crescente;Céu Claro;Simples;"Aclive;Reta";Não;3;1;0;0;0;1;0;3;-11,42236;-38,97235;SPRF-BA;DEL02/BA;UOP01-DEL02-BA
757546;11/03/2026;quarta-feira;05:35:00;PA;316;64;CASTANHAL;Condutor desrespeitou a iluminação vermelha do semáforo;Colisão transversal;Com Vítimas Feridas;Amanhecer;Decrescente;Ignorado;Dupla;Reta;Sim;4;0;1;0;1;3;0;2;-1,296188;-47,919153;SPRF-PA;DEL01/PA;UOP01-DEL01-PA
757548;11/03/2026;quarta-feira;05:52:00;MG;381;487;BETIM;Ausência de reação do condutor;Colisão lateral mesmo sentido;Com Vítimas Feridas;Amanhecer;Decrescente;Chuva;Dupla;Reta;Sim;2;0;1;0;1;0;0;2;-19,95671919;-44,12658048;SPRF-MG;DEL01/MG;UOP03-DEL01-MG
757551;10/03/2026;terça-feira;18:29:00;RJ;101;263;RIO BONITO;Demais falhas mecânicas ou elétricas;Incêndio;Sem Vítimas;Plena Noite;Crescente;Garoa/Chuvisco;Dupla;Declive;Sim;1;0;0;0;0;1;0;1;-22,71873505;-42,62695313;SPRF-RJ;DEL02/RJ;UOP03-DEL02-RJ
757554;11/03/2026;quarta-feira;05:50:00;PR;376;241;APUCARANA;Ultrapassagem Indevida;Colisão traseira;Com Vítimas Feridas;Pleno dia;Decrescente;Céu Claro;Dupla;Reta;Não;3;0;1;0;1;1;0;5;-23,581716;-51,443177;SPRF-PR;DEL07/PR;UOP03-DEL07-PR
757556;10/03/2026;terça-feira;21:40:00;BA;101;449;AURELINO LEAL;Ultrapassagem Indevida;Colisão lateral mesmo sentido;Com Vítimas Feridas;Plena Noite;Decrescente;Céu Claro;Simples;Reta;Não;7;0;5;0;5;1;0;3;-14,328899;-39,314068;SPRF-BA;DEL05/BA;UOP01-DEL05-BA
757563;11/03/2026;quarta-feira;07:40:00;RS;153;47;ERECHIM;Desrespeitar a preferência no cruzamento;Colisão transversal;Com Vítimas Feridas;Pleno dia;Decrescente;Céu Claro;Simples;"Interseção de Vias;Rotatória";Não;2;0;1;0;1;1;0;2;-27,63298327;-52,23628586;SPRF-RS;DEL08/RS;UOP04-DEL08-RS
757567;11/03/2026;quarta-feira;05:30:00;AP;210;88;PORTO GRANDE;Ausência de reação do condutor;Colisão lateral sentido oposto;Sem Vítimas;Amanhecer;Decrescente;Garoa/Chuvisco;Simples;Reta;Não;3;0;0;0;0;2;0;3;0,6345499;-51,28747914;SPRF-AP;DEL01-AP;UOP01-DEL01-AP
757570;08/03/2026;domingo;03:25:00;GO;60;306;ACREUNA;Ausência de reação do condutor;Colisão traseira;Com Vítimas Feridas;Plena Noite;Crescente;Céu Claro;Dupla;Reta;Não;7;0;0;2;2;4;0;5;-17,40973402;-50,40420324;SPRF-GO;DEL04/GO;UOP02-DEL04-GO
757571;11/03/2026;quarta-feira;04:30:00;PA;230;1127;ITAITUBA;Acumulo de areia ou detritos sobre o pavimento;Colisão transversal;Com Vítimas Feridas;Pleno dia;Decrescente;Nublado;Simples;Reta;Não;4;0;2;0;2;1;0;4;-4,304225;-55,959353;SPRF-PA;DEL05/PA;UOP02-DEL05-PA
757576;23/02/2026;segunda-feira;09:45:00;MG;116;526,9;CARATINGA;Ausência de reação do condutor;Colisão traseira;Com Vítimas Feridas;Pleno dia;Crescente;Céu Claro;Dupla;"Declive;Reta";Sim;2;0;0;1;1;1;0;2;-19,78716019;-42,13539898;SPRF-MG;DEL06/MG;UOP02-DEL06-MG
757578;11/03/2026;quarta-feira;08:45:00;SP;116;359;MIRACATU;Velocidade Incompatível;Tombamento;Com Vítimas Feridas;Pleno dia;Decrescente;Nublado;Dupla;Curva;Não;2;0;0;1;1;0;0;2;-24,10587939;-47,2641449;SPRF-SP;DEL04/SP;UOP03-DEL04-SP
757580;04/02/2026;quarta-feira;10:51:00;RO;319;143;PORTO VELHO;Estacionar ou parar em local proibido;Colisão traseira;Com Vítimas Feridas;Pleno dia;Crescente;Céu Claro;Dupla;Reta;Sim;12;0;4;0;4;7;0;5;-8,74666147;-63,88878107;SPRF-RO;DEL01-RO;UOP01-DEL01-RO
757594;11/03/2026;quarta-feira;09:30:00;SP;116;217;GUARULHOS;Trafegar com motocicleta (ou similar) entre as faixas;Colisão lateral mesmo sentido;Com Vítimas Feridas;Pleno dia;Crescente;Chuva;Múltipla;Reta;Não;3;0;1;0;1;2;0;3;-23,455718;-46,475975;SPRF-SP;DEL01/SP;UOP01-DEL01-SP
757601;11/03/2026;quarta-feira;10:00:00;PE;101;131;ESCADA;Demais falhas na via;Saída de leito carroçável;Sem Vítimas;Pleno dia;Decrescente;Céu Claro;Dupla;Reta;Não;4;0;0;0;0;3;0;2;-8,403635;-35,269187;SPRF-PE;DEL01/PE;UOP03-DEL01-PE
757602;11/03/2026;quarta-feira;08:45:00;RJ;101;303;SAO GONCALO;Acessar a via sem observar a presença dos outros veículos;Colisão lateral mesmo sentido;Com Vítimas Feridas;Pleno dia;Decrescente;Nublado;Simples;"Rotatória;Curva";Não;3;0;1;0;1;2;0;2;-22,783;-42,975565;SPRF-RJ;DEL02/RJ;UOP02-DEL02-RJ
757603;11/03/2026;quarta-feira;08:30:00;MS;267;190;NOVA ANDRADINA;Mal súbito do condutor;Saída de leito carroçável;Com Vítimas Feridas;Pleno dia;Decrescente;Chuva;Simples;Reta;Não;2;0;1;0;1;0;0;3;-21,758;-53,256;SPRF-MS;DEL02/MS;UOP03-DEL02-MS
757605;11/03/2026;quarta-feira;10:55:00;SC;101;95;BARRA VELHA;Reação tardia ou ineficiente do condutor;Colisão traseira;Com Vítimas Feridas;Pleno dia;Decrescente;Nublado;Dupla;"Aclive;Curva";Não;2;0;0;1;1;1;0;2;-26,71191862;-48,70277882;SPRF-SC;DEL03/SC;UOP02-DEL03-SC
757608;11/03/2026;quarta-feira;10:45:00;MG;50;160;UBERABA;Ausência de reação do condutor;Colisão lateral mesmo sentido;Com Vítimas Feridas;Pleno dia;Decrescente;Chuva;Dupla;Reta;Não;1;0;1;0;1;0;0;1;-19,2930444;-48,1158688;SPRF-MG;DEL13/MG;UOP01-DEL13-MG
757613;07/03/2026;sábado;14:36:00;TO;242;355;PEIXE;Condutor Dormindo;Colisão lateral sentido oposto;Com Vítimas Feridas;Pleno dia;Crescente;Nublado;Simples;Curva;Não;3;0;1;0;1;1;0;4;-11,87353;-48,860055;SPRF-TO;DEL01-TO;UOP02-DEL01-TO