id;data_inversa;dia_semana;horario;uf;br;km;municipio;causa_acidente;tipo_acidente;classificacao_acidente;fase_dia;sentido_via;condicao_metereologica;tipo_pista;tracado_via;uso_solo;pessoas;mortos;feridos_leves;feridos_graves;feridos;ilesos;ignorados;veiculos;latitude;longitude;regional;delegacia;uop
757615;11/03/2026;quarta-feira;11:50:00;SC;470;137,8;RIO DO SUL;Transitar na contramão;Colisão frontal;Com Vítimas Feridas;Pleno dia;Crescente;Garoa/Chuvisco;Simples;Reta;Sim;5;0;1;0;1;3;0;5;-27,19191719;-49,62182013;SPRF-SC;DEL04/SC;UOP02-DEL04-SC
757616;11/03/2026;quarta-feira;08:30:00;GO;158;153;CAIAPONIA;Reação tardia ou ineficiente do condutor;Tombamento;Sem Vítimas;Pleno dia;Decrescente;Sol;Simples;"Rotatória;Interseção de Vias";Não;4;0;0;0;0;0;1;3;-16,932682;-51,824371;SPRF-GO;DEL04/GO;UOP02-DEL04-GO
757619;11/03/2026;quarta-feira;11:45:00;ES;101;42,5;CONCEICAO DA BARRA;Condutor deixou de manter distância do veículo da frente;Colisão traseira;Sem Vítimas;Pleno dia;Decrescente;Nublado;Simples;Reta;Não;2;0;0;0;0;2;0;2;-18,52103288;-39,91218631;SPRF-ES;DEL04-ES;UOP02-DEL04-ES
757629;11/03/2026;quarta-feira;11:55:00;SP;116;76,2;APARECIDA;Reação tardia ou ineficiente do condutor;Engavetamento;Com Vítimas Feridas;Pleno dia;Crescente;Nublado;Dupla;Reta;Não;5;0;1;0;1;3;0;5;-22,87570071;-45,26736259;SPRF-SP;DEL08/SP;UOP01-DEL08-SP
757632;11/03/2026;quarta-feira;12:00:00;MT;364;307;JACIARA;Acumulo de água sobre o pavimento;Saída de leito carroçável;Com Vítimas Feridas;Pleno dia;Decrescente;Chuva;Dupla;Reta;Não;1;0;0;1;1;0;0;1;-15,8166042;-55,2309715;SPRF-MT;DEL05/MT;UOP02-DEL05-MT
757638;11/03/2026;quarta-feira;13:52:00;PE;101;49,3;ABREU E LIMA;Demais falhas mecânicas ou elétricas;Eventos atípicos;Com Vítimas Feridas;Pleno dia;Decrescente;Céu Claro;Múltipla;Reta;Sim;3;0;1;0;1;1;0;3;-7,903743;-34,901427;SPRF-PE;DEL01/PE;UOP02-DEL01-PE
757639;11/03/2026;quarta-feira;14:20:00;RS;392;267,6;CACAPAVA DO SUL;Transitar na contramão;Colisão frontal;Com Vítimas Feridas;Pleno dia;Crescente;Céu Claro;Simples;"Declive;Curva";Não;3;0;0;1;1;1;0;3;-30,410993;-53,497947;SPRF-RS;DEL09/RS;UOP02-DEL09-RS
757647;01/03/2026;domingo;22:20:00;PE;407;107,6;PETROLINA;Acessar a via sem observar a presença dos outros veículos;Colisão transversal;Sem Vítimas;Plena Noite;Crescente;Ignorado;Simples;Interseção de Vias;Não;3;0;0;0;0;1;0;3;-9,24474461;-40,61430931;SPRF-PE;DEL06/PE;UOP01-DEL06-PE
757648;11/03/2026;quarta-feira;11:30:00;BA;116;777;PLANALTO;Ausência de reação do condutor;Engavetamento;Com Vítimas Feridas;Pleno dia;Crescente;Céu Claro;Simples;Reta;Sim;5;0;3;0;3;2;0;3;-14,6699672;-40,473837;SPRF-BA;DEL08/BA;UOP02-DEL08-BA
757652;09/02/2026;segunda-feira;11:25:00;MG;381;934;EXTREMA;Manobra de mudança de faixa;Colisão traseira;Com Vítimas Feridas;Pleno dia;Crescente;Chuva;Dupla;Reta;Não;5;0;1;0;1;2;0;4;-22,79939663;-46,2613678;SPRF-MG;DEL16/MG;UOP03-DEL16-MG
757654;11/03/2026;quarta-feira;11:45:00;RJ;493;52;DUQUE DE CAXIAS;Acessar a via sem observar a presença dos outros veículos;Colisão transversal;Com Vítimas Feridas;Pleno dia;Decrescente;Chuva;Dupla;Reta;Não;2;0;1;0;1;1;0;2;-22,66661066;-43,32939148;SPRF-RJ;DEL01/RJ;UOP03-DEL01-RJ
757666;03/02/2026;terça-feira;22:00:00;PA;163;144;ALTAMIRA;Ultrapassagem Indevida;Saída de leito carroçável;Com Vítimas Feridas;Plena Noite;Crescente;Nublado;Simples;Reta;Não;2;0;1;0;1;0;0;3;-8,4372;-55,1164;SPRF-MT;DEL06/MT;UOP03-DEL06-MT
757673;11/03/2026;quarta-feira;17:45:00;MG;365;7,7;MONTES CLAROS;Chuva;Colisão frontal;Com Vítimas Feridas;Anoitecer;Crescente;Chuva;Simples;"Reta;Declive";Não;3;0;1;0;1;2;0;2;-16,82117;-43,91965;SPRF-MG;DEL12/MG;UOP01-DEL12-MG
757675;11/03/2026;quarta-feira;17:00:00;MG;262;72,5;MATIPO;Reação tardia ou ineficiente do condutor;Colisão lateral mesmo sentido;Com Vítimas Feridas;Pleno dia;Crescente;Chuva;Simples;Reta;Não;3;0;0;1;1;1;0;5;-20,339318;-42,351047;SPRF-MG;DEL06/MG;UOP03-DEL06-MG
757676;11/03/2026;quarta-feira;14:15:00;PR;476;195,2;LAPA;Velocidade Incompatível;Colisão lateral sentido oposto;Com Vítimas Feridas;Pleno dia;Crescente;Nublado;Simples;Reta;Não;3;0;1;0;1;1;0;5;-25,74896475;-49,72059902;SPRF-PR;DEL01/PR;UOP06-DEL01-PR
757680;11/03/2026;quarta-feira;16:50:00;PR;376;616,3;SAO JOSE DOS PINHAIS;Reação tardia ou ineficiente do condutor;Tombamento;Com Vítimas Feridas;Pleno dia;Crescente;Chuva;Dupla;Reta;Sim;6;0;3;0;3;2;0;5;-25,584552;-49,1760033;SPRF-PR;DEL01/PR;UOP04-DEL01-PR
757685;11/03/2026;quarta-feira;16:45:00;SC;101;46,7;JOINVILLE;Reação tardia ou ineficiente do condutor;Colisão lateral mesmo sentido;Com Vítimas Feridas;Pleno dia;Crescente;Nublado;Dupla;Reta;Sim;3;0;1;0;1;1;0;3;-26,36174425;-48,85881297;SPRF-SC;DEL03/SC;UOP01-DEL03-SC
757691;11/03/2026;quarta-feira;19:00:00;RJ;493;17;GUAPIMIRIM;Afundamento ou ondulação no pavimento;Tombamento;Com Vítimas Feridas;Plena Noite;Crescente;Chuva;Simples;"Reta;Em Obras";Sim;5;0;2;0;2;2;0;3;-22,66874908;-43,01883459;SPRF-RJ;DEL04/RJ;UOP02-DEL04-RJ
757693;11/03/2026;quarta-feira;19:20:00;GO;153;429;ANAPOLIS;Condutor deixou de manter distância do veículo da frente;Colisão traseira;Com Vítimas Feridas;Plena Noite;Crescente;Céu Claro;Dupla;Aclive;Não;2;0;1;0;1;1;0;2;-16,25959;-48,986975;SPRF-GO;DEL02/GO;UOP01-DEL02-GO
757695;11/03/2026;quarta-feira;19:35:00;PR;376;66;GUAIRACA;Acessar a via sem observar a presença dos outros veículos;Colisão transversal;Com Vítimas Feridas;Plena Noite;Decrescente;Chuva;Simples;"Reta;Retorno Regulamentado";Não;3;0;0;1;1;1;0;5;-22,92913353;-52,78891504;SPRF-PR;DEL09/PR;UOP02-DEL09-PR
757701;11/03/2026;quarta-feira;15:55:00;MT;70;522;VARZEA GRANDE;Acesso irregular;Colisão transversal;Com Vítimas Feridas;Pleno dia;Decrescente;Céu Claro;Simples;Reta;Sim;2;0;1;0;1;1;0;2;-15,65103827;-56,19426901;SPRF-MT;DEL01/MT;UOP02-DEL01-MT
757702;11/03/2026;quarta-feira;20:15:00;RJ;101;47;CAMPOS DOS GOYTACAZES;Velocidade Incompatível;Colisão traseira;Com Vítimas Feridas;Plena Noite;Crescente;Nublado;Simples;Reta;Sim;2;0;0;1;1;1;0;2;-21,608562;-41,316425;SPRF-RJ;DEL08/RJ;UOP01-DEL08-RJ
757703;11/03/2026;quarta-feira;14:00:00;RJ;116;249,9;PIRAI;Demais falhas mecânicas ou elétricas;Incêndio;Sem Vítimas;Pleno dia;Crescente;Chuva;Dupla;Reta;Não;1;0;0;0;0;1;0;1;-22,593493;-43,9556162;SPRF-RJ;DEL07/RJ;UOP01-DEL07-RJ
757704;11/03/2026;quarta-feira;20:30:00;SP;116;202;ARUJA;Manobra de mudança de faixa;Colisão lateral mesmo sentido;Com Vítimas Fatais;Plena Noite;Decrescente;Ignorado;Dupla;"Reta;Aclive";Não;2;1;0;0;0;0;0;2;-23,40908232;-46,34079027;SPRF-SP;DEL01/SP;UOP01-DEL01-SP
757706;11/03/2026;quarta-feira;19:30:00;RO;319;137;PORTO VELHO;Transitar na contramão;Colisão frontal;Com Vítimas Feridas;Plena Noite;Crescente;Céu Claro;Simples;Ponte;Não;3;0;1;0;1;1;0;4;-8,73764211;-63,92100899;SPRF-RO;DEL01-RO;UOP01-DEL01-RO
757715;11/03/2026;quarta-feira;20:38:00;RJ;101;384;RIO DE JANEIRO;Demais falhas mecânicas ou elétricas;Incêndio;Sem Vítimas;Plena Noite;Decrescente;Chuva;Dupla;Reta;Sim;1;0;0;0;0;1;0;1;-22,88083001;-43,63039669;SPRF-RJ;DEL03/RJ;UOP01-DEL03-RJ
757728;19/01/2026;segunda-feira;05:00:00;PA;230;393,2;PACAJA;Reação tardia ou ineficiente do condutor;Saída de leito carroçável;Com Vítimas Feridas;Amanhecer;Crescente;Céu Claro;Simples;Curva;Não;4;0;2;1;3;0;0;2;-3,847028;-50,521197;SPRF-PA;DEL04/PA;UOP01-DEL04-PA
757729;11/03/2026;quarta-feira;21:50:00;SC;101;161,7;TIJUCAS;Reação tardia ou ineficiente do condutor;Tombamento;Com Vítimas Feridas;Plena Noite;Decrescente;Nublado;Dupla;"Interseção de Vias;Reta";Sim;3;0;1;0;1;1;0;3;-27,22328;-48,62642;SPRF-SC;DEL04/SC;UOP03-DEL04-SC
757731;11/03/2026;quarta-feira;21:50:00;SC;280;19;SAO FRANCISCO DO SUL;Ultrapassagem Indevida;Colisão lateral mesmo sentido;Com Vítimas Feridas;Plena Noite;Decrescente;Nublado;Simples;Reta;Não;2;0;1;0;1;1;0;2;-26,35895822;-48,66153717;SPRF-SC;DEL03/SC;UOP03-DEL03-SC
757734;11/03/2026;quarta-feira;19:15:00;MG;116;368,3;FREI INOCENCIO;Ultrapassagem Indevida;Colisão lateral mesmo sentido;Com Vítimas Feridas;Plena Noite;Crescente;Nublado;Simples;Reta;Não;5;0;1;1;2;2;0;4;-18,521492;-41,883623;SPRF-MG;DEL11/MG;UOP01-DEL11-MG
757736;11/03/2026;quarta-feira;17:15:00;MG;262;2,5;MARTINS SOARES;Chuva;Colisão frontal;Com Vítimas Feridas;Anoitecer;Decrescente;Chuva;Simples;Curva;Não;3;0;2;0;2;0;0;3;-20,2518987;-41,78726435;SPRF-MG;DEL06/MG;UOP03-DEL06-MG
757737;11/03/2026;quarta-feira;21:58:00;PR;153;51,2;SANTO ANTONIO DA PLATINA;Condutor usando celular;Colisão traseira;Com Vítimas Fatais;Plena Noite;Crescente;Chuva;Simples;Reta;Não;3;1;0;0;0;1;0;3;-23,37641672;-50,06275213;SPRF-PR;DEL07/PR;UOP04-DEL07-PR
757742;12/03/2026;quinta-feira;00:40:00;MG;381;925;ITAPEVA;Velocidade Incompatível;Colisão com objeto;Com Vítimas Feridas;Plena Noite;Decrescente;Chuva;Dupla;Curva;Não;2;0;1;0;1;0;0;2;-22,76926962;-46,20552099;SPRF-MG;DEL16/MG;UOP03-DEL16-MG
757744;11/03/2026;quarta-feira;23:10:00;MG;116;305,1;ITAMBACURI;Ausência de sinalização;Colisão com objeto;Com Vítimas Feridas;Plena Noite;Decrescente;Nublado;Simples;"Reta;Aclive";Não;2;0;1;0;1;1;0;2;-18,033111;-41,653172;SPRF-MG;DEL11/MG;UOP01-DEL11-MG
757745;11/03/2026;quarta-feira;22:40:00;PI;343;220;CAPITAO DE CAMPOS;Manobra de mudança de faixa;Saída de leito carroçável;Com Vítimas Feridas;Plena Noite;Decrescente;Céu Claro;Simples;Reta;Não;1;0;1;0;1;0;0;1;-4,51755928;-41,95953369;SPRF-PI;DEL01-PI;UOP03-DEL01-PI
757746;11/03/2026;quarta-feira;21:07:00;PA;163;970;SANTAREM;Reação tardia ou ineficiente do condutor;Tombamento;Com Vítimas Feridas;Plena Noite;Crescente;Céu Claro;Simples;Reta;Não;4;0;2;0;2;1;0;5;-2,63028167;-54,74260833;SPRF-PA;DEL05/PA;UOP01-DEL05-PA
757748;11/03/2026;quarta-feira;21:00:00;BA;101;18,5;RIO REAL;Pedestre andava na pista;Atropelamento de Pedestre;Com Vítimas Fatais;Plena Noite;Decrescente;Céu Claro;Dupla;"Aclive;Reta";Não;2;1;0;0;0;0;0;2;-11,637648;-37,889198;SPRF-SE;DEL02-SE;UOP03-DEL02-SE
757749;11/03/2026;quarta-feira;19:00:00;MT;70;525;VARZEA GRANDE;Iluminação deficiente;Colisão transversal;Com Vítimas Feridas;Plena Noite;Crescente;Céu Claro;Simples;Interseção de Vias;Sim;2;0;1;0;1;0;0;2;-15,6496625;-56,1956236;SPRF-MT;DEL01/MT;UOP02-DEL01-MT
757752;12/03/2026;quinta-feira;03:28:00;PR;376;627,6;SAO JOSE DOS PINHAIS;Condutor Dormindo;Colisão traseira;Com Vítimas Feridas;Plena Noite;Decrescente;Chuva;Dupla;Reta;Não;3;0;0;1;1;1;0;4;-25,68633735;-49,14677493;SPRF-PR;DEL01/PR;UOP04-DEL01-PR
757753;12/03/2026;quinta-feira;01:00:00;RS;470;175;VERANOPOLIS;Ingestão de álcool pelo condutor;Colisão com objeto;Sem Vítimas;Plena Noite;Crescente;Céu Claro;Dupla;"Aclive;Rotatória";Sim;1;0;0;0;0;1;0;1;-28,89134079;-51,54941496;SPRF-RS;DEL06/RS;UOP02-DEL06-RS
757754;12/03/2026;quinta-feira;02:00:00;PR;376;393,8;IMBAU;Demais falhas mecânicas ou elétricas;Incêndio;Sem Vítimas;Plena Noite;Decrescente;Nublado;Dupla;"Reta;Aclive";Não;2;0;0;0;0;1;0;3;-24,467146;-50,747419;SPRF-PR;DEL03/PR;UOP02-DEL03-PR
757758;12/03/2026;quinta-feira;06:18:00;CE;116;19;EUSEBIO;Manobra de mudança de faixa;Colisão traseira;Com Vítimas Feridas;Pleno dia;Crescente;Sol;Dupla;"Reta;Retorno Regulamentado";Sim;2;0;1;0;1;1;0;2;-3,91832588;-38,50735752;SPRF-CE;DEL01/CE;UOP02-DEL01-CE
757759;12/03/2026;quinta-feira;05:45:00;PR;369;446,2;UBIRATA;Transitar na contramão;Colisão transversal;Com Vítimas Feridas;Amanhecer;Crescente;Garoa/Chuvisco;Simples;Reta;Não;9;0;2;3;5;4;0;3;-24,55266847;-53,09302851;SPRF-PR;DEL04/PR;UOP03-DEL04-PR
757760;11/03/2026;quarta-feira;21:00:00;MG;50;188,1;UBERABA;Ausência de reação do condutor;Saída de leito carroçável;Com Vítimas Feridas;Plena Noite;Crescente;Garoa/Chuvisco;Dupla;Reta;Não;2;0;1;0;1;0;0;2;-19,8401;-47,88238;SPRF-MG;DEL13/MG;UOP01-DEL13-MG
757762;12/03/2026;quinta-feira;04:07:00;MT;364;287,9;JACIARA;Condutor deixou de manter distância do veículo da frente;Colisão traseira;Com Vítimas Feridas;Amanhecer;Decrescente;Céu Claro;Dupla;Reta;Não;2;0;1;0;1;0;0;3;-15,906;-55,079;SPRF-MT;DEL05/MT;UOP02-DEL05-MT
757765;12/03/2026;quinta-feira;06:25:00;RS;290;148;ELDORADO DO SUL;Manobra de mudança de faixa;Colisão lateral mesmo sentido;Com Vítimas Feridas;Amanhecer;Crescente;Céu Claro;Simples;Reta;Não;4;0;2;0;2;1;0;3;-30,10655272;-51,6936373;SPRF-RS;DEL02/RS;UOP01-DEL02-RS
757767;24/02/2026;terça-feira;16:35:00;RS;386;372;FAZENDA VILANOVA;Acumulo de água sobre o pavimento;Colisão frontal;Com Vítimas Feridas;Pleno dia;Decrescente;Chuva;Simples;Reta;Não;2;0;1;0;1;1;0;2;-29,6057341;-51,80833563;SPRF-RS;DEL04/RS;UOP01-DEL04-RS
757769;12/03/2026;quinta-feira;04:35:00;MG;365;427,6;PATOS DE MINAS;Velocidade Incompatível;Saída de leito carroçável;Sem Vítimas;Amanhecer;Crescente;Garoa/Chuvisco;Simples;Curva;Não;2;0;0;0;0;1;0;2;-18,74435839;-46,63106024;SPRF-MG;DEL10/MG;UOP01-DEL10-MG
757771;12/03/2026;quinta-feira;06:30:00;SC;101;136;BALNEARIO CAMBORIU;Reação tardia ou ineficiente do condutor;Colisão lateral mesmo sentido;Com Vítimas Feridas;Pleno dia;Crescente;Garoa/Chuvisco;Dupla;Curva;Sim;3;0;0;1;1;1;0;4;-27,00621999;-48,62342834;SPRF-SC;DEL04/SC;UOP03-DEL04-SC
757772;12/03/2026;quinta-feira;03:21:00;AC;364;75;SENADOR GUIOMARD;Condutor Dormindo;Saída de leito carroçável;Com Vítimas Feridas;Plena Noite;Decrescente;Chuva;Simples;Reta;Não;1;0;0;1;1;0;0;1;-10,0775243;-67,3841545;SPRF-AC;DEL01-AC;UOP01-DEL01-AC
757774;12/03/2026;quinta-feira;06:30:00;MG;251;372;GRAO MOGOL;Condutor Dormindo;Saída de leito carroçável;Com Vítimas Feridas;Pleno dia;Decrescente;Céu Claro;Simples;Reta;Não;1;0;0;1;1;0;0;1;-16,281127;-42,679683;SPRF-MG;DEL12/MG;UOP01-DEL12-MG
757778;12/03/2026;quinta-feira;07:10:00;GO;40;3,8;VALPARAISO DE GOIAS;Ausência de reação do condutor;Colisão lateral mesmo sentido;Sem Vítimas;Pleno dia;Decrescente;Céu Claro;Dupla;"Reta;Aclive";Sim;5;0;0;0;0;5;0;3;-16,0852118;-47,9864932;SPRF-DF;DEL01-DF;UOP01-DEL01-DF
757781;12/03/2026;quinta-feira;08:15:00;SC;101;4,8;ARARANGUA;Ultrapassagem Indevida;Colisão lateral mesmo sentido;Com Vítimas Feridas;Pleno dia;Crescente;Céu Claro;Simples;Rotatória;Não;3;0;1;0;1;1;0;3;-28,95819291;-49,51435344;SPRF-SC;DEL02/SC;UOP02-DEL02-SC
757786;08/03/2026;domingo;15:30:00;BA;324;520;FEIRA DE SANTANA;Ausência de reação do condutor;Colisão lateral mesmo sentido;Sem Vítimas;Pleno dia;Decrescente;Céu Claro;Dupla;Interseção de Vias;Não;3;0;0;0;0;2;0;3;-12,33518055;-38,85245439;SPRF-BA;DEL11/BA;UOP02-DEL11-BA
757788;19/01/2026;segunda-feira;20:50:00;SC;101;168,4;TIJUCAS;Acessar a via sem observar a presença dos outros veículos;Colisão lateral mesmo sentido;Sem Vítimas;Plena Noite;Crescente;Nublado;Dupla;Reta;Não;3;0;0;0;0;2;0;6;-27,28356;-48,63045;SPRF-SC;DEL04/SC;UOP03-DEL04-SC
757790;12/03/2026;quinta-feira;09:00:00;BA;410;11;TUCANO;Demais falhas mecânicas ou elétricas;Tombamento;Com Vítimas Feridas;Pleno dia;Decrescente;Céu Claro;Simples;Reta;Não;2;0;1;0;1;1;0;1;-10,868135;-38,619122;SPRF-BA;DEL07/BA;UOP02-DEL07-BA
757791;12/03/2026;quinta-feira;08:50:00;RN;304;48,9;MOSSORO;Desrespeitar a preferência no cruzamento;Colisão transversal;Com Vítimas Fatais;Pleno dia;Crescente;Céu Claro;Simples;"Reta;Retorno Regulamentado;Interseção de Vias";Sim;3;1;0;0;0;1;0;3;-5,235555;-37,318072;SPRF-RN;DEL04-RN;UOP01-DEL04-RN
757793;12/03/2026;quinta-feira;06:13:00;PB;116;10,9;CACHOEIRA DOS INDIOS;Condutor Dormindo;Colisão frontal;Com Vítimas Fatais;Pleno dia;Crescente;Chuva;Simples;"Declive;Curva";Não;3;1;0;1;1;0;0;5;-6,98491;-38,744307;SPRF-CE;DEL05/CE;UOP03-DEL05-CE
757796;12/03/2026;quinta-feira;08:14:00;MG;381;540,5;ITATIAIUCU;Demais falhas mecânicas ou elétricas;Colisão traseira;Com Vítimas Feridas;Pleno dia;Decrescente;Céu Claro;Dupla;"Declive;Curva";Não;2;0;0;2;2;0;0;2;-20,23288534;-44,40038681;SPRF-MG;DEL04/MG;UOP03-DEL04-MG
757808;12/03/2026;quinta-feira;06:30:00;PE;424;64;CAETES;Acessar a via sem observar a presença dos outros veículos;Colisão transversal;Com Vítimas Feridas;Amanhecer;Decrescente;Céu Claro;Simples;Reta;Sim;2;0;0;1;1;1;0;2;-8,773807;-36,628162;SPRF-PE;DEL03/PE;UOP01-DEL03-PE
757809;12/03/2026;quinta-feira;10:20:00;MG;116;281,9;TEOFILO OTONI;Ausência de reação do condutor;Colisão traseira;Com Vítimas Feridas;Pleno dia;Decrescente;Nublado;Simples;Aclive;Não;3;0;0;1;1;1;0;4;-17,901021;-41,523289;SPRF-MG;DEL11/MG;UOP01-DEL11-MG
757812;16/02/2026;segunda-feira;14:20:00;SC;101;104;BALNEARIO PICARRAS;Manobra de mudança de faixa;Colisão lateral mesmo sentido;Com Vítimas Feridas;Pleno dia;Decrescente;Céu Claro;Múltipla;Reta;Não;5;0;1;1;2;2;0;3;-26,79573475;-48,67951012;SPRF-SC;DEL03/SC;UOP02-DEL03-SC
757813;12/03/2026;quinta-feira;10:30:00;MG;262;53;MANHUACU;Transitar na contramão;Colisão frontal;Com Vítimas Fatais;Pleno dia;Crescente;Céu Claro;Simples;Reta;Não;3;1;1;0;1;0;0;3;-20,255075;-42,160603;SPRF-MG;DEL06/MG;UOP03-DEL06-MG
757817;12/03/2026;quinta-feira;11:10:00;SC;282;489;FAXINAL DOS GUEDES;Condutor Dormindo;Colisão lateral sentido oposto;Com Vítimas Feridas;Pleno dia;Crescente;Céu Claro;Simples;Curva;Não;4;0;1;0;1;1;0;5;-26,8706433;-52,27518368;SPRF-SC;DEL07/SC;UOP01-DEL07-SC
757818;12/03/2026;quinta-feira;11:10:00;PR;158;509;CORONEL VIVIDA;Demais falhas mecânicas ou elétricas;Incêndio;Sem Vítimas;Pleno dia;Crescente;Céu Claro;Simples;Reta;Não;2;0;0;0;0;1;0;2;-26,03332682;-52,59219043;SPRF-PR;DEL02/PR;UOP01-DEL02-PR
757819;12/03/2026;quinta-feira;12:00:00;GO;40;4,2;VALPARAISO DE GOIAS;Trafegar com motocicleta (ou similar) entre as faixas;Colisão traseira;Com Vítimas Fatais;Pleno dia;Crescente;Nublado;Dupla;Reta;Sim;5;1;0;0;0;2;0;6;-16,08914;-47,984495;SPRF-DF;DEL01-DF;UOP01-DEL01-DF
757820;12/03/2026;quinta-feira;10:00:00;MT;158;565;AGUA BOA;Acessar a via sem observar a presença dos outros veículos;Colisão transversal;Sem Vítimas;Pleno dia;Decrescente;Céu Claro;Dupla;Interseção de Vias;Sim;3;0;0;0;0;1;0;3;-14,05047839;-52,15497404;SPRF-MT;DEL07/MT;UOP02-DEL07-MT
757822;12/03/2026;quinta-feira;11:05:00;PR;277;572,6;CASCAVEL;Transitar na contramão;Colisão frontal;Com Vítimas Feridas;Pleno dia;Crescente;Nublado;Simples;Reta;Não;3;0;0;1;1;1;0;5;-25,0149901;-53,28971598;SPRF-PR;DEL04/PR;UOP01-DEL04-PR
757823;12/03/2026;quinta-feira;07:50:00;SP;153;29,7;NOVA GRANADA;Reação tardia ou ineficiente do condutor;Colisão traseira;Sem Vítimas;Pleno dia;Crescente;Nublado;Simples;Reta;Não;2;0;0;0;0;1;0;2;-20,537184;-49,330685;SPRF-SP;DEL09/SP;UOP01-DEL09-SP
757824;12/03/2026;quinta-feira;12:00:00;SC;101;123,8;ITAJAI;Ausência de reação do condutor;Tombamento;Com Vítimas Feridas;Pleno dia;Decrescente;Nublado;Dupla;Reta;Não;5;0;1;1;2;1;0;5;-26,94056262;-48,69474359;SPRF-SC;DEL04/SC;UOP04-DEL04-SC
757831;28/02/2026;sábado;02:58:00;PI;343;184,8;PIRIPIRI;Transitar na contramão;Colisão frontal;Com Vítimas Feridas;Plena Noite;Crescente;Chuva;Simples;Reta;Não;5;0;1;0;1;2;0;4;-4,31652588;-41,77775502;SPRF-PI;DEL02-PI;UOP01-DEL02-PI
757833;12/03/2026;quinta-feira;10:45:00;RS;116;0,1;VACARIA;Demais falhas mecânicas ou elétricas;Tombamento;Com Vítimas Feridas;Pleno dia;Crescente;Céu Claro;Simples;"Curva;Ponte";Não;2;0;1;0;1;0;0;2;-28,211209;-50,759729;SPRF-RS;DEL05/RS;UOP03-DEL05-RS
757837;12/03/2026;quinta-feira;11:30:00;MS;163;802;SONORA;Manobra de mudança de faixa;Colisão lateral sentido oposto;Com Vítimas Feridas;Pleno dia;Crescente;Nublado;Simples;Reta;Não;3;0;1;0;1;1;0;3;-17,89931;-54,69179;SPRF-MS;DEL06/MS;UOP01-DEL06-MS
757840;12/03/2026;quinta-feira;14:00:00;SP;116;113;TAUBATE;Condutor deixou de manter distância do veículo da frente;Colisão traseira;Com Vítimas Feridas;Pleno dia;Crescente;Garoa/Chuvisco;Simples;Interseção de Vias;Sim;3;0;2;0;2;1;0;2;-23,04498;-45,58523;SPRF-SP;DEL02/SP;UOP02-DEL02-SP
757843;12/03/2026;quinta-feira;11:20:00;MG;381;750,1;TRES CORACOES;Velocidade Incompatível;Saída de leito carroçável;Com Vítimas Feridas;Pleno dia;Crescente;Chuva;Dupla;Curva;Não;2;0;0;1;1;0;0;2;-21,642522;-45,287996;SPRF-MG;DEL16/MG;UOP02-DEL16-MG
757845;12/03/2026;quinta-feira;12:15:00;SC;282;452,2;PONTE SERRADA;Demais falhas mecânicas ou elétricas;Colisão traseira;Com Vítimas Feridas;Pleno dia;Crescente;Chuva;Dupla;Aclive;Não;3;0;1;0;1;1;0;3;-26,91420633;-51,9050467;SPRF-SC;DEL07/SC;UOP04-DEL07-SC
757851;12/03/2026;quinta-feira;13:55:00;MT;163;5;ITIQUIRA;Ausência de reação do condutor;Colisão traseira;Com Vítimas Feridas;Pleno dia;Decrescente;Céu Claro;Dupla;Reta;Não;2;0;1;0;1;1;0;2;-17,479088;-54,740512;SPRF-MT;DEL02/MT;UOP03-DEL02-MT
757856;12/03/2026;quinta-feira;13:45:00;AL;101;144,5;JEQUIA DA PRAIA;Demais falhas mecânicas ou elétricas;Colisão com objeto;Com Vítimas Feridas;Pleno dia;Crescente;Céu Claro;Dupla;Curva;Não;1;0;1;0;1;0;0;1;-9,857592;-36,144901;SPRF-AL;DEL02-AL;UOP01-DEL02-AL
757859;17/02/2026;terça-feira;14:00:00;MT;364;3;ALTO ARAGUAIA;Mal súbito do condutor;Saída de leito carroçável;Com Vítimas Feridas;Pleno dia;Crescente;Nublado;Simples;"Curva;Retorno Regulamentado";Sim;5;0;1;0;1;0;0;5;-17,30975315;-53,22086334;SPRF-MT;DEL02/MT;UOP02-DEL02-MT
757863;12/03/2026;quinta-feira;13:00:00;ES;101;407,9;ITAPEMIRIM;Demais falhas mecânicas ou elétricas;Tombamento;Com Vítimas Feridas;Pleno dia;Crescente;Céu Claro;Simples;Curva;Não;2;0;1;0;1;0;0;2;-20,88970983;-41,03683054;SPRF-ES;DEL03-ES;UOP02-DEL03-ES
757867;12/03/2026;quinta-feira;15:00:00;MG;50;132;UBERABA;Demais falhas mecânicas ou elétricas;Atropelamento de Pedestre;Com Vítimas Fatais;Pleno dia;Crescente;Chuva;Dupla;"Reta;Aclive";Não;3;1;0;0;0;0;0;3;-19,41017;-48,07435;SPRF-MG;DEL13/MG;UOP01-DEL13-MG
757868;12/03/2026;quinta-feira;14:30:00;GO;60;29;ALEXANIA;Chuva;Queda de ocupante de veículo;Com Vítimas Fatais;Pleno dia;Decrescente;Chuva;Dupla;Reta;Não;2;1;0;0;0;0;0;2;-16,098135;-48,479382;SPRF-DF;DEL03-DF;UOP01-DEL03-DF
757869;12/03/2026;quinta-feira;15:25:00;PR;369;149;LONDRINA;Condutor deixou de manter distância do veículo da frente;Colisão traseira;Com Vítimas Feridas;Pleno dia;Decrescente;Céu Claro;Dupla;"Reta;Declive;Em Obras";Sim;4;0;0;2;2;1;0;4;-23,292877;-51,152138;SPRF-PR;DEL07/PR;UOP01-DEL07-PR