id;data_inversa;dia_semana;horario;uf;br;km;municipio;causa_acidente;tipo_acidente;classificacao_acidente;fase_dia;sentido_via;condicao_metereologica;tipo_pista;tracado_via;uso_solo;pessoas;mortos;feridos_leves;feridos_graves;feridos;ilesos;ignorados;veiculos;latitude;longitude;regional;delegacia;uop
757872;12/03/2026;quinta-feira;16:05:00;SP;381;54;MAIRIPORA;Velocidade Incompatível;Tombamento;Com Vítimas Feridas;Pleno dia;Decrescente;Chuva;Dupla;"Curva;Declive";Não;2;0;1;0;1;0;0;2;-23,247422;-46,592907;SPRF-SP;DEL03/SP;UOP01-DEL03-SP
757873;12/03/2026;quinta-feira;16:10:00;CE;222;221;SOBRAL;Entrada inopinada do pedestre;Atropelamento de Pedestre;Com Vítimas Feridas;Pleno dia;Decrescente;Garoa/Chuvisco;Múltipla;Reta;Sim;4;0;1;0;1;3;0;3;-3,718961;-40,332115;SPRF-CE;DEL04/CE;UOP01-DEL04-CE
757877;12/03/2026;quinta-feira;17:08:00;ES;101;135,9;LINHARES;Acessar a via sem observar a presença dos outros veículos;Colisão transversal;Com Vítimas Feridas;Pleno dia;Crescente;Céu Claro;Simples;Interseção de Vias;Não;2;0;0;1;1;1;0;2;-19,28327644;-40,08705139;SPRF-ES;DEL04-ES;UOP01-DEL04-ES
757879;05/03/2026;quinta-feira;08:00:00;SP;116;286;ITAPECERICA DA SERRA;Reação tardia ou ineficiente do condutor;Colisão lateral mesmo sentido;Com Vítimas Feridas;Pleno dia;Decrescente;Céu Claro;Dupla;Interseção de Vias;Sim;2;0;1;0;1;0;0;2;-23,69561392;-46,86455436;SPRF-SP;DEL04/SP;UOP01-DEL04-SP
757881;12/03/2026;quinta-feira;16:00:00;MT;158;512;CANARANA;Velocidade Incompatível;Saída de leito carroçável;Com Vítimas Fatais;Pleno dia;Crescente;Chuva;Simples;Reta;Não;1;1;0;0;0;0;0;1;-13,6275433;-51,9491467;SPRF-MT;DEL07/MT;UOP02-DEL07-MT
757886;12/03/2026;quinta-feira;17:35:00;GO;153;497,6;GOIANIA;Ultrapassagem Indevida;Colisão lateral mesmo sentido;Com Vítimas Feridas;Pleno dia;Decrescente;Nublado;Dupla;"Reta;Aclive";Não;7;0;1;0;1;3;0;7;-16,681156;-49,233308;SPRF-GO;DEL01/GO;UOP01-DEL01-GO
757897;12/03/2026;quinta-feira;18:10:00;RS;285;111,1;VACARIA;Velocidade Incompatível;Tombamento;Com Vítimas Feridas;Anoitecer;Crescente;Chuva;Simples;Reta;Não;1;0;1;0;1;0;0;1;-28,510881;-50,849211;SPRF-RS;DEL05/RS;UOP03-DEL05-RS
757908;12/03/2026;quinta-feira;19:20:00;MA;230;391,3;BALSAS;Restrição de visibilidade em curvas verticais;Colisão transversal;Com Vítimas Feridas;Plena Noite;Crescente;Céu Claro;Simples;"Reta;Declive";Não;7;0;3;2;5;1;0;3;-7,422765;-45,997923;SPRF-MA;DEL05-MA;UOP01-DEL05-MA
757910;12/03/2026;quinta-feira;20:15:00;RJ;101;238;SILVA JARDIM;Condutor Dormindo;Saída de leito carroçável;Com Vítimas Feridas;Plena Noite;Crescente;Garoa/Chuvisco;Dupla;Reta;Não;1;0;1;0;1;0;0;1;-22,62320144;-42,42336273;SPRF-RJ;DEL02/RJ;UOP03-DEL02-RJ
757922;12/03/2026;quinta-feira;21:20:00;MG;40;426;PARAOPEBA;Reação tardia ou ineficiente do condutor;Colisão traseira;Com Vítimas Feridas;Plena Noite;Decrescente;Ignorado;Dupla;"Declive;Reta";Não;10;0;1;4;5;4;0;3;-19,17341;-44,50932;SPRF-MG;DEL02/MG;UOP01-DEL02-MG
757926;12/03/2026;quinta-feira;17:50:00;MS;163;610,3;SAO GABRIEL DO OESTE;Ausência de reação do condutor;Colisão lateral mesmo sentido;Sem Vítimas;Anoitecer;Decrescente;Nublado;Simples;Reta;Não;3;0;0;0;0;2;0;3;-19,428882;-54,541914;SPRF-MS;DEL06/MS;UOP02-DEL06-MS
757933;27/02/2026;sexta-feira;19:52:00;CE;116;69;CHOROZINHO;Condutor deixou de manter distância do veículo da frente;Engavetamento;Com Vítimas Feridas;Plena Noite;Crescente;Céu Claro;Simples;Reta;Não;3;0;1;0;1;2;0;3;-4,321939;-38,489952;SPRF-CE;DEL01/CE;UOP04-DEL01-CE
757934;12/03/2026;quinta-feira;19:30:00;GO;153;629;MORRINHOS;Condutor Dormindo;Saída de leito carroçável;Com Vítimas Feridas;Plena Noite;Decrescente;Garoa/Chuvisco;Dupla;Declive;Não;3;0;1;0;1;0;0;3;-17,78697345;-49,18610574;SPRF-GO;DEL03/GO;UOP01-DEL03-GO
757940;24/02/2026;terça-feira;09:15:00;BA;324;2;FEIRA DE SANTANA;Ausência de sinalização;Colisão traseira;Com Vítimas Feridas;Pleno dia;Decrescente;Ignorado;Simples;Reta;Sim;3;0;0;1;1;1;0;3;-12,28517;-38,951253;SPRF-BA;DEL02/BA;UOP01-DEL02-BA
757941;12/03/2026;quinta-feira;23:00:00;GO;153;498;GOIANIA;Reação tardia ou ineficiente do condutor;Colisão traseira;Com Vítimas Fatais;Plena Noite;Crescente;Céu Claro;Múltipla;"Aclive;Reta";Sim;5;1;0;0;0;1;0;5;-16,686702;-49,233503;SPRF-GO;DEL01/GO;UOP01-DEL01-GO
757942;12/03/2026;quinta-feira;23:20:00;BA;101;221;CRUZ DAS ALMAS;Condutor deixou de manter distância do veículo da frente;Colisão traseira;Com Vítimas Feridas;Plena Noite;Crescente;Céu Claro;Simples;Reta;Sim;2;0;1;0;1;1;0;2;-12,6633067;-39,1294305;SPRF-BA;DEL11/BA;UOP01-DEL11-BA
757944;12/03/2026;quinta-feira;22:30:00;PR;376;507;PONTA GROSSA;Velocidade Incompatível;Colisão traseira;Com Vítimas Feridas;Plena Noite;Decrescente;Nublado;Dupla;"Curva;Aclive";Não;3;0;1;0;1;1;0;4;-25,2396;-50,0347;SPRF-PR;DEL03/PR;UOP03-DEL03-PR
757946;13/03/2026;sexta-feira;00:01:00;RS;290;14,5;SANTO ANTONIO DA PATRULHA;Condutor Dormindo;Capotamento;Com Vítimas Feridas;Plena Noite;Crescente;Nublado;Dupla;Curva;Não;2;0;1;0;1;0;0;2;-29,86475896;-50,40962769;SPRF-RS;DEL03/RS;UOP01-DEL03-RS
757947;13/03/2026;sexta-feira;00:35:00;RS;386;231;SOLEDADE;Reação tardia ou ineficiente do condutor;Colisão frontal;Com Vítimas Fatais;Plena Noite;Decrescente;Nublado;Simples;Curva;Não;8;1;0;4;4;1;0;4;-28,705017;-52,582573;SPRF-RS;DEL04/RS;UOP03-DEL04-RS
757948;12/03/2026;quinta-feira;22:40:00;MG;364;40;FRUTAL;Chuva;Colisão frontal;Com Vítimas Fatais;Plena Noite;Decrescente;Chuva;Simples;Curva;Não;5;2;0;0;0;1;0;5;-19,946261;-48,958178;SPRF-MG;DEL13/MG;UOP02-DEL13-MG
757949;12/03/2026;quinta-feira;21:30:00;MG;116;616,1;ORIZANIA;Ausência de reação do condutor;Colisão traseira;Com Vítimas Feridas;Plena Noite;Crescente;Chuva;Simples;Reta;Não;5;0;3;0;3;1;0;4;-20,473047;-42,18;SPRF-MG;DEL07/MG;UOP02-DEL07-MG
757951;12/03/2026;quinta-feira;20:00:00;MT;163;657;NOVA UBIRATA;Demais falhas mecânicas ou elétricas;Incêndio;Sem Vítimas;Plena Noite;Crescente;Chuva;Dupla;Reta;Não;2;0;0;0;0;1;0;2;-13,334167;-55,052627;SPRF-MT;DEL06/MT;UOP01-DEL06-MT
757954;12/03/2026;quinta-feira;23:25:00;SC;470;195;POUSO REDONDO;Ausência de reação do condutor;Saída de leito carroçável;Com Vítimas Feridas;Plena Noite;Decrescente;Céu Claro;Simples;"Declive;Curva";Não;2;0;1;0;1;0;0;2;-27,29748384;-50,07516861;SPRF-SC;DEL04/SC;UOP02-DEL04-SC
757955;12/03/2026;quinta-feira;16:50:00;SC;470;104;APIUNA;Velocidade Incompatível;Tombamento;Com Vítimas Feridas;Pleno dia;Crescente;Nublado;Simples;Curva;Não;2;0;1;0;1;0;0;2;-27,061074;-49,411097;SPRF-SC;DEL04/SC;UOP02-DEL04-SC
757957;12/03/2026;quinta-feira;23:45:00;MT;163;574;NOVA MUTUM;Reação tardia ou ineficiente do condutor;Colisão traseira;Com Vítimas Feridas;Plena Noite;Decrescente;Chuva;Dupla;Reta;Não;3;0;1;0;1;1;0;5;-14,02807;-56,095936;SPRF-MT;DEL01/MT;UOP01-DEL01-MT
757959;13/03/2026;sexta-feira;02:00:00;PR;376;541;PALMEIRA;Ausência de reação do condutor;Saída de leito carroçável;Com Vítimas Feridas;Plena Noite;Crescente;Céu Claro;Dupla;Reta;Não;2;0;1;0;1;0;0;4;-25,41175594;-49,77740549;SPRF-PR;DEL01/PR;UOP07-DEL01-PR
757960;13/03/2026;sexta-feira;02:40:00;GO;364;310;MINEIROS;Reação tardia ou ineficiente do condutor;Colisão transversal;Com Vítimas Feridas;Plena Noite;Crescente;Chuva;Simples;Interseção de Vias;Não;3;0;0;1;1;1;0;3;-17,48683697;-52,55489993;SPRF-GO;DEL05/GO;UOP01-DEL05-GO
757966;12/03/2026;quinta-feira;22:20:00;PR;476;242,3;LAPA;Velocidade Incompatível;Tombamento;Com Vítimas Feridas;Plena Noite;Crescente;Céu Claro;Simples;Curva;Não;2;0;1;0;1;0;0;2;-25,85991;-50,09058;SPRF-PR;DEL02/PR;UOP03-DEL02-PR
757969;13/03/2026;sexta-feira;06:30:00;SP;116;158,7;JACAREI;Condutor deixou de manter distância do veículo da frente;Colisão traseira;Com Vítimas Feridas;Pleno dia;Crescente;Nublado;Dupla;Reta;Sim;2;0;1;0;1;1;0;2;-23,262701;-45,9572319;SPRF-SP;DEL02/SP;UOP01-DEL02-SP
757974;13/03/2026;sexta-feira;06:00:00;CE;222;22;CAUCAIA;Ausência de reação do condutor;Colisão traseira;Com Vítimas Feridas;Pleno dia;Crescente;Céu Claro;Dupla;Reta;Não;4;0;1;0;1;2;0;5;-3,73186154;-38,7599916;SPRF-CE;DEL01/CE;UOP01-DEL01-CE
757976;13/03/2026;sexta-feira;07:04:00;CE;116;14,5;FORTALEZA;Manobra de mudança de faixa;Colisão traseira;Com Vítimas Feridas;Pleno dia;Decrescente;Céu Claro;Dupla;Reta;Sim;3;0;1;0;1;0;0;3;-3,874257;-38,499194;SPRF-CE;DEL01/CE;UOP02-DEL01-CE
757978;13/03/2026;sexta-feira;06:00:00;TO;235;190;FORTALEZA DO TABOCAO;Condutor Dormindo;Colisão frontal;Com Vítimas Fatais;Amanhecer;Crescente;Nublado;Simples;Reta;Não;3;1;0;0;0;2;0;2;-8,975312;-48,385512;SPRF-TO;DEL02-TO;UOP02-DEL02-TO
757979;13/03/2026;sexta-feira;06:00:00;MS;262;160;RIBAS DO RIO PARDO;Transitar na contramão;Colisão frontal;Com Vítimas Feridas;Amanhecer;Crescente;Nevoeiro/Neblina;Simples;Reta;Não;4;0;0;2;2;0;0;8;-20,41086307;-53,19373481;SPRF-MS;DEL07/MS;UOP02-DEL07-MS
757981;13/03/2026;sexta-feira;05:20:00;GO;20;140;ALVORADA DO NORTE;Ausência de reação do condutor;Saída de leito carroçável;Com Vítimas Feridas;Amanhecer;Crescente;Céu Claro;Simples;Reta;Não;2;0;0;1;1;1;0;1;-14,756992;-46,666995;SPRF-DF;DEL02-DF;UOP03-DEL02-DF
757982;13/03/2026;sexta-feira;07:45:00;ES;101;290;CARIACICA;Reação tardia ou ineficiente do condutor;Colisão lateral mesmo sentido;Com Vítimas Feridas;Pleno dia;Crescente;Céu Claro;Dupla;"Reta;Interseção de Vias";Não;3;0;1;0;1;1;0;3;-20,29404266;-40,39303684;SPRF-ES;DEL01-ES;UOP01-DEL01-ES
757985;13/03/2026;sexta-feira;07:40:00;SC;101;139;BALNEARIO CAMBORIU;Manobra de mudança de faixa;Colisão traseira;Com Vítimas Feridas;Pleno dia;Crescente;Céu Claro;Dupla;"Reta;Aclive";Sim;2;0;0;1;1;1;0;2;-27,03324582;-48,60049948;SPRF-SC;DEL04/SC;UOP03-DEL04-SC
757987;12/03/2026;quinta-feira;13:50:00;MT;163;582,5;NOVA MUTUM;Carga excessiva e/ou mal acondicionada;Incêndio;Sem Vítimas;Pleno dia;Decrescente;Sol;Dupla;Reta;Não;2;0;0;0;0;1;0;2;-13,962797;-56,098243;SPRF-MT;DEL01/MT;UOP01-DEL01-MT
757990;13/03/2026;sexta-feira;07:00:00;MT;163;83,3;RONDONOPOLIS;Reação tardia ou ineficiente do condutor;Colisão traseira;Com Vítimas Feridas;Pleno dia;Crescente;Garoa/Chuvisco;Dupla;Reta;Não;4;0;0;1;1;2;0;5;-16,729455;-54,644616;SPRF-MT;DEL02/MT;UOP03-DEL02-MT
757994;03/03/2026;terça-feira;01:30:00;MT;163;827;SINOP;Frear bruscamente;Tombamento;Sem Vítimas;Plena Noite;Decrescente;Céu Claro;Dupla;Retorno Regulamentado;Não;2;0;0;0;0;1;0;2;-11,929942;-55,513248;SPRF-MT;DEL06/MT;UOP02-DEL06-MT
758003;13/03/2026;sexta-feira;08:40:00;MA;135;2;SAO LUIS;Reação tardia ou ineficiente do condutor;Colisão traseira;Com Vítimas Feridas;Pleno dia;Crescente;Nublado;Dupla;Reta;Sim;3;0;1;0;1;2;0;3;-2,59551;-44,245393;SPRF-MA;DEL01-MA;UOP01-DEL01-MA
758008;13/03/2026;sexta-feira;05:40:00;RO;364;510,4;ARIQUEMES;Ingestão de álcool pelo condutor;Saída de leito carroçável;Com Vítimas Feridas;Amanhecer;Decrescente;Céu Claro;Simples;Reta;Não;4;0;2;1;3;0;0;2;-9,964058;-63,048119;SPRF-RO;DEL03-RO;UOP01-DEL03-RO
758011;13/03/2026;sexta-feira;04:58:00;PA;163;631;TRAIRAO;Transitar na contramão;Colisão lateral sentido oposto;Com Vítimas Feridas;Plena Noite;Crescente;Céu Claro;Simples;Reta;Não;4;0;1;0;1;2;0;3;-4,6628773;-55,9611864;SPRF-PA;DEL05/PA;UOP03-DEL05-PA
758012;13/03/2026;sexta-feira;09:10:00;PE;407;129,9;PETROLINA;Condutor deixou de manter distância do veículo da frente;Colisão traseira;Com Vítimas Feridas;Pleno dia;Crescente;Céu Claro;Dupla;Reta;Não;5;0;1;0;1;3;0;3;-9,4074608;-40,50493654;SPRF-PE;DEL06/PE;UOP01-DEL06-PE
758015;13/03/2026;sexta-feira;09:30:00;MG;381;907,8;CAMBUI;Avarias e/ou desgaste excessivo no pneu;Saída de leito carroçável;Com Vítimas Feridas;Pleno dia;Decrescente;Chuva;Dupla;"Declive;Curva";Não;1;0;1;0;1;0;0;1;-22,67606499;-46,0980749;SPRF-MG;DEL16/MG;UOP03-DEL16-MG
758017;13/03/2026;sexta-feira;08:10:00;RN;406;101,1;JOAO CAMARA;Ultrapassagem Indevida;Colisão lateral mesmo sentido;Com Vítimas Feridas;Pleno dia;Crescente;Céu Claro;Simples;"Declive;Curva";Não;2;0;1;0;1;1;0;2;-5,52233;-35,822335;SPRF-RN;DEL02-RN;UOP01-DEL02-RN
758018;13/03/2026;sexta-feira;09:30:00;PA;316;68;CASTANHAL;Transitar na contramão;Colisão lateral sentido oposto;Com Vítimas Feridas;Pleno dia;Crescente;Sol;Simples;Curva;Não;2;0;1;0;1;1;0;2;-1,29400684;-47,87908351;SPRF-PA;DEL01/PA;UOP01-DEL01-PA
758026;13/03/2026;sexta-feira;10:08:00;PE;104;38;CARUARU;Condutor deixou de manter distância do veículo da frente;Colisão traseira;Com Vítimas Feridas;Pleno dia;Crescente;Sol;Dupla;"Aclive;Curva";Não;2;0;1;0;1;1;0;2;-8,071004;-36,046151;SPRF-PE;DEL02/PE;UOP01-DEL02-PE
758027;13/03/2026;sexta-feira;10:30:00;PR;277;335;GUARAPUAVA;Transitar na contramão;Colisão frontal;Com Vítimas Fatais;Pleno dia;Crescente;Céu Claro;Simples;"Reta;Aclive";Sim;3;1;0;0;0;1;0;4;-25,3555;-51,36162;SPRF-PR;DEL08/PR;UOP01-DEL08-PR
758028;13/03/2026;sexta-feira;09:00:00;MG;40;615;CONGONHAS;Transitar na contramão;Colisão frontal;Com Vítimas Feridas;Pleno dia;Crescente;Chuva;Simples;"Curva;Declive";Não;4;0;0;1;1;2;0;8;-20,53306789;-43,82278919;SPRF-MG;DEL05/MG;UOP02-DEL05-MG
758033;13/03/2026;sexta-feira;06:50:00;BA;116;893;CANDIDO SALES;Transitar na contramão;Colisão frontal;Com Vítimas Fatais;Pleno dia;Decrescente;Céu Claro;Simples;Reta;Não;3;1;0;0;0;1;0;3;-15,378379;-41,196861;SPRF-BA;DEL08/BA;UOP03-DEL08-BA
758034;08/01/2026;quinta-feira;04:56:00;RJ;101;288;ITABORAI;Demais falhas mecânicas ou elétricas;Incêndio;Sem Vítimas;Amanhecer;Crescente;Céu Claro;Dupla;Reta;Não;2;0;0;0;0;1;0;2;-22,76295049;-42,85004781;SPRF-RJ;DEL02/RJ;UOP02-DEL02-RJ
758035;13/03/2026;sexta-feira;09:20:00;SP;116;113,9;TAUBATE;Frear bruscamente;Colisão traseira;Com Vítimas Feridas;Pleno dia;Crescente;Nevoeiro/Neblina;Dupla;Reta;Sim;5;0;1;0;1;3;0;3;-23,04565253;-45,58728159;SPRF-SP;DEL02/SP;UOP02-DEL02-SP
758043;13/03/2026;sexta-feira;11:50:00;SE;101;10,9;MALHADA DOS BOIS;Ausência de reação do condutor;Colisão traseira;Com Vítimas Feridas;Pleno dia;Crescente;Céu Claro;Dupla;Reta;Não;3;0;1;0;1;1;0;3;-10,3878487;-36,9160109;SPRF-SE;DEL02-SE;UOP02-DEL02-SE
758047;13/03/2026;sexta-feira;06:40:00;MA;226;2;TIMON;Condutor deixou de manter distância do veículo da frente;Colisão lateral mesmo sentido;Com Vítimas Fatais;Pleno dia;Decrescente;Céu Claro;Múltipla;Reta;Sim;2;1;0;0;0;1;0;2;-5,134251;-42,827373;SPRF-MA;DEL03-MA;UOP02-DEL03-MA
758050;13/03/2026;sexta-feira;11:40:00;BA;324;520;FEIRA DE SANTANA;Condutor deixou de manter distância do veículo da frente;Colisão traseira;Com Vítimas Feridas;Pleno dia;Crescente;Céu Claro;Dupla;Reta;Não;5;0;1;0;1;3;0;5;-12,2872255;-38,9151021;SPRF-BA;DEL11/BA;UOP02-DEL11-BA
758053;13/03/2026;sexta-feira;12:40:00;RJ;101;482;ANGRA DOS REIS;Condutor deixou de manter distância do veículo da frente;Colisão traseira;Com Vítimas Feridas;Pleno dia;Decrescente;Garoa/Chuvisco;Simples;Reta;Sim;2;0;1;0;1;1;0;2;-22,98460961;-44,2967248;SPRF-RJ;DEL03/RJ;UOP03-DEL03-RJ
758054;13/03/2026;sexta-feira;12:15:00;MG;365;611;UBERLANDIA;Ausência de reação do condutor;Colisão com objeto;Sem Vítimas;Pleno dia;Crescente;Nublado;Simples;Em Obras;Sim;2;0;0;0;0;1;0;2;-18,91222415;-48,21990609;SPRF-MG;DEL15/MG;UOP01-DEL15-MG
758060;13/03/2026;sexta-feira;14:20:00;MG;40;433,9;PARAOPEBA;Velocidade Incompatível;Colisão traseira;Com Vítimas Feridas;Pleno dia;Crescente;Nublado;Dupla;"Declive;Reta";Não;4;0;0;2;2;1;0;4;-19,3457784;-44,5371359;SPRF-MG;DEL02/MG;UOP01-DEL02-MG
758061;13/03/2026;sexta-feira;11:00:00;MG;381;881;ESTIVA;Carga excessiva e/ou mal acondicionada;Colisão com objeto;Com Vítimas Fatais;Pleno dia;Crescente;Chuva;Dupla;"Declive;Curva";Sim;2;1;0;1;1;0;0;1;-22,469213;-46,010841;SPRF-MG;DEL16/MG;UOP01-DEL16-MG
758062;24/02/2026;terça-feira;14:45:00;SC;282;45,8;AGUAS MORNAS;Ultrapassagem Indevida;Colisão frontal;Com Vítimas Feridas;Pleno dia;Crescente;Nublado;Simples;"Aclive;Curva";Não;4;0;1;0;1;2;0;4;-27,72123747;-48,92456532;SPRF-SC;DEL01/SC;UOP03-DEL01-SC
758066;13/03/2026;sexta-feira;14:50:00;PR;277;139;CAMPO LARGO;Manobra de mudança de faixa;Colisão traseira;Sem Vítimas;Pleno dia;Decrescente;Ignorado;Múltipla;Reta;Sim;3;0;0;0;0;2;0;3;-25,46483;-49,65226;SPRF-PR;DEL01/PR;UOP07-DEL01-PR
758067;13/03/2026;sexta-feira;15:30:00;MG;116;764,1;LEOPOLDINA;Pista Escorregadia;Colisão frontal;Com Vítimas Fatais;Pleno dia;Crescente;Chuva;Simples;"Declive;Curva";Sim;4;2;0;0;0;1;0;5;-21,51957695;-42,6446557;SPRF-MG;DEL07/MG;UOP01-DEL07-MG
758069;13/03/2026;sexta-feira;14:30:00;MT;364;506;ROSARIO OESTE;Reação tardia ou ineficiente do condutor;Colisão frontal;Com Vítimas Fatais;Pleno dia;Crescente;Céu Claro;Simples;"Ponte;Reta";Não;4;1;0;1;1;1;0;9;-15,13682073;-56,52233005;SPRF-MT;DEL01/MT;UOP01-DEL01-MT
758076;13/03/2026;sexta-feira;15:45:00;ES;101;363;ANCHIETA;Acumulo de água sobre o pavimento;Colisão transversal;Com Vítimas Feridas;Pleno dia;Crescente;Chuva;Simples;Curva;Não;4;0;0;2;2;1;0;3;-20,7114899;-40,7220353;SPRF-ES;DEL03-ES;UOP01-DEL03-ES
758077;13/03/2026;sexta-feira;15:40:00;GO;153;133;MARA ROSA;Chuva;Tombamento;Com Vítimas Feridas;Pleno dia;Decrescente;Chuva;Simples;Declive;Não;2;0;1;0;1;1;0;1;-13,92694658;-49,07110834;SPRF-GO;DEL07/GO;UOP01-DEL07-GO
758080;13/03/2026;sexta-feira;16:01:00;GO;153;296;RIALMA;Desrespeitar a preferência no cruzamento;Colisão transversal;Com Vítimas Feridas;Pleno dia;Crescente;Chuva;Simples;"Interseção de Vias;Curva";Não;6;0;1;2;3;2;0;6;-15,27544207;-49,55157207;SPRF-GO;DEL02/GO;UOP02-DEL02-GO
758082;13/03/2026;sexta-feira;14:00:00;SC;101;208,1;SAO JOSE;Demais falhas mecânicas ou elétricas;Eventos atípicos;Com Vítimas Feridas;Pleno dia;Decrescente;Céu Claro;Múltipla;Declive;Sim;2;0;1;0;1;0;0;2;-27,60432507;-48,63275019;SPRF-SC;DEL01/SC;UOP01-DEL01-SC
758092;09/03/2026;segunda-feira;12:00:00;RJ;116;97;TERESOPOLIS;Demais falhas mecânicas ou elétricas;Colisão frontal;Sem Vítimas;Pleno dia;Decrescente;Chuva;Simples;Reta;Não;2;0;0;0;0;2;0;2;-22,45436945;-42,95558338;SPRF-RJ;DEL04/RJ;UOP01-DEL04-RJ
758104;04/03/2026;quarta-feira;15:50:00;SC;153;56;IRANI;Transitar na contramão;Colisão lateral sentido oposto;Com Vítimas Feridas;Pleno dia;Decrescente;Céu Claro;Simples;Reta;Não;4;0;1;0;1;2;0;4;-26,953615;-51,831761;SPRF-SC;DEL07/SC;UOP07-DEL07-SC
758107;13/03/2026;sexta-feira;15:40:00;SC;282;586;PINHALZINHO;Demais falhas mecânicas ou elétricas;Saída de leito carroçável;Com Vítimas Feridas;Pleno dia;Decrescente;Chuva;Simples;Reta;Não;1;0;1;0;1;0;0;1;-26,8324284;-53,0352894;SPRF-SC;DEL07/SC;UOP02-DEL07-SC
758112;13/03/2026;sexta-feira;15:00:00;SC;282;412;CATANDUVAS;Condutor deixou de manter distância do veículo da frente;Colisão traseira;Com Vítimas Feridas;Pleno dia;Decrescente;Céu Claro;Simples;"Curva;Aclive";Não;5;0;1;0;1;3;0;5;-27,05787;-51,682831;SPRF-SC;DEL07/SC;UOP05-DEL07-SC
758122;13/03/2026;sexta-feira;18:30:00;PR;116;3;QUATRO BARRAS;Reação tardia ou ineficiente do condutor;Engavetamento;Com Vítimas Feridas;Anoitecer;Decrescente;Céu Claro;Dupla;Reta;Sim;6;0;2;0;2;3;0;5;-25,36602477;-49,0414989;SPRF-PR;DEL01/PR;UOP02-DEL01-PR
758126;13/03/2026;sexta-feira;17:50:00;SP;116;104;TAUBATE;Reação tardia ou ineficiente do condutor;Colisão traseira;Com Vítimas Feridas;Pleno dia;Crescente;Nublado;Dupla;Reta;Não;3;0;2;0;2;1;0;2;-23,00581152;-45,51104333;SPRF-SP;DEL02/SP;UOP02-DEL02-SP
758128;13/03/2026;sexta-feira;17:45:00;RO;364;140,7;PIMENTA BUENO;Ultrapassagem Indevida;Colisão lateral mesmo sentido;Com Vítimas Feridas;Anoitecer;Crescente;Céu Claro;Simples;Declive;Não;4;0;1;0;1;2;0;3;-12,014545;-60,852375;SPRF-RO;DEL02-RO;UOP02-DEL02-RO
758136;13/03/2026;sexta-feira;15:00:00;SC;280;227,3;TRES BARRAS;Ultrapassagem Indevida;Colisão frontal;Com Vítimas Feridas;Pleno dia;Decrescente;Nublado;Simples;Reta;Não;6;0;1;1;2;2;0;6;-26,18364628;-50,33728968;SPRF-SC;DEL06/SC;UOP04-DEL06-SC
758141;13/03/2026;sexta-feira;19:20:00;MG;116;255;TEOFILO OTONI;Reação tardia ou ineficiente do condutor;Colisão lateral mesmo sentido;Com Vítimas Feridas;Plena Noite;Crescente;Céu Claro;Simples;Reta;Não;3;0;1;0;1;0;0;4;-17,6895327;-41,4860074;SPRF-MG;DEL11/MG;UOP01-DEL11-MG
758144;13/03/2026;sexta-feira;18:45:00;PA;10;327,5;SAO MIGUEL DO GUAMA;Transitar na contramão;Colisão frontal;Com Vítimas Fatais;Plena Noite;Decrescente;Céu Claro;Simples;Reta;Não;2;1;0;0;0;1;0;2;-1,576635;-47,503308;SPRF-PA;DEL01/PA;UOP02-DEL01-PA
758145;13/03/2026;sexta-feira;05:00:00;PA;163;138;ALTAMIRA;Ausência de reação do condutor;Saída de leito carroçável;Com Vítimas Feridas;Amanhecer;Crescente;Ignorado;Simples;"Reta;Declive";Não;2;0;1;0;1;0;0;4;-8,48078;-55,127567;SPRF-MT;DEL06/MT;UOP03-DEL06-MT
758156;13/03/2026;sexta-feira;19:30:00;RS;153;689,8;ACEGUA;Manobra de mudança de faixa;Colisão frontal;Com Vítimas Feridas;Pleno dia;Decrescente;Céu Claro;Simples;Curva;Não;4;0;0;1;1;2;0;4;-31,830817;-54,162235;SPRF-RS;DEL11/RS;UOP03-DEL11-RS
758171;13/03/2026;sexta-feira;17:45:00;BA;101;502;ITABUNA;Manobra de mudança de faixa;Colisão frontal;Com Vítimas Feridas;Anoitecer;Crescente;Céu Claro;Simples;Reta;Não;2;0;1;0;1;1;0;2;-14,769225;-39,294062;SPRF-BA;DEL05/BA;UOP01-DEL05-BA
758173;13/03/2026;sexta-feira;15:25:00;MG;251;316;SALINAS;Entrada inopinada do pedestre;Atropelamento de Pedestre;Com Vítimas Fatais;Pleno dia;Decrescente;Céu Claro;Simples;Reta;Não;3;1;0;0;0;1;0;3;-16,16001069;-42,31381953;SPRF-MG;DEL12/MG;UOP02-DEL12-MG
758176;13/03/2026;sexta-feira;21:30:00;MG;116;236,5;TEOFILO OTONI;Reação tardia ou ineficiente do condutor;Saída de leito carroçável;Com Vítimas Feridas;Plena Noite;Crescente;Céu Claro;Simples;Reta;Não;2;0;1;0;1;1;0;1;-17,542302;-41,478143;SPRF-MG;DEL11/MG;UOP01-DEL11-MG
758180;13/03/2026;sexta-feira;22:00:00;MG;40;290;TRES MARIAS;Condutor deixou de manter distância do veículo da frente;Colisão traseira;Com Vítimas Feridas;Plena Noite;Decrescente;Chuva;Simples;Reta;Não;4;0;1;0;1;2;0;3;-18,247425;-45,181476;SPRF-MG;DEL14/MG;UOP02-DEL14-MG
758182;13/03/2026;sexta-feira;20:00:00;MA;226;107,3;CAXIAS;Velocidade Incompatível;Tombamento;Com Vítimas Feridas;Plena Noite;Crescente;Céu Claro;Simples;Curva;Não;2;0;0;1;1;0;0;2;-5,30563192;-43,71743202;SPRF-MA;DEL03-MA;UOP02-DEL03-MA