id;data_inversa;dia_semana;horario;uf;br;km;municipio;causa_acidente;tipo_acidente;classificacao_acidente;fase_dia;sentido_via;condicao_metereologica;tipo_pista;tracado_via;uso_solo;pessoas;mortos;feridos_leves;feridos_graves;feridos;ilesos;ignorados;veiculos;latitude;longitude;regional;delegacia;uop
759513;20/03/2026;sexta-feira;04:10:00;RJ;393;155;TRES RIOS;Velocidade Incompatível;Tombamento;Com Vítimas Feridas;Plena Noite;Decrescente;Céu Claro;Simples;Rotatória;Sim;2;0;1;0;1;0;0;2;-22,10651569;-43,07745695;SPRF-RJ;DEL05/RJ;UOP01-DEL05-RJ
759519;20/03/2026;sexta-feira;04:30:00;MG;381;448,6;BELO HORIZONTE;Chuva;Colisão lateral mesmo sentido;Com Vítimas Feridas;Amanhecer;Decrescente;Chuva;Simples;Curva;Sim;4;0;1;0;1;2;0;4;-19,83825264;-43,88334274;SPRF-MG;DEL01/MG;UOP01-DEL01-MG
759533;20/03/2026;sexta-feira;09:25:00;MG;40;744,7;SANTOS DUMONT;Velocidade Incompatível;Colisão frontal;Com Vítimas Feridas;Pleno dia;Crescente;Chuva;Simples;Curva;Sim;3;0;2;0;2;1;0;2;-21,46026245;-43,55950209;SPRF-MG;DEL05/MG;UOP01-DEL05-MG
759534;20/03/2026;sexta-feira;08:30:00;RJ;116;207;SEROPEDICA;Ultrapassagem Indevida;Colisão lateral mesmo sentido;Com Vítimas Feridas;Pleno dia;Decrescente;Ignorado;Dupla;Reta;Não;4;0;2;0;2;1;0;3;-22,72714302;-43,64532217;SPRF-RJ;DEL06/RJ;UOP02-DEL06-RJ
759536;20/03/2026;sexta-feira;09:20:00;MG;40;482,5;SETE LAGOAS;Ausência de reação do condutor;Colisão traseira;Com Vítimas Feridas;Pleno dia;Crescente;Chuva;Dupla;"Aclive;Reta";Não;2;0;0;1;1;0;0;2;-19,56285;-44,23839;SPRF-MG;DEL02/MG;UOP01-DEL02-MG
759543;20/03/2026;sexta-feira;08:20:00;SP;116;107;TAUBATE;Reação tardia ou ineficiente do condutor;Colisão traseira;Com Vítimas Feridas;Pleno dia;Crescente;Céu Claro;Múltipla;Reta;Sim;3;0;0;1;1;1;0;3;-23,01503;-45,52636;SPRF-SP;DEL02/SP;UOP02-DEL02-SP
759544;20/03/2026;sexta-feira;08:20:00;SC;470;194;POUSO REDONDO;Problema com o freio;Saída de leito carroçável;Com Vítimas Feridas;Pleno dia;Decrescente;Céu Claro;Simples;Curva;Não;2;0;1;0;1;0;0;2;-27,30076171;-50,08052699;SPRF-SC;DEL04/SC;UOP02-DEL04-SC
759547;20/03/2026;sexta-feira;07:30:00;RS;386;179,2;CARAZINHO;Desrespeitar a preferência no cruzamento;Colisão transversal;Com Vítimas Feridas;Pleno dia;Crescente;Céu Claro;Simples;Reta;Sim;2;0;1;0;1;1;0;2;-28,295934;-52,752214;SPRF-RS;DEL08/RS;UOP01-DEL08-RS
759548;20/03/2026;sexta-feira;08:20:00;RS;386;192,9;SANTO ANTONIO DO PLANALTO;Acessar a via sem observar a presença dos outros veículos;Colisão transversal;Com Vítimas Feridas;Pleno dia;Decrescente;Céu Claro;Simples;"Reta;Aclive";Sim;2;0;1;0;1;1;0;2;-28,39836242;-52,68819306;SPRF-RS;DEL08/RS;UOP01-DEL08-RS
759555;20/03/2026;sexta-feira;09:45:00;RS;285;140,6;MUITOS CAPOES;Ausência de reação do condutor;Tombamento;Com Vítimas Feridas;Pleno dia;Decrescente;Céu Claro;Simples;Reta;Não;2;0;1;0;1;0;0;2;-28,384975;-51,063817;SPRF-RS;DEL05/RS;UOP03-DEL05-RS
759558;20/03/2026;sexta-feira;08:10:00;MG;381;640,5;SANTO ANTONIO DO AMPARO;Demais falhas mecânicas ou elétricas;Incêndio;Sem Vítimas;Pleno dia;Crescente;Chuva;Dupla;Reta;Não;2;0;0;0;0;1;0;2;-20,90130101;-44,85670352;SPRF-MG;DEL04/MG;UOP01-DEL04-MG
759563;20/03/2026;sexta-feira;02:00:00;PE;101;188,8;PALMARES;Condutor Dormindo;Saída de leito carroçável;Com Vítimas Feridas;Plena Noite;Decrescente;Céu Claro;Dupla;Reta;Sim;2;0;1;0;1;0;0;3;-8,69068;-35,60484;SPRF-PE;DEL01/PE;UOP03-DEL01-PE
759568;20/03/2026;sexta-feira;10:50:00;MG;381;370,5;SAO GONCALO DO RIO ABAIXO;Velocidade Incompatível;Colisão frontal;Com Vítimas Fatais;Pleno dia;Decrescente;Garoa/Chuvisco;Simples;"Curva;Aclive";Não;4;1;0;0;0;2;0;4;-19,84254;-43,319756;SPRF-MG;DEL01/MG;UOP01-DEL01-MG
759572;20/03/2026;sexta-feira;11:00:00;RO;364;700;PORTO VELHO;Manobra de mudança de faixa;Colisão lateral mesmo sentido;Sem Vítimas;Pleno dia;Decrescente;Céu Claro;Dupla;Reta;Não;5;0;0;0;0;4;0;3;-8,80072;-63,7707;SPRF-RO;DEL01-RO;UOP01-DEL01-RO
759573;20/03/2026;sexta-feira;11:00:00;MG;381;915,8;CAMANDUCAIA;Velocidade Incompatível;Colisão traseira;Com Vítimas Fatais;Pleno dia;Crescente;Céu Claro;Dupla;Reta;Sim;5;1;0;0;0;3;0;6;-22,73507736;-46,1349383;SPRF-MG;DEL16/MG;UOP03-DEL16-MG
759581;20/03/2026;sexta-feira;11:20:00;PE;232;82;GRAVATA;Manobra de mudança de faixa;Colisão lateral mesmo sentido;Com Vítimas Feridas;Pleno dia;Crescente;Sol;Dupla;"Declive;Reta";Sim;3;0;0;1;1;2;0;2;-8,20426697;-35,59960769;SPRF-PE;DEL02/PE;UOP02-DEL02PE
759582;20/03/2026;sexta-feira;12:00:00;PR;376;50,5;LOANDA;Demais falhas mecânicas ou elétricas;Colisão traseira;Com Vítimas Feridas;Pleno dia;Decrescente;Sol;Simples;Reta;Não;3;0;1;0;1;2;0;2;-22,89373;-52,91859;SPRF-PR;DEL09/PR;UOP02-DEL09-PR
759589;20/03/2026;sexta-feira;12:50:00;GO;153;363;JARAGUA;Condutor deixou de manter distância do veículo da frente;Colisão traseira;Com Vítimas Feridas;Pleno dia;Decrescente;Nublado;Simples;"Aclive;Reta";Não;3;0;1;0;1;1;0;3;-15,798541;-49,300388;SPRF-GO;DEL02/GO;UOP02-DEL02-GO
759598;20/03/2026;sexta-feira;15:00:00;GO;70;381;MONTES CLAROS DE GOIAS;Condutor deixou de manter distância do veículo da frente;Colisão traseira;Com Vítimas Feridas;Pleno dia;Decrescente;Céu Claro;Simples;Reta;Não;5;0;2;0;2;2;0;4;-15,9415698;-51,3630825;SPRF-GO;DEL04/GO;UOP02-DEL04-GO
759601;20/03/2026;sexta-feira;13:08:00;SC;101;111,8;NAVEGANTES;Ausência de reação do condutor;Colisão traseira;Com Vítimas Feridas;Pleno dia;Decrescente;Sol;Dupla;"Aclive;Reta";Não;4;0;0;1;1;2;0;4;-26,841122;-48,716067;SPRF-SC;DEL04/SC;UOP04-DEL04-SC
759604;20/03/2026;sexta-feira;14:20:00;CE;222;308;TIANGUA;Reação tardia ou ineficiente do condutor;Tombamento;Com Vítimas Feridas;Pleno dia;Crescente;Nublado;Simples;Aclive;Não;2;0;0;1;1;0;0;2;-3,69708;-40,97569;SPRF-CE;DEL04/CE;UOP02-DEL04-CE
759605;20/03/2026;sexta-feira;14:40:00;GO;60;178;ABADIA DE GOIAS;Demais falhas mecânicas ou elétricas;Saída de leito carroçável;Sem Vítimas;Pleno dia;Decrescente;Chuva;Dupla;"Aclive;Reta";Não;2;0;0;0;0;2;0;1;-16,767228;-49,47651;SPRF-GO;DEL01/GO;UOP02-DEL01-GO
759608;20/03/2026;sexta-feira;10:00:00;PR;376;12,7;MARINGA;Ingestão de álcool pelo condutor;Saída de leito carroçável;Sem Vítimas;Pleno dia;Crescente;Nublado;Dupla;"Aclive;Reta";Sim;1;0;0;0;0;1;0;1;-23,394985;-51,887432;SPRF-PR;DEL09/PR;UOP01-DEL09-PR
759613;20/03/2026;sexta-feira;14:30:00;PE;101;91,9;CABO DE SANTO AGOSTINHO;Ultrapassagem Indevida;Colisão lateral mesmo sentido;Com Vítimas Feridas;Pleno dia;Decrescente;Céu Claro;Dupla;Reta;Não;3;0;2;0;2;0;0;2;-8,23132;-34,997427;SPRF-PE;DEL01/PE;UOP01-DEL01-PE
759617;20/03/2026;sexta-feira;15:10:00;ES;101;176,3;ARACRUZ;Mal súbito do condutor;Colisão transversal;Com Vítimas Feridas;Pleno dia;Decrescente;Nublado;Simples;Curva;Sim;3;0;0;1;1;1;0;5;-19,59795338;-40,20074579;SPRF-ES;DEL04-ES;UOP01-DEL04-ES
759621;20/03/2026;sexta-feira;08:40:00;SC;116;140,9;SANTA CECILIA;Velocidade Incompatível;Tombamento;Com Vítimas Feridas;Pleno dia;Decrescente;Céu Claro;Simples;Reta;Sim;1;0;1;0;1;0;0;1;-26,970853;-50,405888;SPRF-SC;DEL06/SC;UOP02-DEL06-SC
759634;20/03/2026;sexta-feira;16:10:00;MA;10;264,6;IMPERATRIZ;Reação tardia ou ineficiente do condutor;Engavetamento;Sem Vítimas;Pleno dia;Decrescente;Nublado;Simples;Reta;Não;3;0;0;0;0;3;0;3;-5,42138;-47,47276;SPRF-MA;DEL04-MA;UOP01-DEL04-MA
759636;20/03/2026;sexta-feira;06:20:00;PR;153;146,6;VENTANIA;Velocidade Incompatível;Colisão com objeto;Com Vítimas Fatais;Amanhecer;Decrescente;Céu Claro;Simples;Ponte;Não;2;1;0;1;1;0;0;1;-24,12834158;-50,23608891;SPRF-PR;DEL07/PR;UOP04-DEL07-PR
759637;20/03/2026;sexta-feira;17:45:00;PR;369;344;CAMPO MOURAO;Ausência de reação do condutor;Colisão traseira;Com Vítimas Feridas;Anoitecer;Crescente;Sol;Simples;Rotatória;Não;3;0;1;0;1;1;0;4;-24,08168647;-52,41250841;SPRF-PR;DEL09/PR;UOP03-DEL09-PR
759639;20/03/2026;sexta-feira;16:30:00;RJ;40;109;DUQUE DE CAXIAS;Reação tardia ou ineficiente do condutor;Colisão traseira;Com Vítimas Feridas;Pleno dia;Decrescente;Chuva;Múltipla;Curva;Sim;4;0;1;0;1;2;0;3;-22,67310006;-43,2850245;SPRF-RJ;DEL01/RJ;UOP02-DEL01-RJ
759640;20/03/2026;sexta-feira;17:05:00;SE;101;92;NOSSA SENHORA DO SOCORRO;Acessar a via sem observar a presença dos outros veículos;Colisão lateral mesmo sentido;Com Vítimas Feridas;Anoitecer;Decrescente;Céu Claro;Simples;"Aclive;Reta";Não;3;0;1;0;1;1;0;3;-10,90252442;-37,13403432;SPRF-SE;DEL01-SE;UOP01-DEL01-SE
759650;20/03/2026;sexta-feira;18:15:00;RS;392;158;CANGUCU;Reação tardia ou ineficiente do condutor;Colisão lateral sentido oposto;Com Vítimas Feridas;Anoitecer;Crescente;Céu Claro;Simples;Reta;Não;3;0;0;1;1;1;0;3;-31,19542545;-52,83236951;SPRF-RS;DEL07/RS;UOP01-DEL07-RS
759653;20/03/2026;sexta-feira;18:40:00;MG;40;282;TRES MARIAS;Acessar a via sem observar a presença dos outros veículos;Colisão traseira;Com Vítimas Feridas;Plena Noite;Crescente;Chuva;Simples;Curva;Sim;2;0;1;0;1;1;0;2;-18,25135544;-45,196367;SPRF-MG;DEL14/MG;UOP02-DEL14-MG
759654;20/03/2026;sexta-feira;11:55:00;RO;364;296;PRESIDENTE MEDICI;Reação tardia ou ineficiente do condutor;Colisão lateral mesmo sentido;Com Vítimas Feridas;Pleno dia;Crescente;Céu Claro;Simples;Reta;Não;3;0;1;0;1;1;0;5;-11,27532;-61,90197;SPRF-RO;DEL02-RO;UOP01-DEL02-RO
759655;20/03/2026;sexta-feira;18:40:00;SP;381;69;MAIRIPORA;Manobra de mudança de faixa;Colisão lateral mesmo sentido;Com Vítimas Feridas;Plena Noite;Decrescente;Céu Claro;Dupla;"Reta;Declive";Sim;2;0;1;0;1;1;0;2;-23,34744214;-46,56241357;SPRF-SP;DEL03/SP;UOP01-DEL03-SP
759657;20/03/2026;sexta-feira;17:45:00;PR;376;374;IMBAU;Acessar a via sem observar a presença dos outros veículos;Colisão transversal;Com Vítimas Feridas;Pleno dia;Crescente;Céu Claro;Simples;"Reta;Aclive";Não;3;0;1;0;1;1;0;3;-24,38966;-50,78664;SPRF-PR;DEL07/PR;UOP02-DEL07-PR
759658;20/03/2026;sexta-feira;19:00:00;BA;324;620;SALVADOR;Condutor deixou de manter distância do veículo da frente;Colisão traseira;Com Vítimas Feridas;Plena Noite;Decrescente;Céu Claro;Dupla;Reta;Sim;3;0;2;0;2;0;0;2;-12,912273;-38,459273;SPRF-BA;DEL01/BA;UOP01-DEL01-BA
759665;20/03/2026;sexta-feira;19:00:00;MG;381;362;SAO GONCALO DO RIO ABAIXO;Velocidade Incompatível;Tombamento;Com Vítimas Feridas;Plena Noite;Crescente;Chuva;Simples;"Declive;Curva";Sim;2;0;1;0;1;0;0;2;-19,852308;-43,271796;SPRF-MG;DEL03/MG;UOP01-DEL03-MG
759669;20/03/2026;sexta-feira;19:50:00;RS;116;390;CAMAQUA;Ausência de reação do condutor;Atropelamento de Pedestre;Com Vítimas Feridas;Plena Noite;Decrescente;Nublado;Dupla;Reta;Sim;2;0;0;1;1;1;0;2;-30,82871183;-51,72413138;SPRF-RS;DEL02/RS;UOP02-DEL02-RS
759671;20/03/2026;sexta-feira;20:20:00;PE;101;69;RECIFE;Transitar na contramão;Colisão lateral sentido oposto;Com Vítimas Feridas;Plena Noite;Crescente;Céu Claro;Dupla;Reta;Sim;2;0;1;0;1;0;0;2;-8,063794;-34,94467;SPRF-PE;DEL01/PE;UOP01-DEL01-PE
759672;20/03/2026;sexta-feira;18:40:00;MS;463;25,5;DOURADOS;Pedestre andava na pista;Atropelamento de Pedestre;Com Vítimas Fatais;Plena Noite;Crescente;Céu Claro;Simples;Reta;Não;4;1;0;0;0;3;0;2;-22,289508;-55,028232;SPRF-MS;DEL04/MS;UOP03-DEL04-MS
759681;20/03/2026;sexta-feira;20:40:00;RS;471;658,3;SANTA VITORIA DO PALMAR;Desrespeitar a preferência no cruzamento;Colisão transversal;Com Vítimas Feridas;Plena Noite;Crescente;Céu Claro;Simples;Interseção de Vias;Sim;3;0;1;0;1;1;0;3;-33,52148743;-53,33696934;SPRF-RS;DEL07/RS;UOP04-DEL07-RS
759686;20/03/2026;sexta-feira;21:30:00;ES;101;160,9;LINHARES;Ultrapassagem Indevida;Colisão frontal;Com Vítimas Fatais;Plena Noite;Crescente;Céu Claro;Simples;Curva;Sim;5;2;0;0;0;2;0;4;-19,48339656;-40,11950273;SPRF-ES;DEL04-ES;UOP01-DEL04-ES
759687;20/03/2026;sexta-feira;16:15:00;PR;163;285,1;MARECHAL CANDIDO RONDON;Reação tardia ou ineficiente do condutor;Tombamento;Com Vítimas Feridas;Pleno dia;Crescente;Céu Claro;Dupla;"Reta;Interseção de Vias";Sim;2;0;1;0;1;0;0;2;-24,53458645;-54,04984681;SPRF-PR;DEL06/PR;UOP02-DEL06-PR
759689;20/03/2026;sexta-feira;19:00:00;PA;155;305;MARABA;Objeto estático sobre o leito carroçável;Colisão com objeto;Com Vítimas Feridas;Plena Noite;Crescente;Nublado;Simples;Reta;Não;4;0;1;0;1;1;0;4;-5,69861;-49,123347;SPRF-PA;DEL03/PA;UOP01-DEL03-PA
759690;20/03/2026;sexta-feira;20:15:00;ES;101;395,4;RIO NOVO DO SUL;Condutor deixou de manter distância do veículo da frente;Colisão traseira;Com Vítimas Feridas;Plena Noite;Crescente;Nublado;Simples;Reta;Não;2;0;0;1;1;0;0;2;-20,86599;-40,93697;SPRF-ES;DEL03-ES;UOP02-DEL03-ES
759694;20/03/2026;sexta-feira;17:30:00;SC;116;168,9;PONTE ALTA DO NORTE;Mal súbito do condutor;Saída de leito carroçável;Com Vítimas Fatais;Pleno dia;Decrescente;Céu Claro;Simples;"Declive;Curva";Não;2;1;0;0;0;0;0;2;-27,18592725;-50,46473265;SPRF-SC;DEL05/SC;UOP03-DEL05-SC
759703;20/03/2026;sexta-feira;21:00:00;RS;158;79,6;BOA VISTA DAS MISSOES;Transitar na contramão;Colisão lateral sentido oposto;Com Vítimas Feridas;Plena Noite;Decrescente;Céu Claro;Simples;Reta;Não;3;0;1;0;1;1;0;4;-27,72644709;-53,32113294;SPRF-RS;DEL08/RS;UOP02-DEL08-RS
759708;20/03/2026;sexta-feira;23:10:00;MG;365;644;UBERLANDIA;Condutor deixou de manter distância do veículo da frente;Colisão traseira;Com Vítimas Feridas;Plena Noite;Crescente;Céu Claro;Dupla;Reta;Não;3;0;1;0;1;1;0;5;-18,88311578;-48,49832154;SPRF-MG;DEL15/MG;UOP01-DEL15-MG
759712;20/03/2026;sexta-feira;21:30:00;CE;116;542;PENAFORTE;Transitar na contramão;Colisão frontal;Com Vítimas Feridas;Plena Noite;Crescente;Céu Claro;Simples;Curva;Sim;2;0;0;1;1;0;0;2;-7,823423;-39,08816;SPRF-CE;DEL05/CE;UOP03-DEL05-CE
759722;21/03/2026;sábado;00:40:00;RO;364;694;PORTO VELHO;Ausência de reação do condutor;Colisão traseira;Com Vítimas Feridas;Plena Noite;Decrescente;Céu Claro;Dupla;Reta;Não;36;0;1;0;1;34;0;4;-8,8013505;-63,7233879;SPRF-RO;DEL01-RO;UOP01-DEL01-RO
759723;21/03/2026;sábado;02:00:00;PR;116;28;CAMPINA GRANDE DO SUL;Reação tardia ou ineficiente do condutor;Tombamento;Com Vítimas Feridas;Plena Noite;Decrescente;Nublado;Dupla;"Curva;Ponte";Não;2;0;1;0;1;0;0;2;-25,112022;-48,802803;SPRF-PR;DEL01/PR;UOP02-DEL01-PR
759728;21/03/2026;sábado;03:55:00;SP;116;281;EMBU DAS ARTES;Deficiência do Sistema de Iluminação/Sinalização;Colisão traseira;Com Vítimas Feridas;Plena Noite;Decrescente;Céu Claro;Dupla;Reta;Não;3;0;1;0;1;0;0;4;-23,65109307;-46,84670448;SPRF-SP;DEL04/SP;UOP01-DEL04-SP
759729;21/03/2026;sábado;03:40:00;AL;101;171,8;TEOTONIO VILELA;Acumulo de água sobre o pavimento;Colisão traseira;Sem Vítimas;Amanhecer;Crescente;Nublado;Dupla;Reta;Não;3;0;0;0;0;2;0;3;-9,90964346;-36,33292805;SPRF-AL;DEL02-AL;UOP02-DEL02-AL
759730;21/03/2026;sábado;04:00:00;SP;153;59,7;SAO JOSE DO RIO PRETO;Ingestão de álcool pelo condutor;Colisão lateral mesmo sentido;Com Vítimas Feridas;Amanhecer;Crescente;Céu Claro;Dupla;Reta;Sim;4;0;1;1;2;1;0;3;-20,794309;-49,354833;SPRF-SP;DEL09/SP;UOP01-DEL09-SP
759737;21/03/2026;sábado;04:35:00;SC;101;458;PASSO DE TORRES;Ingestão de álcool pelo condutor;Colisão traseira;Com Vítimas Feridas;Plena Noite;Crescente;Céu Claro;Dupla;"Reta;Aclive";Não;4;0;1;1;2;1;0;3;-29,25350611;-49,7550079;SPRF-SC;DEL02/SC;UOP02-DEL02-SC
759739;21/03/2026;sábado;02:30:00;GO;153;599;MORRINHOS;Velocidade Incompatível;Saída de leito carroçável;Com Vítimas Feridas;Plena Noite;Decrescente;Chuva;Dupla;"Declive;Reta";Não;2;0;1;0;1;0;0;2;-17,536985;-49,212073;SPRF-GO;DEL03/GO;UOP01-DEL03-GO
759741;21/03/2026;sábado;05:00:00;BA;242;612;MUQUEM DE SAO FRANCISCO;Ausência de reação do condutor;Saída de leito carroçável;Com Vítimas Feridas;Amanhecer;Decrescente;Céu Claro;Simples;Reta;Não;2;0;1;0;1;0;0;3;-12,1730697;-43,2584866;SPRF-BA;DEL10/BA;UOP01-DEL10-BA
759742;21/03/2026;sábado;05:45:00;MG;381;652,1;SANTO ANTONIO DO AMPARO;Velocidade Incompatível;Colisão com objeto;Com Vítimas Feridas;Amanhecer;Decrescente;Céu Claro;Dupla;"Curva;Declive";Não;2;0;1;0;1;0;0;2;-20,96236863;-44,92915969;SPRF-MG;DEL04/MG;UOP02-DEL04-MG
759744;21/03/2026;sábado;05:20:00;BA;324;553;AMELIA RODRIGUES;Ausência de reação do condutor;Colisão traseira;Sem Vítimas;Pleno dia;Decrescente;Céu Claro;Dupla;Reta;Não;2;0;0;0;0;2;0;2;-12,44099085;-38,72362518;SPRF-BA;DEL11/BA;UOP02-DEL11-BA
759745;20/03/2026;sexta-feira;19:15:00;GO;50;298,1;CUMARI;Mal súbito do condutor;Saída de leito carroçável;Sem Vítimas;Plena Noite;Decrescente;Garoa/Chuvisco;Dupla;"Aclive;Curva";Não;2;0;0;0;0;1;0;2;-18,3147007;-48,0171385;SPRF-GO;DEL06/GO;UOP01-DEL06-GO
759749;21/03/2026;sábado;04:33:00;SC;282;534,5;CORDILHEIRA ALTA;Condutor Dormindo;Colisão frontal;Com Vítimas Fatais;Plena Noite;Decrescente;Céu Claro;Simples;Reta;Não;7;3;2;2;4;0;0;2;-26,9962852;-52,63986217;SPRF-SC;DEL07/SC;UOP01-DEL07-SC
759750;21/03/2026;sábado;04:45:00;RO;364;513,7;ARIQUEMES;Ingestão de álcool pelo condutor;Colisão frontal;Com Vítimas Feridas;Amanhecer;Decrescente;Céu Claro;Simples;Reta;Sim;5;0;1;1;2;1;0;4;-9,936121;-63,055436;SPRF-RO;DEL03-RO;UOP01-DEL03-RO
759753;21/03/2026;sábado;07:15:00;PR;376;410,1;TIBAGI;Transitar no Acostamento;Colisão traseira;Com Vítimas Feridas;Pleno dia;Crescente;Céu Claro;Dupla;Curva;Não;4;0;0;1;1;2;0;3;-24,65324;-50,61544;SPRF-PR;DEL03/PR;UOP02-DEL03-PR
759758;21/03/2026;sábado;05:30:00;MT;163;112;RONDONOPOLIS;Reação tardia ou ineficiente do condutor;Colisão traseira;Com Vítimas Feridas;Amanhecer;Decrescente;Céu Claro;Dupla;"Aclive;Reta";Não;2;0;0;1;1;1;0;2;-16,55382;-54,675132;SPRF-MT;DEL02/MT;UOP01-DEL02-MT
759759;21/03/2026;sábado;06:15:00;CE;116;420,5;IPAUMIRIM;Pista esburacada;Colisão lateral mesmo sentido;Com Vítimas Feridas;Amanhecer;Decrescente;Nublado;Simples;Declive;Não;2;0;1;0;1;1;0;2;-6,77862;-38,76865;SPRF-CE;DEL05/CE;UOP01-DEL05-CE
759763;05/03/2026;quinta-feira;23:04:00;SC;101;50;JOINVILLE;Manobra de mudança de faixa;Colisão lateral mesmo sentido;Com Vítimas Feridas;Plena Noite;Decrescente;Céu Claro;Dupla;Curva;Sim;3;0;0;1;1;0;0;3;-26,38707556;-48,84216132;SPRF-SC;DEL03/SC;UOP01-DEL03-SC
759764;21/03/2026;sábado;04:30:00;RN;226;256,7;JUCURUTU;Condutor Dormindo;Tombamento;Sem Vítimas;Plena Noite;Decrescente;Céu Claro;Simples;Reta;Não;1;0;0;0;0;1;0;1;-5,94544067;-37,04862714;SPRF-RN;DEL03-RN;UOP01-DEL03-RN
759766;21/03/2026;sábado;07:35:00;MT;364;187;RONDONOPOLIS;Condutor deixou de manter distância do veículo da frente;Colisão traseira;Sem Vítimas;Pleno dia;Decrescente;Céu Claro;Simples;Reta;Não;3;0;0;0;0;2;0;3;-16,5766;-54,5341;SPRF-MT;DEL02/MT;UOP01-DEL02-MT
759769;21/03/2026;sábado;07:30:00;SC;282;604;MARAVILHA;Reação tardia ou ineficiente do condutor;Colisão frontal;Com Vítimas Feridas;Pleno dia;Decrescente;Céu Claro;Dupla;Declive;Sim;4;0;1;1;2;1;0;5;-26,7916036;-53,194782;SPRF-SC;DEL07/SC;UOP02-DEL07-SC
759771;21/03/2026;sábado;07:20:00;MG;40;400,5;CURVELO;Ausência de reação do condutor;Saída de leito carroçável;Com Vítimas Feridas;Pleno dia;Decrescente;Céu Claro;Simples;"Curva;Aclive";Não;1;0;1;0;1;0;0;1;-19,035657;-44,649791;SPRF-MG;DEL02/MG;UOP01-DEL02-MG
759774;10/02/2026;terça-feira;06:00:00;PR;116;112,9;CURITIBA;Reação tardia ou ineficiente do condutor;Colisão traseira;Com Vítimas Feridas;Pleno dia;Crescente;Céu Claro;Dupla;Reta;Não;2;0;1;0;1;1;0;2;-25,5494953;-49,28329317;SPRF-PR;DEL01/PR;UOP03-DEL01-PR
759781;21/03/2026;sábado;08:20:00;SC;282;531,5;CORDILHEIRA ALTA;Desrespeitar a preferência no cruzamento;Colisão transversal;Com Vítimas Feridas;Pleno dia;Decrescente;Céu Claro;Simples;"Reta;Interseção de Vias";Não;4;0;0;1;1;2;0;4;-26,99407426;-52,6112601;SPRF-SC;DEL07/SC;UOP01-DEL07-SC
759790;21/03/2026;sábado;11:50:00;MS;262;239;RIBAS DO RIO PARDO;Conversão proibida;Colisão lateral mesmo sentido;Sem Vítimas;Pleno dia;Crescente;Nublado;Dupla;Reta;Sim;3;0;0;0;0;2;0;5;-20,45683062;-53,75625372;SPRF-MS;DEL01/MS;UOP05-DEL01-MS
759791;18/03/2026;quarta-feira;06:50:00;MG;381;566,3;ITAGUARA;Velocidade Incompatível;Tombamento;Com Vítimas Feridas;Pleno dia;Decrescente;Céu Claro;Dupla;"Aclive;Reta";Não;3;0;1;0;1;1;0;3;-20,398871;-44,505834;SPRF-MG;DEL04/MG;UOP03-DEL04-MG
759798;21/03/2026;sábado;08:00:00;BA;116;562;BREJOES;Velocidade Incompatível;Tombamento;Sem Vítimas;Pleno dia;Decrescente;Céu Claro;Simples;Reta;Não;3;0;0;0;0;2;0;5;-12,98154;-39,94103;SPRF-BA;DEL03/BA;UOP02-DEL03-BA
759804;27/02/2026;sexta-feira;20:18:00;MG;381;935,5;EXTREMA;Reação tardia ou ineficiente do condutor;Colisão lateral mesmo sentido;Com Vítimas Feridas;Plena Noite;Crescente;Céu Claro;Dupla;"Curva;Declive";Não;5;0;1;0;1;3;0;4;-22,80903959;-46,28002524;SPRF-MG;DEL16/MG;UOP03-DEL16-MG
759809;21/03/2026;sábado;13:23:00;RS;290;1,2;OSORIO;Condutor deixou de manter distância do veículo da frente;Colisão traseira;Com Vítimas Feridas;Pleno dia;Crescente;Céu Claro;Múltipla;Reta;Não;3;0;1;0;1;1;0;3;-29,896014;-50,287984;SPRF-RS;DEL03/RS;UOP01-DEL03-RS
759810;21/03/2026;sábado;10:00:00;PI;343;307,5;ALTOS;Ausência de reação do condutor;Colisão traseira;Com Vítimas Feridas;Pleno dia;Decrescente;Nublado;Simples;Reta;Sim;4;0;1;1;2;2;0;2;-5,039227;-42,463442;SPRF-PI;DEL01-PI;UOP01-DEL01-PI
759811;21/03/2026;sábado;08:40:00;RJ;116;275;BARRA MANSA;Reação tardia ou ineficiente do condutor;Colisão traseira;Com Vítimas Feridas;Pleno dia;Crescente;Céu Claro;Dupla;Curva;Não;3;0;1;0;1;1;0;3;-22,56266946;-44,15875123;SPRF-RJ;DEL07/RJ;UOP02-DEL07-RJ
759815;21/03/2026;sábado;13:17:00;AL;104;58;MURICI;Condutor deixou de manter distância do veículo da frente;Colisão traseira;Com Vítimas Feridas;Pleno dia;Decrescente;Céu Claro;Simples;Reta;Sim;3;0;1;0;1;2;0;2;-9,30108724;-35,95249097;SPRF-AL;DEL01-AL;UOP02-DEL01-AL
759817;21/03/2026;sábado;14:40:00;SP;116;158;JACAREI;Carga excessiva e/ou mal acondicionada;Derramamento de carga;Sem Vítimas;Pleno dia;Crescente;Céu Claro;Dupla;Curva;Não;2;0;0;0;0;1;0;4;-23,2630732;-45,9498936;SPRF-SP;DEL02/SP;UOP01-DEL02-SP
759818;21/03/2026;sábado;14:30:00;MG;251;464;GRAO MOGOL;Velocidade Incompatível;Colisão frontal;Com Vítimas Feridas;Pleno dia;Decrescente;Chuva;Simples;Reta;Não;3;0;1;1;2;0;0;4;-16,44775849;-42,98300906;SPRF-MG;DEL12/MG;UOP01-DEL12-MG
759819;21/03/2026;sábado;15:05:00;GO;153;231;HIDROLINA;Transitar na contramão;Colisão transversal;Com Vítimas Fatais;Pleno dia;Crescente;Nublado;Simples;"Aclive;Reta";Não;3;1;0;1;1;1;0;2;-14,781808;-49,272995;SPRF-GO;DEL07/GO;UOP02-DEL07-GO