id;data_inversa;dia_semana;horario;uf;br;km;municipio;causa_acidente;tipo_acidente;classificacao_acidente;fase_dia;sentido_via;condicao_metereologica;tipo_pista;tracado_via;uso_solo;pessoas;mortos;feridos_leves;feridos_graves;feridos;ilesos;ignorados;veiculos;latitude;longitude;regional;delegacia;uop
760595;25/03/2026;quarta-feira;11:00:00;PR;476;144;CURITIBA;Acessar a via sem observar a presença dos outros veículos;Colisão lateral mesmo sentido;Com Vítimas Feridas;Pleno dia;Decrescente;Sol;Dupla;"Curva;Interseção de Vias;Aclive";Não;3;0;1;0;1;1;0;3;-25,54206172;-49,31205869;SPRF-PR;DEL01/PR;UOP06-DEL01-PR
760596;09/03/2026;segunda-feira;18:10:00;PB;104;38;BARRA DE SANTA ROSA;Ausência de reação do condutor;Colisão traseira;Com Vítimas Feridas;Plena Noite;Crescente;Céu Claro;Simples;Reta;Não;2;0;0;1;1;0;0;2;-6,668218;-36,09739;SPRF-PB;DEL02-PB;UOP04-DEL02-PB
760597;25/03/2026;quarta-feira;06:00:00;RO;364;924;PORTO VELHO;Condutor Dormindo;Saída de leito carroçável;Sem Vítimas;Amanhecer;Crescente;Nublado;Simples;Reta;Não;2;0;0;0;0;0;1;2;-9,72123944;-65,34324646;SPRF-RO;DEL01-RO;UOP03-DEL01-RO
760605;25/03/2026;quarta-feira;12:02:00;SP;116;511;CAJATI;Reação tardia ou ineficiente do condutor;Tombamento;Com Vítimas Feridas;Pleno dia;Decrescente;Sol;Simples;"Declive;Curva";Não;2;0;1;0;1;0;0;2;-24,83274424;-48,2147011;SPRF-SP;DEL05/SP;UOP02-DEL05-SP
760606;25/03/2026;quarta-feira;09:00:00;GO;20;184;SIMOLANDIA;Frear bruscamente;Colisão traseira;Com Vítimas Feridas;Pleno dia;Crescente;Nublado;Dupla;Reta;Sim;3;0;1;0;1;1;0;3;-14,462832;-46,479338;SPRF-DF;DEL02-DF;UOP03-DEL02-DF
760608;25/03/2026;quarta-feira;07:50:00;PA;163;617;TRAIRAO;Velocidade Incompatível;Tombamento;Com Vítimas Fatais;Pleno dia;Crescente;Nublado;Simples;Curva;Não;7;1;0;4;4;1;0;5;-4,73283503;-56,04777691;SPRF-PA;DEL05/PA;UOP03-DEL05-PA
760609;25/03/2026;quarta-feira;12:50:00;ES;262;26,5;VIANA;Demais falhas mecânicas ou elétricas;Colisão frontal;Com Vítimas Feridas;Pleno dia;Crescente;Nublado;Simples;"Declive;Curva";Não;4;0;3;1;4;0;0;3;-20,38467;-40,554919;SPRF-ES;DEL01-ES;UOP01-DEL01-ES
760611;25/03/2026;quarta-feira;12:10:00;MG;262;13;MARTINS SOARES;Conversão proibida;Colisão transversal;Com Vítimas Feridas;Pleno dia;Crescente;Céu Claro;Simples;Reta;Não;8;0;1;0;1;6;0;3;-20,2584192;-41,8616814;SPRF-MG;DEL06/MG;UOP03-DEL06-MG
760612;25/03/2026;quarta-feira;12:00:00;RS;470;173;VERANOPOLIS;Transitar na contramão;Colisão lateral sentido oposto;Com Vítimas Feridas;Pleno dia;Crescente;Céu Claro;Simples;"Declive;Reta";Não;3;0;1;0;1;1;0;3;-28,907104;-51,548053;SPRF-RS;DEL06/RS;UOP02-DEL06-RS
760614;25/03/2026;quarta-feira;08:35:00;MT;163;756;SORRISO;Reação tardia ou ineficiente do condutor;Colisão lateral mesmo sentido;Com Vítimas Fatais;Pleno dia;Crescente;Céu Claro;Dupla;"Aclive;Curva";Não;5;1;1;0;1;2;0;6;-12,52875848;-55,7039988;SPRF-MT;DEL06/MT;UOP01-DEL06-MT
760615;25/03/2026;quarta-feira;12:30:00;RN;304;296;MACAIBA;Manobra de mudança de faixa;Colisão lateral mesmo sentido;Com Vítimas Fatais;Pleno dia;Decrescente;Céu Claro;Simples;Reta;Sim;4;1;0;0;0;2;0;4;-5,864298;-35,346173;SPRF-RN;DEL01-RN;UOP02-DEL01-RN
760619;25/03/2026;quarta-feira;12:50:00;MG;381;600,7;CARMOPOLIS DE MINAS;Condutor Dormindo;Colisão traseira;Com Vítimas Feridas;Pleno dia;Crescente;Céu Claro;Dupla;"Reta;Aclive";Não;3;0;1;0;1;1;0;5;-20,605342;-44,723788;SPRF-MG;DEL04/MG;UOP01-DEL04-MG
760626;25/03/2026;quarta-feira;13:10:00;SE;101;182;UMBAUBA;Demais falhas mecânicas ou elétricas;Colisão com objeto;Sem Vítimas;Pleno dia;Decrescente;Céu Claro;Simples;Reta;Sim;4;0;0;0;0;3;0;3;-11,374833;-37,656805;SPRF-SE;DEL02-SE;UOP03-DEL02-SE
760627;25/03/2026;quarta-feira;13:50:00;PR;376;625;SAO JOSE DOS PINHAIS;Reação tardia ou ineficiente do condutor;Colisão traseira;Com Vítimas Feridas;Pleno dia;Crescente;Céu Claro;Múltipla;Reta;Sim;4;0;1;0;1;2;0;5;-25,662386;-49,154919;SPRF-PR;DEL01/PR;UOP04-DEL01-PR
760630;25/03/2026;quarta-feira;10:15:00;RJ;116;230,3;PIRAI;Demais falhas mecânicas ou elétricas;Incêndio;Sem Vítimas;Pleno dia;Decrescente;Céu Claro;Dupla;Curva;Não;1;0;0;0;0;1;0;1;-22,67147333;-43,82891921;SPRF-RJ;DEL07/RJ;UOP01-DEL07-RJ
760631;25/03/2026;quarta-feira;14:45:00;SC;101;144;ITAPEMA;Trafegar com motocicleta (ou similar) entre as faixas;Colisão traseira;Com Vítimas Feridas;Pleno dia;Crescente;Céu Claro;Dupla;Reta;Sim;3;0;1;0;1;2;0;3;-27,07540013;-48,597742;SPRF-SC;DEL04/SC;UOP03-DEL04-SC
760635;25/03/2026;quarta-feira;15:40:00;PR;277;67,9;SAO JOSE DOS PINHAIS;Acessar a via sem observar a presença dos outros veículos;Colisão lateral mesmo sentido;Sem Vítimas;Pleno dia;Crescente;Céu Claro;Dupla;Reta;Sim;3;0;0;0;0;2;0;4;-25,52203373;-49,10442352;SPRF-PR;DEL01/PR;UOP01-DEL01-PR
760638;23/03/2026;segunda-feira;17:00:00;GO;452;62;MAURILANDIA;Demais falhas mecânicas ou elétricas;Incêndio;Sem Vítimas;Pleno dia;Crescente;Ignorado;Múltipla;"Aclive;Reta";Não;2;0;0;0;0;0;1;2;-18,003883;-50,372037;SPRF-GO;DEL04/GO;UOP01-DEL04-GO
760654;25/03/2026;quarta-feira;15:50:00;MG;116;699,5;MURIAE;Acessar a via sem observar a presença dos outros veículos;Colisão transversal;Com Vítimas Feridas;Pleno dia;Crescente;Céu Claro;Simples;"Reta;Interseção de Vias";Sim;3;0;1;1;2;0;0;4;-21,10267813;-42,37852693;SPRF-MG;DEL07/MG;UOP02-DEL07-MG
760655;25/03/2026;quarta-feira;16:35:00;SP;116;76,3;ROSEIRA;Reação tardia ou ineficiente do condutor;Colisão lateral mesmo sentido;Sem Vítimas;Pleno dia;Decrescente;Céu Claro;Dupla;"Reta;Em Obras";Não;2;0;0;0;0;1;0;2;-22,87688691;-45,27058125;SPRF-SP;DEL08/SP;UOP01-DEL08-SP
760663;25/03/2026;quarta-feira;18:00:00;PB;230;17,8;JOAO PESSOA;Manobra de mudança de faixa;Colisão lateral mesmo sentido;Com Vítimas Feridas;Plena Noite;Crescente;Céu Claro;Dupla;Reta;Sim;3;0;2;0;2;0;0;2;-7,118552;-34,844515;SPRF-PB;DEL01-PB;UOP01-DEL01-PB
760668;25/03/2026;quarta-feira;17:50:00;MG;50;59;UBERLANDIA;Reação tardia ou ineficiente do condutor;Colisão traseira;Com Vítimas Feridas;Anoitecer;Crescente;Sol;Dupla;"Curva;Aclive";Não;3;0;1;0;1;1;0;5;-18,80431795;-48,24052759;SPRF-MG;DEL15/MG;UOP02-DEL15-MG
760674;25/03/2026;quarta-feira;18:10:00;MG;116;276;TEOFILO OTONI;Reação tardia ou ineficiente do condutor;Colisão traseira;Com Vítimas Feridas;Anoitecer;Decrescente;Nublado;Simples;Reta;Sim;3;0;1;0;1;1;0;2;-17,853212;-41,514238;SPRF-MG;DEL11/MG;UOP01-DEL11-MG
760679;25/03/2026;quarta-feira;18:00:00;SC;153;97,5;CONCORDIA;Ausência de reação do condutor;Colisão lateral sentido oposto;Com Vítimas Fatais;Anoitecer;Crescente;Céu Claro;Simples;Curva;Sim;3;1;0;0;0;1;0;3;-27,23142342;-51,95230412;SPRF-SC;DEL07/SC;UOP04-DEL07-SC
760680;25/03/2026;quarta-feira;16:00:00;RS;470;261;SALVADOR DO SUL;Acessar a via sem observar a presença dos outros veículos;Colisão transversal;Com Vítimas Feridas;Pleno dia;Crescente;Nevoeiro/Neblina;Simples;Reta;Não;5;0;1;0;1;3;0;3;-29,47503167;-51,48842333;SPRF-RS;DEL06/RS;UOP01-DEL06-RS
760685;25/03/2026;quarta-feira;19:12:00;PE;101;80,8;JABOATAO DOS GUARARAPES;Acessar a via sem observar a presença dos outros veículos;Colisão lateral sentido oposto;Com Vítimas Feridas;Pleno dia;Decrescente;Céu Claro;Dupla;Reta;Sim;3;0;1;0;1;1;0;3;-8,15948356;-34,94058355;SPRF-PE;DEL01/PE;UOP01-DEL01-PE
760686;25/03/2026;quarta-feira;19:15:00;RS;116;454;SAO LOURENCO DO SUL;Acessar a via sem observar a presença dos outros veículos;Colisão transversal;Com Vítimas Feridas;Plena Noite;Crescente;Chuva;Dupla;Reta;Não;3;0;1;0;1;1;0;4;-31,21998448;-52,01171207;SPRF-RS;DEL02/RS;UOP02-DEL02-RS
760689;25/03/2026;quarta-feira;16:30:00;SC;116;111,1;SANTA CECILIA;Acessar a via sem observar a presença dos outros veículos;Colisão transversal;Com Vítimas Feridas;Pleno dia;Crescente;Céu Claro;Simples;Reta;Não;5;0;1;0;1;3;0;5;-26,76554832;-50,35147759;SPRF-SC;DEL06/SC;UOP02-DEL06-SC
760693;25/03/2026;quarta-feira;21:05:00;SC;101;216;PALHOCA;Acessar a via sem observar a presença dos outros veículos;Colisão lateral mesmo sentido;Com Vítimas Feridas;Plena Noite;Crescente;Céu Claro;Simples;"Retorno Regulamentado;Viaduto";Sim;3;0;1;0;1;1;0;3;-27,65350613;-48,67756454;SPRF-SC;DEL01/SC;UOP02-DEL01-SC
760694;25/03/2026;quarta-feira;20:30:00;MT;163;26,3;ITIQUIRA;Transitar na contramão;Colisão frontal;Com Vítimas Fatais;Plena Noite;Crescente;Chuva;Simples;Em Obras;Não;5;2;0;0;0;1;0;4;-17,284699;-54,764452;SPRF-MT;DEL02/MT;UOP03-DEL02-MT
760697;25/03/2026;quarta-feira;20:30:00;PR;277;134;CAMPO LARGO;Reação tardia ou ineficiente do condutor;Atropelamento de Pedestre;Com Vítimas Fatais;Plena Noite;Crescente;Céu Claro;Dupla;"Curva;Interseção de Vias";Não;3;1;0;0;0;1;0;3;-25,44959;-49,6134;SPRF-PR;DEL01/PR;UOP07-DEL01-PR
760705;25/03/2026;quarta-feira;22:20:00;PR;376;669;GUARATUBA;Velocidade Incompatível;Colisão lateral mesmo sentido;Com Vítimas Feridas;Plena Noite;Crescente;Céu Claro;Dupla;"Declive;Curva";Não;2;0;1;0;1;1;0;2;-25,87561296;-48,93642822;SPRF-PR;DEL01/PR;UOP04-DEL01-PR
760707;25/03/2026;quarta-feira;21:20:00;SP;381;79;SAO PAULO;Velocidade Incompatível;Tombamento;Sem Vítimas;Plena Noite;Decrescente;Céu Claro;Dupla;"Aclive;Curva;Interseção de Vias";Sim;2;0;0;0;0;1;0;3;-23,41168628;-46,58131108;SPRF-SP;DEL03/SP;UOP01-DEL03-SP
760714;25/03/2026;quarta-feira;19:20:00;MG;365;155;PIRAPORA;Animais na Pista;Atropelamento de Animal;Sem Vítimas;Plena Noite;Decrescente;Nublado;Simples;Reta;Não;5;0;0;0;0;5;0;2;-17,312715;-44,895315;SPRF-MG;DEL10/MG;UOP02-DEL010-MG
760721;25/03/2026;quarta-feira;22:50:00;PR;476;149;ARAUCARIA;Ingestão de álcool pelo condutor;Saída de leito carroçável;Sem Vítimas;Plena Noite;Crescente;Céu Claro;Dupla;Reta;Sim;2;0;0;0;0;1;0;2;-25,55775268;-49,35773282;SPRF-PR;DEL01/PR;UOP06-DEL01-PR
760725;26/03/2026;quinta-feira;00:07:00;PE;101;61;RECIFE;Pedestre cruzava a pista fora da faixa;Atropelamento de Pedestre;Com Vítimas Fatais;Plena Noite;Crescente;Chuva;Dupla;Reta;Sim;2;1;0;0;0;0;0;2;-8,00889642;-34,93763099;SPRF-PE;DEL01/PE;UOP02-DEL01-PE
760726;26/03/2026;quinta-feira;03:10:00;PR;277;39;MORRETES;Condutor Dormindo;Colisão traseira;Com Vítimas Feridas;Plena Noite;Decrescente;Nublado;Dupla;Curva;Não;3;0;1;0;1;1;0;4;-25,577215;-48,859172;SPRF-PR;DEL01/PR;UOP05-DEL01-PR
760727;25/03/2026;quarta-feira;23:20:00;PI;316;149;ELESBAO VELOSO;Objeto estático sobre o leito carroçável;Saída de leito carroçável;Com Vítimas Feridas;Plena Noite;Crescente;Chuva;Simples;Reta;Não;1;0;1;0;1;0;0;1;-6,117237;-42,167395;SPRF-PI;DEL04-PI;UOP02-DEL04-PI
760730;26/03/2026;quinta-feira;02:30:00;MG;262;544,8;LUZ;Velocidade Incompatível;Tombamento;Com Vítimas Feridas;Plena Noite;Decrescente;Céu Claro;Simples;Curva;Não;2;0;0;1;1;0;0;2;-19,707562;-45,920964;SPRF-MG;DEL08/MG;UOP02-DEL08-MG
760731;26/03/2026;quinta-feira;05:10:00;MG;262;195;JOAO MONLEVADE;Reação tardia ou ineficiente do condutor;Tombamento;Com Vítimas Feridas;Amanhecer;Crescente;Céu Claro;Simples;"Reta;Interseção de Vias";Não;1;0;1;0;1;0;0;1;-19,86066;-43,111825;SPRF-MG;DEL03/MG;UOP01-DEL03-MG
760734;26/03/2026;quinta-feira;05:25:00;PE;101;66,1;RECIFE;Acumulo de água sobre o pavimento;Colisão lateral mesmo sentido;Com Vítimas Feridas;Amanhecer;Decrescente;Chuva;Dupla;"Reta;Declive";Sim;3;0;0;1;1;1;0;3;-8,0337;-34,94193;SPRF-PE;DEL01/PE;UOP01-DEL01-PE
760737;26/03/2026;quinta-feira;06:41:00;ES;101;283;CARIACICA;Ultrapassagem Indevida;Colisão frontal;Com Vítimas Feridas;Pleno dia;Decrescente;Céu Claro;Simples;"Aclive;Curva";Não;3;0;1;0;1;1;0;3;-20,234445;-40,369256;SPRF-ES;DEL01-ES;UOP01-DEL01-ES
760739;26/03/2026;quinta-feira;06:30:00;ES;259;54,2;COLATINA;Condutor deixou de manter distância do veículo da frente;Colisão traseira;Com Vítimas Feridas;Pleno dia;Crescente;Céu Claro;Dupla;"Aclive;Reta";Não;3;0;2;0;2;1;0;2;-19,49707;-40,645821;SPRF-ES;DEL02-ES;UOP01-DEL02-ES
760740;26/03/2026;quinta-feira;06:15:00;BA;415;59;ITABUNA;Chuva;Eventos atípicos;Com Vítimas Fatais;Amanhecer;Crescente;Garoa/Chuvisco;Simples;Reta;Não;6;2;0;0;0;4;0;2;-14,852;-39,39;SPRF-BA;DEL05/BA;UOP01-DEL05-BA
760742;26/03/2026;quinta-feira;07:00:00;BA;324;577;CANDEIAS;Demais falhas mecânicas ou elétricas;Colisão com objeto;Sem Vítimas;Pleno dia;Decrescente;Céu Claro;Dupla;Reta;Não;3;0;0;0;0;2;0;4;-12,61194711;-38,48938538;SPRF-BA;DEL01/BA;UOP01-DEL01-BA
760752;26/03/2026;quinta-feira;06:30:00;MG;40;286;TRES MARIAS;Condutor Dormindo;Colisão frontal;Com Vítimas Feridas;Pleno dia;Crescente;Céu Claro;Simples;Reta;Não;3;0;1;0;1;1;0;3;-18,25558;-45,15957;SPRF-MG;DEL14/MG;UOP02-DEL14-MG
760753;26/03/2026;quinta-feira;07:00:00;SC;282;30;SANTO AMARO DA IMPERATRIZ;Acumulo de areia ou detritos sobre o pavimento;Derramamento de carga;Com Vítimas Feridas;Pleno dia;Crescente;Céu Claro;Simples;Curva;Sim;3;0;1;1;2;1;0;3;-27,70654085;-48,84052277;SPRF-SC;DEL01/SC;UOP03-DEL01-SC
760754;26/03/2026;quinta-feira;06:35:00;MG;381;521,8;BRUMADINHO;Velocidade Incompatível;Saída de leito carroçável;Com Vítimas Feridas;Pleno dia;Crescente;Céu Claro;Dupla;"Curva;Declive";Não;2;0;0;1;1;0;0;2;-20,122909;-44,300529;SPRF-MG;DEL04/MG;UOP03-DEL04-MG
760762;26/03/2026;quinta-feira;04:00:00;BA;101;559;MASCOTE;Condutor deixou de manter distância do veículo da frente;Colisão traseira;Com Vítimas Feridas;Amanhecer;Crescente;Chuva;Simples;"Reta;Aclive";Não;3;0;1;0;1;1;0;4;-15,50396;-39,43322;SPRF-BA;DEL05/BA;UOP02-DEL05-BA
760765;26/03/2026;quinta-feira;07:30:00;BA;324;615;SALVADOR;Trafegar com motocicleta (ou similar) entre as faixas;Colisão lateral mesmo sentido;Com Vítimas Feridas;Pleno dia;Crescente;Nublado;Dupla;"Reta;Declive";Sim;4;0;1;0;1;2;0;5;-12,88303402;-38,4335916;SPRF-BA;DEL01/BA;UOP01-DEL01-BA
760769;26/03/2026;quinta-feira;08:00:00;GO;153;507;APARECIDA DE GOIANIA;Trafegar com motocicleta (ou similar) entre as faixas;Tombamento;Com Vítimas Feridas;Pleno dia;Decrescente;Céu Claro;Dupla;Reta;Sim;3;0;1;0;1;1;0;3;-16,768365;-49,239432;SPRF-GO;DEL01/GO;UOP03-DEL01-GO
760772;26/03/2026;quinta-feira;09:00:00;PE;101;66;RECIFE;Reação tardia ou ineficiente do condutor;Colisão traseira;Com Vítimas Feridas;Pleno dia;Decrescente;Céu Claro;Dupla;"Reta;Interseção de Vias";Não;3;0;1;0;1;2;0;3;-8,04163;-34,94286;SPRF-PE;DEL01/PE;UOP01-DEL01-PE
760782;08/01/2026;quinta-feira;21:30:00;PE;101;44,9;IGARASSU;Ingestão de álcool pelo condutor;Colisão traseira;Com Vítimas Feridas;Plena Noite;Crescente;Nublado;Múltipla;Reta;Sim;2;0;1;0;1;1;0;2;-7,864;-34,908;SPRF-PE;DEL01/PE;UOP02-DEL01-PE
760783;26/03/2026;quinta-feira;10:30:00;PR;369;156,3;LONDRINA;Reação tardia ou ineficiente do condutor;Colisão traseira;Com Vítimas Feridas;Pleno dia;Decrescente;Céu Claro;Dupla;Reta;Sim;2;0;1;0;1;1;0;2;-23,29001;-51,220892;SPRF-PR;DEL07/PR;UOP01-DEL07-PR
760785;26/03/2026;quinta-feira;09:00:00;SC;101;103;BALNEARIO PICARRAS;Trafegar com motocicleta (ou similar) entre as faixas;Colisão traseira;Com Vítimas Feridas;Pleno dia;Crescente;Céu Claro;Dupla;Reta;Não;4;0;0;1;1;2;0;5;-26,78170584;-48,68368149;SPRF-SC;DEL03/SC;UOP02-DEL03-SC
760786;26/03/2026;quinta-feira;06:54:00;MT;364;575;NOBRES;Chuva;Tombamento;Com Vítimas Feridas;Pleno dia;Decrescente;Chuva;Dupla;"Declive;Curva";Não;2;0;1;0;1;0;0;3;-14,62174478;-56,26360685;SPRF-MT;DEL01/MT;UOP01-DEL01-MT
760788;03/03/2026;terça-feira;06:30:00;MS;262;400;TERENOS;Problema com o freio;Incêndio;Sem Vítimas;Pleno dia;Decrescente;Céu Claro;Simples;Reta;Não;2;0;0;0;0;1;0;2;-20,4288306;-55,05974078;SPRF-MS;DEL01/MS;UOP03-DEL01-MS
760792;26/03/2026;quinta-feira;10:30:00;RN;304;303;PARNAMIRIM;Demais falhas mecânicas ou elétricas;Incêndio;Sem Vítimas;Pleno dia;Crescente;Céu Claro;Dupla;Reta;Não;1;0;0;0;0;1;0;1;-5,8850914;-35,2813411;SPRF-RN;DEL01-RN;UOP02-DEL01-RN
760794;26/03/2026;quinta-feira;06:36:00;MT;364;574,9;NOBRES;Chuva;Saída de leito carroçável;Com Vítimas Feridas;Pleno dia;Decrescente;Chuva;Dupla;"Declive;Reta";Não;1;0;0;1;1;0;0;1;-14,62753945;-56,26839057;SPRF-MT;DEL01/MT;UOP01-DEL01-MT
760795;26/03/2026;quinta-feira;10:00:00;GO;20;110;FLORES DE GOIAS;Demais falhas mecânicas ou elétricas;Colisão frontal;Com Vítimas Feridas;Pleno dia;Crescente;Nublado;Simples;Reta;Não;5;0;0;1;1;3;0;4;-14,903783;-46,917668;SPRF-DF;DEL02-DF;UOP03-DEL02-DF
760804;26/03/2026;quinta-feira;11:50:00;SC;101;260;PAULO LOPES;Ausência de sinalização;Colisão traseira;Com Vítimas Feridas;Pleno dia;Crescente;Sol;Dupla;"Reta;Declive";Não;10;0;3;1;4;5;0;9;-28,023093;-48,702793;SPRF-SC;DEL02/SC;UOP03-DEL02-SC
760806;06/03/2026;sexta-feira;22:25:00;RJ;40;1,2;COMENDADOR LEVY GASPARIAN;Reação tardia ou ineficiente do condutor;Tombamento;Com Vítimas Feridas;Plena Noite;Decrescente;Céu Claro;Dupla;Curva;Não;4;0;1;0;1;2;0;4;-22,0094241;-43,26078979;SPRF-RJ;DEL05/RJ;UOP02-DEL05-RJ
760807;26/03/2026;quinta-feira;11:05:00;RS;470;216;BENTO GONCALVES;Acessar a via sem observar a presença dos outros veículos;Colisão transversal;Com Vítimas Feridas;Pleno dia;Decrescente;Céu Claro;Dupla;"Reta;Retorno Regulamentado";Sim;2;0;1;0;1;1;0;2;-29,17119384;-51,52454702;SPRF-RS;DEL06/RS;UOP01-DEL06-RS
760809;26/03/2026;quinta-feira;12:07:00;GO;40;69;CRISTALINA;Reação tardia ou ineficiente do condutor;Saída de leito carroçável;Com Vítimas Feridas;Pleno dia;Decrescente;Nublado;Dupla;Reta;Não;2;0;1;0;1;1;0;1;-16,602586;-47,771768;SPRF-DF;DEL01-DF;UOP02-DEL01-DF
760821;26/03/2026;quinta-feira;12:55:00;RO;364;668;CANDEIAS DO JAMARI;Pista Escorregadia;Colisão frontal;Com Vítimas Feridas;Pleno dia;Crescente;Chuva;Simples;"Aclive;Reta";Não;4;0;0;1;1;1;0;9;-8,7751;-63,4923;SPRF-RO;DEL01-RO;UOP01-DEL01-RO
760831;26/03/2026;quinta-feira;13:50:00;RO;364;226,7;CACOAL;Ultrapassagem Indevida;Colisão lateral sentido oposto;Com Vítimas Feridas;Pleno dia;Decrescente;Chuva;Simples;"Reta;Aclive;Interseção de Vias";Não;7;0;1;3;4;2;0;7;-11,49855;-61,372245;SPRF-RO;DEL02-RO;UOP02-DEL02-RO
760833;26/03/2026;quinta-feira;15:20:00;SE;101;77;LARANJEIRAS;Ultrapassagem Indevida;Colisão frontal;Com Vítimas Feridas;Pleno dia;Decrescente;Céu Claro;Simples;Reta;Sim;3;0;0;1;1;1;0;4;-10,7771984;-37,13572025;SPRF-SE;DEL01-SE;UOP01-DEL01-SE
760835;26/03/2026;quinta-feira;15:40:00;MG;381;423;SABARA;Reação tardia ou ineficiente do condutor;Colisão traseira;Sem Vítimas;Pleno dia;Crescente;Céu Claro;Simples;Curva;Não;3;0;0;0;0;2;0;4;-19,78675;-43,68834;SPRF-MG;DEL01/MG;UOP01-DEL01-MG
760841;26/03/2026;quinta-feira;15:20:00;SP;153;32,9;NOVA GRANADA;Acumulo de óleo sobre o pavimento;Colisão com objeto;Com Vítimas Feridas;Pleno dia;Decrescente;Chuva;Simples;"Declive;Reta";Não;6;0;1;0;1;4;0;6;-20,564319;-49,319868;SPRF-SP;DEL09/SP;UOP01-DEL09-SP
760844;26/03/2026;quinta-feira;15:25:00;SC;116;40,5;ITAIOPOLIS;Transitar na contramão;Saída de leito carroçável;Sem Vítimas;Pleno dia;Crescente;Céu Claro;Simples;Curva;Não;3;0;0;0;0;2;0;3;-26,33947;-50,05718;SPRF-SC;DEL06/SC;UOP01-DEL06-SC
760845;26/03/2026;quinta-feira;14:18:00;PI;230;266;NAZARE DO PIAUI;Reação tardia ou ineficiente do condutor;Colisão traseira;Com Vítimas Feridas;Pleno dia;Decrescente;Céu Claro;Simples;"Declive;Curva";Sim;3;0;0;1;1;1;0;3;-6,96582;-42,67214;SPRF-PI;DEL03-PI;UOP01-DEL03-PI
760846;26/03/2026;quinta-feira;14:30:00;MG;381;520,1;IGARAPE;Condutor Dormindo;Colisão traseira;Com Vítimas Feridas;Pleno dia;Crescente;Céu Claro;Dupla;"Reta;Aclive";Sim;8;0;6;0;6;2;0;2;-20,1137656;-44,3072704;SPRF-MG;DEL01/MG;UOP03-DEL01-MG
760848;26/03/2026;quinta-feira;13:45:00;PB;230;150,3;CAMPINA GRANDE;Suicídio (presumido);Atropelamento de Pedestre;Com Vítimas Feridas;Pleno dia;Decrescente;Céu Claro;Dupla;Reta;Sim;3;0;0;1;1;1;0;2;-7,256465;-35,87616;SPRF-PB;DEL02-PB;UOP01-DEL02-PB
760852;26/03/2026;quinta-feira;16:10:00;MG;40;517;RIBEIRAO DAS NEVES;Trafegar com motocicleta (ou similar) entre as faixas;Colisão transversal;Com Vítimas Feridas;Pleno dia;Crescente;Céu Claro;Dupla;"Reta;Retorno Regulamentado";Sim;2;0;1;0;1;1;0;2;-19,8294276;-44,083061;SPRF-MG;DEL01/MG;UOP02-DEL01-MG
760858;26/03/2026;quinta-feira;14:30:00;PE;101;109;CABO DE SANTO AGOSTINHO;Velocidade Incompatível;Tombamento;Com Vítimas Feridas;Pleno dia;Crescente;Céu Claro;Dupla;Curva;Não;1;0;1;0;1;0;0;1;-8,31461077;-35,10397338;SPRF-PE;DEL01/PE;UOP03-DEL01-PE
760865;26/03/2026;quinta-feira;16:30:00;SC;101;369;ICARA;Velocidade Incompatível;Colisão traseira;Com Vítimas Feridas;Pleno dia;Crescente;Céu Claro;Dupla;Reta;Não;2;0;0;1;1;1;0;2;-28,703138;-49,199547;SPRF-SC;DEL02/SC;UOP01-DEL02-SC
760870;26/03/2026;quinta-feira;16:30:00;RS;293;65;CERRITO;Reação tardia ou ineficiente do condutor;Colisão traseira;Com Vítimas Feridas;Pleno dia;Crescente;Chuva;Simples;Aclive;Não;5;0;1;1;2;1;0;4;-31,72712887;-52,86100767;SPRF-RS;DEL07/RS;UOP01-DEL07-RS
760875;26/03/2026;quinta-feira;16:35:00;RJ;40;119;DUQUE DE CAXIAS;Manobra de mudança de faixa;Colisão lateral mesmo sentido;Com Vítimas Feridas;Pleno dia;Crescente;Céu Claro;Dupla;Reta;Sim;2;0;1;0;1;0;0;2;-22,7703297;-43,286478;SPRF-RJ;DEL01/RJ;UOP02-DEL01-RJ
760879;26/03/2026;quinta-feira;17:35:00;PE;101;88;JABOATAO DOS GUARARAPES;Ausência de reação do condutor;Colisão traseira;Com Vítimas Feridas;Anoitecer;Decrescente;Céu Claro;Dupla;Reta;Não;2;0;1;0;1;1;0;2;-8,20185;-34,97966;SPRF-PE;DEL01/PE;UOP01-DEL01-PE
760883;26/03/2026;quinta-feira;18:20:00;BA;330;792,7;JEQUIE;Manobra de mudança de faixa;Colisão frontal;Com Vítimas Fatais;Anoitecer;Crescente;Nublado;Simples;Reta;Não;4;1;0;1;1;1;0;3;-13,8919769;-40,0238203;SPRF-BA;DEL03/BA;UOP01-DEL03-BA
760884;26/03/2026;quinta-feira;18:00:00;MG;40;725,8;BARBACENA;Ausência de reação do condutor;Tombamento;Com Vítimas Feridas;Anoitecer;Crescente;Céu Claro;Dupla;Reta;Não;2;0;1;0;1;0;0;2;-21,30378796;-43,61533252;SPRF-MG;DEL05/MG;UOP01-DEL05-MG
760889;26/03/2026;quinta-feira;15:20:00;SC;101;10;GARUVA;Trafegar com motocicleta (ou similar) entre as faixas;Colisão lateral mesmo sentido;Com Vítimas Feridas;Pleno dia;Crescente;Céu Claro;Dupla;Reta;Sim;3;0;1;0;1;1;0;3;-26,06534143;-48,86038542;SPRF-SC;DEL03/SC;UOP01-DEL03-SC
760904;26/03/2026;quinta-feira;19:00:00;GO;60;405;RIO VERDE;Acessar a via sem observar a presença dos outros veículos;Colisão transversal;Com Vítimas Fatais;Plena Noite;Decrescente;Céu Claro;Dupla;Reta;Não;4;1;0;1;1;1;0;4;-17,815665;-51,114615;SPRF-GO;DEL04/GO;UOP02-DEL04-GO