id;data_inversa;dia_semana;horario;uf;br;km;municipio;causa_acidente;tipo_acidente;classificacao_acidente;fase_dia;sentido_via;condicao_metereologica;tipo_pista;tracado_via;uso_solo;pessoas;mortos;feridos_leves;feridos_graves;feridos;ilesos;ignorados;veiculos;latitude;longitude;regional;delegacia;uop
760909;26/03/2026;quinta-feira;17:15:00;MT;163;827;SINOP;Demais falhas na via;Colisão lateral mesmo sentido;Sem Vítimas;Anoitecer;Decrescente;Garoa/Chuvisco;Simples;"Interseção de Vias;Retorno Regulamentado";Sim;3;0;0;0;0;2;0;4;-11,930343;-55,513378;SPRF-MT;DEL06/MT;UOP02-DEL06-MT
760911;26/03/2026;quinta-feira;19:22:00;SC;116;36,7;ITAIOPOLIS;Ultrapassagem Indevida;Colisão frontal;Com Vítimas Fatais;Plena Noite;Crescente;Nublado;Simples;"Reta;Aclive";Não;3;1;0;0;0;1;0;3;-26,33984528;-50,02079487;SPRF-SC;DEL06/SC;UOP01-DEL06-SC
760912;26/03/2026;quinta-feira;21:00:00;SP;116;184;SANTA ISABEL;Manobra de mudança de faixa;Colisão traseira;Sem Vítimas;Plena Noite;Crescente;Céu Claro;Múltipla;Reta;Não;3;0;0;0;0;3;0;3;-23,35046534;-46,17527604;SPRF-SP;DEL01/SP;UOP01-DEL01-SP
760913;26/03/2026;quinta-feira;15:50:00;RS;116;252;SAPUCAIA DO SUL;Ausência de sinalização;Colisão traseira;Com Vítimas Feridas;Pleno dia;Crescente;Céu Claro;Dupla;"Reta;Em Obras";Sim;3;0;2;0;2;0;0;3;-29,80193577;-51,16599494;SPRF-RS;DEL01/RS;UOP02-DEL01-RS
760916;26/03/2026;quinta-feira;19:30:00;MG;116;188,8;CARAI;Transitar na contramão;Colisão frontal;Com Vítimas Fatais;Plena Noite;Crescente;Chuva;Simples;"Declive;Curva";Não;3;1;0;0;0;1;0;3;-17,15353;-41,50169;SPRF-MG;DEL11/MG;UOP01-DEL11-MG
760918;26/03/2026;quinta-feira;21:05:00;BA;116;863,8;VITORIA DA CONQUISTA;Ausência de reação do condutor;Tombamento;Com Vítimas Feridas;Plena Noite;Crescente;Nublado;Simples;Reta;Não;2;0;0;1;1;0;0;2;-15,1577517;-41,0552733;SPRF-BA;DEL08/BA;UOP01-DEL08-BA
760924;26/03/2026;quinta-feira;20:00:00;MG;381;909;CAMANDUCAIA;Reação tardia ou ineficiente do condutor;Colisão traseira;Com Vítimas Feridas;Plena Noite;Decrescente;Céu Claro;Múltipla;Aclive;Não;6;0;0;1;1;4;0;5;-22,6861324;-46,10290289;SPRF-MG;DEL16/MG;UOP03-DEL16-MG
760928;26/03/2026;quinta-feira;18:35:00;GO;153;409,6;PIRENOPOLIS;Iluminação deficiente;Colisão traseira;Com Vítimas Feridas;Plena Noite;Crescente;Céu Claro;Simples;"Reta;Aclive";Não;2;0;1;0;1;0;0;2;-16,08918132;-49,03782964;SPRF-GO;DEL02/GO;UOP02-DEL02-GO
760943;26/03/2026;quinta-feira;19:45:00;SC;470;174;POUSO REDONDO;Ausência de reação do condutor;Colisão traseira;Sem Vítimas;Plena Noite;Crescente;Céu Claro;Simples;"Aclive;Reta";Sim;2;0;0;0;0;2;0;2;-27,2544813;-49,94821278;SPRF-SC;DEL04/SC;UOP02-DEL04-SC
760945;27/03/2026;sexta-feira;00:10:00;SC;101;201,7;SAO JOSE;Ausência de reação do condutor;Colisão traseira;Com Vítimas Fatais;Plena Noite;Decrescente;Nublado;Múltipla;Reta;Sim;4;1;0;0;0;1;0;4;-27,555025;-48,61939;SPRF-SC;DEL01/SC;UOP01-DEL01-SC
760946;26/03/2026;quinta-feira;23:05:00;PR;369;441,7;UBIRATA;Ingestão de álcool pelo condutor;Colisão lateral sentido oposto;Com Vítimas Feridas;Plena Noite;Decrescente;Céu Claro;Simples;"Reta;Declive";Não;3;0;0;1;1;2;0;3;-24,55670811;-53,07737628;SPRF-PR;DEL04/PR;UOP03-DEL04-PR
760947;26/03/2026;quinta-feira;23:50:00;PR;277;15,9;PARANAGUA;Condutor Dormindo;Saída de leito carroçável;Com Vítimas Feridas;Plena Noite;Decrescente;Céu Claro;Dupla;Reta;Não;2;0;1;0;1;0;0;2;-25,550697;-48,671179;SPRF-PR;DEL01/PR;UOP05-DEL01-PR
760948;26/03/2026;quinta-feira;19:00:00;PR;277;159,4;PORTO AMAZONAS;Condutor Dormindo;Saída de leito carroçável;Com Vítimas Feridas;Anoitecer;Decrescente;Céu Claro;Simples;"Aclive;Reta";Não;1;0;1;0;1;0;0;1;-25,47586369;-49,84512015;SPRF-PR;DEL01/PR;UOP07-DEL01-PR
760949;26/03/2026;quinta-feira;21:40:00;MS;158;90,8;PARANAIBA;Ingestão de álcool pelo condutor;Colisão traseira;Sem Vítimas;Plena Noite;Crescente;Ignorado;Simples;Reta;Não;3;0;0;0;0;2;0;3;-19,649108;-51,20581;SPRF-MS;DEL08/MS;UOP01-DEL08-MS
760953;27/03/2026;sexta-feira;01:30:00;MG;262;375;JUATUBA;Demais falhas mecânicas ou elétricas;Saída de leito carroçável;Com Vítimas Feridas;Plena Noite;Crescente;Céu Claro;Dupla;Curva;Não;2;0;1;0;1;1;0;1;-19,935;-44,429;SPRF-MG;DEL01/MG;UOP03-DEL01-MG
760961;27/03/2026;sexta-feira;03:15:00;MT;364;275,3;JACIARA;Pedestre andava na pista;Atropelamento de Pedestre;Com Vítimas Feridas;Plena Noite;Crescente;Ignorado;Simples;Declive;Não;3;0;1;0;1;1;0;5;-15,952385;-54,984;SPRF-MT;DEL05/MT;UOP02-DEL05-MT
760962;27/03/2026;sexta-feira;02:10:00;MG;40;569,9;NOVA LIMA;Demais falhas mecânicas ou elétricas;Incêndio;Sem Vítimas;Plena Noite;Crescente;Céu Claro;Simples;Reta;Não;1;0;0;0;0;1;0;1;-20,207157;-43,973632;SPRF-MG;DEL01/MG;UOP02-DEL01-MG
760963;27/03/2026;sexta-feira;03:30:00;MG;40;677;CARANDAI;Reação tardia ou ineficiente do condutor;Saída de leito carroçável;Com Vítimas Feridas;Plena Noite;Crescente;Ignorado;Simples;Reta;Não;3;0;2;0;2;0;0;2;-21,0201977;-43,7846771;SPRF-MG;DEL05/MG;UOP02-DEL05-MG
760964;27/03/2026;sexta-feira;01:50:00;PR;376;508,7;PONTA GROSSA;Acessar a via sem observar a presença dos outros veículos;Colisão lateral mesmo sentido;Com Vítimas Feridas;Plena Noite;Crescente;Nublado;Dupla;"Reta;Retorno Regulamentado";Não;36;0;2;0;2;34;0;2;-25,246389;-50,02222;SPRF-PR;DEL03/PR;UOP03-DEL03-PR
760966;27/03/2026;sexta-feira;05:20:00;MG;356;271,2;MURIAE;Condutor Dormindo;Tombamento;Com Vítimas Feridas;Amanhecer;Crescente;Céu Claro;Simples;Curva;Não;2;0;1;0;1;0;0;2;-21,129;-42,319;SPRF-MG;DEL07/MG;UOP02-DEL07-MG
760968;27/03/2026;sexta-feira;02:30:00;MT;70;88;GENERAL CARNEIRO;Reação tardia ou ineficiente do condutor;Saída de leito carroçável;Com Vítimas Feridas;Plena Noite;Decrescente;Céu Claro;Simples;Curva;Não;2;0;1;0;1;0;0;2;-15,68077676;-52,81778813;SPRF-MT;DEL07/MT;UOP01-DEL07-MT
760973;26/03/2026;quinta-feira;22:40:00;MG;365;422;PATOS DE MINAS;Ausência de reação do condutor;Colisão traseira;Com Vítimas Feridas;Plena Noite;Decrescente;Céu Claro;Dupla;Aclive;Não;3;0;1;0;1;1;0;3;-18,70245;-46,60428;SPRF-MG;DEL10/MG;UOP01-DEL10-MG
760979;27/03/2026;sexta-feira;05:00:00;RJ;116;253,7;PIRAI;Condutor Dormindo;Colisão traseira;Com Vítimas Feridas;Amanhecer;Decrescente;Céu Claro;Dupla;Curva;Não;2;0;1;0;1;1;0;2;-22,58485052;-44,04281616;SPRF-RJ;DEL07/RJ;UOP01-DEL07-RJ
760981;27/03/2026;sexta-feira;04:13:00;RJ;116;305;RESENDE;Reação tardia ou ineficiente do condutor;Colisão com objeto;Com Vítimas Feridas;Amanhecer;Crescente;Céu Claro;Dupla;Reta;Não;5;0;1;0;1;3;0;4;-22,455127;-44,388553;SPRF-RJ;DEL07/RJ;UOP02-DEL07-RJ
760982;27/03/2026;sexta-feira;05:15:00;MT;364;150,5;PEDRA PRETA;Animais na Pista;Atropelamento de Animal;Com Vítimas Feridas;Amanhecer;Decrescente;Céu Claro;Simples;Reta;Não;3;0;1;0;1;0;0;3;-16,73873572;-54,26783681;SPRF-MT;DEL02/MT;UOP01-DEL02-MT
760988;27/03/2026;sexta-feira;08:30:00;SP;116;137,2;SAO JOSE DOS CAMPOS;Trafegar com motocicleta (ou similar) entre as faixas;Colisão lateral mesmo sentido;Com Vítimas Feridas;Pleno dia;Crescente;Céu Claro;Dupla;Reta;Sim;3;0;1;0;1;2;0;3;-23,152364;-45,786167;SPRF-SP;DEL02/SP;UOP01-DEL02-SP
760989;04/03/2026;quarta-feira;10:30:00;RS;285;441,8;BOZANO;Condutor deixou de manter distância do veículo da frente;Engavetamento;Com Vítimas Feridas;Pleno dia;Decrescente;Céu Claro;Simples;Declive;Não;4;0;1;0;1;2;0;4;-28,36161813;-53,75272393;SPRF-RS;DEL10/RS;UOP01-DEL10-RS
760991;27/03/2026;sexta-feira;08:00:00;SP;116;317;JUQUITIBA;Acessar a via sem observar a presença dos outros veículos;Colisão traseira;Com Vítimas Feridas;Pleno dia;Decrescente;Céu Claro;Dupla;"Aclive;Reta";Não;4;0;3;0;3;1;0;3;-23,92047546;-46,99106201;SPRF-SP;DEL04/SP;UOP03-DEL04-SP
760994;27/03/2026;sexta-feira;08:15:00;SC;101;119;ITAJAI;Condutor deixou de manter distância do veículo da frente;Colisão traseira;Com Vítimas Feridas;Pleno dia;Decrescente;Sol;Múltipla;Reta;Sim;4;0;1;0;1;2;0;3;-26,91248908;-48,71195734;SPRF-SC;DEL04/SC;UOP04-DEL04-SC
761001;27/03/2026;sexta-feira;07:10:00;PB;101;59,2;SANTA RITA;Ausência de reação do condutor;Colisão traseira;Sem Vítimas;Pleno dia;Decrescente;Céu Claro;Dupla;"Aclive;Reta";Não;2;0;0;0;0;2;0;2;-6,99507;-35,06814;SPRF-PB;DEL01-PB;UOP03-DEL01-PB
761005;27/03/2026;sexta-feira;00:48:00;RJ;40;115;DUQUE DE CAXIAS;Condutor Dormindo;Colisão traseira;Com Vítimas Feridas;Plena Noite;Decrescente;Céu Claro;Dupla;Reta;Não;2;0;1;0;1;0;0;2;-22,7270878;-43,2889218;SPRF-RJ;DEL01/RJ;UOP02-DEL01-RJ
761008;27/03/2026;sexta-feira;08:00:00;PR;277;0;PARANAGUA;Demais falhas mecânicas ou elétricas;Incêndio;Sem Vítimas;Pleno dia;Decrescente;Céu Claro;Dupla;Reta;Não;1;0;0;0;0;1;0;1;-25,556198;-48,564369;SPRF-PR;DEL01/PR;UOP05-DEL01-PR
761019;23/03/2026;segunda-feira;00:00:00;BA;116;437;FEIRA DE SANTANA;Demais falhas mecânicas ou elétricas;Incêndio;Sem Vítimas;Plena Noite;Crescente;Céu Claro;Simples;"Reta;Declive";Sim;1;0;0;0;0;0;1;1;-12,329897;-39,063737;SPRF-BA;DEL02/BA;UOP01-DEL02-BA
761021;27/03/2026;sexta-feira;07:30:00;ES;101;399;ITAPEMIRIM;Condutor deixou de manter distância do veículo da frente;Colisão traseira;Com Vítimas Feridas;Pleno dia;Decrescente;Céu Claro;Dupla;Reta;Não;3;0;1;0;1;1;0;2;-20,87867447;-40,96608337;SPRF-ES;DEL03-ES;UOP02-DEL03-ES
761027;27/03/2026;sexta-feira;10:20:00;SP;116;53,4;LORENA;Manobra de mudança de faixa;Colisão traseira;Com Vítimas Feridas;Pleno dia;Decrescente;Céu Claro;Dupla;Reta;Não;4;0;1;0;1;2;0;3;-22,75659978;-45,11301541;SPRF-SP;DEL08/SP;UOP02-DEL08-SP
761031;27/03/2026;sexta-feira;10:15:00;PR;476;167;CONTENDA;Condutor deixou de manter distância do veículo da frente;Colisão lateral mesmo sentido;Com Vítimas Feridas;Pleno dia;Decrescente;Céu Claro;Simples;Reta;Sim;2;0;1;0;1;1;0;2;-25,6545;-49,481068;SPRF-PR;DEL01/PR;UOP06-DEL01-PR
761039;26/03/2026;quinta-feira;19:00:00;RJ;116;9;SEROPEDICA;Suicídio (presumido);Atropelamento de Pedestre;Com Vítimas Feridas;Plena Noite;Crescente;Céu Claro;Simples;Reta;Não;2;0;0;1;1;1;0;2;-22,77150688;-43,67119644;SPRF-RJ;DEL05/RJ;UOP01-DEL05-RJ
761040;22/03/2026;domingo;06:10:00;GO;60;378,8;RIO VERDE;Reação tardia ou ineficiente do condutor;Colisão traseira;Com Vítimas Feridas;Pleno dia;Crescente;Céu Claro;Dupla;"Aclive;Curva";Sim;3;0;1;0;1;1;0;5;-17,772228;-50,886067;SPRF-GO;DEL04/GO;UOP02-DEL04-GO
761046;27/03/2026;sexta-feira;12:00:00;PR;116;102,9;SAO JOSE DOS PINHAIS;Acessar a via sem observar a presença dos outros veículos;Colisão lateral mesmo sentido;Com Vítimas Feridas;Pleno dia;Crescente;Céu Claro;Dupla;"Reta;Interseção de Vias";Não;5;0;1;0;1;3;0;3;-25,56911202;-49,18243138;SPRF-PR;DEL01/PR;UOP08-DEL01-PR
761048;27/03/2026;sexta-feira;07:30:00;MT;70;523;VARZEA GRANDE;Acessar a via sem observar a presença dos outros veículos;Colisão transversal;Com Vítimas Feridas;Pleno dia;Crescente;Céu Claro;Simples;Reta;Sim;3;0;1;0;1;1;0;5;-15,656696;-56,189656;SPRF-MT;DEL01/MT;UOP02-DEL01-MT
761053;27/03/2026;sexta-feira;11:10:00;BA;242;425;SEABRA;Ausência de reação do condutor;Colisão frontal;Com Vítimas Fatais;Pleno dia;Decrescente;Céu Claro;Simples;Reta;Não;3;1;0;0;0;1;0;7;-12,407117;-41,854397;SPRF-BA;DEL06/BA;UOP01-DEL06-BA
761056;27/03/2026;sexta-feira;13:00:00;PR;369;86;CORNELIO PROCOPIO;Velocidade Incompatível;Tombamento;Com Vítimas Feridas;Pleno dia;Decrescente;Céu Claro;Simples;"Declive;Curva";Não;1;0;1;0;1;0;0;1;-23,20612528;-50,65544649;SPRF-PR;DEL07/PR;UOP05-DEL07-PR
761065;27/03/2026;sexta-feira;13:40:00;BA;367;62;PORTO SEGURO;Carga excessiva e/ou mal acondicionada;Colisão lateral sentido oposto;Com Vítimas Feridas;Pleno dia;Decrescente;Nublado;Simples;Reta;Não;2;0;1;0;1;1;0;2;-16,394786;-39,406732;SPRF-BA;DEL09/BA;UOP03-DEL09-BA
761071;27/03/2026;sexta-feira;13:10:00;CE;222;226,3;SOBRAL;Desrespeitar a preferência no cruzamento;Colisão transversal;Com Vítimas Feridas;Pleno dia;Crescente;Céu Claro;Simples;Reta;Sim;3;0;1;1;2;1;0;2;-3,70140805;-40,36809174;SPRF-CE;DEL04/CE;UOP01-DEL04-CE
761075;18/03/2026;quarta-feira;10:40:00;MS;163;685;RIO VERDE DE MATO GROSSO;Ingestão de álcool pelo condutor;Colisão traseira;Com Vítimas Feridas;Pleno dia;Decrescente;Nublado;Simples;Reta;Não;3;0;0;1;1;1;0;3;-18,879458;-54,837692;SPRF-MS;DEL06/MS;UOP01-DEL06-MS
761079;27/03/2026;sexta-feira;10:43:00;MT;364;348;SANTO ANTONIO DO LEVERGER;Problema com o freio;Colisão lateral mesmo sentido;Sem Vítimas;Pleno dia;Crescente;Chuva;Dupla;"Declive;Reta";Não;4;0;0;0;0;3;0;6;-15,7937986;-55,5754137;SPRF-MT;DEL05/MT;UOP02-DEL05-MT
761082;27/03/2026;sexta-feira;13:00:00;MT;163;628;NOVA MUTUM;Ausência de reação do condutor;Colisão traseira;Com Vítimas Feridas;Pleno dia;Crescente;Nublado;Dupla;Reta;Não;4;0;2;0;2;1;0;5;-13,548963;-56,0277683;SPRF-MT;DEL01/MT;UOP01-DEL01-MT
761083;27/03/2026;sexta-feira;15:41:00;RS;386;338;LAJEADO;Reação tardia ou ineficiente do condutor;Colisão traseira;Com Vítimas Feridas;Pleno dia;Decrescente;Sol;Dupla;"Reta;Aclive";Não;2;0;1;0;1;1;0;2;-29,40401348;-52,03653858;SPRF-RS;DEL04/RS;UOP01-DEL04-RS
761085;11/03/2026;quarta-feira;12:25:00;MS;158;45;PARANAIBA;Mal súbito do condutor;Saída de leito carroçável;Com Vítimas Feridas;Pleno dia;Crescente;Chuva;Simples;Reta;Não;2;0;1;0;1;0;0;3;-19,33355;-51,43976;SPRF-MS;DEL08/MS;UOP01-DEL08-MS
761086;27/03/2026;sexta-feira;13:20:00;MA;135;68,4;SANTA RITA;Transitar no Acostamento;Colisão traseira;Com Vítimas Fatais;Pleno dia;Crescente;Nublado;Simples;Reta;Não;3;1;0;0;0;1;0;3;-3,124763;-44,324205;SPRF-MA;DEL01-MA;UOP02-DEL01-MA
761089;27/03/2026;sexta-feira;14:45:00;SP;153;321;RIBEIRAO DO SUL;Acessar a via sem observar a presença dos outros veículos;Colisão traseira;Sem Vítimas;Pleno dia;Decrescente;Céu Claro;Simples;Interseção de Vias;Não;4;0;0;0;0;4;0;2;-22,77412838;-49,88952605;SPRF-SP;DEL07/SP;UOP03-DEL07-SP
761091;27/03/2026;sexta-feira;16:35:00;SC;101;213;PALHOCA;Manobra de mudança de faixa;Colisão lateral mesmo sentido;Sem Vítimas;Pleno dia;Crescente;Céu Claro;Múltipla;Reta;Sim;3;0;0;0;0;2;0;3;-27,63743;-48,6655;SPRF-SC;DEL01/SC;UOP02-DEL01-SC
761095;27/03/2026;sexta-feira;16:00:00;PB;230;18,8;JOAO PESSOA;Problema com o freio;Engavetamento;Sem Vítimas;Pleno dia;Crescente;Céu Claro;Dupla;Reta;Sim;4;0;0;0;0;3;0;4;-7,1289086;-34,84900977;SPRF-PB;DEL01-PB;UOP01-DEL01-PB
761101;27/03/2026;sexta-feira;15:40:00;RS;392;144;CANGUCU;Ingestão de álcool pelo condutor;Colisão traseira;Sem Vítimas;Pleno dia;Decrescente;Céu Claro;Simples;Curva;Não;4;0;0;0;0;3;0;5;-31,22039214;-52,82142978;SPRF-RS;DEL07/RS;UOP01-DEL07-RS
761102;27/03/2026;sexta-feira;16:10:00;MA;135;4;SAO LUIS;Condutor deixou de manter distância do veículo da frente;Colisão traseira;Sem Vítimas;Pleno dia;Decrescente;Céu Claro;Dupla;Reta;Sim;9;0;0;0;0;8;0;5;-2,623062;-44,259012;SPRF-MA;DEL01-MA;UOP01-DEL01-MA
761104;27/03/2026;sexta-feira;17:26:00;RS;116;254;SAPUCAIA DO SUL;Ausência de reação do condutor;Colisão traseira;Com Vítimas Feridas;Pleno dia;Crescente;Céu Claro;Múltipla;Reta;Sim;2;0;1;0;1;1;0;2;-29,82396048;-51,17195455;SPRF-RS;DEL01/RS;UOP02-DEL01-RS
761110;27/03/2026;sexta-feira;11:45:00;RR;174;210;RORAINOPOLIS;Transitar na contramão;Colisão lateral sentido oposto;Com Vítimas Feridas;Pleno dia;Crescente;Nublado;Simples;Reta;Sim;3;0;2;0;2;1;0;2;0,92963667;-60,428815;SPRF-RR;DEL01-RR;UOP02-DEL01-RR
761125;27/03/2026;sexta-feira;18:35:00;PE;101;73,7;RECIFE;Transitar no Acostamento;Colisão transversal;Com Vítimas Feridas;Plena Noite;Decrescente;Céu Claro;Dupla;Curva;Sim;2;0;1;0;1;0;0;2;-8,08823;-34,94994;SPRF-PE;DEL01/PE;UOP01-DEL01-PE
761127;27/03/2026;sexta-feira;17:37:00;SE;101;118,2;ITAPORANGA DAJUDA;Ausência de reação do condutor;Colisão traseira;Com Vítimas Feridas;Anoitecer;Decrescente;Céu Claro;Dupla;Declive;Não;4;0;1;0;1;2;0;3;-11,0266063;-37,32910693;SPRF-SE;DEL02-SE;UOP01-DEL02-SE
761129;27/03/2026;sexta-feira;18:05:00;BA;101;354;WENCESLAU GUIMARAES;Ultrapassagem Indevida;Colisão frontal;Com Vítimas Feridas;Anoitecer;Crescente;Chuva;Simples;Reta;Não;2;0;1;0;1;1;0;2;-13,65256428;-39,48553019;SPRF-BA;DEL05/BA;UOP03-DEL05-BA
761130;27/03/2026;sexta-feira;17:35:00;RJ;101;293;ITABORAI;Trafegar com motocicleta (ou similar) entre as faixas;Colisão lateral mesmo sentido;Com Vítimas Feridas;Anoitecer;Crescente;Céu Claro;Dupla;Curva;Não;4;0;1;0;1;2;0;4;-22,75560408;-42,89129994;SPRF-RJ;DEL02/RJ;UOP02-DEL02-RJ
761142;27/03/2026;sexta-feira;16:45:00;SC;282;503,8;XANXERE;Velocidade Incompatível;Tombamento;Com Vítimas Feridas;Pleno dia;Decrescente;Chuva;Dupla;"Declive;Curva";Sim;3;0;1;0;1;1;0;4;-26,88238433;-52,40439582;SPRF-SC;DEL07/SC;UOP01-DEL07-SC
761146;27/03/2026;sexta-feira;12:28:00;PA;163;36;NOVO PROGRESSO;Velocidade Incompatível;Tombamento;Com Vítimas Feridas;Pleno dia;Crescente;Céu Claro;Simples;Curva;Não;2;0;1;0;1;0;0;3;-9,05446412;-54,91550446;SPRF-MT;DEL06/MT;UOP03-DEL06-MT
761153;27/03/2026;sexta-feira;21:03:00;ES;101;147,1;LINHARES;Acessar a via sem observar a presença dos outros veículos;Colisão transversal;Com Vítimas Feridas;Plena Noite;Decrescente;Garoa/Chuvisco;Simples;"Rotatória;Interseção de Vias";Sim;2;0;1;0;1;1;0;2;-19,37984136;-40,06670923;SPRF-ES;DEL04-ES;UOP01-DEL04-ES
761159;27/03/2026;sexta-feira;21:55:00;RS;116;379;SENTINELA DO SUL;Reação tardia ou ineficiente do condutor;Saída de leito carroçável;Com Vítimas Feridas;Plena Noite;Decrescente;Céu Claro;Dupla;Reta;Não;2;0;1;0;1;0;0;2;-30,744625;-51,629817;SPRF-RS;DEL02/RS;UOP02-DEL02-RS
761169;27/03/2026;sexta-feira;21:15:00;RS;392;206,7;SANTANA DA BOA VISTA;Transitar na contramão;Colisão frontal;Com Vítimas Feridas;Plena Noite;Decrescente;Céu Claro;Simples;"Curva;Declive";Não;3;0;0;1;1;1;0;4;-30,723084;-53;SPRF-RS;DEL09/RS;UOP02-DEL09-RS
761170;27/03/2026;sexta-feira;21:20:00;SC;101;250,9;PAULO LOPES;Acessar a via sem observar a presença dos outros veículos;Colisão lateral mesmo sentido;Com Vítimas Feridas;Plena Noite;Crescente;Céu Claro;Múltipla;Interseção de Vias;Não;4;0;2;0;2;2;0;2;-27,94869849;-48,67208286;SPRF-SC;DEL02/SC;UOP03-DEL02-SC
761171;27/03/2026;sexta-feira;19:40:00;PB;230;466,1;SOUSA;Acessar a via sem observar a presença dos outros veículos;Colisão traseira;Com Vítimas Feridas;Plena Noite;Crescente;Nublado;Simples;Reta;Não;5;0;3;1;4;1;0;3;-6,790353;-38,286458;SPRF-PB;DEL03-PB;UOP03-DEL03-PB
761176;27/03/2026;sexta-feira;18:10:00;PI;230;194,2;OEIRAS;Ultrapassagem Indevida;Colisão lateral mesmo sentido;Com Vítimas Feridas;Plena Noite;Crescente;Céu Claro;Simples;Reta;Sim;4;0;1;0;1;1;0;4;-6,996025;-42,107145;SPRF-PI;DEL04-PI;UOP01-DEL04-PI
761184;27/03/2026;sexta-feira;21:45:00;SC;101;120,3;ITAJAI;Reação tardia ou ineficiente do condutor;Engavetamento;Com Vítimas Feridas;Plena Noite;Crescente;Céu Claro;Dupla;Reta;Não;4;0;1;0;1;1;0;4;-26,915847;-48,710735;SPRF-SC;DEL04/SC;UOP04-DEL04-SC
761193;28/03/2026;sábado;00:53:00;MG;365;456;PATROCINIO;Reação tardia ou ineficiente do condutor;Engavetamento;Com Vítimas Fatais;Plena Noite;Decrescente;Céu Claro;Simples;Reta;Não;7;1;4;0;4;1;0;5;-18,84477;-46,86494;SPRF-MG;DEL10/MG;UOP01-DEL10-MG
761194;28/03/2026;sábado;00:30:00;RJ;101;132;CARAPEBUS;Ausência de reação do condutor;Colisão traseira;Com Vítimas Feridas;Plena Noite;Decrescente;Céu Claro;Dupla;Reta;Não;4;0;0;2;2;1;0;3;-22,12681;-41,70905;SPRF-RJ;DEL08/RJ;UOP04-DEL08-RJ
761195;28/03/2026;sábado;01:20:00;GO;60;183,7;TRINDADE;Ingestão de álcool pelo condutor;Colisão traseira;Com Vítimas Fatais;Plena Noite;Decrescente;Céu Claro;Dupla;Reta;Não;3;1;0;0;0;2;0;2;-16,799297;-49,514948;SPRF-GO;DEL01/GO;UOP02-DEL01-GO
761198;28/03/2026;sábado;01:40:00;GO;153;634,7;MORRINHOS;Ausência de reação do condutor;Tombamento;Com Vítimas Feridas;Plena Noite;Crescente;Céu Claro;Dupla;Reta;Não;2;0;0;1;1;0;0;4;-17,8176586;-49,2095718;SPRF-GO;DEL03/GO;UOP01-DEL03-GO
761199;28/03/2026;sábado;02:50:00;ES;101;245;SERRA;Reação tardia ou ineficiente do condutor;Saída de leito carroçável;Com Vítimas Feridas;Plena Noite;Crescente;Chuva;Dupla;Reta;Não;1;0;1;0;1;0;0;1;-20,05041222;-40,38516045;SPRF-ES;DEL02-ES;UOP01-DEL02-ES
761206;28/03/2026;sábado;02:30:00;GO;80;136;BARRO ALTO;Pedestre andava na pista;Atropelamento de Pedestre;Com Vítimas Fatais;Plena Noite;Crescente;Nublado;Simples;Curva;Não;2;1;0;0;0;1;0;2;-14,951417;-48,932605;SPRF-GO;DEL07/GO;UOP02-DEL07-GO
761213;28/03/2026;sábado;06:00:00;SC;101;114,4;ITAJAI;Entrada inopinada do pedestre;Atropelamento de Pedestre;Com Vítimas Fatais;Amanhecer;Decrescente;Céu Claro;Múltipla;Reta;Sim;3;1;0;0;0;1;0;3;-26,86740249;-48,73003242;SPRF-SC;DEL04/SC;UOP04-DEL04-SC
761216;27/03/2026;sexta-feira;05:45:00;RJ;116;138;MAGE;Reação tardia ou ineficiente do condutor;Colisão traseira;Com Vítimas Feridas;Pleno dia;Crescente;Céu Claro;Dupla;Reta;Não;11;0;2;0;2;9;0;2;-22,646494;-43,199396;SPRF-RJ;DEL04/RJ;UOP02-DEL04-RJ
761219;28/03/2026;sábado;00:45:00;RS;386;379,6;TABAI;Ingestão de álcool pelo condutor;Colisão transversal;Com Vítimas Feridas;Plena Noite;Crescente;Céu Claro;Dupla;Rotatória;Não;7;0;1;2;3;3;0;3;-29,65113033;-51,75881334;SPRF-RS;DEL04/RS;UOP01-DEL04-RS
761223;28/03/2026;sábado;05:10:00;RS;285;421;PANAMBI;Condutor Dormindo;Saída de leito carroçável;Com Vítimas Feridas;Plena Noite;Decrescente;Céu Claro;Simples;"Declive;Curva";Não;2;0;1;0;1;0;0;2;-28,33779;-53,568335;SPRF-RS;DEL10/RS;UOP01-DEL10-RS
761227;28/03/2026;sábado;04:26:00;MT;163;915;ITAUBA;Condutor Dormindo;Saída de leito carroçável;Sem Vítimas;Plena Noite;Decrescente;Céu Claro;Simples;Reta;Não;2;0;0;0;0;0;1;2;-11,17562;-55,311174;SPRF-MT;DEL06/MT;UOP02-DEL06-MT
761229;28/03/2026;sábado;06:50:00;PR;376;237,4;APUCARANA;Transitar na contramão;Colisão frontal;Com Vítimas Fatais;Amanhecer;Decrescente;Sol;Dupla;"Curva;Declive";Não;3;1;0;0;0;1;0;4;-23,58576267;-51,47613093;SPRF-PR;DEL07/PR;UOP03-DEL07-PR
761231;27/03/2026;sexta-feira;22:30:00;PA;163;977,4;SANTAREM;Demais falhas mecânicas ou elétricas;Incêndio;Sem Vítimas;Plena Noite;Crescente;Céu Claro;Simples;Reta;Não;2;0;0;0;0;1;0;4;-2,64027417;-54,77085867;SPRF-PA;DEL05/PA;UOP01-DEL05-PA