id;data_inversa;dia_semana;horario;uf;br;km;municipio;causa_acidente;tipo_acidente;classificacao_acidente;fase_dia;sentido_via;condicao_metereologica;tipo_pista;tracado_via;uso_solo;pessoas;mortos;feridos_leves;feridos_graves;feridos;ilesos;ignorados;veiculos;latitude;longitude;regional;delegacia;uop
761954;09/02/2026;segunda-feira;15:40:00;PR;277;637;CEU AZUL;Demais falhas mecânicas ou elétricas;Saída de leito carroçável;Com Vítimas Feridas;Pleno dia;Crescente;Céu Claro;Simples;"Reta;Declive";Sim;1;0;1;0;1;0;0;1;-25,143;-53,8341;SPRF-PR;DEL05/PR;UOP02-DEL05-PR
761956;31/03/2026;terça-feira;09:50:00;BA;242;825;BARREIRAS;Velocidade Incompatível;Tombamento;Com Vítimas Feridas;Pleno dia;Crescente;Sol;Dupla;"Interseção de Vias;Curva";Não;2;0;1;0;1;0;0;2;-12,11812188;-45,04449159;SPRF-BA;DEL10/BA;UOP01-DEL10-BA
761961;31/03/2026;terça-feira;13:00:00;SP;381;55;MAIRIPORA;Reação tardia ou ineficiente do condutor;Colisão traseira;Com Vítimas Feridas;Pleno dia;Decrescente;Sol;Dupla;Declive;Não;2;0;1;0;1;1;0;2;-23,25698913;-46,59166772;SPRF-SP;DEL03/SP;UOP01-DEL03-SP
761962;31/03/2026;terça-feira;13:00:00;MG;381;6;BETIM;Reação tardia ou ineficiente do condutor;Saída de leito carroçável;Com Vítimas Feridas;Pleno dia;Crescente;Céu Claro;Dupla;Curva;Não;2;0;1;0;1;0;0;2;-19,987517;-44,199463;SPRF-MG;DEL01/MG;UOP03-DEL01-MG
761965;31/03/2026;terça-feira;12:34:00;MG;381;424,3;SABARA;Velocidade Incompatível;Colisão frontal;Com Vítimas Fatais;Pleno dia;Crescente;Chuva;Simples;Curva;Não;3;1;0;0;0;1;0;3;-19,788555;-43,697867;SPRF-MG;DEL01/MG;UOP01-DEL01-MG
761966;31/03/2026;terça-feira;14:12:00;RS;116;241;NOVO HAMBURGO;Condutor deixou de manter distância do veículo da frente;Colisão traseira;Com Vítimas Feridas;Pleno dia;Decrescente;Céu Claro;Dupla;Desvio Temporário;Não;3;0;1;0;1;1;0;3;-29,7089444;-51,14694564;SPRF-RS;DEL01/RS;UOP02-DEL01-RS
761969;31/03/2026;terça-feira;14:15:00;MG;381;925;ITAPEVA;Ausência de reação do condutor;Engavetamento;Com Vítimas Feridas;Pleno dia;Decrescente;Chuva;Dupla;"Declive;Curva";Sim;7;0;1;0;1;5;0;5;-22,76852145;-46,20991142;SPRF-MG;DEL16/MG;UOP03-DEL16-MG
761972;23/03/2026;segunda-feira;16:50:00;PR;277;596,4;CASCAVEL;Ausência de reação do condutor;Tombamento;Sem Vítimas;Pleno dia;Decrescente;Céu Claro;Simples;"Declive;Interseção de Vias";Sim;2;0;0;0;0;1;0;2;-24,97970761;-53,49385975;SPRF-PR;DEL04/PR;UOP01-DEL04-PR
761974;10/01/2026;sábado;08:29:00;PI;343;166;BRASILEIRA;Acessar a via sem observar a presença dos outros veículos;Colisão transversal;Com Vítimas Feridas;Pleno dia;Decrescente;Céu Claro;Simples;Reta;Sim;2;0;0;1;1;0;0;2;-4,12660046;-41,78375244;SPRF-PI;DEL02-PI;UOP01-DEL02-PI
761981;31/03/2026;terça-feira;15:45:00;SP;116;125;CACAPAVA;Mal súbito do condutor;Colisão com objeto;Com Vítimas Feridas;Pleno dia;Decrescente;Céu Claro;Dupla;Reta;Não;2;0;1;0;1;0;0;2;-23,10696308;-45,69772303;SPRF-SP;DEL02/SP;UOP02-DEL02-SP
761982;31/03/2026;terça-feira;14:50:00;MT;364;336;SANTO ANTONIO DO LEVERGER;Ausência de reação do condutor;Colisão traseira;Com Vítimas Feridas;Pleno dia;Crescente;Chuva;Dupla;Reta;Não;4;0;0;1;1;2;0;3;-15,83598078;-55,48130035;SPRF-MT;DEL05/MT;UOP02-DEL05-MT
761986;31/03/2026;terça-feira;15:40:00;PR;153;350,1;REBOUCAS;Ultrapassagem Indevida;Colisão lateral mesmo sentido;Com Vítimas Feridas;Pleno dia;Decrescente;Garoa/Chuvisco;Simples;"Ponte;Reta";Não;5;0;2;0;2;2;0;4;-25,63162158;-50,72662354;SPRF-PR;DEL08/PR;UOP02-DEL08-PR
761996;31/03/2026;terça-feira;14:00:00;AC;364;123;RIO BRANCO;Acessar a via sem observar a presença dos outros veículos;Colisão transversal;Com Vítimas Feridas;Pleno dia;Crescente;Sol;Dupla;Reta;Sim;3;0;1;0;1;2;0;2;-10,011676;-67,784595;SPRF-AC;DEL01-AC;UOP01-DEL01-AC
761999;22/02/2026;domingo;21:21:00;SC;101;93;BARRA VELHA;Ausência de reação do condutor;Colisão traseira;Com Vítimas Feridas;Plena Noite;Crescente;Nublado;Dupla;Reta;Não;4;0;2;0;2;1;0;3;-26,701931;-48,699475;SPRF-SC;DEL03/SC;UOP02-DEL03-SC
762000;31/03/2026;terça-feira;17:20:00;MG;381;484;BETIM;Ausência de reação do condutor;Engavetamento;Com Vítimas Feridas;Anoitecer;Decrescente;Nublado;Dupla;"Aclive;Reta";Não;4;0;1;0;1;1;0;4;-19,95955851;-44,08846585;SPRF-MG;DEL01/MG;UOP03-DEL01-MG
762017;31/03/2026;terça-feira;17:00:00;PR;376;424;TIBAGI;Demais falhas mecânicas ou elétricas;Incêndio;Sem Vítimas;Anoitecer;Decrescente;Céu Claro;Dupla;Aclive;Não;2;0;0;0;0;1;0;2;-24,736483;-50,537187;SPRF-PR;DEL03/PR;UOP02-DEL03-PR
762030;31/03/2026;terça-feira;19:15:00;SC;282;63;RANCHO QUEIMADO;Condutor deixou de manter distância do veículo da frente;Colisão traseira;Sem Vítimas;Plena Noite;Crescente;Céu Claro;Simples;Curva;Não;3;0;0;0;0;3;0;2;-27,696732;-49,047618;SPRF-SC;DEL01/SC;UOP03-DEL01-SC
762035;31/03/2026;terça-feira;18:30:00;SC;101;101,4;BALNEARIO PICARRAS;Manobra de mudança de faixa;Colisão lateral mesmo sentido;Sem Vítimas;Plena Noite;Decrescente;Céu Claro;Múltipla;Declive;Não;3;0;0;0;0;2;0;4;-26,76944016;-48,68605105;SPRF-SC;DEL03/SC;UOP02-DEL03-SC
762039;31/03/2026;terça-feira;19:30:00;RS;386;412,1;MONTENEGRO;Transitar na contramão;Saída de leito carroçável;Com Vítimas Fatais;Plena Noite;Decrescente;Céu Claro;Dupla;Reta;Não;4;2;0;0;0;1;0;3;-29,81162;-51,49606;SPRF-RS;DEL04/RS;UOP02-DEL04-RS
762041;31/03/2026;terça-feira;19:20:00;MG;40;526,5;CONTAGEM;Reação tardia ou ineficiente do condutor;Colisão traseira;Com Vítimas Feridas;Plena Noite;Decrescente;Chuva;Múltipla;"Declive;Reta";Sim;6;0;2;0;2;2;0;4;-19,8960427;-44,0493278;SPRF-MG;DEL01/MG;UOP02-DEL01-MG
762043;31/03/2026;terça-feira;19:40:00;MG;381;516;IGARAPE;Ausência de reação do condutor;Colisão traseira;Com Vítimas Feridas;Plena Noite;Decrescente;Chuva;Dupla;Curva;Não;2;0;1;0;1;0;0;2;-20,1033524;-44,3187887;SPRF-MG;DEL01/MG;UOP03-DEL01-MG
762047;31/03/2026;terça-feira;19:40:00;PA;316;58;CASTANHAL;Reação tardia ou ineficiente do condutor;Saída de leito carroçável;Sem Vítimas;Plena Noite;Decrescente;Garoa/Chuvisco;Dupla;"Declive;Reta";Sim;1;0;0;0;0;1;0;1;-1,29914;-47,96388;SPRF-PA;DEL01/PA;UOP01-DEL01-PA
762054;31/03/2026;terça-feira;15:20:00;SC;280;195,7;MAFRA;Ausência de reação do condutor;Colisão frontal;Com Vítimas Fatais;Pleno dia;Decrescente;Garoa/Chuvisco;Simples;Curva;Não;3;1;0;0;0;1;0;4;-26,175097;-50,031181;SPRF-SC;DEL06/SC;UOP01-DEL06-SC
762056;31/03/2026;terça-feira;18:00:00;MT;163;587;NOVA MUTUM;Velocidade Incompatível;Colisão com objeto;Sem Vítimas;Anoitecer;Decrescente;Céu Claro;Múltipla;Reta;Não;2;0;0;0;0;1;0;4;-13,919931;-56,093442;SPRF-MT;DEL01/MT;UOP01-DEL01-MT
762062;31/03/2026;terça-feira;17:15:00;RJ;393;165;TRES RIOS;Velocidade Incompatível;Colisão frontal;Com Vítimas Fatais;Plena Noite;Decrescente;Chuva;Simples;Curva;Não;3;1;0;0;0;1;0;3;-22,126316;-43,14261746;SPRF-RJ;DEL05/RJ;UOP01-DEL05-RJ
762064;31/03/2026;terça-feira;18:30:00;PR;277;322;GUARAPUAVA;Ausência de reação do condutor;Saída de leito carroçável;Sem Vítimas;Anoitecer;Decrescente;Céu Claro;Simples;Reta;Não;2;0;0;0;0;0;1;2;-25,35974;-51,24034;SPRF-PR;DEL08/PR;UOP01-DEL08-PR
762065;31/03/2026;terça-feira;23:20:00;SC;101;131,4;CAMBORIU;Ingestão de álcool pelo condutor;Colisão frontal;Com Vítimas Feridas;Plena Noite;Crescente;Céu Claro;Múltipla;Reta;Sim;2;0;0;1;1;1;0;2;-26,9935495;-48,6607722;SPRF-SC;DEL04/SC;UOP03-DEL04-SC
762072;01/04/2026;quarta-feira;01:10:00;MT;70;284;PRIMAVERA DO LESTE;Ingestão de álcool pelo condutor;Colisão frontal;Sem Vítimas;Plena Noite;Crescente;Céu Claro;Simples;Reta;Sim;2;0;0;0;0;2;0;2;-15,574572;-54,336007;SPRF-MT;DEL05/MT;UOP01-DEL05-MT
762075;31/03/2026;terça-feira;21:00:00;MT;364;369;SANTO ANTONIO DO LEVERGER;Manobra de mudança de faixa;Colisão traseira;Com Vítimas Fatais;Plena Noite;Crescente;Céu Claro;Dupla;Reta;Não;3;1;0;0;0;1;0;3;-15,71187639;-55,6968627;SPRF-MT;DEL01/MT;UOP02-DEL01-MT
762077;01/04/2026;quarta-feira;03:55:00;GO;153;196;URUACU;Reação tardia ou ineficiente do condutor;Colisão frontal;Com Vítimas Feridas;Plena Noite;Decrescente;Céu Claro;Simples;Reta;Não;4;0;2;0;2;2;0;2;-14,47457482;-49,15626526;SPRF-GO;DEL07/GO;UOP02-DEL07-GO
762078;01/04/2026;quarta-feira;01:00:00;MT;364;142;PEDRA PRETA;Demais falhas na via;Saída de leito carroçável;Com Vítimas Feridas;Plena Noite;Decrescente;Céu Claro;Simples;"Curva;Aclive";Não;2;0;1;0;1;0;0;2;-16,78291;-54,220853;SPRF-MT;DEL02/MT;UOP01-DEL02-MT
762079;01/04/2026;quarta-feira;05:05:00;MG;381;705,7;LAVRAS;Reação tardia ou ineficiente do condutor;Tombamento;Com Vítimas Feridas;Amanhecer;Decrescente;Nublado;Dupla;"Declive;Curva";Não;2;0;1;0;1;0;0;2;-21,31770156;-45,16762108;SPRF-MG;DEL04/MG;UOP02-DEL04-MG
762083;23/02/2026;segunda-feira;08:40:00;ES;101;287,3;CARIACICA;Condutor deixou de manter distância do veículo da frente;Colisão traseira;Com Vítimas Feridas;Pleno dia;Decrescente;Céu Claro;Múltipla;Reta;Não;4;0;1;0;1;2;0;4;-20,266672;-40,386091;SPRF-ES;DEL01-ES;UOP01-DEL01-ES
762090;01/04/2026;quarta-feira;05:50:00;GO;153;318;RIANAPOLIS;Entrada inopinada do pedestre;Atropelamento de Pedestre;Com Vítimas Fatais;Amanhecer;Decrescente;Céu Claro;Dupla;Reta;Sim;2;1;0;0;0;0;0;2;-15,450508;-49,504407;SPRF-GO;DEL02/GO;UOP02-DEL02-GO
762092;01/04/2026;quarta-feira;05:30:00;PR;376;340;ORTIGUEIRA;Velocidade Incompatível;Tombamento;Com Vítimas Feridas;Plena Noite;Crescente;Nublado;Simples;Curva;Não;1;0;0;1;1;0;0;1;-24,15668523;-50,97445428;SPRF-PR;DEL07/PR;UOP02-DEL07-PR
762094;01/04/2026;quarta-feira;04:55:00;MG;262;744,7;SACRAMENTO;Ausência de reação do condutor;Colisão frontal;Com Vítimas Feridas;Amanhecer;Crescente;Céu Claro;Simples;Reta;Não;2;0;0;1;1;1;0;2;-19,653427;-47,553592;SPRF-MG;DEL08/MG;UOP01-DEL08-MG
762096;01/04/2026;quarta-feira;06:30:00;MG;40;636,7;CONSELHEIRO LAFAIETE;Suicídio (presumido);Colisão frontal;Com Vítimas Feridas;Pleno dia;Decrescente;Céu Claro;Simples;Reta;Sim;2;0;1;0;1;0;0;2;-20,70716;-43,79298;SPRF-MG;DEL05/MG;UOP02-DEL05-MG
762097;01/04/2026;quarta-feira;04:00:00;MG;262;146,1;RIO CASCA;Velocidade Incompatível;Colisão frontal;Com Vítimas Fatais;Amanhecer;Crescente;Chuva;Simples;Declive;Não;5;3;0;1;1;1;0;2;-20,0308326;-42,73998611;SPRF-MG;DEL03/MG;UOP03-DEL03-MG
762098;01/04/2026;quarta-feira;06:15:00;PE;101;30,7;ITAPISSUMA;Ausência de reação do condutor;Colisão traseira;Com Vítimas Feridas;Pleno dia;Decrescente;Chuva;Dupla;"Curva;Aclive";Não;3;0;2;0;2;0;0;3;-7,74110145;-34,94285703;SPRF-PE;DEL01/PE;UOP02-DEL01-PE
762099;01/04/2026;quarta-feira;07:00:00;PR;369;152,7;LONDRINA;Condutor deixou de manter distância do veículo da frente;Colisão lateral mesmo sentido;Com Vítimas Feridas;Pleno dia;Crescente;Céu Claro;Dupla;Curva;Sim;4;0;2;0;2;2;0;2;-23,29331287;-51,18692128;SPRF-PR;DEL07/PR;UOP01-DEL07-PR
762104;01/04/2026;quarta-feira;07:15:00;MG;381;627,1;OLIVEIRA;Ingestão de álcool pelo condutor;Saída de leito carroçável;Sem Vítimas;Pleno dia;Decrescente;Céu Claro;Dupla;"Declive;Curva";Não;2;0;0;0;0;1;0;2;-20,81569224;-44,7924764;SPRF-MG;DEL04/MG;UOP01-DEL04-MG
762109;01/04/2026;quarta-feira;04:30:00;SC;470;136;RIO DO SUL;Pedestre andava na pista;Atropelamento de Pedestre;Com Vítimas Feridas;Plena Noite;Decrescente;Céu Claro;Simples;Reta;Não;2;0;1;0;1;1;0;2;-27,21277972;-49,64574695;SPRF-SC;DEL04/SC;UOP02-DEL04-SC
762111;01/04/2026;quarta-feira;07:50:00;GO;153;436,3;ANAPOLIS;Trafegar com motocicleta (ou similar) entre as faixas;Colisão lateral mesmo sentido;Com Vítimas Feridas;Pleno dia;Decrescente;Céu Claro;Simples;Curva;Sim;3;0;0;1;1;1;0;5;-16,296742;-48,929748;SPRF-GO;DEL02/GO;UOP01-DEL02-GO
762112;16/03/2026;segunda-feira;06:40:00;BA;324;622;SALVADOR;Condutor deixou de manter distância do veículo da frente;Tombamento;Sem Vítimas;Pleno dia;Crescente;Céu Claro;Dupla;Reta;Sim;4;0;0;0;0;2;0;3;-12,929689;-38,46975;SPRF-BA;DEL01/BA;UOP01-DEL01-BA
762113;01/04/2026;quarta-feira;08:15:00;ES;101;283;CARIACICA;Pedestre cruzava a pista fora da faixa;Colisão lateral mesmo sentido;Com Vítimas Feridas;Pleno dia;Crescente;Sol;Dupla;"Declive;Reta";Sim;4;0;2;0;2;1;0;4;-20,320794;-40,396014;SPRF-ES;DEL01-ES;UOP01-DEL01-ES
762117;01/04/2026;quarta-feira;07:30:00;PR;369;358,3;CAMPO MOURAO;Reação tardia ou ineficiente do condutor;Colisão frontal;Com Vítimas Feridas;Pleno dia;Crescente;Céu Claro;Simples;Reta;Não;3;0;1;0;1;1;0;3;-24,16736798;-52,4875199;SPRF-PR;DEL09/PR;UOP03-DEL09-PR
762119;01/04/2026;quarta-feira;04:19:00;MG;381;532,7;ITATIAIUCU;Velocidade Incompatível;Saída de leito carroçável;Com Vítimas Feridas;Plena Noite;Crescente;Chuva;Dupla;Curva;Não;2;0;1;0;1;0;0;2;-20,16517761;-44,36741576;SPRF-MG;DEL04/MG;UOP03-DEL04-MG
762120;01/04/2026;quarta-feira;08:45:00;MG;40;436,9;PARAOPEBA;Condutor deixou de manter distância do veículo da frente;Colisão traseira;Com Vítimas Feridas;Pleno dia;Decrescente;Céu Claro;Dupla;Reta;Não;2;0;0;1;1;1;0;2;-19,22996357;-44,43705589;SPRF-MG;DEL02/MG;UOP01-DEL02-MG
762121;01/04/2026;quarta-feira;08:40:00;RS;392;649,2;GUARANI DAS MISSOES;Manobra de mudança de faixa;Colisão lateral mesmo sentido;Com Vítimas Feridas;Pleno dia;Decrescente;Sol;Simples;"Aclive;Curva";Não;2;0;1;0;1;1;0;2;-28,13063856;-54,61510554;SPRF-RS;DEL10/RS;UOP01-DEL10-RS
762124;01/04/2026;quarta-feira;09:15:00;SC;101;32;JOINVILLE;Carga excessiva e/ou mal acondicionada;Derramamento de carga;Sem Vítimas;Pleno dia;Decrescente;Céu Claro;Dupla;"Curva;Viaduto";Não;3;0;0;0;0;2;0;3;-26,24868527;-48,90961854;SPRF-SC;DEL03/SC;UOP01-DEL03-SC
762125;01/04/2026;quarta-feira;08:00:00;DF;251;10;BRASILIA;Velocidade Incompatível;Tombamento;Com Vítimas Feridas;Pleno dia;Decrescente;Céu Claro;Simples;Rotatória;Não;2;0;0;1;1;0;0;2;-15,93167903;-47,55465858;SPRF-DF;DEL01-DF;UOP01-DEL01-DF
762128;01/04/2026;quarta-feira;07:42:00;CE;222;298;TIANGUA;Demais falhas mecânicas ou elétricas;Colisão frontal;Sem Vítimas;Pleno dia;Crescente;Nublado;Simples;"Declive;Curva";Não;5;0;0;0;0;3;0;6;-3,65033679;-40,9292206;SPRF-CE;DEL04/CE;UOP02-DEL04-CE
762133;01/04/2026;quarta-feira;08:00:00;MG;381;479;CONTAGEM;Manobra de mudança de faixa;Colisão lateral mesmo sentido;Com Vítimas Feridas;Pleno dia;Crescente;Céu Claro;Múltipla;"Curva;Declive";Sim;5;0;1;1;2;2;0;4;-19,96418;-44,04578;SPRF-MG;DEL01/MG;UOP03-DEL01-MG
762135;01/04/2026;quarta-feira;10:20:00;CE;116;17;EUSEBIO;Ausência de reação do condutor;Colisão traseira;Com Vítimas Feridas;Pleno dia;Crescente;Nublado;Dupla;Reta;Sim;2;0;1;0;1;1;0;2;-3,9136746;-38,5065372;SPRF-CE;DEL01/CE;UOP02-DEL01-CE
762140;01/04/2026;quarta-feira;10:22:00;SC;101;220;PALHOCA;Ausência de reação do condutor;Colisão com objeto;Sem Vítimas;Pleno dia;Decrescente;Céu Claro;Simples;Reta;Não;2;0;0;0;0;1;0;2;-27,69515;-48,66227;SPRF-SC;DEL01/SC;UOP02-DEL01-SC
762142;01/04/2026;quarta-feira;09:50:00;MT;70;2,3;BARRA DO GARCAS;Ultrapassagem Indevida;Colisão lateral mesmo sentido;Com Vítimas Feridas;Pleno dia;Crescente;Sol;Simples;"Reta;Interseção de Vias";Sim;2;0;1;0;1;1;0;2;-15,87237352;-52,38551395;SPRF-MT;DEL07/MT;UOP01-DEL07-MT
762144;01/04/2026;quarta-feira;10:55:00;RS;386;324,5;MARQUES DE SOUZA;Demais falhas mecânicas ou elétricas;Colisão com objeto;Com Vítimas Feridas;Pleno dia;Decrescente;Sol;Simples;"Aclive;Curva";Não;3;0;1;0;1;1;0;3;-29,314887;-52,104427;SPRF-RS;DEL04/RS;UOP01-DEL04-RS
762145;01/04/2026;quarta-feira;11:10:00;DF;251;42;BRASILIA;Avarias e/ou desgaste excessivo no pneu;Saída de leito carroçável;Com Vítimas Feridas;Pleno dia;Crescente;Chuva;Dupla;"Curva;Rotatória";Não;3;0;3;0;3;0;0;1;-15,938529;-47,828075;SPRF-DF;DEL01-DF;UOP01-DEL01-DF
762151;01/04/2026;quarta-feira;09:30:00;MT;163;721;SORRISO;Transitar na contramão;Colisão frontal;Com Vítimas Feridas;Pleno dia;Decrescente;Céu Claro;Simples;Reta;Não;2;0;0;1;1;1;0;2;-12,79396589;-55,83545777;SPRF-MT;DEL06/MT;UOP01-DEL06-MT
762155;01/04/2026;quarta-feira;12:06:00;SP;116;226;GUARULHOS;Reação tardia ou ineficiente do condutor;Colisão lateral mesmo sentido;Com Vítimas Feridas;Pleno dia;Decrescente;Céu Claro;Múltipla;Reta;Sim;2;0;1;0;1;0;0;2;-23,49147726;-46,54902077;SPRF-SP;DEL01/SP;UOP01-DEL01-SP
762156;01/04/2026;quarta-feira;12:20:00;SC;101;25,8;JOINVILLE;Reação tardia ou ineficiente do condutor;Colisão lateral mesmo sentido;Com Vítimas Feridas;Pleno dia;Crescente;Céu Claro;Dupla;Reta;Sim;2;0;1;0;1;1;0;2;-26,1905392;-48,91205398;SPRF-SC;DEL03/SC;UOP01-DEL03-SC
762157;01/04/2026;quarta-feira;07:30:00;BA;349;1109;CORRENTINA;Manobra de mudança de faixa;Colisão frontal;Com Vítimas Fatais;Pleno dia;Decrescente;Céu Claro;Simples;Reta;Não;2;1;0;0;0;1;0;2;-13,7973;-46,12981;SPRF-BA;DEL10/BA;UOP02-DEL10-BA
762164;01/04/2026;quarta-feira;09:50:00;SC;101;233,3;PALHOCA;Condutor deixou de manter distância do veículo da frente;Engavetamento;Com Vítimas Feridas;Pleno dia;Decrescente;Céu Claro;Múltipla;Aclive;Sim;5;0;1;0;1;3;0;4;-27,80944292;-48,63681491;SPRF-SC;DEL01/SC;UOP02-DEL01-SC
762170;20/03/2026;sexta-feira;19:50:00;MG;40;584;ITABIRITO;Condutor deixou de manter distância do veículo da frente;Colisão traseira;Com Vítimas Fatais;Plena Noite;Crescente;Chuva;Simples;Curva;Não;5;1;1;0;1;3;0;4;-20,32443141;-43,93075943;SPRF-MG;DEL01/MG;UOP02-DEL01-MG
762174;22/03/2026;domingo;07:45:00;MT;163;937;ITAUBA;Transitar na contramão;Colisão frontal;Com Vítimas Fatais;Pleno dia;Decrescente;Céu Claro;Simples;Curva;Não;4;1;0;1;1;1;0;5;-10,995675;-55,24294667;SPRF-MT;DEL06/MT;UOP02-DEL06-MT
762177;01/04/2026;quarta-feira;13:00:00;SP;116;308;SAO LOURENCO DA SERRA;Pedestre cruzava a pista fora da faixa;Atropelamento de Pedestre;Com Vítimas Fatais;Pleno dia;Crescente;Céu Claro;Dupla;Curva;Não;7;1;0;0;0;5;0;6;-23,85587897;-46,94076037;SPRF-SP;DEL04/SP;UOP01-DEL04-SP
762178;01/04/2026;quarta-feira;06:50:00;MG;40;121,5;JOAO PINHEIRO;Pista Escorregadia;Colisão frontal;Com Vítimas Fatais;Pleno dia;Crescente;Chuva;Simples;"Reta;Declive";Não;4;1;0;1;1;2;0;4;-17,664908;-46,350547;SPRF-MG;DEL14/MG;UOP01-DEL14-MG
762181;01/04/2026;quarta-feira;14:00:00;SC;116;220;CORREIA PINTO;Reação tardia ou ineficiente do condutor;Colisão traseira;Com Vítimas Feridas;Pleno dia;Decrescente;Céu Claro;Simples;Rotatória;Sim;3;0;1;0;1;2;0;2;-27,5905788;-50,3626011;SPRF-SC;DEL05/SC;UOP03-DEL05-SC
762182;01/04/2026;quarta-feira;12:40:00;RO;319;122;PORTO VELHO;Reação tardia ou ineficiente do condutor;Colisão lateral sentido oposto;Com Vítimas Feridas;Plena Noite;Crescente;Chuva;Simples;Curva;Não;2;0;0;2;2;0;0;2;-8,69710539;-63,99330139;SPRF-RO;DEL01-RO;UOP01-DEL01-RO
762183;01/04/2026;quarta-feira;14:10:00;MG;40;455,4;CAETANOPOLIS;Velocidade Incompatível;Colisão com objeto;Sem Vítimas;Pleno dia;Decrescente;Chuva;Dupla;"Declive;Curva";Não;3;0;0;0;0;3;0;3;-19,35932;-44,34438;SPRF-MG;DEL02/MG;UOP01-DEL02-MG
762184;01/04/2026;quarta-feira;12:10:00;DF;80;23;BRASILIA;Transitar na contramão;Colisão frontal;Com Vítimas Fatais;Pleno dia;Crescente;Garoa/Chuvisco;Simples;Reta;Não;4;1;0;1;1;1;0;4;-15,638007;-48,200708;SPRF-DF;DEL03-DF;UOP02-DEL03-DF
762188;12/03/2026;quinta-feira;23:50:00;MS;163;792;PEDRO GOMES;Ausência de reação do condutor;Colisão traseira;Com Vítimas Feridas;Plena Noite;Crescente;Céu Claro;Simples;"Aclive;Reta";Não;3;0;1;0;1;1;0;4;-18,02800596;-54,68297839;SPRF-MS;DEL06/MS;UOP01-DEL06-MS
762192;01/04/2026;quarta-feira;13:45:00;RS;285;321,9;PASSO FUNDO;Manobra de mudança de faixa;Colisão lateral mesmo sentido;Com Vítimas Feridas;Pleno dia;Crescente;Nublado;Simples;"Declive;Reta";Não;7;0;3;0;3;3;0;4;-28,27070588;-52,63557181;SPRF-RS;DEL08/RS;UOP03-DEL08-RS
762194;01/04/2026;quarta-feira;15:00:00;RJ;101;22;CAMPOS DOS GOYTACAZES;Ausência de reação do condutor;Colisão frontal;Com Vítimas Feridas;Pleno dia;Crescente;Céu Claro;Simples;Reta;Não;3;0;0;1;1;1;0;3;-21,375773;-41,3443497;SPRF-RJ;DEL08/RJ;UOP01-DEL08-RJ
762198;01/04/2026;quarta-feira;14:30:00;PR;153;39;SANTO ANTONIO DA PLATINA;Demais falhas mecânicas ou elétricas;Incêndio;Sem Vítimas;Pleno dia;Crescente;Chuva;Simples;Interseção de Vias;Não;2;0;0;0;0;1;0;2;-23,28033402;-50,05612171;SPRF-PR;DEL07/PR;UOP04-DEL07-PR
762201;01/04/2026;quarta-feira;15:00:00;PR;376;488;PONTA GROSSA;Demais falhas mecânicas ou elétricas;Colisão com objeto;Com Vítimas Feridas;Pleno dia;Crescente;Chuva;Dupla;Reta;Sim;4;0;0;2;2;1;0;5;-25,13569;-50,167048;SPRF-PR;DEL03/PR;UOP03-DEL03-PR
762202;01/04/2026;quarta-feira;15:20:00;SC;101;192;BIGUACU;Reação tardia ou ineficiente do condutor;Colisão traseira;Com Vítimas Feridas;Pleno dia;Decrescente;Céu Claro;Dupla;Reta;Não;3;0;0;1;1;1;0;3;-27,48605391;-48,64855377;SPRF-SC;DEL01/SC;UOP01-DEL01-SC
762203;01/04/2026;quarta-feira;15:30:00;ES;101;285;CARIACICA;Demais falhas mecânicas ou elétricas;Incêndio;Sem Vítimas;Pleno dia;Crescente;Céu Claro;Dupla;"Reta;Aclive";Não;1;0;0;0;0;1;0;1;-20,25133048;-40,37239603;SPRF-ES;DEL01-ES;UOP01-DEL01-ES
762219;01/04/2026;quarta-feira;17:20:00;MG;381;478;CONTAGEM;Trafegar com motocicleta (ou similar) entre as faixas;Tombamento;Com Vítimas Fatais;Anoitecer;Decrescente;Nublado;Múltipla;Reta;Sim;5;1;0;0;0;3;0;4;-19,96294226;-44,04084206;SPRF-MG;DEL01/MG;UOP03-DEL01-MG
762224;01/04/2026;quarta-feira;17:10:00;PR;277;467,9;LARANJEIRAS DO SUL;Condutor deixou de manter distância do veículo da frente;Colisão lateral mesmo sentido;Com Vítimas Feridas;Pleno dia;Decrescente;Céu Claro;Simples;Reta;Não;2;0;1;0;1;0;0;2;-25,347026;-52,491314;SPRF-PR;DEL04/PR;UOP02-DEL04-PR
762231;01/04/2026;quarta-feira;18:00:00;MG;50;24,1;ARAGUARI;Ausência de reação do condutor;Colisão lateral mesmo sentido;Com Vítimas Fatais;Anoitecer;Crescente;Sol;Dupla;"Declive;Reta";Não;3;1;0;0;0;1;0;5;-18,61002523;-48,07044704;SPRF-MG;DEL15/MG;UOP02-DEL15-MG
762233;01/04/2026;quarta-feira;17:00:00;PR;277;1,8;PARANAGUA;Ingestão de álcool pelo condutor;Colisão traseira;Sem Vítimas;Pleno dia;Crescente;Sol;Dupla;Reta;Sim;3;0;0;0;0;2;0;3;-25,54868901;-48,54828056;SPRF-PR;DEL01/PR;UOP05-DEL01-PR