id;data_inversa;dia_semana;horario;uf;br;km;municipio;causa_acidente;tipo_acidente;classificacao_acidente;fase_dia;sentido_via;condicao_metereologica;tipo_pista;tracado_via;uso_solo;pessoas;mortos;feridos_leves;feridos_graves;feridos;ilesos;ignorados;veiculos;latitude;longitude;regional;delegacia;uop
764146;10/04/2026;sexta-feira;15:10:00;SE;101;193,3;CRISTINAPOLIS;Frear bruscamente;Colisão traseira;Com Vítimas Feridas;Pleno dia;Decrescente;Céu Claro;Simples;Curva;Não;6;0;1;0;1;4;0;6;-11,435832;-37,731732;SPRF-SE;DEL02-SE;UOP03-DEL02-SE
764147;10/04/2026;sexta-feira;13:25:00;MG;116;25;CACHOEIRA DE PAJEU;Demais falhas mecânicas ou elétricas;Incêndio;Sem Vítimas;Pleno dia;Decrescente;Céu Claro;Simples;"Aclive;Reta";Não;2;0;0;0;0;1;0;2;-15,8738;-41,43113;SPRF-BA;DEL08/BA;UOP03-DEL08-BA
764148;10/04/2026;sexta-feira;13:20:00;PR;163;128,3;REALEZA;Reação tardia ou ineficiente do condutor;Colisão traseira;Com Vítimas Feridas;Pleno dia;Crescente;Céu Claro;Dupla;"Reta;Em Obras;Declive";Não;5;0;1;0;1;4;0;2;-25,56681;-53,574948;SPRF-PR;DEL02/PR;UOP02-DEL02-PR
764149;10/04/2026;sexta-feira;15:00:00;BA;116;692;JEQUIE;Ingestão de álcool pelo condutor;Colisão frontal;Com Vítimas Feridas;Pleno dia;Decrescente;Céu Claro;Dupla;Aclive;Sim;3;0;0;1;1;1;0;3;-13,88402;-40,17646;SPRF-BA;DEL03/BA;UOP01-DEL03-BA
764151;10/04/2026;sexta-feira;15:45:00;MG;116;632;DIVINO;Chuva;Colisão frontal;Com Vítimas Fatais;Pleno dia;Crescente;Chuva;Simples;"Declive;Curva";Não;4;1;0;3;3;0;0;2;-20,60715078;-42,21105248;SPRF-MG;DEL07/MG;UOP02-DEL07-MG
764155;10/04/2026;sexta-feira;16:00:00;RS;293;11,5;CAPAO DO LEAO;Estacionar ou parar em local proibido;Colisão traseira;Com Vítimas Feridas;Pleno dia;Crescente;Céu Claro;Simples;Reta;Não;5;0;1;0;1;3;0;3;-31,75688;-52,435858;SPRF-RS;DEL07/RS;UOP01-DEL07-RS
764160;10/04/2026;sexta-feira;06:30:00;AC;364;200;BUJARI;Transitar na contramão;Colisão lateral sentido oposto;Com Vítimas Feridas;Amanhecer;Decrescente;Ignorado;Simples;Reta;Não;2;0;1;0;1;0;0;2;-9,588913;-68,26604;SPRF-AC;DEL01-AC;UOP01-DEL01-AC
764167;10/04/2026;sexta-feira;16:00:00;SC;101;123;ITAJAI;Condutor deixou de manter distância do veículo da frente;Colisão traseira;Com Vítimas Fatais;Pleno dia;Decrescente;Céu Claro;Múltipla;"Reta;Viaduto";Não;2;1;0;0;0;1;0;2;-26,937446;-48,697728;SPRF-SC;DEL04/SC;UOP04-DEL04-SC
764169;10/04/2026;sexta-feira;14:30:00;MT;163;850;SINOP;Transitar na contramão;Colisão lateral sentido oposto;Com Vítimas Fatais;Pleno dia;Decrescente;Céu Claro;Simples;"Reta;Em Obras";Não;4;2;0;0;0;1;0;4;-11,722983;-55,459296;SPRF-MT;DEL06/MT;UOP02-DEL06-MT
764184;10/04/2026;sexta-feira;17:10:00;PR;476;147,2;CURITIBA;Condutor deixou de manter distância do veículo da frente;Colisão lateral mesmo sentido;Com Vítimas Feridas;Pleno dia;Decrescente;Nublado;Dupla;Reta;Sim;6;0;2;0;2;2;0;8;-25,55565143;-49,34200136;SPRF-PR;DEL01/PR;UOP06-DEL01-PR
764189;10/04/2026;sexta-feira;17:00:00;RS;392;260;CACAPAVA DO SUL;Ausência de reação do condutor;Colisão traseira;Com Vítimas Feridas;Pleno dia;Crescente;Sol;Simples;"Reta;Em Obras";Não;4;0;1;1;2;1;0;3;-30,472759;-53,484382;SPRF-RS;DEL09/RS;UOP02-DEL09-RS
764190;10/04/2026;sexta-feira;17:10:00;RN;304;30;MOSSORO;Condutor deixou de manter distância do veículo da frente;Engavetamento;Com Vítimas Feridas;Anoitecer;Decrescente;Chuva;Simples;Reta;Sim;4;0;0;2;2;2;0;3;-5,12222;-37,342363;SPRF-RN;DEL04-RN;UOP02-DEL04-RN
764202;10/04/2026;sexta-feira;18:30:00;MA;135;10;SAO LUIS;Condutor deixou de manter distância do veículo da frente;Colisão traseira;Com Vítimas Feridas;Plena Noite;Crescente;Nublado;Dupla;Reta;Sim;3;0;1;1;2;1;0;2;-2,65818041;-44,28612497;SPRF-MA;DEL01-MA;UOP01-DEL01-MA
764216;10/04/2026;sexta-feira;17:00:00;MT;163;1041;MATUPA;Desrespeitar a preferência no cruzamento;Colisão traseira;Com Vítimas Feridas;Pleno dia;Crescente;Céu Claro;Simples;Reta;Sim;4;0;1;0;1;1;0;6;-10,15113299;-54,93081719;SPRF-MT;DEL06/MT;UOP03-DEL06-MT
764224;10/04/2026;sexta-feira;15:00:00;BA;235;60;JEREMOABO;Reação tardia ou ineficiente do condutor;Saída de leito carroçável;Com Vítimas Feridas;Pleno dia;Crescente;Céu Claro;Simples;Curva;Não;2;0;1;0;1;0;0;2;-10,08758875;-38,20160564;SPRF-SE;DEL01-SE;UOP02-DEL01-SE
764225;10/04/2026;sexta-feira;20:00:00;MG;381;588,2;CARMOPOLIS DE MINAS;Pedestre andava na pista;Atropelamento de Pedestre;Com Vítimas Fatais;Plena Noite;Crescente;Nublado;Dupla;Reta;Sim;2;1;0;0;0;0;0;2;-20,5330699;-44,63924074;SPRF-MG;DEL04/MG;UOP01-DEL04-MG
764226;10/04/2026;sexta-feira;17:45:00;BA;242;353;LENCOIS;Velocidade Incompatível;Tombamento;Com Vítimas Feridas;Pleno dia;Decrescente;Céu Claro;Simples;Curva;Não;2;0;1;0;1;0;0;3;-12,499;-41,331;SPRF-BA;DEL06/BA;UOP02-DEL06-BA
764228;10/04/2026;sexta-feira;21:00:00;PR;376;464;PONTA GROSSA;Demais falhas mecânicas ou elétricas;Incêndio;Sem Vítimas;Plena Noite;Crescente;Ignorado;Dupla;Reta;Não;2;0;0;0;0;1;0;3;-25,0260472;-50,339226;SPRF-PR;DEL03/PR;UOP01-DEL03-PR
764230;10/04/2026;sexta-feira;19:30:00;BA;116;677;JEQUIE;Condutor Dormindo;Saída de leito carroçável;Com Vítimas Fatais;Plena Noite;Decrescente;Céu Claro;Simples;Reta;Sim;2;1;0;0;0;0;0;2;-13,882233;-40,137227;SPRF-BA;DEL03/BA;UOP01-DEL03-BA
764235;10/04/2026;sexta-feira;19:50:00;PR;277;203;PALMEIRA;Transitar na contramão;Colisão frontal;Com Vítimas Feridas;Plena Noite;Decrescente;Céu Claro;Simples;"Reta;Declive";Não;4;0;1;0;1;2;0;3;-25,464154;-50,225942;SPRF-PR;DEL08/PR;UOP02-DEL08-PR
764236;10/04/2026;sexta-feira;18:30:00;RS;290;489;ROSARIO DO SUL;Problema com o freio;Incêndio;Sem Vítimas;Anoitecer;Crescente;Céu Claro;Simples;Reta;Não;2;0;0;0;0;1;0;2;-30,23860753;-55,01212684;SPRF-RS;DEL11/RS;UOP02-DEL11-RS
764239;10/04/2026;sexta-feira;21:40:00;ES;101;287,4;CARIACICA;Conversão proibida;Saída de leito carroçável;Com Vítimas Feridas;Plena Noite;Crescente;Céu Claro;Dupla;"Reta;Interseção de Vias";Sim;1;0;1;0;1;0;0;1;-20,26142382;-40,37917056;SPRF-ES;DEL01-ES;UOP01-DEL01-ES
764247;10/04/2026;sexta-feira;22:50:00;MG;381;489;BETIM;Ausência de reação do condutor;Colisão transversal;Com Vítimas Feridas;Plena Noite;Crescente;Chuva;Dupla;Declive;Sim;4;0;2;0;2;1;0;3;-19,95601333;-44,13305707;SPRF-MG;DEL01/MG;UOP03-DEL01-MG
764253;10/04/2026;sexta-feira;23:20:00;SP;116;403;MIRACATU;Reação tardia ou ineficiente do condutor;Colisão traseira;Com Vítimas Feridas;Plena Noite;Decrescente;Nublado;Dupla;Reta;Não;2;0;1;0;1;0;0;2;-24,321508;-47,537075;SPRF-SP;DEL04/SP;UOP02-DEL04-SP
764259;06/04/2026;segunda-feira;14:00:00;RJ;116;71;TERESOPOLIS;Chuva;Colisão lateral sentido oposto;Com Vítimas Feridas;Pleno dia;Crescente;Chuva;Simples;Curva;Sim;2;0;1;0;1;1;0;2;-22,32053681;-42,93873159;SPRF-RJ;DEL04/RJ;UOP01-DEL04-RJ
764260;11/04/2026;sábado;00:50:00;RN;101;114;SAO JOSE DE MIPIBU;Demais falhas mecânicas ou elétricas;Incêndio;Sem Vítimas;Plena Noite;Decrescente;Céu Claro;Dupla;Reta;Não;2;0;0;0;0;1;0;2;-5,9820665;-35,2644914;SPRF-RN;DEL01-RN;UOP01-DEL01-RN
764267;11/04/2026;sábado;02:15:00;MG;381;187,8;PERIQUITO;Condutor Dormindo;Colisão lateral sentido oposto;Com Vítimas Feridas;Plena Noite;Decrescente;Céu Claro;Simples;Reta;Não;3;0;1;0;1;2;0;2;-19,108;-42,203;SPRF-MG;DEL06/MG;UOP01-DEL06-MG
764268;11/04/2026;sábado;02:50:00;MG;381;746;TRES CORACOES;Condutor Dormindo;Colisão traseira;Com Vítimas Feridas;Plena Noite;Crescente;Céu Claro;Dupla;Curva;Não;6;0;3;0;3;2;0;4;-21,6144365;-45,2612117;SPRF-MG;DEL16/MG;UOP02-DEL16-MG
764271;11/04/2026;sábado;02:26:00;MT;364;348;SANTO ANTONIO DO LEVERGER;Reação tardia ou ineficiente do condutor;Saída de leito carroçável;Com Vítimas Feridas;Plena Noite;Crescente;Céu Claro;Dupla;"Declive;Curva";Não;1;0;1;0;1;0;0;1;-15,793924;-55,573869;SPRF-MT;DEL05/MT;UOP02-DEL05-MT
764274;11/04/2026;sábado;04:00:00;PR;277;429,3;CANTAGALO;Condutor Dormindo;Colisão traseira;Com Vítimas Feridas;Plena Noite;Decrescente;Céu Claro;Múltipla;"Aclive;Reta";Não;3;0;0;1;1;1;0;3;-25,383384;-52,15438;SPRF-PR;DEL04/PR;UOP02-DEL04-PR
764276;11/04/2026;sábado;04:30:00;PR;376;623;SAO JOSE DOS PINHAIS;Reação tardia ou ineficiente do condutor;Saída de leito carroçável;Com Vítimas Feridas;Plena Noite;Decrescente;Nublado;Múltipla;"Reta;Declive";Sim;3;0;1;0;1;0;0;6;-25,644353;-49,158467;SPRF-PR;DEL01/PR;UOP04-DEL01-PR
764277;11/04/2026;sábado;03:45:00;SC;282;16,2;PALHOCA;Transitar na contramão;Colisão frontal;Com Vítimas Fatais;Plena Noite;Decrescente;Céu Claro;Simples;Reta;Sim;2;1;0;0;0;1;0;2;-27,660329;-48,683343;SPRF-SC;DEL01/SC;UOP02-DEL01-SC
764287;11/04/2026;sábado;05:30:00;GO;153;377,9;SAO FRANCISCO DE GOIAS;Ausência de reação do condutor;Colisão traseira;Com Vítimas Feridas;Amanhecer;Decrescente;Céu Claro;Simples;"Aclive;Reta";Não;2;0;0;1;1;1;0;2;-15,902895;-49,230877;SPRF-GO;DEL02/GO;UOP02-DEL02-GO
764289;11/04/2026;sábado;04:00:00;RJ;101;186;CASIMIRO DE ABREU;Ausência de reação do condutor;Saída de leito carroçável;Com Vítimas Feridas;Plena Noite;Decrescente;Ignorado;Simples;Reta;Não;2;0;1;0;1;0;0;3;-22,43832688;-42,04376665;SPRF-RJ;DEL08/RJ;UOP04-DEL08-RJ
764298;11/04/2026;sábado;05:20:00;PI;316;277,4;DOM EXPEDITO LOPES;Objeto estático sobre o leito carroçável;Colisão com objeto;Com Vítimas Fatais;Amanhecer;Crescente;Céu Claro;Simples;"Aclive;Reta";Não;2;1;0;0;0;0;0;2;-6,952968;-41,706508;SPRF-PI;DEL04-PI;UOP01-DEL04-PI
764304;11/04/2026;sábado;05:40:00;PR;369;430,5;UBIRATA;Condutor Dormindo;Saída de leito carroçável;Com Vítimas Feridas;Plena Noite;Crescente;Nublado;Simples;Reta;Sim;2;0;1;0;1;0;0;2;-24,554794;-52,968577;SPRF-PR;DEL04/PR;UOP03-DEL04-PR
764306;11/04/2026;sábado;05:10:00;MS;262;303;CAMPO GRANDE;Demais falhas mecânicas ou elétricas;Colisão lateral sentido oposto;Com Vítimas Feridas;Pleno dia;Crescente;Céu Claro;Simples;Curva;Não;3;0;2;0;2;0;0;4;-20,495371;-54,324026;SPRF-MS;DEL01/MS;UOP05-DEL01-MS
764310;11/04/2026;sábado;07:50:00;PI;343;337,6;TERESINA;Ausência de reação do condutor;Colisão lateral mesmo sentido;Com Vítimas Feridas;Pleno dia;Crescente;Céu Claro;Dupla;Reta;Não;2;0;1;0;1;1;0;2;-5,062608;-42,720005;SPRF-PI;DEL01-PI;UOP01-DEL01-PI
764314;11/04/2026;sábado;08:00:00;PR;369;99,6;CORNELIO PROCOPIO;Reação tardia ou ineficiente do condutor;Colisão traseira;Com Vítimas Feridas;Pleno dia;Decrescente;Sol;Dupla;Reta;Não;5;0;1;1;2;2;0;3;-23,241722;-50,702145;SPRF-PR;DEL07/PR;UOP05-DEL07-PR
764323;11/04/2026;sábado;08:55:00;SP;116;316;JUQUITIBA;Ausência de reação do condutor;Saída de leito carroçável;Com Vítimas Feridas;Pleno dia;Crescente;Céu Claro;Dupla;Curva;Não;2;0;1;0;1;0;0;2;-23,9143162;-46,9892781;SPRF-SP;DEL04/SP;UOP03-DEL04-SP
764324;11/04/2026;sábado;09:54:00;SE;101;149,1;ESTANCIA;Ausência de reação do condutor;Tombamento;Com Vítimas Fatais;Pleno dia;Decrescente;Céu Claro;Simples;"Reta;Declive";Sim;3;1;1;0;1;1;0;2;-11,24416167;-37,43322667;SPRF-SE;DEL02-SE;UOP01-DEL02-SE
764330;11/04/2026;sábado;10:00:00;PE;101;44,4;IGARASSU;Condutor deixou de manter distância do veículo da frente;Colisão transversal;Com Vítimas Feridas;Pleno dia;Decrescente;Céu Claro;Dupla;Reta;Sim;5;0;2;0;2;2;0;3;-7,85524;-34,90845;SPRF-PE;DEL01/PE;UOP02-DEL01-PE
764331;11/04/2026;sábado;03:30:00;BA;324;459;CANDEAL;Transitar na contramão;Colisão transversal;Com Vítimas Feridas;Plena Noite;Crescente;Nublado;Simples;Curva;Não;3;0;1;1;2;0;0;4;-11,9315758;-39,23330996;SPRF-BA;DEL04/BA;UOP02-DEL04-BA
764333;11/04/2026;sábado;08:30:00;GO;153;697;ITUMBIARA;Reação tardia ou ineficiente do condutor;Colisão com objeto;Com Vítimas Feridas;Pleno dia;Decrescente;Céu Claro;Dupla;Reta;Sim;2;0;1;0;1;0;0;2;-18,368422;-49,213201;SPRF-GO;DEL03/GO;UOP02-DEL03-GO
764340;11/04/2026;sábado;10:05:00;MG;116;783,1;LEOPOLDINA;Reação tardia ou ineficiente do condutor;Tombamento;Com Vítimas Feridas;Pleno dia;Decrescente;Nublado;Simples;Curva;Não;2;0;0;1;1;0;0;2;-21,54264373;-42,65585183;SPRF-MG;DEL07/MG;UOP01-DEL07-MG
764345;11/04/2026;sábado;11:50:00;ES;101;408;ITAPEMIRIM;Velocidade Incompatível;Tombamento;Com Vítimas Feridas;Pleno dia;Decrescente;Nublado;Simples;Curva;Não;2;0;0;1;1;0;0;2;-20,890756;-41,03891;SPRF-ES;DEL03-ES;UOP02-DEL03-ES
764347;11/04/2026;sábado;11:45:00;MG;50;152,3;UBERABA;Reação tardia ou ineficiente do condutor;Colisão lateral mesmo sentido;Com Vítimas Feridas;Pleno dia;Decrescente;Sol;Dupla;"Aclive;Reta";Não;4;0;0;1;1;2;0;3;-19,60771216;-48,02233156;SPRF-MG;DEL13/MG;UOP01-DEL13-MG
764351;11/04/2026;sábado;11:40:00;SC;101;97,9;BALNEARIO PICARRAS;Manobra de mudança de faixa;Colisão lateral mesmo sentido;Com Vítimas Fatais;Pleno dia;Crescente;Céu Claro;Múltipla;Reta;Não;4;1;1;0;1;1;0;3;-26,74027798;-48,69852517;SPRF-SC;DEL03/SC;UOP02-DEL03-SC
764353;11/04/2026;sábado;12:40:00;PA;10;15,7;DOM ELISEU;Conversão proibida;Colisão transversal;Com Vítimas Feridas;Pleno dia;Crescente;Céu Claro;Simples;Reta;Sim;3;0;1;0;1;1;0;3;-4,31282;-47,554263;SPRF-PA;DEL02/PA;UOP02-DEL02-PA
764356;11/04/2026;sábado;12:00:00;RS;116;300;GUAIBA;Manobra de mudança de faixa;Colisão lateral mesmo sentido;Com Vítimas Fatais;Pleno dia;Decrescente;Céu Claro;Dupla;Reta;Sim;4;2;0;0;0;1;0;3;-30,1185323;-51,34700891;SPRF-RS;DEL02/RS;UOP01-DEL02-RS
764359;11/04/2026;sábado;14:00:00;MA;316;271,7;BELA VISTA DO MARANHAO;Manobra de mudança de faixa;Colisão traseira;Com Vítimas Feridas;Pleno dia;Decrescente;Chuva;Simples;Reta;Sim;3;0;1;0;1;2;0;3;-3,70701336;-45,30590057;SPRF-MA;DEL02-MA;UOP01-DEL02-MA
764360;11/04/2026;sábado;14:00:00;MG;40;794;JUIZ DE FORA;Acessar a via sem observar a presença dos outros veículos;Colisão traseira;Com Vítimas Feridas;Pleno dia;Decrescente;Céu Claro;Dupla;Retorno Regulamentado;Não;3;0;0;1;1;1;0;3;-21,77884926;-43,42444897;SPRF-MG;DEL05/MG;UOP01-DEL05-MG
764361;11/04/2026;sábado;13:35:00;SC;470;53;BLUMENAU;Condutor Dormindo;Colisão frontal;Sem Vítimas;Pleno dia;Decrescente;Céu Claro;Simples;Reta;Sim;3;0;0;0;0;2;0;3;-26,8703142;-49,1064209;SPRF-SC;DEL04/SC;UOP01-DEL04-SC
764377;11/04/2026;sábado;14:00:00;MS;376;9;DOURADOS;Ausência de reação do condutor;Colisão traseira;Com Vítimas Feridas;Pleno dia;Decrescente;Céu Claro;Simples;Reta;Não;2;0;1;0;1;1;0;2;-22,262269;-54,632621;SPRF-MS;DEL04/MS;UOP01-DEL04-MS
764381;11/04/2026;sábado;14:11:00;PB;101;75;SANTA RITA;Velocidade Incompatível;Colisão com objeto;Com Vítimas Feridas;Pleno dia;Crescente;Sol;Dupla;Curva;Não;2;0;1;0;1;0;0;2;-7,0842261;-34,9705219;SPRF-PB;DEL01-PB;UOP03-DEL01-PB
764384;11/04/2026;sábado;15:15:00;PI;343;589;FLORIANO;Objeto estático sobre o leito carroçável;Colisão com objeto;Com Vítimas Feridas;Pleno dia;Crescente;Céu Claro;Dupla;Reta;Sim;4;0;0;1;1;1;0;4;-6,77691;-43,00956;SPRF-PI;DEL03-PI;UOP01-DEL03-PI
764386;17/03/2026;terça-feira;18:40:00;GO;20;107;FLORES DE GOIAS;Ultrapassagem Indevida;Colisão frontal;Com Vítimas Fatais;Anoitecer;Crescente;Céu Claro;Simples;Reta;Não;2;1;0;0;0;1;0;2;-14,911802;-46,939768;SPRF-DF;DEL02-DF;UOP03-DEL02-DF
764392;11/04/2026;sábado;16:30:00;MA;135;18;SAO LUIS;Ausência de reação do condutor;Colisão traseira;Com Vítimas Feridas;Pleno dia;Decrescente;Céu Claro;Dupla;Reta;Não;3;0;0;1;1;1;0;3;-2,72366296;-44,3243715;SPRF-MA;DEL01-MA;UOP01-DEL01-MA
764399;11/04/2026;sábado;14:00:00;MA;135;242,2;PERITORO;Transitar na contramão;Colisão frontal;Com Vítimas Fatais;Pleno dia;Crescente;Chuva;Simples;"Aclive;Reta";Não;3;1;0;0;0;1;0;3;-4,505758;-44,356483;SPRF-MA;DEL03-MA;UOP01-DEL03-MA
764400;11/04/2026;sábado;06:57:00;SC;282;162;BOM RETIRO;Objeto estático sobre o leito carroçável;Colisão com objeto;Sem Vítimas;Pleno dia;Decrescente;Céu Claro;Simples;Curva;Não;2;0;0;0;0;1;0;2;-27,75681068;-49,68202114;SPRF-SC;DEL05/SC;UOP01-DEL05-SC
764401;11/04/2026;sábado;16:00:00;CE;222;338,1;TIANGUA;Ausência de reação do condutor;Saída de leito carroçável;Com Vítimas Feridas;Pleno dia;Crescente;Céu Claro;Simples;Reta;Não;1;0;1;0;1;0;0;1;-3,874758;-41,173075;SPRF-CE;DEL04/CE;UOP02-DEL04-CE
764409;11/04/2026;sábado;18:30:00;PR;277;12,4;PARANAGUA;Desrespeitar a preferência no cruzamento;Colisão transversal;Com Vítimas Feridas;Plena Noite;Decrescente;Nublado;Dupla;"Reta;Retorno Regulamentado";Não;6;0;2;0;2;3;0;4;-25,56284044;-48,63858668;SPRF-PR;DEL01/PR;UOP05-DEL01-PR
764411;11/04/2026;sábado;16:00:00;MT;163;931;ITAUBA;Objeto estático sobre o leito carroçável;Colisão lateral mesmo sentido;Sem Vítimas;Anoitecer;Decrescente;Nublado;Simples;Declive;Não;3;0;0;0;0;2;0;4;-11,05598804;-55,27234554;SPRF-MT;DEL06/MT;UOP02-DEL06-MT
764412;11/04/2026;sábado;13:30:00;MT;70;200;GENERAL CARNEIRO;Reação tardia ou ineficiente do condutor;Saída de leito carroçável;Sem Vítimas;Pleno dia;Decrescente;Céu Claro;Simples;Curva;Não;2;0;0;0;0;1;0;3;-15,719674;-53,730576;SPRF-MT;DEL05/MT;UOP01-DEL05-MT
764430;11/04/2026;sábado;19:35:00;AL;101;201,7;SAO SEBASTIAO;Reação tardia ou ineficiente do condutor;Colisão traseira;Com Vítimas Feridas;Plena Noite;Crescente;Céu Claro;Dupla;Reta;Sim;3;0;0;1;1;1;0;3;-9,960577;-36,546798;SPRF-AL;DEL02-AL;UOP02-DEL02-AL
764438;11/04/2026;sábado;18:35:00;MG;364;4,3;PLANURA;Condutor deixou de manter distância do veículo da frente;Colisão traseira;Com Vítimas Feridas;Anoitecer;Crescente;Céu Claro;Simples;Reta;Sim;5;0;1;0;1;3;0;3;-20,132402;-48,704716;SPRF-MG;DEL13/MG;UOP02-DEL13-MG
764439;11/04/2026;sábado;19:15:00;MG;153;115;PRATA;Ingestão de álcool pelo condutor;Colisão lateral sentido oposto;Com Vítimas Feridas;Plena Noite;Decrescente;Céu Claro;Simples;Reta;Não;3;0;0;1;1;1;0;3;-19,36481453;-48,89970526;SPRF-MG;DEL15/MG;UOP03-DEL15-MG
764448;11/04/2026;sábado;15:20:00;MT;163;930,5;ITAUBA;Manobra de mudança de faixa;Colisão frontal;Com Vítimas Fatais;Pleno dia;Decrescente;Sol;Simples;Reta;Não;3;1;0;0;0;1;0;4;-11,05648;-55,27256;SPRF-MT;DEL06/MT;UOP02-DEL06-MT
764458;11/04/2026;sábado;18:30:00;BA;116;585;NOVA ITARANA;Reação tardia ou ineficiente do condutor;Tombamento;Com Vítimas Feridas;Plena Noite;Decrescente;Nublado;Simples;"Curva;Declive";Não;3;0;1;0;1;1;0;2;-13,13610993;-39,99610474;SPRF-BA;DEL03/BA;UOP02-DEL03-BA
764478;11/04/2026;sábado;23:00:00;MG;50;92,3;UBERLANDIA;Manobra de mudança de faixa;Colisão lateral mesmo sentido;Sem Vítimas;Plena Noite;Crescente;Céu Claro;Dupla;Reta;Não;2;0;0;0;0;1;0;2;-19,0717289;-48,189967;SPRF-MG;DEL15/MG;UOP01-DEL15-MG
764479;11/04/2026;sábado;21:00:00;MS;262;366;CAMPO GRANDE;Manobra de mudança de faixa;Colisão frontal;Com Vítimas Fatais;Plena Noite;Crescente;Céu Claro;Simples;"Reta;Interseção de Vias";Sim;2;1;0;0;0;1;0;2;-20,48300691;-54,74807775;SPRF-MS;DEL01/MS;UOP03-DEL01-MS
764485;11/04/2026;sábado;23:30:00;PR;277;40,3;MORRETES;Ausência de reação do condutor;Colisão traseira;Com Vítimas Feridas;Plena Noite;Decrescente;Chuva;Dupla;"Declive;Curva";Não;3;0;1;0;1;1;0;3;-25,580038;-48,872202;SPRF-PR;DEL01/PR;UOP05-DEL01-PR
764493;12/04/2026;domingo;00:45:00;RJ;116;134;MAGE;Condutor deixou de manter distância do veículo da frente;Colisão traseira;Com Vítimas Feridas;Plena Noite;Crescente;Nevoeiro/Neblina;Dupla;Curva;Sim;2;0;0;1;1;0;0;2;-22,653518;-43,157351;SPRF-RJ;DEL04/RJ;UOP02-DEL04-RJ
764507;12/04/2026;domingo;02:20:00;BA;116;10,4;VITORIA DA CONQUISTA;Desrespeitar a preferência no cruzamento;Colisão transversal;Com Vítimas Fatais;Plena Noite;Decrescente;Nevoeiro/Neblina;Simples;"Interseção de Vias;Reta";Sim;3;1;0;0;0;1;0;3;-14,863977;-40,873013;SPRF-BA;DEL08/BA;UOP01-DEL08-BA
764510;12/04/2026;domingo;02:00:00;PE;423;98;GARANHUNS;Ultrapassagem Indevida;Colisão frontal;Com Vítimas Feridas;Pleno dia;Decrescente;Céu Claro;Simples;"Reta;Declive";Não;3;0;0;1;1;1;0;3;-8,8761761;-36,5035995;SPRF-PE;DEL03/PE;UOP01-DEL03-PE
764516;12/04/2026;domingo;03:00:00;CE;116;416,6;IPAUMIRIM;Pista esburacada;Colisão lateral sentido oposto;Com Vítimas Feridas;Pleno dia;Decrescente;Garoa/Chuvisco;Simples;"Reta;Declive";Não;3;0;0;1;1;1;0;3;-6,752597;-38,785565;SPRF-CE;DEL05/CE;UOP01-DEL05-CE
764519;12/04/2026;domingo;03:15:00;SP;116;168;JACAREI;Transitar na contramão;Colisão frontal;Com Vítimas Fatais;Plena Noite;Decrescente;Céu Claro;Múltipla;Reta;Não;3;1;0;0;0;1;0;3;-23,3039385;-46,0375342;SPRF-SP;DEL02/SP;UOP01-DEL02-SP
764538;12/04/2026;domingo;05:30:00;RJ;101;260;RIO BONITO;Animais na Pista;Atropelamento de Animal;Com Vítimas Feridas;Amanhecer;Decrescente;Céu Claro;Dupla;Declive;Sim;2;0;1;0;1;1;0;2;-22,71235824;-42,61279672;SPRF-RJ;DEL02/RJ;UOP03-DEL02-RJ
764539;12/04/2026;domingo;04:10:00;RJ;116;303;RESENDE;Deficiência do Sistema de Iluminação/Sinalização;Colisão traseira;Sem Vítimas;Plena Noite;Decrescente;Céu Claro;Dupla;Reta;Sim;3;0;0;0;0;0;1;3;-22,45376532;-44,37031237;SPRF-RJ;DEL07/RJ;UOP02-DEL07-RJ
764540;11/04/2026;sábado;22:00:00;MT;158;578;AGUA BOA;Problema com o freio;Incêndio;Sem Vítimas;Plena Noite;Crescente;Nublado;Simples;Declive;Não;2;0;0;0;0;1;0;3;-14,1520875;-52,19771487;SPRF-MT;DEL07/MT;UOP02-DEL07-MT
764542;12/04/2026;domingo;06:45:00;GO;40;9;LUZIANIA;Ingestão de álcool pelo condutor;Colisão lateral mesmo sentido;Sem Vítimas;Amanhecer;Decrescente;Céu Claro;Dupla;Reta;Sim;6;0;0;0;0;5;0;5;-16,1284;-47,95937;SPRF-DF;DEL01-DF;UOP01-DEL01-DF
764544;12/04/2026;domingo;04:45:00;RO;364;667;CANDEIAS DO JAMARI;Reação tardia ou ineficiente do condutor;Tombamento;Com Vítimas Feridas;Plena Noite;Crescente;Céu Claro;Dupla;"Curva;Interseção de Vias";Não;1;0;1;0;1;0;0;1;-8,77442668;-63,48046152;SPRF-RO;DEL01-RO;UOP01-DEL01-RO
764548;12/04/2026;domingo;05:10:00;PA;10;322;SAO MIGUEL DO GUAMA;Transitar na contramão;Colisão frontal;Sem Vítimas;Amanhecer;Crescente;Nublado;Simples;Reta;Sim;2;0;0;0;0;1;0;2;-1,61162842;-47,48206261;SPRF-PA;DEL01/PA;UOP02-DEL01-PA
764551;12/04/2026;domingo;07:40:00;GO;153;493;GOIANIA;Velocidade Incompatível;Colisão traseira;Com Vítimas Feridas;Pleno dia;Decrescente;Céu Claro;Dupla;Reta;Sim;3;0;0;1;1;1;0;3;-16,65097754;-49,21520455;SPRF-GO;DEL01/GO;UOP01-DEL01-GO