id;data_inversa;dia_semana;horario;uf;br;km;municipio;causa_acidente;tipo_acidente;classificacao_acidente;fase_dia;sentido_via;condicao_metereologica;tipo_pista;tracado_via;uso_solo;pessoas;mortos;feridos_leves;feridos_graves;feridos;ilesos;ignorados;veiculos;latitude;longitude;regional;delegacia;uop
764560;12/04/2026;domingo;04:20:00;BA;101;23;ESPLANADA;Reação tardia ou ineficiente do condutor;Colisão com objeto;Com Vítimas Feridas;Amanhecer;Crescente;Chuva;Dupla;Reta;Não;2;0;1;0;1;0;0;2;-11,695452;-37,9033755;SPRF-SE;DEL02-SE;UOP03-DEL02-SE
764563;12/04/2026;domingo;08:15:00;PR;376;393,5;TIBAGI;Ausência de reação do condutor;Tombamento;Com Vítimas Feridas;Pleno dia;Crescente;Céu Claro;Dupla;"Declive;Curva";Não;2;0;0;1;1;0;0;2;-24,532142;-50,695382;SPRF-PR;DEL03/PR;UOP02-DEL03-PR
764564;12/04/2026;domingo;08:40:00;BA;101;32;ESPLANADA;Ausência de reação do condutor;Tombamento;Sem Vítimas;Pleno dia;Decrescente;Céu Claro;Dupla;Curva;Não;3;0;0;0;0;2;0;2;-11,74337;-37,939425;SPRF-SE;DEL02-SE;UOP03-DEL02-SE
764565;12/04/2026;domingo;02:00:00;BA;116;288;TUCANO;Ingestão de álcool pelo condutor;Colisão frontal;Com Vítimas Fatais;Plena Noite;Crescente;Céu Claro;Simples;Reta;Não;4;1;1;0;1;1;0;3;-11,080705;-38,835197;SPRF-BA;DEL07/BA;UOP02-DEL07-BA
764567;12/04/2026;domingo;08:30:00;RJ;116;134;MAGE;Ausência de reação do condutor;Colisão lateral mesmo sentido;Com Vítimas Feridas;Pleno dia;Crescente;Céu Claro;Dupla;Reta;Sim;3;0;1;0;1;1;0;3;-22,65383698;-43,14457789;SPRF-RJ;DEL04/RJ;UOP02-DEL04-RJ
764569;12/04/2026;domingo;06:30:00;GO;452;102;BOM JESUS DE GOIAS;Transitar na contramão;Colisão lateral sentido oposto;Com Vítimas Feridas;Pleno dia;Decrescente;Céu Claro;Simples;Reta;Não;3;0;1;0;1;1;0;5;-18,125067;-50,010974;SPRF-GO;DEL03/GO;UOP02-DEL03-GO
764572;12/04/2026;domingo;08:30:00;PR;476;357;UNIAO DA VITORIA;Acessar a via sem observar a presença dos outros veículos;Colisão transversal;Com Vítimas Feridas;Pleno dia;Decrescente;Garoa/Chuvisco;Simples;Reta;Não;3;0;1;0;1;1;0;4;-26,19878612;-51,05402818;SPRF-PR;DEL02/PR;UOP03-DEL02-PR
764575;12/04/2026;domingo;09:40:00;CE;20;386;CAUCAIA;Carga excessiva e/ou mal acondicionada;Eventos atípicos;Sem Vítimas;Pleno dia;Crescente;Nublado;Simples;Reta;Não;2;0;0;0;0;2;0;2;-3,87506604;-38,81152153;SPRF-CE;DEL01/CE;UOP01-DEL01-CE
764576;12/04/2026;domingo;09:31:00;MG;381;627;OLIVEIRA;Demais falhas mecânicas ou elétricas;Incêndio;Sem Vítimas;Pleno dia;Crescente;Céu Claro;Dupla;Reta;Não;2;0;0;0;0;1;0;2;-20,78996478;-44,78709161;SPRF-MG;DEL04/MG;UOP01-DEL04-MG
764577;12/04/2026;domingo;10:26:00;PE;101;68;RECIFE;Reação tardia ou ineficiente do condutor;Colisão lateral mesmo sentido;Sem Vítimas;Pleno dia;Decrescente;Garoa/Chuvisco;Múltipla;Reta;Sim;3;0;0;0;0;3;0;2;-8,04814;-34,94527;SPRF-PE;DEL01/PE;UOP01-DEL01-PE
764580;12/04/2026;domingo;08:40:00;RJ;101;425;MANGARATIBA;Acessar a via sem observar a presença dos outros veículos;Colisão transversal;Com Vítimas Feridas;Pleno dia;Crescente;Céu Claro;Simples;Retorno Regulamentado;Não;3;0;0;1;1;1;0;3;-22,935329;-43,9987806;SPRF-RJ;DEL03/RJ;UOP02-DEL03-RJ
764585;12/04/2026;domingo;11:15:00;GO;153;357;JARAGUA;Desrespeitar a preferência no cruzamento;Colisão transversal;Com Vítimas Feridas;Pleno dia;Crescente;Sol;Simples;Interseção de Vias;Sim;3;0;1;0;1;1;0;3;-15,73495266;-49,32320444;SPRF-GO;DEL02/GO;UOP02-DEL02-GO
764591;12/04/2026;domingo;02:30:00;GO;158;200;CAIAPONIA;Velocidade Incompatível;Tombamento;Com Vítimas Feridas;Plena Noite;Crescente;Céu Claro;Simples;"Ponte;Curva;Declive";Não;2;0;1;0;1;0;0;2;-17,310676;-51,8826834;SPRF-GO;DEL05/GO;UOP01-DEL05-GO
764593;12/04/2026;domingo;03:30:00;PI;316;69,7;MONSENHOR GIL;Ausência de reação do condutor;Saída de leito carroçável;Com Vítimas Feridas;Amanhecer;Decrescente;Céu Claro;Simples;Reta;Não;1;0;1;0;1;0;0;1;-5,65961472;-42,59100851;SPRF-PI;DEL01-PI;UOP02-DEL01-PI
764600;12/04/2026;domingo;11:20:00;RJ;116;175,9;SAO JOAO DE MERITI;Velocidade Incompatível;Colisão traseira;Com Vítimas Feridas;Pleno dia;Crescente;Céu Claro;Dupla;Reta;Sim;3;0;1;0;1;2;0;2;-22,78474792;-43,38032126;SPRF-RJ;DEL06/RJ;UOP01-DEL06-RJ
764605;12/04/2026;domingo;13:45:00;MG;365;772,5;ITUIUTABA;Demais falhas mecânicas ou elétricas;Incêndio;Sem Vítimas;Pleno dia;Decrescente;Céu Claro;Simples;"Aclive;Reta";Não;3;0;0;0;0;3;0;1;-18,95995115;-49,65120792;SPRF-MG;DEL15/MG;UOP03-DEL15-MG
764607;12/04/2026;domingo;13:10:00;AL;423;8;OURO BRANCO;Acessar a via sem observar a presença dos outros veículos;Colisão transversal;Com Vítimas Feridas;Pleno dia;Crescente;Nublado;Simples;Reta;Não;3;0;1;0;1;1;0;3;-9,144512;-37,364051;SPRF-AL;DEL03-AL;UOP02-DEL03-AL
764608;12/04/2026;domingo;13:00:00;MG;365;94,4;JEQUITAI;Velocidade Incompatível;Tombamento;Com Vítimas Fatais;Pleno dia;Decrescente;Céu Claro;Múltipla;"Declive;Curva";Não;2;1;0;0;0;0;0;2;-17,21214792;-44,44374984;SPRF-MG;DEL12/MG;UOP01-DEL12-MG
764611;12/04/2026;domingo;09:30:00;PR;476;87,7;BOCAIUVA DO SUL;Reação tardia ou ineficiente do condutor;Colisão lateral sentido oposto;Com Vítimas Feridas;Pleno dia;Crescente;Sol;Simples;"Declive;Curva";Não;4;0;0;2;2;1;0;3;-25,17553405;-49,11311388;SPRF-PR;DEL01/PR;UOP01-DEL01-PR
764613;12/04/2026;domingo;14:30:00;TO;226;8,7;PALMEIRAS DO TOCANTINS;Transitar na contramão;Colisão transversal;Com Vítimas Feridas;Pleno dia;Crescente;Sol;Simples;"Declive;Reta";Não;4;0;0;1;1;2;0;3;-6,593769;-47,527899;SPRF-TO;DEL02-TO;UOP03-DEL02-TO
764615;12/04/2026;domingo;12:30:00;RN;304;118;ITAJA;Conversão proibida;Colisão traseira;Com Vítimas Feridas;Pleno dia;Crescente;Nublado;Simples;Reta;Não;3;0;2;0;2;1;0;2;-5,625788;-36,872653;SPRF-RN;DEL04-RN;UOP01-DEL04-RN
764619;12/04/2026;domingo;14:40:00;RS;116;252,8;SAPUCAIA DO SUL;Acessar a via sem observar a presença dos outros veículos;Colisão lateral mesmo sentido;Com Vítimas Feridas;Pleno dia;Crescente;Céu Claro;Múltipla;Reta;Sim;4;0;2;0;2;1;0;3;-29,82340433;-51,17179362;SPRF-RS;DEL01/RS;UOP02-DEL01-RS
764623;12/04/2026;domingo;13:36:00;AL;101;40;FLEXEIRAS;Ausência de reação do condutor;Tombamento;Com Vítimas Feridas;Pleno dia;Decrescente;Céu Claro;Dupla;Reta;Não;1;0;1;0;1;0;0;1;-9,20401114;-35,78657851;SPRF-AL;DEL01-AL;UOP02-DEL01-AL
764625;12/04/2026;domingo;16:50:00;MG;116;124;ITAOBIM;Ausência de reação do condutor;Saída de leito carroçável;Com Vítimas Feridas;Pleno dia;Crescente;Nublado;Simples;"Ponte;Reta";Não;1;0;1;0;1;0;0;1;-16,6352328;-41,5027444;SPRF-MG;DEL11/MG;UOP02-DEL11-MG
764630;12/04/2026;domingo;14:00:00;RO;364;236,9;CACOAL;Ingestão de álcool pelo condutor;Colisão traseira;Sem Vítimas;Pleno dia;Decrescente;Nublado;Simples;"Declive;Reta;Interseção de Vias;Retorno Regulamentado";Sim;3;0;0;0;0;2;0;3;-11,4439345;-61,44503687;SPRF-RO;DEL02-RO;UOP02-DEL02-RO
764631;12/04/2026;domingo;16:40:00;CE;116;53,9;PACAJUS;Velocidade Incompatível;Saída de leito carroçável;Com Vítimas Feridas;Anoitecer;Crescente;Céu Claro;Dupla;"Curva;Retorno Regulamentado";Sim;1;0;1;0;1;0;0;1;-4,19718124;-38,47035527;SPRF-CE;DEL01/CE;UOP04-DEL01-CE
764642;12/04/2026;domingo;16:45:00;SC;282;523,4;XAXIM;Desrespeitar a preferência no cruzamento;Colisão transversal;Com Vítimas Feridas;Pleno dia;Decrescente;Garoa/Chuvisco;Simples;"Aclive;Interseção de Vias;Reta";Não;4;0;2;0;2;2;0;2;-26,96556263;-52,55370176;SPRF-SC;DEL07/SC;UOP01-DEL07-SC
764651;19/03/2026;quinta-feira;12:30:00;RJ;393;257,2;BARRA DO PIRAI;Ausência de reação do condutor;Colisão lateral sentido oposto;Com Vítimas Fatais;Pleno dia;Crescente;Nublado;Simples;Reta;Não;5;1;1;0;1;2;0;7;-22,462602;-43,852819;SPRF-RJ;DEL05/RJ;UOP04-DEL05-RJ
764652;12/04/2026;domingo;09:04:00;MS;262;759;LADARIO;Transitar na contramão;Colisão frontal;Com Vítimas Feridas;Pleno dia;Crescente;Céu Claro;Simples;"Reta;Interseção de Vias";Não;5;0;2;0;2;1;0;3;-19,153563;-57,630386;SPRF-MS;DEL03/MS;UOP03-DEL03-MS
764661;05/03/2026;quinta-feira;01:21:00;MT;163;1056;GUARANTA DO NORTE;Pista esburacada;Colisão lateral sentido oposto;Com Vítimas Feridas;Plena Noite;Crescente;Nevoeiro/Neblina;Simples;Reta;Não;3;0;0;1;1;1;0;5;-10,028307;-54,90944;SPRF-MT;DEL06/MT;UOP03-DEL06-MT
764664;12/04/2026;domingo;17:30:00;BA;242;188;RAFAEL JAMBEIRO;Pista esburacada;Tombamento;Com Vítimas Feridas;Pleno dia;Decrescente;Céu Claro;Simples;Reta;Não;2;0;1;0;1;0;0;3;-12,57965002;-39,52407584;SPRF-BA;DEL02/BA;UOP02-DEL02-BA
764670;12/03/2026;quinta-feira;13:00:00;PA;163;30;NOVO PROGRESSO;Demais falhas mecânicas ou elétricas;Incêndio;Com Vítimas Feridas;Pleno dia;Crescente;Céu Claro;Simples;Reta;Não;2;0;1;0;1;0;0;4;-9,27720222;-54,82679368;SPRF-MT;DEL06/MT;UOP03-DEL06-MT
764692;12/04/2026;domingo;21:25:00;RN;304;76,9;MOSSORO;Transitar na contramão;Colisão frontal;Com Vítimas Fatais;Plena Noite;Crescente;Chuva;Simples;Reta;Não;3;1;0;0;0;1;0;3;-5,44989773;-37,18805552;SPRF-RN;DEL04-RN;UOP01-DEL04-RN
764700;12/04/2026;domingo;19:40:00;BA;116;249;QUIJINGUE;Reação tardia ou ineficiente do condutor;Tombamento;Com Vítimas Fatais;Plena Noite;Decrescente;Céu Claro;Simples;"Reta;Declive";Não;3;1;1;0;1;0;0;3;-10,76447684;-38,89963746;SPRF-BA;DEL07/BA;UOP02-DEL07-BA
764703;12/04/2026;domingo;21:30:00;RJ;493;80;JAPERI;Ausência de reação do condutor;Atropelamento de Pedestre;Com Vítimas Feridas;Plena Noite;Decrescente;Céu Claro;Dupla;Reta;Não;4;0;0;1;1;0;0;3;-22,66402966;-43,58470988;SPRF-RJ;DEL01/RJ;UOP03-DEL01-RJ
764705;12/04/2026;domingo;21:20:00;SC;282;633;DESCANSO;Ausência de reação do condutor;Colisão lateral sentido oposto;Sem Vítimas;Plena Noite;Crescente;Céu Claro;Simples;"Reta;Declive";Não;3;0;0;0;0;1;0;4;-26,82516712;-53,4129989;SPRF-SC;DEL07/SC;UOP03-DEL07-SC
764712;12/04/2026;domingo;18:00:00;PR;116;202;RIO NEGRO;Transitar na contramão;Colisão frontal;Com Vítimas Fatais;Plena Noite;Decrescente;Céu Claro;Simples;Curva;Não;5;3;0;0;0;1;0;3;-26,0615673;-49,731095;SPRF-SC;DEL06/SC;UOP01-DEL06-SC
764717;12/04/2026;domingo;23:20:00;RS;116;259;CANOAS;Velocidade Incompatível;Tombamento;Sem Vítimas;Pleno dia;Decrescente;Céu Claro;Simples;"Curva;Em Obras";Sim;2;0;0;0;0;1;0;2;-29,8709314;-51,17956281;SPRF-RS;DEL01/RS;UOP02-DEL01-RS
764718;12/04/2026;domingo;20:20:00;MG;116;383;MATHIAS LOBATO;Ausência de reação do condutor;Colisão lateral sentido oposto;Com Vítimas Feridas;Plena Noite;Crescente;Nublado;Simples;Reta;Não;2;0;0;1;1;1;0;2;-18,633182;-41,947329;SPRF-MG;DEL06/MG;UOP01-DEL06-MG
764719;12/04/2026;domingo;22:00:00;MT;163;101,4;RONDONOPOLIS;Reação tardia ou ineficiente do condutor;Saída de leito carroçável;Com Vítimas Feridas;Plena Noite;Decrescente;Nublado;Dupla;Reta;Não;2;0;0;1;1;0;0;2;-16,642758;-54,690995;SPRF-MT;DEL02/MT;UOP03-DEL02-MT
764722;13/04/2026;segunda-feira;00:05:00;PR;376;624;SAO JOSE DOS PINHAIS;Reação tardia ou ineficiente do condutor;Colisão traseira;Com Vítimas Feridas;Plena Noite;Decrescente;Céu Claro;Dupla;Reta;Não;3;0;0;1;1;1;0;4;-25,6202392;-49,167749;SPRF-PR;DEL01/PR;UOP04-DEL01-PR
764724;13/04/2026;segunda-feira;01:21:00;SC;101;97,8;BALNEARIO PICARRAS;Estacionar ou parar em local proibido;Colisão traseira;Com Vítimas Feridas;Plena Noite;Decrescente;Nublado;Dupla;Reta;Não;3;0;0;1;1;1;0;4;-26,73988659;-48,69846602;SPRF-SC;DEL03/SC;UOP02-DEL03-SC
764733;13/04/2026;segunda-feira;04:10:00;GO;153;561,8;PROFESSOR JAMIL;Reação tardia ou ineficiente do condutor;Colisão traseira;Com Vítimas Feridas;Plena Noite;Decrescente;Céu Claro;Dupla;Reta;Não;2;0;1;0;1;1;0;2;-17,222457;-49,22928;SPRF-GO;DEL03/GO;UOP01-DEL03-GO
764734;13/04/2026;segunda-feira;04:50:00;MG;116;697,8;MURIAE;Condutor Dormindo;Saída de leito carroçável;Com Vítimas Feridas;Amanhecer;Crescente;Nublado;Simples;Curva;Não;1;0;1;0;1;0;0;1;-21,089;-42,374;SPRF-MG;DEL07/MG;UOP02-DEL07-MG
764735;13/04/2026;segunda-feira;05:50:00;TO;153;672;GURUPI;Condutor Dormindo;Saída de leito carroçável;Com Vítimas Feridas;Amanhecer;Crescente;Céu Claro;Dupla;Reta;Sim;2;0;1;0;1;0;0;2;-11,7202362;-49,07715941;SPRF-TO;DEL01-TO;UOP02-DEL01-TO
764740;13/04/2026;segunda-feira;04:00:00;MG;153;31;CENTRALINA;Condutor Dormindo;Saída de leito carroçável;Com Vítimas Feridas;Plena Noite;Decrescente;Céu Claro;Dupla;"Aclive;Reta";Não;2;0;1;0;1;0;0;2;-18,64859594;-49,17392224;SPRF-MG;DEL15/MG;UOP03-DEL15-MG
764746;12/04/2026;domingo;16:20:00;MG;40;474,2;SETE LAGOAS;Carga excessiva e/ou mal acondicionada;Tombamento;Sem Vítimas;Pleno dia;Crescente;Céu Claro;Dupla;Curva;Não;1;0;0;0;0;1;0;1;-19,49912018;-44,27984532;SPRF-MG;DEL02/MG;UOP01-DEL02-MG
764751;13/04/2026;segunda-feira;01:00:00;GO;60;378;RIO VERDE;Ausência de reação do condutor;Colisão traseira;Com Vítimas Feridas;Plena Noite;Crescente;Nublado;Dupla;Reta;Não;4;0;1;0;1;1;0;3;-17,7606396;-50,88075534;SPRF-GO;DEL04/GO;UOP02-DEL04-GO
764756;13/04/2026;segunda-feira;06:20:00;BA;116;29;VITORIA DA CONQUISTA;Mal súbito do condutor;Saída de leito carroçável;Com Vítimas Feridas;Pleno dia;Crescente;Chuva;Simples;Reta;Não;2;0;1;0;1;0;0;2;-14,83794781;-40,82073212;SPRF-BA;DEL08/BA;UOP01-DEL08-BA
764768;12/04/2026;domingo;17:00:00;PA;163;89;ALTAMIRA;Manobra de mudança de faixa;Colisão frontal;Com Vítimas Fatais;Anoitecer;Decrescente;Ignorado;Simples;"Aclive;Reta";Não;3;1;0;0;0;1;0;5;-8,85470141;-54,96525335;SPRF-MT;DEL06/MT;UOP03-DEL06-MT
764780;13/04/2026;segunda-feira;06:30:00;PR;373;476;CORONEL VIVIDA;Velocidade Incompatível;Saída de leito carroçável;Com Vítimas Feridas;Amanhecer;Decrescente;Céu Claro;Simples;Curva;Não;1;0;1;0;1;0;0;1;-25,97784718;-52,5367713;SPRF-PR;DEL02/PR;UOP01-DEL02-PR
764786;13/04/2026;segunda-feira;10:10:00;ES;101;99,8;JAGUARE;Avarias e/ou desgaste excessivo no pneu;Tombamento;Com Vítimas Feridas;Pleno dia;Crescente;Céu Claro;Simples;Reta;Não;5;0;3;0;3;2;0;2;-18,978274;-39,994558;SPRF-ES;DEL04-ES;UOP02-DEL04-ES
764789;13/04/2026;segunda-feira;07:00:00;RJ;101;419;MANGARATIBA;Estacionar ou parar em local proibido;Colisão traseira;Com Vítimas Feridas;Amanhecer;Decrescente;Céu Claro;Simples;"Aclive;Reta";Não;6;0;1;4;5;1;0;2;-22,919812;-43,926541;SPRF-RJ;DEL03/RJ;UOP02-DEL03-RJ
764793;13/04/2026;segunda-feira;10:30:00;PR;277;0;PARANAGUA;Reação tardia ou ineficiente do condutor;Colisão lateral mesmo sentido;Sem Vítimas;Pleno dia;Crescente;Céu Claro;Simples;"Reta;Interseção de Vias";Sim;4;0;0;0;0;3;0;3;-25,517784;-48,541213;SPRF-PR;DEL01/PR;UOP05-DEL01-PR
764798;13/04/2026;segunda-feira;11:20:00;PR;476;180,6;CONTENDA;Velocidade Incompatível;Tombamento;Com Vítimas Fatais;Pleno dia;Decrescente;Céu Claro;Simples;Curva;Não;3;2;0;0;0;0;0;3;-25,71056097;-49,60552303;SPRF-PR;DEL01/PR;UOP06-DEL01-PR
764800;13/04/2026;segunda-feira;12:40:00;RS;116;516,4;PELOTAS;Manobra de mudança de faixa;Colisão lateral mesmo sentido;Sem Vítimas;Pleno dia;Crescente;Céu Claro;Dupla;Interseção de Vias;Sim;2;0;0;0;0;2;0;2;-31,675142;-52,341897;SPRF-RS;DEL07/RS;UOP01-DEL07-RS
764802;13/04/2026;segunda-feira;12:30:00;SC;101;232,1;PALHOCA;Condutor deixou de manter distância do veículo da frente;Colisão lateral mesmo sentido;Sem Vítimas;Pleno dia;Decrescente;Céu Claro;Dupla;"Reta;Declive";Não;2;0;0;0;0;1;0;2;-27,80621157;-48,63891542;SPRF-SC;DEL01/SC;UOP02-DEL01-SC
764804;13/04/2026;segunda-feira;11:30:00;MT;174;350;CONQUISTA DOESTE;Frear bruscamente;Saída de leito carroçável;Sem Vítimas;Pleno dia;Decrescente;Chuva;Simples;Reta;Não;2;0;0;0;0;1;0;2;-14,86134932;-59,29913998;SPRF-MT;DEL04/MT;UOP01-DEL04-MT
764811;13/04/2026;segunda-feira;13:50:00;ES;101;298,4;VIANA;Reação tardia ou ineficiente do condutor;Tombamento;Com Vítimas Feridas;Pleno dia;Crescente;Nublado;Simples;Reta;Sim;3;0;1;0;1;1;0;3;-20,35967;-40,417713;SPRF-ES;DEL01-ES;UOP01-DEL01-ES
764812;13/04/2026;segunda-feira;14:00:00;SC;280;30;ARAQUARI;Condutor deixou de manter distância do veículo da frente;Colisão traseira;Com Vítimas Feridas;Pleno dia;Crescente;Céu Claro;Simples;Reta;Não;3;0;1;0;1;0;0;3;-26,416848;-48,773112;SPRF-SC;DEL03/SC;UOP03-DEL03-SC
764813;13/04/2026;segunda-feira;13:00:00;MA;222;665;ACAILANDIA;Ausência de reação do condutor;Colisão transversal;Com Vítimas Fatais;Pleno dia;Crescente;Céu Claro;Simples;Reta;Sim;3;1;0;0;0;1;0;3;-4,91832342;-47,42664814;SPRF-MA;DEL04-MA;UOP03-DEL04-MA
764814;07/04/2026;terça-feira;07:25:00;PR;376;88,9;PARANAVAI;Transitar na contramão;Colisão frontal;Com Vítimas Feridas;Pleno dia;Crescente;Céu Claro;Simples;Declive;Não;3;0;1;1;2;0;0;3;-22,99424;-52,58855;SPRF-PR;DEL09/PR;UOP02-DEL09-PR
764816;13/04/2026;segunda-feira;12:40:00;RO;364;483,4;ARIQUEMES;Ultrapassagem Indevida;Colisão lateral mesmo sentido;Com Vítimas Feridas;Pleno dia;Crescente;Céu Claro;Simples;Reta;Não;3;0;0;1;1;2;0;2;-10,124974;-62,891771;SPRF-RO;DEL03-RO;UOP01-DEL03-RO
764825;11/04/2026;sábado;10:45:00;RJ;116;267,6;PIRAI;Velocidade Incompatível;Tombamento;Com Vítimas Fatais;Pleno dia;Crescente;Céu Claro;Dupla;"Curva;Declive";Não;4;1;0;0;0;2;0;3;-22,66673288;-43,84156861;SPRF-RJ;DEL07/RJ;UOP02-DEL07-RJ
764831;13/04/2026;segunda-feira;15:50:00;SC;470;89,8;ASCURRA;Acessar a via sem observar a presença dos outros veículos;Colisão transversal;Com Vítimas Feridas;Pleno dia;Decrescente;Sol;Simples;Reta;Não;2;0;0;1;1;1;0;2;-26,96766653;-49,3683943;SPRF-SC;DEL04/SC;UOP01-DEL04-SC
764836;13/04/2026;segunda-feira;12:50:00;PR;153;153,9;VENTANIA;Velocidade Incompatível;Saída de leito carroçável;Com Vítimas Feridas;Pleno dia;Crescente;Céu Claro;Simples;Curva;Não;2;0;1;0;1;0;0;2;-24,16594862;-50,2223129;SPRF-PR;DEL07/PR;UOP04-DEL07-PR
764840;13/04/2026;segunda-feira;15:20:00;GO;153;180;CAMPINORTE;Reação tardia ou ineficiente do condutor;Tombamento;Com Vítimas Feridas;Pleno dia;Decrescente;Céu Claro;Simples;Reta;Não;2;0;1;0;1;0;0;3;-14,35468832;-49,15850591;SPRF-GO;DEL07/GO;UOP02-DEL07-GO
764842;13/04/2026;segunda-feira;13:40:00;RS;386;165,4;ALMIRANTE TAMANDARE DO SUL;Ultrapassagem Indevida;Colisão frontal;Com Vítimas Fatais;Pleno dia;Decrescente;Céu Claro;Simples;"Declive;Reta";Não;5;2;2;0;2;1;0;3;-28,199533;-52,827727;SPRF-RS;DEL08/RS;UOP01-DEL08-RS
764843;13/04/2026;segunda-feira;14:15:00;SC;280;126,6;RIO NEGRINHO;Pedestre cruzava a pista fora da faixa;Atropelamento de Pedestre;Com Vítimas Feridas;Pleno dia;Crescente;Céu Claro;Simples;"Reta;Interseção de Vias";Sim;2;0;0;1;1;1;0;2;-26,2388732;-49,50086474;SPRF-SC;DEL06/SC;UOP03-DEL06-SC
764848;13/04/2026;segunda-feira;16:15:00;RS;287;392,6;SANTIAGO;Desrespeitar a preferência no cruzamento;Colisão transversal;Sem Vítimas;Pleno dia;Decrescente;Céu Claro;Simples;Interseção de Vias;Não;3;0;0;0;0;3;0;2;-29,21669941;-54,8434571;SPRF-RS;DEL12/RS;UOP02-DEL12-RS
764849;13/04/2026;segunda-feira;16:30:00;RJ;101;407,3;ITAGUAI;Acessar a via sem observar a presença dos outros veículos;Colisão lateral mesmo sentido;Com Vítimas Feridas;Pleno dia;Decrescente;Céu Claro;Dupla;Reta;Sim;4;0;1;0;1;2;0;3;-22,879549;-43,822845;SPRF-RJ;DEL03/RJ;UOP01-DEL03-RJ
764851;16/03/2026;segunda-feira;12:15:00;BA;324;556;AMELIA RODRIGUES;Ausência de reação do condutor;Engavetamento;Com Vítimas Fatais;Pleno dia;Crescente;Céu Claro;Dupla;Reta;Não;12;1;5;0;5;5;0;14;-12,482922;-38,666562;SPRF-BA;DEL11/BA;UOP02-DEL11-BA
764854;13/04/2026;segunda-feira;10:20:00;AM;174;886;MANAUS;Acessar a via sem observar a presença dos outros veículos;Colisão transversal;Com Vítimas Feridas;Pleno dia;Crescente;Céu Claro;Simples;"Reta;Interseção de Vias";Sim;3;0;1;0;1;2;0;2;-2,958982;-60,03256;SPRF-AM;DEL01-AM;UOP01-DEL01-AM
764857;13/04/2026;segunda-feira;13:30:00;SC;101;397,7;MARACAJA;Demais falhas mecânicas ou elétricas;Tombamento;Com Vítimas Feridas;Pleno dia;Crescente;Céu Claro;Dupla;Reta;Não;2;0;1;0;1;0;0;3;-28,84519055;-49,43251133;SPRF-SC;DEL02/SC;UOP02-DEL02-SC
764864;13/04/2026;segunda-feira;12:05:00;PR;277;589;CASCAVEL;Transitar no Acostamento;Colisão lateral mesmo sentido;Sem Vítimas;Pleno dia;Crescente;Sol;Simples;"Reta;Interseção de Vias";Sim;4;0;0;0;0;4;0;2;-24,967459;-53,4263;SPRF-PR;DEL04/PR;UOP01-DEL04-PR
764870;13/04/2026;segunda-feira;13:45:00;SC;158;131,1;CAIBI;Frear bruscamente;Colisão traseira;Com Vítimas Feridas;Pleno dia;Crescente;Sol;Simples;Curva;Não;5;0;1;0;1;3;0;3;-27,044755;-53,22566986;SPRF-SC;DEL07/SC;UOP02-DEL07-SC
764879;13/04/2026;segunda-feira;19:41:00;SC;470;54,4;BLUMENAU;Acessar a via sem observar a presença dos outros veículos;Colisão transversal;Sem Vítimas;Plena Noite;Crescente;Nublado;Simples;"Reta;Interseção de Vias";Não;3;0;0;0;0;2;0;3;-26,873248;-49,11419598;SPRF-SC;DEL04/SC;UOP01-DEL04-SC
764881;13/04/2026;segunda-feira;18:31:00;SC;282;492;FAXINAL DOS GUEDES;Mal súbito do condutor;Tombamento;Com Vítimas Feridas;Anoitecer;Decrescente;Céu Claro;Simples;Reta;Não;2;0;1;0;1;0;0;2;-26,87235363;-52,29436398;SPRF-SC;DEL07/SC;UOP01-DEL07-SC
764882;13/04/2026;segunda-feira;18:30:00;SC;101;24;JOINVILLE;Reação tardia ou ineficiente do condutor;Colisão traseira;Com Vítimas Feridas;Plena Noite;Decrescente;Nublado;Dupla;Reta;Sim;3;0;1;0;1;1;0;4;-26,17587587;-48,90779464;SPRF-SC;DEL03/SC;UOP01-DEL03-SC
764886;13/04/2026;segunda-feira;19:10:00;SC;101;152,5;PORTO BELO;Avarias e/ou desgaste excessivo no pneu;Tombamento;Com Vítimas Feridas;Plena Noite;Decrescente;Céu Claro;Dupla;Reta;Sim;4;0;0;1;1;2;0;3;-27,13736836;-48,6107254;SPRF-SC;DEL04/SC;UOP03-DEL04-SC
764888;13/04/2026;segunda-feira;19:33:00;MS;262;365;CAMPO GRANDE;Pedestre cruzava a pista fora da faixa;Atropelamento de Pedestre;Com Vítimas Fatais;Plena Noite;Decrescente;Nublado;Simples;Reta;Sim;3;1;0;0;0;1;0;3;-20,48649597;-54,74502023;SPRF-MS;DEL01/MS;UOP03-DEL01-MS
764890;13/04/2026;segunda-feira;20:13:00;SP;116;110,5;TAUBATE;Acessar a via sem observar a presença dos outros veículos;Colisão lateral mesmo sentido;Com Vítimas Feridas;Plena Noite;Decrescente;Céu Claro;Dupla;"Declive;Curva";Sim;2;0;1;0;1;1;0;2;-23,03710051;-45,55716489;SPRF-SP;DEL02/SP;UOP02-DEL02-SP
764891;13/04/2026;segunda-feira;19:00:00;MG;381;947,3;EXTREMA;Transitar no Acostamento;Colisão traseira;Sem Vítimas;Plena Noite;Crescente;Céu Claro;Dupla;"Reta;Interseção de Vias";Não;3;0;0;0;0;1;0;4;-22,86718796;-46,35240948;SPRF-MG;DEL16/MG;UOP03-DEL16-MG