id;data_inversa;dia_semana;horario;uf;br;km;municipio;causa_acidente;tipo_acidente;classificacao_acidente;fase_dia;sentido_via;condicao_metereologica;tipo_pista;tracado_via;uso_solo;pessoas;mortos;feridos_leves;feridos_graves;feridos;ilesos;ignorados;veiculos;latitude;longitude;regional;delegacia;uop
767912;28/04/2026;terça-feira;04:30:00;PR;277;364;GUARAPUAVA;Reação tardia ou ineficiente do condutor;Colisão lateral mesmo sentido;Sem Vítimas;Plena Noite;Decrescente;Céu Claro;Simples;Reta;Não;3;0;0;0;0;1;0;3;-25,4299719;-51,60251498;SPRF-PR;DEL08/PR;UOP01-DEL08-PR
767914;28/04/2026;terça-feira;03:44:00;MS;376;97,9;IVINHEMA;Transitar na contramão;Colisão frontal;Com Vítimas Fatais;Plena Noite;Crescente;Céu Claro;Simples;Reta;Não;3;1;0;0;0;1;0;3;-22,29336133;-53,91367659;SPRF-MS;DEL04/MS;UOP04-DEL04-MS
767916;28/04/2026;terça-feira;03:00:00;AL;101;4;NOVO LINO;Reação tardia ou ineficiente do condutor;Saída de leito carroçável;Sem Vítimas;Plena Noite;Decrescente;Garoa/Chuvisco;Dupla;"Reta;Retorno Regulamentado;Interseção de Vias";Não;1;0;0;0;0;1;0;1;-8,91987;-35,63565;SPRF-AL;DEL01-AL;UOP02-DEL01-AL
767919;28/04/2026;terça-feira;07:30:00;GO;452;143;BOM JESUS DE GOIAS;Ausência de reação do condutor;Colisão transversal;Sem Vítimas;Pleno dia;Crescente;Céu Claro;Simples;Reta;Não;3;0;0;0;0;2;0;5;-18,279859;-49,624379;SPRF-GO;DEL03/GO;UOP02-DEL03-GO
767929;16/04/2026;quinta-feira;19:00:00;MT;158;444,4;RIBEIRAO CASCALHEIRA;Ultrapassagem Indevida;Colisão traseira;Com Vítimas Feridas;Plena Noite;Decrescente;Céu Claro;Simples;"Curva;Aclive";Não;5;0;2;1;3;1;0;5;-13,10495745;-51,91636384;SPRF-MT;DEL07/MT;UOP02-DEL07-MT
767932;21/04/2026;terça-feira;16:20:00;PR;277;117,1;CAMPO LARGO;Acessar a via sem observar a presença dos outros veículos;Colisão lateral mesmo sentido;Com Vítimas Feridas;Pleno dia;Crescente;Céu Claro;Dupla;"Reta;Interseção de Vias";Sim;3;0;1;0;1;0;0;3;-25,4429727;-49,4538614;SPRF-PR;DEL01/PR;UOP07-DEL01-PR
767942;28/04/2026;terça-feira;08:50:00;SC;101;298,5;LAGUNA;Reação tardia ou ineficiente do condutor;Engavetamento;Com Vítimas Feridas;Pleno dia;Decrescente;Céu Claro;Múltipla;Reta;Não;6;0;1;0;1;5;0;4;-28,35099645;-48,73966455;SPRF-SC;DEL02/SC;UOP03-DEL02-SC
767947;23/01/2026;sexta-feira;23:30:00;SP;116;546;BARRA DO TURVO;Reação tardia ou ineficiente do condutor;Engavetamento;Com Vítimas Feridas;Plena Noite;Crescente;Chuva;Múltipla;"Curva;Declive";Não;14;0;3;0;3;10;0;16;-24,94687279;-48,42780304;SPRF-SP;DEL05/SP;UOP02-DEL05-SP
767948;28/04/2026;terça-feira;08:20:00;BA;110;370;CATU;Ultrapassagem Indevida;Colisão lateral sentido oposto;Com Vítimas Feridas;Pleno dia;Decrescente;Céu Claro;Simples;"Aclive;Curva";Não;3;0;0;1;1;1;0;4;-12,3823307;-38,3822477;SPRF-BA;DEL01/BA;UOP04-DEL01-BA
767954;28/04/2026;terça-feira;07:50:00;PR;116;40;CAMPINA GRANDE DO SUL;Ausência de reação do condutor;Colisão traseira;Com Vítimas Feridas;Amanhecer;Decrescente;Garoa/Chuvisco;Dupla;Reta;Não;3;0;1;0;1;1;0;5;-25,167958;-48,865722;SPRF-PR;DEL01/PR;UOP02-DEL01-PR
767956;28/04/2026;terça-feira;04:40:00;MG;116;222;CATUJI;Reação tardia ou ineficiente do condutor;Colisão traseira;Sem Vítimas;Plena Noite;Decrescente;Céu Claro;Simples;"Declive;Curva";Não;3;0;0;0;0;2;0;4;-17,421593;-41,512487;SPRF-MG;DEL11/MG;UOP01-DEL11-MG
767960;28/04/2026;terça-feira;08:45:00;RJ;465;21;NOVA IGUACU;Trafegar com motocicleta (ou similar) entre as faixas;Colisão transversal;Com Vítimas Feridas;Pleno dia;Decrescente;Nublado;Simples;Reta;Sim;4;0;1;0;1;3;0;2;-22,858879;-43,601817;SPRF-RJ;DEL06/RJ;UOP02-DEL06-RJ
767961;28/04/2026;terça-feira;07:15:00;RO;364;340,3;JI-PARANA;Manobra de mudança de faixa;Colisão lateral mesmo sentido;Com Vítimas Fatais;Pleno dia;Decrescente;Céu Claro;Dupla;"Reta;Interseção de Vias";Sim;2;1;0;0;0;1;0;2;-10,892635;-61,930685;SPRF-RO;DEL02-RO;UOP01-DEL02-RO
767963;22/04/2026;quarta-feira;06:55:00;SC;280;163,1;MAFRA;Condutor Dormindo;Colisão frontal;Com Vítimas Feridas;Pleno dia;Decrescente;Céu Claro;Simples;Reta;Não;5;0;1;1;2;1;0;5;-26,198349;-49,796559;SPRF-SC;DEL06/SC;UOP01-DEL06-SC
767964;28/04/2026;terça-feira;09:40:00;PR;373;199,3;IPIRANGA;Desrespeitar a preferência no cruzamento;Colisão transversal;Com Vítimas Feridas;Pleno dia;Decrescente;Chuva;Simples;"Interseção de Vias;Rotatória";Não;3;0;1;0;1;1;0;4;-25,085928;-50,410543;SPRF-PR;DEL03/PR;UOP01-DEL03-PR
767967;28/04/2026;terça-feira;10:45:00;SC;101;190;BIGUACU;Reação tardia ou ineficiente do condutor;Colisão lateral mesmo sentido;Com Vítimas Feridas;Pleno dia;Crescente;Nublado;Dupla;Reta;Não;3;0;1;0;1;1;0;4;-27,46978679;-48,64151565;SPRF-SC;DEL01/SC;UOP01-DEL01-SC
767968;28/04/2026;terça-feira;11:10:00;SP;153;56,7;SAO JOSE DO RIO PRETO;Ausência de reação do condutor;Colisão traseira;Com Vítimas Feridas;Pleno dia;Crescente;Céu Claro;Dupla;Reta;Sim;3;0;0;2;2;1;0;2;-20,767665;-49,348717;SPRF-SP;DEL09/SP;UOP01-DEL09-SP
767973;18/01/2026;domingo;15:10:00;ES;101;219;IBIRACU;Reação tardia ou ineficiente do condutor;Tombamento;Com Vítimas Feridas;Pleno dia;Crescente;Céu Claro;Dupla;Curva;Não;2;0;1;0;1;0;0;2;-19,84140733;-40,38380226;SPRF-ES;DEL02-ES;UOP01-DEL02-ES
767974;28/04/2026;terça-feira;07:45:00;MT;364;247,9;JUSCIMEIRA;Reação tardia ou ineficiente do condutor;Colisão traseira;Com Vítimas Feridas;Pleno dia;Crescente;Céu Claro;Dupla;"Aclive;Reta";Sim;3;0;1;0;1;1;0;5;-16,12153095;-54,85188067;SPRF-MT;DEL02/MT;UOP01-DEL02-MT
767975;28/04/2026;terça-feira;11:20:00;PR;476;147,3;ARAUCARIA;Demais falhas mecânicas ou elétricas;Saída de leito carroçável;Com Vítimas Feridas;Pleno dia;Decrescente;Chuva;Dupla;Curva;Não;4;0;1;0;1;2;0;4;-25,55612495;-49,34302077;SPRF-PR;DEL01/PR;UOP06-DEL01-PR
767977;28/04/2026;terça-feira;06:50:00;BA;242;300,8;IBIQUERA;Condutor deixou de manter distância do veículo da frente;Saída de leito carroçável;Com Vítimas Feridas;Pleno dia;Decrescente;Céu Claro;Simples;Reta;Não;3;0;0;1;1;1;0;4;-12,4614689;-40,89531898;SPRF-BA;DEL06/BA;UOP02-DEL06-BA
767978;28/04/2026;terça-feira;10:30:00;RJ;101;123,5;CAMPOS DOS GOYTACAZES;Condutor deixou de manter distância do veículo da frente;Colisão traseira;Com Vítimas Feridas;Pleno dia;Decrescente;Céu Claro;Dupla;Curva;Não;3;0;1;0;1;1;0;3;-22,04975;-41,685157;SPRF-RJ;DEL08/RJ;UOP04-DEL08-RJ
767979;28/04/2026;terça-feira;11:39:00;PR;116;125,9;FAZENDA RIO GRANDE;Trafegar com motocicleta (ou similar) entre as faixas;Tombamento;Com Vítimas Feridas;Pleno dia;Decrescente;Garoa/Chuvisco;Dupla;Reta;Não;2;0;1;0;1;0;0;2;-25,637882;-49,313039;SPRF-PR;DEL01/PR;UOP03-DEL01-PR
767983;28/04/2026;terça-feira;12:00:00;RJ;116;190;RIO DE JANEIRO;Pedestre andava na pista;Atropelamento de Pedestre;Com Vítimas Feridas;Pleno dia;Decrescente;Céu Claro;Dupla;Reta;Não;2;0;1;0;1;1;0;2;-22,80481702;-43,34525863;SPRF-RJ;DEL06/RJ;UOP01-DEL06-RJ
767988;28/04/2026;terça-feira;13:05:00;SP;116;467;JACUPIRANGA;Avarias e/ou desgaste excessivo no pneu;Incêndio;Sem Vítimas;Pleno dia;Decrescente;Chuva;Dupla;Reta;Sim;3;0;0;0;0;1;0;3;-24,65272951;-47,94986598;SPRF-SP;DEL05/SP;UOP01-DEL05-SP
767996;28/04/2026;terça-feira;10:30:00;SC;158;102;CUNHA PORA;Reação tardia ou ineficiente do condutor;Colisão lateral sentido oposto;Com Vítimas Feridas;Pleno dia;Crescente;Céu Claro;Simples;Curva;Não;3;0;2;0;2;1;0;2;-26,83678484;-53,17470521;SPRF-SC;DEL07/SC;UOP02-DEL07-SC
767998;28/04/2026;terça-feira;12:50:00;SP;116;66,3;GUARATINGUETA;Reação tardia ou ineficiente do condutor;Engavetamento;Com Vítimas Feridas;Pleno dia;Crescente;Sol;Dupla;Reta;Não;7;0;2;0;2;4;0;4;-22,82478334;-45,20347238;SPRF-SP;DEL08/SP;UOP01-DEL08-SP
768001;28/04/2026;terça-feira;14:15:00;SC;470;160,7;TROMBUDO CENTRAL;Velocidade Incompatível;Colisão traseira;Com Vítimas Feridas;Pleno dia;Decrescente;Nublado;Simples;"Declive;Curva";Sim;3;0;2;1;3;0;0;2;-27,285565;-49,80672;SPRF-SC;DEL04/SC;UOP02-DEL04-SC
768006;28/04/2026;terça-feira;07:50:00;PR;376;672,4;GUARATUBA;Reação tardia ou ineficiente do condutor;Colisão traseira;Com Vítimas Feridas;Pleno dia;Crescente;Chuva;Dupla;Reta;Não;4;0;1;0;1;3;0;2;-25,90386209;-48,92321197;SPRF-PR;DEL01/PR;UOP04-DEL01-PR
768007;28/04/2026;terça-feira;13:22:00;RN;226;211,3;FLORANIA;Ausência de reação do condutor;Colisão transversal;Com Vítimas Feridas;Pleno dia;Decrescente;Céu Claro;Simples;Curva;Não;3;0;1;0;1;1;0;3;-6,189604;-36,783868;SPRF-RN;DEL03-RN;UOP02-DEL03-RN
768008;28/04/2026;terça-feira;08:30:00;PR;376;652,7;TIJUCAS DO SUL;Reação tardia ou ineficiente do condutor;Tombamento;Com Vítimas Feridas;Pleno dia;Crescente;Chuva;Simples;"Declive;Curva";Não;2;0;0;1;1;0;0;2;-25,842352;-49,056895;SPRF-PR;DEL01/PR;UOP04-DEL01-PR
768010;28/04/2026;terça-feira;12:06:00;CE;116;224,6;SAO JOAO DO JAGUARIBE;Avarias e/ou desgaste excessivo no pneu;Saída de leito carroçável;Com Vítimas Feridas;Pleno dia;Crescente;Nevoeiro/Neblina;Simples;Reta;Não;2;0;2;0;2;0;0;1;-5,37704809;-38,21448863;SPRF-CE;DEL03/CE;UOP01-DEL03-CE
768011;19/03/2026;quinta-feira;13:40:00;MG;40;460,9;SETE LAGOAS;Velocidade Incompatível;Colisão traseira;Com Vítimas Feridas;Pleno dia;Crescente;Chuva;Dupla;"Reta;Aclive";Não;3;0;0;1;1;1;0;3;-19,40458;-44,33403;SPRF-MG;DEL02/MG;UOP01-DEL02-MG
768012;28/04/2026;terça-feira;13:20:00;CE;222;205,8;FORQUILHA;Velocidade Incompatível;Colisão transversal;Com Vítimas Fatais;Pleno dia;Decrescente;Nublado;Simples;Curva;Não;17;2;5;10;15;0;0;2;-3,78633241;-40,24171527;SPRF-CE;DEL04/CE;UOP01-DEL04-CE
768013;29/03/2026;domingo;19:30:00;PA;10;134;PARAGOMINAS;Manobra de mudança de faixa;Colisão frontal;Sem Vítimas;Plena Noite;Crescente;Céu Claro;Simples;Reta;Não;2;0;0;0;0;2;0;2;-3,2685021;-47,4710903;SPRF-PA;DEL02/PA;UOP01-DEL02-PA
768019;28/04/2026;terça-feira;10:50:00;CE;222;312;TIANGUA;Pedestre andava na pista;Atropelamento de Pedestre;Com Vítimas Fatais;Pleno dia;Decrescente;Céu Claro;Múltipla;Reta;Sim;3;1;0;0;0;1;0;5;-3,7168846;-40,99112749;SPRF-CE;DEL04/CE;UOP02-DEL04-CE
768021;28/04/2026;terça-feira;15:45:00;BA;324;535;CONCEICAO DO JACUIPE;Demais falhas mecânicas ou elétricas;Incêndio;Sem Vítimas;Pleno dia;Crescente;Céu Claro;Dupla;Reta;Sim;2;0;0;0;0;1;0;3;-12,3678114;-38,8157651;SPRF-BA;DEL11/BA;UOP02-DEL11-BA
768022;28/04/2026;terça-feira;14:30:00;PR;376;496;PONTA GROSSA;Ausência de reação do condutor;Colisão lateral mesmo sentido;Com Vítimas Feridas;Pleno dia;Decrescente;Chuva;Dupla;"Aclive;Reta";Sim;3;0;1;0;1;1;0;3;-25,165947;-50,115857;SPRF-PR;DEL03/PR;UOP03-DEL03-PR
768024;28/04/2026;terça-feira;08:20:00;MG;116;165,5;PADRE PARAISO;Transitar na contramão;Colisão frontal;Com Vítimas Feridas;Pleno dia;Crescente;Céu Claro;Simples;Reta;Não;6;0;2;3;5;1;0;2;-16,980183;-41,447984;SPRF-MG;DEL11/MG;UOP02-DEL11-MG
768028;28/04/2026;terça-feira;15:15:00;RS;392;79,6;PELOTAS;Transitar na contramão;Colisão frontal;Com Vítimas Fatais;Pleno dia;Decrescente;Céu Claro;Simples;Curva;Não;3;1;0;1;1;0;0;6;-31,678173;-52,453178;SPRF-RS;DEL07/RS;UOP01-DEL07-RS
768040;28/04/2026;terça-feira;16:00:00;RS;285;668,4;SAO BORJA;Reação tardia ou ineficiente do condutor;Tombamento;Com Vítimas Feridas;Pleno dia;Crescente;Céu Claro;Simples;Reta;Não;2;0;0;1;1;0;0;2;-28,661476;-55,926126;SPRF-RS;DEL12/RS;UOP01-DEL12-RS
768042;28/04/2026;terça-feira;16:30:00;RO;364;767;PORTO VELHO;Ingestão de álcool pelo condutor;Colisão transversal;Sem Vítimas;Pleno dia;Crescente;Céu Claro;Simples;Aclive;Não;3;0;0;0;0;2;0;5;-9,09636336;-64,091751;SPRF-RO;DEL01-RO;UOP02-DEL01-RO
768043;28/04/2026;terça-feira;17:10:00;GO;40;4,5;VALPARAISO DE GOIAS;Trafegar com motocicleta (ou similar) entre as faixas;Colisão lateral mesmo sentido;Com Vítimas Feridas;Pleno dia;Decrescente;Sol;Dupla;Reta;Sim;2;0;0;1;1;0;0;2;-16,087826;-47,985291;SPRF-DF;DEL01-DF;UOP01-DEL01-DF
768048;28/04/2026;terça-feira;18:30:00;SC;282;5;SAO JOSE;Manobra de mudança de faixa;Colisão lateral mesmo sentido;Com Vítimas Feridas;Plena Noite;Decrescente;Céu Claro;Múltipla;Reta;Sim;3;0;1;0;1;2;0;3;-27,58754;-48,61431;SPRF-SC;DEL01/SC;UOP01-DEL01-SC
768052;24/04/2026;sexta-feira;22:00:00;RJ;393;168;TRES RIOS;Acesso irregular;Colisão frontal;Com Vítimas Feridas;Plena Noite;Crescente;Céu Claro;Simples;Interseção de Vias;Não;3;0;1;0;1;2;0;2;-22,125037;-43,1743439;SPRF-RJ;DEL05/RJ;UOP01-DEL05-RJ
768053;28/04/2026;terça-feira;18:07:00;ES;447;14;VILA VELHA;Reação tardia ou ineficiente do condutor;Colisão com objeto;Sem Vítimas;Plena Noite;Decrescente;Céu Claro;Dupla;Reta;Sim;4;0;0;0;0;3;0;4;-20,347546;-40,330575;SPRF-ES;DEL01-ES;UOP01-DEL01-ES
768059;28/04/2026;terça-feira;19:50:00;MG;381;810,9;CAREACU;Demais falhas mecânicas ou elétricas;Incêndio;Sem Vítimas;Plena Noite;Crescente;Céu Claro;Dupla;Curva;Não;1;0;0;0;0;1;0;1;-22,00003683;-45,67359924;SPRF-MG;DEL16/MG;UOP02-DEL16-MG
768073;28/04/2026;terça-feira;20:10:00;PR;376;449;TIBAGI;Ausência de reação do condutor;Saída de leito carroçável;Com Vítimas Feridas;Plena Noite;Decrescente;Chuva;Dupla;"Aclive;Curva";Não;3;0;1;0;1;1;0;3;-24,91138056;-50,4161396;SPRF-PR;DEL03/PR;UOP02-DEL03-PR
768076;28/04/2026;terça-feira;21:25:00;MG;381;410;CAETE;Reação tardia ou ineficiente do condutor;Colisão traseira;Com Vítimas Fatais;Plena Noite;Crescente;Céu Claro;Dupla;Reta;Não;3;1;0;0;0;1;0;3;-19,74146;-43,61038;SPRF-MG;DEL01/MG;UOP01-DEL01-MG
768078;28/04/2026;terça-feira;21:10:00;SC;282;2,7;FLORIANOPOLIS;Objeto estático sobre o leito carroçável;Colisão traseira;Com Vítimas Feridas;Plena Noite;Crescente;Céu Claro;Múltipla;Reta;Sim;2;0;0;1;1;1;0;2;-27,60227142;-48,59596102;SPRF-SC;DEL01/SC;UOP01-DEL01-SC
768081;28/04/2026;terça-feira;21:20:00;AL;101;122,6;SAO MIGUEL DOS CAMPOS;Deficiência do Sistema de Iluminação/Sinalização;Colisão frontal;Com Vítimas Fatais;Plena Noite;Crescente;Chuva;Simples;Curva;Não;4;1;0;2;2;0;0;5;-9,710784;-36,040038;SPRF-AL;DEL02-AL;UOP01-DEL02-AL
768092;28/04/2026;terça-feira;22:00:00;MG;381;536;ITATIAIUCU;Ausência de reação do condutor;Colisão lateral mesmo sentido;Com Vítimas Feridas;Plena Noite;Crescente;Céu Claro;Dupla;Reta;Não;3;0;1;0;1;2;0;2;-20,19791334;-44,38534928;SPRF-MG;DEL04/MG;UOP03-DEL04-MG
768094;28/04/2026;terça-feira;22:00:00;MG;262;354;BETIM;Reação tardia ou ineficiente do condutor;Saída de leito carroçável;Com Vítimas Feridas;Pleno dia;Crescente;Céu Claro;Dupla;Reta;Não;3;0;1;0;1;1;0;5;-19,978485;-44,253611;SPRF-MG;DEL01/MG;UOP03-DEL01-MG
768096;28/04/2026;terça-feira;18:30:00;MT;70;7;BARRA DO GARCAS;Acessar a via sem observar a presença dos outros veículos;Colisão transversal;Com Vítimas Feridas;Plena Noite;Decrescente;Céu Claro;Dupla;Reta;Não;2;0;1;0;1;0;0;2;-15,8782538;-52,31324673;SPRF-MT;DEL07/MT;UOP01-DEL07-MT
768099;28/04/2026;terça-feira;22:40:00;SC;280;56;GUARAMIRIM;Acessar a via sem observar a presença dos outros veículos;Colisão transversal;Com Vítimas Feridas;Plena Noite;Crescente;Garoa/Chuvisco;Dupla;"Reta;Rotatória";Sim;2;0;1;0;1;1;0;2;-26,47879816;-49,00096385;SPRF-SC;DEL03/SC;UOP03-DEL03-SC
768100;28/04/2026;terça-feira;18:58:00;PI;343;317,4;ALTOS;Ausência de reação do condutor;Atropelamento de Pedestre;Com Vítimas Fatais;Plena Noite;Decrescente;Céu Claro;Simples;"Reta;Declive";Não;3;2;0;0;0;1;0;3;-5,044748;-42,54586;SPRF-PI;DEL01-PI;UOP01-DEL01-PI
768101;28/04/2026;terça-feira;20:50:00;SC;282;277;HERVAL DOESTE;Acumulo de água sobre o pavimento;Saída de leito carroçável;Com Vítimas Feridas;Plena Noite;Crescente;Chuva;Simples;"Curva;Declive";Não;1;0;1;0;1;0;0;1;-27,21913;-51,462469;SPRF-SC;DEL05/SC;UOP02-DEL05-SC
768102;28/04/2026;terça-feira;19:00:00;MA;230;336;SAO RAIMUNDO DAS MANGABEIRAS;Demais falhas mecânicas ou elétricas;Eventos atípicos;Com Vítimas Feridas;Plena Noite;Decrescente;Céu Claro;Simples;Reta;Sim;2;0;0;1;1;1;0;1;-7,108952;-45,64813;SPRF-MA;DEL05-MA;UOP01-DEL05-MA
768103;28/04/2026;terça-feira;20:58:00;PA;10;74;ULIANOPOLIS;Ultrapassagem Indevida;Colisão lateral mesmo sentido;Sem Vítimas;Plena Noite;Decrescente;Céu Claro;Simples;"Aclive;Reta";Não;4;0;0;0;0;2;0;4;-3,907573;-47,528537;SPRF-PA;DEL02/PA;UOP02-DEL02-PA
768104;28/04/2026;terça-feira;21:20:00;SP;116;545;BARRA DO TURVO;Reação tardia ou ineficiente do condutor;Engavetamento;Com Vítimas Feridas;Plena Noite;Crescente;Garoa/Chuvisco;Múltipla;"Curva;Declive";Não;7;0;1;0;1;5;0;8;-24,94706448;-48,42530664;SPRF-SP;DEL05/SP;UOP02-DEL05-SP
768105;28/04/2026;terça-feira;23:15:00;MG;50;24,6;ARAGUARI;Condutor Dormindo;Colisão lateral mesmo sentido;Com Vítimas Feridas;Plena Noite;Crescente;Céu Claro;Dupla;"Curva;Declive";Não;3;0;2;0;2;0;0;2;-18,61025942;-48,07350642;SPRF-MG;DEL15/MG;UOP02-DEL15-MG
768106;28/04/2026;terça-feira;19:00:00;CE;222;343,9;UBAJARA;Demais falhas mecânicas ou elétricas;Incêndio;Sem Vítimas;Plena Noite;Crescente;Céu Claro;Simples;"Reta;Declive";Não;2;0;0;0;0;1;0;3;-3,90501036;-41,20270818;SPRF-CE;DEL04/CE;UOP02-DEL04-CE
768108;29/04/2026;quarta-feira;00:02:00;SE;101;196,5;CRISTINAPOLIS;Velocidade Incompatível;Tombamento;Com Vítimas Feridas;Plena Noite;Decrescente;Nublado;Simples;"Curva;Declive";Não;2;0;1;0;1;0;0;2;-11,4564274;-37,73442388;SPRF-SE;DEL02-SE;UOP03-DEL02-SE
768114;29/04/2026;quarta-feira;03:51:00;SP;116;352;MIRACATU;Condutor Dormindo;Colisão traseira;Com Vítimas Feridas;Plena Noite;Crescente;Ignorado;Dupla;"Declive;Reta";Não;3;0;1;0;1;1;0;3;-24,10135486;-47,25920105;SPRF-SP;DEL04/SP;UOP03-DEL04-SP
768115;29/04/2026;quarta-feira;04:05:00;RN;226;317,7;JANDUIS;Ingestão de álcool pelo condutor;Saída de leito carroçável;Com Vítimas Feridas;Plena Noite;Decrescente;Céu Claro;Simples;Reta;Não;1;0;1;0;1;0;0;1;-6,051119;-37,471618;SPRF-RN;DEL04-RN;UOP01-DEL04-RN
768117;29/04/2026;quarta-feira;04:15:00;RS;290;16,5;SANTO ANTONIO DA PATRULHA;Acessar a via sem observar a presença dos outros veículos;Atropelamento de Pedestre;Com Vítimas Feridas;Plena Noite;Decrescente;Nublado;Dupla;Reta;Não;3;0;0;1;1;1;0;3;-29,87223191;-50,41914532;SPRF-RS;DEL03/RS;UOP01-DEL03-RS
768140;17/04/2026;sexta-feira;21:00:00;PR;376;599,4;CURITIBA;Ultrapassagem Indevida;Colisão traseira;Sem Vítimas;Plena Noite;Decrescente;Céu Claro;Dupla;Reta;Sim;3;0;0;0;0;2;0;5;-25,49935368;-49,34206573;SPRF-PR;DEL01/PR;UOP03-DEL01-PR
768141;09/04/2026;quinta-feira;16:00:00;PR;376;484,8;PONTA GROSSA;Condutor deixou de manter distância do veículo da frente;Engavetamento;Com Vítimas Fatais;Pleno dia;Crescente;Céu Claro;Dupla;"Curva;Declive";Sim;9;2;4;0;4;2;0;9;-25,10383949;-50,19590892;SPRF-PR;DEL03/PR;UOP03-DEL03-PR
768147;29/04/2026;quarta-feira;09:10:00;RJ;116;190;NOVA IGUACU;Manobra de mudança de faixa;Colisão lateral mesmo sentido;Com Vítimas Feridas;Pleno dia;Decrescente;Céu Claro;Múltipla;Reta;Sim;2;0;1;0;1;1;0;2;-22,74377514;-43,50626556;SPRF-RJ;DEL06/RJ;UOP01-DEL06-RJ
768153;29/04/2026;quarta-feira;09:30:00;SP;116;364,8;MIRACATU;Velocidade Incompatível;Tombamento;Com Vítimas Feridas;Pleno dia;Decrescente;Céu Claro;Dupla;Curva;Não;2;0;1;0;1;0;0;2;-24,14527243;-47,2746299;SPRF-SP;DEL04/SP;UOP02-DEL04-SP
768157;29/04/2026;quarta-feira;09:55:00;RS;101;21,1;TRES CACHOEIRAS;Manobra de mudança de faixa;Colisão lateral mesmo sentido;Com Vítimas Feridas;Pleno dia;Crescente;Céu Claro;Dupla;"Curva;Ponte";Não;4;0;1;0;1;2;0;3;-29,436955;-49,895945;SPRF-RS;DEL03/RS;UOP02-DEL03-RS
768159;04/03/2026;quarta-feira;19:19:00;SP;116;204;ARUJA;Reação tardia ou ineficiente do condutor;Colisão lateral mesmo sentido;Com Vítimas Feridas;Plena Noite;Decrescente;Ignorado;Múltipla;Reta;Sim;2;0;1;0;1;1;0;2;-23,41186448;-46,3549962;SPRF-SP;DEL01/SP;UOP01-DEL01-SP
768161;29/04/2026;quarta-feira;10:00:00;PR;116;98;SAO JOSE DOS PINHAIS;Acessar a via sem observar a presença dos outros veículos;Colisão lateral mesmo sentido;Com Vítimas Feridas;Pleno dia;Crescente;Chuva;Dupla;Reta;Sim;3;0;1;0;1;1;0;3;-25,55017485;-49,15021118;SPRF-PR;DEL01/PR;UOP08-DEL01-PR
768165;28/04/2026;terça-feira;16:00:00;MA;135;47,3;BACABEIRA;Condutor deixou de manter distância do veículo da frente;Colisão traseira;Com Vítimas Feridas;Anoitecer;Decrescente;Garoa/Chuvisco;Dupla;Reta;Sim;3;0;1;0;1;2;0;2;-2,941083;-44,329613;SPRF-MA;DEL01-MA;UOP01-DEL01-MA
768167;29/04/2026;quarta-feira;10:40:00;PR;277;321,9;GUARAPUAVA;Ausência de reação do condutor;Saída de leito carroçável;Com Vítimas Feridas;Pleno dia;Crescente;Chuva;Simples;Curva;Não;3;0;3;0;3;0;0;1;-25,36317;-51,24472;SPRF-PR;DEL08/PR;UOP01-DEL08-PR
768170;29/04/2026;quarta-feira;04:11:00;MT;163;1114;GUARANTA DO NORTE;Ausência de reação do condutor;Colisão traseira;Com Vítimas Feridas;Amanhecer;Decrescente;Nevoeiro/Neblina;Simples;Reta;Não;4;0;2;0;2;1;0;5;-9,6833648;-54,88045563;SPRF-MT;DEL06/MT;UOP03-DEL06-MT
768171;25/04/2026;sábado;16:50:00;BA;407;73;JAGUARARI;Animais na Pista;Atropelamento de Animal;Sem Vítimas;Pleno dia;Decrescente;Céu Claro;Simples;Reta;Não;5;0;0;0;0;5;0;1;-10,00044925;-40,23634851;SPRF-BA;DEL04/BA;UOP01-DEL04-BA
768172;29/04/2026;quarta-feira;10:30:00;SC;282;54,3;AGUAS MORNAS;Ausência de reação do condutor;Colisão frontal;Com Vítimas Feridas;Pleno dia;Crescente;Chuva;Simples;Curva;Não;3;0;1;1;2;1;0;2;-27,68795961;-48,97589777;SPRF-SC;DEL01/SC;UOP03-DEL01-SC
768180;09/04/2026;quinta-feira;17:33:00;PE;423;97;GARANHUNS;Ausência de reação do condutor;Colisão lateral mesmo sentido;Com Vítimas Feridas;Pleno dia;Crescente;Céu Claro;Simples;"Reta;Aclive";Sim;4;0;0;2;2;1;0;4;-8,87903436;-36,49607627;SPRF-PE;DEL03/PE;UOP01-DEL03-PE
768182;29/04/2026;quarta-feira;10:00:00;SC;101;48;JOINVILLE;Manobra de mudança de faixa;Colisão frontal;Com Vítimas Feridas;Pleno dia;Decrescente;Chuva;Múltipla;Reta;Não;7;0;1;0;1;5;0;10;-26,37516956;-48,85496585;SPRF-SC;DEL03/SC;UOP01-DEL03-SC
768194;29/04/2026;quarta-feira;13:50:00;SP;116;511;CAJATI;Reação tardia ou ineficiente do condutor;Saída de leito carroçável;Com Vítimas Feridas;Pleno dia;Decrescente;Chuva;Simples;Curva;Não;2;0;1;0;1;0;0;2;-24,86072516;-48,21104944;SPRF-SP;DEL05/SP;UOP02-DEL05-SP