id;data_inversa;dia_semana;horario;uf;br;km;municipio;causa_acidente;tipo_acidente;classificacao_acidente;fase_dia;sentido_via;condicao_metereologica;tipo_pista;tracado_via;uso_solo;pessoas;mortos;feridos_leves;feridos_graves;feridos;ilesos;ignorados;veiculos;latitude;longitude;regional;delegacia;uop
770396;09/05/2026;sábado;04:23:00;PR;116;61;QUATRO BARRAS;Acumulo de água sobre o pavimento;Saída de leito carroçável;Com Vítimas Feridas;Plena Noite;Decrescente;Chuva;Dupla;Curva;Não;3;0;1;0;1;1;0;3;-25,30359813;-48,96295041;SPRF-PR;DEL01/PR;UOP02-DEL01-PR
770397;08/05/2026;sexta-feira;13:15:00;GO;153;225;HIDROLINA;Reação tardia ou ineficiente do condutor;Saída de leito carroçável;Com Vítimas Feridas;Pleno dia;Crescente;Céu Claro;Simples;"Declive;Reta";Não;2;0;1;0;1;0;0;2;-14,73885;-49,2444632;SPRF-GO;DEL07/GO;UOP02-DEL07-GO
770403;09/05/2026;sábado;05:20:00;TO;153;661;GURUPI;Ausência de reação do condutor;Colisão lateral sentido oposto;Com Vítimas Feridas;Amanhecer;Crescente;Céu Claro;Simples;Reta;Não;7;0;0;1;1;5;0;5;-11,62065203;-49,04721022;SPRF-TO;DEL01-TO;UOP02-DEL01-TO
770405;09/05/2026;sábado;05:30:00;PR;376;499;PONTA GROSSA;Reação tardia ou ineficiente do condutor;Saída de leito carroçável;Com Vítimas Feridas;Amanhecer;Crescente;Chuva;Dupla;"Viaduto;Reta;Declive";Não;3;0;0;1;1;1;0;6;-25,183809;-50,090965;SPRF-PR;DEL03/PR;UOP03-DEL03-PR
770412;09/05/2026;sábado;05:30:00;GO;60;410;RIO VERDE;Ausência de reação do condutor;Colisão traseira;Com Vítimas Feridas;Amanhecer;Crescente;Céu Claro;Dupla;Reta;Não;2;0;0;1;1;1;0;2;-17,81777;-51,16296;SPRF-GO;DEL04/GO;UOP02-DEL04-GO
770417;08/05/2026;sexta-feira;17:30:00;PR;116;118;CURITIBA;Reação tardia ou ineficiente do condutor;Tombamento;Com Vítimas Feridas;Plena Noite;Crescente;Chuva;Dupla;Reta;Sim;5;0;0;2;2;1;0;5;-25,569578;-49,31065;SPRF-PR;DEL01/PR;UOP03-DEL01-PR
770420;09/05/2026;sábado;04:00:00;SP;116;218;GUARULHOS;Condutor Dormindo;Saída de leito carroçável;Sem Vítimas;Plena Noite;Decrescente;Céu Claro;Múltipla;Aclive;Sim;2;0;0;0;0;0;1;2;-23,45712463;-46,47781134;SPRF-SP;DEL01/SP;UOP01-DEL01-SP
770422;08/05/2026;sexta-feira;19:30:00;AP;210;33;PORTO GRANDE;Ultrapassagem Indevida;Colisão lateral mesmo sentido;Com Vítimas Feridas;Plena Noite;Crescente;Céu Claro;Simples;Reta;Não;5;0;0;1;1;4;0;2;0,56835006;-51,18490601;SPRF-AP;DEL01-AP;UOP01-DEL01-AP
770426;09/05/2026;sábado;00:40:00;MG;381;377;SAO GONCALO DO RIO ABAIXO;Ultrapassagem Indevida;Colisão lateral sentido oposto;Com Vítimas Feridas;Plena Noite;Crescente;Céu Claro;Simples;"Reta;Aclive";Não;3;0;0;1;1;1;0;3;-19,83809117;-43,34381104;SPRF-MG;DEL01/MG;UOP01-DEL01-MG
770427;09/05/2026;sábado;05:40:00;BA;101;413;IBIRAPITANGA;Demais falhas mecânicas ou elétricas;Incêndio;Sem Vítimas;Amanhecer;Decrescente;Chuva;Simples;Aclive;Não;2;0;0;0;0;1;0;3;-14,072997;-39,38715;SPRF-BA;DEL05/BA;UOP03-DEL05-BA
770435;09/05/2026;sábado;05:00:00;MS;267;3,9;BATAGUASSU;Ultrapassagem Indevida;Colisão lateral sentido oposto;Sem Vítimas;Amanhecer;Decrescente;Garoa/Chuvisco;Simples;Curva;Não;7;0;0;0;0;5;0;6;-21,75463485;-52,18239985;SPRF-MS;DEL02/MS;UOP04-DEL02-MS
770449;09/05/2026;sábado;09:03:00;ES;101;380,3;ICONHA;Reação tardia ou ineficiente do condutor;Colisão frontal;Com Vítimas Fatais;Pleno dia;Decrescente;Sol;Simples;Reta;Não;5;1;1;0;1;1;0;4;-20,808638;-40,835659;SPRF-ES;DEL03-ES;UOP01-DEL03-ES
770451;09/05/2026;sábado;05:30:00;PR;277;528;GUARANIACU;Ausência de reação do condutor;Colisão com objeto;Com Vítimas Feridas;Plena Noite;Crescente;Nublado;Simples;"Curva;Declive";Não;2;0;1;0;1;0;0;3;-25,09106;-52,918699;SPRF-PR;DEL04/PR;UOP04-DEL04-PR
770454;09/05/2026;sábado;07:00:00;SE;101;44;JAPARATUBA;Condutor Dormindo;Saída de leito carroçável;Com Vítimas Feridas;Pleno dia;Crescente;Chuva;Dupla;"Curva;Aclive";Não;1;0;1;0;1;0;0;1;-10,551882;-36,972279;SPRF-SE;DEL02-SE;UOP02-DEL02-SE
770465;09/05/2026;sábado;07:10:00;BA;101;24;ESPLANADA;Velocidade Incompatível;Colisão traseira;Com Vítimas Feridas;Pleno dia;Decrescente;Céu Claro;Dupla;"Declive;Desvio Temporário";Não;2;0;1;0;1;0;0;2;-11,692887;-37,902612;SPRF-SE;DEL02-SE;UOP03-DEL02-SE
770466;09/05/2026;sábado;10:12:00;MG;40;480,5;SETE LAGOAS;Reação tardia ou ineficiente do condutor;Colisão traseira;Com Vítimas Feridas;Pleno dia;Decrescente;Céu Claro;Dupla;"Declive;Reta";Não;29;0;7;0;7;22;0;2;-19,54712;-44,24683;SPRF-MG;DEL02/MG;UOP01-DEL02-MG
770470;09/05/2026;sábado;07:30:00;GO;70;402;MONTES CLAROS DE GOIAS;Transitar na contramão;Colisão lateral sentido oposto;Com Vítimas Feridas;Amanhecer;Decrescente;Sol;Simples;Reta;Não;3;0;0;1;1;1;0;2;-15,87020444;-51,54613495;SPRF-GO;DEL04/GO;UOP02-DEL04-GO
770478;09/05/2026;sábado;07:20:00;SC;282;399;JOACABA;Transitar na contramão;Colisão frontal;Com Vítimas Fatais;Pleno dia;Crescente;Céu Claro;Simples;Curva;Não;6;1;0;1;1;3;0;6;-27,1427;-51,61427;SPRF-SC;DEL07/SC;UOP05-DEL07-SC
770488;07/03/2026;sábado;04:00:00;PA;163;404,9;ITAITUBA;Ausência de reação do condutor;Colisão frontal;Com Vítimas Feridas;Plena Noite;Crescente;Ignorado;Simples;Curva;Não;2;0;1;0;1;1;0;2;-6,2595244;-55,60654656;SPRF-PA;DEL05/PA;UOP03-DEL05-PA
770502;22/03/2026;domingo;08:55:00;GO;80;102;VILA PROPICIO;Condutor Dormindo;Saída de leito carroçável;Com Vítimas Feridas;Pleno dia;Crescente;Sol;Simples;Reta;Não;1;0;0;1;1;0;0;1;-15,2053496;-48,73260498;SPRF-GO;DEL07/GO;UOP02-DEL07-GO
770518;27/04/2026;segunda-feira;14:20:00;MG;116;561;MANHUACU;Acessar a via sem observar a presença dos outros veículos;Colisão transversal;Com Vítimas Fatais;Pleno dia;Crescente;Céu Claro;Simples;Reta;Sim;2;1;0;0;0;1;0;2;-20,047092;-42,178822;SPRF-MG;DEL06/MG;UOP03-DEL06-MG
770519;29/01/2026;quinta-feira;13:20:00;ES;101;264,5;SERRA;Entrada inopinada do pedestre;Atropelamento de Pedestre;Com Vítimas Feridas;Pleno dia;Decrescente;Céu Claro;Dupla;Curva;Sim;2;0;0;1;1;0;0;2;-20,18204992;-40,26546031;SPRF-ES;DEL02-ES;UOP01-DEL02-ES
770520;09/05/2026;sábado;13:12:00;MG;116;600;SAO JOAO DO MANHUACU;Ausência de reação do condutor;Tombamento;Com Vítimas Feridas;Pleno dia;Decrescente;Céu Claro;Simples;Curva;Não;2;0;1;0;1;0;0;2;-20,30184109;-42,14970589;SPRF-MG;DEL06/MG;UOP03-DEL06-MG
770521;09/05/2026;sábado;14:00:00;SC;280;90,9;CORUPA;Reação tardia ou ineficiente do condutor;Tombamento;Com Vítimas Feridas;Pleno dia;Decrescente;Chuva;Simples;"Declive;Curva";Não;2;0;1;0;1;0;0;2;-26,399648;-49,296331;SPRF-SC;DEL06/SC;UOP03-DEL06-SC
770524;08/04/2026;quarta-feira;14:45:00;GO;153;171;CAMPINORTE;Acessar a via sem observar a presença dos outros veículos;Colisão transversal;Com Vítimas Feridas;Pleno dia;Crescente;Céu Claro;Simples;"Reta;Em Obras;Retorno Regulamentado";Sim;3;0;0;1;1;1;0;3;-14,28296057;-49,14879101;SPRF-GO;DEL07/GO;UOP02-DEL07-GO
770532;08/05/2026;sexta-feira;21:30:00;SC;153;4,1;AGUA DOCE;Ingestão de álcool pelo condutor;Tombamento;Com Vítimas Feridas;Plena Noite;Crescente;Céu Claro;Simples;"Curva;Declive";Não;2;0;1;0;1;0;0;2;-26,6411243;-51,5128677;SPRF-SC;DEL07/SC;UOP07-DEL07-SC
770535;09/05/2026;sábado;14:55:00;SC;280;143,2;MAFRA;Curva acentuada;Colisão lateral sentido oposto;Com Vítimas Feridas;Pleno dia;Crescente;Chuva;Simples;Curva;Não;4;0;1;0;1;2;0;3;-26,1164;-49,8091;SPRF-SC;DEL06/SC;UOP03-DEL06-SC
770536;09/05/2026;sábado;15:15:00;GO;153;517,9;HIDROLANDIA;Ausência de reação do condutor;Colisão lateral mesmo sentido;Com Vítimas Feridas;Pleno dia;Crescente;Nublado;Dupla;Reta;Não;6;0;1;0;1;4;0;4;-16,8584545;-49,2495734;SPRF-GO;DEL01/GO;UOP03-DEL01-GO
770537;19/04/2026;domingo;14:26:00;RJ;116;273;BARRA MANSA;Ausência de reação do condutor;Colisão com objeto;Com Vítimas Fatais;Pleno dia;Crescente;Céu Claro;Dupla;Curva;Sim;15;2;5;3;8;3;0;12;-22,47021516;-44,27925653;SPRF-RJ;DEL07/RJ;UOP02-DEL07-RJ
770539;09/05/2026;sábado;15:30:00;MG;50;52;ARAGUARI;Reação tardia ou ineficiente do condutor;Colisão com objeto;Com Vítimas Feridas;Pleno dia;Crescente;Céu Claro;Dupla;"Declive;Reta";Não;2;0;0;1;1;0;0;2;-18,75692;-48,240507;SPRF-MG;DEL15/MG;UOP02-DEL15-MG
770543;09/05/2026;sábado;16:10:00;SE;101;54;JAPARATUBA;Reação tardia ou ineficiente do condutor;Colisão frontal;Com Vítimas Feridas;Pleno dia;Crescente;Chuva;Simples;"Declive;Em Obras";Não;4;0;2;0;2;1;0;3;-10,63007199;-37,00100899;SPRF-SE;DEL02-SE;UOP02-DEL02-SE
770559;09/05/2026;sábado;15:05:00;PR;376;290;MAUA DA SERRA;Chuva;Colisão com objeto;Sem Vítimas;Pleno dia;Crescente;Nevoeiro/Neblina;Dupla;Curva;Sim;3;0;0;0;0;3;0;1;-23,90418546;-51,223056;SPRF-PR;DEL07/PR;UOP02-DEL07-PR
770562;09/05/2026;sábado;15:30:00;MS;163;670;RIO VERDE DE MATO GROSSO;Ausência de reação do condutor;Colisão lateral mesmo sentido;Com Vítimas Feridas;Pleno dia;Crescente;Chuva;Simples;"Reta;Declive";Não;4;0;1;1;2;1;0;4;-19,00308575;-54,83186513;SPRF-MS;DEL06/MS;UOP02-DEL06-MS
770565;09/05/2026;sábado;17:20:00;MA;230;390;BALSAS;Manobra de mudança de faixa;Colisão lateral mesmo sentido;Sem Vítimas;Plena Noite;Crescente;Céu Claro;Simples;Reta;Não;2;0;0;0;0;2;0;2;-7,49775254;-46,02671417;SPRF-MA;DEL05-MA;UOP01-DEL05-MA
770566;09/05/2026;sábado;18:15:00;PE;101;78;JABOATAO DOS GUARARAPES;Ultrapassagem Indevida;Colisão lateral mesmo sentido;Com Vítimas Feridas;Plena Noite;Crescente;Chuva;Dupla;Reta;Sim;4;0;0;1;1;2;0;4;-8,1401;-34,94662;SPRF-PE;DEL01/PE;UOP01-DEL01-PE
770578;09/05/2026;sábado;11:30:00;PR;116;59,5;CAMPINA GRANDE DO SUL;Velocidade Incompatível;Colisão com objeto;Com Vítimas Feridas;Pleno dia;Crescente;Chuva;Dupla;"Curva;Aclive";Não;2;0;1;0;1;0;0;2;-25,30509729;-48,94992225;SPRF-PR;DEL01/PR;UOP02-DEL01-PR
770585;09/05/2026;sábado;19:11:00;PE;232;492;VERDEJANTE;Manobra de mudança de faixa;Colisão frontal;Com Vítimas Feridas;Plena Noite;Crescente;Céu Claro;Simples;Reta;Não;2;0;0;1;1;1;0;2;-8,013872;-39,002345;SPRF-PE;DEL05/PE;UOP01-DEL05-PE
770587;09/05/2026;sábado;19:00:00;MS;163;636;SAO GABRIEL DO OESTE;Transitar na contramão;Colisão frontal;Com Vítimas Feridas;Plena Noite;Crescente;Garoa/Chuvisco;Simples;"Em Obras;Reta;Desvio Temporário";Não;3;0;0;1;1;1;0;3;-19,232641;-54,683816;SPRF-MS;DEL06/MS;UOP02-DEL06-MS
770590;09/05/2026;sábado;18:00:00;CE;222;329;TIANGUA;Acesso irregular;Colisão lateral sentido oposto;Com Vítimas Fatais;Plena Noite;Crescente;Nublado;Simples;Reta;Não;4;2;0;0;0;1;0;3;-3,82613;-41,10781;SPRF-CE;DEL04/CE;UOP02-DEL04-CE
770596;19/04/2026;domingo;08:55:00;BA;116;585;NOVA ITARANA;Ultrapassagem Indevida;Colisão transversal;Com Vítimas Feridas;Pleno dia;Crescente;Céu Claro;Simples;"Aclive;Curva";Não;5;0;0;2;2;2;0;3;-13,135526;-39,995634;SPRF-BA;DEL03/BA;UOP02-DEL03-BA
770598;09/05/2026;sábado;19:50:00;RS;392;91;PELOTAS;Transitar na contramão;Colisão lateral sentido oposto;Com Vítimas Feridas;Plena Noite;Crescente;Céu Claro;Simples;"Aclive;Reta";Não;4;0;2;0;2;1;0;4;-31,599592;-52,5257885;SPRF-RS;DEL07/RS;UOP01-DEL07-RS
770602;09/05/2026;sábado;17:15:00;MG;365;391;PATOS DE MINAS;Reação tardia ou ineficiente do condutor;Colisão traseira;Com Vítimas Fatais;Anoitecer;Crescente;Céu Claro;Simples;Reta;Não;3;1;0;0;0;1;0;3;-18,637777;-46,33043;SPRF-MG;DEL10/MG;UOP01-DEL10-MG
770604;09/05/2026;sábado;20:15:00;GO;153;355;JARAGUA;Manobra de mudança de faixa;Colisão transversal;Com Vítimas Feridas;Plena Noite;Crescente;Céu Claro;Simples;Reta;Não;3;0;0;1;1;1;0;3;-15,73141852;-49,32483598;SPRF-GO;DEL02/GO;UOP02-DEL02-GO
770607;09/05/2026;sábado;19:20:00;MS;163;833;SONORA;Demais falhas mecânicas ou elétricas;Incêndio;Sem Vítimas;Plena Noite;Decrescente;Nevoeiro/Neblina;Simples;"Aclive;Reta";Não;2;0;0;0;0;1;0;2;-17,608336;-54,745403;SPRF-MS;DEL06/MS;UOP01-DEL06-MS
770615;09/05/2026;sábado;17:30:00;MA;10;304;ACAILANDIA;Demais falhas mecânicas ou elétricas;Colisão frontal;Com Vítimas Feridas;Anoitecer;Decrescente;Céu Claro;Simples;Declive;Não;2;0;2;0;2;0;0;2;-5,075302;-47,558437;SPRF-MA;DEL04-MA;UOP03-DEL04-MA
770617;09/05/2026;sábado;19:26:00;MT;364;165;PEDRA PRETA;Transitar na contramão;Colisão frontal;Com Vítimas Fatais;Plena Noite;Crescente;Céu Claro;Simples;Reta;Não;3;1;0;0;0;1;0;3;-16,654557;-54,351555;SPRF-MT;DEL02/MT;UOP01-DEL02-MT
770618;09/05/2026;sábado;20:10:00;PR;376;419;TIBAGI;Acumulo de areia ou detritos sobre o pavimento;Saída de leito carroçável;Sem Vítimas;Plena Noite;Crescente;Chuva;Dupla;Curva;Não;2;0;0;0;0;1;0;2;-24,70467;-50,55755;SPRF-PR;DEL03/PR;UOP02-DEL03-PR
770622;09/05/2026;sábado;19:10:00;MG;40;14;PARACATU;Reação tardia ou ineficiente do condutor;Saída de leito carroçável;Com Vítimas Feridas;Plena Noite;Decrescente;Céu Claro;Simples;"Reta;Aclive";Não;2;0;1;1;2;0;0;2;-17,07129;-47,042039;SPRF-MG;DEL14/MG;UOP01-DEL14-MG
770643;09/05/2026;sábado;22:00:00;PR;116;168,5;QUITANDINHA;Desrespeitar a preferência no cruzamento;Colisão transversal;Com Vítimas Feridas;Plena Noite;Crescente;Chuva;Simples;"Aclive;Retorno Regulamentado;Reta";Não;3;0;0;1;1;1;0;3;-25,886879;-49,506702;SPRF-PR;DEL01/PR;UOP03-DEL01-PR
770645;09/05/2026;sábado;20:30:00;PI;316;100;BARRO DURO;Ausência de reação do condutor;Colisão traseira;Com Vítimas Feridas;Plena Noite;Decrescente;Céu Claro;Simples;Reta;Não;3;0;0;2;2;1;0;2;-5,83745951;-42,48822498;SPRF-PI;DEL04-PI;UOP02-DEL04-PI
770672;10/05/2026;domingo;01:30:00;SP;153;190,1;GETULINA;Condutor Dormindo;Saída de leito carroçável;Sem Vítimas;Plena Noite;Crescente;Nublado;Simples;Reta;Não;2;0;0;0;0;1;0;4;-21,74528981;-49,85928297;SPRF-SP;DEL07/SP;UOP01-DEL07-SP
770682;10/05/2026;domingo;04:16:00;TO;153;154,3;ARAGUAINA;Ingestão de álcool pelo condutor;Saída de leito carroçável;Com Vítimas Feridas;Plena Noite;Crescente;Céu Claro;Simples;Reta;Sim;1;0;0;1;1;0;0;1;-7,282033;-48,274578;SPRF-TO;DEL02-TO;UOP01-DEL02-TO
770708;10/05/2026;domingo;06:20:00;PI;222;73,2;PIRIPIRI;Condutor Dormindo;Colisão lateral sentido oposto;Com Vítimas Feridas;Amanhecer;Decrescente;Céu Claro;Simples;Reta;Não;4;0;1;0;1;2;0;9;-4,2614873;-41,7538352;SPRF-PI;DEL02-PI;UOP01-DEL02-PI
770716;10/05/2026;domingo;07:50:00;BA;116;13;VITORIA DA CONQUISTA;Condutor Dormindo;Colisão frontal;Com Vítimas Feridas;Pleno dia;Crescente;Céu Claro;Simples;Curva;Não;6;0;2;1;3;1;0;4;-14,88760819;-40,8705109;SPRF-BA;DEL08/BA;UOP01-DEL08-BA
770722;10/05/2026;domingo;07:56:00;SC;101;86,2;BARRA VELHA;Ausência de reação do condutor;Colisão traseira;Com Vítimas Fatais;Pleno dia;Crescente;Nublado;Múltipla;"Aclive;Reta";Sim;3;1;0;0;0;1;0;3;-26,6386612;-48,6946726;SPRF-SC;DEL03/SC;UOP02-DEL03-SC
770724;09/05/2026;sábado;19:38:00;GO;153;302,8;RIALMA;Reação tardia ou ineficiente do condutor;Colisão traseira;Sem Vítimas;Plena Noite;Decrescente;Céu Claro;Simples;"Aclive;Reta";Não;3;0;0;0;0;1;0;3;-15,3310982;-49,57055775;SPRF-GO;DEL02/GO;UOP02-DEL02-GO
770729;10/05/2026;domingo;07:50:00;PI;402;65;LUIS CORREIA;Reação tardia ou ineficiente do condutor;Capotamento;Com Vítimas Fatais;Pleno dia;Decrescente;Céu Claro;Simples;Curva;Não;2;1;1;0;1;0;0;1;-3,092295;-41,53936;SPRF-PI;DEL05-PI;UOP01-DEL05-PI
770739;10/05/2026;domingo;08:07:00;BA;116;543;ITATIM;Desrespeitar a preferência no cruzamento;Colisão transversal;Com Vítimas Feridas;Pleno dia;Decrescente;Céu Claro;Simples;"Interseção de Vias;Rotatória";Não;4;0;0;2;2;1;0;5;-12,8467306;-39,84103918;SPRF-BA;DEL03/BA;UOP02-DEL03-BA
770746;09/05/2026;sábado;13:00:00;BA;116;891,5;CANDIDO SALES;Demais falhas mecânicas ou elétricas;Tombamento;Sem Vítimas;Pleno dia;Crescente;Nublado;Simples;Curva;Não;1;0;0;0;0;1;0;1;-15,37410483;-41,19214141;SPRF-BA;DEL08/BA;UOP03-DEL08-BA
770750;10/05/2026;domingo;08:40:00;MG;153;66;MONTE ALEGRE DE MINAS;Reação tardia ou ineficiente do condutor;Saída de leito carroçável;Com Vítimas Feridas;Pleno dia;Crescente;Céu Claro;Múltipla;Aclive;Não;2;0;1;0;1;0;0;2;-18,90716447;-49,03948724;SPRF-MG;DEL15/MG;UOP03-DEL15-MG
770769;10/05/2026;domingo;12:30:00;PI;343;588,7;FLORIANO;Reação tardia ou ineficiente do condutor;Colisão traseira;Com Vítimas Feridas;Pleno dia;Crescente;Céu Claro;Simples;Reta;Sim;2;0;1;0;1;1;0;2;-6,775337;-43,008195;SPRF-PI;DEL03-PI;UOP01-DEL03-PI
770772;10/05/2026;domingo;11:15:00;TO;153;558;OLIVEIRA DE FATIMA;Acesso irregular;Colisão lateral mesmo sentido;Com Vítimas Feridas;Pleno dia;Crescente;Céu Claro;Simples;"Interseção de Vias;Retorno Regulamentado";Não;3;0;1;0;1;1;0;3;-10,72831656;-48,90417902;SPRF-TO;DEL01-TO;UOP01-DEL01-TO
770774;10/05/2026;domingo;10:20:00;MG;381;235,1;SANTANA DO PARAISO;Transitar na contramão;Colisão lateral sentido oposto;Com Vítimas Fatais;Pleno dia;Decrescente;Sol;Simples;Reta;Não;4;1;0;1;1;2;0;3;-19,393325;-42,481303;SPRF-MG;DEL06/MG;UOP01-DEL06-MG
770778;10/05/2026;domingo;13:49:00;SP;116;282,2;EMBU DAS ARTES;Acessar a via sem observar a presença dos outros veículos;Colisão lateral mesmo sentido;Sem Vítimas;Pleno dia;Decrescente;Chuva;Dupla;Reta;Sim;3;0;0;0;0;2;0;3;-23,661068;-46,852089;SPRF-SP;DEL04/SP;UOP01-DEL04-SP
770779;10/05/2026;domingo;12:10:00;MT;70;521;VARZEA GRANDE;Acessar a via sem observar a presença dos outros veículos;Colisão transversal;Com Vítimas Feridas;Pleno dia;Decrescente;Céu Claro;Simples;Interseção de Vias;Não;3;0;0;1;1;1;0;5;-15,6677533;-56,18202218;SPRF-MT;DEL01/MT;UOP02-DEL01-MT
770783;09/05/2026;sábado;09:00:00;MA;316;72;GOVERNADOR NUNES FREIRE;Ultrapassagem Indevida;Colisão transversal;Com Vítimas Feridas;Pleno dia;Decrescente;Céu Claro;Simples;Reta;Não;5;0;0;3;3;1;0;3;-2,1738968;-45,8739388;SPRF-MA;DEL02-MA;UOP02-DEL02-MA
770787;10/05/2026;domingo;14:30:00;PR;376;664,7;GUARATUBA;Demais falhas mecânicas ou elétricas;Incêndio;Sem Vítimas;Pleno dia;Decrescente;Céu Claro;Dupla;"Curva;Aclive";Não;1;0;0;0;0;1;0;1;-25,853098;-48,953565;SPRF-PR;DEL01/PR;UOP04-DEL01-PR
770795;10/05/2026;domingo;15:00:00;RS;290;189;MINAS DO LEAO;Ultrapassagem Indevida;Colisão frontal;Com Vítimas Fatais;Pleno dia;Decrescente;Céu Claro;Simples;Reta;Não;3;1;0;0;0;1;0;3;-30,1553483;-52,1103117;SPRF-RS;DEL02/RS;UOP03-DEL02-RS
770806;10/05/2026;domingo;15:15:00;RS;153;29,6;TRES ARROIOS;Reação tardia ou ineficiente do condutor;Colisão lateral mesmo sentido;Com Vítimas Feridas;Pleno dia;Crescente;Nublado;Simples;"Aclive;Reta";Não;7;0;1;0;1;4;0;5;-27,52700331;-52,15545623;SPRF-RS;DEL08/RS;UOP04-DEL08-RS
770809;10/05/2026;domingo;14:00:00;PA;10;111,8;PARAGOMINAS;Ausência de reação do condutor;Saída de leito carroçável;Com Vítimas Feridas;Pleno dia;Crescente;Céu Claro;Simples;Reta;Não;2;0;0;1;1;0;0;2;-3,460645;-47,466278;SPRF-PA;DEL02/PA;UOP02-DEL02-PA
770820;10/05/2026;domingo;15:00:00;PE;407;115;PETROLINA;Ausência de reação do condutor;Saída de leito carroçável;Com Vítimas Feridas;Pleno dia;Decrescente;Céu Claro;Simples;Reta;Não;1;0;0;1;1;0;0;1;-9,3040817;-40,578915;SPRF-PE;DEL06/PE;UOP01-DEL06-PE
770824;10/05/2026;domingo;10:30:00;PR;476;255;ANTONIO OLINTO;Transitar na contramão;Saída de leito carroçável;Sem Vítimas;Pleno dia;Crescente;Céu Claro;Simples;Curva;Não;1;0;0;0;0;1;0;1;-25,89045;-50,2015;SPRF-PR;DEL02/PR;UOP03-DEL02-PR
770829;06/05/2026;quarta-feira;23:30:00;RO;364;54;VILHENA;Demais falhas mecânicas ou elétricas;Incêndio;Sem Vítimas;Plena Noite;Crescente;Céu Claro;Simples;Reta;Não;2;0;0;0;0;1;0;4;-12,5252539;-60,3883543;SPRF-RO;DEL04-RO;UOP01-DEL04-RO
770835;10/05/2026;domingo;16:00:00;MG;381;432;SABARA;Reação tardia ou ineficiente do condutor;Tombamento;Com Vítimas Feridas;Pleno dia;Decrescente;Céu Claro;Simples;Curva;Não;3;0;1;0;1;0;0;3;-19,79918579;-43,76052825;SPRF-MG;DEL01/MG;UOP01-DEL01-MG
770838;10/05/2026;domingo;19:00:00;MG;381;925;ITAPEVA;Pista Escorregadia;Colisão lateral mesmo sentido;Com Vítimas Feridas;Plena Noite;Decrescente;Garoa/Chuvisco;Dupla;"Curva;Declive";Não;9;0;1;0;1;7;0;5;-22,768909;-46,205805;SPRF-MG;DEL16/MG;UOP03-DEL16-MG
770850;10/05/2026;domingo;14:30:00;MG;116;638,1;DIVINO;Velocidade Incompatível;Tombamento;Com Vítimas Feridas;Pleno dia;Decrescente;Céu Claro;Simples;Curva;Não;2;0;0;2;2;0;0;2;-20,64145914;-42,24517822;SPRF-MG;DEL07/MG;UOP02-DEL07-MG
770852;10/05/2026;domingo;16:00:00;BA;116;543;MILAGRES;Desrespeitar a preferência no cruzamento;Colisão transversal;Com Vítimas Feridas;Pleno dia;Decrescente;Céu Claro;Simples;Interseção de Vias;Não;3;0;0;1;1;1;0;4;-12,8466061;-39,8409134;SPRF-BA;DEL03/BA;UOP02-DEL03-BA
770856;10/05/2026;domingo;15:20:00;MT;364;628;DIAMANTINO;Suicídio (presumido);Colisão lateral sentido oposto;Com Vítimas Fatais;Pleno dia;Decrescente;Nublado;Simples;Reta;Não;3;1;0;0;0;1;0;3;-14,36567324;-56,41315911;SPRF-MT;DEL01/MT;UOP01-DEL01-MT
770860;10/05/2026;domingo;17:00:00;PR;373;415;FOZ DO JORDAO;Desrespeitar a preferência no cruzamento;Colisão transversal;Com Vítimas Feridas;Pleno dia;Crescente;Céu Claro;Simples;Curva;Sim;2;0;1;0;1;1;0;2;-25,67364;-52,12551;SPRF-PR;DEL08/PR;UOP01-DEL08-PR
770862;10/05/2026;domingo;15:43:00;PA;163;591;TRAIRAO;Transitar na contramão;Colisão frontal;Com Vítimas Feridas;Pleno dia;Decrescente;Céu Claro;Simples;Curva;Não;4;0;0;1;1;2;0;4;-4,900512;-56,185135;SPRF-PA;DEL05/PA;UOP03-DEL05-PA
770867;10/05/2026;domingo;16:10:00;RO;364;548;RIO CRESPO;Ultrapassagem Indevida;Colisão lateral mesmo sentido;Com Vítimas Feridas;Pleno dia;Crescente;Céu Claro;Simples;Reta;Não;6;0;2;0;2;3;0;9;-9,659989;-63,0856916;SPRF-RO;DEL03-RO;UOP01-DEL03-RO
770890;10/05/2026;domingo;19:30:00;SC;116;5,8;MAFRA;Ingestão de álcool pelo condutor;Colisão traseira;Sem Vítimas;Plena Noite;Crescente;Céu Claro;Simples;Reta;Não;4;0;0;0;0;3;0;4;-26,145195;-49,821317;SPRF-SC;DEL06/SC;UOP01-DEL06-SC
770925;10/05/2026;domingo;22:30:00;PR;153;10,2;JACAREZINHO;Acessar a via sem observar a presença dos outros veículos;Colisão transversal;Com Vítimas Feridas;Plena Noite;Decrescente;Nevoeiro/Neblina;Simples;Reta;Não;3;0;1;0;1;0;0;3;-23,08041;-49,93534;SPRF-PR;DEL07/PR;UOP04-DEL07-PR
770927;10/05/2026;domingo;22:40:00;SC;116;216;PONTE ALTA;Transitar na contramão;Colisão transversal;Com Vítimas Feridas;Plena Noite;Crescente;Céu Claro;Simples;Reta;Não;3;0;0;1;1;1;0;3;-27,55576442;-50,37699223;SPRF-SC;DEL05/SC;UOP03-DEL05-SC