id;data_inversa;dia_semana;horario;uf;br;km;municipio;causa_acidente;tipo_acidente;classificacao_acidente;fase_dia;sentido_via;condicao_metereologica;tipo_pista;tracado_via;uso_solo;pessoas;mortos;feridos_leves;feridos_graves;feridos;ilesos;ignorados;veiculos;latitude;longitude;regional;delegacia;uop
771249;12/05/2026;terça-feira;11:50:00;BA;324;614;SALVADOR;Ausência de reação do condutor;Engavetamento;Sem Vítimas;Pleno dia;Crescente;Céu Claro;Dupla;Reta;Sim;7;0;0;0;0;7;0;4;-12,867455;-38,42507;SPRF-BA;DEL01/BA;UOP01-DEL01-BA
771252;04/05/2026;segunda-feira;17:15:00;RS;386;280,8;SAO JOSE DO HERVAL;Transitar na contramão;Colisão frontal;Com Vítimas Feridas;Pleno dia;Decrescente;Garoa/Chuvisco;Simples;Curva;Sim;2;0;0;1;1;1;0;2;-29,035296;-52,299002;SPRF-RS;DEL04/RS;UOP03-DEL04-RS
771253;12/05/2026;terça-feira;10:40:00;SP;116;45;CANAS;Demais falhas na via;Colisão traseira;Com Vítimas Fatais;Pleno dia;Crescente;Céu Claro;Múltipla;Reta;Não;4;1;1;0;1;0;0;4;-22,71062;-45,048817;SPRF-SP;DEL08/SP;UOP02-DEL08-SP
771254;12/05/2026;terça-feira;11:44:00;CE;222;38,6;CAUCAIA;Manobra de mudança de faixa;Colisão frontal;Com Vítimas Feridas;Pleno dia;Decrescente;Céu Claro;Simples;Reta;Não;4;0;1;1;2;1;0;4;-3,689965;-38,895633;SPRF-CE;DEL01/CE;UOP01-DEL01-CE
771256;12/05/2026;terça-feira;12:00:00;MS;163;543,6;BANDEIRANTES;Manobra de mudança de faixa;Colisão lateral mesmo sentido;Com Vítimas Feridas;Pleno dia;Crescente;Céu Claro;Simples;Reta;Não;5;0;0;1;1;3;0;3;-19,95630969;-54,37572953;SPRF-MS;DEL01/MS;UOP02-DEL01-MS
771259;12/05/2026;terça-feira;13:24:00;PB;101;82,5;BAYEUX;Reação tardia ou ineficiente do condutor;Saída de leito carroçável;Sem Vítimas;Pleno dia;Crescente;Chuva;Dupla;Reta;Sim;2;0;0;0;0;1;0;3;-7,13032943;-34,93468881;SPRF-PB;DEL01-PB;UOP01-DEL01-PB
771260;18/03/2026;quarta-feira;05:20:00;PR;116;1,7;CAMPINA GRANDE DO SUL;Reação tardia ou ineficiente do condutor;Colisão traseira;Com Vítimas Fatais;Plena Noite;Crescente;Nublado;Dupla;Curva;Não;19;1;15;1;16;1;0;3;-25,06639907;-48,57687879;SPRF-PR;DEL01/PR;UOP02-DEL01-PR
771261;12/05/2026;terça-feira;13:50:00;SC;470;44,2;GASPAR;Reação tardia ou ineficiente do condutor;Colisão lateral mesmo sentido;Com Vítimas Feridas;Pleno dia;Decrescente;Céu Claro;Dupla;Reta;Sim;3;0;1;0;1;1;0;4;-26,86962606;-49,02530909;SPRF-SC;DEL04/SC;UOP01-DEL04-SC
771265;12/05/2026;terça-feira;13:35:00;PR;277;446,9;LARANJEIRAS DO SUL;Falta de acostamento;Saída de leito carroçável;Com Vítimas Feridas;Pleno dia;Crescente;Céu Claro;Simples;Reta;Não;3;0;2;0;2;0;0;4;-25,3714;-52,31208;SPRF-PR;DEL04/PR;UOP02-DEL04-PR
771267;12/05/2026;terça-feira;13:20:00;PR;376;161,1;MARINGA;Reação tardia ou ineficiente do condutor;Colisão traseira;Com Vítimas Feridas;Pleno dia;Crescente;Céu Claro;Dupla;"Reta;Aclive";Sim;9;0;4;0;4;3;0;5;-23,366864;-52,069549;SPRF-PR;DEL09/PR;UOP02-DEL09-PR
771269;12/05/2026;terça-feira;12:35:00;PR;153;369,9;RIO AZUL;Transitar na contramão;Colisão frontal;Com Vítimas Fatais;Pleno dia;Decrescente;Céu Claro;Simples;"Declive;Reta";Não;2;1;0;0;0;1;0;2;-25,74145685;-50,80936432;SPRF-PR;DEL08/PR;UOP02-DEL08-PR
771271;26/01/2026;segunda-feira;12:00:00;SP;116;162;JACAREI;Reação tardia ou ineficiente do condutor;Colisão lateral mesmo sentido;Com Vítimas Feridas;Pleno dia;Decrescente;Sol;Dupla;Reta;Não;4;0;1;0;1;1;0;3;-23,28063238;-45,98281503;SPRF-SP;DEL02/SP;UOP01-DEL02-SP
771276;12/05/2026;terça-feira;13:30:00;MT;163;622;NOVA MUTUM;Demais falhas mecânicas ou elétricas;Incêndio;Sem Vítimas;Pleno dia;Crescente;Céu Claro;Dupla;Reta;Não;2;0;0;0;0;1;0;3;-13,6077;-56,0323;SPRF-MT;DEL01/MT;UOP01-DEL01-MT
771280;04/05/2026;segunda-feira;07:35:00;RS;448;20;CANOAS;Condutor deixou de manter distância do veículo da frente;Engavetamento;Com Vítimas Feridas;Pleno dia;Crescente;Céu Claro;Dupla;Reta;Sim;5;0;1;0;1;4;0;3;-29,96030454;-51,20283935;SPRF-RS;DEL01/RS;UOP01-DEL01-RS
771283;12/05/2026;terça-feira;09:30:00;MS;262;120;AGUA CLARA;Demais falhas mecânicas ou elétricas;Incêndio;Sem Vítimas;Pleno dia;Decrescente;Céu Claro;Simples;"Declive;Reta";Não;2;0;0;0;0;1;0;2;-20,49238376;-52,75649518;SPRF-MS;DEL07/MS;UOP02-DEL07-MS
771284;12/05/2026;terça-feira;12:30:00;AP;156;522;AMAPA;Transitar na contramão;Colisão frontal;Com Vítimas Feridas;Pleno dia;Crescente;Chuva;Simples;Curva;Não;3;0;1;0;1;2;0;2;1,90617685;-50,86715553;SPRF-AP;DEL01-AP;UOP02-DEL01-AP
771294;12/05/2026;terça-feira;15:00:00;SC;470;141,7;RIO DO SUL;Avarias e/ou desgaste excessivo no pneu;Derramamento de carga;Sem Vítimas;Pleno dia;Decrescente;Sol;Simples;"Ponte;Reta";Sim;1;0;0;0;0;1;0;1;-27,20833249;-49,65038951;SPRF-SC;DEL04/SC;UOP02-DEL04-SC
771296;12/05/2026;terça-feira;14:30:00;MS;163;390,8;NOVA ALVORADA DO SUL;Demais falhas mecânicas ou elétricas;Incêndio;Sem Vítimas;Pleno dia;Crescente;Sol;Simples;Reta;Não;2;0;0;0;0;1;0;2;-21,24843;-54,450318;SPRF-MS;DEL02/MS;UOP01-DEL02-MS
771298;12/05/2026;terça-feira;15:10:00;MG;40;297;TRES MARIAS;Pista Escorregadia;Colisão frontal;Com Vítimas Feridas;Pleno dia;Crescente;Nublado;Simples;Aclive;Não;6;0;3;2;5;0;0;5;-18,24337273;-45,20633698;SPRF-MG;DEL14/MG;UOP02-DEL14-MG
771307;12/05/2026;terça-feira;16:55:00;PR;153;108,9;IBAITI;Reação tardia ou ineficiente do condutor;Colisão lateral sentido oposto;Com Vítimas Feridas;Pleno dia;Crescente;Céu Claro;Simples;Reta;Sim;3;0;0;1;1;1;0;4;-23,847101;-50,192871;SPRF-PR;DEL07/PR;UOP04-DEL07-PR
771310;12/05/2026;terça-feira;17:15:00;RS;472;577;URUGUAIANA;Acessar a via sem observar a presença dos outros veículos;Derramamento de carga;Sem Vítimas;Pleno dia;Crescente;Céu Claro;Simples;Reta;Sim;2;0;0;0;0;1;0;3;-29,77832282;-57,0613989;SPRF-RS;DEL13/RS;UOP01-DEL13-RS
771316;12/05/2026;terça-feira;18:00:00;PE;424;86;GARANHUNS;Acessar a via sem observar a presença dos outros veículos;Colisão lateral mesmo sentido;Com Vítimas Feridas;Plena Noite;Crescente;Céu Claro;Simples;"Declive;Reta";Não;2;0;1;1;2;0;0;2;-8,85884;-36,51177;SPRF-PE;DEL03/PE;UOP01-DEL03-PE
771319;12/05/2026;terça-feira;19:00:00;MG;116;769;LEOPOLDINA;Animais na Pista;Atropelamento de Animal;Com Vítimas Feridas;Plena Noite;Crescente;Nublado;Simples;Reta;Não;2;0;1;0;1;1;0;2;-21,548623;-42,665719;SPRF-MG;DEL07/MG;UOP01-DEL07-MG
771323;12/05/2026;terça-feira;13:40:00;BA;116;197;CANUDOS;Ausência de reação do condutor;Saída de leito carroçável;Com Vítimas Feridas;Pleno dia;Decrescente;Céu Claro;Simples;Reta;Não;2;0;1;0;1;0;0;2;-10,331293;-39,061165;SPRF-BA;DEL07/BA;UOP03-DEL07-BA
771327;12/05/2026;terça-feira;17:50:00;SC;470;174;POUSO REDONDO;Pedestre cruzava a pista fora da faixa;Atropelamento de Pedestre;Com Vítimas Feridas;Plena Noite;Decrescente;Céu Claro;Simples;Reta;Sim;4;0;1;0;1;1;0;3;-27,25754629;-49,93319862;SPRF-SC;DEL04/SC;UOP02-DEL04-SC
771333;12/05/2026;terça-feira;18:00:00;PR;163;124;REALEZA;Velocidade Incompatível;Tombamento;Com Vítimas Feridas;Anoitecer;Crescente;Céu Claro;Dupla;"Curva;Declive;Em Obras";Não;2;0;0;1;1;0;0;2;-25,603162;-53,563002;SPRF-PR;DEL02/PR;UOP02-DEL02-PR
771337;12/05/2026;terça-feira;18:18:00;MT;364;355;SANTO ANTONIO DO LEVERGER;Demais falhas mecânicas ou elétricas;Incêndio;Sem Vítimas;Plena Noite;Crescente;Céu Claro;Dupla;Reta;Não;2;0;0;0;0;1;0;4;-15,77488;-55,619722;SPRF-MT;DEL05/MT;UOP02-DEL05-MT
771343;12/05/2026;terça-feira;20:00:00;PR;277;521,5;GUARANIACU;Ingestão de substâncias psicoativas pelo condutor;Saída de leito carroçável;Sem Vítimas;Plena Noite;Crescente;Céu Claro;Simples;Reta;Sim;1;0;0;0;0;1;0;1;-25,107773;-52,859355;SPRF-PR;DEL04/PR;UOP04-DEL04-PR
771350;12/05/2026;terça-feira;19:00:00;BA;116;684;JEQUIE;Ultrapassagem Indevida;Colisão lateral sentido oposto;Sem Vítimas;Plena Noite;Decrescente;Nublado;Simples;Reta;Não;3;0;0;0;0;2;0;3;-13,92632403;-40,15948892;SPRF-BA;DEL03/BA;UOP01-DEL03-BA
771352;12/05/2026;terça-feira;20:30:00;RO;364;263;CACOAL;Reação tardia ou ineficiente do condutor;Saída de leito carroçável;Com Vítimas Feridas;Pleno dia;Crescente;Nublado;Simples;Reta;Não;4;0;1;0;1;2;0;3;-11,406931;-61,651192;SPRF-RO;DEL02-RO;UOP02-DEL02-RO
771354;12/05/2026;terça-feira;18:30:00;MG;262;571;CAMPOS ALTOS;Velocidade Incompatível;Tombamento;Com Vítimas Feridas;Anoitecer;Crescente;Céu Claro;Simples;Interseção de Vias;Não;2;0;1;0;1;0;0;3;-19,64884115;-46,07082065;SPRF-MG;DEL08/MG;UOP02-DEL08-MG
771356;12/05/2026;terça-feira;19:30:00;MT;158;652;NOVA XAVANTINA;Manobra de mudança de faixa;Colisão lateral mesmo sentido;Com Vítimas Fatais;Plena Noite;Crescente;Céu Claro;Dupla;Curva;Sim;3;1;0;0;0;1;0;4;-14,67700193;-52,35956222;SPRF-MT;DEL07/MT;UOP01-DEL07-MT
771362;12/05/2026;terça-feira;17:00:00;MT;163;1022;PEIXOTO DE AZEVEDO;Ultrapassagem Indevida;Colisão transversal;Com Vítimas Feridas;Pleno dia;Decrescente;Céu Claro;Simples;Reta;Não;6;0;2;0;2;3;0;9;-10,303243;-55,0328983;SPRF-MT;DEL06/MT;UOP03-DEL06-MT
771365;12/05/2026;terça-feira;22:50:00;PE;101;65;RECIFE;Acessar a via sem observar a presença dos outros veículos;Colisão traseira;Sem Vítimas;Plena Noite;Crescente;Chuva;Dupla;Reta;Sim;2;0;0;0;0;1;0;2;-8,024369;-34,94298;SPRF-PE;DEL01/PE;UOP01-DEL01-PE
771372;12/05/2026;terça-feira;22:34:00;RO;364;72;VILHENA;Demais falhas mecânicas ou elétricas;Incêndio;Sem Vítimas;Plena Noite;Crescente;Nublado;Simples;"Reta;Aclive";Não;2;0;0;0;0;1;0;2;-12,457627;-60,506055;SPRF-RO;DEL04-RO;UOP01-DEL04-RO
771373;13/05/2026;quarta-feira;03:20:00;BA;116;442;ANTONIO CARDOSO;Ausência de reação do condutor;Saída de leito carroçável;Com Vítimas Fatais;Plena Noite;Crescente;Nublado;Dupla;"Ponte;Curva;Declive";Não;2;1;1;0;1;0;0;1;-12,35314463;-39,09455895;SPRF-BA;DEL02/BA;UOP01-DEL02-BA
771374;13/05/2026;quarta-feira;03:40:00;PE;232;21,5;MORENO;Demais falhas mecânicas ou elétricas;Incêndio;Sem Vítimas;Plena Noite;Crescente;Céu Claro;Dupla;Reta;Não;1;0;0;0;0;1;0;1;-8,09705492;-35,08230384;SPRF-PE;DEL02/PE;UOP02-DEL02PE
771376;13/05/2026;quarta-feira;05:05:00;SC;101;146;ITAPEMA;Ingestão de álcool pelo condutor;Colisão traseira;Sem Vítimas;Plena Noite;Crescente;Nublado;Dupla;Reta;Sim;3;0;0;0;0;1;0;3;-27,08667216;-48,60944716;SPRF-SC;DEL04/SC;UOP03-DEL04-SC
771377;13/05/2026;quarta-feira;05:10:00;PR;476;153,5;ARAUCARIA;Transitar na contramão;Colisão frontal;Com Vítimas Fatais;Plena Noite;Decrescente;Céu Claro;Dupla;"Reta;Aclive";Sim;4;1;1;0;1;1;0;3;-25,57969534;-49,39536314;SPRF-PR;DEL01/PR;UOP06-DEL01-PR
771383;13/05/2026;quarta-feira;01:15:00;MG;381;533;ITATIAIUCU;Manobra de mudança de faixa;Saída de leito carroçável;Sem Vítimas;Plena Noite;Decrescente;Nublado;Dupla;Reta;Não;2;0;0;0;0;0;1;2;-20,171621;-44,373761;SPRF-MG;DEL04/MG;UOP03-DEL04-MG
771384;13/05/2026;quarta-feira;04:45:00;SC;101;146;ITAPEMA;Demais falhas mecânicas ou elétricas;Incêndio;Sem Vítimas;Amanhecer;Crescente;Nublado;Dupla;Reta;Sim;2;0;0;0;0;1;0;2;-27,0875796;-48,6110243;SPRF-SC;DEL04/SC;UOP03-DEL04-SC
771388;07/04/2026;terça-feira;23:45:00;PR;153;506;GENERAL CARNEIRO;Objeto estático sobre o leito carroçável;Saída de leito carroçável;Com Vítimas Feridas;Plena Noite;Crescente;Chuva;Simples;Reta;Não;2;0;1;0;1;0;0;2;-26,53053347;-51,37074781;SPRF-PR;DEL02/PR;UOP03-DEL02-PR
771390;13/05/2026;quarta-feira;07:00:00;RJ;101;58;CAMPOS DOS GOYTACAZES;Acessar a via sem observar a presença dos outros veículos;Colisão transversal;Com Vítimas Feridas;Pleno dia;Decrescente;Céu Claro;Simples;"Reta;Interseção de Vias";Não;3;0;1;0;1;1;0;4;-21,708843;-41,309079;SPRF-RJ;DEL08/RJ;UOP01-DEL08-RJ
771403;05/05/2026;terça-feira;04:00:00;GO;153;334;JARAGUA;Reação tardia ou ineficiente do condutor;Saída de leito carroçável;Com Vítimas Feridas;Plena Noite;Decrescente;Céu Claro;Simples;Curva;Não;1;0;1;0;1;0;0;1;-15,56147202;-49,42308715;SPRF-GO;DEL02/GO;UOP02-DEL02-GO
771404;13/05/2026;quarta-feira;05:45:00;PI;343;290,8;ALTOS;Velocidade Incompatível;Colisão lateral sentido oposto;Sem Vítimas;Plena Noite;Crescente;Céu Claro;Dupla;Reta;Não;3;0;0;0;0;1;0;4;-4,950744;-42,349724;SPRF-PI;DEL01-PI;UOP03-DEL01-PI
771406;10/05/2026;domingo;07:00:00;MG;381;421,9;CAETE;Ausência de reação do condutor;Colisão lateral mesmo sentido;Com Vítimas Feridas;Pleno dia;Crescente;Céu Claro;Dupla;Curva;Não;4;0;1;0;1;2;0;5;-19,79412831;-43,67987959;SPRF-MG;DEL01/MG;UOP01-DEL01-MG
771413;12/05/2026;terça-feira;13:05:00;PA;163;430,6;ITAITUBA;Velocidade Incompatível;Tombamento;Com Vítimas Feridas;Pleno dia;Crescente;Nublado;Simples;"Declive;Reta";Não;3;0;1;0;1;1;0;3;-6,0730491;-55,6613866;SPRF-PA;DEL05/PA;UOP03-DEL05-PA
771418;15/03/2026;domingo;06:20:00;GO;153;332,9;JARAGUA;Manobra de mudança de faixa;Colisão frontal;Com Vítimas Fatais;Amanhecer;Crescente;Nevoeiro/Neblina;Simples;Reta;Não;3;1;0;0;0;1;0;3;-15,555308;-49,427222;SPRF-GO;DEL02/GO;UOP02-DEL02-GO
771419;13/05/2026;quarta-feira;07:45:00;AL;423;72;AGUA BRANCA;Reação tardia ou ineficiente do condutor;Colisão lateral sentido oposto;Com Vítimas Feridas;Pleno dia;Crescente;Céu Claro;Simples;"Declive;Reta";Não;3;0;1;1;2;1;0;2;-9,310323;-37,917282;SPRF-AL;DEL03-AL;UOP02-DEL03-AL
771421;13/05/2026;quarta-feira;06:25:00;MA;10;300;SAO FRANCISCO DO BREJAO;Acessar a via sem observar a presença dos outros veículos;Colisão transversal;Com Vítimas Feridas;Pleno dia;Decrescente;Céu Claro;Simples;Reta;Sim;3;0;0;1;1;1;0;4;-5,10781;-47,55135;SPRF-MA;DEL04-MA;UOP03-DEL04-MA
771422;13/05/2026;quarta-feira;10:00:00;BA;324;535;CONCEICAO DO JACUIPE;Condutor deixou de manter distância do veículo da frente;Colisão lateral mesmo sentido;Com Vítimas Feridas;Pleno dia;Decrescente;Céu Claro;Dupla;Reta;Não;2;0;1;0;1;1;0;2;-12,3615383;-38,823505;SPRF-BA;DEL11/BA;UOP02-DEL11-BA
771423;09/02/2026;segunda-feira;22:04:00;PA;163;483;ITAITUBA;Condutor deixou de manter distância do veículo da frente;Colisão traseira;Sem Vítimas;Plena Noite;Decrescente;Céu Claro;Simples;Reta;Não;2;0;0;0;0;0;1;2;-5,646523;-55,789023;SPRF-PA;DEL05/PA;UOP03-DEL05-PA
771424;12/05/2026;terça-feira;13:40:00;PA;10;139,8;PARAGOMINAS;Demais falhas mecânicas ou elétricas;Incêndio;Sem Vítimas;Pleno dia;Crescente;Céu Claro;Simples;"Aclive;Reta";Não;2;0;0;0;0;1;0;2;-3,214642;-47,481362;SPRF-PA;DEL02/PA;UOP01-DEL02-PA
771426;13/05/2026;quarta-feira;10:55:00;MG;381;501;BETIM;Ausência de reação do condutor;Colisão com objeto;Com Vítimas Feridas;Pleno dia;Crescente;Sol;Múltipla;Reta;Sim;1;0;0;1;1;0;0;1;-20,010002;-44,218225;SPRF-MG;DEL01/MG;UOP03-DEL01-MG
771429;13/05/2026;quarta-feira;10:30:00;DF;251;9;BRASILIA;Ausência de reação do condutor;Colisão lateral sentido oposto;Com Vítimas Feridas;Pleno dia;Decrescente;Nublado;Simples;Reta;Não;2;0;1;0;1;1;0;2;-15,95784767;-47,67168939;SPRF-DF;DEL01-DF;UOP01-DEL01-DF
771430;13/05/2026;quarta-feira;11:30:00;SP;116;165;JACAREI;Reação tardia ou ineficiente do condutor;Colisão traseira;Sem Vítimas;Pleno dia;Crescente;Céu Claro;Múltipla;Reta;Não;3;0;0;0;0;2;0;3;-23,29701324;-46,00913552;SPRF-SP;DEL02/SP;UOP01-DEL02-SP
771431;13/05/2026;quarta-feira;09:30:00;SC;101;335,1;TUBARAO;Carga excessiva e/ou mal acondicionada;Eventos atípicos;Com Vítimas Feridas;Pleno dia;Decrescente;Sol;Múltipla;Reta;Sim;2;0;1;0;1;1;0;2;-28,47579296;-49,02815223;SPRF-SC;DEL02/SC;UOP01-DEL02-SC
771432;30/03/2026;segunda-feira;21:05:00;PR;376;678;GUARATUBA;Demais falhas mecânicas ou elétricas;Incêndio;Sem Vítimas;Plena Noite;Crescente;Garoa/Chuvisco;Dupla;Reta;Não;2;0;0;0;0;1;0;2;-25,95786802;-48,90079879;SPRF-PR;DEL01/PR;UOP04-DEL01-PR
771435;13/05/2026;quarta-feira;11:20:00;MG;267;63,8;BICAS;Ultrapassagem Indevida;Colisão lateral sentido oposto;Com Vítimas Feridas;Pleno dia;Crescente;Céu Claro;Simples;Reta;Não;6;0;1;3;4;2;0;3;-21,739967;-43,102994;SPRF-MG;DEL05/MG;UOP01-DEL05-MG
771436;13/05/2026;quarta-feira;11:03:00;GO;452;10;RIO VERDE;Condutor deixou de manter distância do veículo da frente;Colisão lateral mesmo sentido;Com Vítimas Feridas;Pleno dia;Crescente;Céu Claro;Simples;"Reta;Aclive";Não;2;0;1;1;2;0;0;2;-17,82647;-50,83515776;SPRF-GO;DEL04/GO;UOP01-DEL04-GO
771441;13/05/2026;quarta-feira;10:50:00;SC;470;119;IBIRAMA;Manobra de mudança de faixa;Colisão lateral mesmo sentido;Sem Vítimas;Pleno dia;Crescente;Céu Claro;Múltipla;"Curva;Aclive";Sim;3;0;0;0;0;2;0;3;-27,08410306;-49,51979578;SPRF-SC;DEL04/SC;UOP02-DEL04-SC
771442;13/05/2026;quarta-feira;11:30:00;SP;116;435;REGISTRO;Reação tardia ou ineficiente do condutor;Tombamento;Com Vítimas Feridas;Pleno dia;Decrescente;Céu Claro;Dupla;Reta;Não;4;0;1;2;3;0;0;2;-24,43080312;-47,78663127;SPRF-SP;DEL05/SP;UOP01-DEL05-SP
771443;13/05/2026;quarta-feira;09:00:00;MG;116;353,2;JAMPRUCA;Velocidade Incompatível;Colisão lateral sentido oposto;Com Vítimas Feridas;Pleno dia;Decrescente;Nublado;Simples;"Declive;Curva";Não;4;0;0;1;1;2;0;3;-18,40764;-41,818253;SPRF-MG;DEL11/MG;UOP01-DEL11-MG
771446;13/05/2026;quarta-feira;08:30:00;MA;222;334,7;IGARAPE DO MEIO;Manobra de mudança de faixa;Tombamento;Sem Vítimas;Pleno dia;Decrescente;Céu Claro;Simples;Reta;Não;2;0;0;0;0;1;0;3;-3,62349;-45,15437;SPRF-MA;DEL02-MA;UOP01-DEL02-MA
771449;13/05/2026;quarta-feira;13:00:00;SE;101;199;CRISTINAPOLIS;Acessar a via sem observar a presença dos outros veículos;Colisão transversal;Com Vítimas Feridas;Pleno dia;Crescente;Céu Claro;Simples;Reta;Sim;3;0;0;1;1;1;0;3;-11,47757621;-37,75793399;SPRF-SE;DEL02-SE;UOP03-DEL02-SE
771454;13/05/2026;quarta-feira;12:28:00;MG;262;645,6;IBIA;Reação tardia ou ineficiente do condutor;Colisão lateral sentido oposto;Com Vítimas Feridas;Pleno dia;Crescente;Céu Claro;Simples;Reta;Não;3;0;1;0;1;1;0;5;-19,57493;-46,68661;SPRF-MG;DEL08/MG;UOP01-DEL08-MG
771456;07/04/2026;terça-feira;23:20:00;MG;381;386;BARAO DE COCAIS;Mal súbito do condutor;Colisão com objeto;Sem Vítimas;Plena Noite;Crescente;Céu Claro;Dupla;Reta;Sim;2;0;0;0;0;1;0;2;-19,78735345;-43,43010591;SPRF-MG;DEL01/MG;UOP01-DEL01-MG
771459;18/03/2026;quarta-feira;16:40:00;RJ;40;117;DUQUE DE CAXIAS;Ausência de sinalização;Colisão com objeto;Com Vítimas Feridas;Pleno dia;Crescente;Nublado;Dupla;Reta;Sim;4;0;2;0;2;1;0;3;-22,75255777;-43,28769279;SPRF-RJ;DEL01/RJ;UOP02-DEL01-RJ
771462;23/04/2026;quinta-feira;11:30:00;RJ;393;235,9;VASSOURAS;Desrespeitar a preferência no cruzamento;Colisão transversal;Com Vítimas Feridas;Pleno dia;Crescente;Céu Claro;Simples;Interseção de Vias;Sim;6;0;0;1;1;2;0;5;-22,41950363;-43,68159235;SPRF-RJ;DEL05/RJ;UOP03-DEL05-RJ
771463;13/05/2026;quarta-feira;08:32:00;MT;364;513,4;ROSARIO OESTE;Condutor deixou de manter distância do veículo da frente;Engavetamento;Com Vítimas Feridas;Pleno dia;Decrescente;Ignorado;Simples;Reta;Não;5;0;2;0;2;2;0;9;-15,13538216;-56,52210951;SPRF-MT;DEL01/MT;UOP01-DEL01-MT
771465;04/05/2026;segunda-feira;21:00:00;GO;364;279;MINEIROS;Carga excessiva e/ou mal acondicionada;Tombamento;Com Vítimas Fatais;Plena Noite;Decrescente;Céu Claro;Simples;"Ponte;Reta;Aclive";Não;3;1;0;0;0;0;0;3;-17,6280456;-52,3843499;SPRF-GO;DEL05/GO;UOP01-DEL05-GO
771466;13/05/2026;quarta-feira;14:20:00;PE;101;80,9;JABOATAO DOS GUARARAPES;Reação tardia ou ineficiente do condutor;Colisão traseira;Com Vítimas Feridas;Pleno dia;Decrescente;Nublado;Dupla;Reta;Sim;4;0;1;1;2;2;0;2;-8,15904;-34,94054;SPRF-PE;DEL01/PE;UOP01-DEL01-PE
771467;20/02/2026;sexta-feira;14:00:00;PA;153;83,5;BREJO GRANDE DO ARAGUAIA;Demais falhas mecânicas ou elétricas;Incêndio;Sem Vítimas;Pleno dia;Crescente;Céu Claro;Simples;Reta;Não;2;0;0;0;0;1;0;2;-5,8321;-48,623316;SPRF-PA;DEL03/PA;UOP01-DEL03-PA
771469;13/05/2026;quarta-feira;13:30:00;SC;101;45;JOINVILLE;Condutor usando celular;Colisão traseira;Com Vítimas Feridas;Pleno dia;Decrescente;Céu Claro;Múltipla;"Reta;Declive";Sim;4;0;3;0;3;1;0;4;-26,35132315;-48,85799758;SPRF-SC;DEL03/SC;UOP01-DEL03-SC
771470;13/05/2026;quarta-feira;15:20:00;PE;408;74;PAUDALHO;Acessar a via sem observar a presença dos outros veículos;Colisão traseira;Sem Vítimas;Pleno dia;Decrescente;Nublado;Dupla;Reta;Não;2;0;0;0;0;1;0;2;-7,9378;-35,127189;SPRF-PE;DEL01/PE;UOP01-DEL01-PE
771475;13/05/2026;quarta-feira;15:15:00;MT;364;446;VARZEA GRANDE;Acessar a via sem observar a presença dos outros veículos;Colisão transversal;Com Vítimas Feridas;Pleno dia;Crescente;Céu Claro;Simples;Curva;Não;2;0;1;0;1;1;0;2;-15,57641151;-56,24107361;SPRF-MT;DEL01/MT;UOP02-DEL01-MT
771477;13/05/2026;quarta-feira;16:10:00;MG;365;707;MONTE ALEGRE DE MINAS;Condutor deixou de manter distância do veículo da frente;Colisão traseira;Com Vítimas Feridas;Pleno dia;Decrescente;Céu Claro;Simples;"Reta;Aclive";Não;4;0;1;0;1;2;0;6;-18,87910065;-49,06802528;SPRF-MG;DEL15/MG;UOP03-DEL15-MG
771482;12/05/2026;terça-feira;09:10:00;SP;116;156,9;SAO JOSE DOS CAMPOS;Ausência de reação do condutor;Colisão traseira;Com Vítimas Feridas;Pleno dia;Decrescente;Nublado;Múltipla;Reta;Sim;2;0;1;0;1;1;0;2;-23,25088111;-45,93741864;SPRF-SP;DEL02/SP;UOP01-DEL02-SP
771488;13/05/2026;quarta-feira;15:40:00;CE;20;359,8;CARIDADE;Chuva;Colisão com objeto;Com Vítimas Feridas;Pleno dia;Decrescente;Chuva;Simples;"Declive;Reta";Não;1;0;1;0;1;0;0;1;-4,031253;-38,991957;SPRF-CE;DEL02/CE;UOP01-DEL02-CE
771490;13/05/2026;quarta-feira;11:00:00;RS;472;156,4;SANTA ROSA;Acessar a via sem observar a presença dos outros veículos;Colisão transversal;Com Vítimas Feridas;Pleno dia;Decrescente;Céu Claro;Simples;"Reta;Interseção de Vias";Não;6;0;3;0;3;2;0;3;-27,841788;-54,43485;SPRF-RS;DEL10/RS;UOP01-DEL10-RS
771494;13/05/2026;quarta-feira;15:56:00;SC;101;36,5;JOINVILLE;Velocidade Incompatível;Capotamento;Com Vítimas Feridas;Pleno dia;Decrescente;Céu Claro;Dupla;Reta;Não;3;0;0;1;1;1;0;3;-26,27892097;-48,89095053;SPRF-SC;DEL03/SC;UOP01-DEL03-SC
771498;13/05/2026;quarta-feira;17:50:00;RJ;101;319;NITEROI;Ausência de reação do condutor;Colisão traseira;Com Vítimas Fatais;Anoitecer;Decrescente;Céu Claro;Dupla;Reta;Sim;5;1;0;0;0;4;0;3;-22,85763589;-43,10405848;SPRF-RJ;DEL02/RJ;UOP02-DEL02-RJ