id;data_inversa;dia_semana;horario;uf;br;km;municipio;causa_acidente;tipo_acidente;classificacao_acidente;fase_dia;sentido_via;condicao_metereologica;tipo_pista;tracado_via;uso_solo;pessoas;mortos;feridos_leves;feridos_graves;feridos;ilesos;ignorados;veiculos;latitude;longitude;regional;delegacia;uop
771802;15/05/2026;sexta-feira;08:00:00;PB;230;157,4;CAMPINA GRANDE;Conversão proibida;Tombamento;Com Vítimas Feridas;Pleno dia;Crescente;Nublado;Dupla;"Reta;Aclive;Em Obras";Sim;2;0;1;0;1;1;0;2;-7,26397926;-35,91985345;SPRF-PB;DEL02-PB;UOP01-DEL02-PB
771812;15/05/2026;sexta-feira;09:37:00;SC;101;41,1;JOINVILLE;Chuva;Colisão com objeto;Com Vítimas Feridas;Pleno dia;Crescente;Chuva;Dupla;Reta;Não;3;0;1;0;1;1;0;3;-26,31671812;-48,87340017;SPRF-SC;DEL03/SC;UOP01-DEL03-SC
771816;25/03/2026;quarta-feira;22:59:00;RJ;116;174;SAO JOAO DE MERITI;Mal súbito do condutor;Colisão traseira;Com Vítimas Feridas;Plena Noite;Crescente;Céu Claro;Múltipla;Reta;Sim;3;0;0;1;1;1;0;3;-22,79530095;-43,36193975;SPRF-RJ;DEL06/RJ;UOP01-DEL06-RJ
771819;10/04/2026;sexta-feira;16:01:00;RO;364;727;PORTO VELHO;Falta de acostamento;Saída de leito carroçável;Com Vítimas Feridas;Pleno dia;Decrescente;Céu Claro;Simples;"Reta;Em Obras";Não;1;0;1;0;1;0;0;1;-8,87585;-63,94913;SPRF-RO;DEL01-RO;UOP01-DEL01-RO
771820;15/05/2026;sexta-feira;10:35:00;BA;110;2;PAULO AFONSO;Desrespeitar a preferência no cruzamento;Colisão transversal;Com Vítimas Feridas;Pleno dia;Crescente;Céu Claro;Simples;Rotatória;Sim;3;0;2;0;2;1;0;2;-9,438228;-38,204352;SPRF-BA;DEL07/BA;UOP01-DEL07-BA
771822;15/05/2026;sexta-feira;09:47:00;PA;316;61,9;CASTANHAL;Acessar a via sem observar a presença dos outros veículos;Colisão transversal;Com Vítimas Feridas;Pleno dia;Crescente;Céu Claro;Dupla;Interseção de Vias;Sim;3;0;1;0;1;1;0;5;-1,298057;-47,938429;SPRF-PA;DEL01/PA;UOP01-DEL01-PA
771826;15/05/2026;sexta-feira;11:55:00;CE;116;58,5;PACAJUS;Condutor deixou de manter distância do veículo da frente;Colisão traseira;Com Vítimas Feridas;Pleno dia;Decrescente;Céu Claro;Simples;Reta;Não;7;0;4;0;4;2;0;3;-4,2373934;-38,4810097;SPRF-CE;DEL01/CE;UOP04-DEL01-CE
771828;15/05/2026;sexta-feira;12:20:00;BA;116;439;FEIRA DE SANTANA;Reação tardia ou ineficiente do condutor;Saída de leito carroçável;Com Vítimas Fatais;Pleno dia;Crescente;Céu Claro;Dupla;Curva;Não;1;1;0;0;0;0;0;1;-12,34042;-39,08175;SPRF-BA;DEL02/BA;UOP01-DEL02-BA
771832;15/05/2026;sexta-feira;09:10:00;GO;60;312;ACREUNA;Acessar a via sem observar a presença dos outros veículos;Colisão lateral mesmo sentido;Com Vítimas Feridas;Pleno dia;Crescente;Sol;Dupla;"Reta;Retorno Regulamentado";Não;3;0;1;0;1;1;0;4;-17,44301;-50,429598;SPRF-GO;DEL04/GO;UOP02-DEL04-GO
771834;15/05/2026;sexta-feira;10:00:00;PR;277;125;CAMPO LARGO;Ausência de reação do condutor;Colisão transversal;Com Vítimas Feridas;Pleno dia;Crescente;Chuva;Dupla;Reta;Sim;4;0;2;0;2;1;0;4;-25,434988;-49,534237;SPRF-PR;DEL01/PR;UOP07-DEL01-PR
771835;20/04/2026;segunda-feira;23:40:00;MG;365;745;ITUIUTABA;Ausência de reação do condutor;Colisão com objeto;Com Vítimas Feridas;Plena Noite;Decrescente;Céu Claro;Simples;"Reta;Ponte";Não;3;0;1;1;2;1;0;2;-18,920812;-49,419136;SPRF-MG;DEL15/MG;UOP03-DEL15-MG
771845;15/05/2026;sexta-feira;13:20:00;ES;101;296,1;CARIACICA;Ingestão de álcool pelo condutor;Colisão lateral mesmo sentido;Sem Vítimas;Pleno dia;Crescente;Nublado;Múltipla;Reta;Sim;2;0;0;0;0;2;0;2;-20,34090129;-40,40493012;SPRF-ES;DEL01-ES;UOP01-DEL01-ES
771849;15/05/2026;sexta-feira;13:29:00;PR;476;199;LAPA;Acumulo de água sobre o pavimento;Colisão lateral sentido oposto;Com Vítimas Feridas;Pleno dia;Crescente;Chuva;Simples;Reta;Não;5;0;1;2;3;1;0;3;-25,75008662;-49,72117066;SPRF-PR;DEL01/PR;UOP06-DEL01-PR
771850;15/05/2026;sexta-feira;13:20:00;SC;101;127,5;ITAJAI;Acessar a via sem observar a presença dos outros veículos;Colisão lateral mesmo sentido;Sem Vítimas;Pleno dia;Crescente;Chuva;Dupla;Reta;Não;3;0;0;0;0;2;0;3;-26,96696187;-48,68384132;SPRF-SC;DEL04/SC;UOP04-DEL04-SC
771853;15/05/2026;sexta-feira;14:05:00;AL;101;71;MESSIAS;Estacionar ou parar em local proibido;Colisão traseira;Com Vítimas Feridas;Pleno dia;Decrescente;Céu Claro;Dupla;"Reta;Declive";Não;6;0;1;1;2;3;0;5;-9,3713;-35,8299;SPRF-AL;DEL01-AL;UOP01-DEL01-AL
771856;15/05/2026;sexta-feira;14:10:00;PR;476;184,1;LAPA;Acessar a via sem observar a presença dos outros veículos;Colisão transversal;Com Vítimas Feridas;Pleno dia;Crescente;Chuva;Simples;Reta;Sim;3;0;0;1;1;1;0;3;-25,78833714;-49,69371033;SPRF-PR;DEL01/PR;UOP06-DEL01-PR
771858;15/05/2026;sexta-feira;14:15:00;RS;285;270,2;MATO CASTELHANO;Ingestão de álcool pelo condutor;Colisão transversal;Sem Vítimas;Pleno dia;Crescente;Sol;Simples;Reta;Não;3;0;0;0;0;2;0;4;-28,2837;-52,176358;SPRF-RS;DEL08/RS;UOP03-DEL08-RS
771859;15/05/2026;sexta-feira;14:35:00;BA;242;824;BARREIRAS;Ausência de reação do condutor;Colisão traseira;Com Vítimas Feridas;Pleno dia;Crescente;Sol;Simples;Reta;Não;3;0;1;0;1;2;0;2;-12,123497;-45,032526;SPRF-BA;DEL10/BA;UOP01-DEL10-BA
771863;15/05/2026;sexta-feira;15:10:00;MG;40;475,9;SETE LAGOAS;Condutor deixou de manter distância do veículo da frente;Engavetamento;Sem Vítimas;Pleno dia;Decrescente;Céu Claro;Dupla;"Reta;Aclive";Não;5;0;0;0;0;4;0;5;-19,51042;-44,27231;SPRF-MG;DEL02/MG;UOP01-DEL02-MG
771864;15/05/2026;sexta-feira;09:10:00;SC;280;89;CORUPA;Ausência de reação do condutor;Colisão frontal;Com Vítimas Feridas;Pleno dia;Decrescente;Chuva;Simples;"Declive;Curva";Não;2;0;1;0;1;1;0;2;-26,40391;-49,28773;SPRF-SC;DEL06/SC;UOP03-DEL06-SC
771865;15/05/2026;sexta-feira;14:10:00;BA;116;371,8;LAMARAO;Ultrapassagem Indevida;Saída de leito carroçável;Com Vítimas Feridas;Pleno dia;Decrescente;Céu Claro;Simples;"Reta;Em Obras";Não;3;0;0;1;1;1;0;2;-11,77203;-38,98566;SPRF-BA;DEL02/BA;UOP01-DEL02-BA
771878;15/05/2026;sexta-feira;10:50:00;MG;262;11,9;MARTINS SOARES;Ultrapassagem Indevida;Colisão lateral mesmo sentido;Com Vítimas Feridas;Pleno dia;Crescente;Nublado;Simples;Reta;Não;5;0;0;2;2;1;0;4;-20,252962;-41,853527;SPRF-MG;DEL06/MG;UOP03-DEL06-MG
771880;15/05/2026;sexta-feira;15:10:00;MG;381;860,6;POUSO ALEGRE;Manobra de mudança de faixa;Colisão traseira;Com Vítimas Feridas;Pleno dia;Decrescente;Nublado;Dupla;Reta;Não;3;0;2;0;2;0;0;2;-22,32439;-45,909787;SPRF-MG;DEL16/MG;UOP01-DEL16-MG
771887;27/04/2026;segunda-feira;03:20:00;BA;116;440,2;FEIRA DE SANTANA;Estacionar ou parar em local proibido;Colisão traseira;Com Vítimas Feridas;Plena Noite;Decrescente;Céu Claro;Dupla;"Aclive;Reta";Não;3;0;0;1;1;1;0;3;-12,3427782;-39,0830574;SPRF-BA;DEL02/BA;UOP01-DEL02-BA
771890;20/03/2026;sexta-feira;15:15:00;MG;251;271;SALINAS;Ausência de reação do condutor;Colisão traseira;Com Vítimas Fatais;Pleno dia;Decrescente;Nublado;Simples;Reta;Não;4;2;1;0;1;0;0;5;-15,986703;-42,030335;SPRF-MG;DEL12/MG;UOP02-DEL12-MG
771897;23/04/2026;quinta-feira;17:32:00;PA;163;291;NOVO PROGRESSO;Reação tardia ou ineficiente do condutor;Colisão lateral sentido oposto;Sem Vítimas;Anoitecer;Decrescente;Chuva;Simples;Reta;Não;4;0;0;0;0;0;1;12;-7,1993;-55,3633;SPRF-PA;DEL05/PA;UOP03-DEL05-PA
771899;15/05/2026;sexta-feira;15:30:00;RO;364;383;OURO PRETO DO OESTE;Ausência de reação do condutor;Colisão com objeto;Sem Vítimas;Pleno dia;Crescente;Céu Claro;Simples;Reta;Sim;2;0;0;0;0;1;0;4;-10,71727589;-62,24891692;SPRF-RO;DEL02-RO;UOP01-DEL02-RO
771911;15/05/2026;sexta-feira;16:05:00;GO;153;502,7;GOIANIA;Reação tardia ou ineficiente do condutor;Colisão traseira;Com Vítimas Fatais;Pleno dia;Crescente;Nublado;Múltipla;Reta;Sim;4;1;0;0;0;3;0;4;-16,725544;-49,240852;SPRF-GO;DEL01/GO;UOP01-DEL01-GO
771923;15/05/2026;sexta-feira;22:20:00;MT;158;591;AGUA BOA;Reação tardia ou ineficiente do condutor;Colisão traseira;Com Vítimas Feridas;Plena Noite;Decrescente;Céu Claro;Simples;Reta;Não;4;0;3;1;4;0;0;2;-14,30264468;-52,16926575;SPRF-MT;DEL07/MT;UOP02-DEL07-MT
771924;15/05/2026;sexta-feira;15:41:00;PR;369;401;JURANDA;Acumulo de água sobre o pavimento;Colisão frontal;Com Vítimas Fatais;Pleno dia;Decrescente;Chuva;Simples;Reta;Não;3;1;0;0;0;1;0;3;-24,373208;-52,775765;SPRF-PR;DEL04/PR;UOP03-DEL04-PR
771925;15/05/2026;sexta-feira;16:00:00;RS;386;78,2;JABOTICABA;Trafegar com motocicleta (ou similar) entre as faixas;Colisão lateral mesmo sentido;Com Vítimas Feridas;Pleno dia;Decrescente;Nublado;Simples;Reta;Não;2;0;0;1;1;0;0;2;-27,70712;-53,28885;SPRF-RS;DEL08/RS;UOP02-DEL08-RS
771930;15/05/2026;sexta-feira;14:34:00;AM;174;914;MANAUS;Transitar na contramão;Colisão frontal;Com Vítimas Fatais;Pleno dia;Decrescente;Garoa/Chuvisco;Simples;"Reta;Ponte";Não;3;1;0;0;0;1;0;4;-2,70833;-60,04861;SPRF-AM;DEL01-AM;UOP01-DEL01-AM
771937;15/05/2026;sexta-feira;19:15:00;GO;364;126;APARECIDA DO RIO DOCE;Ausência de reação do condutor;Colisão traseira;Com Vítimas Feridas;Plena Noite;Crescente;Ignorado;Simples;Reta;Não;5;0;1;0;1;4;0;2;-18,25477971;-51,23914564;SPRF-GO;DEL05/GO;UOP02-DEL05-GO
771938;15/05/2026;sexta-feira;23:00:00;RJ;116;186;NOVA IGUACU;Ausência de sinalização;Colisão com objeto;Com Vítimas Feridas;Plena Noite;Decrescente;Garoa/Chuvisco;Dupla;Reta;Sim;3;0;1;0;1;1;0;3;-22,73902417;-43,47444401;SPRF-RJ;DEL06/RJ;UOP01-DEL06-RJ
771942;16/05/2026;sábado;00:05:00;RJ;116;294;BARRA MANSA;Reação tardia ou ineficiente do condutor;Colisão traseira;Com Vítimas Feridas;Plena Noite;Decrescente;Ignorado;Dupla;Reta;Sim;3;0;1;0;1;1;0;3;-22,459182;-44,291052;SPRF-RJ;DEL07/RJ;UOP02-DEL07-RJ
771949;16/05/2026;sábado;01:50:00;SC;101;114;ITAJAI;Ausência de reação do condutor;Capotamento;Sem Vítimas;Plena Noite;Decrescente;Chuva;Dupla;Reta;Não;3;0;0;0;0;2;0;3;-26,85899037;-48,72774066;SPRF-SC;DEL04/SC;UOP04-DEL04-SC
771957;16/05/2026;sábado;03:15:00;MG;153;33,9;CENTRALINA;Transitar no Acostamento;Colisão traseira;Com Vítimas Feridas;Plena Noite;Crescente;Céu Claro;Dupla;Reta;Não;3;0;1;0;1;2;0;2;-18,703485;-49,142474;SPRF-MG;DEL15/MG;UOP03-DEL15-MG
771958;15/05/2026;sexta-feira;19:30:00;SE;101;67,8;MARUIM;Reação tardia ou ineficiente do condutor;Colisão lateral sentido oposto;Com Vítimas Feridas;Plena Noite;Crescente;Nublado;Simples;"Aclive;Reta";Não;2;0;0;1;1;1;0;2;-10,721732;-37,069877;SPRF-SE;DEL01-SE;UOP01-DEL01-SE
771969;16/05/2026;sábado;04:45:00;PR;369;199;APUCARANA;Transitar na contramão;Colisão frontal;Com Vítimas Feridas;Plena Noite;Crescente;Nevoeiro/Neblina;Dupla;Curva;Sim;2;0;1;0;1;1;0;2;-23,518735;-51,429071;SPRF-PR;DEL07/PR;UOP03-DEL07-PR
771971;16/05/2026;sábado;06:15:00;PR;277;403,3;CANDOI;Manobra de mudança de faixa;Colisão lateral mesmo sentido;Com Vítimas Feridas;Pleno dia;Crescente;Nevoeiro/Neblina;Simples;"Reta;Retorno Regulamentado";Não;5;0;1;0;1;4;0;2;-25,459958;-51,957998;SPRF-PR;DEL04/PR;UOP02-DEL04-PR
771976;15/05/2026;sexta-feira;18:43:00;PE;101;58;RECIFE;Acessar a via sem observar a presença dos outros veículos;Tombamento;Com Vítimas Fatais;Plena Noite;Decrescente;Nublado;Dupla;Reta;Sim;5;1;0;0;0;2;0;3;-7,97228;-34,92099;SPRF-PE;DEL01/PE;UOP02-DEL01-PE
771978;15/05/2026;sexta-feira;21:40:00;SC;101;20;BIGUACU;Ingestão de álcool pelo condutor;Saída de leito carroçável;Sem Vítimas;Plena Noite;Crescente;Céu Claro;Múltipla;Rotatória;Não;1;0;0;0;0;1;0;1;-27,4943436;-48,71227233;SPRF-SC;DEL01/SC;UOP01-DEL01-SC
771984;16/05/2026;sábado;05:45:00;PR;116;92;SAO JOSE DOS PINHAIS;Velocidade Incompatível;Colisão traseira;Com Vítimas Fatais;Amanhecer;Crescente;Garoa/Chuvisco;Dupla;Reta;Não;2;1;0;0;0;1;0;2;-25,50793217;-49,12511635;SPRF-PR;DEL01/PR;UOP08-DEL01-PR
771995;15/05/2026;sexta-feira;18:15:00;SC;470;167,9;POUSO REDONDO;Reação tardia ou ineficiente do condutor;Colisão frontal;Com Vítimas Feridas;Plena Noite;Decrescente;Chuva;Simples;"Declive;Reta";Não;22;0;7;1;8;13;0;3;-27,265896;-49,878762;SPRF-SC;DEL04/SC;UOP02-DEL04-SC
771997;16/05/2026;sábado;05:22:00;TO;153;565;FATIMA;Transitar na contramão;Colisão lateral sentido oposto;Com Vítimas Feridas;Plena Noite;Crescente;Céu Claro;Simples;Reta;Não;3;0;1;0;1;1;0;3;-10,782115;-48,90162;SPRF-TO;DEL01-TO;UOP01-DEL01-TO
772003;16/05/2026;sábado;07:50:00;RO;364;176;PIMENTA BUENO;Carga excessiva e/ou mal acondicionada;Colisão com objeto;Com Vítimas Feridas;Pleno dia;Crescente;Céu Claro;Simples;Curva;Não;4;0;1;0;1;2;0;5;-11,80158;-61,04788;SPRF-RO;DEL02-RO;UOP02-DEL02-RO
772006;16/05/2026;sábado;08:40:00;SP;381;49,7;ATIBAIA;Velocidade Incompatível;Colisão com objeto;Sem Vítimas;Pleno dia;Decrescente;Céu Claro;Dupla;Reta;Não;2;0;0;0;0;2;0;2;-23,21505616;-46,59399239;SPRF-SP;DEL03/SP;UOP01-DEL03-SP
772013;16/05/2026;sábado;08:00:00;PR;116;15;COLOMBO;Reação tardia ou ineficiente do condutor;Saída de leito carroçável;Com Vítimas Feridas;Pleno dia;Decrescente;Garoa/Chuvisco;Dupla;Reta;Sim;2;0;1;0;1;1;0;2;-25,38711808;-49,17539477;SPRF-PR;DEL01/PR;UOP02-DEL01-PR
772014;16/05/2026;sábado;10:00:00;SP;381;70;MAIRIPORA;Reação tardia ou ineficiente do condutor;Tombamento;Com Vítimas Feridas;Pleno dia;Decrescente;Céu Claro;Dupla;"Curva;Declive";Não;4;0;2;0;2;1;0;3;-23,3467233;-46,5623233;SPRF-SP;DEL03/SP;UOP01-DEL03-SP
772024;16/05/2026;sábado;03:40:00;BA;101;750,6;ITABELA;Velocidade Incompatível;Capotamento;Com Vítimas Fatais;Plena Noite;Decrescente;Nevoeiro/Neblina;Simples;"Declive;Curva";Não;2;1;0;0;0;0;0;2;-16,618368;-39,541589;SPRF-BA;DEL09/BA;UOP01-DEL09-BA
772025;15/05/2026;sexta-feira;23:30:00;RO;364;688;CANDEIAS DO JAMARI;Transitar na contramão;Colisão frontal;Com Vítimas Feridas;Plena Noite;Decrescente;Céu Claro;Simples;Reta;Não;2;0;1;0;1;0;0;2;-8,793727;-63,66383;SPRF-RO;DEL01-RO;UOP01-DEL01-RO
772028;16/05/2026;sábado;07:30:00;SP;116;35;LAVRINHAS;Ausência de reação do condutor;Colisão lateral mesmo sentido;Com Vítimas Feridas;Pleno dia;Decrescente;Nublado;Dupla;Reta;Não;2;0;1;0;1;1;0;2;-22,56026706;-44,85974975;SPRF-SP;DEL08/SP;UOP02-DEL08-SP
772029;16/05/2026;sábado;07:00:00;CE;116;342;JAGUARIBE;Transitar na contramão;Colisão frontal;Com Vítimas Feridas;Pleno dia;Decrescente;Céu Claro;Simples;Reta;Não;3;0;2;0;2;1;0;2;-6,184301;-38,665135;SPRF-CE;DEL05/CE;UOP02-DEL05-CE
772031;15/05/2026;sexta-feira;18:00:00;BA;101;715;EUNAPOLIS;Transitar na contramão;Colisão frontal;Com Vítimas Feridas;Plena Noite;Crescente;Céu Claro;Simples;Reta;Sim;2;0;0;1;1;1;0;2;-16,35485629;-39,57955599;SPRF-BA;DEL09/BA;UOP01-DEL09-BA
772032;16/05/2026;sábado;07:10:00;CE;304;47;ARACATI;Ausência de reação do condutor;Colisão traseira;Sem Vítimas;Pleno dia;Crescente;Céu Claro;Dupla;"Ponte;Reta";Sim;3;0;0;0;0;3;0;2;-4,57654742;-37,78825728;SPRF-CE;DEL03/CE;UOP02-DEL03-CE
772036;16/05/2026;sábado;11:00:00;MG;153;21;CENTRALINA;Condutor deixou de manter distância do veículo da frente;Colisão traseira;Com Vítimas Feridas;Pleno dia;Decrescente;Céu Claro;Dupla;Reta;Sim;4;0;1;0;1;2;0;3;-18,59010604;-49,19295251;SPRF-MG;DEL15/MG;UOP03-DEL15-MG
772037;16/05/2026;sábado;10:15:00;PR;376;382,1;IMBAU;Ausência de reação do condutor;Colisão traseira;Com Vítimas Feridas;Pleno dia;Decrescente;Nublado;Dupla;Reta;Sim;2;0;0;1;1;1;0;2;-24,45583117;-50,7544082;SPRF-PR;DEL03/PR;UOP02-DEL03-PR
772038;15/05/2026;sexta-feira;18:30:00;BA;116;306;ARACI;Demais falhas mecânicas ou elétricas;Incêndio;Sem Vítimas;Plena Noite;Decrescente;Céu Claro;Simples;Reta;Não;2;0;0;0;0;1;0;2;-11,24006102;-38,90090816;SPRF-BA;DEL07/BA;UOP02-DEL07-BA
772042;24/03/2026;terça-feira;08:55:00;GO;20;32;FORMOSA;Reação tardia ou ineficiente do condutor;Engavetamento;Com Vítimas Feridas;Pleno dia;Crescente;Céu Claro;Simples;Reta;Não;3;0;1;0;1;2;0;3;-15,48071;-47,101607;SPRF-DF;DEL02-DF;UOP02-DEL02-DF
772044;16/05/2026;sábado;11:00:00;MA;135;2;SAO LUIS;Ingestão de álcool pelo condutor;Colisão traseira;Com Vítimas Feridas;Pleno dia;Decrescente;Nublado;Dupla;"Reta;Aclive";Sim;2;0;1;0;1;1;0;2;-2,60227;-44,24596;SPRF-MA;DEL01-MA;UOP01-DEL01-MA
772052;16/05/2026;sábado;10:30:00;MA;316;610;TIMON;Condutor Dormindo;Colisão frontal;Com Vítimas Feridas;Pleno dia;Decrescente;Nublado;Dupla;Reta;Não;4;0;1;0;1;2;0;3;-5,07008377;-42,87723541;SPRF-MA;DEL03-MA;UOP02-DEL03-MA
772055;08/05/2026;sexta-feira;15:05:00;RO;364;422;JARU;Acessar a via sem observar a presença dos outros veículos;Queda de ocupante de veículo;Com Vítimas Feridas;Pleno dia;Decrescente;Sol;Simples;Retorno Regulamentado;Sim;3;0;1;0;1;1;0;3;-10,45424916;-62,45933175;SPRF-RO;DEL03-RO;UOP02-DEL03-RO
772056;16/05/2026;sábado;10:05:00;BA;116;268;TUCANO;Demais falhas na via;Colisão lateral mesmo sentido;Com Vítimas Feridas;Pleno dia;Crescente;Céu Claro;Simples;"Aclive;Reta";Não;3;0;1;0;1;1;0;3;-10,911774;-38,836378;SPRF-BA;DEL07/BA;UOP02-DEL07-BA
772058;16/05/2026;sábado;13:00:00;PR;277;0;PARANAGUA;Acessar a via sem observar a presença dos outros veículos;Colisão lateral mesmo sentido;Com Vítimas Feridas;Pleno dia;Decrescente;Céu Claro;Simples;Ponte;Sim;3;0;1;0;1;1;0;5;-25,5200102;-48,5439384;SPRF-PR;DEL01/PR;UOP05-DEL01-PR
772059;16/05/2026;sábado;14:00:00;MG;381;492;BETIM;Ausência de reação do condutor;Colisão traseira;Com Vítimas Feridas;Pleno dia;Crescente;Céu Claro;Múltipla;Reta;Sim;3;0;0;1;1;1;0;3;-19,9636023;-44,16882483;SPRF-MG;DEL01/MG;UOP03-DEL01-MG
772061;16/05/2026;sábado;12:10:00;PA;10;324;SAO MIGUEL DO GUAMA;Transitar na contramão;Colisão frontal;Com Vítimas Fatais;Pleno dia;Decrescente;Sol;Simples;Reta;Sim;3;1;0;0;0;1;0;4;-1,60667;-47,484332;SPRF-PA;DEL01/PA;UOP02-DEL01-PA
772065;16/05/2026;sábado;13:16:00;GO;153;110;SANTA TEREZA DE GOIAS;Transitar na contramão;Colisão frontal;Sem Vítimas;Pleno dia;Crescente;Sol;Simples;"Declive;Reta";Não;3;0;0;0;0;2;0;4;-13,74234539;-49,03040206;SPRF-GO;DEL07/GO;UOP01-DEL07-GO
772066;16/05/2026;sábado;14:17:00;RS;158;205,5;CRUZ ALTA;Velocidade Incompatível;Colisão traseira;Com Vítimas Fatais;Pleno dia;Crescente;Céu Claro;Simples;Reta;Não;2;1;0;0;0;1;0;2;-28,733662;-53,597239;SPRF-RS;DEL10/RS;UOP02-DEL10-RS
772068;16/05/2026;sábado;13:35:00;MG;365;111,9;JEQUITAI;Pedestre andava na pista;Atropelamento de Pedestre;Com Vítimas Fatais;Pleno dia;Decrescente;Céu Claro;Simples;"Reta;Em Obras";Não;3;1;0;0;0;1;0;2;-17,202033;-44,613918;SPRF-MG;DEL12/MG;UOP01-DEL12-MG
772069;16/05/2026;sábado;12:00:00;MG;381;858;POUSO ALEGRE;Manobra de mudança de faixa;Colisão lateral mesmo sentido;Com Vítimas Feridas;Pleno dia;Crescente;Nublado;Dupla;Reta;Não;4;0;0;1;1;1;0;4;-22,304489;-45,901558;SPRF-MG;DEL16/MG;UOP01-DEL16-MG
772084;16/05/2026;sábado;15:26:00;CE;116;18;ITAITINGA;Acessar a via sem observar a presença dos outros veículos;Colisão lateral mesmo sentido;Sem Vítimas;Pleno dia;Crescente;Chuva;Múltipla;Reta;Sim;2;0;0;0;0;2;0;2;-3,909901;-38,506194;SPRF-CE;DEL01/CE;UOP02-DEL01-CE
772085;16/05/2026;sábado;13:30:00;PA;155;290;ELDORADO DO CARAJAS;Ultrapassagem Indevida;Colisão lateral mesmo sentido;Sem Vítimas;Pleno dia;Decrescente;Céu Claro;Simples;Declive;Não;4;0;0;0;0;3;0;5;-5,815623;-49,190375;SPRF-PA;DEL03/PA;UOP01-DEL03-PA
772090;16/05/2026;sábado;15:15:00;GO;60;274;JANDAIA;Ausência de reação do condutor;Saída de leito carroçável;Com Vítimas Feridas;Pleno dia;Crescente;Céu Claro;Dupla;Curva;Não;2;0;1;0;1;0;0;3;-17,217228;-50,176486;SPRF-GO;DEL01/GO;UOP02-DEL01-GO
772102;16/05/2026;sábado;17:20:00;ES;101;371,8;ANCHIETA;Transitar na contramão;Colisão frontal;Com Vítimas Fatais;Anoitecer;Decrescente;Nublado;Simples;Curva;Não;2;1;0;0;0;1;0;2;-20,769328;-40,770353;SPRF-ES;DEL03-ES;UOP01-DEL03-ES
772104;16/05/2026;sábado;12:20:00;PI;316;408;MARCOLANDIA;Reação tardia ou ineficiente do condutor;Colisão traseira;Com Vítimas Feridas;Pleno dia;Decrescente;Sol;Simples;"Reta;Aclive";Não;3;0;0;1;1;1;0;16;-7,399293;-40,727808;SPRF-PI;DEL04-PI;UOP03-DEL04-PI
772109;29/04/2026;quarta-feira;23:00:00;GO;20;11,5;FORMOSA;Pedestre andava na pista;Atropelamento de Pedestre;Com Vítimas Fatais;Pleno dia;Crescente;Céu Claro;Simples;Reta;Não;2;1;0;0;0;1;0;2;-15,56454108;-47,25199568;SPRF-DF;DEL02-DF;UOP02-DEL02-DF
772115;16/05/2026;sábado;09:45:00;MS;163;364;NOVA ALVORADA DO SUL;Ausência de reação do condutor;Tombamento;Com Vítimas Feridas;Pleno dia;Crescente;Céu Claro;Simples;Rotatória;Sim;2;0;1;0;1;1;0;1;-21,472738;-54,385753;SPRF-MS;DEL02/MS;UOP01-DEL02-MS
772120;16/05/2026;sábado;19:05:00;SP;153;323;RIBEIRAO DO SUL;Transitar na contramão;Colisão frontal;Com Vítimas Fatais;Anoitecer;Decrescente;Nublado;Simples;"Reta;Interseção de Vias;Aclive";Não;5;1;0;3;3;1;0;2;-22,791808;-49,889666;SPRF-SP;DEL07/SP;UOP03-DEL07-SP
772138;16/05/2026;sábado;17:30:00;BA;242;356;LENCOIS;Condutor deixou de manter distância do veículo da frente;Colisão traseira;Sem Vítimas;Anoitecer;Decrescente;Céu Claro;Simples;Reta;Não;3;0;0;0;0;2;0;4;-12,47742701;-41,35993478;SPRF-BA;DEL06/BA;UOP02-DEL06-BA
772144;16/05/2026;sábado;12:40:00;MG;365;323,6;JOAO PINHEIRO;Ultrapassagem Indevida;Colisão lateral sentido oposto;Com Vítimas Feridas;Pleno dia;Decrescente;Céu Claro;Simples;"Reta;Declive";Não;3;0;2;0;2;0;0;4;-18,28294649;-45,91072208;SPRF-MG;DEL10/MG;UOP02-DEL010-MG
772146;16/05/2026;sábado;13:00:00;MG;251;359,5;PADRE CARVALHO;Ingestão de álcool pelo condutor;Colisão lateral sentido oposto;Sem Vítimas;Pleno dia;Crescente;Céu Claro;Simples;Reta;Não;3;0;0;0;0;2;0;4;-16,270926;-42,560574;SPRF-MG;DEL12/MG;UOP02-DEL12-MG
772156;16/05/2026;sábado;16:22:00;MG;251;333;FRUTA DE LEITE;Ausência de reação do condutor;Tombamento;Com Vítimas Feridas;Pleno dia;Crescente;Céu Claro;Simples;"Declive;Curva";Não;2;0;1;0;1;0;0;2;-16,26302092;-42,40614144;SPRF-MG;DEL12/MG;UOP02-DEL12-MG
772159;16/05/2026;sábado;18:20:00;MG;116;221,3;CATUJI;Ausência de reação do condutor;Queda de ocupante de veículo;Com Vítimas Feridas;Plena Noite;Decrescente;Céu Claro;Simples;"Reta;Ponte;Declive";Não;6;0;1;1;2;2;0;5;-17,418192;-41,513588;SPRF-MG;DEL11/MG;UOP01-DEL11-MG
772165;16/05/2026;sábado;19:30:00;MG;50;205;PATROCINIO;Manobra de mudança de faixa;Colisão lateral mesmo sentido;Com Vítimas Feridas;Plena Noite;Crescente;Céu Claro;Dupla;Reta;Não;3;0;1;0;1;1;0;5;-19;-47;SPRF-MG;DEL13/MG;UOP01-DEL13-MG
772174;16/05/2026;sábado;21:35:00;PE;423;97;GARANHUNS;Ingestão de álcool pelo condutor;Colisão transversal;Com Vítimas Feridas;Plena Noite;Decrescente;Céu Claro;Simples;Reta;Sim;2;0;1;0;1;1;0;2;-8,879282;-36,495405;SPRF-PE;DEL03/PE;UOP01-DEL03-PE