id;data_inversa;dia_semana;horario;uf;br;km;municipio;causa_acidente;tipo_acidente;classificacao_acidente;fase_dia;sentido_via;condicao_metereologica;tipo_pista;tracado_via;uso_solo;pessoas;mortos;feridos_leves;feridos_graves;feridos;ilesos;ignorados;veiculos;latitude;longitude;regional;delegacia;uop
773113;21/05/2026;quinta-feira;10:45:00;SP;116;109;TAUBATE;Ausência de reação do condutor;Colisão traseira;Com Vítimas Feridas;Pleno dia;Crescente;Nublado;Dupla;Reta;Sim;2;0;1;0;1;1;0;2;-23,02811017;-45,54457124;SPRF-SP;DEL02/SP;UOP02-DEL02-SP
773114;20/05/2026;quarta-feira;06:00:00;RJ;40;122;DUQUE DE CAXIAS;Manobra de mudança de faixa;Colisão lateral mesmo sentido;Com Vítimas Feridas;Pleno dia;Crescente;Chuva;Múltipla;Reta;Sim;2;0;1;0;1;1;0;2;-22,7918;-43,2864;SPRF-RJ;DEL01/RJ;UOP02-DEL01-RJ
773115;09/04/2026;quinta-feira;04:00:00;MT;364;310;JACIARA;Demais falhas mecânicas ou elétricas;Incêndio;Sem Vítimas;Plena Noite;Crescente;Ignorado;Dupla;Reta;Não;1;0;0;0;0;1;0;1;-15,813293;-55,249606;SPRF-MT;DEL05/MT;UOP02-DEL05-MT
773121;15/05/2026;sexta-feira;15:10:00;AM;0;0;MANAUS;Manobra de mudança de faixa;Colisão lateral mesmo sentido;Com Vítimas Feridas;Pleno dia;Não Informado;Céu Claro;Dupla;Declive;Sim;5;0;3;0;3;2;0;3;-2,985518;-60,022406;SPRF-AM;DEL01-AM;N/A
773122;21/05/2026;quinta-feira;11:30:00;AL;101;115;PILAR;Reação tardia ou ineficiente do condutor;Colisão transversal;Com Vítimas Fatais;Pleno dia;Crescente;Céu Claro;Simples;"Curva;Declive";Não;3;1;0;0;0;1;0;4;-9,64234;-36,02462;SPRF-AL;DEL02-AL;UOP01-DEL02-AL
773123;21/05/2026;quinta-feira;06:00:00;MT;163;1110;GUARANTA DO NORTE;Ausência de reação do condutor;Colisão lateral sentido oposto;Com Vítimas Feridas;Amanhecer;Crescente;Céu Claro;Simples;"Reta;Aclive";Não;4;0;2;0;2;1;0;5;-9,60122833;-54,8910366;SPRF-MT;DEL06/MT;UOP03-DEL06-MT
773125;21/05/2026;quinta-feira;08:30:00;RS;285;309,9;PASSO FUNDO;Transitar na contramão;Colisão lateral sentido oposto;Com Vítimas Feridas;Pleno dia;Crescente;Sol;Simples;Reta;Não;6;0;0;4;4;1;0;5;-28,239403;-52,537256;SPRF-RS;DEL08/RS;UOP03-DEL08-RS
773130;21/05/2026;quinta-feira;12:25:00;SC;280;282,7;IRINEOPOLIS;Ultrapassagem Indevida;Colisão lateral mesmo sentido;Com Vítimas Feridas;Pleno dia;Decrescente;Céu Claro;Simples;"Reta;Declive";Não;2;0;1;0;1;1;0;2;-26,2943433;-50,85584;SPRF-SC;DEL06/SC;UOP04-DEL06-SC
773133;21/05/2026;quinta-feira;13:45:00;MG;146;478,4;POCOS DE CALDAS;Demais falhas mecânicas ou elétricas;Saída de leito carroçável;Com Vítimas Feridas;Pleno dia;Decrescente;Céu Claro;Simples;"Curva;Declive";Não;2;0;0;2;2;0;0;1;-21,7728302;-46,4219661;SPRF-MG;DEL09/MG;UOP01-DEL09-MG
773134;21/05/2026;quinta-feira;12:20:00;MG;262;348;BETIM;Mal súbito do condutor;Colisão traseira;Com Vítimas Feridas;Pleno dia;Decrescente;Céu Claro;Dupla;Reta;Não;2;0;1;0;1;1;0;2;-19,98430918;-44,2075038;SPRF-MG;DEL01/MG;UOP03-DEL01-MG
773140;21/05/2026;quinta-feira;08:58:00;RO;364;160,8;PIMENTA BUENO;Reação tardia ou ineficiente do condutor;Colisão traseira;Com Vítimas Feridas;Pleno dia;Crescente;Céu Claro;Simples;Curva;Não;4;0;1;0;1;2;0;6;-11,911843;-60,965743;SPRF-RO;DEL02-RO;UOP02-DEL02-RO
773141;21/05/2026;quinta-feira;11:00:00;SC;116;109,1;MONTE CASTELO;Ultrapassagem Indevida;Colisão lateral sentido oposto;Com Vítimas Feridas;Pleno dia;Decrescente;Sol;Simples;"Curva;Declive";Não;5;0;2;0;2;1;0;5;-26,75784376;-50,34205612;SPRF-SC;DEL06/SC;UOP02-DEL06-SC
773142;21/05/2026;quinta-feira;10:30:00;BA;116;616,5;JAGUAQUARA;Ausência de reação do condutor;Colisão traseira;Com Vítimas Feridas;Pleno dia;Crescente;Céu Claro;Simples;"Aclive;Reta";Não;4;0;2;0;2;1;0;4;-13,37753;-40,02031;SPRF-BA;DEL03/BA;UOP02-DEL03-BA
773143;21/05/2026;quinta-feira;13:00:00;SP;116;110;TAUBATE;Reação tardia ou ineficiente do condutor;Colisão traseira;Com Vítimas Feridas;Pleno dia;Crescente;Nublado;Dupla;Reta;Sim;2;0;0;1;1;0;0;2;-23,03944091;-45,56128442;SPRF-SP;DEL02/SP;UOP02-DEL02-SP
773144;21/05/2026;quinta-feira;11:30:00;BA;116;684;JEQUIE;Demais falhas mecânicas ou elétricas;Incêndio;Sem Vítimas;Pleno dia;Crescente;Céu Claro;Simples;Reta;Não;2;0;0;0;0;1;0;2;-13,938102;-40,16141;SPRF-BA;DEL03/BA;UOP01-DEL03-BA
773145;21/05/2026;quinta-feira;13:50:00;SP;116;305;SAO LOURENCO DA SERRA;Acesso irregular;Colisão transversal;Com Vítimas Feridas;Pleno dia;Crescente;Nublado;Dupla;Reta;Não;4;0;0;1;1;1;0;3;-23,8403538;-46,9315596;SPRF-SP;DEL04/SP;UOP01-DEL04-SP
773155;15/05/2026;sexta-feira;21:00:00;MA;10;136;ESTREITO;Transitar na contramão;Colisão lateral sentido oposto;Com Vítimas Feridas;Plena Noite;Crescente;Céu Claro;Simples;Reta;Não;3;0;0;1;1;0;0;4;-6,52495;-47,39483;SPRF-MA;DEL04-MA;UOP02-DEL04-MA
773156;11/04/2026;sábado;21:01:00;PA;163;412;ITAITUBA;Acessar a via sem observar a presença dos outros veículos;Atropelamento de Pedestre;Com Vítimas Fatais;Plena Noite;Crescente;Ignorado;Simples;Curva;Não;2;1;0;0;0;0;0;2;-6,204377;-55,630449;SPRF-PA;DEL05/PA;UOP03-DEL05-PA
773159;13/05/2026;quarta-feira;09:00:00;PR;277;659,9;MEDIANEIRA;Velocidade Incompatível;Colisão traseira;Sem Vítimas;Pleno dia;Decrescente;Céu Claro;Dupla;Reta;Não;3;0;0;0;0;2;0;3;-25,25362013;-54,03099624;SPRF-PR;DEL05/PR;UOP02-DEL05-PR
773165;21/05/2026;quinta-feira;14:45:00;PR;369;378,8;MAMBORE;Condutor deixou de manter distância do veículo da frente;Engavetamento;Com Vítimas Feridas;Pleno dia;Crescente;Céu Claro;Simples;"Reta;Aclive";Não;8;0;4;0;4;4;0;3;-24,29832756;-52,58742079;SPRF-PR;DEL04/PR;UOP03-DEL04-PR
773167;21/05/2026;quinta-feira;15:10:00;SC;282;542,6;CHAPECO;Reação tardia ou ineficiente do condutor;Colisão traseira;Com Vítimas Feridas;Pleno dia;Decrescente;Garoa/Chuvisco;Simples;Reta;Não;3;0;2;0;2;1;0;2;-27,000681;-52,711848;SPRF-SC;DEL07/SC;UOP01-DEL07-SC
773174;21/05/2026;quinta-feira;16:20:00;PR;116;101;SAO JOSE DOS PINHAIS;Ausência de reação do condutor;Colisão traseira;Com Vítimas Feridas;Pleno dia;Crescente;Nublado;Dupla;Reta;Não;3;0;1;0;1;1;0;4;-25,566873;-49,170363;SPRF-PR;DEL01/PR;UOP08-DEL01-PR
773177;21/05/2026;quinta-feira;16:40:00;SP;116;460;PARIQUERA-ACU;Ausência de reação do condutor;Colisão traseira;Com Vítimas Feridas;Pleno dia;Decrescente;Nublado;Dupla;Reta;Não;4;0;0;1;1;2;0;4;-24,61663842;-47,88926737;SPRF-SP;DEL05/SP;UOP01-DEL05-SP
773183;21/05/2026;quinta-feira;16:20:00;RO;364;274;CACOAL;Acessar a via sem observar a presença dos outros veículos;Colisão transversal;Com Vítimas Feridas;Pleno dia;Decrescente;Nublado;Simples;Interseção de Vias;Não;6;0;1;0;1;4;0;5;-11,386247;-61,74825;SPRF-RO;DEL02-RO;UOP02-DEL02-RO
773190;21/05/2026;quinta-feira;18:00:00;SC;101;210,8;SAO JOSE;Manobra de mudança de faixa;Colisão lateral mesmo sentido;Com Vítimas Feridas;Plena Noite;Crescente;Céu Claro;Simples;Reta;Sim;3;0;1;0;1;1;0;3;-27,62198;-48,65126;SPRF-SC;DEL01/SC;UOP01-DEL01-SC
773196;21/05/2026;quinta-feira;17:10:00;MS;262;356;CAMPO GRANDE;Acessar a via sem observar a presença dos outros veículos;Colisão transversal;Com Vítimas Feridas;Anoitecer;Crescente;Céu Claro;Simples;"Reta;Declive";Sim;3;0;1;0;1;2;0;2;-20,546303;-54,6835;SPRF-MS;DEL01/MS;UOP03-DEL01-MS
773197;21/05/2026;quinta-feira;17:30:00;PR;376;343;ORTIGUEIRA;Ultrapassagem Indevida;Colisão lateral mesmo sentido;Com Vítimas Fatais;Pleno dia;Crescente;Céu Claro;Simples;Reta;Não;6;1;1;0;1;3;0;4;-24,186205;-50,960598;SPRF-PR;DEL07/PR;UOP02-DEL07-PR
773198;21/05/2026;quinta-feira;14:15:00;BA;324;548;AMELIA RODRIGUES;Condutor Dormindo;Colisão traseira;Com Vítimas Feridas;Pleno dia;Decrescente;Céu Claro;Dupla;"Reta;Aclive";Não;4;0;1;0;1;2;0;5;-12,42938399;-38,73388751;SPRF-BA;DEL11/BA;UOP02-DEL11-BA
773199;21/05/2026;quinta-feira;17:30:00;RJ;101;296,8;ITABORAI;Condutor deixou de manter distância do veículo da frente;Engavetamento;Sem Vítimas;Anoitecer;Crescente;Garoa/Chuvisco;Dupla;Viaduto;Sim;4;0;0;0;0;4;0;3;-22,7709203;-42,92190736;SPRF-RJ;DEL02/RJ;UOP02-DEL02-RJ
773208;21/05/2026;quinta-feira;18:30:00;PR;116;100;SAO JOSE DOS PINHAIS;Transitar no Acostamento;Colisão lateral mesmo sentido;Sem Vítimas;Plena Noite;Crescente;Nublado;Dupla;Reta;Não;4;0;0;0;0;3;0;5;-25,564;-49,16;SPRF-PR;DEL01/PR;UOP08-DEL01-PR
773211;21/05/2026;quinta-feira;16:45:00;BA;324;550;AMELIA RODRIGUES;Manobra de mudança de faixa;Colisão lateral mesmo sentido;Sem Vítimas;Pleno dia;Decrescente;Céu Claro;Dupla;Reta;Não;3;0;0;0;0;2;0;4;-12,45156541;-38,70885396;SPRF-BA;DEL11/BA;UOP02-DEL11-BA
773224;21/05/2026;quinta-feira;14:00:00;BA;116;604;IRAJUBA;Ultrapassagem Indevida;Saída de leito carroçável;Com Vítimas Feridas;Pleno dia;Crescente;Céu Claro;Simples;Reta;Sim;2;0;1;0;1;1;0;2;-13,274651;-40,014807;SPRF-BA;DEL03/BA;UOP02-DEL03-BA
773228;21/05/2026;quinta-feira;21:00:00;PB;101;84;BAYEUX;Ausência de reação do condutor;Engavetamento;Sem Vítimas;Plena Noite;Crescente;Céu Claro;Dupla;Reta;Sim;3;0;0;0;0;3;0;3;-7,13519;-34,928316;SPRF-PB;DEL01-PB;UOP01-DEL01-PB
773230;12/05/2026;terça-feira;07:41:00;RJ;116;276;BARRA MANSA;Estacionar ou parar em local proibido;Colisão traseira;Com Vítimas Feridas;Pleno dia;Decrescente;Céu Claro;Dupla;Reta;Sim;5;0;1;0;1;2;0;6;-22,56295595;-44,16920948;SPRF-RJ;DEL07/RJ;UOP02-DEL07-RJ
773232;21/05/2026;quinta-feira;21:30:00;RJ;356;29;ITAPERUNA;Reação tardia ou ineficiente do condutor;Colisão traseira;Com Vítimas Feridas;Plena Noite;Decrescente;Céu Claro;Dupla;Reta;Sim;4;0;1;0;1;2;0;3;-21,1856891;-41,9198017;SPRF-RJ;DEL08/RJ;UOP03-DEL08-RJ
773249;21/05/2026;quinta-feira;23:10:00;SC;470;55,7;BLUMENAU;Pedestre cruzava a pista fora da faixa;Atropelamento de Pedestre;Com Vítimas Feridas;Plena Noite;Decrescente;Céu Claro;Simples;"Reta;Em Obras";Sim;3;0;0;1;1;1;0;3;-26,87644964;-49,12368178;SPRF-SC;DEL04/SC;UOP01-DEL04-SC
773250;21/05/2026;quinta-feira;21:18:00;MG;365;590;INDIANOPOLIS;Ausência de reação do condutor;Colisão frontal;Com Vítimas Fatais;Plena Noite;Decrescente;Céu Claro;Simples;Reta;Não;3;1;0;0;0;1;0;4;-18,870131;-48,024272;SPRF-MG;DEL15/MG;UOP02-DEL15-MG
773251;21/05/2026;quinta-feira;23:30:00;MG;262;434,3;NOVA SERRANA;Ultrapassagem Indevida;Colisão lateral mesmo sentido;Com Vítimas Fatais;Plena Noite;Crescente;Céu Claro;Dupla;"Reta;Declive";Não;3;1;0;1;1;1;0;2;-19,8769;-44,94418;SPRF-MG;DEL08/MG;UOP03-DEL08-MG
773256;22/05/2026;sexta-feira;00:40:00;SC;470;174;POUSO REDONDO;Acesso irregular;Colisão transversal;Com Vítimas Feridas;Plena Noite;Decrescente;Nublado;Simples;Reta;Sim;3;0;2;0;2;1;0;2;-27,25708507;-49,93435113;SPRF-SC;DEL04/SC;UOP02-DEL04-SC
773257;22/05/2026;sexta-feira;00:30:00;PR;153;109;IBAITI;Transitar na contramão;Colisão frontal;Com Vítimas Fatais;Plena Noite;Crescente;Céu Claro;Simples;Reta;Sim;2;1;0;0;0;1;0;2;-23,85832;-50,19843;SPRF-PR;DEL07/PR;UOP04-DEL07-PR
773258;22/05/2026;sexta-feira;01:56:00;PE;104;43;CARUARU;Pedestre andava na pista;Atropelamento de Pedestre;Com Vítimas Fatais;Plena Noite;Crescente;Céu Claro;Dupla;Reta;Não;3;1;0;0;0;1;0;3;-8,1088967;-36,0198683;SPRF-PE;DEL02/PE;UOP01-DEL02-PE
773262;22/05/2026;sexta-feira;03:00:00;SP;116;104;TAUBATE;Estacionar ou parar em local proibido;Colisão traseira;Sem Vítimas;Plena Noite;Crescente;Garoa/Chuvisco;Múltipla;Reta;Não;2;0;0;0;0;1;0;2;-23,0052487;-45,51037836;SPRF-SP;DEL02/SP;UOP02-DEL02-SP
773263;22/05/2026;sexta-feira;03:38:00;PE;408;63;CARPINA;Reação tardia ou ineficiente do condutor;Colisão frontal;Com Vítimas Fatais;Plena Noite;Crescente;Céu Claro;Simples;Reta;Sim;4;1;0;1;1;1;0;3;-7,84238;-35,23808;SPRF-PE;DEL01/PE;UOP01-DEL01-PE
773271;22/05/2026;sexta-feira;06:32:00;SP;116;210;GUARULHOS;Reação tardia ou ineficiente do condutor;Colisão lateral mesmo sentido;Com Vítimas Fatais;Pleno dia;Crescente;Céu Claro;Múltipla;Reta;Não;3;1;0;0;0;1;0;3;-23,42864262;-46,41158801;SPRF-SP;DEL01/SP;UOP01-DEL01-SP
773272;22/05/2026;sexta-feira;06:37:00;PE;101;80;JABOATAO DOS GUARARAPES;Acesso irregular;Atropelamento de Pedestre;Com Vítimas Feridas;Pleno dia;Crescente;Céu Claro;Múltipla;Reta;Sim;2;0;0;1;1;1;0;2;-8,15315;-34,94261;SPRF-PE;DEL01/PE;UOP01-DEL01-PE
773278;22/05/2026;sexta-feira;02:00:00;BA;101;770;ITABELA;Demais falhas mecânicas ou elétricas;Incêndio;Sem Vítimas;Plena Noite;Decrescente;Nublado;Simples;Reta;Não;2;0;0;0;0;1;0;2;-16,74684959;-39,45163713;SPRF-BA;DEL09/BA;UOP01-DEL09-BA
773280;22/05/2026;sexta-feira;06:45:00;GO;60;30;ALEXANIA;Reação tardia ou ineficiente do condutor;Colisão lateral mesmo sentido;Com Vítimas Feridas;Pleno dia;Crescente;Céu Claro;Dupla;Reta;Sim;3;0;0;1;1;1;0;3;-16,093904;-48,490801;SPRF-DF;DEL03-DF;UOP01-DEL03-DF
773291;28/04/2026;terça-feira;11:50:00;SC;101;339;TUBARAO;Ultrapassagem Indevida;Colisão transversal;Com Vítimas Feridas;Pleno dia;Decrescente;Céu Claro;Múltipla;Reta;Sim;3;0;0;1;1;1;0;3;-28,51119592;-49,05052185;SPRF-SC;DEL02/SC;UOP01-DEL02-SC
773293;22/05/2026;sexta-feira;04:30:00;BA;110;170;RIBEIRA DO POMBAL;Fumaça;Incêndio;Sem Vítimas;Plena Noite;Crescente;Céu Claro;Simples;Reta;Sim;2;0;0;0;0;1;0;2;-10,811711;-38,528569;SPRF-BA;DEL07/BA;UOP02-DEL07-BA
773294;22/05/2026;sexta-feira;07:45:00;MT;158;589;AGUA BOA;Demais falhas mecânicas ou elétricas;Saída de leito carroçável;Sem Vítimas;Pleno dia;Crescente;Céu Claro;Simples;Reta;Não;2;0;0;0;0;1;0;4;-14,37384611;-52,17295;SPRF-MT;DEL07/MT;UOP02-DEL07-MT
773299;22/05/2026;sexta-feira;08:30:00;SC;470;79;RODEIO;Acessar a via sem observar a presença dos outros veículos;Atropelamento de Pedestre;Com Vítimas Feridas;Pleno dia;Crescente;Céu Claro;Simples;Reta;Não;5;0;0;1;1;3;0;5;-26,94905693;-49,31512563;SPRF-SC;DEL04/SC;UOP01-DEL04-SC
773303;22/05/2026;sexta-feira;08:19:00;PE;0;0;PETROLINA;Acessar a via sem observar a presença dos outros veículos;Colisão lateral mesmo sentido;Sem Vítimas;Pleno dia;Não Informado;Céu Claro;Simples;"Interseção de Vias;Rotatória";Sim;2;0;0;0;0;2;0;2;-9,385187;-40,509844;SPRF-PE;DEL06/PE;UOP01-DEL06-PE
773309;15/05/2026;sexta-feira;06:22:00;SC;101;205;SAO JOSE;Mal súbito do condutor;Colisão com objeto;Com Vítimas Feridas;Amanhecer;Decrescente;Céu Claro;Dupla;Curva;Sim;3;0;2;0;2;1;0;3;-27,58469;-48,61755;SPRF-SC;DEL01/SC;UOP01-DEL01-SC
773311;22/05/2026;sexta-feira;08:45:00;TO;153;412;MIRANORTE;Reação tardia ou ineficiente do condutor;Tombamento;Sem Vítimas;Pleno dia;Crescente;Céu Claro;Simples;Reta;Sim;2;0;0;0;0;1;0;2;-9,51340206;-48,58932137;SPRF-TO;DEL02-TO;UOP02-DEL02-TO
773315;22/05/2026;sexta-feira;09:45:00;MG;262;457,5;ARAUJOS;Ausência de reação do condutor;Colisão lateral mesmo sentido;Com Vítimas Feridas;Pleno dia;Crescente;Céu Claro;Simples;Reta;Não;4;0;1;0;1;2;0;3;-19,7971;-45,1458;SPRF-MG;DEL08/MG;UOP03-DEL08-MG
773319;22/05/2026;sexta-feira;11:20:00;DF;20;45,3;BRASILIA;Reação tardia ou ineficiente do condutor;Colisão traseira;Com Vítimas Feridas;Pleno dia;Decrescente;Céu Claro;Dupla;Reta;Não;6;0;2;0;2;3;0;2;-15,60939926;-47,37535715;SPRF-DF;DEL02-DF;UOP01-DEL02-DF
773320;22/05/2026;sexta-feira;09:25:00;MT;158;633;NOVA NAZARE;Demais falhas mecânicas ou elétricas;Colisão lateral sentido oposto;Com Vítimas Feridas;Pleno dia;Crescente;Céu Claro;Simples;"Reta;Ponte";Não;3;0;0;1;1;1;0;5;-14,53521;-52,330333;SPRF-MT;DEL07/MT;UOP02-DEL07-MT
773326;22/05/2026;sexta-feira;08:00:00;PR;153;385;MALLET;Ausência de reação do condutor;Colisão transversal;Com Vítimas Feridas;Pleno dia;Decrescente;Garoa/Chuvisco;Simples;Curva;Não;4;0;1;0;1;3;0;2;-25,84448981;-50,8368516;SPRF-PR;DEL08/PR;UOP02-DEL08-PR
773333;22/05/2026;sexta-feira;09:40:00;RJ;101;55,9;CAMPOS DOS GOYTACAZES;Transitar na contramão;Colisão frontal;Com Vítimas Feridas;Pleno dia;Crescente;Nublado;Simples;Reta;Sim;6;0;2;0;2;2;0;5;-21,687153;-41,31066;SPRF-RJ;DEL08/RJ;UOP01-DEL08-RJ
773336;22/05/2026;sexta-feira;10:54:00;MG;40;46,5;PARACATU;Transitar na contramão;Colisão frontal;Com Vítimas Fatais;Pleno dia;Crescente;Nublado;Simples;Reta;Não;3;1;0;0;0;1;0;3;-17,24052;-46,83197;SPRF-MG;DEL14/MG;UOP01-DEL14-MG
773337;22/05/2026;sexta-feira;11:10:00;MG;381;859;POUSO ALEGRE;Condutor deixou de manter distância do veículo da frente;Colisão traseira;Com Vítimas Feridas;Pleno dia;Decrescente;Céu Claro;Dupla;Reta;Não;3;0;1;0;1;1;0;3;-22,32012539;-45,90600193;SPRF-MG;DEL16/MG;UOP01-DEL16-MG
773338;22/05/2026;sexta-feira;12:30:00;ES;262;93,5;DOMINGOS MARTINS;Transitar na contramão;Colisão frontal;Com Vítimas Feridas;Pleno dia;Crescente;Nublado;Simples;Reta;Não;4;0;1;1;2;1;0;3;-20,3794401;-41,0474364;SPRF-ES;DEL01-ES;UOP02-DEL01-ES
773340;22/05/2026;sexta-feira;13:20:00;PR;376;4;APUCARANA;Acessar a via sem observar a presença dos outros veículos;Colisão lateral mesmo sentido;Com Vítimas Feridas;Pleno dia;Decrescente;Céu Claro;Dupla;Reta;Sim;4;0;1;0;1;2;0;3;-23,549486;-51,449948;SPRF-PR;DEL07/PR;UOP03-DEL07-PR
773341;22/05/2026;sexta-feira;08:00:00;SC;158;134,3;PALMITOS;Acessar a via sem observar a presença dos outros veículos;Colisão transversal;Com Vítimas Feridas;Pleno dia;Crescente;Nublado;Simples;Interseção de Vias;Não;5;0;2;0;2;2;0;4;-27,07066911;-53,23027178;SPRF-SC;DEL07/SC;UOP02-DEL07-SC
773344;22/05/2026;sexta-feira;13:43:00;TO;153;237;COLINAS DO TOCANTINS;Ausência de reação do condutor;Saída de leito carroçável;Com Vítimas Feridas;Pleno dia;Crescente;Céu Claro;Simples;Reta;Não;2;0;1;0;1;0;0;2;-7,975454;-48,464123;SPRF-TO;DEL02-TO;UOP01-DEL02-TO
773345;22/05/2026;sexta-feira;12:30:00;RO;364;518,9;ARIQUEMES;Acessar a via sem observar a presença dos outros veículos;Colisão lateral mesmo sentido;Sem Vítimas;Pleno dia;Crescente;Nublado;Simples;"Reta;Rotatória";Não;3;0;0;0;0;2;0;5;-9,884278;-63,05695;SPRF-RO;DEL03-RO;UOP01-DEL03-RO
773347;22/05/2026;sexta-feira;13:00:00;MS;163;466;CAMPO GRANDE;Reação tardia ou ineficiente do condutor;Tombamento;Sem Vítimas;Pleno dia;Crescente;Céu Claro;Dupla;"Curva;Rotatória";Não;2;0;0;0;0;2;0;1;-20,58243657;-54,58290903;SPRF-MS;DEL01/MS;UOP01-DEL01-MS
773355;22/05/2026;sexta-feira;15:20:00;PR;369;147,1;LONDRINA;Ausência de reação do condutor;Colisão traseira;Com Vítimas Feridas;Pleno dia;Crescente;Nublado;Dupla;Reta;Sim;3;0;0;1;1;1;0;5;-23,29317;-51,13508;SPRF-PR;DEL07/PR;UOP01-DEL07-PR
773364;22/05/2026;sexta-feira;06:30:00;PA;10;67;ULIANOPOLIS;Demais falhas mecânicas ou elétricas;Incêndio;Sem Vítimas;Amanhecer;Crescente;Céu Claro;Simples;"Aclive;Reta";Não;2;0;0;0;0;1;0;3;-3,851573;-47,521987;SPRF-PA;DEL02/PA;UOP02-DEL02-PA
773369;22/05/2026;sexta-feira;15:30:00;PR;373;476,4;CORONEL VIVIDA;Demais falhas mecânicas ou elétricas;Colisão traseira;Com Vítimas Feridas;Pleno dia;Crescente;Chuva;Simples;"Curva;Declive";Não;4;0;1;0;1;2;0;3;-25,97789383;-52,53691836;SPRF-PR;DEL02/PR;UOP01-DEL02-PR
773374;22/05/2026;sexta-feira;16:47:00;TO;153;722;FIGUEIROPOLIS;Acessar a via sem observar a presença dos outros veículos;Colisão transversal;Com Vítimas Feridas;Pleno dia;Crescente;Céu Claro;Simples;"Reta;Interseção de Vias";Sim;3;0;0;1;1;2;0;2;-12,1398;-49,1683;SPRF-TO;DEL01-TO;UOP02-DEL01-TO
773376;22/05/2026;sexta-feira;16:45:00;MG;459;97,8;POUSO ALEGRE;Ausência de reação do condutor;Colisão traseira;Com Vítimas Feridas;Pleno dia;Decrescente;Céu Claro;Simples;Reta;Não;4;0;0;1;1;1;0;5;-22,196772;-45,97662;SPRF-MG;DEL09/MG;UOP01-DEL09-MG
773386;22/05/2026;sexta-feira;17:35:00;SP;116;514;CAJATI;Ausência de reação do condutor;Tombamento;Com Vítimas Feridas;Pleno dia;Decrescente;Céu Claro;Simples;"Curva;Declive";Não;1;0;1;0;1;0;0;1;-24,86278;-48,214595;SPRF-SP;DEL05/SP;UOP02-DEL05-SP
773421;22/05/2026;sexta-feira;19:10:00;RS;158;291;JULIO DE CASTILHOS;Ausência de reação do condutor;Colisão traseira;Com Vítimas Feridas;Plena Noite;Decrescente;Céu Claro;Simples;"Reta;Aclive";Não;2;0;0;1;1;0;0;2;-29,479254;-53,685941;SPRF-RS;DEL09/RS;UOP01-DEL09-RS
773422;22/05/2026;sexta-feira;19:40:00;SP;116;305;SAO LOURENCO DA SERRA;Condutor deixou de manter distância do veículo da frente;Tombamento;Com Vítimas Feridas;Plena Noite;Crescente;Céu Claro;Dupla;"Curva;Declive";Não;2;0;1;0;1;1;0;2;-23,84101807;-46,93161964;SPRF-SP;DEL04/SP;UOP01-DEL04-SP
773434;22/05/2026;sexta-feira;19:15:00;SP;116;93,7;PINDAMONHANGABA;Ingestão de álcool pelo condutor;Colisão lateral mesmo sentido;Sem Vítimas;Plena Noite;Crescente;Céu Claro;Dupla;Reta;Não;3;0;0;0;0;2;0;3;-22,95946024;-45,41912198;SPRF-SP;DEL08/SP;UOP01-DEL08-SP
773435;22/05/2026;sexta-feira;20:00:00;BA;116;815,5;VITORIA DA CONQUISTA;Neblina;Atropelamento de Pedestre;Com Vítimas Feridas;Plena Noite;Crescente;Chuva;Simples;Reta;Sim;3;0;1;0;1;0;0;2;-14,81624;-40,80404;SPRF-BA;DEL08/BA;UOP01-DEL08-BA
773436;22/05/2026;sexta-feira;20:00:00;PR;476;336;PAULA FREITAS;Acesso irregular;Colisão transversal;Com Vítimas Feridas;Plena Noite;Crescente;Chuva;Simples;Reta;Não;3;0;1;0;1;1;0;3;-26,13800982;-50,86400843;SPRF-PR;DEL02/PR;UOP03-DEL02-PR
773440;22/05/2026;sexta-feira;20:20:00;SC;280;34;ARAQUARI;Acesso irregular;Colisão frontal;Com Vítimas Feridas;Plena Noite;Crescente;Garoa/Chuvisco;Simples;Reta;Não;5;0;3;0;3;1;0;3;-26,42646272;-48,78839493;SPRF-SC;DEL03/SC;UOP03-DEL03-SC
773441;22/05/2026;sexta-feira;17:47:00;MT;163;114;RONDONOPOLIS;Reação tardia ou ineficiente do condutor;Colisão lateral mesmo sentido;Com Vítimas Feridas;Anoitecer;Crescente;Ignorado;Dupla;Reta;Não;6;0;1;0;1;3;0;4;-16,53506199;-54,66494588;SPRF-MT;DEL02/MT;UOP01-DEL02-MT
773442;22/05/2026;sexta-feira;19:00:00;RJ;116;231,5;PIRAI;Demais falhas mecânicas ou elétricas;Incêndio;Sem Vítimas;Plena Noite;Crescente;Nublado;Dupla;"Reta;Aclive";Não;2;0;0;0;0;1;0;2;-22,6567389;-43,8375276;SPRF-RJ;DEL07/RJ;UOP01-DEL07-RJ
773456;18/05/2026;segunda-feira;17:40:00;PE;424;86;GARANHUNS;Demais falhas na via;Colisão lateral sentido oposto;Com Vítimas Feridas;Anoitecer;Crescente;Céu Claro;Simples;Aclive;Não;2;0;0;1;1;0;0;2;-8,866432;-36,509022;SPRF-PE;DEL03/PE;UOP01-DEL03-PE
773464;22/05/2026;sexta-feira;19:30:00;MT;163;1054;GUARANTA DO NORTE;Ingestão de álcool pelo condutor;Saída de leito carroçável;Sem Vítimas;Plena Noite;Decrescente;Céu Claro;Simples;Reta;Não;2;0;0;0;0;1;0;4;-10,0276353;-54,90914091;SPRF-MT;DEL06/MT;UOP03-DEL06-MT