id;data_inversa;dia_semana;horario;uf;br;km;municipio;causa_acidente;tipo_acidente;classificacao_acidente;fase_dia;sentido_via;condicao_metereologica;tipo_pista;tracado_via;uso_solo;pessoas;mortos;feridos_leves;feridos_graves;feridos;ilesos;ignorados;veiculos;latitude;longitude;regional;delegacia;uop
775149;30/05/2026;sábado;05:30:00;RJ;101;382;RIO DE JANEIRO;Reação tardia ou ineficiente do condutor;Colisão lateral mesmo sentido;Com Vítimas Fatais;Pleno dia;Decrescente;Céu Claro;Dupla;Reta;Sim;5;1;0;2;2;1;0;4;-23,01649824;-43,46663633;SPRF-RJ;DEL03/RJ;UOP01-DEL03-RJ
775163;30/05/2026;sábado;12:45:00;AL;104;36,1;UNIAO DOS PALMARES;Demais falhas mecânicas ou elétricas;Colisão lateral sentido oposto;Com Vítimas Feridas;Pleno dia;Decrescente;Céu Claro;Simples;Reta;Não;3;0;0;1;1;1;0;3;-9,169379;-36,023689;SPRF-AL;DEL01-AL;UOP02-DEL01-AL
775176;30/05/2026;sábado;11:50:00;TO;10;478;PALMAS;Demais falhas mecânicas ou elétricas;Tombamento;Com Vítimas Fatais;Pleno dia;Crescente;Céu Claro;Simples;"Curva;Declive";Não;1;1;0;0;0;0;0;1;-10,23779659;-48,1871709;SPRF-TO;DEL01-TO;UOP03-DEL01-TO
775177;30/05/2026;sábado;13:40:00;PR;476;317;PAULO FRONTIN;Reação tardia ou ineficiente do condutor;Saída de leito carroçável;Com Vítimas Feridas;Pleno dia;Crescente;Nublado;Simples;Curva;Não;2;0;0;1;1;0;0;2;-26,04994;-50,71002;SPRF-PR;DEL02/PR;UOP03-DEL02-PR
775180;30/05/2026;sábado;14:28:00;PE;232;93,4;SAIRE;Condutor deixou de manter distância do veículo da frente;Colisão traseira;Sem Vítimas;Pleno dia;Crescente;Céu Claro;Dupla;Reta;Não;3;0;0;0;0;2;0;3;-8,22445;-35,69001;SPRF-PE;DEL02/PE;UOP03-DEL02-PE
775182;30/05/2026;sábado;14:40:00;MG;153;169,6;COMENDADOR GOMES;Demais falhas mecânicas ou elétricas;Colisão lateral mesmo sentido;Sem Vítimas;Pleno dia;Crescente;Céu Claro;Simples;"Reta;Declive";Não;3;0;0;0;0;2;0;4;-19,699916;-48,982405;SPRF-MG;DEL13/MG;UOP02-DEL13-MG
775187;30/05/2026;sábado;14:30:00;RS;392;99,7;MORRO REDONDO;Velocidade Incompatível;Tombamento;Com Vítimas Feridas;Pleno dia;Decrescente;Sol;Simples;"Curva;Interseção de Vias;Rotatória";Não;2;0;1;0;1;0;0;3;-31,53850267;-52,57247686;SPRF-RS;DEL07/RS;UOP01-DEL07-RS
775188;30/05/2026;sábado;14:50:00;RS;386;313,8;MARQUES DE SOUZA;Condutor Dormindo;Saída de leito carroçável;Com Vítimas Feridas;Pleno dia;Decrescente;Nublado;Simples;Reta;Não;1;0;1;0;1;0;0;1;-29,243815;-52,15967;SPRF-RS;DEL04/RS;UOP01-DEL04-RS
775192;18/04/2026;sábado;09:00:00;SP;116;144;SAO JOSE DOS CAMPOS;Reação tardia ou ineficiente do condutor;Saída de leito carroçável;Sem Vítimas;Pleno dia;Decrescente;Nublado;Múltipla;Reta;Sim;2;0;0;0;0;1;0;2;-23,18229946;-45,84626718;SPRF-SP;DEL02/SP;UOP01-DEL02-SP
775205;30/05/2026;sábado;13:40:00;MG;40;738,4;SANTOS DUMONT;Reação tardia ou ineficiente do condutor;Colisão frontal;Com Vítimas Feridas;Pleno dia;Decrescente;Nublado;Simples;Curva;Não;6;0;2;0;2;3;0;4;-21,391846;-43,567306;SPRF-MG;DEL05/MG;UOP01-DEL05-MG
775207;06/05/2026;quarta-feira;06:00:00;MT;163;99;RONDONOPOLIS;Mal súbito do condutor;Saída de leito carroçável;Com Vítimas Feridas;Pleno dia;Crescente;Céu Claro;Dupla;Reta;Não;4;0;1;1;2;1;0;8;-16,661087;-54,681196;SPRF-MT;DEL02/MT;UOP03-DEL02-MT
775211;30/05/2026;sábado;15:00:00;PR;163;2,9;BARRACAO;Reação tardia ou ineficiente do condutor;Colisão traseira;Sem Vítimas;Pleno dia;Crescente;Céu Claro;Simples;Curva;Não;4;0;0;0;0;3;0;2;-26,277802;-53,582071;SPRF-PR;DEL02/PR;UOP02-DEL02-PR
775214;30/05/2026;sábado;14:20:00;PA;316;65;CASTANHAL;Manobra de mudança de faixa;Colisão lateral mesmo sentido;Sem Vítimas;Pleno dia;Decrescente;Nublado;Dupla;Reta;Sim;3;0;0;0;0;2;0;3;-1,29512;-47,898788;SPRF-PA;DEL01/PA;UOP01-DEL01-PA
775216;28/05/2026;quinta-feira;05:20:00;PE;101;97;CABO DE SANTO AGOSTINHO;Ausência de reação do condutor;Tombamento;Com Vítimas Feridas;Amanhecer;Decrescente;Garoa/Chuvisco;Dupla;Reta;Não;1;0;1;0;1;0;0;1;-8,253624;-35,030275;SPRF-PE;DEL01/PE;UOP03-DEL01-PE
775218;30/05/2026;sábado;14:40:00;SC;470;231;SAO CRISTOVAO DO SUL;Ultrapassagem Indevida;Colisão lateral sentido oposto;Com Vítimas Feridas;Pleno dia;Decrescente;Céu Claro;Simples;Reta;Não;6;0;1;0;1;5;0;3;-27,30362359;-50,41499376;SPRF-SC;DEL05/SC;UOP03-DEL05-SC
775223;30/05/2026;sábado;16:25:00;PA;10;281;MAE DO RIO;Ausência de reação do condutor;Colisão transversal;Com Vítimas Feridas;Pleno dia;Crescente;Chuva;Simples;Reta;Não;4;0;0;2;2;1;0;3;-1,98699509;-47,45665669;SPRF-PA;DEL02/PA;UOP01-DEL02-PA
775242;30/05/2026;sábado;16:50:00;MG;116;89,2;MEDINA;Ausência de reação do condutor;Colisão com objeto;Com Vítimas Fatais;Pleno dia;Decrescente;Nublado;Simples;Reta;Não;6;1;0;1;1;1;0;5;-16,344664;-41,476284;SPRF-MG;DEL11/MG;UOP02-DEL11-MG
775247;30/05/2026;sábado;18:25:00;PI;343;323,3;ALTOS;Manobra de mudança de faixa;Colisão frontal;Com Vítimas Fatais;Anoitecer;Crescente;Chuva;Simples;Reta;Não;6;2;1;2;3;1;0;2;-5,05838627;-42,59478681;SPRF-PI;DEL01-PI;UOP01-DEL01-PI
775255;30/05/2026;sábado;20:10:00;BA;135;27;FORMOSA DO RIO PRETO;Ingestão de álcool pelo condutor;Colisão traseira;Com Vítimas Feridas;Plena Noite;Crescente;Céu Claro;Simples;Reta;Não;2;0;0;1;1;1;0;2;-11,0604583;-45,19538;SPRF-BA;DEL10/BA;UOP01-DEL10-BA
775271;30/05/2026;sábado;17:00:00;PE;316;46;ARARIPINA;Transitar na contramão;Colisão lateral sentido oposto;Com Vítimas Feridas;Pleno dia;Decrescente;Céu Claro;Simples;Reta;Não;2;0;1;0;1;1;0;2;-7,695082;-40,350278;SPRF-PE;DEL05/PE;UOP02-DEL05-PE
775273;30/05/2026;sábado;18:50:00;RO;364;523,6;ARIQUEMES;Reação tardia ou ineficiente do condutor;Colisão traseira;Sem Vítimas;Anoitecer;Decrescente;Céu Claro;Simples;Reta;Não;5;0;0;0;0;5;0;3;-9,847625;-63,059198;SPRF-RO;DEL03-RO;UOP01-DEL03-RO
775275;30/05/2026;sábado;21:00:00;SE;235;39;AREIA BRANCA;Ingestão de álcool pelo condutor;Tombamento;Com Vítimas Fatais;Plena Noite;Decrescente;Chuva;Simples;Reta;Não;3;1;0;0;0;2;0;2;-10,769736;-37,354942;SPRF-SE;DEL01-SE;UOP02-DEL01-SE
775277;30/05/2026;sábado;19:18:00;PR;277;612;SANTA TEREZA DO OESTE;Acessar a via sem observar a presença dos outros veículos;Colisão transversal;Com Vítimas Fatais;Plena Noite;Decrescente;Céu Claro;Simples;Reta;Sim;5;2;0;2;2;0;0;2;-25,05109925;-53,62232566;SPRF-PR;DEL05/PR;UOP02-DEL05-PR
775295;30/05/2026;sábado;20:00:00;PI;135;498;MONTE ALEGRE DO PIAUI;Transitar na contramão;Colisão lateral sentido oposto;Sem Vítimas;Plena Noite;Decrescente;Céu Claro;Simples;"Reta;Aclive";Não;3;0;0;0;0;2;0;3;-9,737749;-45,259383;SPRF-PI;DEL03-PI;UOP02-DEL03-PI
775308;30/05/2026;sábado;09:30:00;MA;222;322;VITORIA DO MEARIM;Ausência de reação do condutor;Tombamento;Sem Vítimas;Pleno dia;Crescente;Céu Claro;Simples;Reta;Sim;2;0;0;0;0;1;0;2;-3,582854;-44,969352;SPRF-MA;DEL02-MA;UOP01-DEL02-MA
775312;30/05/2026;sábado;23:20:00;BA;324;532;CONCEICAO DO JACUIPE;Objeto estático sobre o leito carroçável;Engavetamento;Com Vítimas Feridas;Plena Noite;Decrescente;Chuva;Dupla;"Declive;Reta";Não;8;0;6;1;7;1;0;3;-12,3527372;-38,8311285;SPRF-BA;DEL11/BA;UOP02-DEL11-BA
775314;30/05/2026;sábado;23:00:00;PA;230;651;ALTAMIRA;Transitar na contramão;Colisão frontal;Com Vítimas Feridas;Plena Noite;Decrescente;Chuva;Simples;Reta;Não;4;0;3;1;4;0;0;2;-3,22352;-52,29461;SPRF-PA;DEL04/PA;UOP01-DEL04-PA
775316;30/05/2026;sábado;18:21:00;PI;222;43,4;BRASILEIRA;Condutor deixou de manter distância do veículo da frente;Colisão traseira;Com Vítimas Feridas;Plena Noite;Decrescente;Céu Claro;Simples;"Aclive;Reta";Não;3;0;1;1;2;1;0;2;-4,05817;-41,5204;SPRF-PI;DEL02-PI;UOP01-DEL02-PI
775336;31/05/2026;domingo;03:38:00;PE;116;5;SALGUEIRO;Ausência de reação do condutor;Colisão lateral sentido oposto;Com Vítimas Feridas;Plena Noite;Crescente;Céu Claro;Simples;Reta;Não;3;0;1;0;1;0;0;3;-7,93007156;-39,12320972;SPRF-PE;DEL05/PE;UOP01-DEL05-PE
775346;31/05/2026;domingo;02:00:00;BA;116;341;TEOFILANDIA;Ultrapassagem Indevida;Colisão frontal;Com Vítimas Fatais;Plena Noite;Decrescente;Nublado;Simples;Reta;Não;3;1;0;0;0;1;0;3;-11,50901336;-38,99506187;SPRF-BA;DEL02/BA;UOP01-DEL02-BA
775354;31/05/2026;domingo;03:10:00;SC;163;72,7;SAO MIGUEL DO OESTE;Reação tardia ou ineficiente do condutor;Saída de leito carroçável;Sem Vítimas;Plena Noite;Crescente;Céu Claro;Dupla;"Curva;Em Obras";Sim;3;0;0;0;0;2;0;4;-26,71506207;-53,51740837;SPRF-SC;DEL07/SC;UOP03-DEL07-SC
775359;30/05/2026;sábado;22:45:00;MG;381;932,7;EXTREMA;Condutor Dormindo;Colisão com objeto;Com Vítimas Feridas;Pleno dia;Decrescente;Nublado;Múltipla;Curva;Não;2;0;1;0;1;0;0;2;-22,792567;-46,250472;SPRF-MG;DEL16/MG;UOP03-DEL16-MG
775361;31/05/2026;domingo;04:50:00;RS;386;187;CARAZINHO;Transitar na contramão;Colisão frontal;Sem Vítimas;Amanhecer;Decrescente;Nevoeiro/Neblina;Simples;Reta;Não;2;0;0;0;0;2;0;2;-28,24700942;-52,79999002;SPRF-RS;DEL08/RS;UOP01-DEL08-RS
775365;31/05/2026;domingo;00:10:00;RO;364;153,2;PIMENTA BUENO;Velocidade Incompatível;Colisão frontal;Com Vítimas Fatais;Plena Noite;Crescente;Céu Claro;Simples;"Curva;Declive";Não;5;2;0;1;1;0;0;6;-11,97927376;-60,95513105;SPRF-RO;DEL02-RO;UOP02-DEL02-RO
775369;31/05/2026;domingo;01:08:00;PR;116;102;SAO JOSE DOS PINHAIS;Manobra de mudança de faixa;Colisão lateral mesmo sentido;Sem Vítimas;Plena Noite;Crescente;Céu Claro;Dupla;Reta;Sim;3;0;0;0;0;2;0;3;-25,5682;-49,1775;SPRF-PR;DEL01/PR;UOP08-DEL01-PR
775374;30/05/2026;sábado;17:54:00;RJ;40;69;PETROPOLIS;Faixas de trânsito com largura insuficiente;Atropelamento de Pedestre;Com Vítimas Fatais;Anoitecer;Crescente;Céu Claro;Dupla;"Reta;Aclive";Não;3;1;0;0;0;0;0;2;-22,447712;-43,198726;SPRF-RJ;DEL05/RJ;UOP02-DEL05-RJ
775378;31/05/2026;domingo;07:30:00;SC;470;10,3;NAVEGANTES;Ausência de reação do condutor;Tombamento;Com Vítimas Feridas;Pleno dia;Decrescente;Nublado;Simples;Curva;Não;2;0;1;0;1;0;0;2;-26,83398611;-48,74005649;SPRF-SC;DEL04/SC;UOP04-DEL04-SC
775383;31/05/2026;domingo;07:04:00;MS;158;106,9;PARANAIBA;Ausência de reação do condutor;Colisão traseira;Com Vítimas Feridas;Pleno dia;Crescente;Céu Claro;Simples;"Aclive;Reta";Não;4;0;2;0;2;1;0;3;-19,75452;-51,125402;SPRF-MS;DEL08/MS;UOP01-DEL08-MS
775385;31/05/2026;domingo;09:00:00;ES;101;149,1;LINHARES;Acessar a via sem observar a presença dos outros veículos;Colisão transversal;Com Vítimas Feridas;Pleno dia;Crescente;Céu Claro;Múltipla;"Interseção de Vias;Reta";Sim;5;0;2;1;3;1;0;5;-19,39712507;-40,06391457;SPRF-ES;DEL04-ES;UOP01-DEL04-ES
775392;31/05/2026;domingo;08:18:00;SC;101;106;PENHA;Manobra de mudança de faixa;Colisão lateral mesmo sentido;Com Vítimas Feridas;Pleno dia;Decrescente;Céu Claro;Dupla;Reta;Não;4;0;2;0;2;2;0;2;-26,81275764;-48,68315075;SPRF-SC;DEL03/SC;UOP02-DEL03-SC
775397;31/05/2026;domingo;09:40:00;DF;70;17;BRASILIA;Acessar a via sem observar a presença dos outros veículos;Colisão lateral mesmo sentido;Com Vítimas Feridas;Pleno dia;Crescente;Céu Claro;Dupla;Reta;Sim;2;0;1;0;1;1;0;2;-15,79618596;-48,19555935;SPRF-DF;DEL03-DF;UOP02-DEL03-DF
775399;31/05/2026;domingo;10:00:00;PE;101;71;RECIFE;Ausência de reação do condutor;Colisão traseira;Com Vítimas Feridas;Pleno dia;Crescente;Chuva;Dupla;Reta;Sim;3;0;1;0;1;1;0;3;-8,079634;-34,943043;SPRF-PE;DEL01/PE;UOP01-DEL01-PE
775402;16/05/2026;sábado;04:00:00;SC;280;22;ARAQUARI;Acessar a via sem observar a presença dos outros veículos;Colisão transversal;Com Vítimas Feridas;Plena Noite;Crescente;Garoa/Chuvisco;Simples;Reta;Não;3;0;1;0;1;1;0;3;-26,369343;-48,709107;SPRF-SC;DEL03/SC;UOP03-DEL03-SC
775404;31/05/2026;domingo;05:00:00;AC;364;274;SENA MADUREIRA;Estacionar ou parar em local proibido;Colisão traseira;Com Vítimas Feridas;Pleno dia;Crescente;Sol;Simples;Reta;Sim;2;0;1;0;1;1;0;2;-9,079445;-68,670508;SPRF-AC;DEL01-AC;UOP01-DEL01-AC
775405;31/05/2026;domingo;10:20:00;SC;101;158;PORTO BELO;Reação tardia ou ineficiente do condutor;Colisão lateral mesmo sentido;Com Vítimas Feridas;Pleno dia;Decrescente;Céu Claro;Dupla;Reta;Não;4;0;2;0;2;1;0;3;-27,19177211;-48,61240832;SPRF-SC;DEL04/SC;UOP03-DEL04-SC
775409;06/04/2026;segunda-feira;04:45:00;SP;116;385;MIRACATU;Velocidade Incompatível;Tombamento;Com Vítimas Feridas;Amanhecer;Decrescente;Nublado;Dupla;Curva;Não;2;0;1;0;1;0;0;2;-24,2637624;-47,38161492;SPRF-SP;DEL04/SP;UOP02-DEL04-SP
775411;31/05/2026;domingo;11:45:00;SC;101;130,3;CAMBORIU;Manobra de mudança de faixa;Colisão lateral mesmo sentido;Com Vítimas Feridas;Pleno dia;Crescente;Sol;Dupla;Curva;Não;4;0;1;0;1;2;0;3;-26,9845708;-48,66872247;SPRF-SC;DEL04/SC;UOP03-DEL04-SC
775417;31/05/2026;domingo;08:20:00;PR;153;162;VENTANIA;Transitar na contramão;Colisão frontal;Com Vítimas Feridas;Pleno dia;Decrescente;Céu Claro;Simples;Rotatória;Não;4;0;2;0;2;1;0;5;-24,23611152;-50,23266482;SPRF-PR;DEL03/PR;UOP02-DEL03-PR
775418;28/05/2026;quinta-feira;07:00:00;RJ;40;124;DUQUE DE CAXIAS;Trafegar com motocicleta (ou similar) entre as faixas;Colisão lateral mesmo sentido;Com Vítimas Feridas;Pleno dia;Crescente;Céu Claro;Múltipla;Reta;Sim;2;0;0;1;1;1;0;2;-22,80463209;-43,28968082;SPRF-RJ;DEL01/RJ;UOP02-DEL01-RJ
775419;31/05/2026;domingo;10:50:00;MT;174;537;COMODORO;Condutor deixou de manter distância do veículo da frente;Colisão traseira;Com Vítimas Feridas;Pleno dia;Crescente;Céu Claro;Simples;Reta;Não;2;0;1;0;1;1;0;2;-13,4413742;-59,8466012;SPRF-MT;DEL04/MT;UOP02-DEL04-MT
775420;12/03/2026;quinta-feira;07:30:00;PA;163;57;NOVO PROGRESSO;Pista esburacada;Saída de leito carroçável;Com Vítimas Feridas;Pleno dia;Crescente;Ignorado;Simples;Reta;Não;2;0;1;0;1;0;0;4;-9,09586777;-54,91528091;SPRF-MT;DEL06/MT;UOP03-DEL06-MT
775455;31/05/2026;domingo;16:30:00;BA;116;507;SANTA TERESINHA;Ingestão de substâncias psicoativas pelo condutor;Colisão lateral sentido oposto;Com Vítimas Fatais;Pleno dia;Decrescente;Nublado;Simples;Reta;Não;22;16;0;4;4;1;0;4;-12,64575;-39,60482;SPRF-BA;DEL02/BA;UOP01-DEL02-BA
775471;31/05/2026;domingo;16:30:00;MG;381;597,1;CARMOPOLIS DE MINAS;Ausência de reação do condutor;Colisão traseira;Com Vítimas Feridas;Pleno dia;Crescente;Céu Claro;Dupla;"Curva;Aclive";Não;3;0;1;0;1;1;0;3;-20,588713;-44,696869;SPRF-MG;DEL04/MG;UOP01-DEL04-MG
775473;31/05/2026;domingo;18:00:00;PR;116;42,5;CAMPINA GRANDE DO SUL;Carga excessiva e/ou mal acondicionada;Tombamento;Com Vítimas Feridas;Anoitecer;Decrescente;Céu Claro;Dupla;Reta;Não;1;0;1;0;1;0;0;1;-25,18062;-48,879559;SPRF-PR;DEL01/PR;UOP02-DEL01-PR
775483;03/05/2026;domingo;09:40:00;ES;262;111,2;VENDA NOVA DO IMIGRANTE;Acessar a via sem observar a presença dos outros veículos;Colisão frontal;Com Vítimas Feridas;Pleno dia;Decrescente;Céu Claro;Simples;Reta;Sim;4;0;1;0;1;3;0;3;-20,337435;-41,190298;SPRF-ES;DEL01-ES;UOP02-DEL01-ES
775485;31/05/2026;domingo;19:40:00;MG;381;510;SAO JOAQUIM DE BICAS;Reação tardia ou ineficiente do condutor;Colisão lateral mesmo sentido;Com Vítimas Feridas;Plena Noite;Crescente;Céu Claro;Dupla;Curva;Não;4;0;2;0;2;2;0;2;-20,04585;-44,27359;SPRF-MG;DEL01/MG;UOP03-DEL01-MG
775487;31/05/2026;domingo;17:47:00;MS;163;559,3;BANDEIRANTES;Reação tardia ou ineficiente do condutor;Colisão lateral mesmo sentido;Com Vítimas Feridas;Plena Noite;Decrescente;Céu Claro;Simples;Reta;Não;6;0;0;2;2;3;0;4;-19,828865;-54,370318;SPRF-MS;DEL01/MS;UOP02-DEL01-MS
775493;31/05/2026;domingo;19:00:00;SC;470;159,3;TROMBUDO CENTRAL;Transitar na contramão;Colisão lateral sentido oposto;Com Vítimas Feridas;Plena Noite;Crescente;Nublado;Simples;Reta;Não;5;0;1;0;1;2;0;5;-27,28641;-49,79278;SPRF-SC;DEL04/SC;UOP02-DEL04-SC
775494;31/05/2026;domingo;19:00:00;GO;60;390;RIO VERDE;Ausência de sinalização;Colisão traseira;Sem Vítimas;Plena Noite;Crescente;Céu Claro;Dupla;Declive;Sim;6;0;0;0;0;4;0;4;-17,826545;-50,978247;SPRF-GO;DEL04/GO;UOP02-DEL04-GO
775496;31/05/2026;domingo;18:40:00;PE;232;254;ARCOVERDE;Transitar na contramão;Colisão lateral sentido oposto;Com Vítimas Feridas;Plena Noite;Decrescente;Céu Claro;Simples;Reta;Sim;2;0;1;0;1;0;0;2;-8,41383;-37,08318;SPRF-PE;DEL04/PE;UOP02-DEL04-PE
775501;31/05/2026;domingo;18:10:00;GO;20;164,9;ALVORADA DO NORTE;Demais falhas mecânicas ou elétricas;Incêndio;Sem Vítimas;Anoitecer;Crescente;Céu Claro;Simples;Reta;Não;4;0;0;0;0;3;0;4;-14,607035;-46,602802;SPRF-DF;DEL02-DF;UOP03-DEL02-DF
775502;31/05/2026;domingo;19:10:00;SC;116;36,5;ITAIOPOLIS;Reação tardia ou ineficiente do condutor;Colisão frontal;Sem Vítimas;Plena Noite;Crescente;Céu Claro;Simples;Reta;Não;2;0;0;0;0;1;0;2;-26,33096073;-49,99629021;SPRF-SC;DEL06/SC;UOP01-DEL06-SC
775521;31/05/2026;domingo;20:40:00;PA;10;317,3;IRITUIA;Transitar na contramão;Colisão frontal;Com Vítimas Feridas;Plena Noite;Decrescente;Céu Claro;Simples;Reta;Não;2;0;0;1;1;1;0;2;-1,655543;-47,492118;SPRF-PA;DEL01/PA;UOP02-DEL01-PA
775523;31/05/2026;domingo;20:12:00;RO;319;144;PORTO VELHO;Ausência de reação do condutor;Colisão lateral mesmo sentido;Com Vítimas Fatais;Plena Noite;Decrescente;Nublado;Simples;"Interseção de Vias;Reta";Sim;3;1;0;0;0;1;0;4;-8,77000774;-63,88345806;SPRF-RO;DEL01-RO;UOP01-DEL01-RO
775539;31/05/2026;domingo;20:30:00;MG;40;698,3;BARBACENA;Condutor deixou de manter distância do veículo da frente;Colisão traseira;Com Vítimas Feridas;Plena Noite;Crescente;Nublado;Simples;"Aclive;Reta";Não;3;0;1;0;1;1;0;3;-21,18657086;-43,75208519;SPRF-MG;DEL05/MG;UOP02-DEL05-MG
775542;31/05/2026;domingo;18:30:00;BA;101;738;ITABELA;Reação tardia ou ineficiente do condutor;Colisão transversal;Com Vítimas Feridas;Pleno dia;Crescente;Nublado;Simples;Curva;Não;2;0;1;0;1;0;0;2;-16,530022;-39,566582;SPRF-BA;DEL09/BA;UOP01-DEL09-BA
775543;31/05/2026;domingo;19:50:00;PA;316;138;PEIXE-BOI;Ausência de reação do condutor;Colisão com objeto;Com Vítimas Fatais;Plena Noite;Decrescente;Nublado;Simples;Reta;Não;3;1;0;0;0;1;0;4;-1,27052;-47,281769;SPRF-PA;DEL01/PA;UOP03-DEL01-PA
775575;23/05/2026;sábado;13:00:00;PA;155;320;MARABA;Afundamento ou ondulação no pavimento;Colisão lateral sentido oposto;Com Vítimas Feridas;Pleno dia;Decrescente;Céu Claro;Simples;Reta;Não;4;0;3;0;3;1;0;2;-5,580123;-49,0797;SPRF-PA;DEL03/PA;UOP01-DEL03-PA
775577;31/05/2026;domingo;18:00:00;MT;163;917;ITAUBA;Reação tardia ou ineficiente do condutor;Saída de leito carroçável;Com Vítimas Feridas;Plena Noite;Crescente;Céu Claro;Simples;Reta;Não;2;0;1;0;1;0;0;4;-11,1601715;-55,31371593;SPRF-MT;DEL06/MT;UOP02-DEL06-MT
775635;27/05/2026;quarta-feira;17:05:00;PE;101;49;ABREU E LIMA;Manobra de mudança de faixa;Colisão lateral mesmo sentido;Com Vítimas Feridas;Anoitecer;Decrescente;Céu Claro;Múltipla;Reta;Sim;5;0;2;0;2;2;0;4;-7,89776181;-34,90252376;SPRF-PE;DEL01/PE;UOP02-DEL01-PE
775645;16/05/2026;sábado;12:08:00;GO;364;200;JATAI;Reação tardia ou ineficiente do condutor;Tombamento;Com Vítimas Feridas;Pleno dia;Decrescente;Céu Claro;Dupla;Curva;Não;2;0;1;0;1;0;0;2;-17,91458967;-51,76627859;SPRF-GO;DEL05/GO;UOP01-DEL05-GO
775653;05/04/2026;domingo;20:20:00;PA;230;129;MARABA;Transitar na contramão;Colisão frontal;Com Vítimas Feridas;Plena Noite;Decrescente;Nublado;Simples;"Reta;Declive";Sim;6;0;1;1;2;3;0;3;-5,37266326;-49,17411804;SPRF-PA;DEL03/PA;UOP01-DEL03-PA
775659;06/04/2026;segunda-feira;15:56:00;RO;364;468;ARIQUEMES;Ultrapassagem Indevida;Colisão lateral mesmo sentido;Com Vítimas Feridas;Pleno dia;Crescente;Céu Claro;Simples;Reta;Não;3;0;1;0;1;1;0;5;-10,203882;-62,786788;SPRF-RO;DEL03-RO;UOP01-DEL03-RO
775680;11/04/2026;sábado;01:40:00;GO;153;65;PORANGATU;Ausência de reação do condutor;Tombamento;Sem Vítimas;Plena Noite;Decrescente;Céu Claro;Simples;Reta;Não;2;0;0;0;0;1;0;3;-13,38694765;-49,12811279;SPRF-GO;DEL07/GO;UOP01-DEL07-GO
775732;20/05/2026;quarta-feira;12:05:00;PE;232;334;CUSTODIA;Transitar na contramão;Colisão frontal;Com Vítimas Feridas;Pleno dia;Crescente;Céu Claro;Simples;"Aclive;Reta";Não;3;0;0;1;1;1;0;4;-8,083213;-37,659985;SPRF-PE;DEL04/PE;UOP02-DEL04-PE
775746;24/03/2026;terça-feira;11:30:00;MT;364;481;JANGADA;Acostamento em desnível;Saída de leito carroçável;Com Vítimas Feridas;Pleno dia;Decrescente;Chuva;Simples;"Declive;Reta";Não;2;0;1;0;1;0;0;2;-15,33459;-56,42199;SPRF-MT;DEL01/MT;UOP02-DEL01-MT
775767;09/05/2026;sábado;18:34:00;PE;407;42,2;PETROLINA;Condutor deixou de manter distância do veículo da frente;Queda de ocupante de veículo;Com Vítimas Fatais;Plena Noite;Crescente;Nublado;Simples;"Declive;Reta";Não;6;1;0;0;0;2;0;5;-8,77364448;-40,8843112;SPRF-PE;DEL06/PE;UOP02-DEL06-PE
775797;05/05/2026;terça-feira;17:00:00;RS;386;362;ESTRELA;Acessar a via sem observar a presença dos outros veículos;Colisão traseira;Com Vítimas Feridas;Pleno dia;Decrescente;Céu Claro;Dupla;"Reta;Retorno Regulamentado";Não;2;0;0;1;1;1;0;2;-29,557928;-51,889152;SPRF-RS;DEL04/RS;UOP01-DEL04-RS
775801;19/05/2026;terça-feira;13:36:00;PE;101;65,4;RECIFE;Demais falhas mecânicas ou elétricas;Colisão traseira;Com Vítimas Feridas;Pleno dia;Crescente;Céu Claro;Múltipla;Reta;Sim;7;0;1;2;3;2;0;7;-8,02631;-34,94298;SPRF-PE;DEL01/PE;UOP01-DEL01-PE
775806;10/05/2026;domingo;15:30:00;MA;135;100;ITAPECURU MIRIM;Demais falhas mecânicas ou elétricas;Incêndio;Sem Vítimas;Pleno dia;Crescente;Nublado;Simples;Reta;Não;2;0;0;0;0;1;0;2;-3,36517;-44,47531;SPRF-MA;DEL01-MA;UOP02-DEL01-MA
775809;12/04/2026;domingo;16:30:00;GO;153;664,3;GOIATUBA;Ingestão de álcool pelo condutor;Tombamento;Com Vítimas Feridas;Pleno dia;Decrescente;Céu Claro;Dupla;Reta;Não;2;0;0;1;1;0;0;2;-18,084263;-49,270543;SPRF-GO;DEL03/GO;UOP02-DEL03-GO
775831;07/04/2026;terça-feira;19:30:00;PR;376;119,8;ALTO PARANA;Reação tardia ou ineficiente do condutor;Colisão traseira;Com Vítimas Feridas;Plena Noite;Crescente;Chuva;Dupla;"Aclive;Reta";Não;3;0;0;1;1;1;0;4;-23,11666;-52,32394;SPRF-PR;DEL09/PR;UOP02-DEL09-PR
775856;26/04/2026;domingo;05:15:00;GO;153;126;ESTRELA DO NORTE;Acessar a via sem observar a presença dos outros veículos;Colisão transversal;Com Vítimas Fatais;Amanhecer;Crescente;Céu Claro;Simples;"Reta;Interseção de Vias";Não;3;1;1;0;1;0;0;3;-13,88841154;-49,05618668;SPRF-GO;DEL07/GO;UOP01-DEL07-GO