id;data_inversa;dia_semana;horario;uf;br;km;municipio;causa_acidente;tipo_acidente;classificacao_acidente;fase_dia;sentido_via;condicao_metereologica;tipo_pista;tracado_via;uso_solo;pessoas;mortos;feridos_leves;feridos_graves;feridos;ilesos;ignorados;veiculos;latitude;longitude;regional;delegacia;uop
775862;20/05/2026;quarta-feira;18:00:00;MG;153;141;PRATA;Demais falhas mecânicas ou elétricas;Incêndio;Sem Vítimas;Anoitecer;Decrescente;Céu Claro;Simples;Reta;Não;2;0;0;0;0;1;0;2;-19,569334;-48,825521;SPRF-MG;DEL15/MG;UOP03-DEL15-MG
775870;21/05/2026;quinta-feira;19:00:00;MG;365;444,8;GUIMARANIA;Ausência de reação do condutor;Saída de leito carroçável;Com Vítimas Feridas;Plena Noite;Decrescente;Céu Claro;Simples;Reta;Não;2;0;1;0;1;0;0;2;-18,808743;-46,768937;SPRF-MG;DEL10/MG;UOP01-DEL10-MG
775920;29/05/2026;sexta-feira;19:30:00;MG;381;484;BETIM;Trafegar com motocicleta (ou similar) entre as faixas;Colisão traseira;Com Vítimas Feridas;Plena Noite;Decrescente;Céu Claro;Múltipla;"Declive;Reta";Não;3;0;1;1;2;1;0;2;-19,9591584;-44,0886535;SPRF-MG;DEL01/MG;UOP03-DEL01-MG
775933;25/05/2026;segunda-feira;08:00:00;SC;282;4;FLORIANOPOLIS;Condutor deixou de manter distância do veículo da frente;Colisão traseira;Com Vítimas Feridas;Pleno dia;Decrescente;Nublado;Múltipla;"Viaduto;Reta";Sim;4;0;1;0;1;1;0;4;-27,59164645;-48,60579014;SPRF-SC;DEL01/SC;UOP01-DEL01-SC
775966;10/05/2026;domingo;19:00:00;GO;60;259,7;INDIARA;Demais falhas mecânicas ou elétricas;Incêndio;Sem Vítimas;Plena Noite;Decrescente;Nublado;Dupla;"Aclive;Reta";Não;2;0;0;0;0;1;0;2;-17,167925;-50,051073;SPRF-GO;DEL01/GO;UOP02-DEL01-GO
776043;07/04/2026;terça-feira;16:20:00;SC;282;44;AGUAS MORNAS;Problema com o freio;Colisão traseira;Com Vítimas Feridas;Pleno dia;Crescente;Céu Claro;Simples;"Declive;Curva";Não;6;0;1;1;2;3;0;4;-27,70886938;-48,95231947;SPRF-SC;DEL01/SC;UOP03-DEL01-SC
776071;31/05/2026;domingo;03:00:00;BA;242;562;OLIVEIRA DOS BREJINHOS;Ausência de reação do condutor;Saída de leito carroçável;Com Vítimas Fatais;Plena Noite;Crescente;Nublado;Simples;Reta;Não;2;1;0;0;0;0;0;3;-12,079583;-42,944731;SPRF-BA;DEL06/BA;UOP03-DEL06-BA
776087;28/04/2026;terça-feira;19:35:00;PR;277;32;MORRETES;Objeto estático sobre o leito carroçável;Colisão com objeto;Com Vítimas Feridas;Plena Noite;Crescente;Nevoeiro/Neblina;Dupla;"Declive;Reta";Não;6;0;1;0;1;5;0;2;-25,56600841;-48,81094925;SPRF-PR;DEL01/PR;UOP05-DEL01-PR
776213;11/05/2026;segunda-feira;15:30:00;PR;376;669;TIJUCAS DO SUL;Demais falhas mecânicas ou elétricas;Incêndio;Sem Vítimas;Pleno dia;Crescente;Céu Claro;Dupla;"Reta;Declive";Não;2;0;0;0;0;1;0;2;-25,853101;-48,977316;SPRF-PR;DEL01/PR;UOP04-DEL01-PR
776218;23/05/2026;sábado;09:30:00;MG;381;497;BETIM;Pedestre andava na pista;Atropelamento de Pedestre;Com Vítimas Feridas;Pleno dia;Decrescente;Céu Claro;Múltipla;Reta;Sim;3;0;0;1;1;1;0;3;-19,97571493;-44,19595806;SPRF-MG;DEL01/MG;UOP03-DEL01-MG
776219;02/05/2026;sábado;14:30:00;PE;232;180;BELO JARDIM;Demais falhas mecânicas ou elétricas;Derramamento de carga;Sem Vítimas;Pleno dia;Decrescente;Céu Claro;Simples;Reta;Não;2;0;0;0;0;1;0;3;-8,34777766;-36,4114455;SPRF-PE;DEL03/PE;UOP02-DEL03-PE
776222;23/05/2026;sábado;14:40:00;MG;381;482,8;BETIM;Ausência de reação do condutor;Colisão traseira;Com Vítimas Fatais;Pleno dia;Decrescente;Céu Claro;Múltipla;"Reta;Aclive";Sim;3;1;0;0;0;1;0;3;-19,95788654;-44,07771556;SPRF-MG;DEL01/MG;UOP03-DEL01-MG
776259;15/05/2026;sexta-feira;18:57:00;SC;116;8,3;MAFRA;Transitar na contramão;Colisão lateral sentido oposto;Com Vítimas Feridas;Plena Noite;Crescente;Garoa/Chuvisco;Dupla;"Declive;Reta";Sim;4;0;0;1;1;2;0;3;-26,1603;-49,843146;SPRF-SC;DEL06/SC;UOP01-DEL06-SC
776360;30/05/2026;sábado;20:00:00;TO;153;236,5;COLINAS DO TOCANTINS;Avarias e/ou desgaste excessivo no pneu;Derramamento de carga;Sem Vítimas;Plena Noite;Decrescente;Céu Claro;Dupla;"Reta;Aclive";Não;2;0;0;0;0;1;0;3;-8,20621;-48,46329;SPRF-TO;DEL02-TO;UOP01-DEL02-TO
776378;20/05/2026;quarta-feira;15:30:00;MG;116;414,5;GOVERNADOR VALADARES;Conversão proibida;Colisão lateral mesmo sentido;Sem Vítimas;Pleno dia;Crescente;Céu Claro;Simples;Reta;Sim;2;0;0;0;0;1;0;2;-18,89264432;-41,94717407;SPRF-MG;DEL06/MG;UOP01-DEL06-MG
776433;10/05/2026;domingo;05:15:00;PR;277;460,8;LARANJEIRAS DO SUL;Acesso irregular;Colisão lateral sentido oposto;Com Vítimas Feridas;Plena Noite;Decrescente;Céu Claro;Simples;Reta;Não;5;0;1;0;1;4;0;2;-25,3752;-52,43696;SPRF-PR;DEL04/PR;UOP02-DEL04-PR
776495;11/03/2026;quarta-feira;08:20:00;GO;50;273;CATALAO;Reação tardia ou ineficiente do condutor;Saída de leito carroçável;Com Vítimas Feridas;Pleno dia;Crescente;Céu Claro;Dupla;"Reta;Declive";Não;2;0;1;0;1;0;0;2;-18,127399;-47,902941;SPRF-GO;DEL06/GO;UOP01-DEL06-GO
776679;09/05/2026;sábado;18:10:00;RJ;40;80;PETROPOLIS;Demais falhas mecânicas ou elétricas;Incêndio;Sem Vítimas;Anoitecer;Crescente;Céu Claro;Simples;"Aclive;Reta";Não;3;0;0;0;0;2;0;2;-22,50704077;-43,23279474;SPRF-RJ;DEL01/RJ;UOP01-DEL01-RJ
776904;26/05/2026;terça-feira;17:15:00;MS;163;263,3;DOURADOS;Ausência de reação do condutor;Colisão traseira;Com Vítimas Feridas;Plena Noite;Crescente;Céu Claro;Dupla;Reta;Sim;2;0;0;1;1;1;0;2;-22,23052;-54,74509;SPRF-MS;DEL04/MS;UOP01-DEL04-MS
777159;18/05/2026;segunda-feira;15:00:00;CE;116;70;CHOROZINHO;Conversão proibida;Colisão lateral mesmo sentido;Com Vítimas Feridas;Pleno dia;Decrescente;Céu Claro;Simples;Reta;Sim;3;0;0;1;1;1;0;3;-4,33352451;-38,48010904;SPRF-CE;DEL01/CE;UOP04-DEL01-CE
777186;30/05/2026;sábado;12:30:00;BA;324;535;CONCEICAO DO JACUIPE;Velocidade Incompatível;Engavetamento;Com Vítimas Feridas;Pleno dia;Decrescente;Garoa/Chuvisco;Dupla;"Reta;Declive";Sim;9;0;0;2;2;6;0;7;-12,365905;-38,81774;SPRF-BA;DEL11/BA;UOP02-DEL11-BA
777194;01/05/2026;sexta-feira;19:00:00;MG;251;209;AGUAS VERMELHAS;Ausência de reação do condutor;Colisão lateral sentido oposto;Com Vítimas Feridas;Plena Noite;Crescente;Céu Claro;Simples;"Reta;Declive";Não;4;0;0;2;2;1;0;5;-15,88146958;-41,52450353;SPRF-MG;DEL12/MG;UOP02-DEL12-MG
777203;25/04/2026;sábado;05:30:00;RJ;116;99;GUAPIMIRIM;Problema com o freio;Incêndio;Sem Vítimas;Pleno dia;Decrescente;Céu Claro;Simples;Reta;Sim;1;0;0;0;0;1;0;1;-22,48534247;-42,99663512;SPRF-RJ;DEL04/RJ;UOP01-DEL04-RJ
777204;06/05/2026;quarta-feira;03:00:00;MT;364;183;PEDRA PRETA;Avarias e/ou desgaste excessivo no pneu;Incêndio;Sem Vítimas;Plena Noite;Crescente;Céu Claro;Simples;Reta;Não;2;0;0;0;0;1;0;2;-16,6143;-54,462;SPRF-MT;DEL02/MT;UOP01-DEL02-MT
777354;25/05/2026;segunda-feira;16:00:00;MS;163;180;JUTI;Ausência de reação do condutor;Colisão traseira;Com Vítimas Feridas;Pleno dia;Decrescente;Céu Claro;Simples;Reta;Não;3;0;1;0;1;1;0;4;-22,837449;-54,675142;SPRF-MS;DEL09/MS;UOP01-DEL09-MS
777361;21/04/2026;terça-feira;03:20:00;MG;251;263;SALINAS;Transitar na contramão;Colisão frontal;Com Vítimas Fatais;Plena Noite;Crescente;Céu Claro;Simples;Reta;Não;8;6;0;0;0;1;0;3;-15,998201;-41,944592;SPRF-MG;DEL12/MG;UOP02-DEL12-MG
777392;19/03/2026;quinta-feira;07:15:00;GO;50;105;CRISTALINA;Condutor Dormindo;Saída de leito carroçável;Com Vítimas Feridas;Pleno dia;Decrescente;Céu Claro;Dupla;Reta;Sim;2;0;1;0;1;0;0;3;-16,815988;-47,669245;SPRF-DF;DEL01-DF;UOP02-DEL01-DF
777423;05/05/2026;terça-feira;14:50:00;GO;153;699;ITUMBIARA;Reação tardia ou ineficiente do condutor;Colisão frontal;Com Vítimas Feridas;Pleno dia;Crescente;Céu Claro;Simples;Reta;Sim;4;0;0;2;2;1;0;3;-18,37385;-49,211976;SPRF-GO;DEL03/GO;UOP02-DEL03-GO
777471;08/01/2026;quinta-feira;16:00:00;PE;408;78,7;PAUDALHO;Carga excessiva e/ou mal acondicionada;Tombamento;Com Vítimas Feridas;Pleno dia;Decrescente;Céu Claro;Dupla;Reta;Não;2;0;1;0;1;0;0;2;-7,9616;-35,09382;SPRF-PE;DEL01/PE;UOP01-DEL01-PE
777514;19/01/2026;segunda-feira;14:40:00;BA;324;617;SALVADOR;Ausência de reação do condutor;Colisão lateral mesmo sentido;Com Vítimas Feridas;Pleno dia;Crescente;Céu Claro;Dupla;Reta;Sim;4;0;0;1;1;2;0;4;-12,8881;-38,441347;SPRF-BA;DEL01/BA;UOP01-DEL01-BA
777554;05/05/2026;terça-feira;19:15:00;PE;101;97,5;CABO DE SANTO AGOSTINHO;Reação tardia ou ineficiente do condutor;Colisão traseira;Com Vítimas Feridas;Plena Noite;Decrescente;Céu Claro;Dupla;Reta;Não;3;0;1;0;1;1;0;4;-8,2548;-35,03315;SPRF-PE;DEL01/PE;UOP03-DEL01-PE
777563;05/05/2026;terça-feira;17:30:00;MG;262;884,8;CAMPO FLORIDO;Ausência de reação do condutor;Saída de leito carroçável;Sem Vítimas;Pleno dia;Crescente;Céu Claro;Simples;Declive;Não;2;0;0;0;0;1;0;2;-19,71535;-48,72856667;SPRF-MG;DEL13/MG;UOP02-DEL13-MG
777582;28/05/2026;quinta-feira;09:15:00;MT;158;514;CANARANA;Reação tardia ou ineficiente do condutor;Tombamento;Sem Vítimas;Pleno dia;Crescente;Céu Claro;Simples;Reta;Não;2;0;0;0;0;1;0;4;-13,657228;-51,973086;SPRF-MT;DEL07/MT;UOP02-DEL07-MT
777628;11/05/2026;segunda-feira;10:15:00;MG;40;530;CONTAGEM;Frear bruscamente;Colisão traseira;Com Vítimas Feridas;Pleno dia;Crescente;Céu Claro;Dupla;Reta;Sim;5;0;1;0;1;4;0;5;-19,9191305;-44,03938293;SPRF-MG;DEL01/MG;UOP02-DEL01-MG
777663;24/05/2026;domingo;10:00:00;RO;364;36;VILHENA;Ultrapassagem Indevida;Colisão lateral sentido oposto;Com Vítimas Fatais;Pleno dia;Decrescente;Céu Claro;Simples;Curva;Não;5;1;0;0;0;3;0;10;-12,66497;-60,31008;SPRF-RO;DEL04-RO;UOP01-DEL04-RO
777665;18/04/2026;sábado;18:40:00;SC;163;107,7;GUARUJA DO SUL;Transitar na contramão;Colisão lateral sentido oposto;Com Vítimas Feridas;Anoitecer;Crescente;Céu Claro;Simples;Curva;Não;3;0;1;0;1;1;0;3;-26,4213609;-53,52590561;SPRF-SC;DEL07/SC;UOP03-DEL07-SC
777683;15/05/2026;sexta-feira;11:40:00;GO;153;175;CAMPINORTE;Ultrapassagem Indevida;Atropelamento de Pedestre;Com Vítimas Feridas;Pleno dia;Crescente;Céu Claro;Simples;Reta;Sim;3;0;0;1;1;1;0;5;-14,31067047;-49,14905548;SPRF-GO;DEL07/GO;UOP02-DEL07-GO
777715;21/05/2026;quinta-feira;19:45:00;SC;116;246,6;LAGES;Manobra de mudança de faixa;Colisão frontal;Com Vítimas Feridas;Plena Noite;Crescente;Céu Claro;Simples;Reta;Sim;4;0;0;1;1;1;0;5;-27,80913925;-50,36692556;SPRF-SC;DEL05/SC;UOP02-DEL05-SC
777736;25/05/2026;segunda-feira;22:19:00;MT;163;115,5;RONDONOPOLIS;Ausência de reação do condutor;Colisão traseira;Com Vítimas Feridas;Plena Noite;Crescente;Céu Claro;Dupla;"Reta;Aclive";Não;3;0;1;0;1;1;0;4;-16,5152737;-54,6558179;SPRF-MT;DEL02/MT;UOP01-DEL02-MT
777789;10/05/2026;domingo;11:00:00;SP;116;52;LORENA;Ausência de reação do condutor;Colisão traseira;Com Vítimas Feridas;Pleno dia;Crescente;Céu Claro;Dupla;Reta;Sim;3;0;1;0;1;2;0;2;-22,74377425;-45,09530718;SPRF-SP;DEL08/SP;UOP02-DEL08-SP
777809;22/05/2026;sexta-feira;13:40:00;SP;381;58;MAIRIPORA;Frear bruscamente;Colisão traseira;Com Vítimas Feridas;Pleno dia;Crescente;Céu Claro;Dupla;Reta;Não;2;0;1;0;1;1;0;2;-23,27619357;-46,58570194;SPRF-SP;DEL03/SP;UOP01-DEL03-SP
777874;27/03/2026;sexta-feira;22:19:00;PA;163;281;NOVO PROGRESSO;Ausência de reação do condutor;Colisão lateral mesmo sentido;Com Vítimas Feridas;Plena Noite;Decrescente;Nublado;Simples;Curva;Não;2;0;1;0;1;0;0;2;-7,28175758;-55,31310976;SPRF-PA;DEL05/PA;UOP03-DEL05-PA
777882;20/05/2026;quarta-feira;03:15:00;BA;242;451;SEABRA;Manobra de mudança de faixa;Colisão frontal;Com Vítimas Fatais;Plena Noite;Decrescente;Céu Claro;Simples;Reta;Não;4;1;0;0;0;1;0;5;-12,42277;-42,06792;SPRF-BA;DEL06/BA;UOP01-DEL06-BA
778111;23/05/2026;sábado;21:00:00;SP;381;69;MAIRIPORA;Reação tardia ou ineficiente do condutor;Tombamento;Com Vítimas Feridas;Plena Noite;Decrescente;Chuva;Dupla;"Declive;Curva";Não;2;0;1;0;1;0;0;2;-23,34967916;-46,56074413;NA;NA;NA
778124;06/04/2026;segunda-feira;02:20:00;SE;101;89;NOSSA SENHORA DO SOCORRO;Ausência de reação do condutor;Colisão traseira;Com Vítimas Feridas;Plena Noite;Crescente;Céu Claro;Dupla;"Reta;Aclive";Não;3;0;0;2;2;0;0;2;-10,880409;-37,133618;NA;NA;NA
778425;12/05/2026;terça-feira;21:00:00;SC;116;107,2;MONTE CASTELO;Velocidade Incompatível;Saída de leito carroçável;Com Vítimas Fatais;Plena Noite;Decrescente;Nublado;Simples;"Curva;Declive";Não;1;1;0;0;0;0;0;1;-26,756555;-50,3291;NA;NA;NA
778442;15/04/2026;quarta-feira;04:00:00;PR;277;38;MORRETES;Velocidade Incompatível;Tombamento;Com Vítimas Feridas;Plena Noite;Decrescente;Céu Claro;Dupla;Curva;Não;3;0;0;1;1;1;0;7;-25,574583;-48,853855;NA;NA;NA
778629;29/05/2026;sexta-feira;21:10:00;ES;101;182,1;ARACRUZ;Ausência de reação do condutor;Colisão traseira;Com Vítimas Fatais;Plena Noite;Decrescente;Céu Claro;Simples;Reta;Não;5;1;0;0;0;2;0;5;-19,64093084;-40,23272955;NA;NA;NA
746684;19/01/2026;segunda-feira;08:42:00;PB;230;159;CAMPINA GRANDE;Ultrapassagem Indevida;Colisão lateral mesmo sentido;Com Vítimas Feridas;Pleno dia;Decrescente;Céu Claro;Dupla;"Desvio Temporário;Em Obras;Reta";Sim;2;0;0;1;1;1;0;2;-7,253101;-35,932585;SPRF-PB;DEL02-PB;UOP01-DEL02-PB
747335;22/01/2026;quinta-feira;13:05:00;RO;364;242,5;CACOAL;Demais falhas mecânicas ou elétricas;Colisão com objeto;Sem Vítimas;Pleno dia;Crescente;Nublado;Simples;"Reta;Declive";Não;3;0;0;0;0;3;0;2;-11,440412;-61,492537;SPRF-RO;DEL02-RO;UOP02-DEL02-RO
747900;25/01/2026;domingo;06:00:00;PB;230;165,7;CAMPINA GRANDE;Condutor deixou de manter distância do veículo da frente;Colisão traseira;Com Vítimas Feridas;Pleno dia;Crescente;Nublado;Simples;"Declive;Reta";Sim;5;0;4;0;4;1;0;2;-7,20093;-35,952453;SPRF-PB;DEL02-PB;UOP02-DEL02-PB
747960;25/01/2026;domingo;17:54:00;ES;101;277,4;SERRA;Demais falhas mecânicas ou elétricas;Engavetamento;Sem Vítimas;Pleno dia;Crescente;Céu Claro;Dupla;Reta;Não;4;0;0;0;0;2;0;4;-20,21496;-40,32358;SPRF-ES;DEL02-ES;UOP01-DEL02-ES
749936;04/02/2026;quarta-feira;05:50:00;SE;101;117;ITAPORANGA DAJUDA;Ausência de reação do condutor;Colisão traseira;Com Vítimas Feridas;Amanhecer;Decrescente;Céu Claro;Dupla;Reta;Não;2;0;1;0;1;0;0;2;-11,0168416;-37,320441;SPRF-SE;DEL02-SE;UOP01-DEL02-SE
750969;08/02/2026;domingo;14:10:00;BA;116;615;JAGUAQUARA;Ultrapassagem Indevida;Colisão lateral mesmo sentido;Com Vítimas Feridas;Pleno dia;Crescente;Céu Claro;Simples;"Reta;Declive";Não;5;0;4;0;4;0;0;2;-13,48311873;-40,04241943;SPRF-BA;DEL03/BA;UOP02-DEL03-BA
752296;14/02/2026;sábado;10:45:00;RO;319;140;PORTO VELHO;Condutor deixou de manter distância do veículo da frente;Colisão traseira;Com Vítimas Feridas;Pleno dia;Decrescente;Nublado;Múltipla;Reta;Sim;4;0;2;0;2;2;0;3;-8,74181539;-63,88953209;SPRF-RO;DEL01-RO;UOP01-DEL01-RO
753077;18/02/2026;quarta-feira;08:30:00;CE;222;68;SAO GONCALO DO AMARANTE;Manobra de mudança de faixa;Colisão frontal;Com Vítimas Feridas;Pleno dia;Crescente;Chuva;Simples;Reta;Não;5;0;0;1;1;2;0;4;-3,671026;-39,196456;SPRF-CE;DEL01/CE;UOP03-DEL01-CE
754053;22/02/2026;domingo;22:10:00;ES;101;57;SAO MATEUS;Reação tardia ou ineficiente do condutor;Colisão traseira;Sem Vítimas;Plena Noite;Crescente;Céu Claro;Simples;Reta;Não;3;0;0;0;0;3;0;2;-18,64894333;-39,87363195;SPRF-ES;DEL04-ES;UOP02-DEL04-ES
755838;03/03/2026;terça-feira;13:00:00;PB;101;99;CONDE;Acessar a via sem observar a presença dos outros veículos;Colisão transversal;Com Vítimas Feridas;Pleno dia;Decrescente;Céu Claro;Dupla;Reta;Sim;3;0;1;1;2;0;0;2;-7,260607;-34,935795;SPRF-PB;DEL01-PB;UOP01-DEL01-PB
756558;21/01/2026;quarta-feira;13:00:00;BA;116;422;FEIRA DE SANTANA;Ausência de reação do condutor;Colisão lateral mesmo sentido;Com Vítimas Feridas;Pleno dia;Decrescente;Céu Claro;Dupla;Reta;Não;3;0;0;2;2;0;0;2;-12,22809847;-38,96448825;SPRF-BA;DEL02/BA;UOP01-DEL02-BA
757175;09/03/2026;segunda-feira;10:35:00;RJ;40;101;DUQUE DE CAXIAS;Demais falhas mecânicas ou elétricas;Incêndio;Com Vítimas Feridas;Pleno dia;Crescente;Chuva;Dupla;Reta;Não;1;0;1;0;1;0;0;1;-22,602556;-43,283979;SPRF-RJ;DEL01/RJ;UOP01-DEL01-RJ
757802;12/03/2026;quinta-feira;07:00:00;RJ;356;49;ITAPERUNA;Velocidade Incompatível;Tombamento;Com Vítimas Feridas;Pleno dia;Crescente;Céu Claro;Simples;Curva;Não;2;0;1;0;1;0;0;2;-21,258741;-41,769386;SPRF-RJ;DEL08/RJ;UOP03-DEL08-RJ
758207;14/03/2026;sábado;03:30:00;RJ;101;407;ITAGUAI;Condutor deixou de manter distância do veículo da frente;Colisão traseira;Com Vítimas Feridas;Plena Noite;Crescente;Nublado;Dupla;Reta;Sim;3;0;0;1;1;1;0;3;-22,87848146;-43,82002115;SPRF-RJ;DEL03/RJ;UOP01-DEL03-RJ
764097;10/04/2026;sexta-feira;09:20:00;PI;316;64,7;MONSENHOR GIL;Condutor deixou de manter distância do veículo da frente;Colisão lateral mesmo sentido;Com Vítimas Feridas;Pleno dia;Crescente;Céu Claro;Simples;Reta;Não;8;0;1;0;1;7;0;3;-5,614243;-42,60474;SPRF-PI;DEL01-PI;UOP02-DEL01-PI
764196;10/04/2026;sexta-feira;17:00:00;PE;104;103;CUPIRA;Velocidade Incompatível;Colisão lateral mesmo sentido;Com Vítimas Fatais;Anoitecer;Crescente;Céu Claro;Simples;"Aclive;Reta";Sim;3;1;0;1;1;0;0;3;-8,5926;-35,95524;SPRF-PE;DEL02/PE;UOP01-DEL02-PE
765141;09/01/2026;sexta-feira;11:10:00;ES;101;211,7;IBIRACU;Ausência de reação do condutor;Colisão traseira;Com Vítimas Fatais;Pleno dia;Decrescente;Céu Claro;Simples;Reta;Não;2;1;0;0;0;0;0;2;-19,814664;-40,366088;SPRF-ES;DEL02-ES;UOP01-DEL02-ES
765701;17/04/2026;sexta-feira;18:25:00;PI;343;341;TERESINA;Faixas de trânsito com largura insuficiente;Colisão lateral mesmo sentido;Com Vítimas Feridas;Plena Noite;Crescente;Céu Claro;Múltipla;Rotatória;Sim;2;0;1;0;1;0;0;2;-5,07834465;-42,74998069;SPRF-PI;DEL01-PI;UOP01-DEL01-PI
766311;19/04/2026;domingo;22:30:00;MA;316;179;PERITORO;Estacionar ou parar em local proibido;Colisão traseira;Com Vítimas Feridas;Plena Noite;Crescente;Céu Claro;Simples;Reta;Sim;4;0;0;3;3;0;0;2;-4,36706039;-44,3464287;SPRF-MA;DEL02-MA;UOP02-DEL02-MA
767236;24/04/2026;sexta-feira;16:45:00;RS;287;280;SAO PEDRO DO SUL;Avarias e/ou desgaste excessivo no pneu;Incêndio;Sem Vítimas;Pleno dia;Crescente;Chuva;Simples;"Em Obras;Aclive;Reta";Não;1;0;0;0;0;1;0;1;-29,638452;-54,176624;SPRF-RS;DEL09/RS;UOP01-DEL09-RS
769901;06/05/2026;quarta-feira;12:05:00;AL;101;77;RIO LARGO;Ausência de reação do condutor;Colisão com objeto;Com Vítimas Feridas;Pleno dia;Decrescente;Nublado;Dupla;Reta;Não;3;0;2;0;2;0;0;2;-9,424237;-35,838808;SPRF-AL;DEL01-AL;UOP01-DEL01-AL
770030;06/03/2026;sexta-feira;11:15:00;SC;470;186;POUSO REDONDO;Problema com o freio;Incêndio;Sem Vítimas;Pleno dia;Decrescente;Céu Claro;Simples;"Reta;Declive";Não;1;0;0;0;0;1;0;1;-27,255931;-50,044318;SPRF-SC;DEL04/SC;UOP02-DEL04-SC
770250;08/05/2026;sexta-feira;13:07:00;PI;316;7,5;TERESINA;Condutor deixou de manter distância do veículo da frente;Colisão traseira;Com Vítimas Feridas;Pleno dia;Decrescente;Sol;Múltipla;"Reta;Aclive";Sim;2;0;0;1;1;0;0;2;-5,1602;-42,77006;SPRF-PI;DEL01-PI;UOP02-DEL01-PI
770597;09/05/2026;sábado;19:50:00;MG;40;504;ESMERALDAS;Reação tardia ou ineficiente do condutor;Colisão traseira;Com Vítimas Feridas;Plena Noite;Crescente;Céu Claro;Dupla;"Reta;Aclive";Não;2;0;0;1;1;0;0;2;-19,735;-44,1508;SPRF-MG;DEL02/MG;UOP01-DEL02-MG
770705;10/05/2026;domingo;05:24:00;BA;324;534,7;CONCEICAO DO JACUIPE;Manobra de mudança de faixa;Colisão lateral mesmo sentido;Com Vítimas Fatais;Amanhecer;Crescente;Céu Claro;Dupla;"Reta;Interseção de Vias";Não;2;1;0;0;0;0;0;2;-12,356858;-38,829038;SPRF-BA;DEL11/BA;UOP02-DEL11-BA
771879;15/05/2026;sexta-feira;14:05:00;MG;50;12;ARAGUARI;Ausência de reação do condutor;Colisão traseira;Com Vítimas Feridas;Pleno dia;Crescente;Nublado;Dupla;Curva;Não;2;0;1;0;1;0;0;2;-18,61715941;-48,11249889;SPRF-MG;DEL15/MG;UOP02-DEL15-MG
773158;23/04/2026;quinta-feira;12:00:00;SC;282;540;CHAPECO;Demais falhas mecânicas ou elétricas;Incêndio;Sem Vítimas;Pleno dia;Crescente;Céu Claro;Simples;Reta;Não;1;0;0;0;0;1;0;1;-27,00154079;-52,66932607;SPRF-SC;DEL07/SC;UOP01-DEL07-SC
774592;28/05/2026;quinta-feira;01:55:00;RS;293;3,7;PELOTAS;Ingestão de álcool pelo condutor;Saída de leito carroçável;Com Vítimas Feridas;Plena Noite;Crescente;Céu Claro;Simples;Reta;Não;2;0;1;0;1;0;0;2;-31,73413;-52,37197487;SPRF-RS;DEL07/RS;UOP01-DEL07-RS
775250;30/05/2026;sábado;18:30:00;ES;101;19;PEDRO CANARIO;Reação tardia ou ineficiente do condutor;Colisão traseira;Com Vítimas Feridas;Plena Noite;Crescente;Céu Claro;Simples;Reta;Não;4;0;1;0;1;2;0;2;-18,31987603;-39,95595336;SPRF-ES;DEL04-ES;UOP02-DEL04-ES
744009;06/01/2026;terça-feira;11:30:00;PE;232;118;CARUARU;Ausência de reação do condutor;Saída de leito carroçável;Com Vítimas Feridas;Pleno dia;Crescente;Céu Claro;Dupla;"Declive;Reta";Não;3;0;1;0;1;0;0;3;-8,29748777;-35,86410491;SPRF-PE;DEL02/PE;UOP03-DEL02-PE
744885;10/01/2026;sábado;21:35:00;RJ;101;326;NITEROI;Demais falhas mecânicas ou elétricas;Incêndio;Sem Vítimas;Plena Noite;Decrescente;Céu Claro;Múltipla;Reta;Não;2;0;0;0;0;1;0;2;-22,870422;-43,1606381;SPRF-RJ;DEL02/RJ;UOP01-DEL02-RJ
747362;22/01/2026;quinta-feira;09:30:00;RO;429;53,5;ALVORADA DOESTE;Ausência de reação do condutor;Colisão traseira;Com Vítimas Feridas;Pleno dia;Decrescente;Nublado;Dupla;"Aclive;Reta";Sim;3;0;0;1;1;1;0;3;-11,362455;-62,301543;SPRF-RO;DEL02-RO;UOP03-DEL02-RO
748840;29/01/2026;quinta-feira;20:20:00;PA;10;5,1;DOM ELISEU;Chuva;Capotamento;Com Vítimas Fatais;Plena Noite;Crescente;Chuva;Simples;"Curva;Aclive";Não;4;1;2;0;2;0;0;2;-4,39944;-47,531287;SPRF-PA;DEL02/PA;UOP02-DEL02-PA
749198;31/01/2026;sábado;16:00:00;SP;101;51;UBATUBA;Transitar na contramão;Colisão transversal;Sem Vítimas;Pleno dia;Decrescente;Nublado;Simples;Reta;Sim;3;0;0;0;0;2;0;3;-23,45567413;-45,07173434;SPRF-SP;DEL06/SP;UOP01-DEL06-SP
750434;06/02/2026;sexta-feira;05:10:00;GO;80;379;SAO MIGUEL DO ARAGUAIA;Ausência de reação do condutor;Colisão traseira;Com Vítimas Fatais;Amanhecer;Crescente;Céu Claro;Simples;Reta;Não;4;1;0;0;0;1;0;4;-13,29924;-50,3146;SPRF-GO;DEL07/GO;UOP01-DEL07-GO
752647;15/02/2026;domingo;21:40:00;GO;60;95;ANAPOLIS;Ingestão de álcool pelo condutor;Queda de ocupante de veículo;Com Vítimas Feridas;Plena Noite;Crescente;Céu Claro;Dupla;Reta;Sim;3;0;1;0;1;1;0;3;-16,368087;-48,939522;SPRF-GO;DEL02/GO;UOP01-DEL02-GO
754229;23/02/2026;segunda-feira;16:00:00;RS;386;207;VICTOR GRAEFF;Pista esburacada;Saída de leito carroçável;Com Vítimas Feridas;Pleno dia;Crescente;Céu Claro;Simples;Reta;Não;3;0;2;0;2;0;0;3;-28,516662;-52,634054;SPRF-RS;DEL04/RS;UOP03-DEL04-RS