id;data_inversa;dia_semana;horario;uf;br;km;municipio;causa_acidente;tipo_acidente;classificacao_acidente;fase_dia;sentido_via;condicao_metereologica;tipo_pista;tracado_via;uso_solo;pessoas;mortos;feridos_leves;feridos_graves;feridos;ilesos;ignorados;veiculos;latitude;longitude;regional;delegacia;uop
743353;03/01/2026;sábado;08:37:00;PB;230;16,4;JOAO PESSOA;Condutor deixou de manter distância do veículo da frente;Colisão traseira;Com Vítimas Feridas;Pleno dia;Decrescente;Céu Claro;Dupla;Reta;Sim;2;0;0;1;1;1;0;2;-7,11127;-34,842565;SPRF-PB;DEL01-PB;UOP01-DEL01-PB
743354;03/01/2026;sábado;06:30:00;MG;251;457;FRANCISCO SA;Chuva;Saída de leito carroçável;Com Vítimas Feridas;Pleno dia;Crescente;Chuva;Simples;Curva;Não;4;0;3;1;4;0;0;1;-16,427132;-43,343295;SPRF-MG;DEL12/MG;UOP01-DEL12-MG
743355;03/01/2026;sábado;09:00:00;RJ;101;435;MANGARATIBA;Reação tardia ou ineficiente do condutor;Colisão lateral sentido oposto;Com Vítimas Feridas;Pleno dia;Decrescente;Nublado;Simples;"Curva;Declive";Não;3;0;0;1;1;2;0;3;-22,94210781;-44,05737114;SPRF-RJ;DEL03/RJ;UOP02-DEL03-RJ
743356;02/01/2026;sexta-feira;17:10:00;PI;316;315;PICOS;Animais na Pista;Atropelamento de Animal;Com Vítimas Feridas;Anoitecer;Decrescente;Céu Claro;Dupla;Reta;Sim;1;0;0;1;1;0;0;1;-7,080182;-41,42863;SPRF-PI;DEL04-PI;UOP01-DEL04-PI
743357;03/01/2026;sábado;09:20:00;SC;280;22;ARAQUARI;Ausência de reação do condutor;Colisão traseira;Com Vítimas Feridas;Pleno dia;Crescente;Céu Claro;Simples;Reta;Sim;2;0;1;0;1;1;0;2;-26,37124344;-48,70722055;SPRF-SC;DEL03/SC;UOP03-DEL03-SC
743358;03/01/2026;sábado;09:25:00;PR;277;8,9;PARANAGUA;Avarias e/ou desgaste excessivo no pneu;Tombamento;Com Vítimas Feridas;Pleno dia;Decrescente;Sol;Dupla;"Reta;Aclive";Não;2;0;1;0;1;1;0;1;-25,56652794;-48,60642163;SPRF-PR;DEL01/PR;UOP05-DEL01-PR
743359;03/01/2026;sábado;07:00:00;MG;251;444;GRAO MOGOL;Velocidade Incompatível;Saída de leito carroçável;Com Vítimas Feridas;Pleno dia;Crescente;Chuva;Simples;Reta;Não;5;0;5;0;5;0;0;1;-16,41262162;-43,24321747;SPRF-MG;DEL12/MG;UOP01-DEL12-MG
743360;03/01/2026;sábado;09:20:00;SP;116;75;APARECIDA;Manobra de mudança de faixa;Colisão traseira;Com Vítimas Feridas;Pleno dia;Decrescente;Céu Claro;Dupla;Reta;Não;1;0;1;0;1;0;0;1;-22,8750557;-45,2616989;SPRF-SP;DEL08/SP;UOP01-DEL08-SP
743361;03/01/2026;sábado;09:10:00;PI;343;14,9;PARNAIBA;Manobra de mudança de faixa;Colisão traseira;Com Vítimas Feridas;Pleno dia;Decrescente;Sol;Dupla;"Reta;Interseção de Vias";Sim;2;0;1;0;1;1;0;2;-2,936316;-41,754919;SPRF-PI;DEL05-PI;UOP01-DEL05-PI
743362;03/01/2026;sábado;09:10:00;PB;230;161;CAMPINA GRANDE;Pista Escorregadia;Tombamento;Com Vítimas Feridas;Pleno dia;Crescente;Sol;Dupla;Reta;Não;1;0;0;1;1;0;0;1;-7,24599576;-35,93610382;SPRF-PB;DEL02-PB;UOP01-DEL02-PB
743364;03/01/2026;sábado;09:43:00;SP;116;207;GUARULHOS;Trafegar com motocicleta (ou similar) entre as faixas;Colisão traseira;Com Vítimas Feridas;Pleno dia;Decrescente;Céu Claro;Dupla;Reta;Sim;2;0;1;0;1;0;0;2;-23,41908502;-46,38160276;SPRF-SP;DEL01/SP;UOP01-DEL01-SP
743365;03/01/2026;sábado;10:20:00;ES;262;65,1;MARECHAL FLORIANO;Ausência de reação do condutor;Saída de leito carroçável;Com Vítimas Feridas;Pleno dia;Crescente;Sol;Simples;Curva;Não;4;0;3;1;4;0;0;1;-20,4151641;-40,8214314;SPRF-ES;DEL01-ES;UOP02-DEL01-ES
743367;03/01/2026;sábado;09:35:00;MG;40;447,1;CAETANOPOLIS;Velocidade Incompatível;Colisão com objeto;Com Vítimas Feridas;Pleno dia;Crescente;Céu Claro;Múltipla;Reta;Sim;1;0;1;0;1;0;0;1;-19,294525;-44,382775;SPRF-MG;DEL02/MG;UOP01-DEL02-MG
743368;03/01/2026;sábado;08:30:00;SC;101;56;JOINVILLE;Reação tardia ou ineficiente do condutor;Colisão traseira;Sem Vítimas;Pleno dia;Crescente;Céu Claro;Dupla;Reta;Não;2;0;0;0;0;2;0;2;-26,43228967;-48,82250726;SPRF-SC;DEL03/SC;UOP01-DEL03-SC
743370;03/01/2026;sábado;09:15:00;PA;230;621;ALTAMIRA;Reação tardia ou ineficiente do condutor;Queda de ocupante de veículo;Com Vítimas Feridas;Pleno dia;Crescente;Céu Claro;Simples;Reta;Não;2;0;2;0;2;0;0;1;-3,1727676;-52,15484619;SPRF-PA;DEL04/PA;UOP01-DEL04-PA
743371;03/01/2026;sábado;09:55:00;RS;386;43,1;SEBERI;Avarias e/ou desgaste excessivo no pneu;Saída de leito carroçável;Com Vítimas Feridas;Pleno dia;Crescente;Chuva;Simples;Reta;Não;1;0;1;0;1;0;0;1;-27,43076;-53,42057;SPRF-RS;DEL08/RS;UOP02-DEL08-RS
743372;03/01/2026;sábado;10:00:00;BA;324;561;SAO SEBASTIAO DO PASSE;Ausência de reação do condutor;Engavetamento;Com Vítimas Feridas;Pleno dia;Decrescente;Céu Claro;Dupla;Reta;Não;6;0;1;0;1;5;0;3;-12,5171992;-38,6249606;SPRF-BA;DEL01/BA;UOP01-DEL01-BA
743373;03/01/2026;sábado;07:15:00;SP;459;5;PIQUETE;Ausência de reação do condutor;Tombamento;Com Vítimas Feridas;Pleno dia;Crescente;Céu Claro;Simples;Curva;Não;2;0;1;0;1;0;0;2;-22,56940016;-45,21837366;SPRF-SP;DEL08/SP;UOP02-DEL08-SP
743374;03/01/2026;sábado;10:30:00;MG;50;68;UBERLANDIA;Demais falhas mecânicas ou elétricas;Incêndio;Sem Vítimas;Pleno dia;Crescente;Céu Claro;Dupla;Reta;Sim;1;0;0;0;0;0;1;1;-18,88114937;-48,26361403;SPRF-MG;DEL15/MG;UOP02-DEL15-MG
743376;03/01/2026;sábado;09:25:00;MA;10;250;IMPERATRIZ;Condutor deixou de manter distância do veículo da frente;Colisão traseira;Com Vítimas Feridas;Pleno dia;Crescente;Céu Claro;Dupla;Reta;Sim;2;0;1;0;1;0;0;2;-5,545884;-47,462667;SPRF-MA;DEL04-MA;UOP01-DEL04-MA
743377;03/01/2026;sábado;10:20:00;MG;381;533;ITATIAIUCU;Chuva;Saída de leito carroçável;Com Vítimas Feridas;Pleno dia;Crescente;Chuva;Dupla;Curva;Sim;5;0;5;0;5;0;0;2;-20,17354937;-44,37566455;SPRF-MG;DEL04/MG;UOP03-DEL04-MG
743378;03/01/2026;sábado;11:10:00;SC;101;41,3;JOINVILLE;Desrespeitar a preferência no cruzamento;Colisão transversal;Com Vítimas Feridas;Pleno dia;Crescente;Céu Claro;Múltipla;Interseção de Vias;Não;3;0;2;0;2;1;0;2;-26,31874816;-48,87141466;SPRF-SC;DEL03/SC;UOP01-DEL03-SC
743380;03/01/2026;sábado;07:21:00;MG;251;442;GRAO MOGOL;Velocidade Incompatível;Colisão traseira;Com Vítimas Feridas;Pleno dia;Crescente;Chuva;Simples;Curva;Sim;5;0;1;0;1;4;0;2;-16,4067732;-43,2273623;SPRF-MG;DEL12/MG;UOP01-DEL12-MG
743382;03/01/2026;sábado;10:30:00;RS;386;251;SOLEDADE;Reação tardia ou ineficiente do condutor;Capotamento;Com Vítimas Feridas;Pleno dia;Crescente;Nublado;Dupla;"Declive;Reta;Em Obras";Não;2;0;1;0;1;1;0;1;-28,83430234;-52,45455472;SPRF-RS;DEL04/RS;UOP03-DEL04-RS
743383;03/01/2026;sábado;09:20:00;PB;412;140,1;MONTEIRO;Avarias e/ou desgaste excessivo no pneu;Capotamento;Com Vítimas Feridas;Pleno dia;Crescente;Céu Claro;Simples;Reta;Não;2;0;0;2;2;0;0;1;-7,865528;-37,0866663;SPRF-PB;DEL02-PB;UOP02-DEL02-PB
743384;03/01/2026;sábado;10:12:00;RJ;40;50,7;PETROPOLIS;Velocidade Incompatível;Saída de leito carroçável;Com Vítimas Feridas;Pleno dia;Decrescente;Céu Claro;Dupla;Curva;Não;2;0;1;0;1;1;0;1;-22,325308;-43,132523;SPRF-RJ;DEL05/RJ;UOP02-DEL05-RJ
743386;03/01/2026;sábado;11:30:00;PR;376;666;GUARATUBA;Condutor deixou de manter distância do veículo da frente;Engavetamento;Com Vítimas Feridas;Pleno dia;Crescente;Céu Claro;Dupla;"Declive;Curva";Não;2;0;1;0;1;1;0;2;-25,86629883;-48,94631338;SPRF-PR;DEL01/PR;UOP04-DEL01-PR
743389;03/01/2026;sábado;09:55:00;BA;101;99;ALAGOINHAS;Demais falhas na via;Queda de ocupante de veículo;Com Vítimas Feridas;Pleno dia;Decrescente;Sol;Simples;Reta;Sim;5;0;3;0;3;0;0;3;-12,100725;-38,3724889;SPRF-BA;DEL01/BA;UOP04-DEL01-BA
743390;03/01/2026;sábado;11:50:00;RS;386;428,1;NOVA SANTA RITA;Retorno proibido;Colisão transversal;Com Vítimas Feridas;Pleno dia;Crescente;Céu Claro;Simples;Reta;Não;2;0;0;1;1;1;0;2;-29,82548856;-51,33540854;SPRF-RS;DEL04/RS;UOP02-DEL04-RS
743392;03/01/2026;sábado;09:40:00;BA;349;938;CORRENTINA;Velocidade Incompatível;Colisão traseira;Com Vítimas Feridas;Pleno dia;Decrescente;Chuva;Simples;"Aclive;Reta";Não;3;0;1;0;1;2;0;2;-13,38367;-44,67786;SPRF-BA;DEL10/BA;UOP02-DEL10-BA
743393;03/01/2026;sábado;11:22:00;AC;364;120;RIO BRANCO;Reação tardia ou ineficiente do condutor;Colisão traseira;Com Vítimas Feridas;Pleno dia;Decrescente;Céu Claro;Simples;Reta;Sim;2;0;1;0;1;1;0;2;-10,01224;-67,7614;SPRF-AC;DEL01-AC;UOP01-DEL01-AC
743394;03/01/2026;sábado;11:40:00;GO;153;585;PIRACANJUBA;Ausência de reação do condutor;Saída de leito carroçável;Sem Vítimas;Pleno dia;Decrescente;Nublado;Dupla;Aclive;Não;4;0;0;0;0;4;0;1;-17,33228622;-49,23866272;SPRF-GO;DEL03/GO;UOP01-DEL03-GO
743395;03/01/2026;sábado;12:50:00;RJ;101;534;PARATY;Acessar a via sem observar a presença dos outros veículos;Colisão transversal;Com Vítimas Feridas;Pleno dia;Crescente;Céu Claro;Simples;"Reta;Rotatória";Não;2;0;1;0;1;1;0;2;-23,029573;-44,543484;SPRF-RJ;DEL03/RJ;UOP04-DEL03-RJ
743396;03/01/2026;sábado;12:00:00;PE;101;65;RECIFE;Acessar a via sem observar a presença dos outros veículos;Colisão lateral mesmo sentido;Com Vítimas Feridas;Pleno dia;Crescente;Sol;Múltipla;Reta;Sim;2;0;0;1;1;1;0;2;-8,030112;-34,943183;SPRF-PE;DEL01/PE;UOP01-DEL01-PE
743397;03/01/2026;sábado;12:00:00;SC;282;21;SANTO AMARO DA IMPERATRIZ;Desrespeitar a preferência no cruzamento;Colisão transversal;Com Vítimas Feridas;Pleno dia;Decrescente;Céu Claro;Simples;"Interseção de Vias;Reta";Não;4;0;1;0;1;3;0;2;-27,68913007;-48,73496382;SPRF-SC;DEL01/SC;UOP02-DEL01-SC
743398;03/01/2026;sábado;11:45:00;MT;364;250;JUSCIMEIRA;Condutor deixou de manter distância do veículo da frente;Colisão traseira;Com Vítimas Feridas;Pleno dia;Decrescente;Garoa/Chuvisco;Dupla;"Reta;Aclive";Não;6;0;2;0;2;4;0;2;-16,120053;-54,854258;SPRF-MT;DEL02/MT;UOP01-DEL02-MT
743399;03/01/2026;sábado;14:00:00;MG;40;547;NOVA LIMA;Velocidade Incompatível;Saída de leito carroçável;Sem Vítimas;Pleno dia;Decrescente;Chuva;Dupla;"Declive;Curva";Não;1;0;0;0;0;0;1;1;-20,024814;-43,969176;SPRF-MG;DEL01/MG;UOP02-DEL01-MG
743400;03/01/2026;sábado;14:40:00;SP;381;83;SAO PAULO;Reação tardia ou ineficiente do condutor;Colisão com objeto;Com Vítimas Feridas;Pleno dia;Crescente;Céu Claro;Dupla;Reta;Sim;2;0;1;0;1;1;0;1;-23,437228;-46,568237;SPRF-SP;DEL03/SP;UOP01-DEL03-SP
743401;03/01/2026;sábado;14:55:00;SP;116;2;GUARULHOS;Reação tardia ou ineficiente do condutor;Colisão traseira;Com Vítimas Feridas;Pleno dia;Crescente;Sol;Dupla;Reta;Sim;2;0;1;0;1;0;0;2;-23,46055361;-46,4905014;SPRF-SP;DEL01/SP;UOP01-DEL01-SP
743402;03/01/2026;sábado;12:00:00;RJ;101;442;MANGARATIBA;Ausência de reação do condutor;Engavetamento;Com Vítimas Feridas;Pleno dia;Decrescente;Céu Claro;Simples;Reta;Não;3;0;1;0;1;2;0;3;-22,976662;-44,085434;SPRF-RJ;DEL03/RJ;UOP02-DEL03-RJ
743403;03/01/2026;sábado;14:20:00;GO;40;26;LUZIANIA;Reação tardia ou ineficiente do condutor;Saída de leito carroçável;Com Vítimas Feridas;Pleno dia;Decrescente;Nublado;Dupla;Reta;Não;1;0;1;0;1;0;0;1;-16,295493;-47,89471;SPRF-DF;DEL01-DF;UOP01-DEL01-DF
743405;03/01/2026;sábado;14:40:00;MG;381;423,5;SABARA;Ausência de reação do condutor;Capotamento;Com Vítimas Feridas;Pleno dia;Decrescente;Chuva;Simples;Curva;Não;1;0;1;0;1;0;0;1;-19,78772342;-43,69106054;SPRF-MG;DEL01/MG;UOP01-DEL01-MG
743406;03/01/2026;sábado;14:30:00;BA;20;160;SAO DESIDERIO;Chuva;Saída de leito carroçável;Com Vítimas Feridas;Pleno dia;Decrescente;Chuva;Simples;"Reta;Declive";Não;4;0;3;1;4;0;0;1;-12,542779;-45,899;SPRF-BA;DEL10/BA;UOP01-DEL10-BA
743407;03/01/2026;sábado;14:31:00;MG;381;526;BRUMADINHO;Reação tardia ou ineficiente do condutor;Saída de leito carroçável;Com Vítimas Feridas;Pleno dia;Crescente;Chuva;Dupla;"Declive;Curva";Não;2;0;1;0;1;1;0;1;-20,120592;-44,302295;SPRF-MG;DEL04/MG;UOP03-DEL04-MG
743408;03/01/2026;sábado;12:55:00;AP;210;2;MACAPA;Velocidade Incompatível;Colisão lateral mesmo sentido;Com Vítimas Feridas;Pleno dia;Decrescente;Céu Claro;Simples;Reta;Sim;2;0;2;0;2;0;0;2;0,0834516;-51,0793616;SPRF-AP;DEL01-AP;UOP01-DEL01-AP
743409;03/01/2026;sábado;14:50:00;ES;101;60,3;SAO MATEUS;Acessar a via sem observar a presença dos outros veículos;Colisão transversal;Com Vítimas Feridas;Pleno dia;Crescente;Céu Claro;Simples;"Interseção de Vias;Reta";Sim;4;0;1;3;4;0;0;3;-18,6781634;-39,8652106;SPRF-ES;DEL04-ES;UOP02-DEL04-ES
743411;03/01/2026;sábado;13:42:00;PR;376;318;ORTIGUEIRA;Manobra de mudança de faixa;Colisão lateral mesmo sentido;Com Vítimas Feridas;Pleno dia;Decrescente;Céu Claro;Simples;Reta;Não;3;0;2;0;2;1;0;2;-24,0345494;-51,08951569;SPRF-PR;DEL07/PR;UOP02-DEL07-PR
743412;03/01/2026;sábado;14:40:00;ES;101;298;VIANA;Reação tardia ou ineficiente do condutor;Engavetamento;Sem Vítimas;Pleno dia;Decrescente;Céu Claro;Dupla;"Reta;Declive";Sim;4;0;0;0;0;2;0;4;-20,3540994;-40,41614771;SPRF-ES;DEL01-ES;UOP01-DEL01-ES
743413;03/01/2026;sábado;15:30:00;SC;282;53,8;AGUAS MORNAS;Chuva;Colisão com objeto;Com Vítimas Feridas;Pleno dia;Crescente;Chuva;Simples;Curva;Não;4;0;4;0;4;0;0;1;-27,6853598;-48,97227478;SPRF-SC;DEL01/SC;UOP03-DEL01-SC
743416;03/01/2026;sábado;15:15:00;MG;381;698,8;LAVRAS;Velocidade Incompatível;Saída de leito carroçável;Com Vítimas Feridas;Pleno dia;Crescente;Chuva;Dupla;"Curva;Declive";Não;2;0;1;0;1;1;0;1;-21,27154019;-45,13611111;SPRF-MG;DEL04/MG;UOP02-DEL04-MG
743417;03/01/2026;sábado;11:00:00;RJ;101;415;MANGARATIBA;Reação tardia ou ineficiente do condutor;Colisão traseira;Com Vítimas Feridas;Pleno dia;Crescente;Nublado;Dupla;Reta;Não;3;0;2;1;3;0;0;2;-22,90827716;-43,89130402;SPRF-RJ;DEL03/RJ;UOP01-DEL03-RJ
743418;03/01/2026;sábado;15:30:00;RS;116;292;ELDORADO DO SUL;Ausência de reação do condutor;Queda de ocupante de veículo;Com Vítimas Feridas;Pleno dia;Crescente;Céu Claro;Dupla;Reta;Não;2;0;1;0;1;1;0;1;-30,04482727;-51,33152835;SPRF-RS;DEL02/RS;UOP01-DEL02-RS
743419;03/01/2026;sábado;15:30:00;SP;116;143,4;SAO JOSE DOS CAMPOS;Avarias e/ou desgaste excessivo no pneu;Tombamento;Com Vítimas Feridas;Pleno dia;Crescente;Céu Claro;Dupla;"Reta;Em Obras";Sim;2;0;2;0;2;0;0;1;-23,179573;-45,840315;SPRF-SP;DEL02/SP;UOP01-DEL02-SP
743420;03/01/2026;sábado;14:15:00;MG;116;511;UBAPORANGA;Velocidade Incompatível;Saída de leito carroçável;Com Vítimas Feridas;Pleno dia;Crescente;Céu Claro;Simples;Reta;Não;1;0;1;0;1;0;0;1;-19,65540346;-42,11277043;SPRF-MG;DEL06/MG;UOP02-DEL06-MG
743421;03/01/2026;sábado;11:20:00;MG;116;648,4;FERVEDOURO;Condutor Dormindo;Colisão frontal;Com Vítimas Feridas;Pleno dia;Crescente;Céu Claro;Simples;Curva;Não;6;0;5;1;6;0;0;2;-20,71237492;-42,28185374;SPRF-MG;DEL07/MG;UOP02-DEL07-MG
743422;03/01/2026;sábado;13:30:00;MG;262;62;MATIPO;Manobra de mudança de faixa;Colisão frontal;Com Vítimas Feridas;Pleno dia;Crescente;Céu Claro;Simples;Curva;Não;4;0;3;1;4;0;0;2;-20,292701;-42,227267;SPRF-MG;DEL06/MG;UOP03-DEL06-MG
743423;03/01/2026;sábado;16:18:00;RN;304;96,4;ACU;Problema com o freio;Colisão com objeto;Com Vítimas Feridas;Pleno dia;Crescente;Sol;Simples;"Reta;Aclive";Não;2;0;2;0;2;0;0;1;-5,56178;-37,053267;SPRF-RN;DEL04-RN;UOP01-DEL04-RN
743424;03/01/2026;sábado;16:00:00;PR;376;183;SARANDI;Reação tardia ou ineficiente do condutor;Colisão traseira;Com Vítimas Feridas;Pleno dia;Decrescente;Céu Claro;Dupla;Reta;Sim;2;0;1;0;1;1;0;2;-23,43759;-51,87692;SPRF-PR;DEL09/PR;UOP01-DEL09-PR
743425;03/01/2026;sábado;16:00:00;PR;277;715;SANTA TEREZINHA DE ITAIPU;Ausência de reação do condutor;Colisão com objeto;Com Vítimas Feridas;Pleno dia;Decrescente;Céu Claro;Dupla;Reta;Não;6;0;2;0;2;4;0;1;-25,46668337;-54,45254839;SPRF-PR;DEL05/PR;UOP01-DEL05-PR
743426;03/01/2026;sábado;14:30:00;PA;230;370;PACAJA;Ultrapassagem Indevida;Colisão lateral mesmo sentido;Com Vítimas Fatais;Pleno dia;Crescente;Nublado;Simples;Aclive;Não;3;2;0;0;0;1;0;2;-3,92447;-50,340835;SPRF-PA;DEL03/PA;UOP01-DEL03-PA
743428;03/01/2026;sábado;16:15:00;MG;381;521;BRUMADINHO;Velocidade Incompatível;Saída de leito carroçável;Com Vítimas Feridas;Pleno dia;Decrescente;Chuva;Dupla;"Curva;Aclive";Não;1;0;1;0;1;0;0;1;-20,12190264;-44,30073436;SPRF-MG;DEL04/MG;UOP03-DEL04-MG
743429;03/01/2026;sábado;15:50:00;PR;376;462;PONTA GROSSA;Velocidade Incompatível;Saída de leito carroçável;Com Vítimas Feridas;Pleno dia;Crescente;Céu Claro;Dupla;"Aclive;Curva";Não;5;0;2;0;2;3;0;1;-25,04196736;-50,30943811;SPRF-PR;DEL03/PR;UOP01-DEL03-PR
743430;03/01/2026;sábado;16:10:00;SE;101;176;SANTA LUZIA DO ITANHY;Acessar a via sem observar a presença dos outros veículos;Colisão transversal;Com Vítimas Feridas;Pleno dia;Decrescente;Sol;Simples;Reta;Sim;2;0;1;0;1;1;0;2;-11,35028;-37,61734;SPRF-SE;DEL02-SE;UOP03-DEL02-SE
743431;03/01/2026;sábado;16:30:00;MG;262;362;JUATUBA;Ausência de reação do condutor;Tombamento;Com Vítimas Feridas;Pleno dia;Decrescente;Céu Claro;Dupla;Reta;Não;1;0;1;0;1;0;0;1;-19,9716913;-44,3303369;SPRF-MG;DEL01/MG;UOP03-DEL01-MG
743432;03/01/2026;sábado;16:30:00;MG;381;501;BETIM;Condutor deixou de manter distância do veículo da frente;Colisão com objeto;Com Vítimas Feridas;Pleno dia;Decrescente;Céu Claro;Dupla;Reta;Não;2;0;1;0;1;1;0;1;-20,00899;-44,21713;SPRF-MG;DEL01/MG;UOP03-DEL01-MG
743433;03/01/2026;sábado;11:30:00;PE;424;2,7;ARCOVERDE;Ausência de reação do condutor;Saída de leito carroçável;Sem Vítimas;Pleno dia;Decrescente;Céu Claro;Simples;Curva;Não;1;0;0;0;0;0;1;1;-8,451472;-37,049952;SPRF-PE;DEL04/PE;UOP02-DEL04-PE
743434;03/01/2026;sábado;17:00:00;RJ;101;270;RIO BONITO;Trafegar com motocicleta (ou similar) entre as faixas;Colisão traseira;Com Vítimas Feridas;Pleno dia;Crescente;Chuva;Dupla;Curva;Não;2;0;1;0;1;1;0;2;-22,72369062;-42,6936162;SPRF-RJ;DEL02/RJ;UOP03-DEL02-RJ
743436;03/01/2026;sábado;16:40:00;SC;280;5,6;SAO FRANCISCO DO SUL;Acessar a via sem observar a presença dos outros veículos;Colisão transversal;Com Vítimas Feridas;Pleno dia;Crescente;Céu Claro;Simples;Reta;Sim;3;0;2;0;2;1;0;2;-26,26279868;-48,62938134;SPRF-SC;DEL03/SC;UOP03-DEL03-SC
743437;03/01/2026;sábado;16:50:00;PB;230;163;CAMPINA GRANDE;Transitar na contramão;Colisão lateral sentido oposto;Com Vítimas Feridas;Pleno dia;Crescente;Céu Claro;Simples;"Aclive;Reta";Não;2;0;0;1;1;1;0;2;-7,2208945;-35,9438052;SPRF-PB;DEL02-PB;UOP01-DEL02-PB
743438;03/01/2026;sábado;17:00:00;RJ;116;226;PARACAMBI;Chuva;Queda de ocupante de veículo;Com Vítimas Feridas;Anoitecer;Crescente;Garoa/Chuvisco;Simples;"Curva;Em Obras";Não;2;0;1;0;1;1;0;1;-22,678145;-43,81510442;SPRF-RJ;DEL07/RJ;UOP01-DEL07-RJ
743439;03/01/2026;sábado;18:10:00;RJ;116;176;SAO JOAO DE MERITI;Ausência de reação do condutor;Queda de ocupante de veículo;Com Vítimas Feridas;Anoitecer;Crescente;Nublado;Dupla;Reta;Sim;2;0;1;1;2;0;0;1;-22,78458089;-43,38088087;SPRF-RJ;DEL06/RJ;UOP01-DEL06-RJ
743440;03/01/2026;sábado;15:15:00;MS;163;470,6;CAMPO GRANDE;Acessar a via sem observar a presença dos outros veículos;Colisão transversal;Com Vítimas Feridas;Pleno dia;Crescente;Céu Claro;Simples;"Reta;Interseção de Vias";Não;5;0;0;2;2;3;0;2;-20,5549401;-54,555894;SPRF-MS;DEL01/MS;UOP01-DEL01-MS
743442;03/01/2026;sábado;16:10:00;BA;116;718,2;MANOEL VITORINO;Reação tardia ou ineficiente do condutor;Saída de leito carroçável;Com Vítimas Feridas;Pleno dia;Decrescente;Ignorado;Simples;Curva;Não;2;0;1;0;1;1;0;1;-14,21838;-40,27575;SPRF-BA;DEL08/BA;UOP02-DEL08-BA
743443;03/01/2026;sábado;18:50:00;SC;470;114;FLORIANOPOLIS;Retorno proibido;Colisão transversal;Com Vítimas Feridas;Anoitecer;Crescente;Nublado;Simples;Reta;Não;7;0;1;0;1;6;0;2;-27,5939328;-48,5556224;SPRF-SC;DEL04/SC;UOP02-DEL04-SC
743445;03/01/2026;sábado;18:57:00;SC;101;41,1;JOINVILLE;Chuva;Capotamento;Com Vítimas Feridas;Anoitecer;Crescente;Chuva;Dupla;"Viaduto;Curva";Sim;3;0;1;0;1;2;0;2;-26,31855057;-48,87191741;SPRF-SC;DEL03/SC;UOP01-DEL03-SC
743447;03/01/2026;sábado;16:45:00;SC;116;25;ITAIOPOLIS;Velocidade Incompatível;Saída de leito carroçável;Sem Vítimas;Pleno dia;Decrescente;Céu Claro;Simples;"Reta;Declive";Não;1;0;0;0;0;0;1;1;-26,303513;-49,953171;SPRF-SC;DEL06/SC;UOP01-DEL06-SC
743448;03/01/2026;sábado;18:50:00;SC;101;144;ITAPEMA;Condutor usando celular;Engavetamento;Com Vítimas Feridas;Anoitecer;Decrescente;Nublado;Dupla;Reta;Sim;4;0;1;0;1;2;0;4;-27,07643185;-48,59823553;SPRF-SC;DEL04/SC;UOP03-DEL04-SC
743449;03/01/2026;sábado;19:30:00;ES;101;25;PINHEIROS;Acessar a via sem observar a presença dos outros veículos;Colisão transversal;Com Vítimas Feridas;Plena Noite;Decrescente;Nublado;Simples;Reta;Não;2;0;1;0;1;1;0;2;-18,38645653;-39,94457245;SPRF-ES;DEL04-ES;UOP02-DEL04-ES
743450;03/01/2026;sábado;15:18:00;MG;381;700,2;LAVRAS;Ausência de reação do condutor;Colisão lateral mesmo sentido;Com Vítimas Feridas;Pleno dia;Crescente;Nublado;Dupla;"Declive;Curva";Não;2;0;1;0;1;1;0;2;-21,287162;-45,143034;SPRF-MG;DEL04/MG;UOP02-DEL04-MG
743451;03/01/2026;sábado;20:10:00;SC;101;143,4;ITAPEMA;Reação tardia ou ineficiente do condutor;Colisão traseira;Com Vítimas Feridas;Plena Noite;Decrescente;Vento;Dupla;Reta;Sim;2;0;1;0;1;1;0;2;-27,06688;-48,59578;SPRF-SC;DEL04/SC;UOP03-DEL04-SC
743452;03/01/2026;sábado;15:35:00;MG;50;105;UBERABA;Mal súbito do condutor;Colisão lateral mesmo sentido;Com Vítimas Feridas;Pleno dia;Decrescente;Nublado;Dupla;Reta;Não;2;0;1;0;1;1;0;2;-19,180756;-48,157514;SPRF-MG;DEL13/MG;UOP01-DEL13-MG
743454;03/01/2026;sábado;17:20:00;MT;163;686;LUCAS DO RIO VERDE;Condutor deixou de manter distância do veículo da frente;Colisão traseira;Com Vítimas Feridas;Pleno dia;Decrescente;Céu Claro;Simples;Retorno Regulamentado;Sim;2;0;1;0;1;1;0;2;-13,08015865;-55,93794018;SPRF-MT;DEL06/MT;UOP01-DEL06-MT
743455;03/01/2026;sábado;20:00:00;BA;367;84;EUNAPOLIS;Manobra de mudança de faixa;Colisão lateral mesmo sentido;Com Vítimas Feridas;Plena Noite;Crescente;Céu Claro;Simples;Reta;Não;5;0;1;0;1;4;0;2;-16,37472979;-39,58046802;SPRF-BA;DEL09/BA;UOP03-DEL09-BA
743456;03/01/2026;sábado;20:00:00;RJ;116;210;SEROPEDICA;Reação tardia ou ineficiente do condutor;Queda de ocupante de veículo;Com Vítimas Feridas;Plena Noite;Crescente;Chuva;Dupla;Reta;Não;2;0;1;0;1;1;0;2;-22,70701675;-43,73805046;SPRF-RJ;DEL06/RJ;UOP02-DEL06-RJ
743457;03/01/2026;sábado;18:35:00;AC;364;121;RIO BRANCO;Ausência de reação do condutor;Saída de leito carroçável;Com Vítimas Feridas;Plena Noite;Decrescente;Ignorado;Simples;Reta;Não;2;0;1;0;1;1;0;1;-10,01207;-67,76989;SPRF-AC;DEL01-AC;UOP01-DEL01-AC