id;data_inversa;dia_semana;horario;uf;br;km;municipio;causa_acidente;tipo_acidente;classificacao_acidente;fase_dia;sentido_via;condicao_metereologica;tipo_pista;tracado_via;uso_solo;pessoas;mortos;feridos_leves;feridos_graves;feridos;ilesos;ignorados;veiculos;latitude;longitude;regional;delegacia;uop
743458;03/01/2026;sábado;19:35:00;RJ;465;18;NOVA IGUACU;Acessar a via sem observar a presença dos outros veículos;Colisão transversal;Com Vítimas Feridas;Plena Noite;Decrescente;Nublado;Simples;Reta;Sim;3;0;3;0;3;0;0;2;-22,830258;-43,615728;SPRF-RJ;DEL06/RJ;UOP02-DEL06-RJ
743459;03/01/2026;sábado;20:15:00;MG;381;635,8;SANTO ANTONIO DO AMPARO;Velocidade Incompatível;Saída de leito carroçável;Com Vítimas Feridas;Plena Noite;Decrescente;Ignorado;Dupla;"Curva;Aclive";Não;3;0;3;0;3;0;0;1;-20,86491129;-44,84089029;SPRF-MG;DEL04/MG;UOP01-DEL04-MG
743460;03/01/2026;sábado;20:30:00;CE;222;50;SAO GONCALO DO AMARANTE;Reação tardia ou ineficiente do condutor;Colisão com objeto;Com Vítimas Feridas;Plena Noite;Crescente;Céu Claro;Simples;Ponte;Não;1;0;1;0;1;0;0;1;-3,66856;-39,0083;SPRF-CE;DEL01/CE;UOP03-DEL01-CE
743461;03/01/2026;sábado;20:00:00;PA;316;97;SANTA MARIA DO PARA;Acessar a via sem observar a presença dos outros veículos;Atropelamento de Pedestre;Com Vítimas Feridas;Plena Noite;Crescente;Céu Claro;Simples;Reta;Não;2;0;2;0;2;0;0;2;-1,33712074;-47,60169983;SPRF-PA;DEL01/PA;UOP02-DEL01-PA
743463;03/01/2026;sábado;20:25:00;PR;163;85,9;CAPANEMA;Velocidade Incompatível;Colisão traseira;Com Vítimas Fatais;Plena Noite;Crescente;Céu Claro;Dupla;"Aclive;Reta;Interseção de Vias";Sim;3;1;0;0;0;1;0;3;-25,688227;-53,785051;SPRF-PR;DEL02/PR;UOP02-DEL02-PR
743464;03/01/2026;sábado;18:30:00;PR;373;477;CORONEL VIVIDA;Velocidade Incompatível;Saída de leito carroçável;Com Vítimas Feridas;Pleno dia;Decrescente;Céu Claro;Simples;"Curva;Interseção de Vias";Não;3;0;2;1;3;0;0;1;-25,98350856;-52,54245758;SPRF-PR;DEL02/PR;UOP01-DEL02-PR
743465;03/01/2026;sábado;21:00:00;RS;386;147,5;SARANDI;Ingestão de álcool pelo condutor;Saída de leito carroçável;Com Vítimas Feridas;Plena Noite;Crescente;Nublado;Simples;"Curva;Declive";Não;1;0;1;0;1;0;0;1;-28,054703;-52,871324;SPRF-RS;DEL08/RS;UOP01-DEL08-RS
743466;03/01/2026;sábado;18:00:00;SC;101;100;BALNEARIO PICARRAS;Manobra de mudança de faixa;Colisão lateral mesmo sentido;Com Vítimas Feridas;Pleno dia;Decrescente;Céu Claro;Dupla;Reta;Sim;3;0;0;2;2;1;0;2;-26,75644507;-48,6889356;SPRF-SC;DEL03/SC;UOP02-DEL03-SC
743467;03/01/2026;sábado;20:30:00;MG;40;781,8;JUIZ DE FORA;Animais na Pista;Atropelamento de Animal;Com Vítimas Feridas;Plena Noite;Decrescente;Chuva;Dupla;Reta;Sim;3;0;2;0;2;1;0;1;-21,70935296;-43,44982193;SPRF-MG;DEL05/MG;UOP01-DEL05-MG
743468;03/01/2026;sábado;21:00:00;PR;373;172;PONTA GROSSA;Manobra de mudança de faixa;Colisão lateral mesmo sentido;Com Vítimas Feridas;Plena Noite;Crescente;Céu Claro;Dupla;Reta;Sim;3;0;1;0;1;2;0;2;-25,08100274;-50,19258499;SPRF-PR;DEL03/PR;UOP01-DEL03-PR
743469;03/01/2026;sábado;21:15:00;PR;376;632;SAO JOSE DOS PINHAIS;Reação tardia ou ineficiente do condutor;Colisão traseira;Com Vítimas Feridas;Plena Noite;Decrescente;Céu Claro;Dupla;Reta;Não;3;0;1;1;2;1;0;2;-25,71658314;-49,13821785;SPRF-PR;DEL01/PR;UOP04-DEL01-PR
743471;03/01/2026;sábado;17:35:00;SC;101;97;BALNEARIO PICARRAS;Trafegar com motocicleta (ou similar) entre as faixas;Colisão lateral mesmo sentido;Com Vítimas Feridas;Pleno dia;Decrescente;Céu Claro;Dupla;Reta;Não;5;0;0;2;2;3;0;3;-26,731368;-48,70112;SPRF-SC;DEL03/SC;UOP02-DEL03-SC
743472;03/01/2026;sábado;20:30:00;BA;116;908,4;CANDIDO SALES;Transitar no Acostamento;Colisão lateral mesmo sentido;Com Vítimas Feridas;Plena Noite;Crescente;Nublado;Simples;"Interseção de Vias;Reta";Sim;2;0;1;0;1;1;0;2;-15,50533;-41,23581;SPRF-BA;DEL08/BA;UOP03-DEL08-BA
743473;03/01/2026;sábado;20:30:00;PA;10;266;AURORA DO PARA;Condutor deixou de manter distância do veículo da frente;Colisão traseira;Com Vítimas Fatais;Plena Noite;Crescente;Céu Claro;Simples;Reta;Não;3;1;0;1;1;1;0;2;-2,108438;-47,56024;SPRF-PA;DEL02/PA;UOP01-DEL02-PA
743474;03/01/2026;sábado;19:50:00;MG;50;171,6;UBERABA;Transitar no Acostamento;Colisão traseira;Sem Vítimas;Plena Noite;Decrescente;Céu Claro;Dupla;Reta;Sim;3;0;0;0;0;0;1;3;-19,74966862;-47,98233446;SPRF-MG;DEL13/MG;UOP01-DEL13-MG
743476;03/01/2026;sábado;21:42:00;SP;153;99,2;JOSE BONIFACIO;Reação tardia ou ineficiente do condutor;Saída de leito carroçável;Com Vítimas Feridas;Plena Noite;Decrescente;Céu Claro;Simples;"Interseção de Vias;Rotatória;Curva";Sim;2;0;1;0;1;1;0;1;-21,003083;-49,630995;SPRF-SP;DEL09/SP;UOP01-DEL09-SP
743477;03/01/2026;sábado;19:30:00;MG;262;383,8;FLORESTAL;Acumulo de água sobre o pavimento;Saída de leito carroçável;Com Vítimas Feridas;Plena Noite;Crescente;Chuva;Dupla;"Curva;Aclive";Não;2;0;1;0;1;1;0;1;-19,91493426;-44,49806213;SPRF-MG;DEL01/MG;UOP03-DEL01-MG
743478;03/01/2026;sábado;19:40:00;SC;280;188;MAFRA;Velocidade Incompatível;Colisão com objeto;Sem Vítimas;Plena Noite;Crescente;Céu Claro;Simples;"Declive;Ponte;Reta";Não;1;0;0;0;0;0;1;1;-26,168402;-49,958596;SPRF-SC;DEL06/SC;UOP01-DEL06-SC
743479;03/01/2026;sábado;21:45:00;SE;235;45,6;ITABAIANA;Transitar no Acostamento;Atropelamento de Pedestre;Com Vítimas Fatais;Plena Noite;Crescente;Céu Claro;Simples;Reta;Não;2;1;0;0;0;0;0;2;-10,741536;-37,403965;SPRF-SE;DEL01-SE;UOP02-DEL01-SE
743480;03/01/2026;sábado;21:00:00;DF;20;18;BRASILIA;Reação tardia ou ineficiente do condutor;Colisão com objeto;Com Vítimas Feridas;Anoitecer;Decrescente;Céu Claro;Dupla;Aclive;Sim;2;0;1;0;1;1;0;1;-15,61488544;-47,70588666;SPRF-DF;DEL02-DF;UOP01-DEL02-DF
743481;03/01/2026;sábado;19:50:00;RJ;40;91;PETROPOLIS;Pista Escorregadia;Tombamento;Com Vítimas Feridas;Plena Noite;Decrescente;Chuva;Dupla;"Aclive;Curva";Não;2;0;1;0;1;1;0;1;-22,56229257;-43,236233;SPRF-RJ;DEL01/RJ;UOP01-DEL01-RJ
743482;03/01/2026;sábado;21:40:00;MT;70;377;CAMPO VERDE;Reação tardia ou ineficiente do condutor;Saída de leito carroçável;Com Vítimas Feridas;Plena Noite;Decrescente;Nublado;Simples;Reta;Não;1;0;0;1;1;0;0;1;-15,512068;-55,115926;SPRF-MT;DEL05/MT;UOP02-DEL05-MT
743483;03/01/2026;sábado;22:00:00;SC;280;22;ARAQUARI;Acessar a via sem observar a presença dos outros veículos;Colisão transversal;Com Vítimas Feridas;Plena Noite;Decrescente;Céu Claro;Simples;Reta;Sim;3;0;1;0;1;2;0;2;-26,3717589;-48,70632872;SPRF-SC;DEL03/SC;UOP03-DEL03-SC
743484;03/01/2026;sábado;22:10:00;SP;116;288,2;ITAPECERICA DA SERRA;Trafegar com motocicleta (ou similar) entre as faixas;Colisão lateral mesmo sentido;Com Vítimas Feridas;Pleno dia;Decrescente;Céu Claro;Dupla;Reta;Não;7;0;1;1;2;5;0;4;-23,70409638;-46,8724792;SPRF-SP;DEL04/SP;UOP01-DEL04-SP
743485;03/01/2026;sábado;22:40:00;MG;381;858,3;POUSO ALEGRE;Ausência de reação do condutor;Saída de leito carroçável;Com Vítimas Feridas;Plena Noite;Crescente;Nublado;Dupla;Reta;Não;1;0;1;0;1;0;0;1;-22,30744481;-45,9019053;SPRF-MG;DEL16/MG;UOP01-DEL16-MG
743486;03/01/2026;sábado;23:00:00;SP;116;288;ITAPECERICA DA SERRA;Trafegar com motocicleta (ou similar) entre as faixas;Colisão lateral mesmo sentido;Com Vítimas Feridas;Plena Noite;Decrescente;Céu Claro;Dupla;Reta;Não;5;0;1;0;1;4;0;3;-23,70989113;-46,87628059;SPRF-SP;DEL04/SP;UOP01-DEL04-SP
743489;03/01/2026;sábado;20:58:00;PE;101;47;ABREU E LIMA;Reação tardia ou ineficiente do condutor;Colisão traseira;Com Vítimas Feridas;Plena Noite;Decrescente;Céu Claro;Múltipla;"Reta;Declive;Retorno Regulamentado";Sim;2;0;2;0;2;0;0;2;-7,887375;-34,903986;SPRF-PE;DEL01/PE;UOP02-DEL01-PE
743491;03/01/2026;sábado;22:32:00;TO;153;536;PUGMIL;Condutor Dormindo;Saída de leito carroçável;Com Vítimas Feridas;Plena Noite;Decrescente;Nublado;Simples;Reta;Não;3;0;3;0;3;0;0;1;-10,53336168;-48,91041398;SPRF-TO;DEL01-TO;UOP01-DEL01-TO
743492;03/01/2026;sábado;23:15:00;SC;101;109;PENHA;Ausência de reação do condutor;Saída de leito carroçável;Sem Vítimas;Plena Noite;Crescente;Garoa/Chuvisco;Dupla;Curva;Não;1;0;0;0;0;0;1;1;-26,83406599;-48,69662046;SPRF-SC;DEL03/SC;UOP02-DEL03-SC
743494;03/01/2026;sábado;22:30:00;MG;365;756;ITUIUTABA;Ausência de reação do condutor;Saída de leito carroçável;Com Vítimas Feridas;Plena Noite;Crescente;Nublado;Simples;Interseção de Vias;Não;1;0;1;0;1;0;0;1;-18,96560279;-49,50652421;SPRF-MG;DEL15/MG;UOP03-DEL15-MG
743496;03/01/2026;sábado;23:00:00;SC;280;13,7;SAO FRANCISCO DO SUL;Demais falhas mecânicas ou elétricas;Incêndio;Sem Vítimas;Plena Noite;Crescente;Nublado;Simples;Reta;Não;1;0;0;0;0;1;0;1;-26,3278111;-48,65047423;SPRF-SC;DEL03/SC;UOP03-DEL03-SC
743497;03/01/2026;sábado;19:10:00;SP;116;130;CACAPAVA;Condutor deixou de manter distância do veículo da frente;Colisão traseira;Sem Vítimas;Plena Noite;Crescente;Nublado;Múltipla;Reta;Sim;2;0;0;0;0;2;0;2;-23,1217;-45,72513;SPRF-SP;DEL02/SP;UOP02-DEL02-SP
743498;03/01/2026;sábado;22:15:00;RO;364;14;VILHENA;Reação tardia ou ineficiente do condutor;Queda de ocupante de veículo;Com Vítimas Feridas;Plena Noite;Decrescente;Céu Claro;Simples;Reta;Sim;2;0;2;0;2;0;0;1;-12,73867374;-60,14214454;SPRF-RO;DEL04-RO;UOP01-DEL04-RO
743499;03/01/2026;sábado;22:10:00;PA;316;43;SANTA IZABEL DO PARA;Acessar a via sem observar a presença dos outros veículos;Colisão frontal;Com Vítimas Feridas;Plena Noite;Crescente;Céu Claro;Dupla;Retorno Regulamentado;Não;3;0;2;0;2;0;0;2;-1,275733;-48,094582;SPRF-PA;DEL01/PA;UOP01-DEL01-PA
743501;03/01/2026;sábado;23:00:00;SC;282;379;HERVAL DOESTE;Reação tardia ou ineficiente do condutor;Saída de leito carroçável;Com Vítimas Feridas;Plena Noite;Crescente;Céu Claro;Simples;Interseção de Vias;Sim;2;0;1;0;1;1;0;1;-27,21450669;-51,48516297;SPRF-SC;DEL07/SC;UOP05-DEL07-SC
743502;03/01/2026;sábado;17:00:00;PE;428;146;PETROLINA;Ausência de reação do condutor;Queda de ocupante de veículo;Com Vítimas Feridas;Pleno dia;Decrescente;Céu Claro;Simples;Declive;Não;1;0;0;1;1;0;0;1;-9,04388803;-40,2955281;SPRF-PE;DEL06/PE;UOP01-DEL06-PE
743503;03/01/2026;sábado;22:10:00;BA;324;337;JACOBINA;Ingestão de álcool pelo condutor;Queda de ocupante de veículo;Com Vítimas Feridas;Pleno dia;Crescente;Nublado;Simples;Reta;Não;3;0;2;1;3;0;0;2;-11,32184701;-40,15983582;SPRF-BA;DEL04/BA;UOP02-DEL04-BA
743505;03/01/2026;sábado;23:30:00;RJ;40;31,7;AREAL;Ausência de reação do condutor;Tombamento;Com Vítimas Feridas;Plena Noite;Decrescente;Chuva;Dupla;Curva;Não;2;0;2;0;2;0;0;1;-22,198931;-43,158318;SPRF-RJ;DEL05/RJ;UOP02-DEL05-RJ
743506;03/01/2026;sábado;23:30:00;PR;476;345;PAULA FREITAS;Ingestão de substâncias psicoativas pelo condutor;Colisão frontal;Com Vítimas Feridas;Plena Noite;Decrescente;Céu Claro;Simples;Reta;Não;3;0;1;2;3;0;0;2;-26,18031258;-50,93173474;SPRF-PR;DEL02/PR;UOP03-DEL02-PR
743507;04/01/2026;domingo;00:30:00;RN;405;151;PAU DOS FERROS;Ausência de reação do condutor;Colisão traseira;Com Vítimas Fatais;Plena Noite;Crescente;Céu Claro;Simples;Reta;Sim;2;1;0;0;0;1;0;2;-6,12336;-38,20642;SPRF-RN;DEL04-RN;UOP02-DEL04-RN
743508;03/01/2026;sábado;23:50:00;SC;470;62,3;INDAIAL;Ingestão de álcool pelo condutor;Colisão transversal;Com Vítimas Feridas;Plena Noite;Decrescente;Céu Claro;Simples;Reta;Não;3;0;1;0;1;1;0;3;-26,87442707;-49,18581247;SPRF-SC;DEL04/SC;UOP01-DEL04-SC
743509;03/01/2026;sábado;23:46:00;SC;101;1,1;GARUVA;Ingestão de álcool pelo condutor;Colisão com objeto;Sem Vítimas;Plena Noite;Crescente;Chuva;Múltipla;"Reta;Declive";Não;1;0;0;0;0;1;0;1;-25,99185064;-48,88182163;SPRF-SC;DEL03/SC;UOP01-DEL03-SC
743510;04/01/2026;domingo;01:15:00;SC;101;205,3;SAO JOSE;Ausência de reação do condutor;Saída de leito carroçável;Com Vítimas Feridas;Plena Noite;Crescente;Nublado;Dupla;"Reta;Interseção de Vias";Não;2;0;2;0;2;0;0;1;-27,58419;-48,615666;SPRF-SC;DEL01/SC;UOP01-DEL01-SC
743511;03/01/2026;sábado;21:00:00;SP;116;177;JACAREI;Ingestão de álcool pelo condutor;Colisão traseira;Com Vítimas Feridas;Plena Noite;Crescente;Céu Claro;Dupla;Reta;Não;4;0;1;0;1;3;0;2;-23,31767507;-46,08328756;SPRF-SP;DEL01/SP;UOP01-DEL01-SP
743513;04/01/2026;domingo;01:00:00;BA;116;238;QUIJINGUE;Transitar na contramão;Colisão frontal;Com Vítimas Feridas;Plena Noite;Decrescente;Céu Claro;Simples;Reta;Não;8;0;0;1;1;7;0;3;-10,680205;-38,93874;SPRF-BA;DEL07/BA;UOP03-DEL07-BA
743515;04/01/2026;domingo;02:20:00;MG;40;464,3;SETE LAGOAS;Velocidade Incompatível;Saída de leito carroçável;Com Vítimas Feridas;Plena Noite;Crescente;Chuva;Dupla;"Aclive;Curva";Não;3;0;2;0;2;1;0;1;-19,432937;-44,335861;SPRF-MG;DEL02/MG;UOP01-DEL02-MG
743516;04/01/2026;domingo;02:00:00;MG;116;776,7;LEOPOLDINA;Velocidade Incompatível;Saída de leito carroçável;Com Vítimas Feridas;Plena Noite;Decrescente;Chuva;Simples;"Aclive;Curva";Não;4;0;3;0;3;1;0;1;-21,594792;-42,688481;SPRF-MG;DEL07/MG;UOP01-DEL07-MG
743517;04/01/2026;domingo;02:42:00;MS;163;369;NOVA ALVORADA DO SUL;Conversão proibida;Colisão frontal;Com Vítimas Feridas;Plena Noite;Crescente;Ignorado;Simples;Reta;Não;4;0;1;1;2;1;0;2;-21,426792;-54,38146;SPRF-MS;DEL02/MS;UOP01-DEL02-MS
743518;04/01/2026;domingo;03:00:00;PR;369;138;IBIPORA;Ingestão de álcool pelo condutor;Colisão com objeto;Sem Vítimas;Plena Noite;Decrescente;Céu Claro;Dupla;Reta;Sim;1;0;0;0;0;0;1;1;-23,27379981;-51,05545012;SPRF-PR;DEL07/PR;UOP01-DEL07-PR
743519;04/01/2026;domingo;03:30:00;PR;163;234;TOLEDO;Animais na Pista;Atropelamento de Animal;Com Vítimas Feridas;Plena Noite;Crescente;Céu Claro;Dupla;"Curva;Aclive";Não;3;0;0;2;2;0;0;1;-24,77393535;-53,68368208;SPRF-PR;DEL04/PR;UOP01-DEL04-PR
743520;04/01/2026;domingo;03:10:00;MT;364;201;RONDONOPOLIS;Ingestão de álcool pelo condutor;Colisão traseira;Com Vítimas Feridas;Plena Noite;Decrescente;Céu Claro;Dupla;Reta;Sim;6;0;1;1;2;4;0;2;-16,4910282;-54,64731218;SPRF-MT;DEL02/MT;UOP01-DEL02-MT
743521;04/01/2026;domingo;05:20:00;GO;40;3;VALPARAISO DE GOIAS;Condutor Dormindo;Saída de leito carroçável;Com Vítimas Feridas;Amanhecer;Decrescente;Nublado;Dupla;Reta;Sim;1;0;1;0;1;0;0;1;-16,077302;-47,98555;SPRF-DF;DEL01-DF;UOP01-DEL01-DF
743522;04/01/2026;domingo;05:30:00;SC;101;217;PALHOCA;Condutor deixou de manter distância do veículo da frente;Colisão lateral mesmo sentido;Com Vítimas Feridas;Amanhecer;Decrescente;Céu Claro;Dupla;Reta;Sim;3;0;1;0;1;0;0;2;-27,6736018;-48,67191088;SPRF-SC;DEL01/SC;UOP02-DEL01-SC
743523;04/01/2026;domingo;00:13:00;MG;381;163,5;GOVERNADOR VALADARES;Animais na Pista;Atropelamento de Animal;Com Vítimas Feridas;Plena Noite;Crescente;Nublado;Simples;Ponte;Não;1;0;0;1;1;0;0;1;-18,94599336;-42,06656163;SPRF-MG;DEL06/MG;UOP01-DEL06-MG
743524;04/01/2026;domingo;04:30:00;MG;381;489;BETIM;Chuva;Colisão lateral mesmo sentido;Sem Vítimas;Amanhecer;Decrescente;Chuva;Múltipla;"Reta;Aclive";Sim;5;0;0;0;0;5;0;2;-19,95653918;-44,13592851;SPRF-MG;DEL01/MG;UOP03-DEL01-MG
743525;04/01/2026;domingo;06:35:00;MG;381;526;BRUMADINHO;Velocidade Incompatível;Saída de leito carroçável;Com Vítimas Feridas;Pleno dia;Crescente;Chuva;Dupla;"Curva;Declive";Não;4;0;4;0;4;0;0;1;-20,15662977;-44,32777103;SPRF-MG;DEL04/MG;UOP03-DEL04-MG
743526;04/01/2026;domingo;05:25:00;PR;116;40;CAMPINA GRANDE DO SUL;Demais falhas mecânicas ou elétricas;Colisão com objeto;Com Vítimas Feridas;Amanhecer;Crescente;Garoa/Chuvisco;Dupla;Reta;Não;3;0;2;0;2;1;0;1;-25,16714368;-48,86508163;SPRF-PR;DEL01/PR;UOP02-DEL01-PR
743527;04/01/2026;domingo;06:00:00;MG;365;562;INDIANOPOLIS;Animais na Pista;Tombamento;Com Vítimas Feridas;Pleno dia;Crescente;Nublado;Simples;Reta;Não;2;0;2;0;2;0;0;1;-18,92307;-47,783497;SPRF-MG;DEL15/MG;UOP02-DEL15-MG
743528;04/01/2026;domingo;05:40:00;PE;110;255;JATOBA;Ausência de reação do condutor;Colisão traseira;Com Vítimas Feridas;Pleno dia;Decrescente;Céu Claro;Simples;Reta;Não;2;0;1;0;1;1;0;2;-9,262743;-38,229785;SPRF-BA;DEL07/BA;UOP01-DEL07-BA
743530;04/01/2026;domingo;01:40:00;MG;262;363,6;JUATUBA;Velocidade Incompatível;Saída de leito carroçável;Com Vítimas Feridas;Plena Noite;Crescente;Chuva;Dupla;Reta;Não;1;0;1;0;1;0;0;1;-19,97205809;-44,29756165;SPRF-MG;DEL01/MG;UOP03-DEL01-MG
743531;04/01/2026;domingo;06:00:00;GO;20;162;ALVORADA DO NORTE;Ausência de reação do condutor;Saída de leito carroçável;Com Vítimas Feridas;Amanhecer;Crescente;Nublado;Simples;Reta;Não;4;0;1;3;4;0;0;1;-14,51196582;-46,52119446;SPRF-DF;DEL02-DF;UOP03-DEL02-DF
743533;04/01/2026;domingo;07:10:00;DF;70;3,2;BRASILIA;Reação tardia ou ineficiente do condutor;Saída de leito carroçável;Com Vítimas Feridas;Pleno dia;Crescente;Chuva;Dupla;Reta;Sim;6;0;1;0;1;5;0;2;-15,802;-48,083501;SPRF-DF;DEL03-DF;UOP02-DEL03-DF
743534;04/01/2026;domingo;00:35:00;BA;367;23;PORTO SEGURO;Ausência de reação do condutor;Colisão lateral mesmo sentido;Com Vítimas Feridas;Plena Noite;Crescente;Céu Claro;Simples;Reta;Sim;2;0;0;1;1;0;0;2;-16,43657911;-39,07759666;SPRF-BA;DEL09/BA;UOP03-DEL09-BA
743535;04/01/2026;domingo;06:15:00;MG;381;483;BETIM;Acumulo de água sobre o pavimento;Colisão lateral mesmo sentido;Com Vítimas Feridas;Pleno dia;Decrescente;Chuva;Dupla;"Curva;Aclive";Não;3;0;2;0;2;1;0;2;-19,95861631;-44,08018875;SPRF-MG;DEL01/MG;UOP03-DEL01-MG
743536;04/01/2026;domingo;06:40:00;MS;163;675;RIO VERDE DE MATO GROSSO;Ausência de reação do condutor;Tombamento;Com Vítimas Feridas;Pleno dia;Decrescente;Céu Claro;Simples;Curva;Não;1;0;1;0;1;0;0;1;-18,93282;-54,836171;SPRF-MS;DEL06/MS;UOP02-DEL06-MS
743537;04/01/2026;domingo;01:40:00;MG;381;483;BETIM;Acumulo de água sobre o pavimento;Colisão com objeto;Com Vítimas Feridas;Plena Noite;Crescente;Chuva;Múltipla;Reta;Não;1;0;1;0;1;0;0;1;-19,9576984;-44,07958388;SPRF-MG;DEL01/MG;UOP03-DEL01-MG
743539;04/01/2026;domingo;02:24:00;MG;381;487;BETIM;Pista Escorregadia;Saída de leito carroçável;Sem Vítimas;Plena Noite;Decrescente;Chuva;Dupla;Declive;Não;1;0;0;0;0;1;0;1;-19,96011866;-44,08573151;SPRF-MG;DEL01/MG;UOP03-DEL01-MG
743540;04/01/2026;domingo;06:00:00;MG;50;197;DELTA;Reação tardia ou ineficiente do condutor;Capotamento;Com Vítimas Feridas;Amanhecer;Decrescente;Céu Claro;Dupla;"Reta;Aclive";Não;4;0;1;0;1;3;0;1;-19,95832868;-47,80215204;SPRF-MG;DEL13/MG;UOP01-DEL13-MG
743542;04/01/2026;domingo;05:15:00;PR;376;493;PONTA GROSSA;Reação tardia ou ineficiente do condutor;Saída de leito carroçável;Com Vítimas Feridas;Amanhecer;Decrescente;Céu Claro;Dupla;Reta;Sim;3;0;1;1;2;1;0;1;-25,15136863;-50,14164297;SPRF-PR;DEL03/PR;UOP03-DEL03-PR
743543;04/01/2026;domingo;08:05:00;PE;101;66;RECIFE;Condutor deixou de manter distância do veículo da frente;Colisão traseira;Com Vítimas Feridas;Pleno dia;Crescente;Sol;Dupla;Reta;Sim;2;0;2;0;2;0;0;2;-8,040832;-34,942618;SPRF-PE;DEL01/PE;UOP01-DEL01-PE
743544;04/01/2026;domingo;07:35:00;PR;277;454,7;LARANJEIRAS DO SUL;Condutor deixou de manter distância do veículo da frente;Colisão traseira;Com Vítimas Feridas;Pleno dia;Decrescente;Céu Claro;Simples;"Reta;Declive";Sim;3;0;1;0;1;2;0;2;-25,37410438;-52,38801096;SPRF-PR;DEL04/PR;UOP02-DEL04-PR
743545;04/01/2026;domingo;08:30:00;CE;116;73;CHOROZINHO;Acessar a via sem observar a presença dos outros veículos;Colisão transversal;Com Vítimas Feridas;Pleno dia;Decrescente;Céu Claro;Simples;Reta;Não;2;0;0;1;1;1;0;2;-4,3529355;-38,4631935;SPRF-CE;DEL01/CE;UOP04-DEL01-CE
743547;04/01/2026;domingo;08:30:00;PR;476;131;CURITIBA;Condutor Dormindo;Colisão lateral mesmo sentido;Com Vítimas Feridas;Pleno dia;Crescente;Nublado;Múltipla;Curva;Sim;3;0;1;0;1;2;0;2;-25,45619276;-49,24878923;SPRF-PR;DEL01/PR;UOP03-DEL01-PR
743548;04/01/2026;domingo;05:00:00;GO;364;72;CACHOEIRA ALTA;Condutor Dormindo;Saída de leito carroçável;Sem Vítimas;Amanhecer;Decrescente;Céu Claro;Simples;Reta;Não;1;0;0;0;0;0;1;1;-18,63886;-51,015193;SPRF-GO;DEL05/GO;UOP02-DEL05-GO
743549;03/01/2026;sábado;21:10:00;RJ;116;138;MAGE;Chuva;Tombamento;Com Vítimas Feridas;Plena Noite;Crescente;Chuva;Dupla;Reta;Sim;1;0;1;0;1;0;0;1;-22,6623488;-43,0833664;SPRF-RJ;DEL04/RJ;UOP02-DEL04-RJ
743552;04/01/2026;domingo;08:40:00;GO;452;3;RIO VERDE;Acessar a via sem observar a presença dos outros veículos;Colisão lateral mesmo sentido;Com Vítimas Feridas;Pleno dia;Decrescente;Sol;Múltipla;"Retorno Regulamentado;Curva";Sim;6;0;1;1;2;4;0;2;-17,802672;-50,873768;SPRF-GO;DEL04/GO;UOP01-DEL04-GO
743553;04/01/2026;domingo;08:01:00;SP;116;538;BARRA DO TURVO;Reação tardia ou ineficiente do condutor;Colisão com objeto;Com Vítimas Feridas;Pleno dia;Crescente;Chuva;Dupla;Curva;Não;4;0;1;0;1;3;0;1;-24,97200952;-48,35103321;SPRF-SP;DEL05/SP;UOP02-DEL05-SP
743555;04/01/2026;domingo;08:00:00;MG;381;605;OLIVEIRA;Ausência de reação do condutor;Saída de leito carroçável;Com Vítimas Feridas;Pleno dia;Decrescente;Céu Claro;Dupla;Curva;Não;3;0;2;0;2;1;0;1;-20,636712;-44,736056;SPRF-MG;DEL04/MG;UOP01-DEL04-MG
743557;04/01/2026;domingo;05:40:00;MG;381;219,7;BELO ORIENTE;Condutor Dormindo;Saída de leito carroçável;Com Vítimas Feridas;Amanhecer;Crescente;Nublado;Simples;Curva;Não;5;0;5;0;5;0;0;1;-19,30214434;-42,38242686;SPRF-MG;DEL06/MG;UOP01-DEL06-MG
743558;04/01/2026;domingo;09:00:00;SC;101;80,6;BARRA VELHA;Ausência de reação do condutor;Colisão com objeto;Com Vítimas Feridas;Pleno dia;Decrescente;Nublado;Múltipla;Reta;Não;1;0;1;0;1;0;0;1;-26,599331;-48,724464;SPRF-SC;DEL03/SC;UOP02-DEL03-SC
743559;04/01/2026;domingo;09:40:00;GO;60;119;TEREZOPOLIS DE GOIAS;Ausência de reação do condutor;Saída de leito carroçável;Com Vítimas Feridas;Pleno dia;Decrescente;Céu Claro;Dupla;"Reta;Declive";Sim;2;0;0;2;2;0;0;1;-16,48535874;-49,09417111;SPRF-GO;DEL01/GO;UOP01-DEL01-GO
743561;04/01/2026;domingo;06:48:00;MT;163;942;ITAUBA;Reação tardia ou ineficiente do condutor;Saída de leito carroçável;Com Vítimas Feridas;Amanhecer;Decrescente;Nublado;Simples;Reta;Não;1;0;0;1;1;0;0;1;-11,00403511;-55,24630666;SPRF-MT;DEL06/MT;UOP02-DEL06-MT
743562;03/01/2026;sábado;20:00:00;MA;316;59;GOVERNADOR NUNES FREIRE;Deficiência do Sistema de Iluminação/Sinalização;Colisão traseira;Com Vítimas Feridas;Plena Noite;Crescente;Céu Claro;Simples;Reta;Não;3;0;0;2;2;0;0;2;-2,0755883;-45,9362917;SPRF-MA;DEL02-MA;UOP02-DEL02-MA