id;data_inversa;dia_semana;horario;uf;br;km;municipio;causa_acidente;tipo_acidente;classificacao_acidente;fase_dia;sentido_via;condicao_metereologica;tipo_pista;tracado_via;uso_solo;pessoas;mortos;feridos_leves;feridos_graves;feridos;ilesos;ignorados;veiculos;latitude;longitude;regional;delegacia;uop
743563;04/01/2026;domingo;08:00:00;ES;259;66,7;COLATINA;Velocidade Incompatível;Saída de leito carroçável;Com Vítimas Feridas;Pleno dia;Crescente;Nublado;Simples;Reta;Não;2;0;2;0;2;0;0;1;-19,52080241;-40,71243525;SPRF-ES;DEL02-ES;UOP01-DEL02-ES
743564;04/01/2026;domingo;05:50:00;PI;135;420;REDENCAO DO GURGUEIA;Objeto estático sobre o leito carroçável;Saída de leito carroçável;Com Vítimas Feridas;Amanhecer;Decrescente;Ignorado;Simples;Declive;Não;3;0;1;0;1;2;0;1;-9,473912;-44,707248;SPRF-PI;DEL03-PI;UOP02-DEL03-PI
743568;04/01/2026;domingo;10:15:00;ES;101;266,2;SERRA;Reação tardia ou ineficiente do condutor;Colisão traseira;Com Vítimas Feridas;Pleno dia;Crescente;Nublado;Múltipla;"Curva;Interseção de Vias";Sim;2;0;1;0;1;1;0;2;-20,19397099;-40,268839;SPRF-ES;DEL02-ES;UOP01-DEL02-ES
743572;04/01/2026;domingo;08:30:00;GO;70;59;COCALZINHO DE GOIAS;Demais falhas mecânicas ou elétricas;Incêndio;Sem Vítimas;Pleno dia;Crescente;Nublado;Simples;Reta;Não;1;0;0;0;0;1;0;1;-15,76101441;-48,69410836;SPRF-DF;DEL03-DF;UOP02-DEL03-DF
743573;04/01/2026;domingo;09:00:00;PR;116;17;CAMPINA GRANDE DO SUL;Chuva;Colisão com objeto;Com Vítimas Feridas;Pleno dia;Decrescente;Chuva;Dupla;Curva;Não;3;0;2;0;2;1;0;1;-25,103215;-48,700806;SPRF-PR;DEL01/PR;UOP02-DEL01-PR
743574;04/01/2026;domingo;10:00:00;CE;304;68;ARACATI;Demais falhas mecânicas ou elétricas;Tombamento;Com Vítimas Feridas;Pleno dia;Crescente;Céu Claro;Simples;Reta;Não;2;0;1;1;2;0;0;1;-4,6307048;-37,6408647;SPRF-CE;DEL03/CE;UOP02-DEL03-CE
743575;04/01/2026;domingo;11:35:00;MG;381;521;BRUMADINHO;Chuva;Saída de leito carroçável;Com Vítimas Feridas;Pleno dia;Decrescente;Chuva;Dupla;"Aclive;Curva";Não;2;0;1;0;1;1;0;1;-20,121868;-44,30134;SPRF-MG;DEL04/MG;UOP03-DEL04-MG
743576;04/01/2026;domingo;11:30:00;MG;40;505,7;RIBEIRAO DAS NEVES;Chuva;Colisão transversal;Com Vítimas Feridas;Pleno dia;Crescente;Chuva;Dupla;"Declive;Reta";Sim;3;0;2;0;2;1;0;2;-19,742778;-44,148611;SPRF-MG;DEL02/MG;UOP01-DEL02-MG
743578;04/01/2026;domingo;11:10:00;PR;116;14,9;CAMPINA GRANDE DO SUL;Chuva;Colisão com objeto;Com Vítimas Feridas;Pleno dia;Crescente;Garoa/Chuvisco;Dupla;Curva;Não;3;0;2;0;2;1;0;1;-25,0982;-48,680396;SPRF-PR;DEL01/PR;UOP02-DEL01-PR
743580;04/01/2026;domingo;11:00:00;AL;101;208,3;SAO SEBASTIAO;Demais falhas mecânicas ou elétricas;Queda de ocupante de veículo;Com Vítimas Feridas;Pleno dia;Crescente;Céu Claro;Dupla;Reta;Não;2;0;2;0;2;0;0;1;-9,993021;-36,59225;SPRF-AL;DEL02-AL;UOP02-DEL02-AL
743581;04/01/2026;domingo;11:50:00;SP;381;57,8;MAIRIPORA;Transitar no Acostamento;Colisão lateral mesmo sentido;Com Vítimas Feridas;Pleno dia;Crescente;Sol;Dupla;"Reta;Aclive";Sim;3;0;1;0;1;2;0;2;-23,25814166;-46,59043026;SPRF-SP;DEL03/SP;UOP01-DEL03-SP
743582;04/01/2026;domingo;08:00:00;PR;277;302;PRUDENTOPOLIS;Transitar na contramão;Colisão frontal;Com Vítimas Fatais;Pleno dia;Crescente;Sol;Simples;Curva;Não;4;2;2;0;2;0;0;2;-25,30091;-51,11594;SPRF-PR;DEL08/PR;UOP01-DEL08-PR
743583;04/01/2026;domingo;10:45:00;MG;381;356;SAO GONCALO DO RIO ABAIXO;Pista Escorregadia;Saída de leito carroçável;Com Vítimas Feridas;Pleno dia;Decrescente;Garoa/Chuvisco;Dupla;Curva;Não;2;0;2;0;2;0;0;1;-19,85532962;-43,22063112;SPRF-MG;DEL03/MG;UOP01-DEL03-MG
743584;04/01/2026;domingo;12:00:00;MG;381;360;SAO GONCALO DO RIO ABAIXO;Pista Escorregadia;Saída de leito carroçável;Com Vítimas Feridas;Pleno dia;Decrescente;Chuva;Simples;Curva;Não;3;0;2;0;2;1;0;1;-19,856472;-43,243242;SPRF-MG;DEL03/MG;UOP01-DEL03-MG
743585;04/01/2026;domingo;11:05:00;PR;277;631;CEU AZUL;Condutor deixou de manter distância do veículo da frente;Colisão traseira;Com Vítimas Feridas;Pleno dia;Crescente;Céu Claro;Simples;Reta;Não;5;0;2;0;2;3;0;2;-25,12290588;-53,80554199;SPRF-PR;DEL05/PR;UOP02-DEL05-PR
743586;04/01/2026;domingo;09:55:00;MG;262;10;MARTINS SOARES;Ausência de reação do condutor;Engavetamento;Com Vítimas Feridas;Pleno dia;Crescente;Céu Claro;Simples;"Aclive;Reta";Não;13;0;1;0;1;12;0;3;-20,24861226;-41,83678151;SPRF-MG;DEL06/MG;UOP03-DEL06-MG
743587;04/01/2026;domingo;07:00:00;PR;373;414;FOZ DO JORDAO;Acessar a via sem observar a presença dos outros veículos;Colisão transversal;Com Vítimas Feridas;Pleno dia;Crescente;Céu Claro;Simples;Reta;Sim;4;0;3;0;3;1;0;2;-25,66924;-52,12288;SPRF-PR;DEL08/PR;UOP01-DEL08-PR
743588;04/01/2026;domingo;09:40:00;SP;116;546;BARRA DO TURVO;Chuva;Saída de leito carroçável;Com Vítimas Feridas;Pleno dia;Crescente;Chuva;Múltipla;"Curva;Declive";Não;5;0;1;0;1;4;0;1;-24,9474995;-48,42437491;SPRF-SP;DEL05/SP;UOP02-DEL05-SP
743589;04/01/2026;domingo;10:45:00;SP;116;536;BARRA DO TURVO;Reação tardia ou ineficiente do condutor;Capotamento;Com Vítimas Feridas;Pleno dia;Crescente;Chuva;Dupla;Curva;Não;3;0;1;0;1;2;0;1;-24,97162049;-48,36948681;SPRF-SP;DEL05/SP;UOP02-DEL05-SP
743593;04/01/2026;domingo;12:35:00;BA;116;403,8;FEIRA DE SANTANA;Acessar a via sem observar a presença dos outros veículos;Atropelamento de Pedestre;Com Vítimas Fatais;Pleno dia;Crescente;Céu Claro;Dupla;Reta;Não;4;1;2;0;2;1;0;2;-12,063517;-38,96994;SPRF-BA;DEL02/BA;UOP01-DEL02-BA
743594;04/01/2026;domingo;10:30:00;MT;70;419;CAMPO VERDE;Acumulo de água sobre o pavimento;Saída de leito carroçável;Com Vítimas Feridas;Pleno dia;Crescente;Chuva;Simples;Curva;Não;2;0;1;0;1;1;0;1;-15,762773;-55,360897;SPRF-MT;DEL05/MT;UOP02-DEL05-MT
743595;04/01/2026;domingo;12:15:00;SP;101;46;UBATUBA;Ausência de reação do condutor;Colisão traseira;Sem Vítimas;Pleno dia;Decrescente;Chuva;Simples;Reta;Sim;2;0;0;0;0;2;0;2;-23,42293292;-45,0734875;SPRF-SP;DEL06/SP;UOP01-DEL06-SP
743596;04/01/2026;domingo;11:40:00;RO;364;693;CANDEIAS DO JAMARI;Ausência de reação do condutor;Colisão traseira;Com Vítimas Feridas;Pleno dia;Crescente;Céu Claro;Dupla;Reta;Sim;2;0;1;0;1;0;0;2;-8,79796039;-63,71124029;SPRF-RO;DEL01-RO;UOP01-DEL01-RO
743597;04/01/2026;domingo;11:20:00;SP;101;50;UBATUBA;Condutor deixou de manter distância do veículo da frente;Colisão traseira;Com Vítimas Feridas;Pleno dia;Crescente;Chuva;Simples;Reta;Sim;2;0;1;0;1;1;0;2;-23,44941088;-45,07828758;SPRF-SP;DEL06/SP;UOP01-DEL06-SP
743598;04/01/2026;domingo;12:00:00;MA;316;268;SANTA INES;Acostamento em desnível;Saída de leito carroçável;Com Vítimas Feridas;Pleno dia;Decrescente;Céu Claro;Simples;Reta;Não;4;0;1;0;1;3;0;1;-3,691881;-45,330696;SPRF-MA;DEL02-MA;UOP01-DEL02-MA
743599;04/01/2026;domingo;12:00:00;DF;60;7,3;BRASILIA;Ingestão de álcool pelo condutor;Colisão lateral mesmo sentido;Com Vítimas Feridas;Pleno dia;Crescente;Céu Claro;Dupla;Reta;Não;6;0;1;0;1;5;0;2;-15,901885;-48,126318;SPRF-DF;DEL03-DF;UOP01-DEL03-DF
743600;04/01/2026;domingo;12:20:00;BA;242;749,6;CRISTOPOLIS;Acessar a via sem observar a presença dos outros veículos;Colisão transversal;Com Vítimas Feridas;Pleno dia;Decrescente;Céu Claro;Simples;Reta;Não;3;0;1;0;1;2;0;2;-12,22538847;-44,43088889;SPRF-BA;DEL10/BA;UOP01-DEL10-BA
743601;04/01/2026;domingo;13:20:00;RS;158;265;JULIO DE CASTILHOS;Acessar a via sem observar a presença dos outros veículos;Colisão transversal;Sem Vítimas;Pleno dia;Crescente;Céu Claro;Simples;Reta;Não;5;0;0;0;0;5;0;2;-29,25408222;-53,66475821;SPRF-RS;DEL09/RS;UOP01-DEL09-RS
743602;04/01/2026;domingo;12:30:00;GO;70;312;JUSSARA;Acessar a via sem observar a presença dos outros veículos;Colisão transversal;Com Vítimas Feridas;Pleno dia;Crescente;Nublado;Dupla;"Reta;Interseção de Vias";Sim;4;0;0;1;1;3;0;2;-15,8739;-50,85823327;SPRF-GO;DEL04/GO;UOP02-DEL04-GO
743603;04/01/2026;domingo;13:40:00;MG;40;662;CARANDAI;Retorno proibido;Colisão transversal;Com Vítimas Feridas;Pleno dia;Decrescente;Chuva;Simples;Curva;Não;4;0;2;0;2;2;0;2;-20,91670004;-43,82510448;SPRF-MG;DEL05/MG;UOP02-DEL05-MG
743604;04/01/2026;domingo;13:30:00;PE;101;70;RECIFE;Acesso irregular;Colisão transversal;Com Vítimas Fatais;Pleno dia;Decrescente;Céu Claro;Dupla;Reta;Sim;5;1;0;0;0;4;0;2;-8,0719701;-34,9389178;SPRF-PE;DEL01/PE;UOP01-DEL01-PE
743605;04/01/2026;domingo;12:45:00;RJ;101;263;RIO BONITO;Ausência de reação do condutor;Colisão traseira;Com Vítimas Feridas;Pleno dia;Crescente;Chuva;Dupla;Reta;Sim;4;0;2;0;2;2;0;2;-22,71835898;-42,63146996;SPRF-RJ;DEL02/RJ;UOP03-DEL02-RJ
743606;04/01/2026;domingo;12:24:00;MG;40;645,5;CRISTIANO OTONI;Condutor Dormindo;Saída de leito carroçável;Com Vítimas Feridas;Pleno dia;Decrescente;Garoa/Chuvisco;Simples;Reta;Não;1;0;1;0;1;0;0;1;-20,79074666;-43,81061766;SPRF-MG;DEL05/MG;UOP02-DEL05-MG
743607;04/01/2026;domingo;11:00:00;GO;70;433;ARAGARCAS;Conversão proibida;Colisão transversal;Com Vítimas Feridas;Pleno dia;Crescente;Nublado;Simples;Aclive;Não;4;0;3;0;3;1;0;2;-15,91048927;-52,12944031;SPRF-GO;DEL04/GO;UOP02-DEL04-GO
743609;04/01/2026;domingo;13:58:00;MG;262;380;MATEUS LEME;Ausência de reação do condutor;Saída de leito carroçável;Com Vítimas Feridas;Pleno dia;Crescente;Chuva;Dupla;Curva;Não;2;0;0;1;1;0;0;2;-19,922821;-44,46528;SPRF-MG;DEL01/MG;UOP03-DEL01-MG
743610;04/01/2026;domingo;13:50:00;SP;116;142,9;SAO JOSE DOS CAMPOS;Reação tardia ou ineficiente do condutor;Colisão lateral mesmo sentido;Com Vítimas Feridas;Pleno dia;Crescente;Nublado;Dupla;Reta;Não;2;0;1;0;1;1;0;2;-23,17143764;-45,82400529;SPRF-SP;DEL02/SP;UOP01-DEL02-SP
743611;04/01/2026;domingo;10:20:00;MG;50;206;DELTA;Velocidade Incompatível;Saída de leito carroçável;Com Vítimas Feridas;Pleno dia;Crescente;Céu Claro;Dupla;"Declive;Curva";Não;1;0;0;1;1;0;0;1;-19,973677;-47,790351;SPRF-MG;DEL13/MG;UOP01-DEL13-MG
743614;04/01/2026;domingo;10:45:00;PR;277;481,8;NOVA LARANJEIRAS;Ingestão de álcool pelo condutor;Saída de leito carroçável;Sem Vítimas;Pleno dia;Decrescente;Céu Claro;Simples;Curva;Não;1;0;0;0;0;1;0;1;-25,28056;-52,58906;SPRF-PR;DEL04/PR;UOP02-DEL04-PR
743615;04/01/2026;domingo;12:30:00;ES;101;5;ICONHA;Demais falhas mecânicas ou elétricas;Incêndio;Sem Vítimas;Pleno dia;Crescente;Nublado;Dupla;Reta;Não;1;0;0;0;0;1;0;1;-20,803588;-40,813829;SPRF-ES;DEL03-ES;UOP02-DEL03-ES
743616;04/01/2026;domingo;14:55:00;SP;116;74;APARECIDA;Manobra de mudança de faixa;Colisão traseira;Com Vítimas Feridas;Pleno dia;Crescente;Nublado;Dupla;Reta;Não;2;0;1;0;1;0;0;2;-22,87339748;-45,25362968;SPRF-SP;DEL08/SP;UOP01-DEL08-SP
743618;04/01/2026;domingo;06:50:00;MG;365;787;ITUIUTABA;Avarias e/ou desgaste excessivo no pneu;Saída de leito carroçável;Com Vítimas Feridas;Pleno dia;Crescente;Céu Claro;Simples;"Ponte;Reta";Não;1;0;1;0;1;0;0;1;-18,94685118;-49,77255106;SPRF-MG;DEL15/MG;UOP03-DEL15-MG
743619;04/01/2026;domingo;14:40:00;MG;381;360;SAO GONCALO DO RIO ABAIXO;Pista Escorregadia;Colisão com objeto;Com Vítimas Feridas;Pleno dia;Decrescente;Chuva;Múltipla;Curva;Não;3;0;1;0;1;2;0;1;-19,85440124;-43,24595118;SPRF-MG;DEL03/MG;UOP01-DEL03-MG
743620;04/01/2026;domingo;14:40:00;GO;20;127;FLORES DE GOIAS;Chuva;Saída de leito carroçável;Com Vítimas Feridas;Pleno dia;Decrescente;Chuva;Simples;Reta;Não;2;0;1;0;1;0;0;1;-14,848508;-46,761741;SPRF-DF;DEL02-DF;UOP03-DEL02-DF
743621;04/01/2026;domingo;15:00:00;MG;381;646,8;SANTO ANTONIO DO AMPARO;Reação tardia ou ineficiente do condutor;Colisão com objeto;Com Vítimas Feridas;Pleno dia;Decrescente;Nublado;Dupla;Curva;Não;2;0;1;0;1;1;0;1;-20,948775;-44,884894;SPRF-MG;DEL04/MG;UOP02-DEL04-MG
743622;04/01/2026;domingo;14:30:00;AL;101;165;CAMPO ALEGRE;Condutor Dormindo;Saída de leito carroçável;Com Vítimas Feridas;Pleno dia;Crescente;Céu Claro;Dupla;Reta;Não;4;0;3;1;4;0;0;1;-9,90025;-36,26695;SPRF-AL;DEL02-AL;UOP02-DEL02-AL
743623;03/01/2026;sábado;04:00:00;MA;402;131;PRIMEIRA CRUZ;Reação tardia ou ineficiente do condutor;Saída de leito carroçável;Com Vítimas Feridas;Pleno dia;Decrescente;Céu Claro;Simples;Reta;Não;1;0;1;0;1;0;0;1;-2,78878;-43,30933;SPRF-MA;DEL01-MA;UOP01-DEL01-MA
743624;04/01/2026;domingo;13:50:00;MG;381;592,7;CARMOPOLIS DE MINAS;Ausência de reação do condutor;Saída de leito carroçável;Com Vítimas Feridas;Pleno dia;Decrescente;Nublado;Dupla;Curva;Não;1;0;1;0;1;0;0;1;-20,56180446;-44,66469884;SPRF-MG;DEL04/MG;UOP01-DEL04-MG
743625;04/01/2026;domingo;13:45:00;MA;226;0,9;TIMON;Conversão proibida;Colisão transversal;Com Vítimas Feridas;Pleno dia;Crescente;Céu Claro;Dupla;Reta;Sim;2;0;1;0;1;1;0;2;-5,132985;-42,823265;SPRF-MA;DEL03-MA;UOP02-DEL03-MA
743626;04/01/2026;domingo;14:00:00;MS;163;629;SAO GABRIEL DO OESTE;Demais falhas mecânicas ou elétricas;Incêndio;Sem Vítimas;Pleno dia;Crescente;Céu Claro;Dupla;Reta;Não;2;0;0;0;0;2;0;1;-19,291765;-54,637185;SPRF-MS;DEL06/MS;UOP02-DEL06-MS
743627;04/01/2026;domingo;14:00:00;BA;324;590;CANDEIAS;Ausência de reação do condutor;Capotamento;Com Vítimas Feridas;Pleno dia;Decrescente;Céu Claro;Dupla;Reta;Não;4;0;1;0;1;3;0;1;-12,681897;-38,466992;SPRF-BA;DEL01/BA;UOP01-DEL01-BA
743628;04/01/2026;domingo;14:55:00;MG;116;584,2;MANHUACU;Acumulo de água sobre o pavimento;Colisão frontal;Com Vítimas Feridas;Pleno dia;Decrescente;Chuva;Simples;"Declive;Curva";Não;9;0;2;1;3;6;0;3;-20,223526;-42,178886;SPRF-MG;DEL06/MG;UOP03-DEL06-MG
743630;04/01/2026;domingo;15:50:00;SC;101;131;BALNEARIO CAMBORIU;Avarias e/ou desgaste excessivo no pneu;Tombamento;Com Vítimas Feridas;Pleno dia;Decrescente;Nublado;Dupla;Reta;Sim;2;0;2;0;2;0;0;1;-26,98887641;-48,66430211;SPRF-SC;DEL04/SC;UOP03-DEL04-SC
743631;04/01/2026;domingo;15:55:00;PR;277;641,8;CEU AZUL;Reação tardia ou ineficiente do condutor;Queda de ocupante de veículo;Com Vítimas Feridas;Pleno dia;Crescente;Céu Claro;Simples;Reta;Não;2;0;1;1;2;0;0;1;-25,16979185;-53,8591741;SPRF-PR;DEL05/PR;UOP02-DEL05-PR
743632;04/01/2026;domingo;14:00:00;RJ;116;308,1;RESENDE;Reação tardia ou ineficiente do condutor;Colisão com objeto;Com Vítimas Feridas;Pleno dia;Crescente;Céu Claro;Simples;Reta;Não;5;0;3;0;3;2;0;1;-22,45775616;-44,42039835;SPRF-RJ;DEL07/RJ;UOP02-DEL07-RJ
743633;04/01/2026;domingo;15:50:00;GO;50;221;CAMPO ALEGRE DE GOIAS;Chuva;Saída de leito carroçável;Sem Vítimas;Pleno dia;Decrescente;Chuva;Dupla;Curva;Não;1;0;0;0;0;1;0;1;-17,731892;-47,727232;SPRF-GO;DEL06/GO;UOP01-DEL06-GO
743635;04/01/2026;domingo;09:15:00;RJ;116;102;GUAPIMIRIM;Velocidade Incompatível;Colisão frontal;Com Vítimas Feridas;Pleno dia;Decrescente;Nublado;Simples;Curva;Não;3;0;0;1;1;2;0;3;-22,48583364;-43,00061703;SPRF-RJ;DEL04/RJ;UOP01-DEL04-RJ
743636;04/01/2026;domingo;14:45:00;SC;116;221;CORREIA PINTO;Ingestão de álcool pelo condutor;Colisão traseira;Sem Vítimas;Pleno dia;Crescente;Céu Claro;Simples;Rotatória;Sim;2;0;0;0;0;2;0;2;-27,58044899;-50,36816088;SPRF-SC;DEL05/SC;UOP03-DEL05-SC
743640;04/01/2026;domingo;16:00:00;MG;381;589;CARMOPOLIS DE MINAS;Ausência de reação do condutor;Capotamento;Sem Vítimas;Pleno dia;Decrescente;Nublado;Dupla;Reta;Sim;1;0;0;0;0;0;1;1;-20,54143115;-44,64379907;SPRF-MG;DEL04/MG;UOP01-DEL04-MG
743642;04/01/2026;domingo;11:00:00;RJ;40;111;DUQUE DE CAXIAS;Ausência de reação do condutor;Queda de ocupante de veículo;Com Vítimas Feridas;Pleno dia;Decrescente;Garoa/Chuvisco;Dupla;Reta;Sim;1;0;1;0;1;0;0;1;-22,69472771;-43,28795348;SPRF-RJ;DEL01/RJ;UOP02-DEL01-RJ
743643;04/01/2026;domingo;08:30:00;BA;349;1023;CORRENTINA;Ausência de reação do condutor;Saída de leito carroçável;Com Vítimas Feridas;Pleno dia;Crescente;Céu Claro;Simples;Reta;Não;3;0;3;0;3;0;0;1;-13,625032;-45,370846;SPRF-BA;DEL10/BA;UOP02-DEL10-BA
743644;04/01/2026;domingo;17:00:00;RS;290;15,2;SANTO ANTONIO DA PATRULHA;Manobra de mudança de faixa;Colisão lateral mesmo sentido;Com Vítimas Feridas;Pleno dia;Crescente;Céu Claro;Dupla;Reta;Não;3;0;1;0;1;2;0;2;-29,87092036;-50,41714087;SPRF-RS;DEL03/RS;UOP01-DEL03-RS
743645;04/01/2026;domingo;16:00:00;RO;364;197,8;PIMENTA BUENO;Reação tardia ou ineficiente do condutor;Colisão com objeto;Com Vítimas Feridas;Pleno dia;Decrescente;Céu Claro;Simples;"Interseção de Vias;Reta";Sim;1;0;1;0;1;0;0;1;-11,672328;-61,190977;SPRF-RO;DEL02-RO;UOP02-DEL02-RO
743646;04/01/2026;domingo;16:18:00;RS;470;240;BARAO;Ingestão de álcool pelo condutor;Colisão frontal;Com Vítimas Feridas;Pleno dia;Crescente;Céu Claro;Simples;Curva;Não;2;0;0;1;1;1;0;2;-29,354214;-51,514828;SPRF-RS;DEL06/RS;UOP01-DEL06-RS
743647;04/01/2026;domingo;16:43:00;PR;376;637,7;TIJUCAS DO SUL;Reação tardia ou ineficiente do condutor;Engavetamento;Com Vítimas Feridas;Pleno dia;Decrescente;Céu Claro;Dupla;Aclive;Não;23;0;1;0;1;22;0;5;-25,76928631;-49,12300587;SPRF-PR;DEL01/PR;UOP04-DEL01-PR
743648;04/01/2026;domingo;16:30:00;SC;470;79;RODEIO;Reação tardia ou ineficiente do condutor;Colisão lateral mesmo sentido;Com Vítimas Feridas;Pleno dia;Crescente;Céu Claro;Simples;Reta;Não;2;0;1;0;1;1;0;2;-26,9513521;-49,3033083;SPRF-SC;DEL04/SC;UOP01-DEL04-SC
743649;04/01/2026;domingo;16:10:00;MS;163;653;RIO VERDE DE MATO GROSSO;Avarias e/ou desgaste excessivo no pneu;Tombamento;Com Vítimas Feridas;Pleno dia;Crescente;Sol;Dupla;Reta;Não;2;0;2;0;2;0;0;1;-19,125162;-54,755582;SPRF-MS;DEL06/MS;UOP02-DEL06-MS
743650;04/01/2026;domingo;12:30:00;RJ;356;113;CARDOSO MOREIRA;Transitar no Acostamento;Queda de ocupante de veículo;Com Vítimas Feridas;Pleno dia;Crescente;Chuva;Simples;Curva;Não;2;0;1;0;1;1;0;1;-21,585814;-41,440291;SPRF-RJ;DEL08/RJ;UOP03-DEL08-RJ
743651;04/01/2026;domingo;16:40:00;SC;101;54,8;JOINVILLE;Avarias e/ou desgaste excessivo no pneu;Colisão com objeto;Com Vítimas Feridas;Pleno dia;Decrescente;Céu Claro;Dupla;"Curva;Declive";Não;4;0;2;0;2;2;0;1;-26,41564991;-48,83499496;SPRF-SC;DEL03/SC;UOP01-DEL03-SC
743652;04/01/2026;domingo;16:40:00;RS;392;26;RIO GRANDE;Animais na Pista;Queda de ocupante de veículo;Com Vítimas Feridas;Pleno dia;Crescente;Céu Claro;Dupla;Reta;Sim;1;0;0;1;1;0;0;1;-32,0796656;-52,25509644;SPRF-RS;DEL07/RS;UOP02-DEL07-RS
743653;04/01/2026;domingo;17:00:00;RN;101;44;CEARA-MIRIM;Desrespeitar a preferência no cruzamento;Colisão transversal;Com Vítimas Feridas;Pleno dia;Crescente;Sol;Simples;"Interseção de Vias;Reta";Não;3;0;3;0;3;0;0;2;-5,48321745;-35,32475844;SPRF-RN;DEL02-RN;UOP01-DEL02-RN
743654;04/01/2026;domingo;16:00:00;MG;381;420;CAETE;Condutor deixou de manter distância do veículo da frente;Colisão traseira;Com Vítimas Feridas;Pleno dia;Crescente;Garoa/Chuvisco;Dupla;Curva;Não;5;0;3;0;3;2;0;2;-19,7889278;-43,67213414;SPRF-MG;DEL01/MG;UOP01-DEL01-MG
743655;04/01/2026;domingo;16:35:00;GO;50;173;CAMPO ALEGRE DE GOIAS;Ausência de reação do condutor;Saída de leito carroçável;Com Vítimas Feridas;Pleno dia;Crescente;Garoa/Chuvisco;Dupla;Reta;Não;1;0;0;1;1;0;0;1;-17,356452;-47,78991;SPRF-GO;DEL06/GO;UOP01-DEL06-GO
743656;04/01/2026;domingo;09:00:00;BA;324;583;CANDEIAS;Ausência de reação do condutor;Colisão traseira;Com Vítimas Feridas;Pleno dia;Crescente;Céu Claro;Múltipla;Curva;Não;2;0;1;0;1;1;0;2;-12,626515;-38,480708;SPRF-BA;DEL01/BA;UOP01-DEL01-BA
743657;04/01/2026;domingo;16:00:00;PB;230;100;GURINHEM;Reação tardia ou ineficiente do condutor;Colisão traseira;Sem Vítimas;Pleno dia;Crescente;Céu Claro;Dupla;Reta;Não;3;0;0;0;0;3;0;2;-7,199275;-35,492848;SPRF-PB;DEL01-PB;UOP02-DEL01-PB
743658;04/01/2026;domingo;17:08:00;MG;116;94,9;MEDINA;Ausência de reação do condutor;Saída de leito carroçável;Com Vítimas Feridas;Pleno dia;Decrescente;Garoa/Chuvisco;Simples;Curva;Não;4;0;1;0;1;3;0;1;-16,39024;-41,47286;SPRF-MG;DEL11/MG;UOP02-DEL11-MG
743659;04/01/2026;domingo;15:10:00;RJ;101;434;MANGARATIBA;Avarias e/ou desgaste excessivo no pneu;Colisão frontal;Com Vítimas Feridas;Pleno dia;Crescente;Chuva;Simples;"Declive;Curva";Sim;7;0;0;5;5;2;0;2;-22,9374186;-44,04697895;SPRF-RJ;DEL03/RJ;UOP02-DEL03-RJ
743660;04/01/2026;domingo;17:40:00;ES;101;6,9;SERRA;Acessar a via sem observar a presença dos outros veículos;Colisão traseira;Com Vítimas Feridas;Anoitecer;Crescente;Céu Claro;Dupla;"Rotatória;Reta";Não;4;0;1;1;2;1;0;3;-20,1161645;-40,34342402;SPRF-ES;DEL02-ES;UOP01-DEL02-ES
743662;04/01/2026;domingo;16:30:00;BA;324;531;FEIRA DE SANTANA;Chuva;Queda de ocupante de veículo;Com Vítimas Feridas;Pleno dia;Decrescente;Chuva;Dupla;Reta;Não;1;0;1;0;1;0;0;1;-12,33899566;-38,84593964;SPRF-BA;DEL11/BA;UOP02-DEL11-BA
743663;04/01/2026;domingo;16:35:00;MT;70;379;CAMPO VERDE;Reação tardia ou ineficiente do condutor;Colisão traseira;Sem Vítimas;Pleno dia;Crescente;Céu Claro;Simples;Reta;Sim;2;0;0;0;0;2;0;2;-15,560657;-55,172687;SPRF-MT;DEL05/MT;UOP02-DEL05-MT
743664;04/01/2026;domingo;17:20:00;PR;116;83;PIRAQUARA;Ingestão de álcool pelo condutor;Saída de leito carroçável;Com Vítimas Feridas;Pleno dia;Crescente;Céu Claro;Dupla;Curva;Não;2;0;2;0;2;0;0;1;-25,439375;-49,092015;SPRF-PR;DEL01/PR;UOP02-DEL01-PR
743665;04/01/2026;domingo;17:50:00;MG;381;479,8;CONTAGEM;Ausência de reação do condutor;Colisão traseira;Com Vítimas Feridas;Pleno dia;Crescente;Nublado;Dupla;"Reta;Aclive";Sim;3;0;2;1;3;0;0;2;-19,962285;-44,04979;SPRF-MG;DEL01/MG;UOP03-DEL01-MG
743666;04/01/2026;domingo;16:00:00;PR;116;18,8;COLOMBO;Ingestão de álcool pelo condutor;Colisão lateral mesmo sentido;Sem Vítimas;Pleno dia;Crescente;Céu Claro;Dupla;Reta;Sim;2;0;0;0;0;2;0;2;-25,3872247;-49,17747617;SPRF-PR;DEL01/PR;UOP02-DEL01-PR
743668;04/01/2026;domingo;16:50:00;GO;20;110,8;FLORES DE GOIAS;Ausência de reação do condutor;Engavetamento;Com Vítimas Feridas;Pleno dia;Decrescente;Nublado;Simples;Reta;Não;4;0;1;0;1;3;0;3;-14,899636;-46,906447;SPRF-DF;DEL02-DF;UOP03-DEL02-DF
743669;04/01/2026;domingo;12:00:00;MT;163;873;SINOP;Avarias e/ou desgaste excessivo no pneu;Saída de leito carroçável;Com Vítimas Feridas;Pleno dia;Crescente;Chuva;Simples;"Curva;Declive";Não;3;0;2;0;2;1;0;1;-11,54116858;-55,39349556;SPRF-MT;DEL06/MT;UOP02-DEL06-MT