id;data_inversa;dia_semana;horario;uf;br;km;municipio;causa_acidente;tipo_acidente;classificacao_acidente;fase_dia;sentido_via;condicao_metereologica;tipo_pista;tracado_via;uso_solo;pessoas;mortos;feridos_leves;feridos_graves;feridos;ilesos;ignorados;veiculos;latitude;longitude;regional;delegacia;uop
744429;08/01/2026;quinta-feira;16:05:00;RS;290;33;SANTO ANTONIO DA PATRULHA;Avarias e/ou desgaste excessivo no pneu;Saída de leito carroçável;Sem Vítimas;Pleno dia;Decrescente;Céu Claro;Dupla;Reta;Não;1;0;0;0;0;1;0;1;-29,885496;-50,580911;SPRF-RS;DEL03/RS;UOP01-DEL03-RS
744431;08/01/2026;quinta-feira;15:30:00;SC;470;4;NAVEGANTES;Reação tardia ou ineficiente do condutor;Colisão traseira;Com Vítimas Feridas;Pleno dia;Crescente;Chuva;Múltipla;"Viaduto;Retorno Regulamentado";Sim;2;0;1;0;1;1;0;2;-26,85859699;-48,68939996;SPRF-SC;DEL04/SC;UOP04-DEL04-SC
744432;08/01/2026;quinta-feira;16:20:00;SC;101;31;SAO JOSE;Chuva;Queda de ocupante de veículo;Com Vítimas Feridas;Pleno dia;Decrescente;Garoa/Chuvisco;Múltipla;Rotatória;Não;1;0;1;0;1;0;0;1;-27,58632148;-48,69520426;SPRF-SC;DEL01/SC;UOP02-DEL01-SC
744433;08/01/2026;quinta-feira;12:30:00;AP;156;463;PRACUUBA;Avarias e/ou desgaste excessivo no pneu;Saída de leito carroçável;Com Vítimas Feridas;Pleno dia;Decrescente;Céu Claro;Simples;Reta;Não;7;0;4;1;5;1;0;2;1,59950457;-50,90686798;SPRF-AP;DEL01-AP;UOP02-DEL01-AP
744435;08/01/2026;quinta-feira;16:30:00;RJ;101;328;NITEROI;Condutor deixou de manter distância do veículo da frente;Colisão traseira;Sem Vítimas;Pleno dia;Decrescente;Céu Claro;Dupla;Reta;Sim;2;0;0;0;0;2;0;2;-22,86984866;-43,17054033;SPRF-RJ;DEL02/RJ;UOP01-DEL02-RJ
744437;08/01/2026;quinta-feira;16:50:00;PE;408;98;RECIFE;Acumulo de óleo sobre o pavimento;Queda de ocupante de veículo;Com Vítimas Feridas;Anoitecer;Decrescente;Céu Claro;Simples;Curva;Sim;2;0;2;0;2;0;0;1;-8,06770666;-34,99006333;SPRF-PE;DEL01/PE;UOP01-DEL01-PE
744441;08/01/2026;quinta-feira;13:50:00;BA;242;678;MUQUEM DE SAO FRANCISCO;Reação tardia ou ineficiente do condutor;Colisão lateral sentido oposto;Com Vítimas Feridas;Pleno dia;Crescente;Céu Claro;Simples;Reta;Não;4;0;1;0;1;3;0;2;-12,21084;-43,79081;SPRF-BA;DEL10/BA;UOP01-DEL10-BA
744442;08/01/2026;quinta-feira;15:06:00;AL;101;180;JUNQUEIRO;Acumulo de água sobre o pavimento;Saída de leito carroçável;Com Vítimas Feridas;Pleno dia;Crescente;Chuva;Dupla;Curva;Não;5;0;2;0;2;0;0;1;-9,88847;-36,40198;SPRF-AL;DEL02-AL;UOP02-DEL02-AL
744443;08/01/2026;quinta-feira;17:20:00;SP;116;51,2;LORENA;Avarias e/ou desgaste excessivo no pneu;Tombamento;Com Vítimas Feridas;Pleno dia;Decrescente;Sol;Dupla;Reta;Não;2;0;2;0;2;0;0;1;-22,7426496;-45,0934644;SPRF-SP;DEL08/SP;UOP02-DEL08-SP
744446;08/01/2026;quinta-feira;13:40:00;MT;163;109;RONDONOPOLIS;Ingestão de álcool pelo condutor;Colisão com objeto;Sem Vítimas;Pleno dia;Decrescente;Céu Claro;Dupla;"Declive;Reta";Não;1;0;0;0;0;1;0;1;-16,5707;-54,6839;SPRF-MT;DEL02/MT;UOP01-DEL02-MT
744448;08/01/2026;quinta-feira;18:00:00;SP;116;154,3;SAO JOSE DOS CAMPOS;Reação tardia ou ineficiente do condutor;Colisão lateral mesmo sentido;Com Vítimas Feridas;Anoitecer;Crescente;Nublado;Dupla;Reta;Sim;3;0;2;0;2;1;0;2;-23,24516831;-45,92784047;SPRF-SP;DEL02/SP;UOP01-DEL02-SP
744449;08/01/2026;quinta-feira;18:00:00;PR;376;599,5;CURITIBA;Ausência de reação do condutor;Colisão traseira;Com Vítimas Feridas;Pleno dia;Crescente;Céu Claro;Dupla;"Declive;Reta";Sim;2;0;1;0;1;1;0;2;-25,49946746;-49,34235541;SPRF-PR;DEL01/PR;UOP03-DEL01-PR
744450;08/01/2026;quinta-feira;17:40:00;RO;364;693;CANDEIAS DO JAMARI;Retorno proibido;Colisão lateral mesmo sentido;Com Vítimas Feridas;Anoitecer;Decrescente;Céu Claro;Simples;Reta;Sim;3;0;2;0;2;1;0;2;-8,79789098;-63,71291248;SPRF-RO;DEL01-RO;UOP01-DEL01-RO
744451;08/01/2026;quinta-feira;18:40:00;BA;116;631;JAGUAQUARA;Acesso irregular;Colisão transversal;Com Vítimas Feridas;Plena Noite;Crescente;Céu Claro;Simples;Reta;Não;2;0;1;0;1;0;0;2;-13,509722;-40,05495363;SPRF-BA;DEL03/BA;UOP01-DEL03-BA
744453;08/01/2026;quinta-feira;17:13:00;MT;70;416;CAMPO VERDE;Chuva;Saída de leito carroçável;Com Vítimas Feridas;Anoitecer;Decrescente;Chuva;Simples;Reta;Não;2;0;2;0;2;0;0;1;-15,70601026;-55,3326416;SPRF-MT;DEL05/MT;UOP02-DEL05-MT
744454;08/01/2026;quinta-feira;19:40:00;SC;101;207,2;SAO JOSE;Acessar a via sem observar a presença dos outros veículos;Colisão lateral mesmo sentido;Com Vítimas Feridas;Plena Noite;Decrescente;Céu Claro;Múltipla;"Reta;Interseção de Vias";Sim;3;0;1;0;1;1;0;3;-27,60224;-48,62955;SPRF-SC;DEL01/SC;UOP01-DEL01-SC
744455;08/01/2026;quinta-feira;18:45:00;PB;361;23;SANTA TERESINHA;Ingestão de álcool pelo condutor;Tombamento;Com Vítimas Feridas;Plena Noite;Decrescente;Céu Claro;Simples;Reta;Sim;2;0;1;1;2;0;0;1;-7,085058;-37,45005;SPRF-PB;DEL03-PB;UOP01-DEL03-PB
744457;08/01/2026;quinta-feira;14:15:00;BA;101;686,4;ITAGIMIRIM;Demais falhas mecânicas ou elétricas;Tombamento;Com Vítimas Feridas;Pleno dia;Crescente;Nublado;Simples;Reta;Não;2;0;1;1;2;0;0;1;-16,136903;-39,601195;SPRF-BA;DEL09/BA;UOP03-DEL09-BA
744458;08/01/2026;quinta-feira;17:10:00;SC;280;20,6;ARAQUARI;Acessar a via sem observar a presença dos outros veículos;Colisão transversal;Com Vítimas Feridas;Pleno dia;Decrescente;Nublado;Simples;"Interseção de Vias;Reta";Não;3;0;2;0;2;1;0;2;-26,370384;-48,688491;SPRF-SC;DEL03/SC;UOP03-DEL03-SC
744460;08/01/2026;quinta-feira;20:10:00;MG;40;544,2;NOVA LIMA;Demais falhas mecânicas ou elétricas;Incêndio;Sem Vítimas;Plena Noite;Decrescente;Céu Claro;Dupla;Reta;Sim;1;0;0;0;0;1;0;1;-20,003533;-43,964678;SPRF-MG;DEL01/MG;UOP02-DEL01-MG
744461;08/01/2026;quinta-feira;18:35:00;PR;153;487;GENERAL CARNEIRO;Desrespeitar a preferência no cruzamento;Colisão transversal;Com Vítimas Feridas;Pleno dia;Decrescente;Nublado;Simples;"Reta;Interseção de Vias";Não;3;0;2;0;2;1;0;2;-26,4160859;-51,29653931;SPRF-PR;DEL02/PR;UOP03-DEL02-PR
744462;08/01/2026;quinta-feira;19:30:00;PR;376;490;PONTA GROSSA;Pedestre andava na pista;Atropelamento de Pedestre;Com Vítimas Fatais;Plena Noite;Crescente;Nublado;Dupla;"Declive;Reta";Não;3;1;0;1;1;1;0;3;-25,144554;-50,153655;SPRF-PR;DEL03/PR;UOP03-DEL03-PR
744464;08/01/2026;quinta-feira;20:00:00;SP;116;446;REGISTRO;Reação tardia ou ineficiente do condutor;Tombamento;Com Vítimas Feridas;Plena Noite;Crescente;Chuva;Dupla;"Reta;Retorno Regulamentado";Sim;1;0;1;0;1;0;0;1;-24,50681527;-47,8488369;SPRF-SP;DEL05/SP;UOP01-DEL05-SP
744465;08/01/2026;quinta-feira;21:00:00;SC;101;124;ITAJAI;Trafegar com motocicleta (ou similar) entre as faixas;Tombamento;Com Vítimas Feridas;Plena Noite;Crescente;Nublado;Múltipla;"Declive;Reta";Sim;2;0;2;0;2;0;0;1;-26,9390615;-48,69631004;SPRF-SC;DEL04/SC;UOP04-DEL04-SC
744467;08/01/2026;quinta-feira;19:00:00;SC;101;101;BALNEARIO PICARRAS;Ingestão de álcool pelo condutor;Colisão traseira;Sem Vítimas;Anoitecer;Crescente;Nublado;Múltipla;"Declive;Reta";Sim;2;0;0;0;0;2;0;2;-26,76845591;-48,68587939;SPRF-SC;DEL03/SC;UOP02-DEL03-SC
744469;08/01/2026;quinta-feira;21:05:00;BA;324;610;SIMOES FILHO;Reação tardia ou ineficiente do condutor;Tombamento;Com Vítimas Feridas;Plena Noite;Crescente;Céu Claro;Dupla;Reta;Não;1;0;1;0;1;0;0;1;-12,840407;-38,415163;SPRF-BA;DEL01/BA;UOP01-DEL01-BA
744470;08/01/2026;quinta-feira;21:15:00;RS;116;242;SAO LEOPOLDO;Acessar a via sem observar a presença dos outros veículos;Colisão transversal;Com Vítimas Feridas;Plena Noite;Crescente;Céu Claro;Múltipla;Reta;Sim;3;0;1;0;1;2;0;2;-29,72317985;-51,14897339;SPRF-RS;DEL01/RS;UOP02-DEL01-RS
744471;08/01/2026;quinta-feira;20:55:00;PR;376;3,5;SAO JOSE DOS PINHAIS;Acessar a via sem observar a presença dos outros veículos;Colisão transversal;Com Vítimas Feridas;Plena Noite;Decrescente;Nublado;Dupla;Reta;Sim;5;0;1;0;1;4;0;2;-25,540042;-49,191672;SPRF-PR;DEL01/PR;UOP04-DEL01-PR
744475;08/01/2026;quinta-feira;09:20:00;RJ;101;320;NITEROI;Manobra de mudança de faixa;Colisão lateral mesmo sentido;Com Vítimas Feridas;Plena Noite;Crescente;Céu Claro;Dupla;Curva;Sim;3;0;2;0;2;1;0;2;-22,86947301;-43,11053395;SPRF-RJ;DEL02/RJ;UOP01-DEL02-RJ
744476;08/01/2026;quinta-feira;19:25:00;RJ;101;328;RIO DE JANEIRO;Demais falhas mecânicas ou elétricas;Incêndio;Sem Vítimas;Plena Noite;Decrescente;Céu Claro;Múltipla;Reta;Sim;1;0;0;0;0;1;0;1;-22,87143032;-43,16047668;SPRF-RJ;DEL02/RJ;UOP01-DEL02-RJ
744477;08/01/2026;quinta-feira;18:00:00;RO;174;14;VILHENA;Acessar a via sem observar a presença dos outros veículos;Colisão transversal;Com Vítimas Feridas;Pleno dia;Crescente;Céu Claro;Dupla;Interseção de Vias;Sim;3;0;1;0;1;2;0;2;-12,73087162;-60,12953488;SPRF-RO;DEL04-RO;UOP01-DEL04-RO
744478;08/01/2026;quinta-feira;19:50:00;MT;174;87;CACERES;Demais falhas na via;Capotamento;Com Vítimas Feridas;Plena Noite;Decrescente;Céu Claro;Simples;"Rotatória;Reta";Não;3;0;0;2;2;1;0;1;-16,011915;-57,739677;SPRF-MT;DEL03/MT;UOP01-DEL03-MT
744479;08/01/2026;quinta-feira;14:00:00;MT;174;496;COMODORO;Chuva;Tombamento;Com Vítimas Feridas;Pleno dia;Crescente;Chuva;Simples;Reta;Não;2;0;1;0;1;1;0;1;-13,5583;-59,8112;SPRF-MT;DEL04/MT;UOP02-DEL04-MT
744480;08/01/2026;quinta-feira;17:30:00;SC;282;29,7;SANTO AMARO DA IMPERATRIZ;Acesso irregular;Colisão transversal;Com Vítimas Feridas;Pleno dia;Crescente;Céu Claro;Simples;Reta;Sim;2;0;0;1;1;1;0;2;-27,68579397;-48,78886163;SPRF-SC;DEL01/SC;UOP03-DEL01-SC
744481;08/01/2026;quinta-feira;19:30:00;SC;282;115;ALFREDO WAGNER;Ultrapassagem Indevida;Colisão frontal;Com Vítimas Feridas;Plena Noite;Crescente;Nublado;Simples;Reta;Não;4;0;0;4;4;0;0;2;-27,76337342;-49,40068692;SPRF-SC;DEL01/SC;UOP03-DEL01-SC
744482;08/01/2026;quinta-feira;21:55:00;SC;101;207,5;SAO JOSE;Ausência de reação do condutor;Colisão traseira;Sem Vítimas;Plena Noite;Crescente;Céu Claro;Dupla;Aclive;Sim;2;0;0;0;0;2;0;2;-27,601531;-48,626097;SPRF-SC;DEL01/SC;UOP01-DEL01-SC
744483;08/01/2026;quinta-feira;22:00:00;SC;282;1,8;FLORIANOPOLIS;Velocidade Incompatível;Colisão com objeto;Com Vítimas Feridas;Plena Noite;Crescente;Céu Claro;Múltipla;Reta;Sim;1;0;1;0;1;0;0;1;-27,60309859;-48,58881561;SPRF-SC;DEL01/SC;UOP01-DEL01-SC
744484;08/01/2026;quinta-feira;21:30:00;BA;324;393;GAVIAO;Manobra de mudança de faixa;Colisão frontal;Com Vítimas Feridas;Plena Noite;Decrescente;Céu Claro;Simples;Reta;Não;4;0;1;0;1;3;0;2;-11,535316;-39,705583;SPRF-BA;DEL04/BA;UOP02-DEL04-BA
744487;09/01/2026;sexta-feira;00:08:00;RS;448;19;CANOAS;Reação tardia ou ineficiente do condutor;Saída de leito carroçável;Com Vítimas Fatais;Plena Noite;Crescente;Nublado;Múltipla;Reta;Não;1;1;0;0;0;0;0;1;-29,948181;-51,203913;SPRF-RS;DEL01/RS;UOP01-DEL01-RS
744493;09/01/2026;sexta-feira;01:05:00;PR;277;77;SAO JOSE DOS PINHAIS;Transitar no Acostamento;Colisão traseira;Com Vítimas Feridas;Plena Noite;Crescente;Nublado;Dupla;Reta;Não;3;0;2;0;2;0;0;2;-25,485613;-49,185958;SPRF-PR;DEL01/PR;UOP08-DEL01-PR
744496;09/01/2026;sexta-feira;00:20:00;MG;116;502,9;INHAPIM;Ultrapassagem Indevida;Colisão lateral sentido oposto;Com Vítimas Feridas;Plena Noite;Crescente;Céu Claro;Simples;Curva;Não;6;0;1;0;1;5;0;2;-19,58989065;-42,11161137;SPRF-MG;DEL06/MG;UOP02-DEL06-MG
744497;09/01/2026;sexta-feira;01:20:00;PI;407;426;GEMINIANO;Ausência de reação do condutor;Saída de leito carroçável;Com Vítimas Feridas;Plena Noite;Decrescente;Nublado;Simples;Curva;Não;1;0;1;0;1;0;0;1;-7,130376;-41,388845;SPRF-PI;DEL04-PI;UOP01-DEL04-PI
744498;09/01/2026;sexta-feira;00:35:00;SC;282;506,7;XANXERE;Ingestão de álcool pelo condutor;Saída de leito carroçável;Com Vítimas Feridas;Plena Noite;Crescente;Céu Claro;Múltipla;"Declive;Retorno Regulamentado";Sim;1;0;1;0;1;0;0;1;-26,884964;-52,433994;SPRF-SC;DEL07/SC;UOP01-DEL07-SC
744500;09/01/2026;sexta-feira;04:15:00;SC;480;131;CHAPECO;Transitar na contramão;Colisão frontal;Com Vítimas Feridas;Plena Noite;Crescente;Céu Claro;Simples;"Aclive;Reta";Não;2;0;0;1;1;1;0;2;-27,0615281;-52,6362696;SPRF-SC;DEL07/SC;UOP01-DEL07-SC
744501;09/01/2026;sexta-feira;02:30:00;RS;472;416,8;SAO BORJA;Animais na Pista;Atropelamento de Animal;Com Vítimas Feridas;Plena Noite;Crescente;Nublado;Simples;Reta;Não;2;0;1;0;1;1;0;1;-28,75742633;-56,03610992;SPRF-RS;DEL12/RS;UOP01-DEL12-RS
744503;09/01/2026;sexta-feira;02:55:00;MT;70;515;VARZEA GRANDE;Acessar a via sem observar a presença dos outros veículos;Saída de leito carroçável;Com Vítimas Feridas;Plena Noite;Decrescente;Chuva;Simples;Reta;Sim;1;0;0;1;1;0;0;1;-15,7060555;-56,1448868;SPRF-MT;DEL01/MT;UOP02-DEL01-MT
744504;09/01/2026;sexta-feira;02:50:00;PE;232;299,4;SERTANIA;Animais na Pista;Atropelamento de Animal;Com Vítimas Feridas;Plena Noite;Decrescente;Nublado;Simples;Reta;Não;2;0;2;0;2;0;0;1;-8,231845;-37,412532;SPRF-PE;DEL04/PE;UOP02-DEL04-PE
744508;09/01/2026;sexta-feira;05:01:00;MT;163;691;LUCAS DO RIO VERDE;Animais na Pista;Atropelamento de Animal;Sem Vítimas;Amanhecer;Crescente;Nublado;Simples;Curva;Não;5;0;0;0;0;5;0;1;-13,04796167;-55,90550167;SPRF-MT;DEL06/MT;UOP01-DEL06-MT
744509;08/01/2026;quinta-feira;23:48:00;MS;163;685;RIO VERDE DE MATO GROSSO;Ausência de reação do condutor;Atropelamento de Animal;Com Vítimas Feridas;Plena Noite;Crescente;Ignorado;Simples;Reta;Não;1;0;1;0;1;0;0;1;-18,87237821;-54,83103499;SPRF-MS;DEL06/MS;UOP01-DEL06-MS
744510;09/01/2026;sexta-feira;07:00:00;PI;343;0,7;TERESINA;Pedestre cruzava a pista fora da faixa;Atropelamento de Pedestre;Com Vítimas Feridas;Pleno dia;Crescente;Céu Claro;Dupla;Reta;Sim;3;0;0;3;3;0;0;2;-5,07962;-42,755932;SPRF-PI;DEL01-PI;UOP01-DEL01-PI
744512;09/01/2026;sexta-feira;07:10:00;PB;230;42;SANTA RITA;Reação tardia ou ineficiente do condutor;Colisão traseira;Com Vítimas Feridas;Pleno dia;Crescente;Céu Claro;Dupla;Reta;Não;2;0;1;0;1;1;0;2;-7,14347;-34,996728;SPRF-PB;DEL01-PB;UOP02-DEL01-PB
744514;09/01/2026;sexta-feira;06:30:00;PE;101;62,5;RECIFE;Condutor deixou de manter distância do veículo da frente;Colisão traseira;Com Vítimas Feridas;Pleno dia;Crescente;Céu Claro;Dupla;Reta;Sim;2;0;0;1;1;1;0;2;-8,005325;-34,9380138;SPRF-PE;DEL01/PE;UOP02-DEL01-PE
744515;09/01/2026;sexta-feira;07:20:00;SP;116;144,9;SAO JOSE DOS CAMPOS;Reação tardia ou ineficiente do condutor;Colisão lateral mesmo sentido;Com Vítimas Feridas;Pleno dia;Crescente;Céu Claro;Dupla;Reta;Sim;2;0;1;0;1;1;0;2;-23,18580059;-45,85313559;SPRF-SP;DEL02/SP;UOP01-DEL02-SP
744517;09/01/2026;sexta-feira;06:15:00;RO;364;429,3;JARU;Velocidade Incompatível;Queda de ocupante de veículo;Com Vítimas Feridas;Amanhecer;Decrescente;Chuva;Simples;Curva;Não;1;0;1;0;1;0;0;1;-10,41460587;-62,50639604;SPRF-RO;DEL03-RO;UOP02-DEL03-RO
744519;09/01/2026;sexta-feira;07:50:00;SE;101;183,1;UMBAUBA;Desrespeitar a preferência no cruzamento;Colisão transversal;Com Vítimas Feridas;Pleno dia;Decrescente;Sol;Simples;Interseção de Vias;Sim;3;0;1;0;1;0;0;2;-11,37992;-37,66367;SPRF-SE;DEL02-SE;UOP03-DEL02-SE
744520;09/01/2026;sexta-feira;07:45:00;PR;277;586,5;CASCAVEL;Ausência de reação do condutor;Engavetamento;Sem Vítimas;Pleno dia;Decrescente;Céu Claro;Dupla;Reta;Sim;3;0;0;0;0;3;0;3;-24,96650368;-53,40341156;SPRF-PR;DEL04/PR;UOP01-DEL04-PR
744521;09/01/2026;sexta-feira;07:40:00;ES;101;145;LINHARES;Ausência de reação do condutor;Colisão traseira;Com Vítimas Feridas;Pleno dia;Crescente;Céu Claro;Dupla;Reta;Não;2;0;1;0;1;1;0;2;-19,367938;-40,065672;SPRF-ES;DEL04-ES;UOP01-DEL04-ES
744522;09/01/2026;sexta-feira;08:23:00;DF;70;17;BRASILIA;Reação tardia ou ineficiente do condutor;Colisão lateral mesmo sentido;Com Vítimas Feridas;Pleno dia;Decrescente;Céu Claro;Dupla;Reta;Não;2;0;1;0;1;1;0;2;-15,79100051;-48,21225643;SPRF-DF;DEL03-DF;UOP02-DEL03-DF
744523;08/01/2026;quinta-feira;11:51:00;MT;163;837;SINOP;Animais na Pista;Atropelamento de Animal;Com Vítimas Feridas;Pleno dia;Crescente;Sol;Dupla;Reta;Sim;1;0;1;0;1;0;0;1;-11,84279;-55,49032;SPRF-MT;DEL06/MT;UOP02-DEL06-MT
744524;09/01/2026;sexta-feira;08:40:00;SP;381;43;ATIBAIA;Manobra de mudança de faixa;Tombamento;Com Vítimas Feridas;Pleno dia;Decrescente;Céu Claro;Dupla;Reta;Sim;2;0;1;0;1;0;0;2;-23,16937973;-46,57608882;SPRF-SP;DEL03/SP;UOP01-DEL03-SP
744525;09/01/2026;sexta-feira;08:29:00;SC;101;216,3;PALHOCA;Ausência de reação do condutor;Colisão com objeto;Com Vítimas Feridas;Pleno dia;Decrescente;Céu Claro;Múltipla;"Aclive;Reta";Sim;1;0;1;0;1;0;0;1;-27,6648;-48,67523;SPRF-SC;DEL01/SC;UOP02-DEL01-SC
744527;09/01/2026;sexta-feira;06:49:00;MT;364;203;RONDONOPOLIS;Animais na Pista;Queda de ocupante de veículo;Com Vítimas Feridas;Pleno dia;Decrescente;Céu Claro;Dupla;"Declive;Reta";Sim;1;0;1;0;1;0;0;1;-16,4697452;-54,6565145;SPRF-MT;DEL02/MT;UOP01-DEL02-MT
744528;09/01/2026;sexta-feira;08:00:00;BA;324;518;FEIRA DE SANTANA;Manobra de mudança de faixa;Colisão transversal;Com Vítimas Feridas;Pleno dia;Decrescente;Sol;Simples;Reta;Sim;2;0;1;0;1;1;0;2;-12,26569;-38,9332;SPRF-BA;DEL02/BA;UOP01-DEL02-BA
744529;09/01/2026;sexta-feira;07:50:00;SC;282;3,3;FLORIANOPOLIS;Reação tardia ou ineficiente do condutor;Colisão lateral mesmo sentido;Com Vítimas Feridas;Pleno dia;Decrescente;Céu Claro;Múltipla;Reta;Sim;3;0;0;1;1;2;0;3;-27,59962824;-48,60005943;SPRF-SC;DEL01/SC;UOP01-DEL01-SC
744532;09/01/2026;sexta-feira;06:50:00;MA;316;255,8;PINDARE-MIRIM;Ausência de reação do condutor;Colisão traseira;Com Vítimas Fatais;Pleno dia;Crescente;Céu Claro;Simples;Curva;Não;3;1;2;0;2;0;0;2;-3,65347178;-45,42632639;SPRF-MA;DEL02-MA;UOP01-DEL02-MA
744533;09/01/2026;sexta-feira;09:15:00;SP;101;50;UBATUBA;Ausência de reação do condutor;Colisão traseira;Com Vítimas Feridas;Pleno dia;Crescente;Céu Claro;Simples;Reta;Sim;2;0;1;0;1;1;0;2;-23,45297033;-45,07461317;SPRF-SP;DEL06/SP;UOP01-DEL06-SP
744535;09/01/2026;sexta-feira;08:30:00;SC;101;203,1;SAO JOSE;Reação tardia ou ineficiente do condutor;Saída de leito carroçável;Com Vítimas Feridas;Pleno dia;Decrescente;Sol;Simples;Curva;Sim;1;0;1;0;1;0;0;1;-27,5666;-48,6136;SPRF-SC;DEL01/SC;UOP01-DEL01-SC
744536;09/01/2026;sexta-feira;07:00:00;PA;316;140;PEIXE-BOI;Reação tardia ou ineficiente do condutor;Colisão traseira;Com Vítimas Feridas;Pleno dia;Crescente;Sol;Simples;Reta;Não;3;0;1;1;2;1;0;2;-1,25297;-47,25355;SPRF-PA;DEL01/PA;UOP03-DEL01-PA
744538;09/01/2026;sexta-feira;09:00:00;PR;153;463,8;UNIAO DA VITORIA;Ultrapassagem Indevida;Colisão frontal;Com Vítimas Feridas;Pleno dia;Crescente;Céu Claro;Simples;Curva;Não;7;0;2;5;7;0;0;2;-26,2518234;-51,1626699;SPRF-PR;DEL02/PR;UOP03-DEL02-PR
744539;09/01/2026;sexta-feira;09:30:00;SC;280;24,5;ARAQUARI;Acessar a via sem observar a presença dos outros veículos;Colisão transversal;Com Vítimas Feridas;Pleno dia;Crescente;Céu Claro;Simples;Reta;Sim;3;0;2;0;2;1;0;2;-26,37986004;-48,72255969;SPRF-SC;DEL03/SC;UOP03-DEL03-SC
744540;09/01/2026;sexta-feira;06:40:00;GO;50;108,4;CRISTALINA;Velocidade Incompatível;Queda de ocupante de veículo;Com Vítimas Feridas;Pleno dia;Crescente;Céu Claro;Dupla;Reta;Não;1;0;1;0;1;0;0;1;-16,838112;-47,675345;SPRF-DF;DEL01-DF;UOP02-DEL01-DF
744541;09/01/2026;sexta-feira;06:40:00;RN;304;15;MOSSORO;Ausência de reação do condutor;Saída de leito carroçável;Com Vítimas Feridas;Pleno dia;Decrescente;Céu Claro;Simples;Reta;Não;2;0;2;0;2;0;0;1;-4,996137;-37,374394;SPRF-RN;DEL04-RN;UOP02-DEL04-RN
744542;09/01/2026;sexta-feira;10:20:00;SC;101;135;BALNEARIO CAMBORIU;Reação tardia ou ineficiente do condutor;Tombamento;Com Vítimas Feridas;Pleno dia;Crescente;Céu Claro;Dupla;Reta;Sim;1;0;0;1;1;0;0;1;-27,00346698;-48,63201141;SPRF-SC;DEL04/SC;UOP03-DEL04-SC
744543;09/01/2026;sexta-feira;09:00:00;MG;365;686;MONTE ALEGRE DE MINAS;Demais falhas mecânicas ou elétricas;Capotamento;Com Vítimas Feridas;Pleno dia;Crescente;Sol;Dupla;Curva;Sim;3;0;3;0;3;0;0;1;-18,875733;-48,875216;SPRF-MG;DEL15/MG;UOP01-DEL15-MG
744544;09/01/2026;sexta-feira;10:00:00;PR;277;71,8;SAO JOSE DOS PINHAIS;Trafegar com motocicleta (ou similar) entre as faixas;Colisão lateral mesmo sentido;Com Vítimas Feridas;Pleno dia;Decrescente;Céu Claro;Dupla;Reta;Sim;4;0;1;0;1;3;0;3;-25,50477648;-49,14319318;SPRF-PR;DEL01/PR;UOP08-DEL01-PR
744551;09/01/2026;sexta-feira;10:00:00;MT;364;0,5;ALTO ARAGUAIA;Reação tardia ou ineficiente do condutor;Atropelamento de Pedestre;Com Vítimas Feridas;Pleno dia;Crescente;Sol;Dupla;Reta;Sim;2;0;1;0;1;1;0;2;-17,315167;-53,215323;SPRF-MT;DEL02/MT;UOP02-DEL02-MT
744552;09/01/2026;sexta-feira;11:37:00;RS;116;266;CANOAS;Acessar a via sem observar a presença dos outros veículos;Colisão transversal;Com Vítimas Feridas;Pleno dia;Decrescente;Nublado;Dupla;Reta;Sim;2;0;1;0;1;1;0;2;-29,93789066;-51,17705695;SPRF-RS;DEL01/RS;UOP01-DEL01-RS
744553;09/01/2026;sexta-feira;09:00:00;BA;242;768;CATOLANDIA;Demais falhas mecânicas ou elétricas;Capotamento;Com Vítimas Feridas;Pleno dia;Crescente;Sol;Simples;Reta;Não;2;0;1;0;1;1;0;1;-12,19290929;-44,49650288;SPRF-BA;DEL10/BA;UOP01-DEL10-BA
744554;09/01/2026;sexta-feira;11:00:00;SC;101;207,5;SAO JOSE;Manobra de mudança de faixa;Colisão lateral mesmo sentido;Com Vítimas Feridas;Pleno dia;Decrescente;Céu Claro;Múltipla;Reta;Sim;2;0;1;0;1;1;0;2;-27,60199139;-48,62752676;SPRF-SC;DEL01/SC;UOP01-DEL01-SC
744555;09/01/2026;sexta-feira;11:20:00;RS;290;28,7;SANTO ANTONIO DA PATRULHA;Demais falhas na via;Tombamento;Com Vítimas Feridas;Pleno dia;Decrescente;Sol;Dupla;Reta;Não;2;0;2;0;2;0;0;1;-29,883598;-50,542827;SPRF-RS;DEL03/RS;UOP01-DEL03-RS
744556;09/01/2026;sexta-feira;11:50:00;PI;343;4,1;TERESINA;Reação tardia ou ineficiente do condutor;Colisão transversal;Com Vítimas Feridas;Pleno dia;Decrescente;Céu Claro;Dupla;Reta;Sim;2;0;1;0;1;1;0;2;-5,080463;-42,787543;SPRF-PI;DEL01-PI;UOP01-DEL01-PI
744557;09/01/2026;sexta-feira;12:00:00;SP;101;41;UBATUBA;Condutor Dormindo;Colisão transversal;Sem Vítimas;Pleno dia;Crescente;Céu Claro;Simples;Reta;Não;7;0;0;0;0;7;0;3;-23,413095;-45,051586;SPRF-SP;DEL06/SP;UOP01-DEL06-SP
744559;09/01/2026;sexta-feira;11:40:00;SC;282;32,4;SANTO AMARO DA IMPERATRIZ;Acessar a via sem observar a presença dos outros veículos;Colisão frontal;Com Vítimas Feridas;Pleno dia;Crescente;Céu Claro;Simples;Reta;Sim;3;0;1;2;3;0;0;2;-27,703605;-48,804028;SPRF-SC;DEL01/SC;UOP03-DEL01-SC