id;data_inversa;dia_semana;horario;uf;br;km;municipio;causa_acidente;tipo_acidente;classificacao_acidente;fase_dia;sentido_via;condicao_metereologica;tipo_pista;tracado_via;uso_solo;pessoas;mortos;feridos_leves;feridos_graves;feridos;ilesos;ignorados;veiculos;latitude;longitude;regional;delegacia;uop
744672;09/01/2026;sexta-feira;17:00:00;SP;116;549;BARRA DO TURVO;Reação tardia ou ineficiente do condutor;Colisão com objeto;Com Vítimas Feridas;Pleno dia;Decrescente;Nublado;Simples;Reta;Não;3;0;3;0;3;0;0;1;-24,9660073;-48,462573;SPRF-SP;DEL05/SP;UOP02-DEL05-SP
744674;09/01/2026;sexta-feira;17:15:00;RJ;116;187;NOVA IGUACU;Condutor deixou de manter distância do veículo da frente;Colisão traseira;Com Vítimas Feridas;Pleno dia;Decrescente;Céu Claro;Dupla;Reta;Sim;3;0;1;0;1;2;0;3;-22,73845175;-43,47975461;SPRF-RJ;DEL06/RJ;UOP01-DEL06-RJ
744675;09/01/2026;sexta-feira;23:50:00;PR;376;248;APUCARANA;Ausência de reação do condutor;Saída de leito carroçável;Com Vítimas Feridas;Plena Noite;Decrescente;Céu Claro;Dupla;"Declive;Curva";Não;1;0;1;0;1;0;0;1;-23,610649;-51,398674;SPRF-PR;DEL07/PR;UOP03-DEL07-PR
744676;09/01/2026;sexta-feira;21:25:00;PB;361;110;ITAPORANGA;Ausência de reação do condutor;Tombamento;Com Vítimas Fatais;Plena Noite;Crescente;Céu Claro;Simples;Reta;Não;1;1;0;0;0;0;0;1;-7,300996;-38,1333;SPRF-PB;DEL03-PB;UOP01-DEL03-PB
744678;10/01/2026;sábado;00:00:00;PB;230;478;MARIZOPOLIS;Acessar a via sem observar a presença dos outros veículos;Colisão frontal;Com Vítimas Fatais;Plena Noite;Crescente;Céu Claro;Simples;Reta;Não;2;1;0;0;0;0;0;2;-6,851441;-38,363274;SPRF-PB;DEL03-PB;UOP03-DEL03-PB
744679;10/01/2026;sábado;01:00:00;MG;381;931,8;EXTREMA;Curva acentuada;Queda de ocupante de veículo;Com Vítimas Feridas;Plena Noite;Decrescente;Nublado;Dupla;Curva;Não;1;0;1;0;1;0;0;1;-22,78833772;-46,24337128;SPRF-MG;DEL16/MG;UOP03-DEL16-MG
744680;10/01/2026;sábado;00:55:00;RS;116;37,2;VACARIA;Ingestão de álcool pelo condutor;Colisão com objeto;Com Vítimas Feridas;Plena Noite;Decrescente;Chuva;Simples;Interseção de Vias;Sim;1;0;1;0;1;0;0;1;-28,50056;-50,91917;SPRF-RS;DEL05/RS;UOP03-DEL05-RS
744681;10/01/2026;sábado;01:00:00;RS;287;288;SAO PEDRO DO SUL;Ausência de reação do condutor;Saída de leito carroçável;Com Vítimas Feridas;Plena Noite;Crescente;Nublado;Simples;Reta;Não;4;0;3;0;3;1;0;1;-29,634344;-54,257165;SPRF-RS;DEL09/RS;UOP01-DEL09-RS
744682;10/01/2026;sábado;00:40:00;PR;153;32,5;JACAREZINHO;Ingestão de álcool pelo condutor;Saída de leito carroçável;Com Vítimas Feridas;Plena Noite;Decrescente;Céu Claro;Simples;Curva;Não;5;0;3;2;5;0;0;1;-23,21843145;-49,99874942;SPRF-PR;DEL07/PR;UOP04-DEL07-PR
744683;09/01/2026;sexta-feira;14:00:00;BA;324;560;SAO SEBASTIAO DO PASSE;Frear bruscamente;Colisão traseira;Com Vítimas Feridas;Pleno dia;Crescente;Céu Claro;Dupla;Reta;Não;2;0;1;0;1;0;0;2;-12,50211289;-38,64149094;SPRF-BA;DEL01/BA;UOP01-DEL01-BA
744685;10/01/2026;sábado;02:15:00;RS;116;150,2;CAXIAS DO SUL;Condutor desrespeitou a iluminação vermelha do semáforo;Colisão transversal;Sem Vítimas;Plena Noite;Crescente;Chuva;Dupla;"Reta;Interseção de Vias";Sim;2;0;0;0;0;2;0;2;-29,170877;-51,159342;SPRF-RS;DEL05/RS;UOP01-DEL05-RS
744686;10/01/2026;sábado;02:30:00;RS;472;180,8;SANTO CRISTO;Ingestão de álcool pelo condutor;Saída de leito carroçável;Com Vítimas Feridas;Plena Noite;Crescente;Nublado;Simples;"Curva;Aclive";Não;1;0;1;0;1;0;0;1;-27,838618;-54,568144;SPRF-RS;DEL10/RS;UOP01-DEL10-RS
744691;10/01/2026;sábado;00:10:00;MT;163;597,1;NOVA MUTUM;Acessar a via sem observar a presença dos outros veículos;Colisão frontal;Com Vítimas Fatais;Plena Noite;Decrescente;Nublado;Simples;Reta;Sim;2;1;0;0;0;1;0;2;-13,83630949;-56,08301318;SPRF-MT;DEL01/MT;UOP01-DEL01-MT
744692;10/01/2026;sábado;03:05:00;PR;277;676;MEDIANEIRA;Acumulo de água sobre o pavimento;Saída de leito carroçável;Sem Vítimas;Plena Noite;Crescente;Chuva;Dupla;Reta;Não;1;0;0;0;0;0;1;1;-25,29039;-54,105892;SPRF-PR;DEL05/PR;UOP01-DEL05-PR
744693;10/01/2026;sábado;04:30:00;RS;116;518;PELOTAS;Animais na Pista;Atropelamento de Animal;Com Vítimas Feridas;Plena Noite;Crescente;Garoa/Chuvisco;Dupla;Reta;Sim;1;0;1;0;1;0;0;1;-31,69120174;-52,35249281;SPRF-RS;DEL07/RS;UOP01-DEL07-RS
744695;10/01/2026;sábado;02:30:00;RS;472;180,9;SANTO CRISTO;Reação tardia ou ineficiente do condutor;Saída de leito carroçável;Sem Vítimas;Plena Noite;Crescente;Céu Claro;Simples;"Aclive;Curva";Não;1;0;0;0;0;0;1;1;-27,838618;-54,568144;SPRF-RS;DEL10/RS;UOP01-DEL10-RS
744697;09/01/2026;sexta-feira;23:00:00;RJ;116;211;SEROPEDICA;Ausência de reação do condutor;Colisão com objeto;Sem Vítimas;Plena Noite;Crescente;Céu Claro;Dupla;Reta;Não;1;0;0;0;0;0;1;1;-22,71792354;-43,70593071;SPRF-RJ;DEL06/RJ;UOP02-DEL06-RJ
744698;10/01/2026;sábado;04:40:00;RJ;101;322;NITEROI;Reação tardia ou ineficiente do condutor;Tombamento;Com Vítimas Feridas;Amanhecer;Decrescente;Céu Claro;Dupla;Declive;Sim;1;0;1;0;1;0;0;1;-22,88078415;-43,11189461;SPRF-RJ;DEL02/RJ;UOP01-DEL02-RJ
744700;09/01/2026;sexta-feira;20:00:00;SC;101;48,5;JOINVILLE;Ausência de reação do condutor;Tombamento;Com Vítimas Feridas;Plena Noite;Decrescente;Céu Claro;Dupla;Curva;Não;1;0;1;0;1;0;0;1;-26,37987499;-48,85139465;SPRF-SC;DEL03/SC;UOP01-DEL03-SC
744701;10/01/2026;sábado;05:12:00;PR;277;76,8;SAO JOSE DOS PINHAIS;Reação tardia ou ineficiente do condutor;Colisão traseira;Sem Vítimas;Amanhecer;Decrescente;Nublado;Dupla;Reta;Sim;2;0;0;0;0;2;0;2;-25,4867334;-49,183807;SPRF-PR;DEL01/PR;UOP08-DEL01-PR
744703;10/01/2026;sábado;05:28:00;PB;230;27;JOAO PESSOA;Ingestão de álcool pelo condutor;Colisão com objeto;Com Vítimas Feridas;Pleno dia;Crescente;Céu Claro;Dupla;"Declive;Reta";Sim;2;0;2;0;2;0;0;1;-7,1686516;-34,8831839;SPRF-PB;DEL01-PB;UOP01-DEL01-PB
744705;10/01/2026;sábado;03:30:00;MG;262;356;JUATUBA;Animais na Pista;Atropelamento de Animal;Com Vítimas Feridas;Plena Noite;Decrescente;Céu Claro;Múltipla;Reta;Sim;1;0;1;0;1;0;0;1;-19,97114;-44,28447;SPRF-MG;DEL01/MG;UOP03-DEL01-MG
744706;10/01/2026;sábado;04:30:00;MG;365;786;ITUIUTABA;Animais na Pista;Atropelamento de Animal;Sem Vítimas;Plena Noite;Decrescente;Nublado;Simples;Reta;Não;1;0;0;0;0;1;0;1;-18,938968;-49,78138;SPRF-MG;DEL15/MG;UOP03-DEL15-MG
744707;10/01/2026;sábado;06:00:00;SP;116;564;BARRA DO TURVO;Condutor Dormindo;Colisão com objeto;Com Vítimas Feridas;Amanhecer;Decrescente;Ignorado;Dupla;"Declive;Reta";Não;2;0;0;1;1;1;0;1;-25,04534214;-48,5425302;SPRF-SP;DEL05/SP;UOP02-DEL05-SP
744708;10/01/2026;sábado;00:15:00;SC;280;23;ARAQUARI;Iluminação deficiente;Colisão lateral mesmo sentido;Com Vítimas Feridas;Plena Noite;Crescente;Nublado;Simples;Rotatória;Não;2;0;1;0;1;0;0;2;-26,37189137;-48,71262487;SPRF-SC;DEL03/SC;UOP03-DEL03-SC
744709;10/01/2026;sábado;05:25:00;RR;174;602;AMAJARI;Ingestão de álcool pelo condutor;Atropelamento de Pedestre;Com Vítimas Fatais;Amanhecer;Crescente;Céu Claro;Simples;Reta;Não;2;2;0;0;0;0;0;2;3,636418;-60,971006;SPRF-RR;DEL01-RR;UOP03-DEL01-RR
744710;10/01/2026;sábado;07:00:00;SP;101;39,6;UBATUBA;Reação tardia ou ineficiente do condutor;Queda de ocupante de veículo;Com Vítimas Feridas;Pleno dia;Crescente;Céu Claro;Simples;"Curva;Aclive";Não;1;0;1;0;1;0;0;1;-23,414202;-45,028816;SPRF-SP;DEL06/SP;UOP01-DEL06-SP
744711;10/01/2026;sábado;06:46:00;ES;101;139,8;LINHARES;Acumulo de areia ou detritos sobre o pavimento;Saída de leito carroçável;Com Vítimas Feridas;Pleno dia;Crescente;Céu Claro;Simples;Reta;Sim;1;0;1;0;1;0;0;1;-19,33199613;-40,06892905;SPRF-ES;DEL04-ES;UOP01-DEL04-ES
744715;10/01/2026;sábado;00:55:00;RJ;40;121;DUQUE DE CAXIAS;Velocidade Incompatível;Colisão lateral mesmo sentido;Com Vítimas Feridas;Plena Noite;Decrescente;Céu Claro;Dupla;Reta;Sim;3;0;1;1;2;1;0;2;-22,7839483;-43,285299;SPRF-RJ;DEL01/RJ;UOP02-DEL01-RJ
744716;10/01/2026;sábado;07:00:00;RJ;101;429;MANGARATIBA;Acessar a via sem observar a presença dos outros veículos;Colisão transversal;Com Vítimas Feridas;Amanhecer;Crescente;Céu Claro;Simples;Rotatória;Sim;5;0;4;0;4;1;0;2;-22,9298155;-43,9722722;SPRF-RJ;DEL03/RJ;UOP02-DEL03-RJ
744717;10/01/2026;sábado;07:30:00;SE;101;97;SAO CRISTOVAO;Acessar a via sem observar a presença dos outros veículos;Colisão traseira;Com Vítimas Feridas;Pleno dia;Crescente;Chuva;Dupla;"Reta;Interseção de Vias";Não;2;0;1;0;1;1;0;2;-10,92163463;-37,17311947;SPRF-SE;DEL02-SE;UOP01-DEL02-SE
744720;10/01/2026;sábado;06:45:00;RS;158;181;PEJUCARA;Ultrapassagem Indevida;Colisão frontal;Com Vítimas Feridas;Pleno dia;Crescente;Céu Claro;Simples;"Aclive;Curva";Não;2;0;0;2;2;0;0;2;-28,53419736;-53,55936751;SPRF-RS;DEL10/RS;UOP02-DEL10-RS
744721;10/01/2026;sábado;07:20:00;MG;40;279;TRES MARIAS;Reação tardia ou ineficiente do condutor;Colisão com objeto;Com Vítimas Feridas;Amanhecer;Crescente;Céu Claro;Simples;Reta;Não;3;0;0;1;1;2;0;1;-18,228166;-45,220315;SPRF-MG;DEL14/MG;UOP02-DEL14-MG
744722;10/01/2026;sábado;08:00:00;BA;324;354;CAPIM GROSSO;Ausência de reação do condutor;Saída de leito carroçável;Com Vítimas Feridas;Pleno dia;Crescente;Chuva;Simples;Rotatória;Não;1;0;0;1;1;0;0;1;-11,38647489;-40,00602722;SPRF-BA;DEL04/BA;UOP02-DEL04-BA
744723;02/01/2026;sexta-feira;08:00:00;RS;290;60;GRAVATAI;Reação tardia ou ineficiente do condutor;Engavetamento;Com Vítimas Feridas;Pleno dia;Decrescente;Céu Claro;Dupla;Reta;Não;6;0;2;0;2;4;0;4;-29,94921668;-50,95896419;SPRF-RS;DEL03/RS;UOP01-DEL03-RS
744724;10/01/2026;sábado;07:55:00;MG;116;279,3;TEOFILO OTONI;Ingestão de álcool pelo condutor;Colisão com objeto;Com Vítimas Feridas;Pleno dia;Crescente;Sol;Simples;Reta;Sim;6;0;2;0;2;4;0;1;-17,878394;-41,521812;SPRF-MG;DEL11/MG;UOP01-DEL11-MG
744725;10/01/2026;sábado;07:55:00;PA;163;996;SANTAREM;Ausência de reação do condutor;Colisão traseira;Sem Vítimas;Pleno dia;Decrescente;Céu Claro;Simples;"Aclive;Reta";Não;4;0;0;0;0;4;0;3;-2,500295;-54,73043667;SPRF-PA;DEL05/PA;UOP01-DEL05-PA
744726;10/01/2026;sábado;03:00:00;MA;316;223,1;BOM JARDIM;Animais na Pista;Atropelamento de Animal;Sem Vítimas;Plena Noite;Decrescente;Céu Claro;Simples;"Declive;Reta";Não;4;0;0;0;0;0;1;2;-3,498876;-45,660744;SPRF-MA;DEL02-MA;UOP01-DEL02-MA
744727;10/01/2026;sábado;09:00:00;SP;381;44;ATIBAIA;Reação tardia ou ineficiente do condutor;Colisão traseira;Com Vítimas Feridas;Pleno dia;Crescente;Céu Claro;Múltipla;"Aclive;Reta";Sim;2;0;1;0;1;1;0;2;-23,1675745;-46,5735636;SPRF-SP;DEL03/SP;UOP01-DEL03-SP
744728;10/01/2026;sábado;08:45:00;SP;381;44;ATIBAIA;Manobra de mudança de faixa;Colisão lateral mesmo sentido;Com Vítimas Feridas;Pleno dia;Crescente;Céu Claro;Múltipla;"Aclive;Reta";Sim;2;0;1;0;1;1;0;2;-23,1686127;-46,5760255;SPRF-SP;DEL03/SP;UOP01-DEL03-SP
744729;10/01/2026;sábado;07:10:00;SC;282;308,1;VARGEM;Velocidade Incompatível;Capotamento;Sem Vítimas;Amanhecer;Crescente;Céu Claro;Simples;"Curva;Declive";Não;1;0;0;0;0;0;1;1;-27,49927114;-50,95252992;SPRF-SC;DEL07/SC;UOP06-DEL07-SC
744731;10/01/2026;sábado;08:40:00;SC;470;113;IBIRAMA;Reação tardia ou ineficiente do condutor;Saída de leito carroçável;Com Vítimas Feridas;Pleno dia;Decrescente;Garoa/Chuvisco;Simples;Curva;Não;4;0;3;0;3;1;0;1;-27,08190124;-49,50250626;SPRF-SC;DEL04/SC;UOP02-DEL04-SC
744733;10/01/2026;sábado;07:45:00;ES;101;44;CONCEICAO DA BARRA;Reação tardia ou ineficiente do condutor;Saída de leito carroçável;Com Vítimas Feridas;Pleno dia;Decrescente;Sol;Simples;Reta;Não;1;0;1;0;1;0;0;1;-18,53907984;-39,90662305;SPRF-ES;DEL04-ES;UOP02-DEL04-ES
744735;10/01/2026;sábado;09:25:00;RS;116;304;GUAIBA;Ausência de reação do condutor;Saída de leito carroçável;Sem Vítimas;Pleno dia;Crescente;Nublado;Simples;Reta;Não;1;0;0;0;0;1;0;1;-30,155995;-51,371107;SPRF-RS;DEL02/RS;UOP01-DEL02-RS
744738;09/01/2026;sexta-feira;18:30:00;RJ;40;82;DUQUE DE CAXIAS;Frear bruscamente;Colisão lateral mesmo sentido;Com Vítimas Feridas;Anoitecer;Decrescente;Céu Claro;Simples;Reta;Sim;2;0;1;0;1;1;0;2;-22,51945501;-43,22785378;SPRF-RJ;DEL01/RJ;UOP01-DEL01-RJ
744741;10/01/2026;sábado;08:45:00;SC;470;66,6;INDAIAL;Acessar a via sem observar a presença dos outros veículos;Saída de leito carroçável;Com Vítimas Feridas;Pleno dia;Crescente;Nublado;Simples;Rotatória;Sim;2;0;1;0;1;1;0;2;-26,87033861;-49,2273101;SPRF-SC;DEL04/SC;UOP01-DEL04-SC
744742;10/01/2026;sábado;09:15:00;RS;293;187;BAGE;Acesso irregular;Colisão traseira;Sem Vítimas;Pleno dia;Decrescente;Nublado;Simples;Interseção de Vias;Não;2;0;0;0;0;2;0;2;-31,26769362;-54,13410187;SPRF-RS;DEL11/RS;UOP03-DEL11-RS
744747;10/01/2026;sábado;09:40:00;PE;232;11;JABOATAO DOS GUARARAPES;Reação tardia ou ineficiente do condutor;Colisão traseira;Com Vítimas Feridas;Pleno dia;Crescente;Céu Claro;Dupla;"Aclive;Reta";Não;2;0;0;1;1;1;0;2;-8,08239745;-34,99610066;SPRF-PE;DEL01/PE;UOP01-DEL01-PE
744748;10/01/2026;sábado;10:00:00;SC;282;398,2;JOACABA;Acessar a via sem observar a presença dos outros veículos;Colisão traseira;Com Vítimas Feridas;Pleno dia;Crescente;Nublado;Simples;Aclive;Não;2;0;1;0;1;1;0;2;-27,146418;-51,612752;SPRF-SC;DEL07/SC;UOP05-DEL07-SC
744749;10/01/2026;sábado;07:30:00;MS;262;560;MIRANDA;Desrespeitar a preferência no cruzamento;Colisão transversal;Com Vítimas Feridas;Pleno dia;Crescente;Céu Claro;Simples;"Curva;Interseção de Vias";Não;7;0;1;1;2;5;0;2;-20,230118;-56,392057;SPRF-MS;DEL03/MS;UOP02-DEL03-MS
744752;10/01/2026;sábado;10:25:00;GO;153;515,6;APARECIDA DE GOIANIA;Pedestre cruzava a pista fora da faixa;Atropelamento de Pedestre;Com Vítimas Fatais;Pleno dia;Decrescente;Céu Claro;Dupla;Reta;Sim;5;1;0;0;0;3;0;2;-16,8376554;-49,2440747;SPRF-GO;DEL01/GO;UOP03-DEL01-GO
744753;10/01/2026;sábado;06:45:00;RO;364;705;PORTO VELHO;Ausência de reação do condutor;Colisão com objeto;Com Vítimas Feridas;Pleno dia;Crescente;Céu Claro;Dupla;Retorno Regulamentado;Não;1;0;1;0;1;0;0;1;-8,800303;-63,81736;SPRF-RO;DEL01-RO;UOP01-DEL01-RO
744754;10/01/2026;sábado;10:30:00;SC;470;85,8;RODEIO;Condutor Dormindo;Saída de leito carroçável;Com Vítimas Feridas;Pleno dia;Crescente;Nublado;Simples;Reta;Não;1;0;0;1;1;0;0;1;-26,94994023;-49,35731761;SPRF-SC;DEL04/SC;UOP01-DEL04-SC
744755;10/01/2026;sábado;08:30:00;SC;282;70;RANCHO QUEIMADO;Velocidade Incompatível;Saída de leito carroçável;Com Vítimas Feridas;Pleno dia;Decrescente;Garoa/Chuvisco;Simples;"Curva;Declive";Não;3;0;3;0;3;0;0;1;-27,694067;-49,089215;SPRF-SC;DEL01/SC;UOP03-DEL01-SC
744761;10/01/2026;sábado;11:10:00;AL;104;59;MURICI;Retorno proibido;Tombamento;Com Vítimas Feridas;Pleno dia;Decrescente;Céu Claro;Dupla;Reta;Sim;1;0;1;0;1;0;0;1;-9,307164;-35,940413;SPRF-AL;DEL01-AL;UOP02-DEL01-AL
744762;02/01/2026;sexta-feira;10:35:00;RJ;40;118;DUQUE DE CAXIAS;Avarias e/ou desgaste excessivo no pneu;Queda de ocupante de veículo;Com Vítimas Feridas;Pleno dia;Decrescente;Nublado;Dupla;Reta;Sim;2;0;2;0;2;0;0;1;-22,754802;-43,287166;SPRF-RJ;DEL01/RJ;UOP02-DEL01-RJ
744764;10/01/2026;sábado;09:40:00;MS;163;726;COXIM;Reação tardia ou ineficiente do condutor;Colisão traseira;Sem Vítimas;Pleno dia;Decrescente;Céu Claro;Simples;Reta;Sim;4;0;0;0;0;4;0;2;-18,537487;-54,742657;SPRF-MS;DEL06/MS;UOP01-DEL06-MS
744765;10/01/2026;sábado;11:30:00;PB;230;497,6;CAJAZEIRAS;Acessar a via sem observar a presença dos outros veículos;Colisão transversal;Com Vítimas Feridas;Pleno dia;Decrescente;Céu Claro;Simples;Reta;Sim;2;0;1;0;1;1;0;2;-6,898092;-38,521657;SPRF-PB;DEL03-PB;UOP03-DEL03-PB
744766;10/01/2026;sábado;11:05:00;PR;376;4,3;SAO JOSE DOS PINHAIS;Velocidade Incompatível;Colisão traseira;Com Vítimas Feridas;Pleno dia;Crescente;Céu Claro;Dupla;Curva;Sim;2;0;1;0;1;1;0;2;-25,53535969;-49,19312803;SPRF-PR;DEL01/PR;UOP04-DEL01-PR
744769;10/01/2026;sábado;10:20:00;RJ;393;254;BARRA DO PIRAI;Demais falhas mecânicas ou elétricas;Incêndio;Sem Vítimas;Pleno dia;Crescente;Sol;Simples;Curva;Não;1;0;0;0;0;1;0;1;-22,45158933;-43,82669449;SPRF-RJ;DEL05/RJ;UOP04-DEL05-RJ
744770;10/01/2026;sábado;11:00:00;PI;316;3,8;TERESINA;Entrada inopinada do pedestre;Atropelamento de Pedestre;Com Vítimas Fatais;Pleno dia;Decrescente;Céu Claro;Múltipla;Reta;Sim;3;1;0;0;0;1;0;2;-5,138725;-42,786732;SPRF-PI;DEL01-PI;UOP02-DEL01-PI
744771;10/01/2026;sábado;11:40:00;RJ;0;0;NOVA IGUACU;Transitar na contramão;Colisão frontal;Com Vítimas Feridas;Pleno dia;Não Informado;Céu Claro;Simples;Curva;Sim;5;0;1;0;1;4;0;2;-22,74007053;-43,49808848;SPRF-RJ;DEL06/RJ;UOP01-DEL06-RJ
744773;10/01/2026;sábado;11:00:00;SC;282;628;IRACEMINHA;Acessar a via sem observar a presença dos outros veículos;Colisão transversal;Com Vítimas Feridas;Pleno dia;Crescente;Céu Claro;Simples;Reta;Não;6;0;2;0;2;4;0;2;-26,82027927;-53,37705374;SPRF-SC;DEL07/SC;UOP02-DEL07-SC
744774;10/01/2026;sábado;11:00:00;DF;80;13,9;BRASILIA;Reação tardia ou ineficiente do condutor;Saída de leito carroçável;Sem Vítimas;Pleno dia;Crescente;Céu Claro;Simples;Reta;Não;1;0;0;0;0;1;0;1;-15,717579;-48,197242;SPRF-DF;DEL03-DF;UOP02-DEL03-DF
744775;10/01/2026;sábado;12:30:00;SC;280;25;ARAQUARI;Trafegar com motocicleta (ou similar) entre as faixas;Colisão transversal;Com Vítimas Feridas;Pleno dia;Decrescente;Nublado;Simples;"Interseção de Vias;Reta";Sim;2;0;0;1;1;1;0;2;-26,399317;-48,741892;SPRF-SC;DEL03/SC;UOP03-DEL03-SC
744776;10/01/2026;sábado;11:45:00;SP;101;44;UBATUBA;Reação tardia ou ineficiente do condutor;Engavetamento;Sem Vítimas;Pleno dia;Decrescente;Céu Claro;Simples;Reta;Sim;3;0;0;0;0;3;0;3;-23,41038567;-45,06492019;SPRF-SP;DEL06/SP;UOP01-DEL06-SP
744779;10/01/2026;sábado;12:00:00;MG;459;88,2;CONGONHAL;Acessar a via sem observar a presença dos outros veículos;Colisão transversal;Com Vítimas Feridas;Pleno dia;Crescente;Céu Claro;Dupla;"Reta;Interseção de Vias";Sim;2;0;1;0;1;1;0;2;-22,1503071;-46,03560984;SPRF-MG;DEL09/MG;UOP01-DEL09-MG
744780;10/01/2026;sábado;12:35:00;PR;277;25;MORRETES;Retorno proibido;Colisão transversal;Com Vítimas Fatais;Pleno dia;Crescente;Céu Claro;Dupla;"Interseção de Vias;Reta";Não;9;1;5;0;5;2;0;3;-25,5336945;-48,75779855;SPRF-PR;DEL01/PR;UOP05-DEL01-PR
744781;10/01/2026;sábado;12:42:00;PR;116;119,4;CURITIBA;Avarias e/ou desgaste excessivo no pneu;Tombamento;Com Vítimas Feridas;Pleno dia;Decrescente;Nublado;Dupla;"Aclive;Reta";Não;1;0;1;0;1;0;0;1;-25,580471;-49,312929;SPRF-PR;DEL01/PR;UOP03-DEL01-PR
744783;10/01/2026;sábado;11:30:00;MG;381;749,3;TRES CORACOES;Velocidade Incompatível;Saída de leito carroçável;Com Vítimas Feridas;Pleno dia;Crescente;Céu Claro;Dupla;Reta;Não;1;0;1;0;1;0;0;1;-21,6825856;-45,3410816;SPRF-MG;DEL16/MG;UOP02-DEL16-MG
744784;10/01/2026;sábado;12:40:00;GO;60;37,2;GOIANIA;Ingestão de álcool pelo condutor;Engavetamento;Com Vítimas Feridas;Pleno dia;Decrescente;Nublado;Dupla;"Rotatória;Reta";Sim;3;0;1;0;1;2;0;3;-16,73964463;-49,34577649;SPRF-GO;DEL01/GO;UOP02-DEL01-GO
744786;10/01/2026;sábado;14:00:00;RN;304;298;MACAIBA;Acessar a via sem observar a presença dos outros veículos;Colisão transversal;Sem Vítimas;Pleno dia;Decrescente;Céu Claro;Simples;Declive;Sim;3;0;0;0;0;2;0;2;-5,8648641;-35,3512908;SPRF-RN;DEL01-RN;UOP02-DEL01-RN
744787;10/01/2026;sábado;11:45:00;MS;60;425;SIDROLANDIA;Acessar a via sem observar a presença dos outros veículos;Colisão transversal;Com Vítimas Feridas;Pleno dia;Crescente;Sol;Dupla;"Interseção de Vias;Reta";Sim;2;0;1;0;1;1;0;2;-20,92769243;-54,95641351;SPRF-MS;DEL01/MS;UOP04-DEL01-MS
744789;10/01/2026;sábado;14:05:00;DF;60;19;BRASILIA;Ausência de reação do condutor;Saída de leito carroçável;Com Vítimas Feridas;Pleno dia;Crescente;Sol;Dupla;"Aclive;Reta";Não;1;0;1;0;1;0;0;1;-15,974583;-48,189411;SPRF-DF;DEL03-DF;UOP01-DEL03-DF
744790;10/01/2026;sábado;13:00:00;PA;10;271;IPIXUNA DO PARA;Manobra de mudança de faixa;Colisão lateral sentido oposto;Sem Vítimas;Pleno dia;Crescente;Céu Claro;Simples;Reta;Não;2;0;0;0;0;0;1;2;-2,74063;-47,461225;SPRF-PA;DEL02/PA;UOP01-DEL02-PA
744792;10/01/2026;sábado;11:25:00;RJ;116;79;TERESOPOLIS;Acessar a via sem observar a presença dos outros veículos;Colisão transversal;Com Vítimas Feridas;Pleno dia;Crescente;Céu Claro;Simples;Reta;Não;2;0;0;1;1;1;0;2;-22,379861;-42,952968;SPRF-RJ;DEL04/RJ;UOP01-DEL04-RJ
744794;10/01/2026;sábado;15:10:00;MG;40;614;CONGONHAS;Velocidade Incompatível;Colisão frontal;Com Vítimas Feridas;Pleno dia;Crescente;Céu Claro;Simples;"Aclive;Curva";Sim;2;0;0;2;2;0;0;2;-20,53285;-43,82276;SPRF-MG;DEL05/MG;UOP02-DEL05-MG
744797;10/01/2026;sábado;15:00:00;SC;101;368,8;ICARA;Reação tardia ou ineficiente do condutor;Colisão com objeto;Com Vítimas Feridas;Pleno dia;Decrescente;Céu Claro;Múltipla;"Aclive;Curva";Não;6;0;1;0;1;5;0;2;-28,6971284;-49,1883739;SPRF-SC;DEL02/SC;UOP01-DEL02-SC
744798;10/01/2026;sábado;12:40:00;MG;40;113,5;LAGOA GRANDE;Reação tardia ou ineficiente do condutor;Saída de leito carroçável;Com Vítimas Feridas;Pleno dia;Crescente;Céu Claro;Simples;Reta;Não;1;0;1;0;1;0;0;1;-17,648;-46,422;SPRF-MG;DEL14/MG;UOP01-DEL14-MG
744799;10/01/2026;sábado;00:00:00;MG;116;494,7;GOVERNADOR VALADARES;Pedestre andava na pista;Atropelamento de Pedestre;Com Vítimas Feridas;Plena Noite;Decrescente;Céu Claro;Simples;Reta;Não;2;0;1;0;1;1;0;2;-18,71421963;-41,98768616;SPRF-MG;DEL06/MG;UOP02-DEL06-MG
744803;10/01/2026;sábado;15:00:00;PR;376;157,9;MANDAGUACU;Acumulo de água sobre o pavimento;Saída de leito carroçável;Com Vítimas Feridas;Pleno dia;Crescente;Chuva;Dupla;Curva;Sim;1;0;1;0;1;0;0;1;-23,35197722;-52,09158596;SPRF-PR;DEL09/PR;UOP02-DEL09-PR
744804;10/01/2026;sábado;15:10:00;SC;101;118,5;ITAJAI;Trafegar com motocicleta (ou similar) entre as faixas;Colisão traseira;Com Vítimas Feridas;Pleno dia;Crescente;Céu Claro;Dupla;Reta;Não;2;0;1;0;1;0;0;2;-26,90004;-48,71731;SPRF-SC;DEL04/SC;UOP04-DEL04-SC
744805;10/01/2026;sábado;12:40:00;RJ;101;293,3;ITABORAI;Acessar a via sem observar a presença dos outros veículos;Colisão traseira;Com Vítimas Feridas;Pleno dia;Crescente;Sol;Dupla;Reta;Sim;4;0;2;0;2;2;0;2;-22,75341845;-42,89952797;SPRF-RJ;DEL02/RJ;UOP02-DEL02-RJ