id;data_inversa;dia_semana;horario;uf;br;km;municipio;causa_acidente;tipo_acidente;classificacao_acidente;fase_dia;sentido_via;condicao_metereologica;tipo_pista;tracado_via;uso_solo;pessoas;mortos;feridos_leves;feridos_graves;feridos;ilesos;ignorados;veiculos;latitude;longitude;regional;delegacia;uop
744806;10/01/2026;sábado;09:40:00;SC;282;105,7;ALFREDO WAGNER;Velocidade Incompatível;Colisão lateral mesmo sentido;Sem Vítimas;Pleno dia;Crescente;Garoa/Chuvisco;Simples;Curva;Sim;6;0;0;0;0;6;0;2;-27,695153;-49,348175;SPRF-SC;DEL01/SC;UOP03-DEL01-SC
744808;10/01/2026;sábado;14:20:00;PE;232;419;SERRA TALHADA;Ausência de reação do condutor;Tombamento;Com Vítimas Feridas;Pleno dia;Decrescente;Céu Claro;Simples;Reta;Não;2;0;0;2;2;0;0;1;-7,998013;-38,381844;SPRF-PE;DEL04/PE;UOP01-DEL04-PE
744809;10/01/2026;sábado;15:00:00;RS;470;19,2;BARRACAO;Velocidade Incompatível;Saída de leito carroçável;Com Vítimas Feridas;Pleno dia;Crescente;Chuva;Simples;Declive;Não;1;0;1;0;1;0;0;1;-27,74430176;-51,45779165;SPRF-RS;DEL08/RS;UOP05-DEL08-RS
744810;10/01/2026;sábado;16:15:00;RJ;116;131;MAGE;Ausência de reação do condutor;Colisão com objeto;Com Vítimas Feridas;Pleno dia;Crescente;Céu Claro;Dupla;Reta;Não;2;0;2;0;2;0;0;1;-22,65694;-43,12015;SPRF-RJ;DEL04/RJ;UOP02-DEL04-RJ
744811;10/01/2026;sábado;09:00:00;BA;110;366;CATU;Ultrapassagem Indevida;Colisão lateral mesmo sentido;Com Vítimas Fatais;Pleno dia;Crescente;Céu Claro;Simples;Reta;Não;4;1;1;0;1;2;0;3;-12,33862882;-38,38493013;SPRF-BA;DEL01/BA;UOP04-DEL01-BA
744812;10/01/2026;sábado;11:54:00;MA;135;5,8;SAO LUIS;Reação tardia ou ineficiente do condutor;Colisão transversal;Com Vítimas Feridas;Pleno dia;Crescente;Sol;Dupla;"Reta;Retorno Regulamentado";Sim;2;0;1;0;1;1;0;2;-2,626972;-44,262005;SPRF-MA;DEL01-MA;UOP01-DEL01-MA
744813;10/01/2026;sábado;15:15:00;SC;280;27;ARAQUARI;Acesso irregular;Colisão transversal;Com Vítimas Feridas;Pleno dia;Decrescente;Chuva;Dupla;Reta;Não;2;0;0;1;1;1;0;2;-26,40140302;-48,74153138;SPRF-SC;DEL03/SC;UOP03-DEL03-SC
744815;10/01/2026;sábado;16:45:00;MG;50;176;UBERABA;Reação tardia ou ineficiente do condutor;Tombamento;Com Vítimas Feridas;Pleno dia;Decrescente;Céu Claro;Dupla;Reta;Sim;1;0;1;0;1;0;0;1;-19,74234522;-47,98390714;SPRF-MG;DEL13/MG;UOP01-DEL13-MG
744816;10/01/2026;sábado;16:40:00;SC;101;57,7;ARAQUARI;Velocidade Incompatível;Colisão com objeto;Com Vítimas Feridas;Pleno dia;Crescente;Chuva;Dupla;Curva;Não;2;0;1;1;2;0;0;1;-26,438677;-48,803016;SPRF-SC;DEL03/SC;UOP01-DEL03-SC
744817;10/01/2026;sábado;16:52:00;SE;235;47;ITABAIANA;Ingestão de álcool pelo condutor;Saída de leito carroçável;Sem Vítimas;Pleno dia;Crescente;Céu Claro;Simples;"Declive;Reta";Não;1;0;0;0;0;0;1;1;-10,734852;-37,408603;SPRF-SE;DEL01-SE;UOP02-DEL01-SE
744820;10/01/2026;sábado;17:10:00;TO;153;138;ARAGUAINA;Ausência de reação do condutor;Colisão transversal;Com Vítimas Feridas;Pleno dia;Decrescente;Céu Claro;Dupla;"Rotatória;Reta";Sim;2;0;0;1;1;1;0;2;-7,16180927;-48,20549637;SPRF-TO;DEL02-TO;UOP01-DEL02-TO
744822;10/01/2026;sábado;16:50:00;PE;101;82,8;JABOATAO DOS GUARARAPES;Condutor deixou de manter distância do veículo da frente;Colisão traseira;Sem Vítimas;Pleno dia;Decrescente;Céu Claro;Dupla;"Declive;Reta";Sim;2;0;0;0;0;1;0;2;-8,1747988;-34,9416882;SPRF-PE;DEL01/PE;UOP01-DEL01-PE
744823;02/01/2026;sexta-feira;16:35:00;SC;280;275,8;IRINEOPOLIS;Acessar a via sem observar a presença dos outros veículos;Colisão frontal;Com Vítimas Feridas;Pleno dia;Decrescente;Sol;Simples;"Curva;Interseção de Vias";Sim;7;0;4;2;6;1;0;2;-26,29090883;-50,78956811;SPRF-SC;DEL06/SC;UOP04-DEL06-SC
744826;10/01/2026;sábado;17:00:00;PB;230;135,9;MASSARANDUBA;Velocidade Incompatível;Capotamento;Com Vítimas Fatais;Pleno dia;Decrescente;Céu Claro;Dupla;Curva;Não;4;1;2;1;3;0;0;1;-7,27828;-35,772032;SPRF-PB;DEL02-PB;UOP01-DEL02-PB
744827;10/01/2026;sábado;17:25:00;TO;153;335;GUARAI;Conversão proibida;Colisão transversal;Com Vítimas Feridas;Anoitecer;Crescente;Céu Claro;Simples;"Reta;Interseção de Vias";Sim;3;0;1;0;1;2;0;2;-8,84714;-48,510758;SPRF-TO;DEL02-TO;UOP02-DEL02-TO
744828;10/01/2026;sábado;12:00:00;MG;251;420,6;GRAO MOGOL;Velocidade Incompatível;Saída de leito carroçável;Com Vítimas Feridas;Pleno dia;Crescente;Céu Claro;Simples;Curva;Não;4;0;3;1;4;0;0;1;-16,3052;-43,06353;SPRF-MG;DEL12/MG;UOP01-DEL12-MG
744829;10/01/2026;sábado;17:25:00;PB;230;17,4;JOAO PESSOA;Ausência de reação do condutor;Colisão traseira;Com Vítimas Feridas;Plena Noite;Crescente;Céu Claro;Múltipla;"Retorno Regulamentado;Reta";Sim;4;0;2;0;2;2;0;2;-7,11804275;-34,84405828;SPRF-PB;DEL01-PB;UOP01-DEL01-PB
744830;10/01/2026;sábado;17:40:00;SC;101;87;BARRA VELHA;Ultrapassagem Indevida;Colisão lateral mesmo sentido;Com Vítimas Feridas;Pleno dia;Decrescente;Nublado;Múltipla;Interseção de Vias;Sim;3;0;2;0;2;1;0;2;-26,64056382;-48,69156718;SPRF-SC;DEL03/SC;UOP02-DEL03-SC
744833;10/01/2026;sábado;17:30:00;MG;50;181;UBERABA;Objeto estático sobre o leito carroçável;Colisão com objeto;Com Vítimas Feridas;Pleno dia;Crescente;Céu Claro;Dupla;Reta;Sim;4;0;3;0;3;1;0;1;-19,7915803;-47,91281717;SPRF-MG;DEL13/MG;UOP01-DEL13-MG
744834;10/01/2026;sábado;15:33:00;MT;163;753;SORRISO;Ausência de reação do condutor;Tombamento;Com Vítimas Feridas;Pleno dia;Crescente;Céu Claro;Dupla;Reta;Sim;1;0;0;1;1;0;0;1;-12,549801;-55,712566;SPRF-MT;DEL06/MT;UOP01-DEL06-MT
744835;10/01/2026;sábado;17:45:00;PA;230;621;ALTAMIRA;Demais falhas mecânicas ou elétricas;Tombamento;Com Vítimas Feridas;Pleno dia;Crescente;Céu Claro;Simples;Reta;Não;2;0;2;0;2;0;0;1;-3,17252523;-52,14931011;SPRF-PA;DEL04/PA;UOP01-DEL04-PA
744839;10/01/2026;sábado;18:00:00;GO;70;1;AGUAS LINDAS DE GOIAS;Ingestão de álcool pelo condutor;Capotamento;Com Vítimas Feridas;Anoitecer;Crescente;Céu Claro;Dupla;Reta;Não;1;0;1;0;1;0;0;1;-15,77592969;-48,23284462;SPRF-DF;DEL03-DF;UOP02-DEL03-DF
744840;10/01/2026;sábado;17:46:00;RN;110;16;AREIA BRANCA;Reação tardia ou ineficiente do condutor;Saída de leito carroçável;Com Vítimas Feridas;Anoitecer;Decrescente;Céu Claro;Simples;Reta;Sim;3;0;2;0;2;1;0;1;-5,038432;-37,134936;SPRF-RN;DEL04-RN;UOP01-DEL04-RN
744842;10/01/2026;sábado;17:40:00;RJ;40;62;PETROPOLIS;Demais falhas mecânicas ou elétricas;Incêndio;Sem Vítimas;Pleno dia;Decrescente;Céu Claro;Dupla;Reta;Sim;1;0;0;0;0;1;0;1;-22,41340894;-43,14966202;SPRF-RJ;DEL05/RJ;UOP02-DEL05-RJ
744843;10/01/2026;sábado;17:25:00;SC;101;120;ITAJAI;Reação tardia ou ineficiente do condutor;Tombamento;Com Vítimas Feridas;Pleno dia;Crescente;Nublado;Múltipla;"Curva;Viaduto";Não;1;0;1;0;1;0;0;1;-26,91985056;-48,71016026;SPRF-SC;DEL04/SC;UOP04-DEL04-SC
744845;10/01/2026;sábado;17:05:00;MT;70;740;CACERES;Demais falhas mecânicas ou elétricas;Incêndio;Sem Vítimas;Pleno dia;Decrescente;Céu Claro;Simples;Reta;Não;1;0;0;0;0;1;0;1;-16,02;-57,733;SPRF-MT;DEL03/MT;UOP01-DEL03-MT
744846;10/01/2026;sábado;18:20:00;BA;101;495;ITABUNA;Acessar a via sem observar a presença dos outros veículos;Colisão transversal;Com Vítimas Feridas;Anoitecer;Crescente;Garoa/Chuvisco;Simples;Reta;Não;4;0;3;0;3;1;0;2;-14,72758091;-39,34631545;SPRF-BA;DEL05/BA;UOP01-DEL05-BA
744848;10/01/2026;sábado;15:45:00;SC;153;45,3;VARGEM BONITA;Reação tardia ou ineficiente do condutor;Saída de leito carroçável;Com Vítimas Feridas;Pleno dia;Crescente;Chuva;Simples;Curva;Não;2;0;2;0;2;0;0;1;-26,89038;-51,763558;SPRF-SC;DEL07/SC;UOP07-DEL07-SC
744849;10/01/2026;sábado;18:00:00;PR;116;46;CAMPINA GRANDE DO SUL;Chuva;Colisão com objeto;Sem Vítimas;Anoitecer;Crescente;Chuva;Dupla;Curva;Não;1;0;0;0;0;1;0;1;-25,24355874;-48,90252963;SPRF-PR;DEL01/PR;UOP02-DEL01-PR
744850;10/01/2026;sábado;17:50:00;PB;230;38;SANTA RITA;Manobra de mudança de faixa;Colisão lateral mesmo sentido;Sem Vítimas;Anoitecer;Decrescente;Céu Claro;Dupla;Reta;Sim;2;0;0;0;0;2;0;2;-7,13427536;-34,96230483;SPRF-PB;DEL01-PB;UOP02-DEL01-PB
744852;10/01/2026;sábado;18:18:00;PR;116;23;ANTONINA;Chuva;Saída de leito carroçável;Com Vítimas Feridas;Plena Noite;Decrescente;Chuva;Dupla;"Declive;Curva";Não;2;0;2;0;2;0;0;1;-25,113287;-48,758342;SPRF-PR;DEL01/PR;UOP02-DEL01-PR
744854;10/01/2026;sábado;19:00:00;PA;230;9,7;ALTAMIRA;Ultrapassagem Indevida;Colisão lateral mesmo sentido;Com Vítimas Feridas;Plena Noite;Crescente;Céu Claro;Simples;Declive;Não;2;0;2;0;2;0;0;2;-3,19244;-52,22757;SPRF-PA;DEL03/PA;UOP01-DEL03-PA
744856;10/01/2026;sábado;19:08:00;MG;40;507,7;RIBEIRAO DAS NEVES;Pedestre cruzava a pista fora da faixa;Atropelamento de Pedestre;Com Vítimas Fatais;Plena Noite;Decrescente;Céu Claro;Dupla;Reta;Sim;2;1;0;1;1;0;0;2;-19,758542;-44,137453;SPRF-MG;DEL02/MG;UOP01-DEL02-MG
744857;10/01/2026;sábado;18:48:00;PE;232;236,9;ARCOVERDE;Manobra de mudança de faixa;Colisão lateral mesmo sentido;Sem Vítimas;Plena Noite;Crescente;Céu Claro;Simples;"Aclive;Reta";Não;3;0;0;0;0;1;0;2;-8,416408;-36,936322;SPRF-PE;DEL04/PE;UOP02-DEL04-PE
744859;10/01/2026;sábado;18:10:00;PR;277;69;SAO JOSE DOS PINHAIS;Ausência de reação do condutor;Engavetamento;Com Vítimas Feridas;Pleno dia;Crescente;Chuva;Dupla;Reta;Não;5;0;1;0;1;4;0;4;-25,51796726;-49,11643982;SPRF-PR;DEL01/PR;UOP01-DEL01-PR
744860;10/01/2026;sábado;19:31:00;RJ;101;399;ITAGUAI;Entrada inopinada do pedestre;Atropelamento de Pedestre;Com Vítimas Feridas;Anoitecer;Decrescente;Céu Claro;Dupla;Reta;Sim;2;0;2;0;2;0;0;2;-22,859217;-43,759223;SPRF-RJ;DEL03/RJ;UOP01-DEL03-RJ
744862;10/01/2026;sábado;19:45:00;RS;386;348,8;LAJEADO;Reação tardia ou ineficiente do condutor;Colisão com objeto;Sem Vítimas;Plena Noite;Decrescente;Chuva;Múltipla;Reta;Não;3;0;0;0;0;0;1;2;-29,46550662;-51,95507225;SPRF-RS;DEL04/RS;UOP01-DEL04-RS
744863;10/01/2026;sábado;15:25:00;PA;316;32;SANTA IZABEL DO PARA;Velocidade Incompatível;Saída de leito carroçável;Com Vítimas Feridas;Pleno dia;Decrescente;Chuva;Dupla;Curva;Não;4;0;3;0;3;1;0;1;-1,298553;-48,190554;SPRF-PA;DEL01/PA;UOP01-DEL01-PA
744865;10/01/2026;sábado;15:45:00;RS;116;211;MORRO REUTER;Velocidade Incompatível;Tombamento;Com Vítimas Feridas;Pleno dia;Decrescente;Céu Claro;Simples;Curva;Não;1;0;1;0;1;0;0;1;-29,51124089;-51,09841911;SPRF-RS;DEL05/RS;UOP02-DEL05-RS
744866;10/01/2026;sábado;18:40:00;BA;20;203;LUIS EDUARDO MAGALHAES;Ausência de reação do condutor;Colisão lateral mesmo sentido;Com Vítimas Feridas;Plena Noite;Crescente;Céu Claro;Simples;Reta;Não;2;0;1;0;1;1;0;2;-12,166135;-45,821418;SPRF-BA;DEL10/BA;UOP01-DEL10-BA
744868;10/01/2026;sábado;20:00:00;GO;20;30;FORMOSA;Sinalização mal posicionada;Saída de leito carroçável;Com Vítimas Feridas;Plena Noite;Crescente;Céu Claro;Dupla;Reta;Sim;5;0;3;0;3;2;0;1;-15,497636;-47,109498;SPRF-DF;DEL02-DF;UOP02-DEL02-DF
744869;10/01/2026;sábado;20:30:00;PB;101;86;BAYEUX;Ingestão de álcool pelo condutor;Colisão com objeto;Com Vítimas Feridas;Plena Noite;Decrescente;Céu Claro;Dupla;"Declive;Reta";Sim;1;0;1;0;1;0;0;1;-7,1480776;-34,9155997;SPRF-PB;DEL01-PB;UOP01-DEL01-PB
744870;10/01/2026;sábado;19:30:00;PI;343;256;CAMPO MAIOR;Ausência de reação do condutor;Colisão com objeto;Com Vítimas Feridas;Plena Noite;Decrescente;Nublado;Simples;"Reta;Ponte";Não;1;0;1;0;1;0;0;1;-4,78414466;-42,11676121;SPRF-PI;DEL01-PI;UOP03-DEL01-PI
744871;10/01/2026;sábado;19:10:00;MG;365;169;BURITIZEIRO;Transitar na contramão;Colisão frontal;Com Vítimas Feridas;Plena Noite;Crescente;Céu Claro;Simples;Reta;Não;6;0;3;1;4;2;0;2;-17,38363;-44,98395;SPRF-MG;DEL10/MG;UOP02-DEL010-MG
744872;10/01/2026;sábado;20:05:00;MG;116;429;ALPERCATA;Acessar a via sem observar a presença dos outros veículos;Colisão transversal;Com Vítimas Feridas;Plena Noite;Decrescente;Céu Claro;Simples;Reta;Não;4;0;1;0;1;3;0;2;-18,9925557;-41,982182;SPRF-MG;DEL06/MG;UOP01-DEL06-MG
744874;10/01/2026;sábado;17:45:00;SC;282;446,1;PONTE SERRADA;Velocidade Incompatível;Capotamento;Com Vítimas Feridas;Pleno dia;Decrescente;Garoa/Chuvisco;Simples;Curva;Não;1;0;1;0;1;0;0;1;-26,91212076;-51,9048214;SPRF-SC;DEL07/SC;UOP04-DEL07-SC
744875;10/01/2026;sábado;21:00:00;RJ;40;122;DUQUE DE CAXIAS;Reação tardia ou ineficiente do condutor;Queda de ocupante de veículo;Com Vítimas Feridas;Plena Noite;Crescente;Céu Claro;Múltipla;Reta;Sim;1;0;1;0;1;0;0;1;-22,78264815;-43,28570366;SPRF-RJ;DEL01/RJ;UOP02-DEL01-RJ
744876;10/01/2026;sábado;20:31:00;TO;153;423;MIRACEMA DO TOCANTINS;Pista esburacada;Colisão traseira;Com Vítimas Feridas;Plena Noite;Crescente;Céu Claro;Simples;Reta;Não;8;0;2;0;2;6;0;2;-9,631568;-48,635708;SPRF-TO;DEL01-TO;UOP01-DEL01-TO
744877;10/01/2026;sábado;20:30:00;RN;405;101;ITAU;Reação tardia ou ineficiente do condutor;Colisão traseira;Com Vítimas Feridas;Plena Noite;Crescente;Céu Claro;Simples;Reta;Não;2;0;0;1;1;1;0;2;-5,811503;-37,947345;SPRF-RN;DEL04-RN;UOP02-DEL04-RN
744878;10/01/2026;sábado;18:40:00;GO;60;387;RIO VERDE;Ingestão de álcool pelo condutor;Saída de leito carroçável;Sem Vítimas;Anoitecer;Decrescente;Nublado;Simples;"Interseção de Vias;Curva";Sim;1;0;0;0;0;1;0;1;-17,82295;-50,950652;SPRF-GO;DEL04/GO;UOP02-DEL04-GO
744879;10/01/2026;sábado;20:20:00;MA;10;285,4;IMPERATRIZ;Acessar a via sem observar a presença dos outros veículos;Colisão transversal;Com Vítimas Feridas;Plena Noite;Decrescente;Céu Claro;Simples;Reta;Sim;3;0;1;0;1;2;0;2;-5,3269699;-47,4905714;SPRF-MA;DEL04-MA;UOP01-DEL04-MA
744881;10/01/2026;sábado;20:30:00;RN;304;119,2;ITAJA;Reação tardia ou ineficiente do condutor;Atropelamento de Animal;Com Vítimas Feridas;Plena Noite;Crescente;Céu Claro;Simples;Reta;Não;3;0;1;0;1;2;0;1;-5,629659;-36,864937;SPRF-RN;DEL04-RN;UOP01-DEL04-RN
744884;10/01/2026;sábado;22:00:00;RJ;101;66;CAMPOS DOS GOYTACAZES;Manobra de mudança de faixa;Colisão transversal;Com Vítimas Feridas;Plena Noite;Decrescente;Céu Claro;Múltipla;Rotatória;Sim;2;0;2;0;2;0;0;1;-21,766957;-41,346802;SPRF-RJ;DEL08/RJ;UOP02-DEL08-RJ
744887;10/01/2026;sábado;21:45:00;SC;101;435,3;SOMBRIO;Ultrapassagem Indevida;Colisão lateral mesmo sentido;Com Vítimas Feridas;Plena Noite;Crescente;Garoa/Chuvisco;Simples;"Reta;Interseção de Vias";Sim;2;0;1;0;1;1;0;2;-29,10805239;-49,63761298;SPRF-SC;DEL02/SC;UOP02-DEL02-SC
744888;10/01/2026;sábado;20:00:00;RJ;101;428;MANGARATIBA;Desrespeitar a preferência no cruzamento;Colisão transversal;Com Vítimas Feridas;Plena Noite;Crescente;Céu Claro;Simples;Interseção de Vias;Sim;3;0;1;0;1;2;0;2;-22,93530962;-43,99815361;SPRF-RJ;DEL03/RJ;UOP02-DEL03-RJ
744889;10/01/2026;sábado;19:40:00;MG;116;508,6;UBAPORANGA;Acessar a via sem observar a presença dos outros veículos;Colisão transversal;Com Vítimas Feridas;Plena Noite;Crescente;Céu Claro;Simples;"Curva;Interseção de Vias";Sim;2;0;1;0;1;1;0;2;-19,63331133;-42,10586429;SPRF-MG;DEL06/MG;UOP02-DEL06-MG
744890;10/01/2026;sábado;21:00:00;AL;101;45,8;FLEXEIRAS;Ausência de reação do condutor;Colisão frontal;Sem Vítimas;Plena Noite;Crescente;Nublado;Dupla;Curva;Não;1;0;0;0;0;0;1;1;-9,208557;-35,783299;SPRF-AL;DEL01-AL;UOP02-DEL01-AL
744891;10/01/2026;sábado;21:15:00;RN;110;43,5;MOSSORO;Reação tardia ou ineficiente do condutor;Colisão traseira;Com Vítimas Feridas;Plena Noite;Decrescente;Céu Claro;Simples;Reta;Sim;2;0;0;1;1;0;0;2;-5,18415;-37,300017;SPRF-RN;DEL04-RN;UOP01-DEL04-RN
744892;10/01/2026;sábado;21:57:00;SE;235;51;ITABAIANA;Ingestão de álcool pelo condutor;Colisão transversal;Com Vítimas Feridas;Plena Noite;Crescente;Céu Claro;Simples;"Reta;Retorno Regulamentado";Não;2;0;2;0;2;0;0;2;-10,70185195;-37,42947578;SPRF-SE;DEL01-SE;UOP02-DEL01-SE
744893;10/01/2026;sábado;21:40:00;RJ;493;96;SEROPEDICA;Ausência de reação do condutor;Capotamento;Com Vítimas Feridas;Plena Noite;Crescente;Nublado;Dupla;Reta;Não;2;0;1;0;1;1;0;1;-22,71141646;-43,70013177;SPRF-RJ;DEL01/RJ;UOP03-DEL01-RJ
744894;10/01/2026;sábado;13:30:00;RJ;465;14;SEROPEDICA;Reação tardia ou ineficiente do condutor;Colisão lateral mesmo sentido;Com Vítimas Feridas;Pleno dia;Decrescente;Céu Claro;Simples;Reta;Não;2;0;1;0;1;0;0;2;-22,80194745;-43,64256319;SPRF-RJ;DEL06/RJ;UOP02-DEL06-RJ
744895;10/01/2026;sábado;22:00:00;GO;60;164,1;GOIANIA;Velocidade Incompatível;Saída de leito carroçável;Com Vítimas Feridas;Plena Noite;Decrescente;Nublado;Múltipla;Reta;Sim;1;0;1;0;1;0;0;1;-16,71316622;-49,35821121;SPRF-GO;DEL01/GO;UOP02-DEL01-GO
744897;10/01/2026;sábado;23:15:00;SC;101;202,2;SAO JOSE;Ingestão de álcool pelo condutor;Colisão com objeto;Com Vítimas Feridas;Plena Noite;Decrescente;Nublado;Múltipla;Reta;Sim;1;0;1;0;1;0;0;1;-27,55813903;-48,61831488;SPRF-SC;DEL01/SC;UOP01-DEL01-SC
744898;10/01/2026;sábado;22:45:00;SC;282;18,6;PALHOCA;Ausência de reação do condutor;Colisão com objeto;Sem Vítimas;Plena Noite;Crescente;Nublado;Simples;"Viaduto;Reta";Sim;1;0;0;0;0;0;1;1;-27,67622;-48,69906;SPRF-SC;DEL01/SC;UOP02-DEL01-SC
744899;10/01/2026;sábado;22:30:00;RJ;101;309;SAO GONCALO;Pedestre cruzava a pista fora da faixa;Atropelamento de Pedestre;Com Vítimas Fatais;Plena Noite;Decrescente;Céu Claro;Dupla;Reta;Não;3;1;0;0;0;1;0;3;-22,79739982;-43,04491973;SPRF-RJ;DEL02/RJ;UOP02-DEL02-RJ
744900;10/01/2026;sábado;22:00:00;MT;364;388;SANTO ANTONIO DO LEVERGER;Acumulo de areia ou detritos sobre o pavimento;Queda de ocupante de veículo;Com Vítimas Feridas;Plena Noite;Decrescente;Céu Claro;Dupla;Reta;Não;1;0;1;0;1;0;0;1;-15,70130103;-55,87482011;SPRF-MT;DEL01/MT;UOP02-DEL01-MT
744901;10/01/2026;sábado;23:10:00;SC;280;7;SAO FRANCISCO DO SUL;Reação tardia ou ineficiente do condutor;Engavetamento;Com Vítimas Feridas;Plena Noite;Crescente;Chuva;Simples;Rotatória;Sim;3;0;2;0;2;1;0;3;-26,269887;-48,640033;SPRF-SC;DEL03/SC;UOP03-DEL03-SC
744902;10/01/2026;sábado;21:30:00;PR;376;341;ORTIGUEIRA;Ausência de reação do condutor;Saída de leito carroçável;Com Vítimas Feridas;Plena Noite;Decrescente;Chuva;Simples;Curva;Não;1;0;0;1;1;0;0;1;-24,15930201;-50,97256534;SPRF-PR;DEL07/PR;UOP02-DEL07-PR
744903;10/01/2026;sábado;23:18:00;PE;232;407;SERRA TALHADA;Condutor deixou de manter distância do veículo da frente;Colisão traseira;Sem Vítimas;Plena Noite;Crescente;Céu Claro;Simples;Reta;Sim;3;0;0;0;0;3;0;2;-7,984832;-38,274285;SPRF-PE;DEL04/PE;UOP01-DEL04-PE
744904;10/01/2026;sábado;21:34:00;RO;364;340,4;JI-PARANA;Acessar a via sem observar a presença dos outros veículos;Colisão transversal;Com Vítimas Feridas;Plena Noite;Crescente;Céu Claro;Simples;Reta;Sim;3;0;1;1;2;0;0;2;-10,8918107;-61,9306874;SPRF-RO;DEL02-RO;UOP01-DEL02-RO
744905;11/01/2026;domingo;00:10:00;SP;116;229;SAO PAULO;Transitar no Acostamento;Colisão traseira;Com Vítimas Feridas;Plena Noite;Decrescente;Céu Claro;Múltipla;Reta;Não;3;0;2;1;3;0;0;2;-23,51462;-46,577953;SPRF-SP;DEL01/SP;UOP01-DEL01-SP
744906;10/01/2026;sábado;21:20:00;SP;101;50;UBATUBA;Ausência de reação do condutor;Colisão traseira;Sem Vítimas;Plena Noite;Crescente;Céu Claro;Simples;Interseção de Vias;Sim;3;0;0;0;0;3;0;2;-23,45322044;-45,07440577;SPRF-SP;DEL06/SP;UOP01-DEL06-SP
744908;11/01/2026;domingo;00:20:00;RS;116;150,2;CAXIAS DO SUL;Acessar a via sem observar a presença dos outros veículos;Colisão transversal;Com Vítimas Feridas;Plena Noite;Crescente;Chuva;Dupla;Interseção de Vias;Sim;4;0;1;0;1;3;0;2;-29,17043;-51,1596;SPRF-RS;DEL05/RS;UOP01-DEL05-RS
744909;11/01/2026;domingo;00:08:00;RS;285;157,2;MUITOS CAPOES;Ausência de reação do condutor;Colisão frontal;Com Vítimas Fatais;Plena Noite;Crescente;Céu Claro;Simples;Curva;Não;38;1;3;0;3;34;0;2;-28,32484826;-51,20027758;SPRF-RS;DEL05/RS;UOP03-DEL05-RS
744910;11/01/2026;domingo;01:30:00;MG;381;322,2;NOVA ERA;Pedestre andava na pista;Atropelamento de Pedestre;Com Vítimas Fatais;Plena Noite;Crescente;Céu Claro;Dupla;"Aclive;Reta";Sim;2;1;0;0;0;1;0;2;-19,75512888;-43,02729964;SPRF-MG;DEL03/MG;UOP02-DEL03-MG
744911;11/01/2026;domingo;01:20:00;SP;153;27;NOVA GRANADA;Transitar na contramão;Colisão frontal;Com Vítimas Feridas;Plena Noite;Decrescente;Céu Claro;Simples;"Aclive;Curva";Não;3;0;2;0;2;1;0;2;-20,514932;-49,32328;SPRF-SP;DEL09/SP;UOP01-DEL09-SP
744913;10/01/2026;sábado;23:30:00;SC;470;170;POUSO REDONDO;Reação tardia ou ineficiente do condutor;Colisão lateral sentido oposto;Sem Vítimas;Plena Noite;Decrescente;Chuva;Simples;"Curva;Aclive";Não;3;0;0;0;0;2;0;3;-27,26564319;-49,88821793;SPRF-SC;DEL04/SC;UOP02-DEL04-SC
744914;11/01/2026;domingo;00:14:00;PE;232;333;CUSTODIA;Animais na Pista;Atropelamento de Animal;Com Vítimas Feridas;Plena Noite;Crescente;Céu Claro;Simples;Curva;Sim;1;0;0;1;1;0;0;1;-8,084312;-37,645915;SPRF-PE;DEL04/PE;UOP02-DEL04-PE
744915;11/01/2026;domingo;02:20:00;PB;104;130;CAMPINA GRANDE;Reação tardia ou ineficiente do condutor;Tombamento;Com Vítimas Feridas;Plena Noite;Crescente;Céu Claro;Simples;"Reta;Em Obras;Interseção de Vias;Desvio Temporário";Sim;1;0;0;1;1;0;0;1;-7,282026;-35,889179;SPRF-PB;DEL02-PB;UOP01-DEL02-PB
744916;11/01/2026;domingo;02:00:00;MG;365;614,5;UBERLANDIA;Ausência de reação do condutor;Colisão com objeto;Com Vítimas Feridas;Plena Noite;Decrescente;Céu Claro;Simples;"Viaduto;Curva";Sim;1;0;0;1;1;0;0;1;-18,90986941;-48,22445512;SPRF-MG;DEL15/MG;UOP01-DEL15-MG
744917;11/01/2026;domingo;03:45:00;SP;116;223;GUARULHOS;Ingestão de álcool pelo condutor;Saída de leito carroçável;Sem Vítimas;Plena Noite;Decrescente;Céu Claro;Dupla;"Interseção de Vias;Reta";Sim;2;0;0;0;0;2;0;2;-23,4802562;-46,53167931;SPRF-SP;DEL01/SP;UOP01-DEL01-SP
744918;11/01/2026;domingo;02:30:00;MA;135;180;SAO MATEUS DO MARANHAO;Animais na Pista;Atropelamento de Animal;Com Vítimas Fatais;Plena Noite;Crescente;Céu Claro;Simples;Reta;Sim;1;1;0;0;0;0;0;1;-4,03886867;-44,46514606;SPRF-MA;DEL03-MA;UOP01-DEL03-MA
744919;10/01/2026;sábado;23:50:00;RS;386;356,6;ESTRELA;Avarias e/ou desgaste excessivo no pneu;Saída de leito carroçável;Sem Vítimas;Plena Noite;Crescente;Garoa/Chuvisco;Dupla;"Curva;Retorno Regulamentado";Não;1;0;0;0;0;0;1;1;-29,527972;-51,930725;SPRF-RS;DEL04/RS;UOP01-DEL04-RS
744920;11/01/2026;domingo;04:00:00;PR;369;162;CAMBE;Velocidade Incompatível;Saída de leito carroçável;Com Vítimas Feridas;Amanhecer;Crescente;Céu Claro;Dupla;"Declive;Reta";Não;2;0;2;0;2;0;0;1;-23,29351159;-51,26849209;SPRF-PR;DEL07/PR;UOP01-DEL07-PR