id;data_inversa;dia_semana;horario;uf;br;km;municipio;causa_acidente;tipo_acidente;classificacao_acidente;fase_dia;sentido_via;condicao_metereologica;tipo_pista;tracado_via;uso_solo;pessoas;mortos;feridos_leves;feridos_graves;feridos;ilesos;ignorados;veiculos;latitude;longitude;regional;delegacia;uop
745137;12/01/2026;segunda-feira;03:00:00;PE;232;325;CUSTODIA;Animais na Pista;Atropelamento de Animal;Com Vítimas Feridas;Plena Noite;Decrescente;Céu Claro;Simples;"Aclive;Curva";Não;3;0;0;1;1;2;0;1;-8,091697;-37,580205;SPRF-PE;DEL04/PE;UOP02-DEL04-PE
745139;12/01/2026;segunda-feira;04:30:00;PR;277;24,8;MORRETES;Velocidade Incompatível;Tombamento;Com Vítimas Fatais;Amanhecer;Crescente;Céu Claro;Múltipla;Reta;Não;1;1;0;0;0;0;0;1;-25,53015477;-48,74770515;SPRF-PR;DEL01/PR;UOP05-DEL01-PR
745141;12/01/2026;segunda-feira;03:20:00;AM;174;1008;PRESIDENTE FIGUEIREDO;Pista esburacada;Saída de leito carroçável;Com Vítimas Fatais;Plena Noite;Crescente;Céu Claro;Simples;Reta;Não;3;1;1;1;2;0;0;1;-1,90094;-60,06425;SPRF-AM;DEL01-AM;UOP02-DEL01-AM
745142;12/01/2026;segunda-feira;00:10:00;RJ;393;276;BARRA DO PIRAI;Transitar na contramão;Colisão lateral sentido oposto;Sem Vítimas;Plena Noite;Crescente;Céu Claro;Simples;Reta;Não;7;0;0;0;0;7;0;2;-22,47768861;-44,02019498;SPRF-RJ;DEL05/RJ;UOP04-DEL05-RJ
745145;12/01/2026;segunda-feira;05:40:00;RJ;101;237;RIO BONITO;Condutor Dormindo;Saída de leito carroçável;Com Vítimas Feridas;Amanhecer;Crescente;Céu Claro;Dupla;Reta;Sim;3;0;1;0;1;2;0;1;-22,693864;-42,557091;SPRF-RJ;DEL02/RJ;UOP03-DEL02-RJ
745146;12/01/2026;segunda-feira;06:15:00;RN;304;25;MOSSORO;Acessar a via sem observar a presença dos outros veículos;Colisão transversal;Com Vítimas Feridas;Pleno dia;Decrescente;Céu Claro;Simples;Reta;Não;2;0;1;0;1;1;0;2;-5,07376471;-37,33191848;SPRF-RN;DEL04-RN;UOP02-DEL04-RN
745148;12/01/2026;segunda-feira;00:10:00;SC;101;129;CAMBORIU;Ingestão de álcool pelo condutor;Saída de leito carroçável;Sem Vítimas;Plena Noite;Crescente;Nublado;Simples;Reta;Sim;1;0;0;0;0;1;0;1;-26,98359;-48,67139;SPRF-SC;DEL04/SC;UOP03-DEL04-SC
745149;12/01/2026;segunda-feira;06:30:00;MG;50;191,5;UBERABA;Condutor Dormindo;Colisão com objeto;Com Vítimas Feridas;Pleno dia;Crescente;Chuva;Dupla;Reta;Não;1;0;1;0;1;0;0;1;-19,86506;-47,86377;SPRF-MG;DEL13/MG;UOP01-DEL13-MG
745150;12/01/2026;segunda-feira;06:30:00;SP;116;282;EMBU DAS ARTES;Estacionar ou parar em local proibido;Colisão traseira;Com Vítimas Feridas;Pleno dia;Decrescente;Céu Claro;Dupla;Reta;Sim;4;0;3;0;3;1;0;1;-23,65392884;-46,84851836;SPRF-SP;DEL04/SP;UOP01-DEL04-SP
745152;12/01/2026;segunda-feira;06:55:00;RS;158;326;SANTA MARIA;Desrespeitar a preferência no cruzamento;Colisão transversal;Com Vítimas Feridas;Pleno dia;Crescente;Nublado;Dupla;Rotatória;Sim;2;0;1;0;1;1;0;2;-29,714742;-53,810553;SPRF-RS;DEL09/RS;UOP01-DEL09-RS
745154;12/01/2026;segunda-feira;07:25:00;SC;101;119;ITAJAI;Ausência de reação do condutor;Tombamento;Com Vítimas Feridas;Pleno dia;Decrescente;Garoa/Chuvisco;Múltipla;Reta;Sim;1;0;0;1;1;0;0;1;-26,89446362;-48,71990204;SPRF-SC;DEL04/SC;UOP04-DEL04-SC
745156;12/01/2026;segunda-feira;07:15:00;TO;10;454,6;PALMAS;Ausência de reação do condutor;Colisão traseira;Sem Vítimas;Pleno dia;Crescente;Céu Claro;Dupla;Reta;Sim;2;0;0;0;0;2;0;2;-10,310022;-48,297206;SPRF-TO;DEL01-TO;UOP03-DEL01-TO
745157;12/01/2026;segunda-feira;07:45:00;RS;290;82;GRAVATAI;Condutor deixou de manter distância do veículo da frente;Colisão traseira;Com Vítimas Feridas;Pleno dia;Crescente;Céu Claro;Múltipla;Reta;Não;2;0;1;0;1;1;0;2;-29,95493455;-51,07286453;SPRF-RS;DEL01/RS;UOP01-DEL01-RS
745158;11/01/2026;domingo;22:30:00;MG;262;180;SAO DOMINGOS DO PRATA;Velocidade Incompatível;Capotamento;Com Vítimas Feridas;Plena Noite;Decrescente;Céu Claro;Simples;Reta;Não;3;0;1;0;1;2;0;1;-19,927292;-42,995058;SPRF-MG;DEL03/MG;UOP01-DEL03-MG
745159;11/01/2026;domingo;23:00:00;RJ;40;113;DUQUE DE CAXIAS;Reação tardia ou ineficiente do condutor;Colisão traseira;Com Vítimas Feridas;Plena Noite;Crescente;Céu Claro;Múltipla;"Aclive;Reta";Sim;2;0;1;0;1;0;0;2;-22,70880956;-43,29043313;SPRF-RJ;DEL01/RJ;UOP02-DEL01-RJ
745160;11/01/2026;domingo;19:30:00;MT;163;1030;PEIXOTO DE AZEVEDO;Acessar a via sem observar a presença dos outros veículos;Colisão transversal;Com Vítimas Feridas;Plena Noite;Crescente;Céu Claro;Simples;Reta;Sim;2;0;1;0;1;1;0;2;-10,24192349;-54,98660636;SPRF-MT;DEL06/MT;UOP03-DEL06-MT
745161;12/01/2026;segunda-feira;06:40:00;PA;316;40;SANTA IZABEL DO PARA;Reação tardia ou ineficiente do condutor;Saída de leito carroçável;Com Vítimas Feridas;Pleno dia;Crescente;Céu Claro;Dupla;Reta;Não;2;0;2;0;2;0;0;1;-1,279739;-48,123226;SPRF-PA;DEL01/PA;UOP01-DEL01-PA
745162;12/01/2026;segunda-feira;07:40:00;RS;290;104;ELDORADO DO SUL;Condutor deixou de manter distância do veículo da frente;Colisão traseira;Sem Vítimas;Pleno dia;Decrescente;Céu Claro;Dupla;Reta;Não;1;0;0;0;0;1;0;1;-29,99337;-51,279928;SPRF-RS;DEL02/RS;UOP01-DEL02-RS
745163;12/01/2026;segunda-feira;08:00:00;RJ;101;328;NITEROI;Condutor deixou de manter distância do veículo da frente;Colisão traseira;Com Vítimas Feridas;Pleno dia;Crescente;Céu Claro;Simples;"Ponte;Reta";Sim;3;0;1;0;1;2;0;2;-22,87079766;-43,16133499;SPRF-RJ;DEL02/RJ;UOP01-DEL02-RJ
745167;12/01/2026;segunda-feira;06:40:00;RJ;101;287;ITABORAI;Avarias e/ou desgaste excessivo no pneu;Queda de ocupante de veículo;Com Vítimas Feridas;Pleno dia;Crescente;Céu Claro;Dupla;Curva;Não;2;0;1;0;1;1;0;1;-22,755506;-42,836627;SPRF-RJ;DEL02/RJ;UOP02-DEL02-RJ
745168;12/01/2026;segunda-feira;06:00:00;BA;116;875;VITORIA DA CONQUISTA;Pista esburacada;Tombamento;Com Vítimas Feridas;Pleno dia;Decrescente;Nublado;Simples;Reta;Não;2;0;1;0;1;1;0;1;-15,24437;-41,10824;SPRF-BA;DEL08/BA;UOP03-DEL08-BA
745169;12/01/2026;segunda-feira;08:40:00;RN;101;96,2;NATAL;Condutor deixou de manter distância do veículo da frente;Colisão traseira;Com Vítimas Feridas;Pleno dia;Decrescente;Sol;Múltipla;Reta;Sim;2;0;1;0;1;1;0;2;-5,85069;-35,209418;SPRF-RN;DEL01-RN;UOP01-DEL01-RN
745170;12/01/2026;segunda-feira;07:56:00;MG;381;501;BETIM;Reação tardia ou ineficiente do condutor;Colisão traseira;Com Vítimas Feridas;Pleno dia;Decrescente;Céu Claro;Dupla;Reta;Não;7;0;1;0;1;6;0;5;-20,01076275;-44,2186693;SPRF-MG;DEL01/MG;UOP03-DEL01-MG
745171;12/01/2026;segunda-feira;07:25:00;SP;116;132,9;CACAPAVA;Trafegar com motocicleta (ou similar) entre as faixas;Tombamento;Com Vítimas Feridas;Pleno dia;Crescente;Céu Claro;Dupla;Reta;Sim;1;0;1;0;1;0;0;1;-23,1325067;-45,74681282;SPRF-SP;DEL02/SP;UOP02-DEL02-SP
745172;12/01/2026;segunda-feira;08:35:00;PR;116;29;CAMPINA GRANDE DO SUL;Pista Escorregadia;Saída de leito carroçável;Com Vítimas Feridas;Pleno dia;Decrescente;Chuva;Dupla;"Declive;Curva";Não;2;0;1;0;1;1;0;1;-25,11227662;-48,81332271;SPRF-PR;DEL01/PR;UOP02-DEL01-PR
745173;11/01/2026;domingo;23:30:00;RJ;40;111;DUQUE DE CAXIAS;Acessar a via sem observar a presença dos outros veículos;Colisão traseira;Com Vítimas Feridas;Plena Noite;Decrescente;Céu Claro;Dupla;Reta;Sim;3;0;1;1;2;1;0;2;-22,692585;-43,287437;SPRF-RJ;DEL01/RJ;UOP02-DEL01-RJ
745174;12/01/2026;segunda-feira;07:50:00;RJ;101;416;MANGARATIBA;Conversão proibida;Colisão transversal;Com Vítimas Feridas;Pleno dia;Crescente;Sol;Simples;"Aclive;Reta";Não;3;0;1;0;1;2;0;2;-22,91458873;-43,90144014;SPRF-RJ;DEL03/RJ;UOP02-DEL03-RJ
745175;12/01/2026;segunda-feira;08:30:00;RJ;116;191;NOVA IGUACU;Ausência de reação do condutor;Colisão traseira;Com Vítimas Feridas;Pleno dia;Decrescente;Céu Claro;Dupla;Reta;Sim;3;0;1;0;1;2;0;2;-22,74359639;-43,50588735;SPRF-RJ;DEL06/RJ;UOP01-DEL06-RJ
745178;06/01/2026;terça-feira;18:06:00;BA;324;619;SALVADOR;Acesso irregular;Colisão lateral mesmo sentido;Com Vítimas Feridas;Anoitecer;Decrescente;Céu Claro;Dupla;Reta;Não;4;0;1;0;1;3;0;3;-12,90685952;-38,4576416;SPRF-BA;DEL01/BA;UOP01-DEL01-BA
745179;12/01/2026;segunda-feira;07:15:00;MG;153;8;ARAPORA;Ausência de reação do condutor;Saída de leito carroçável;Sem Vítimas;Pleno dia;Crescente;Céu Claro;Dupla;Reta;Não;1;0;0;0;0;0;1;1;-18,495275;-49,188932;SPRF-MG;DEL15/MG;UOP03-DEL15-MG
745180;12/01/2026;segunda-feira;09:15:00;MG;116;413,8;GOVERNADOR VALADARES;Condutor deixou de manter distância do veículo da frente;Colisão traseira;Com Vítimas Feridas;Pleno dia;Decrescente;Sol;Simples;"Reta;Ponte";Sim;3;0;0;2;2;1;0;2;-18,8831463;-41,9537906;SPRF-MG;DEL06/MG;UOP01-DEL06-MG
745182;12/01/2026;segunda-feira;10:00:00;SC;101;124;ITAJAI;Ausência de reação do condutor;Tombamento;Com Vítimas Feridas;Pleno dia;Decrescente;Nublado;Dupla;Reta;Não;2;0;1;1;2;0;0;1;-26,9405674;-48,69460478;SPRF-SC;DEL04/SC;UOP04-DEL04-SC
745186;12/01/2026;segunda-feira;07:10:00;MT;364;204,7;RONDONOPOLIS;Acessar a via sem observar a presença dos outros veículos;Colisão transversal;Com Vítimas Feridas;Pleno dia;Decrescente;Sol;Dupla;"Rotatória;Reta";Sim;4;0;1;0;1;3;0;2;-16,457365;-54,662006;SPRF-MT;DEL02/MT;UOP01-DEL02-MT
745187;12/01/2026;segunda-feira;07:30:00;ES;262;88;DOMINGOS MARTINS;Demais falhas mecânicas ou elétricas;Incêndio;Sem Vítimas;Pleno dia;Crescente;Céu Claro;Simples;Reta;Não;1;0;0;0;0;0;1;1;-20,38881693;-41,01515716;SPRF-ES;DEL01-ES;UOP02-DEL01-ES
745188;12/01/2026;segunda-feira;09:20:00;MG;116;506,5;UBAPORANGA;Acessar a via sem observar a presença dos outros veículos;Colisão transversal;Com Vítimas Feridas;Pleno dia;Crescente;Céu Claro;Simples;"Reta;Interseção de Vias";Não;2;0;1;0;1;1;0;2;-19,62417271;-42,10611821;SPRF-MG;DEL06/MG;UOP02-DEL06-MG
745189;12/01/2026;segunda-feira;08:42:00;AP;210;1;MACAPA;Condutor deixou de manter distância do veículo da frente;Colisão traseira;Com Vítimas Feridas;Pleno dia;Crescente;Céu Claro;Dupla;Curva;Sim;3;0;0;1;1;2;0;2;0,07832635;-51,07033823;SPRF-AP;DEL01-AP;UOP01-DEL01-AP
745190;12/01/2026;segunda-feira;09:39:00;PE;101;61;RECIFE;Entrada inopinada do pedestre;Atropelamento de Pedestre;Com Vítimas Feridas;Pleno dia;Decrescente;Céu Claro;Simples;Reta;Sim;2;0;0;1;1;1;0;2;-8,00177763;-34,93816514;SPRF-PE;DEL01/PE;UOP02-DEL01-PE
745191;12/01/2026;segunda-feira;09:50:00;PR;277;32;MORRETES;Velocidade Incompatível;Colisão com objeto;Com Vítimas Feridas;Pleno dia;Decrescente;Nublado;Dupla;"Declive;Curva";Não;2;0;1;0;1;1;0;1;-25,56121;-48,809847;SPRF-PR;DEL01/PR;UOP05-DEL01-PR
745192;12/01/2026;segunda-feira;07:50:00;PR;376;342;ORTIGUEIRA;Demais falhas mecânicas ou elétricas;Incêndio;Sem Vítimas;Pleno dia;Crescente;Nublado;Simples;"Curva;Declive";Não;5;0;0;0;0;5;0;1;-24,17008453;-50,96714422;SPRF-PR;DEL07/PR;UOP02-DEL07-PR
745193;12/01/2026;segunda-feira;08:30:00;SC;101;69;ARAQUARI;Chuva;Saída de leito carroçável;Sem Vítimas;Pleno dia;Decrescente;Chuva;Múltipla;Reta;Não;1;0;0;0;0;1;0;1;-26,49984248;-48,72951508;SPRF-SC;DEL03/SC;UOP02-DEL03-SC
745194;12/01/2026;segunda-feira;09:48:00;PR;277;705;SAO MIGUEL DO IGUACU;Pista Escorregadia;Queda de ocupante de veículo;Com Vítimas Feridas;Pleno dia;Crescente;Céu Claro;Dupla;Reta;Sim;1;0;1;0;1;0;0;1;-25,40443782;-54,3257618;SPRF-PR;DEL05/PR;UOP01-DEL05-PR
745195;12/01/2026;segunda-feira;10:22:00;RN;101;109,9;PARNAMIRIM;Demais falhas na via;Colisão lateral mesmo sentido;Com Vítimas Feridas;Pleno dia;Decrescente;Céu Claro;Dupla;Reta;Sim;3;0;1;0;1;2;0;2;-5,932935;-35,264703;SPRF-RN;DEL01-RN;UOP01-DEL01-RN
745199;12/01/2026;segunda-feira;10:22:00;ES;101;263,9;SERRA;Retorno proibido;Colisão transversal;Com Vítimas Feridas;Pleno dia;Decrescente;Sol;Dupla;"Interseção de Vias;Reta";Sim;2;0;0;1;1;1;0;2;-20,17321914;-40,26736021;SPRF-ES;DEL02-ES;UOP01-DEL02-ES
745200;12/01/2026;segunda-feira;08:10:00;RJ;393;105;SAPUCAIA;Mal súbito do condutor;Colisão com objeto;Com Vítimas Feridas;Pleno dia;Crescente;Sol;Simples;Reta;Não;1;0;1;0;1;0;0;1;-21,88351146;-42,68985298;SPRF-RJ;DEL05/RJ;UOP01-DEL05-RJ
745201;08/01/2026;quinta-feira;22:30:00;PR;272;563;GUAIRA;Ausência de reação do condutor;Colisão lateral sentido oposto;Sem Vítimas;Plena Noite;Crescente;Céu Claro;Simples;Reta;Não;3;0;0;0;0;3;0;2;-24,09289396;-54,19646708;SPRF-PR;DEL06/PR;UOP01-DEL06-PR
745202;12/01/2026;segunda-feira;08:20:00;DF;20;11,3;BRASILIA;Acessar a via sem observar a presença dos outros veículos;Colisão transversal;Com Vítimas Feridas;Pleno dia;Decrescente;Nublado;Dupla;"Retorno Regulamentado;Reta";Sim;2;0;1;0;1;1;0;2;-15,63608114;-47,74146974;SPRF-DF;DEL02-DF;UOP01-DEL02-DF
745204;12/01/2026;segunda-feira;11:40:00;PR;376;625;SAO JOSE DOS PINHAIS;Reação tardia ou ineficiente do condutor;Engavetamento;Sem Vítimas;Pleno dia;Crescente;Céu Claro;Dupla;Reta;Não;6;0;0;0;0;5;0;4;-25,64881;-49,157908;SPRF-PR;DEL01/PR;UOP04-DEL01-PR
745205;12/01/2026;segunda-feira;11:35:00;SC;101;40;JOINVILLE;Transitar na contramão;Queda de ocupante de veículo;Com Vítimas Feridas;Pleno dia;Decrescente;Nublado;Múltipla;"Reta;Aclive";Sim;1;0;1;0;1;0;0;1;-26,31217887;-48,87452301;SPRF-SC;DEL03/SC;UOP01-DEL03-SC
745206;12/01/2026;segunda-feira;11:30:00;RN;101;81,8;SAO GONCALO DO AMARANTE;Frear bruscamente;Queda de ocupante de veículo;Com Vítimas Feridas;Pleno dia;Crescente;Garoa/Chuvisco;Simples;Interseção de Vias;Sim;1;0;1;0;1;0;0;1;-5,76701838;-35,27760386;SPRF-RN;DEL02-RN;UOP01-DEL02-RN
745207;12/01/2026;segunda-feira;10:00:00;SC;101;37;JOINVILLE;Ausência de reação do condutor;Saída de leito carroçável;Com Vítimas Feridas;Pleno dia;Crescente;Nublado;Simples;Reta;Não;1;0;1;0;1;0;0;1;-26,28464668;-48,88838617;SPRF-SC;DEL03/SC;UOP01-DEL03-SC
745208;12/01/2026;segunda-feira;11:15:00;PB;230;157,7;CAMPINA GRANDE;Acessar a via sem observar a presença dos outros veículos;Colisão transversal;Com Vítimas Feridas;Pleno dia;Decrescente;Sol;Simples;Rotatória;Sim;2;0;0;1;1;1;0;2;-7,262674;-35,92153;SPRF-PB;DEL02-PB;UOP01-DEL02-PB
745209;06/01/2026;terça-feira;10:16:00;TO;153;303;PRESIDENTE KENNEDY;Transitar no Acostamento;Colisão lateral mesmo sentido;Com Vítimas Feridas;Pleno dia;Crescente;Sol;Simples;Reta;Não;4;0;0;1;1;2;0;3;-8,56286;-48,48325;SPRF-TO;DEL02-TO;UOP02-DEL02-TO
745210;12/01/2026;segunda-feira;07:30:00;PR;163;207,8;CASCAVEL;Acessar a via sem observar a presença dos outros veículos;Colisão traseira;Com Vítimas Fatais;Pleno dia;Crescente;Céu Claro;Dupla;"Retorno Regulamentado;Reta";Não;3;1;1;0;1;1;0;2;-24,937171;-53,538185;SPRF-PR;DEL05/PR;UOP05-DEL05-PR
745211;12/01/2026;segunda-feira;11:50:00;SP;116;147;SAO JOSE DOS CAMPOS;Condutor deixou de manter distância do veículo da frente;Colisão traseira;Com Vítimas Feridas;Pleno dia;Crescente;Céu Claro;Dupla;"Aclive;Reta";Não;2;0;1;0;1;1;0;2;-23,19457508;-45,87032167;SPRF-SP;DEL02/SP;UOP01-DEL02-SP
745212;12/01/2026;segunda-feira;12:30:00;MG;40;473;SETE LAGOAS;Ausência de reação do condutor;Saída de leito carroçável;Com Vítimas Feridas;Pleno dia;Crescente;Céu Claro;Dupla;Reta;Sim;2;0;1;0;1;1;0;1;-19,4925;-44,280278;SPRF-MG;DEL02/MG;UOP01-DEL02-MG
745213;12/01/2026;segunda-feira;09:30:00;MG;381;810,3;CAREACU;Condutor Dormindo;Colisão com objeto;Com Vítimas Feridas;Pleno dia;Decrescente;Sol;Dupla;"Declive;Reta";Não;2;0;1;0;1;1;0;1;-21,9930784;-45,6703038;SPRF-MG;DEL16/MG;UOP02-DEL16-MG
745214;12/01/2026;segunda-feira;11:30:00;PR;373;256;PRUDENTOPOLIS;Reação tardia ou ineficiente do condutor;Colisão traseira;Com Vítimas Feridas;Pleno dia;Crescente;Garoa/Chuvisco;Simples;"Aclive;Reta";Não;2;0;1;0;1;1;0;2;-25,20152412;-50,93055725;SPRF-PR;DEL08/PR;UOP01-DEL08-PR
745215;12/01/2026;segunda-feira;12:50:00;ES;101;418;ITAPEMIRIM;Ultrapassagem Indevida;Queda de ocupante de veículo;Com Vítimas Feridas;Pleno dia;Crescente;Sol;Simples;Curva;Não;2;0;0;1;1;1;0;2;-20,92007622;-41,07633591;SPRF-ES;DEL03-ES;UOP02-DEL03-ES
745216;12/01/2026;segunda-feira;12:07:00;RJ;101;326;NITEROI;Condutor deixou de manter distância do veículo da frente;Tombamento;Com Vítimas Feridas;Pleno dia;Crescente;Céu Claro;Dupla;"Declive;Reta";Sim;1;0;1;0;1;0;0;1;-22,87028362;-43,16369534;SPRF-RJ;DEL02/RJ;UOP01-DEL02-RJ
745217;10/01/2026;sábado;20:35:00;RJ;116;180;BELFORD ROXO;Entrada inopinada do pedestre;Atropelamento de Pedestre;Com Vítimas Feridas;Plena Noite;Crescente;Céu Claro;Dupla;Reta;Sim;3;0;0;3;3;0;0;2;-22,76580464;-43,41432846;SPRF-RJ;DEL06/RJ;UOP01-DEL06-RJ
745218;12/01/2026;segunda-feira;09:30:00;DF;20;16;BRASILIA;Objeto estático sobre o leito carroçável;Colisão traseira;Com Vítimas Feridas;Pleno dia;Decrescente;Céu Claro;Dupla;"Aclive;Reta";Sim;5;0;3;0;3;2;0;2;-15,623957;-47,722161;SPRF-DF;DEL02-DF;UOP01-DEL02-DF
745220;12/01/2026;segunda-feira;12:10:00;SC;101;208,2;SAO JOSE;Demais falhas mecânicas ou elétricas;Queda de ocupante de veículo;Com Vítimas Feridas;Pleno dia;Crescente;Nublado;Múltipla;Reta;Sim;1;0;1;0;1;0;0;1;-27,60908632;-48,63730878;SPRF-SC;DEL01/SC;UOP01-DEL01-SC
745222;12/01/2026;segunda-feira;13:00:00;GO;60;99;ANAPOLIS;Condutor deixou de manter distância do veículo da frente;Engavetamento;Sem Vítimas;Pleno dia;Decrescente;Nublado;Dupla;"Viaduto;Reta";Sim;4;0;0;0;0;4;0;3;-16,394964;-48,96189;SPRF-GO;DEL02/GO;UOP01-DEL02-GO
745228;12/01/2026;segunda-feira;09:30:00;MG;50;181;UBERABA;Pedestre cruzava a pista fora da faixa;Atropelamento de Pedestre;Com Vítimas Feridas;Pleno dia;Decrescente;Sol;Dupla;Reta;Não;2;0;0;1;1;1;0;2;-19,78545196;-47,91684866;SPRF-MG;DEL13/MG;UOP01-DEL13-MG
745230;12/01/2026;segunda-feira;10:07:00;PE;101;80,8;JABOATAO DOS GUARARAPES;Trafegar com motocicleta (ou similar) entre as faixas;Colisão transversal;Com Vítimas Feridas;Pleno dia;Crescente;Céu Claro;Dupla;Reta;Não;2;0;1;0;1;1;0;2;-8,159775;-34,940467;SPRF-PE;DEL01/PE;UOP01-DEL01-PE
745231;12/01/2026;segunda-feira;14:00:00;RS;392;667,4;CERRO LARGO;Condutor Dormindo;Saída de leito carroçável;Com Vítimas Feridas;Pleno dia;Crescente;Nublado;Simples;Reta;Não;2;0;1;0;1;1;0;1;-28,12201;-54,786693;SPRF-RS;DEL10/RS;UOP01-DEL10-RS
745232;12/01/2026;segunda-feira;14:00:00;MG;262;356,3;BETIM;Velocidade Incompatível;Colisão com objeto;Com Vítimas Fatais;Pleno dia;Crescente;Céu Claro;Dupla;Reta;Não;4;2;0;2;2;0;0;1;-19,97315821;-44,2753365;SPRF-MG;DEL01/MG;UOP03-DEL01-MG
745233;12/01/2026;segunda-feira;14:15:00;SP;153;50,8;SAO JOSE DO RIO PRETO;Conversão proibida;Colisão lateral mesmo sentido;Com Vítimas Feridas;Pleno dia;Decrescente;Sol;Simples;Reta;Não;2;0;1;0;1;1;0;2;-20,7166791;-49,33880702;SPRF-SP;DEL09/SP;UOP01-DEL09-SP
745234;12/01/2026;segunda-feira;15:00:00;MG;381;496;BETIM;Ausência de reação do condutor;Tombamento;Com Vítimas Feridas;Pleno dia;Crescente;Céu Claro;Dupla;"Viaduto;Reta";Não;2;0;2;0;2;0;0;1;-19,9863;-44,2034;SPRF-MG;DEL01/MG;UOP03-DEL01-MG
745235;12/01/2026;segunda-feira;14:45:00;SC;282;4;SAO JOSE;Trafegar com motocicleta (ou similar) entre as faixas;Colisão lateral mesmo sentido;Com Vítimas Feridas;Pleno dia;Crescente;Nublado;Múltipla;Reta;Sim;3;0;2;0;2;1;0;2;-27,5898934;-48,610175;SPRF-SC;DEL01/SC;UOP01-DEL01-SC
745237;12/01/2026;segunda-feira;14:25:00;SC;282;68,3;RANCHO QUEIMADO;Pista Escorregadia;Colisão lateral sentido oposto;Com Vítimas Feridas;Pleno dia;Decrescente;Chuva;Simples;Curva;Não;5;0;4;0;4;1;0;3;-27,693162;-49,07938;SPRF-SC;DEL01/SC;UOP03-DEL01-SC
745242;12/01/2026;segunda-feira;14:50:00;ES;262;158;IBATIBA;Manobra de mudança de faixa;Colisão transversal;Com Vítimas Feridas;Pleno dia;Crescente;Sol;Simples;Reta;Sim;2;0;1;0;1;1;0;2;-20,23366;-41,50586026;SPRF-ES;DEL01-ES;UOP02-DEL01-ES
745243;12/01/2026;segunda-feira;15:20:00;PR;116;117;CURITIBA;Acumulo de óleo sobre o pavimento;Tombamento;Com Vítimas Feridas;Pleno dia;Crescente;Chuva;Dupla;"Declive;Reta";Sim;1;0;1;0;1;0;0;1;-25,56259847;-49,30844156;SPRF-PR;DEL01/PR;UOP03-DEL01-PR
745244;12/01/2026;segunda-feira;15:40:00;ES;101;279;SERRA;Demais falhas mecânicas ou elétricas;Colisão com objeto;Com Vítimas Feridas;Pleno dia;Crescente;Sol;Dupla;Viaduto;Não;1;0;1;0;1;0;0;1;-20,21757157;-40,33536332;SPRF-ES;DEL02-ES;UOP01-DEL02-ES
745246;12/01/2026;segunda-feira;15:15:00;SC;116;1,2;MAFRA;Desrespeitar a preferência no cruzamento;Colisão transversal;Com Vítimas Feridas;Pleno dia;Crescente;Garoa/Chuvisco;Simples;Rotatória;Sim;5;0;2;0;2;3;0;2;-26,11850987;-49,78840828;SPRF-SC;DEL06/SC;UOP01-DEL06-SC
745255;12/01/2026;segunda-feira;15:45:00;MG;50;53;ARAGUARI;Velocidade Incompatível;Saída de leito carroçável;Com Vítimas Feridas;Pleno dia;Decrescente;Chuva;Dupla;"Curva;Aclive";Não;2;0;2;0;2;0;0;1;-18,7611324;-48,2405879;SPRF-MG;DEL15/MG;UOP02-DEL15-MG
745256;10/01/2026;sábado;11:00:00;TO;153;176;ARAGUAINA;Ausência de reação do condutor;Saída de leito carroçável;Sem Vítimas;Pleno dia;Crescente;Nublado;Simples;Reta;Não;2;0;0;0;0;0;1;1;-7,46395733;-48,37208749;SPRF-TO;DEL02-TO;UOP01-DEL02-TO
745258;12/01/2026;segunda-feira;16:30:00;SP;116;1;GUARULHOS;Reação tardia ou ineficiente do condutor;Colisão traseira;Com Vítimas Feridas;Pleno dia;Decrescente;Nublado;Dupla;Reta;Sim;2;0;1;0;1;1;0;2;-23,44828341;-46,49268151;SPRF-SP;DEL01/SP;UOP01-DEL01-SP
745260;12/01/2026;segunda-feira;16:20:00;RJ;465;2;SEROPEDICA;Ausência de reação do condutor;Colisão traseira;Sem Vítimas;Pleno dia;Crescente;Céu Claro;Simples;Reta;Não;2;0;0;0;0;2;0;2;-22,72256556;-43,72301626;SPRF-RJ;DEL06/RJ;UOP02-DEL06-RJ
745261;12/01/2026;segunda-feira;17:00:00;RS;116;143,2;CAXIAS DO SUL;Reação tardia ou ineficiente do condutor;Colisão traseira;Com Vítimas Feridas;Pleno dia;Crescente;Nublado;Dupla;Reta;Sim;2;0;1;0;1;1;0;2;-29,1231953;-51,1229913;SPRF-RS;DEL05/RS;UOP01-DEL05-RS
745263;12/01/2026;segunda-feira;13:05:00;MG;354;703,5;CAXAMBU;Ultrapassagem Indevida;Colisão frontal;Com Vítimas Feridas;Pleno dia;Crescente;Céu Claro;Simples;Reta;Não;3;0;0;2;2;0;0;3;-21,9826913;-44,92395043;SPRF-MG;DEL17/MG;UOP01-DEL17-MG
745264;12/01/2026;segunda-feira;17:00:00;GO;153;429;ANAPOLIS;Demais falhas mecânicas ou elétricas;Incêndio;Sem Vítimas;Pleno dia;Decrescente;Céu Claro;Dupla;Reta;Não;1;0;0;0;0;0;1;1;-16,264351;-48,982681;SPRF-GO;DEL02/GO;UOP01-DEL02-GO