id;data_inversa;dia_semana;horario;uf;br;km;municipio;causa_acidente;tipo_acidente;classificacao_acidente;fase_dia;sentido_via;condicao_metereologica;tipo_pista;tracado_via;uso_solo;pessoas;mortos;feridos_leves;feridos_graves;feridos;ilesos;ignorados;veiculos;latitude;longitude;regional;delegacia;uop
745666;15/01/2026;quinta-feira;00:00:00;MG;365;165;BURITIZEIRO;Ingestão de álcool pelo condutor;Saída de leito carroçável;Com Vítimas Feridas;Plena Noite;Crescente;Céu Claro;Simples;Reta;Não;1;0;0;1;1;0;0;1;-17,37517;-44,95106;SPRF-MG;DEL10/MG;UOP02-DEL010-MG
745667;14/01/2026;quarta-feira;18:00:00;RS;116;266;CANOAS;Ingestão de álcool pelo condutor;Engavetamento;Sem Vítimas;Pleno dia;Decrescente;Nublado;Múltipla;Reta;Sim;6;0;0;0;0;6;0;3;-29,93337558;-51,17738485;SPRF-RS;DEL01/RS;UOP01-DEL01-RS
745668;15/01/2026;quinta-feira;01:50:00;RO;364;639;CANDEIAS DO JAMARI;Animais na Pista;Saída de leito carroçável;Com Vítimas Feridas;Plena Noite;Crescente;Céu Claro;Simples;Reta;Não;5;0;0;1;1;4;0;1;-8,993603;-63,42243;SPRF-RO;DEL01-RO;UOP04-DEL01-RO
745669;14/01/2026;quarta-feira;14:51:00;RO;319;143;PORTO VELHO;Trafegar com motocicleta (ou similar) entre as faixas;Colisão lateral mesmo sentido;Com Vítimas Feridas;Pleno dia;Crescente;Céu Claro;Múltipla;Reta;Não;5;0;2;0;2;3;0;3;-8,75525547;-63,8869736;SPRF-RO;DEL01-RO;UOP01-DEL01-RO
745670;15/01/2026;quinta-feira;03:25:00;RN;304;124,4;ITAJA;Animais na Pista;Atropelamento de Animal;Com Vítimas Feridas;Plena Noite;Crescente;Ignorado;Simples;Declive;Não;2;0;2;0;2;0;0;1;-5,653373;-36,81683;SPRF-RN;DEL04-RN;UOP01-DEL04-RN
745674;15/01/2026;quinta-feira;03:44:00;SC;280;51,4;GUARAMIRIM;Desrespeitar a preferência no cruzamento;Colisão transversal;Com Vítimas Feridas;Plena Noite;Crescente;Nublado;Dupla;"Interseção de Vias;Retorno Regulamentado";Sim;3;0;1;0;1;2;0;3;-26,466797;-48,960028;SPRF-SC;DEL03/SC;UOP03-DEL03-SC
745675;15/01/2026;quinta-feira;04:30:00;RN;304;297;MACAIBA;Ausência de reação do condutor;Saída de leito carroçável;Com Vítimas Feridas;Amanhecer;Crescente;Céu Claro;Dupla;Curva;Sim;1;0;1;0;1;0;0;1;-5,86437;-35,343472;SPRF-RN;DEL01-RN;UOP02-DEL01-RN
745677;14/01/2026;quarta-feira;17:55:00;RS;116;265;CANOAS;Condutor deixou de manter distância do veículo da frente;Colisão traseira;Sem Vítimas;Pleno dia;Decrescente;Céu Claro;Múltipla;"Viaduto;Reta";Sim;5;0;0;0;0;5;0;2;-29,92551553;-51,1777374;SPRF-RS;DEL01/RS;UOP01-DEL01-RS
745678;15/01/2026;quinta-feira;05:00:00;MG;40;523;CONTAGEM;Transitar no Acostamento;Queda de ocupante de veículo;Com Vítimas Feridas;Amanhecer;Crescente;Céu Claro;Dupla;Reta;Não;1;0;0;1;1;0;0;1;-19,89189189;-44,05171219;SPRF-MG;DEL01/MG;UOP02-DEL01-MG
745679;15/01/2026;quinta-feira;04:45:00;BA;116;674,2;JEQUIE;Acessar a via sem observar a presença dos outros veículos;Colisão transversal;Com Vítimas Feridas;Amanhecer;Crescente;Nublado;Simples;Rotatória;Sim;4;0;3;0;3;1;0;2;-13,87026;-40,11191;SPRF-BA;DEL03/BA;UOP01-DEL03-BA
745680;15/01/2026;quinta-feira;01:50:00;MG;381;888;CAMBUI;Ausência de reação do condutor;Saída de leito carroçável;Com Vítimas Feridas;Plena Noite;Crescente;Garoa/Chuvisco;Dupla;Curva;Não;1;0;1;0;1;0;0;1;-22,55822045;-46,04095459;SPRF-MG;DEL16/MG;UOP01-DEL16-MG
745682;14/01/2026;quarta-feira;12:45:00;MG;116;549;SANTA BARBARA DO LESTE;Acessar a via sem observar a presença dos outros veículos;Colisão lateral sentido oposto;Com Vítimas Feridas;Pleno dia;Crescente;Céu Claro;Simples;Reta;Não;4;0;1;0;1;3;0;2;-19,969732;-42,1366;SPRF-MG;DEL06/MG;UOP02-DEL06-MG
745685;14/01/2026;quarta-feira;19:10:00;ES;101;208;JOAO NEIVA;Retorno proibido;Colisão transversal;Sem Vítimas;Plena Noite;Crescente;Céu Claro;Simples;Curva;Não;2;0;0;0;0;2;0;2;-19,77732489;-40,37222385;SPRF-ES;DEL02-ES;UOP01-DEL02-ES
745691;14/01/2026;quarta-feira;21:00:00;SC;470;22;ILHOTA;Condutor deixou de manter distância do veículo da frente;Colisão traseira;Com Vítimas Feridas;Plena Noite;Crescente;Céu Claro;Simples;Reta;Sim;3;0;2;0;2;1;0;2;-26,88565988;-48,83423774;SPRF-SC;DEL04/SC;UOP04-DEL04-SC
745692;15/01/2026;quinta-feira;01:26:00;SP;116;107;TAUBATE;Ausência de reação do condutor;Colisão traseira;Com Vítimas Feridas;Plena Noite;Decrescente;Céu Claro;Dupla;Reta;Sim;2;0;0;1;1;0;0;2;-23,02039802;-45,53278229;SPRF-SP;DEL02/SP;UOP02-DEL02-SP
745693;15/01/2026;quinta-feira;05:55:00;SC;101;144;ITAPEMA;Avarias e/ou desgaste excessivo no pneu;Tombamento;Com Vítimas Feridas;Pleno dia;Crescente;Céu Claro;Dupla;Reta;Não;1;0;1;0;1;0;0;1;-27,07818167;-48,59943263;SPRF-SC;DEL04/SC;UOP03-DEL04-SC
745694;14/01/2026;quarta-feira;18:30:00;SP;381;86;SAO PAULO;Acumulo de água sobre o pavimento;Colisão com objeto;Com Vítimas Feridas;Anoitecer;Crescente;Garoa/Chuvisco;Múltipla;Curva;Sim;2;0;1;0;1;1;0;2;-23,46834;-46,570757;SPRF-SP;DEL03/SP;UOP01-DEL03-SP
745695;15/01/2026;quinta-feira;05:40:00;MS;163;625;SAO GABRIEL DO OESTE;Ausência de reação do condutor;Colisão traseira;Com Vítimas Feridas;Amanhecer;Crescente;Céu Claro;Dupla;Reta;Não;5;0;1;0;1;4;0;2;-19,31491447;-54,61799601;SPRF-MS;DEL06/MS;UOP02-DEL06-MS
745696;14/01/2026;quarta-feira;16:30:00;SC;153;99,6;CONCORDIA;Ultrapassagem Indevida;Colisão lateral mesmo sentido;Com Vítimas Feridas;Pleno dia;Decrescente;Céu Claro;Simples;Reta;Sim;2;0;1;0;1;1;0;2;-27,24625335;-51,95245139;SPRF-SC;DEL07/SC;UOP04-DEL07-SC
745697;14/01/2026;quarta-feira;17:40:00;PR;277;80;CURITIBA;Ausência de reação do condutor;Colisão lateral mesmo sentido;Com Vítimas Feridas;Pleno dia;Decrescente;Céu Claro;Dupla;Reta;Sim;3;0;1;0;1;2;0;3;-25,4647;-49,2168;SPRF-PR;DEL01/PR;UOP08-DEL01-PR
745698;14/01/2026;quarta-feira;10:30:00;RS;386;434;NOVA SANTA RITA;Ausência de reação do condutor;Colisão lateral mesmo sentido;Sem Vítimas;Pleno dia;Decrescente;Céu Claro;Dupla;Reta;Não;2;0;0;0;0;2;0;2;-29,84189467;-51,29137232;SPRF-RS;DEL04/RS;UOP02-DEL04-RS
745704;15/01/2026;quinta-feira;04:40:00;PE;101;107,9;CABO DE SANTO AGOSTINHO;Transitar no Acostamento;Atropelamento de Pedestre;Com Vítimas Fatais;Amanhecer;Crescente;Céu Claro;Simples;Reta;Não;2;1;0;0;0;0;0;2;-8,306592;-35,092804;SPRF-PE;DEL01/PE;UOP03-DEL01-PE
745708;14/01/2026;quarta-feira;17:00:00;RN;101;98,4;PARNAMIRIM;Ausência de reação do condutor;Colisão traseira;Com Vítimas Feridas;Pleno dia;Decrescente;Céu Claro;Múltipla;Reta;Sim;2;0;1;0;1;1;0;2;-5,869398;-35,218;SPRF-RN;DEL01-RN;UOP01-DEL01-RN
745709;14/01/2026;quarta-feira;18:30:00;BA;367;23,3;PORTO SEGURO;Ausência de reação do condutor;Colisão lateral sentido oposto;Com Vítimas Feridas;Plena Noite;Crescente;Nublado;Simples;Reta;Sim;3;0;2;0;2;1;0;2;-16,43582;-39,07442;SPRF-BA;DEL09/BA;UOP03-DEL09-BA
745711;14/01/2026;quarta-feira;09:40:00;MG;116;415;GOVERNADOR VALADARES;Condutor usando celular;Colisão lateral mesmo sentido;Com Vítimas Feridas;Pleno dia;Decrescente;Céu Claro;Múltipla;Reta;Sim;2;0;1;0;1;1;0;2;-18,888945;-41,945837;SPRF-MG;DEL06/MG;UOP01-DEL06-MG
745712;15/01/2026;quinta-feira;04:24:00;AL;316;214,4;ATALAIA;Ausência de reação do condutor;Colisão lateral sentido oposto;Sem Vítimas;Amanhecer;Crescente;Céu Claro;Simples;Curva;Não;4;0;0;0;0;4;0;2;-9,513136;-36,224293;SPRF-AL;DEL01-AL;UOP01-DEL01-AL
745713;14/01/2026;quarta-feira;18:50:00;MG;381;483;BETIM;Reação tardia ou ineficiente do condutor;Colisão traseira;Com Vítimas Feridas;Plena Noite;Decrescente;Chuva;Múltipla;Reta;Sim;2;0;1;0;1;1;0;2;-19,965992;-44,176631;SPRF-MG;DEL01/MG;UOP03-DEL01-MG
745716;14/01/2026;quarta-feira;15:15:00;MG;381;239;SANTANA DO PARAISO;Condutor Dormindo;Saída de leito carroçável;Com Vítimas Feridas;Pleno dia;Crescente;Céu Claro;Simples;"Declive;Reta";Não;3;0;3;0;3;0;0;1;-19,423;-42,495392;SPRF-MG;DEL06/MG;UOP01-DEL06-MG
745717;14/01/2026;quarta-feira;11:00:00;RJ;40;78;PETROPOLIS;Reação tardia ou ineficiente do condutor;Capotamento;Com Vítimas Feridas;Pleno dia;Crescente;Céu Claro;Simples;Curva;Não;1;0;1;0;1;0;0;1;-22,5283935;-43,2227185;SPRF-RJ;DEL01/RJ;UOP01-DEL01-RJ
745718;14/01/2026;quarta-feira;19:30:00;MG;381;508,9;SAO JOAQUIM DE BICAS;Manobra de mudança de faixa;Colisão lateral mesmo sentido;Com Vítimas Feridas;Plena Noite;Decrescente;Nublado;Dupla;Reta;Não;2;0;1;0;1;1;0;2;-20,049531;-44,276738;SPRF-MG;DEL01/MG;UOP03-DEL01-MG
745719;14/01/2026;quarta-feira;12:50:00;MG;116;526;CARATINGA;Acesso irregular;Colisão lateral sentido oposto;Com Vítimas Feridas;Pleno dia;Decrescente;Céu Claro;Simples;"Interseção de Vias;Reta";Sim;2;0;1;0;1;1;0;2;-19,781338;-42,132635;SPRF-MG;DEL06/MG;UOP02-DEL06-MG
745721;15/01/2026;quinta-feira;07:30:00;SC;101;215,5;PALHOCA;Ausência de sinalização;Queda de ocupante de veículo;Com Vítimas Feridas;Pleno dia;Crescente;Céu Claro;Simples;Curva;Não;1;0;1;0;1;0;0;1;-27,66086187;-48,67693841;SPRF-SC;DEL01/SC;UOP02-DEL01-SC
745722;15/01/2026;quinta-feira;07:10:00;PB;230;25,6;JOAO PESSOA;Ausência de reação do condutor;Colisão traseira;Com Vítimas Feridas;Pleno dia;Decrescente;Garoa/Chuvisco;Dupla;Viaduto;Sim;3;0;1;0;1;2;0;2;-7,16973989;-34,87374496;SPRF-PB;DEL01-PB;UOP01-DEL01-PB
745725;14/01/2026;quarta-feira;08:20:00;PB;230;346;PATOS;Reação tardia ou ineficiente do condutor;Capotamento;Com Vítimas Feridas;Pleno dia;Decrescente;Céu Claro;Simples;Reta;Não;2;0;2;0;2;0;0;1;-6,968463;-37,353923;SPRF-PB;DEL03-PB;UOP01-DEL03-PB
745726;14/01/2026;quarta-feira;11:00:00;MG;381;201,9;NAQUE;Ultrapassagem Indevida;Saída de leito carroçável;Com Vítimas Feridas;Pleno dia;Crescente;Sol;Simples;"Declive;Curva";Não;5;0;5;0;5;0;0;1;-19,198866;-42,28611;SPRF-MG;DEL06/MG;UOP01-DEL06-MG
745727;15/01/2026;quinta-feira;07:59:00;RN;101;102;PARNAMIRIM;Pista Escorregadia;Capotamento;Com Vítimas Feridas;Pleno dia;Decrescente;Céu Claro;Dupla;Curva;Sim;1;0;1;0;1;0;0;1;-5,889299;-35,2426303;SPRF-RN;DEL01-RN;UOP01-DEL01-RN
745728;15/01/2026;quinta-feira;07:30:00;PR;277;8;PARANAGUA;Ausência de reação do condutor;Capotamento;Com Vítimas Feridas;Pleno dia;Crescente;Céu Claro;Dupla;Reta;Não;2;0;2;0;2;0;0;1;-25,56330627;-48,5933876;SPRF-PR;DEL01/PR;UOP05-DEL01-PR
745730;14/01/2026;quarta-feira;16:00:00;RS;285;284;PASSO FUNDO;Ausência de reação do condutor;Colisão traseira;Com Vítimas Feridas;Pleno dia;Crescente;Céu Claro;Simples;Reta;Não;3;0;0;1;1;2;0;2;-28,24606443;-52,29750798;SPRF-RS;DEL08/RS;UOP03-DEL08-RS
745732;15/01/2026;quinta-feira;07:28:00;DF;20;1,2;BRASILIA;Reação tardia ou ineficiente do condutor;Colisão traseira;Com Vítimas Feridas;Pleno dia;Decrescente;Céu Claro;Dupla;Reta;Sim;3;0;1;0;1;2;0;2;-15,684923;-47,848143;SPRF-DF;DEL02-DF;UOP01-DEL02-DF
745734;15/01/2026;quinta-feira;03:45:00;RS;285;382;SANTA BARBARA DO SUL;Velocidade Incompatível;Colisão com objeto;Com Vítimas Feridas;Plena Noite;Decrescente;Céu Claro;Simples;"Curva;Declive";Não;1;0;1;0;1;0;0;1;-28,42515091;-53,16692522;SPRF-RS;DEL10/RS;UOP02-DEL10-RS
745735;15/01/2026;quinta-feira;07:20:00;BA;324;620,2;SALVADOR;Manobra de mudança de faixa;Colisão transversal;Com Vítimas Feridas;Pleno dia;Crescente;Sol;Múltipla;Reta;Sim;3;0;1;0;1;2;0;3;-12,91572183;-38,46190665;SPRF-BA;DEL01/BA;UOP01-DEL01-BA
745736;15/01/2026;quinta-feira;07:50:00;DF;70;5;BRASILIA;Manobra de mudança de faixa;Colisão lateral mesmo sentido;Com Vítimas Feridas;Pleno dia;Decrescente;Céu Claro;Dupla;"Aclive;Reta";Sim;2;0;1;0;1;1;0;2;-15,792087;-48,10369;SPRF-DF;DEL03-DF;UOP02-DEL03-DF
745740;14/01/2026;quarta-feira;17:40:00;MA;135;4,7;SAO LUIS;Manobra de mudança de faixa;Colisão traseira;Sem Vítimas;Plena Noite;Decrescente;Céu Claro;Dupla;Reta;Sim;2;0;0;0;0;2;0;2;-2,619675;-44,256405;SPRF-MA;DEL01-MA;UOP01-DEL01-MA
745742;15/01/2026;quinta-feira;08:30:00;AL;101;76,5;RIO LARGO;Manobra de mudança de faixa;Tombamento;Com Vítimas Feridas;Pleno dia;Crescente;Céu Claro;Dupla;Curva;Não;3;0;2;0;2;0;0;2;-9,42051559;-35,83997123;SPRF-AL;DEL01-AL;UOP01-DEL01-AL
745743;15/01/2026;quinta-feira;07:20:00;RJ;116;170;RIO DE JANEIRO;Ausência de reação do condutor;Colisão traseira;Com Vítimas Feridas;Pleno dia;Decrescente;Sol;Dupla;Reta;Sim;2;0;1;0;1;1;0;2;-22,8044628;-43,3451745;SPRF-RJ;DEL06/RJ;UOP01-DEL06-RJ
745744;15/01/2026;quinta-feira;01:00:00;BA;367;33;PORTO SEGURO;Redutor de velocidade em desacordo;Queda de ocupante de veículo;Com Vítimas Fatais;Plena Noite;Crescente;Garoa/Chuvisco;Simples;Reta;Sim;1;1;0;0;0;0;0;1;-16,416365;-39,156994;SPRF-BA;DEL09/BA;UOP03-DEL09-BA
745749;15/01/2026;quinta-feira;09:00:00;CE;20;326,3;CARIDADE;Acessar a via sem observar a presença dos outros veículos;Colisão transversal;Com Vítimas Feridas;Pleno dia;Crescente;Céu Claro;Simples;Reta;Sim;2;0;0;1;1;1;0;2;-4,2274;-39,1973;SPRF-CE;DEL02/CE;UOP01-DEL02-CE
745751;15/01/2026;quinta-feira;08:40:00;RS;116;114,5;SAO MARCOS;Reação tardia ou ineficiente do condutor;Atropelamento de Pedestre;Com Vítimas Feridas;Pleno dia;Decrescente;Sol;Simples;Rotatória;Sim;2;0;1;0;1;1;0;2;-28,970019;-51,0719907;SPRF-RS;DEL05/RS;UOP01-DEL05-RS
745753;15/01/2026;quinta-feira;07:00:00;MG;381;447;BELO HORIZONTE;Acesso irregular;Colisão transversal;Com Vítimas Feridas;Pleno dia;Crescente;Céu Claro;Simples;Reta;Sim;2;0;1;0;1;1;0;2;-19,840249;-43,875998;SPRF-MG;DEL01/MG;UOP01-DEL01-MG
745756;15/01/2026;quinta-feira;08:10:00;PB;101;77,6;SANTA RITA;Velocidade Incompatível;Colisão com objeto;Com Vítimas Feridas;Pleno dia;Decrescente;Céu Claro;Dupla;Aclive;Não;2;0;2;0;2;0;0;1;-7,092192;-34,968132;SPRF-PB;DEL01-PB;UOP03-DEL01-PB
745759;15/01/2026;quinta-feira;09:35:00;RS;386;35,6;FREDERICO WESTPHALEN;Pista esburacada;Tombamento;Com Vítimas Feridas;Pleno dia;Decrescente;Céu Claro;Simples;Reta;Sim;1;0;1;0;1;0;0;1;-27,3718439;-53,3982701;SPRF-RS;DEL08/RS;UOP02-DEL08-RS
745760;15/01/2026;quinta-feira;06:30:00;TO;242;421;CARIRI DO TOCANTINS;Reação tardia ou ineficiente do condutor;Queda de ocupante de veículo;Com Vítimas Feridas;Amanhecer;Decrescente;Nublado;Simples;Reta;Não;1;0;1;0;1;0;0;1;-11,94974086;-49,22632277;SPRF-TO;DEL01-TO;UOP02-DEL01-TO
745761;14/01/2026;quarta-feira;21:00:00;BA;116;28;VITORIA DA CONQUISTA;Ausência de reação do condutor;Colisão traseira;Sem Vítimas;Plena Noite;Decrescente;Nublado;Simples;Reta;Não;2;0;0;0;0;2;0;2;-14,842402;-40,81644;SPRF-BA;DEL08/BA;UOP01-DEL08-BA
745765;15/01/2026;quinta-feira;08:30:00;DF;20;16;BRASILIA;Manobra de mudança de faixa;Colisão traseira;Com Vítimas Feridas;Pleno dia;Crescente;Céu Claro;Dupla;Aclive;Não;3;0;1;0;1;2;0;2;-15,62821591;-47,72958755;SPRF-DF;DEL02-DF;UOP01-DEL02-DF
745766;11/01/2026;domingo;22:45:00;RJ;465;18;NOVA IGUACU;Entrada inopinada do pedestre;Atropelamento de Pedestre;Com Vítimas Feridas;Plena Noite;Crescente;Nublado;Simples;Reta;Sim;2;0;1;0;1;1;0;2;-22,829387;-43,616555;SPRF-RJ;DEL06/RJ;UOP02-DEL06-RJ
745767;15/01/2026;quinta-feira;08:40:00;RS;287;399,6;SANTIAGO;Acessar a via sem observar a presença dos outros veículos;Queda de ocupante de veículo;Com Vítimas Feridas;Pleno dia;Decrescente;Céu Claro;Simples;Reta;Sim;2;0;1;0;1;1;0;2;-29,17006454;-54,86084171;SPRF-RS;DEL12/RS;UOP02-DEL12-RS
745769;15/01/2026;quinta-feira;08:40:00;SC;101;201,2;SAO JOSE;Condutor deixou de manter distância do veículo da frente;Colisão traseira;Com Vítimas Feridas;Pleno dia;Crescente;Céu Claro;Dupla;Reta;Não;4;0;1;0;1;3;0;2;-27,550357;-48,619693;SPRF-SC;DEL01/SC;UOP01-DEL01-SC
745770;15/01/2026;quinta-feira;07:00:00;BA;101;765;ITABELA;Reação tardia ou ineficiente do condutor;Colisão traseira;Com Vítimas Feridas;Pleno dia;Decrescente;Céu Claro;Simples;Reta;Não;7;0;4;1;5;2;0;2;-16,71243186;-39,45327759;SPRF-BA;DEL09/BA;UOP01-DEL09-BA
745771;15/01/2026;quinta-feira;10:20:00;PR;277;43,9;MORRETES;Condutor deixou de manter distância do veículo da frente;Engavetamento;Sem Vítimas;Pleno dia;Crescente;Céu Claro;Dupla;Em Obras;Não;4;0;0;0;0;4;0;3;-25,59318254;-48,88911121;SPRF-PR;DEL01/PR;UOP05-DEL01-PR
745772;15/01/2026;quinta-feira;09:05:00;RO;364;236,1;CACOAL;Ausência de reação do condutor;Colisão traseira;Com Vítimas Feridas;Pleno dia;Crescente;Céu Claro;Simples;Reta;Sim;5;0;1;0;1;4;0;2;-11,444867;-61,440748;SPRF-RO;DEL02-RO;UOP02-DEL02-RO
745774;15/01/2026;quinta-feira;06:50:00;BA;415;60;ITABUNA;Velocidade Incompatível;Colisão transversal;Com Vítimas Fatais;Pleno dia;Crescente;Chuva;Simples;Curva;Não;4;3;1;0;1;0;0;2;-14,855833;-39,394451;SPRF-BA;DEL05/BA;UOP01-DEL05-BA
745775;15/01/2026;quinta-feira;10:20:00;MS;163;495;CAMPO GRANDE;Ausência de reação do condutor;Saída de leito carroçável;Com Vítimas Feridas;Pleno dia;Crescente;Céu Claro;Dupla;Rotatória;Não;1;0;1;0;1;0;0;1;-20,36241121;-54,52767849;SPRF-MS;DEL01/MS;UOP02-DEL01-MS
745776;15/01/2026;quinta-feira;11:20:00;AP;210;5;MACAPA;Ausência de reação do condutor;Colisão traseira;Com Vítimas Feridas;Pleno dia;Crescente;Céu Claro;Dupla;Reta;Sim;6;0;1;1;2;4;0;2;0,09130124;-51,10543638;SPRF-AP;DEL01-AP;UOP01-DEL01-AP
745778;15/01/2026;quinta-feira;10:25:00;RS;285;195,9;LAGOA VERMELHA;Acessar a via sem observar a presença dos outros veículos;Colisão transversal;Com Vítimas Feridas;Pleno dia;Decrescente;Sol;Simples;"Reta;Aclive";Sim;4;0;2;0;2;2;0;2;-28,22557719;-51,50728432;SPRF-RS;DEL08/RS;UOP05-DEL08-RS
745780;15/01/2026;quinta-feira;12:00:00;GO;40;60;CRISTALINA;Acessar a via sem observar a presença dos outros veículos;Colisão transversal;Com Vítimas Feridas;Pleno dia;Crescente;Céu Claro;Simples;"Curva;Declive";Sim;2;0;1;0;1;1;0;2;-16,556348;-47,791397;SPRF-DF;DEL01-DF;UOP02-DEL01-DF
745782;15/01/2026;quinta-feira;12:20:00;SC;470;89,1;ASCURRA;Ausência de reação do condutor;Colisão transversal;Com Vítimas Feridas;Pleno dia;Decrescente;Céu Claro;Simples;"Curva;Interseção de Vias";Sim;4;0;2;0;2;2;0;2;-26,96213944;-49,37093703;SPRF-SC;DEL04/SC;UOP01-DEL04-SC
745785;05/01/2026;segunda-feira;15:00:00;RJ;101;482;ANGRA DOS REIS;Acessar a via sem observar a presença dos outros veículos;Colisão transversal;Com Vítimas Feridas;Pleno dia;Decrescente;Céu Claro;Simples;Rotatória;Não;2;0;1;0;1;1;0;2;-23,00474841;-44,29803368;SPRF-RJ;DEL03/RJ;UOP03-DEL03-RJ
745786;15/01/2026;quinta-feira;11:40:00;AP;156;470;TARTARUGALZINHO;Avarias e/ou desgaste excessivo no pneu;Saída de leito carroçável;Com Vítimas Feridas;Pleno dia;Crescente;Céu Claro;Simples;Curva;Não;2;0;1;0;1;1;0;1;1,5199682;-50,9177713;SPRF-AP;DEL01-AP;UOP02-DEL01-AP
745787;15/01/2026;quinta-feira;11:50:00;PB;230;170,7;CAMPINA GRANDE;Conversão proibida;Colisão transversal;Com Vítimas Feridas;Pleno dia;Decrescente;Céu Claro;Simples;Reta;Sim;2;0;0;1;1;1;0;2;-7,18028884;-35,98979384;SPRF-PB;DEL02-PB;UOP02-DEL02-PB
745788;15/01/2026;quinta-feira;13:30:00;SC;101;212;PALHOCA;Acessar a via sem observar a presença dos outros veículos;Colisão lateral mesmo sentido;Com Vítimas Feridas;Pleno dia;Crescente;Céu Claro;Simples;Reta;Sim;2;0;2;0;2;0;0;2;-27,63279392;-48,66204325;SPRF-SC;DEL01/SC;UOP02-DEL01-SC
745790;15/01/2026;quinta-feira;09:00:00;PE;232;226,6;PESQUEIRA;Reação tardia ou ineficiente do condutor;Colisão traseira;Com Vítimas Feridas;Pleno dia;Crescente;Nublado;Simples;Reta;Não;2;0;0;1;1;1;0;2;-8,400688;-36,844143;SPRF-PE;DEL03/PE;UOP02-DEL03-PE
745791;15/01/2026;quinta-feira;12:20:00;PE;407;119;PETROLINA;Ausência de reação do condutor;Saída de leito carroçável;Com Vítimas Fatais;Pleno dia;Decrescente;Céu Claro;Simples;Reta;Não;1;1;0;0;0;0;0;1;-9,336708;-40,56023;SPRF-PE;DEL06/PE;UOP01-DEL06-PE
745793;15/01/2026;quinta-feira;14:10:00;ES;101;142,3;LINHARES;Manobra de mudança de faixa;Colisão lateral mesmo sentido;Com Vítimas Feridas;Pleno dia;Decrescente;Céu Claro;Múltipla;Reta;Sim;2;0;1;0;1;1;0;2;-19,33702627;-40,06589339;SPRF-ES;DEL04-ES;UOP01-DEL04-ES
745795;10/01/2026;sábado;09:20:00;MG;381;509,1;SAO JOAQUIM DE BICAS;Ausência de reação do condutor;Engavetamento;Sem Vítimas;Pleno dia;Crescente;Céu Claro;Dupla;Reta;Não;11;0;0;0;0;10;0;5;-20,04981823;-44,27813021;SPRF-MG;DEL01/MG;UOP03-DEL01-MG
745797;15/01/2026;quinta-feira;14:50:00;SC;101;210;SAO JOSE;Reação tardia ou ineficiente do condutor;Colisão lateral mesmo sentido;Com Vítimas Feridas;Pleno dia;Crescente;Céu Claro;Múltipla;Interseção de Vias;Não;2;0;0;1;1;1;0;2;-27,617974;-48,646446;SPRF-SC;DEL01/SC;UOP01-DEL01-SC
745798;15/01/2026;quinta-feira;14:50:00;PB;230;69;SOBRADO;Ausência de reação do condutor;Colisão traseira;Sem Vítimas;Pleno dia;Crescente;Nublado;Dupla;Reta;Não;2;0;0;0;0;2;0;2;-7,191932;-35,227722;SPRF-PB;DEL01-PB;UOP02-DEL01-PB
745799;15/01/2026;quinta-feira;14:40:00;BA;324;603;SIMOES FILHO;Reação tardia ou ineficiente do condutor;Queda de ocupante de veículo;Com Vítimas Feridas;Pleno dia;Decrescente;Céu Claro;Dupla;Declive;Não;1;0;1;0;1;0;0;1;-12,7808317;-38,4124647;SPRF-BA;DEL01/BA;UOP01-DEL01-BA
745801;15/01/2026;quinta-feira;14:15:00;BA;101;935,4;MUCURI;Condutor deixou de manter distância do veículo da frente;Colisão traseira;Com Vítimas Feridas;Pleno dia;Crescente;Céu Claro;Simples;"Reta;Declive";Sim;2;0;1;0;1;1;0;2;-18,0153717;-39,8619317;SPRF-BA;DEL09/BA;UOP02-DEL09-BA
745802;15/01/2026;quinta-feira;15:20:00;MG;381;521,4;BRUMADINHO;Velocidade Incompatível;Colisão com objeto;Com Vítimas Feridas;Pleno dia;Decrescente;Céu Claro;Múltipla;Curva;Não;1;0;1;0;1;0;0;1;-20,117144;-44,303513;SPRF-MG;DEL04/MG;UOP03-DEL04-MG
745807;15/01/2026;quinta-feira;15:50:00;RS;116;302;GUAIBA;Manobra de mudança de faixa;Colisão lateral mesmo sentido;Sem Vítimas;Pleno dia;Crescente;Céu Claro;Dupla;Reta;Não;3;0;0;0;0;3;0;3;-30,137322;-51,357769;SPRF-RS;DEL02/RS;UOP01-DEL02-RS
745808;15/01/2026;quinta-feira;16:05:00;BA;324;618;SALVADOR;Pista Escorregadia;Queda de ocupante de veículo;Com Vítimas Feridas;Pleno dia;Crescente;Céu Claro;Múltipla;Curva;Sim;2;0;1;0;1;1;0;1;-12,8907;-38,44516;SPRF-BA;DEL01/BA;UOP01-DEL01-BA
745809;15/01/2026;quinta-feira;15:40:00;SP;101;48;UBATUBA;Acessar a via sem observar a presença dos outros veículos;Colisão transversal;Sem Vítimas;Pleno dia;Crescente;Chuva;Simples;Reta;Sim;2;0;0;0;0;2;0;2;-23,43764608;-45,08771896;SPRF-SP;DEL06/SP;UOP01-DEL06-SP
745810;15/01/2026;quinta-feira;14:50:00;MS;163;19;MUNDO NOVO;Desrespeitar a preferência no cruzamento;Colisão transversal;Sem Vítimas;Pleno dia;Crescente;Céu Claro;Simples;Reta;Sim;2;0;0;0;0;2;0;2;-23,9355315;-54,2813907;SPRF-MS;DEL09/MS;UOP02-DEL09-MS