id;data_inversa;dia_semana;horario;uf;br;km;municipio;causa_acidente;tipo_acidente;classificacao_acidente;fase_dia;sentido_via;condicao_metereologica;tipo_pista;tracado_via;uso_solo;pessoas;mortos;feridos_leves;feridos_graves;feridos;ilesos;ignorados;veiculos;latitude;longitude;regional;delegacia;uop
745813;15/01/2026;quinta-feira;16:25:00;ES;101;146,1;LINHARES;Condutor deixou de manter distância do veículo da frente;Saída de leito carroçável;Com Vítimas Feridas;Pleno dia;Crescente;Céu Claro;Múltipla;"Declive;Reta";Sim;1;0;1;0;1;0;0;1;-19,37042794;-40,06475109;SPRF-ES;DEL04-ES;UOP01-DEL04-ES
745814;15/01/2026;quinta-feira;15:30:00;GO;153;505;APARECIDA DE GOIANIA;Reação tardia ou ineficiente do condutor;Queda de ocupante de veículo;Com Vítimas Feridas;Pleno dia;Crescente;Nublado;Dupla;Reta;Sim;2;0;0;1;1;0;0;2;-16,74695;-49,240971;SPRF-GO;DEL01/GO;UOP01-DEL01-GO
745816;15/01/2026;quinta-feira;14:00:00;MT;70;678;CACERES;Acumulo de água sobre o pavimento;Saída de leito carroçável;Com Vítimas Feridas;Pleno dia;Crescente;Nublado;Simples;Curva;Não;3;0;2;0;2;1;0;2;-16,16573026;-57,35273838;SPRF-MT;DEL03/MT;UOP02-DEL03-MT
745817;08/01/2026;quinta-feira;21:00:00;TO;242;161;PARANA;Ausência de reação do condutor;Saída de leito carroçável;Com Vítimas Fatais;Plena Noite;Decrescente;Ignorado;Simples;Reta;Não;3;1;1;1;2;0;0;1;-12,68589446;-47,67997742;SPRF-TO;DEL01-TO;UOP03-DEL01-TO
745819;15/01/2026;quinta-feira;16:00:00;PR;277;599;CASCAVEL;Desrespeitar a preferência no cruzamento;Saída de leito carroçável;Com Vítimas Feridas;Pleno dia;Decrescente;Céu Claro;Simples;Reta;Sim;1;0;1;0;1;0;0;1;-24,99858;-53,51769;SPRF-PR;DEL04/PR;UOP01-DEL04-PR
745820;15/01/2026;quinta-feira;14:35:00;SC;280;15;ARAQUARI;Acessar a via sem observar a presença dos outros veículos;Colisão transversal;Com Vítimas Feridas;Pleno dia;Decrescente;Céu Claro;Simples;Reta;Sim;3;0;2;0;2;1;0;2;-26,37663348;-48,71893334;SPRF-SC;DEL03/SC;UOP03-DEL03-SC
745821;15/01/2026;quinta-feira;15:40:00;SC;101;119;ITAJAI;Ausência de reação do condutor;Tombamento;Com Vítimas Feridas;Pleno dia;Crescente;Sol;Dupla;Reta;Não;2;0;1;1;2;0;0;1;-26,91077809;-48,71282671;SPRF-SC;DEL04/SC;UOP04-DEL04-SC
745823;15/01/2026;quinta-feira;17:22:00;PB;230;23,6;JOAO PESSOA;Ausência de reação do condutor;Colisão traseira;Com Vítimas Feridas;Anoitecer;Crescente;Céu Claro;Dupla;Reta;Não;1;0;1;0;1;0;0;1;-7,16325589;-34,86176491;SPRF-PB;DEL01-PB;UOP01-DEL01-PB
745824;15/01/2026;quinta-feira;15:00:00;SC;470;207;SAO CRISTOVAO DO SUL;Reação tardia ou ineficiente do condutor;Saída de leito carroçável;Com Vítimas Feridas;Pleno dia;Crescente;Chuva;Simples;Curva;Não;2;0;1;1;2;0;0;1;-27,29079;-50,19674;SPRF-SC;DEL05/SC;UOP03-DEL05-SC
745825;15/01/2026;quinta-feira;17:20:00;RJ;101;426;MANGARATIBA;Reação tardia ou ineficiente do condutor;Queda de ocupante de veículo;Com Vítimas Fatais;Pleno dia;Decrescente;Chuva;Simples;Reta;Não;2;1;0;0;0;1;0;2;-22,93169581;-43,98122661;SPRF-RJ;DEL03/RJ;UOP02-DEL03-RJ
745826;15/01/2026;quinta-feira;17:20:00;RJ;116;172;SAO JOAO DE MERITI;Manobra de mudança de faixa;Colisão lateral mesmo sentido;Com Vítimas Feridas;Anoitecer;Crescente;Garoa/Chuvisco;Dupla;Reta;Não;3;0;0;1;1;2;0;2;-22,80127583;-43,35133195;SPRF-RJ;DEL06/RJ;UOP01-DEL06-RJ
745827;15/01/2026;quinta-feira;17:20:00;RJ;101;483;ANGRA DOS REIS;Chuva;Queda de ocupante de veículo;Com Vítimas Feridas;Anoitecer;Crescente;Chuva;Simples;Curva;Não;1;0;1;0;1;0;0;1;-22,99954;-44,300739;SPRF-RJ;DEL03/RJ;UOP03-DEL03-RJ
745829;15/01/2026;quinta-feira;14:40:00;PR;277;391,8;CANDOI;Ausência de reação do condutor;Colisão frontal;Com Vítimas Feridas;Pleno dia;Crescente;Sol;Simples;Reta;Não;3;0;3;0;3;0;0;2;-25,44268;-51,8476;SPRF-PR;DEL08/PR;UOP01-DEL08-PR
745831;15/01/2026;quinta-feira;17:50:00;MG;40;635,2;CONSELHEIRO LAFAIETE;Acessar a via sem observar a presença dos outros veículos;Colisão transversal;Com Vítimas Feridas;Pleno dia;Crescente;Céu Claro;Simples;Reta;Não;2;0;0;1;1;1;0;2;-20,70391805;-43,79269766;SPRF-MG;DEL05/MG;UOP02-DEL05-MG
745832;15/01/2026;quinta-feira;17:25:00;RS;116;256;ESTEIO;Acessar a via sem observar a presença dos outros veículos;Tombamento;Com Vítimas Feridas;Pleno dia;Decrescente;Céu Claro;Dupla;"Interseção de Vias;Reta";Sim;2;0;1;0;1;0;0;2;-29,8397325;-51,1759875;SPRF-RS;DEL01/RS;UOP02-DEL01-RS
745833;15/01/2026;quinta-feira;15:10:00;CE;116;169,3;RUSSAS;Ausência de reação do condutor;Saída de leito carroçável;Sem Vítimas;Pleno dia;Crescente;Céu Claro;Simples;Reta;Não;1;0;0;0;0;0;1;1;-4,98181572;-38,02439976;SPRF-CE;DEL03/CE;UOP01-DEL03-CE
745834;15/01/2026;quinta-feira;17:30:00;PB;101;86;JOAO PESSOA;Condutor deixou de manter distância do veículo da frente;Colisão traseira;Com Vítimas Feridas;Anoitecer;Decrescente;Céu Claro;Dupla;Reta;Sim;2;0;0;1;1;1;0;2;-7,15580331;-34,90727235;SPRF-PB;DEL01-PB;UOP01-DEL01-PB
745835;15/01/2026;quinta-feira;18:30:00;MG;381;447;BELO HORIZONTE;Acessar a via sem observar a presença dos outros veículos;Colisão transversal;Com Vítimas Feridas;Anoitecer;Crescente;Céu Claro;Simples;Reta;Sim;2;0;0;1;1;1;0;2;-19,840129;-43,876262;SPRF-MG;DEL01/MG;UOP01-DEL01-MG
745836;15/01/2026;quinta-feira;18:00:00;AP;210;11;MACAPA;Ultrapassagem Indevida;Colisão lateral mesmo sentido;Com Vítimas Fatais;Pleno dia;Crescente;Céu Claro;Simples;Reta;Não;3;1;1;0;1;1;0;3;0,1293853;-51,13547653;SPRF-AP;DEL01-AP;UOP01-DEL01-AP
745837;15/01/2026;quinta-feira;17:00:00;MG;40;520;RIBEIRAO DAS NEVES;Ausência de reação do condutor;Tombamento;Com Vítimas Feridas;Pleno dia;Decrescente;Céu Claro;Dupla;"Aclive;Reta";Sim;1;0;1;0;1;0;0;1;-19,8375279;-44,0785043;SPRF-MG;DEL01/MG;UOP02-DEL01-MG
745839;15/01/2026;quinta-feira;16:40:00;RJ;101;415;MANGARATIBA;Acessar a via sem observar a presença dos outros veículos;Colisão transversal;Com Vítimas Feridas;Anoitecer;Decrescente;Garoa/Chuvisco;Dupla;"Interseção de Vias;Reta";Não;2;0;1;0;1;1;0;2;-22,910636;-43,893;SPRF-RJ;DEL03/RJ;UOP01-DEL03-RJ
745840;15/01/2026;quinta-feira;18:00:00;TO;153;312;GUARAI;Demais falhas mecânicas ou elétricas;Saída de leito carroçável;Com Vítimas Feridas;Pleno dia;Decrescente;Céu Claro;Simples;Reta;Não;1;0;1;0;1;0;0;1;-8,64394;-48,49108;SPRF-TO;DEL02-TO;UOP02-DEL02-TO
745841;15/01/2026;quinta-feira;18:15:00;GO;70;5;AGUAS LINDAS DE GOIAS;Reação tardia ou ineficiente do condutor;Colisão traseira;Com Vítimas Feridas;Anoitecer;Crescente;Nublado;Dupla;Reta;Sim;2;0;1;0;1;1;0;2;-15,74782;-48,26375;SPRF-DF;DEL03-DF;UOP02-DEL03-DF
745842;15/01/2026;quinta-feira;16:40:00;MG;116;550,2;SANTA BARBARA DO LESTE;Velocidade Incompatível;Colisão transversal;Com Vítimas Feridas;Pleno dia;Decrescente;Sol;Simples;Reta;Sim;2;0;0;1;1;1;0;2;-19,9789047;-42,14033604;SPRF-MG;DEL06/MG;UOP02-DEL06-MG
745844;15/01/2026;quinta-feira;17:00:00;MG;262;153,1;SAO DOMINGOS DO PRATA;Pedestre andava na pista;Atropelamento de Pedestre;Com Vítimas Feridas;Pleno dia;Crescente;Nublado;Simples;Curva;Não;2;0;1;0;1;1;0;2;-19,99294992;-42,78998852;SPRF-MG;DEL03/MG;UOP03-DEL03-MG
745845;15/01/2026;quinta-feira;18:00:00;PR;369;197;ARAPONGAS;Ultrapassagem Indevida;Colisão lateral mesmo sentido;Com Vítimas Fatais;Anoitecer;Crescente;Céu Claro;Dupla;"Reta;Retorno Regulamentado";Não;3;1;0;0;0;1;0;3;-23,503895;-51,424773;SPRF-PR;DEL07/PR;UOP03-DEL07-PR
745847;15/01/2026;quinta-feira;18:00:00;PR;376;614;SAO JOSE DOS PINHAIS;Reação tardia ou ineficiente do condutor;Colisão traseira;Com Vítimas Feridas;Pleno dia;Decrescente;Chuva;Dupla;"Declive;Reta";Sim;2;0;1;0;1;1;0;2;-25,57927361;-49,17821495;SPRF-PR;DEL01/PR;UOP03-DEL01-PR
745848;15/01/2026;quinta-feira;13:20:00;SC;101;253;PAULO LOPES;Acessar a via sem observar a presença dos outros veículos;Colisão transversal;Com Vítimas Feridas;Pleno dia;Decrescente;Sol;Simples;"Interseção de Vias;Viaduto;Reta";Sim;2;0;1;0;1;1;0;2;-27,966732;-48,679437;SPRF-SC;DEL02/SC;UOP03-DEL02-SC
745849;15/01/2026;quinta-feira;19:00:00;PE;232;256,8;ARCOVERDE;Condutor deixou de manter distância do veículo da frente;Colisão traseira;Com Vítimas Feridas;Plena Noite;Crescente;Céu Claro;Simples;Reta;Sim;3;0;1;0;1;2;0;2;-8,40693301;-37,11754472;SPRF-PE;DEL04/PE;UOP02-DEL04-PE
745850;15/01/2026;quinta-feira;17:10:00;PI;230;303,6;FLORIANO;Ausência de reação do condutor;Colisão traseira;Com Vítimas Feridas;Pleno dia;Crescente;Céu Claro;Simples;Aclive;Não;2;0;1;0;1;0;0;2;-6,80338;-42,96807;SPRF-PI;DEL03-PI;UOP01-DEL03-PI
745851;15/01/2026;quinta-feira;19:05:00;SC;282;2;FLORIANOPOLIS;Ausência de reação do condutor;Colisão traseira;Com Vítimas Feridas;Plena Noite;Crescente;Nublado;Dupla;Reta;Não;5;0;0;1;1;4;0;2;-27,603113;-48,590684;SPRF-SC;DEL01/SC;UOP01-DEL01-SC
745852;15/01/2026;quinta-feira;18:14:00;RO;364;347;JI-PARANA;Acesso irregular;Colisão traseira;Com Vítimas Feridas;Pleno dia;Crescente;Céu Claro;Simples;Reta;Sim;3;0;1;0;1;2;0;2;-10,859983;-61,977263;SPRF-RO;DEL02-RO;UOP01-DEL02-RO
745853;07/01/2026;quarta-feira;16:45:00;PR;277;725;FOZ DO IGUACU;Ausência de reação do condutor;Colisão traseira;Com Vítimas Feridas;Pleno dia;Decrescente;Ignorado;Dupla;Reta;Sim;3;0;1;0;1;2;0;2;-25,500779;-54,534308;SPRF-PR;DEL05/PR;UOP03-DEL05-PR
745854;15/01/2026;quinta-feira;19:15:00;GO;60;100;ANAPOLIS;Reação tardia ou ineficiente do condutor;Colisão traseira;Com Vítimas Feridas;Anoitecer;Decrescente;Céu Claro;Dupla;"Aclive;Viaduto";Sim;6;0;1;0;1;4;0;3;-16,395213;-48,962328;SPRF-GO;DEL02/GO;UOP01-DEL02-GO
745855;14/01/2026;quarta-feira;19:50:00;SP;116;70;APARECIDA;Chuva;Capotamento;Com Vítimas Feridas;Pleno dia;Crescente;Chuva;Dupla;Curva;Sim;1;0;0;1;1;0;0;1;-22,84666291;-45,22706414;SPRF-SP;DEL08/SP;UOP01-DEL08-SP
745857;15/01/2026;quinta-feira;20:34:00;GO;60;100;ANAPOLIS;Sinalização mal posicionada;Colisão traseira;Com Vítimas Feridas;Plena Noite;Decrescente;Céu Claro;Dupla;Viaduto;Sim;6;0;1;0;1;5;0;2;-16,39554701;-48,96282434;SPRF-GO;DEL02/GO;UOP01-DEL02-GO
745858;15/01/2026;quinta-feira;17:20:00;RJ;101;481,4;ANGRA DOS REIS;Chuva;Tombamento;Com Vítimas Feridas;Pleno dia;Decrescente;Chuva;Simples;Reta;Não;1;0;1;0;1;0;0;1;-23,007258;-44,292712;SPRF-RJ;DEL03/RJ;UOP03-DEL03-RJ
745859;02/01/2026;sexta-feira;22:08:00;BA;324;610;SIMOES FILHO;Demais falhas mecânicas ou elétricas;Incêndio;Sem Vítimas;Plena Noite;Crescente;Céu Claro;Dupla;Reta;Sim;1;0;0;0;0;0;1;1;-12,847028;-38,417663;SPRF-BA;DEL01/BA;UOP01-DEL01-BA
745862;15/01/2026;quinta-feira;20:40:00;SP;381;75;SAO PAULO;Chuva;Saída de leito carroçável;Sem Vítimas;Plena Noite;Crescente;Chuva;Dupla;"Declive;Curva";Sim;1;0;0;0;0;0;1;1;-23,38657302;-46,56845793;SPRF-SP;DEL03/SP;UOP01-DEL03-SP
745863;15/01/2026;quinta-feira;16:40:00;MS;267;197,9;NOVA ALVORADA DO SUL;Avarias e/ou desgaste excessivo no pneu;Capotamento;Com Vítimas Feridas;Pleno dia;Crescente;Céu Claro;Simples;Reta;Não;2;0;2;0;2;0;0;1;-21,59040447;-53,99059296;SPRF-MS;DEL02/MS;UOP03-DEL02-MS
745864;15/01/2026;quinta-feira;18:35:00;MA;222;382,1;PINDARE-MIRIM;Acessar a via sem observar a presença dos outros veículos;Colisão lateral mesmo sentido;Com Vítimas Feridas;Anoitecer;Crescente;Céu Claro;Simples;Reta;Não;3;0;1;0;1;2;0;2;-3,81989;-45,48851;SPRF-MA;DEL02-MA;UOP01-DEL02-MA
745867;15/01/2026;quinta-feira;18:00:00;PE;428;106;SANTA MARIA DA BOA VISTA;Demais falhas mecânicas ou elétricas;Saída de leito carroçável;Com Vítimas Feridas;Anoitecer;Decrescente;Céu Claro;Simples;Reta;Não;3;0;3;0;3;0;0;1;-8,865323;-40,004985;SPRF-PE;DEL06/PE;UOP03-DEL06-PE
745868;15/01/2026;quinta-feira;20:30:00;GO;153;506;APARECIDA DE GOIANIA;Mal súbito do condutor;Queda de ocupante de veículo;Com Vítimas Feridas;Plena Noite;Crescente;Nublado;Dupla;"Reta;Aclive";Sim;2;0;1;0;1;1;0;1;-16,76308255;-49,24004352;SPRF-GO;DEL01/GO;UOP01-DEL01-GO
745870;15/01/2026;quinta-feira;20:40:00;MG;381;480;CONTAGEM;Reação tardia ou ineficiente do condutor;Colisão traseira;Com Vítimas Feridas;Plena Noite;Decrescente;Céu Claro;Múltipla;"Aclive;Reta";Sim;2;0;1;0;1;1;0;2;-19,96054851;-44,05285232;SPRF-MG;DEL01/MG;UOP03-DEL01-MG
745871;15/01/2026;quinta-feira;18:55:00;PI;343;267,4;CAMPO MAIOR;Ingestão de álcool pelo condutor;Colisão frontal;Com Vítimas Feridas;Plena Noite;Decrescente;Céu Claro;Simples;Reta;Sim;2;0;2;0;2;0;0;2;-4,84818396;-42,1923641;SPRF-PI;DEL01-PI;UOP03-DEL01-PI
745872;15/01/2026;quinta-feira;21:30:00;PR;376;255;CALIFORNIA;Ausência de reação do condutor;Colisão transversal;Sem Vítimas;Plena Noite;Crescente;Nublado;Simples;Reta;Sim;2;0;0;0;0;2;0;2;-23,664828;-51,363289;SPRF-PR;DEL07/PR;UOP03-DEL07-PR
745873;15/01/2026;quinta-feira;22:00:00;RJ;116;111;GUAPIMIRIM;Velocidade Incompatível;Saída de leito carroçável;Com Vítimas Feridas;Plena Noite;Decrescente;Céu Claro;Dupla;Curva;Não;1;0;0;1;1;0;0;1;-22,546734;-42,988048;SPRF-RJ;DEL04/RJ;UOP02-DEL04-RJ
745874;15/01/2026;quinta-feira;19:30:00;PR;163;208;CASCAVEL;Condutor usando celular;Saída de leito carroçável;Com Vítimas Feridas;Amanhecer;Decrescente;Céu Claro;Dupla;Reta;Não;1;0;1;0;1;0;0;1;-24,90932543;-53,53543282;SPRF-PR;DEL05/PR;UOP05-DEL05-PR
745876;15/01/2026;quinta-feira;22:30:00;PB;230;23;JOAO PESSOA;Ausência de reação do condutor;Colisão traseira;Com Vítimas Feridas;Plena Noite;Decrescente;Chuva;Dupla;Reta;Sim;3;0;1;0;1;1;0;2;-7,161267;-34,86042;SPRF-PB;DEL01-PB;UOP01-DEL01-PB
745882;15/01/2026;quinta-feira;21:07:00;MA;222;633;ACAILANDIA;Deficiência do Sistema de Iluminação/Sinalização;Colisão traseira;Com Vítimas Fatais;Plena Noite;Decrescente;Céu Claro;Simples;Reta;Não;3;1;0;0;0;2;0;2;-4,77909;-47,14502;SPRF-MA;DEL04-MA;UOP03-DEL04-MA
745886;16/01/2026;sexta-feira;00:00:00;PB;230;20;JOAO PESSOA;Demais falhas mecânicas ou elétricas;Tombamento;Com Vítimas Feridas;Plena Noite;Decrescente;Chuva;Dupla;Curva;Sim;2;0;1;0;1;1;0;1;-7,1363667;-34,85437185;SPRF-PB;DEL01-PB;UOP01-DEL01-PB
745887;16/01/2026;sexta-feira;00:10:00;SP;381;34;ATIBAIA;Velocidade Incompatível;Saída de leito carroçável;Com Vítimas Feridas;Plena Noite;Decrescente;Chuva;Dupla;Curva;Não;4;0;3;0;3;1;0;2;-23,07892056;-46,56962268;SPRF-SP;DEL03/SP;UOP02-DEL03-SP
745888;15/01/2026;quinta-feira;22:30:00;SP;116;504;CAJATI;Reação tardia ou ineficiente do condutor;Saída de leito carroçável;Com Vítimas Feridas;Plena Noite;Crescente;Chuva;Múltipla;Curva;Não;1;0;1;0;1;0;0;1;-24,79359162;-48,21144104;SPRF-SP;DEL05/SP;UOP02-DEL05-SP
745890;15/01/2026;quinta-feira;20:07:00;PI;135;501;MONTE ALEGRE DO PIAUI;Transitar na contramão;Colisão frontal;Com Vítimas Feridas;Plena Noite;Decrescente;Céu Claro;Simples;Reta;Não;2;0;1;0;1;1;0;2;-9,740182;-45,278595;SPRF-PI;DEL03-PI;UOP02-DEL03-PI
745891;16/01/2026;sexta-feira;00:20:00;SP;381;86;SAO PAULO;Entrada inopinada do pedestre;Atropelamento de Pedestre;Com Vítimas Feridas;Plena Noite;Decrescente;Garoa/Chuvisco;Múltipla;Reta;Sim;2;0;0;1;1;1;0;2;-23,47035633;-46,56695573;SPRF-SP;DEL03/SP;UOP01-DEL03-SP
745893;16/01/2026;sexta-feira;02:30:00;PA;230;119,4;MARABA;Ausência de reação do condutor;Colisão com objeto;Com Vítimas Fatais;Plena Noite;Decrescente;Nublado;Dupla;Reta;Sim;1;1;0;0;0;0;0;1;-5,350423;-49,107525;SPRF-PA;DEL03/PA;UOP01-DEL03-PA
745898;16/01/2026;sexta-feira;05:00:00;MG;40;707,5;BARBACENA;Reação tardia ou ineficiente do condutor;Colisão com objeto;Com Vítimas Feridas;Amanhecer;Decrescente;Céu Claro;Dupla;Reta;Não;1;0;1;0;1;0;0;1;-21,239475;-43,703317;SPRF-MG;DEL05/MG;UOP02-DEL05-MG
745900;16/01/2026;sexta-feira;05:33:00;RN;405;81;APODI;Deficiência do Sistema de Iluminação/Sinalização;Colisão traseira;Com Vítimas Feridas;Amanhecer;Crescente;Céu Claro;Simples;Reta;Não;3;0;1;0;1;2;0;2;-5,698956;-37,800701;SPRF-RN;DEL04-RN;UOP02-DEL04-RN
745901;16/01/2026;sexta-feira;05:40:00;MG;40;549;RAPOSOS;Demais falhas mecânicas ou elétricas;Tombamento;Com Vítimas Feridas;Pleno dia;Crescente;Nublado;Dupla;Reta;Não;2;0;0;2;2;0;0;1;-19,9515148;-43,80547748;SPRF-MG;DEL01/MG;UOP02-DEL01-MG
745904;16/01/2026;sexta-feira;05:00:00;RJ;101;64,4;CAMPOS DOS GOYTACAZES;Ausência de reação do condutor;Queda de ocupante de veículo;Com Vítimas Feridas;Amanhecer;Decrescente;Céu Claro;Simples;Reta;Sim;1;0;1;0;1;0;0;1;-21,83590546;-41,42124554;SPRF-RJ;DEL08/RJ;UOP02-DEL08-RJ
745905;15/01/2026;quinta-feira;20:40:00;PE;101;56,8;RECIFE;Transitar na contramão;Colisão frontal;Sem Vítimas;Plena Noite;Crescente;Céu Claro;Múltipla;Interseção de Vias;Sim;2;0;0;0;0;1;0;2;-7,96246496;-34,91494775;SPRF-PE;DEL01/PE;UOP02-DEL01-PE
745906;16/01/2026;sexta-feira;06:00:00;PE;408;97,5;JABOATAO DOS GUARARAPES;Entrada inopinada do pedestre;Atropelamento de Pedestre;Com Vítimas Fatais;Pleno dia;Crescente;Nublado;Dupla;Curva;Sim;2;1;0;0;0;1;0;2;-8,0786;-34,99332;SPRF-PE;DEL01/PE;UOP01-DEL01-PE
745907;16/01/2026;sexta-feira;07:00:00;SC;282;28,5;SANTO AMARO DA IMPERATRIZ;Desrespeitar a preferência no cruzamento;Colisão transversal;Com Vítimas Feridas;Pleno dia;Crescente;Céu Claro;Simples;"Interseção de Vias;Rotatória";Não;2;0;0;1;1;1;0;2;-27,67673925;-48,78314125;SPRF-SC;DEL01/SC;UOP03-DEL01-SC
745909;16/01/2026;sexta-feira;06:20:00;RS;386;340;LAJEADO;Reação tardia ou ineficiente do condutor;Colisão com objeto;Com Vítimas Feridas;Pleno dia;Decrescente;Céu Claro;Dupla;Reta;Não;2;0;1;1;2;0;0;1;-29,422138;-52,02274;SPRF-RS;DEL04/RS;UOP01-DEL04-RS
745912;16/01/2026;sexta-feira;07:00:00;BA;324;7;FEIRA DE SANTANA;Ausência de reação do condutor;Tombamento;Com Vítimas Feridas;Pleno dia;Decrescente;Céu Claro;Dupla;Reta;Sim;1;0;1;0;1;0;0;1;-12,26872897;-38,98864606;SPRF-BA;DEL02/BA;UOP01-DEL02-BA
745913;15/01/2026;quinta-feira;12:00:00;RJ;116;21;NOVA IGUACU;Ausência de reação do condutor;Colisão transversal;Com Vítimas Feridas;Pleno dia;Decrescente;Céu Claro;Simples;Reta;Sim;2;0;1;0;1;0;0;2;-22,85812072;-43,60178828;SPRF-RJ;DEL05/RJ;UOP01-DEL05-RJ
745914;16/01/2026;sexta-feira;07:20:00;PB;101;89;JOAO PESSOA;Chuva;Tombamento;Com Vítimas Feridas;Pleno dia;Crescente;Chuva;Dupla;"Declive;Reta";Sim;1;0;1;0;1;0;0;1;-7,17760313;-34,89979029;SPRF-PB;DEL01-PB;UOP01-DEL01-PB
745915;16/01/2026;sexta-feira;06:00:00;MT;174;2;PONTES E LACERDA;Acessar a via sem observar a presença dos outros veículos;Colisão transversal;Com Vítimas Feridas;Pleno dia;Crescente;Chuva;Simples;Rotatória;Sim;2;0;1;0;1;1;0;2;-15,25224564;-59,32883173;SPRF-MT;DEL04/MT;UOP01-DEL04-MT
745917;16/01/2026;sexta-feira;07:30:00;RJ;116;184;NOVA IGUACU;Ausência de reação do condutor;Colisão traseira;Com Vítimas Feridas;Pleno dia;Decrescente;Céu Claro;Dupla;Reta;Sim;5;0;1;0;1;4;0;3;-22,74119507;-43,4999156;SPRF-RJ;DEL06/RJ;UOP01-DEL06-RJ
745918;16/01/2026;sexta-feira;07:45:00;ES;101;146,9;LINHARES;Condutor deixou de manter distância do veículo da frente;Colisão traseira;Com Vítimas Feridas;Pleno dia;Crescente;Céu Claro;Simples;Reta;Sim;2;0;1;0;1;1;0;2;-19,37824;-40,0663598;SPRF-ES;DEL04-ES;UOP01-DEL04-ES
745919;16/01/2026;sexta-feira;07:45:00;SC;101;120;ITAJAI;Condutor deixou de manter distância do veículo da frente;Colisão traseira;Com Vítimas Feridas;Pleno dia;Crescente;Céu Claro;Dupla;Reta;Não;3;0;0;1;1;2;0;3;-26,9174518;-48,70951653;SPRF-SC;DEL04/SC;UOP04-DEL04-SC
745921;16/01/2026;sexta-feira;07:53:00;PE;101;73,5;RECIFE;Trafegar com motocicleta (ou similar) entre as faixas;Colisão lateral mesmo sentido;Com Vítimas Feridas;Pleno dia;Decrescente;Céu Claro;Dupla;Reta;Não;3;0;1;0;1;1;0;3;-8,099161;-34,949992;SPRF-PE;DEL01/PE;UOP01-DEL01-PE
745922;16/01/2026;sexta-feira;08:18:00;PR;369;147,1;LONDRINA;Trafegar com motocicleta (ou similar) entre as faixas;Colisão lateral mesmo sentido;Com Vítimas Feridas;Pleno dia;Crescente;Sol;Dupla;"Aclive;Reta";Sim;3;0;0;1;1;2;0;3;-23,29313519;-51,13291232;SPRF-PR;DEL07/PR;UOP01-DEL07-PR
745923;16/01/2026;sexta-feira;08:15:00;RS;116;267;CANOAS;Condutor deixou de manter distância do veículo da frente;Colisão traseira;Com Vítimas Feridas;Pleno dia;Decrescente;Céu Claro;Múltipla;Reta;Não;3;0;1;0;1;1;0;3;-29,93212881;-51,17742475;SPRF-RS;DEL01/RS;UOP01-DEL01-RS
745924;16/01/2026;sexta-feira;08:00:00;ES;101;267,7;SERRA;Acessar a via sem observar a presença dos outros veículos;Colisão transversal;Com Vítimas Feridas;Pleno dia;Decrescente;Sol;Dupla;Reta;Sim;2;0;2;0;2;0;0;2;-20,21250664;-40,269499;SPRF-ES;DEL02-ES;UOP01-DEL02-ES
745925;16/01/2026;sexta-feira;08:10:00;RS;290;94;PORTO ALEGRE;Demais falhas mecânicas ou elétricas;Incêndio;Sem Vítimas;Pleno dia;Crescente;Céu Claro;Múltipla;Reta;Não;1;0;0;0;0;1;0;1;-29,97781783;-51,20012999;SPRF-RS;DEL01/RS;UOP01-DEL01-RS
745926;16/01/2026;sexta-feira;07:20:00;MG;40;745,8;SANTOS DUMONT;Ausência de reação do condutor;Queda de ocupante de veículo;Com Vítimas Feridas;Pleno dia;Crescente;Céu Claro;Simples;"Aclive;Curva";Não;1;0;1;0;1;0;0;1;-21,46724945;-43,55905116;SPRF-MG;DEL05/MG;UOP01-DEL05-MG
745927;16/01/2026;sexta-feira;08:20:00;PB;230;18;JOAO PESSOA;Transtornos Mentais (exceto suicidio);Queda de ocupante de veículo;Com Vítimas Feridas;Pleno dia;Crescente;Céu Claro;Dupla;Reta;Não;2;0;1;0;1;1;0;1;-7,11987989;-34,84520528;SPRF-PB;DEL01-PB;UOP01-DEL01-PB
745928;16/01/2026;sexta-feira;07:55:00;PE;232;9;JABOATAO DOS GUARARAPES;Ausência de reação do condutor;Colisão traseira;Com Vítimas Feridas;Pleno dia;Crescente;Sol;Dupla;Reta;Sim;2;0;1;0;1;1;0;2;-8,078432;-34,982195;SPRF-PE;DEL01/PE;UOP01-DEL01-PE
745929;16/01/2026;sexta-feira;07:50:00;DF;20;7;BRASILIA;Ausência de reação do condutor;Colisão lateral mesmo sentido;Sem Vítimas;Pleno dia;Decrescente;Céu Claro;Dupla;Reta;Sim;2;0;0;0;0;2;0;2;-15,66103606;-47,79776931;SPRF-DF;DEL02-DF;UOP01-DEL02-DF
745930;16/01/2026;sexta-feira;07:45:00;MG;381;853;POUSO ALEGRE;Transitar no Acostamento;Colisão traseira;Com Vítimas Feridas;Pleno dia;Crescente;Céu Claro;Dupla;Reta;Não;3;0;0;1;1;2;0;2;-22,252528;-45,887878;SPRF-MG;DEL16/MG;UOP01-DEL16-MG