id;data_inversa;dia_semana;horario;uf;br;km;municipio;causa_acidente;tipo_acidente;classificacao_acidente;fase_dia;sentido_via;condicao_metereologica;tipo_pista;tracado_via;uso_solo;pessoas;mortos;feridos_leves;feridos_graves;feridos;ilesos;ignorados;veiculos;latitude;longitude;regional;delegacia;uop
746411;18/01/2026;domingo;09:44:00;PE;232;10;JABOATAO DOS GUARARAPES;Retorno proibido;Colisão traseira;Com Vítimas Feridas;Pleno dia;Decrescente;Céu Claro;Simples;"Rotatória;Curva";Sim;2;0;1;0;1;1;0;2;-8,08188;-34,9908;SPRF-PE;DEL01/PE;UOP01-DEL01-PE
746412;18/01/2026;domingo;08:30:00;SC;101;169;TIJUCAS;Avarias e/ou desgaste excessivo no pneu;Tombamento;Com Vítimas Feridas;Pleno dia;Crescente;Céu Claro;Dupla;Reta;Não;2;0;2;0;2;0;0;1;-27,27532928;-48,63132477;SPRF-SC;DEL04/SC;UOP03-DEL04-SC
746414;18/01/2026;domingo;10:40:00;MG;40;464;SETE LAGOAS;Chuva;Saída de leito carroçável;Com Vítimas Feridas;Pleno dia;Crescente;Chuva;Dupla;"Curva;Aclive";Não;5;0;1;0;1;4;0;1;-19,433158;-44,335698;SPRF-MG;DEL02/MG;UOP01-DEL02-MG
746417;18/01/2026;domingo;10:37:00;MG;381;550;ITAGUARA;Chuva;Saída de leito carroçável;Com Vítimas Feridas;Pleno dia;Decrescente;Chuva;Dupla;Curva;Não;2;0;1;0;1;1;0;1;-20,30070887;-44,44162242;SPRF-MG;DEL04/MG;UOP03-DEL04-MG
746418;18/01/2026;domingo;09:45:00;MG;262;564,9;CORREGO DANTA;Condutor deixou de manter distância do veículo da frente;Tombamento;Com Vítimas Feridas;Pleno dia;Crescente;Garoa/Chuvisco;Simples;Curva;Não;6;0;1;0;1;5;0;2;-19,69126174;-46,03858821;SPRF-MG;DEL08/MG;UOP02-DEL08-MG
746419;18/01/2026;domingo;11:05:00;MG;40;738;SANTOS DUMONT;Ausência de reação do condutor;Colisão com objeto;Com Vítimas Feridas;Pleno dia;Decrescente;Chuva;Dupla;Curva;Não;2;0;1;0;1;1;0;1;-21,4327933;-43,55167866;SPRF-MG;DEL05/MG;UOP01-DEL05-MG
746420;18/01/2026;domingo;07:15:00;RO;429;43,3;ALVORADA DOESTE;Desrespeitar a preferência no cruzamento;Colisão transversal;Com Vítimas Fatais;Pleno dia;Crescente;Sol;Simples;"Reta;Interseção de Vias";Não;2;1;0;0;0;1;0;2;-11,295945;-62,237881;SPRF-RO;DEL02-RO;UOP03-DEL02-RO
746423;18/01/2026;domingo;10:40:00;MG;381;653,9;SANTO ANTONIO DO AMPARO;Ausência de reação do condutor;Colisão com objeto;Com Vítimas Feridas;Pleno dia;Decrescente;Nublado;Dupla;"Aclive;Curva";Não;3;0;3;0;3;0;0;1;-20,97489428;-44,93767619;SPRF-MG;DEL04/MG;UOP02-DEL04-MG
746425;18/01/2026;domingo;11:30:00;MG;381;713,1;CARMO DA CACHOEIRA;Ausência de reação do condutor;Colisão com objeto;Com Vítimas Feridas;Pleno dia;Crescente;Chuva;Dupla;Reta;Não;3;0;3;0;3;0;0;1;-21,37652158;-45,19362116;SPRF-MG;DEL04/MG;UOP02-DEL04-MG
746427;18/01/2026;domingo;11:30:00;SC;101;196,4;BIGUACU;Reação tardia ou ineficiente do condutor;Tombamento;Com Vítimas Feridas;Pleno dia;Decrescente;Sol;Múltipla;Curva;Sim;1;0;1;0;1;0;0;1;-27,513302;-48,640483;SPRF-SC;DEL01/SC;UOP01-DEL01-SC
746430;18/01/2026;domingo;11:00:00;MG;40;764;JUIZ DE FORA;Avarias e/ou desgaste excessivo no pneu;Saída de leito carroçável;Com Vítimas Feridas;Pleno dia;Decrescente;Chuva;Simples;Curva;Não;2;0;2;0;2;0;0;1;-21,58785057;-43,45899582;SPRF-MG;DEL05/MG;UOP01-DEL05-MG
746431;18/01/2026;domingo;11:30:00;SC;101;230;PALHOCA;Reação tardia ou ineficiente do condutor;Colisão lateral mesmo sentido;Com Vítimas Feridas;Pleno dia;Decrescente;Céu Claro;Dupla;Reta;Não;3;0;1;1;2;1;0;2;-27,77437801;-48,63412349;SPRF-SC;DEL01/SC;UOP02-DEL01-SC
746432;11/01/2026;domingo;03:00:00;PR;277;41,3;MORRETES;Reação tardia ou ineficiente do condutor;Saída de leito carroçável;Sem Vítimas;Plena Noite;Crescente;Céu Claro;Dupla;"Curva;Aclive";Não;1;0;0;0;0;1;0;1;-25,56136883;-48,81594356;SPRF-PR;DEL01/PR;UOP05-DEL01-PR
746433;18/01/2026;domingo;11:00:00;SC;101;204;SAO JOSE;Demais falhas mecânicas ou elétricas;Colisão lateral mesmo sentido;Com Vítimas Feridas;Pleno dia;Crescente;Céu Claro;Múltipla;Reta;Sim;2;0;1;0;1;1;0;2;-27,58037;-48,61448;SPRF-SC;DEL01/SC;UOP01-DEL01-SC
746434;18/01/2026;domingo;10:20:00;RO;364;195;PIMENTA BUENO;Ingestão de álcool pelo condutor;Saída de leito carroçável;Com Vítimas Feridas;Pleno dia;Decrescente;Céu Claro;Simples;"Curva;Rotatória";Sim;1;0;1;0;1;0;0;1;-11,68833687;-61,18296182;SPRF-RO;DEL02-RO;UOP02-DEL02-RO
746436;18/01/2026;domingo;12:05:00;PE;101;48,4;ABREU E LIMA;Transitar na contramão;Colisão frontal;Com Vítimas Feridas;Pleno dia;Crescente;Céu Claro;Múltipla;"Reta;Interseção de Vias";Sim;3;0;2;0;2;1;0;2;-7,89588;-34,902948;SPRF-PE;DEL01/PE;UOP02-DEL01-PE
746437;18/01/2026;domingo;07:30:00;RO;364;761;PORTO VELHO;Condutor deixou de manter distância do veículo da frente;Colisão traseira;Com Vítimas Feridas;Pleno dia;Crescente;Nublado;Simples;Reta;Não;4;0;4;0;4;0;0;2;-9,110737;-64,106682;SPRF-RO;DEL01-RO;UOP02-DEL01-RO
746438;18/01/2026;domingo;12:10:00;MG;381;480;CONTAGEM;Avarias e/ou desgaste excessivo no pneu;Queda de ocupante de veículo;Com Vítimas Feridas;Pleno dia;Crescente;Garoa/Chuvisco;Dupla;Reta;Não;1;0;1;0;1;0;0;1;-19,9600095;-44,052723;SPRF-MG;DEL01/MG;UOP03-DEL01-MG
746440;18/01/2026;domingo;12:15:00;PR;116;98,7;SAO JOSE DOS PINHAIS;Transitar no Acostamento;Colisão transversal;Sem Vítimas;Pleno dia;Decrescente;Sol;Dupla;Curva;Não;2;0;0;0;0;1;0;2;-25,557145;-49,149938;SPRF-PR;DEL01/PR;UOP08-DEL01-PR
746442;18/01/2026;domingo;12:10:00;RS;290;74,8;GRAVATAI;Velocidade Incompatível;Saída de leito carroçável;Com Vítimas Feridas;Pleno dia;Decrescente;Chuva;Dupla;Curva;Não;3;0;3;0;3;0;0;1;-29,95471192;-51,00217478;SPRF-RS;DEL01/RS;UOP01-DEL01-RS
746443;18/01/2026;domingo;13:00:00;BA;116;433,8;FEIRA DE SANTANA;Demais falhas mecânicas ou elétricas;Saída de leito carroçável;Com Vítimas Feridas;Pleno dia;Decrescente;Chuva;Dupla;Curva;Não;3;0;2;0;2;1;0;1;-12,3006602;-39,0388036;SPRF-BA;DEL02/BA;UOP01-DEL02-BA
746444;18/01/2026;domingo;11:30:00;MG;381;686,5;LAVRAS;Ausência de reação do condutor;Colisão com objeto;Com Vítimas Feridas;Pleno dia;Decrescente;Chuva;Dupla;"Aclive;Curva";Não;3;0;2;0;2;1;0;1;-21,17768905;-45,12405753;SPRF-MG;DEL04/MG;UOP02-DEL04-MG
746445;18/01/2026;domingo;13:15:00;MG;40;750;SANTOS DUMONT;Reação tardia ou ineficiente do condutor;Tombamento;Com Vítimas Feridas;Pleno dia;Decrescente;Chuva;Dupla;"Curva;Interseção de Vias";Não;2;0;1;0;1;1;0;1;-21,48989056;-43,53426933;SPRF-MG;DEL05/MG;UOP01-DEL05-MG
746446;18/01/2026;domingo;11:30:00;RO;364;382;OURO PRETO DO OESTE;Demais falhas mecânicas ou elétricas;Queda de ocupante de veículo;Com Vítimas Feridas;Pleno dia;Crescente;Céu Claro;Simples;Declive;Não;1;0;1;0;1;0;0;1;-10,724168;-62,239397;SPRF-RO;DEL02-RO;UOP01-DEL02-RO
746448;18/01/2026;domingo;12:30:00;RO;364;704;PORTO VELHO;Reação tardia ou ineficiente do condutor;Tombamento;Com Vítimas Feridas;Pleno dia;Decrescente;Nublado;Dupla;Reta;Não;1;0;1;0;1;0;0;1;-8,80059463;-63,79475204;SPRF-RO;DEL01-RO;UOP01-DEL01-RO
746449;16/01/2026;sexta-feira;23:00:00;AM;174;959;MANAUS;Entrada inopinada do pedestre;Atropelamento de Pedestre;Com Vítimas Fatais;Plena Noite;Decrescente;Nublado;Simples;Reta;Não;5;1;0;0;0;4;0;2;-2,3176;-60,04625;SPRF-AM;DEL01-AM;UOP01-DEL01-AM
746450;18/01/2026;domingo;13:30:00;SP;116;320;JUQUITIBA;Trafegar com motocicleta (ou similar) entre as faixas;Colisão lateral mesmo sentido;Com Vítimas Feridas;Pleno dia;Decrescente;Céu Claro;Dupla;Reta;Não;4;0;0;1;1;3;0;2;-23,93441155;-47,01577082;SPRF-SP;DEL04/SP;UOP03-DEL04-SP
746452;18/01/2026;domingo;14:15:00;MG;40;826,8;SIMAO PEREIRA;Ausência de reação do condutor;Tombamento;Com Vítimas Feridas;Pleno dia;Decrescente;Chuva;Dupla;"Aclive;Curva";Não;1;0;1;0;1;0;0;1;-21,99968286;-43,28621507;SPRF-MG;DEL05/MG;UOP01-DEL05-MG
746453;18/01/2026;domingo;10:30:00;PE;424;91;GARANHUNS;Suicídio (presumido);Saída de leito carroçável;Com Vítimas Feridas;Pleno dia;Crescente;Céu Claro;Simples;Curva;Não;1;0;0;1;1;0;0;1;-8,91082;-36,4953;SPRF-PE;DEL03/PE;UOP01-DEL03-PE
746454;18/01/2026;domingo;14:15:00;GO;60;73;ABADIANIA;Condutor Dormindo;Saída de leito carroçável;Com Vítimas Feridas;Pleno dia;Crescente;Céu Claro;Dupla;Aclive;Não;1;0;1;0;1;0;0;1;-16,26200071;-48,76272201;SPRF-GO;DEL02/GO;UOP01-DEL02-GO
746459;18/01/2026;domingo;14:00:00;SC;101;138,7;BALNEARIO CAMBORIU;Suicídio (presumido);Colisão com objeto;Com Vítimas Feridas;Pleno dia;Crescente;Céu Claro;Múltipla;"Aclive;Curva";Sim;1;0;1;0;1;0;0;1;-27,02863;-48,603609;SPRF-SC;DEL04/SC;UOP03-DEL04-SC
746460;18/01/2026;domingo;12:00:00;MS;163;106,2;ITAQUIRAI;Reação tardia ou ineficiente do condutor;Saída de leito carroçável;Com Vítimas Feridas;Pleno dia;Decrescente;Céu Claro;Dupla;"Curva;Declive";Não;2;0;1;0;1;1;0;1;-23,225568;-54,218966;SPRF-MS;DEL09/MS;UOP01-DEL09-MS
746461;18/01/2026;domingo;13:20:00;RS;392;19;RIO GRANDE;Condutor usando celular;Colisão com objeto;Sem Vítimas;Pleno dia;Crescente;Céu Claro;Dupla;Reta;Não;1;0;0;0;0;0;1;1;-32,086364;-52,193345;SPRF-RS;DEL07/RS;UOP02-DEL07-RS
746462;18/01/2026;domingo;14:13:00;MG;381;601;CARMOPOLIS DE MINAS;Velocidade Incompatível;Saída de leito carroçável;Com Vítimas Feridas;Pleno dia;Decrescente;Chuva;Dupla;"Declive;Curva";Não;1;0;1;0;1;0;0;1;-20,60705789;-44,72596407;SPRF-MG;DEL04/MG;UOP01-DEL04-MG
746463;18/01/2026;domingo;13:50:00;ES;101;333,2;GUARAPARI;Demais falhas mecânicas ou elétricas;Colisão traseira;Com Vítimas Feridas;Pleno dia;Decrescente;Céu Claro;Dupla;Reta;Não;3;0;1;0;1;2;0;2;-20,61518649;-40,51407902;SPRF-ES;DEL03-ES;UOP01-DEL03-ES
746464;18/01/2026;domingo;14:10:00;PB;104;109,1;LAGOA SECA;Reação tardia ou ineficiente do condutor;Saída de leito carroçável;Com Vítimas Feridas;Pleno dia;Crescente;Sol;Simples;"Reta;Declive";Não;1;0;1;0;1;0;0;1;-7,121593;-35,86354;SPRF-PB;DEL02-PB;UOP04-DEL02-PB
746467;18/01/2026;domingo;14:26:00;PE;101;196,7;XEXEU;Ausência de reação do condutor;Saída de leito carroçável;Com Vítimas Feridas;Pleno dia;Decrescente;Céu Claro;Simples;Reta;Não;1;0;1;0;1;0;0;1;-8,781419;-35,621361;SPRF-PE;DEL01/PE;UOP03-DEL01-PE
746468;18/01/2026;domingo;13:15:00;SP;116;477;JACUPIRANGA;Reação tardia ou ineficiente do condutor;Colisão lateral mesmo sentido;Com Vítimas Feridas;Pleno dia;Crescente;Sol;Simples;"Aclive;Reta";Sim;2;0;1;0;1;1;0;2;-24,70049886;-48,00661532;SPRF-SP;DEL05/SP;UOP01-DEL05-SP
746469;18/01/2026;domingo;14:10:00;MG;381;422,2;CAETE;Velocidade Incompatível;Saída de leito carroçável;Com Vítimas Feridas;Pleno dia;Decrescente;Nublado;Dupla;Retorno Regulamentado;Não;5;0;3;0;3;2;0;1;-19,79196341;-43,68067503;SPRF-MG;DEL01/MG;UOP01-DEL01-MG
746470;18/01/2026;domingo;14:10:00;MG;381;423,2;CAETE;Reação tardia ou ineficiente do condutor;Saída de leito carroçável;Com Vítimas Feridas;Pleno dia;Decrescente;Chuva;Simples;Curva;Não;4;0;3;0;3;1;0;1;-19,78834933;-43,68404388;SPRF-MG;DEL01/MG;UOP01-DEL01-MG
746472;18/01/2026;domingo;13:35:00;RJ;393;282,1;VOLTA REDONDA;Transitar na contramão;Colisão frontal;Sem Vítimas;Pleno dia;Decrescente;Nublado;Simples;Reta;Sim;2;0;0;0;0;2;0;2;-22,480983;-44,062826;SPRF-RJ;DEL05/RJ;UOP04-DEL05-RJ
746473;18/01/2026;domingo;15:00:00;SP;101;48,1;UBATUBA;Conversão proibida;Colisão transversal;Com Vítimas Feridas;Pleno dia;Crescente;Céu Claro;Simples;Reta;Sim;3;0;0;1;1;2;0;2;-23,435177;-45,086965;SPRF-SP;DEL06/SP;UOP01-DEL06-SP
746474;18/01/2026;domingo;14:45:00;MG;262;435,3;NOVA SERRANA;Chuva;Colisão transversal;Com Vítimas Feridas;Pleno dia;Decrescente;Chuva;Dupla;Reta;Sim;3;0;1;0;1;2;0;2;-19,875153;-44,950787;SPRF-MG;DEL08/MG;UOP03-DEL08-MG
746475;18/01/2026;domingo;08:15:00;SC;282;349,5;CAMPOS NOVOS;Velocidade Incompatível;Colisão frontal;Com Vítimas Fatais;Pleno dia;Crescente;Chuva;Simples;"Aclive;Reta";Não;3;2;0;1;1;0;0;2;-27,359218;-51,279318;SPRF-SC;DEL07/SC;UOP06-DEL07-SC
746476;18/01/2026;domingo;15:00:00;RS;287;330;SAO VICENTE DO SUL;Desrespeitar a preferência no cruzamento;Colisão frontal;Com Vítimas Feridas;Pleno dia;Decrescente;Sol;Simples;Interseção de Vias;Sim;5;0;1;0;1;4;0;2;-29,68453917;-54,66538676;SPRF-RS;DEL12/RS;UOP02-DEL12-RS
746477;18/01/2026;domingo;14:00:00;RJ;354;20;RESENDE;Reação tardia ou ineficiente do condutor;Capotamento;Com Vítimas Feridas;Pleno dia;Decrescente;Céu Claro;Simples;Curva;Não;1;0;1;0;1;0;0;1;-22,50010306;-44,6855487;SPRF-RJ;DEL07/RJ;UOP02-DEL07-RJ
746478;18/01/2026;domingo;14:45:00;RS;386;306,2;POUSO NOVO;Acumulo de água sobre o pavimento;Saída de leito carroçável;Sem Vítimas;Pleno dia;Decrescente;Chuva;Simples;Curva;Não;1;0;0;0;0;1;0;1;-29,1981;-52,18215;SPRF-RS;DEL04/RS;UOP01-DEL04-RS
746479;18/01/2026;domingo;15:00:00;PE;232;406,3;SERRA TALHADA;Velocidade Incompatível;Colisão com objeto;Com Vítimas Feridas;Pleno dia;Crescente;Céu Claro;Simples;"Interseção de Vias;Reta;Rotatória";Sim;2;0;2;0;2;0;0;1;-7,98468207;-38,27484369;SPRF-PE;DEL04/PE;UOP01-DEL04-PE
746482;18/01/2026;domingo;15:50:00;MG;262;380;MATEUS LEME;Velocidade Incompatível;Saída de leito carroçável;Com Vítimas Feridas;Pleno dia;Crescente;Chuva;Dupla;Curva;Não;1;0;1;0;1;0;0;1;-19,921735;-44,473702;SPRF-MG;DEL01/MG;UOP03-DEL01-MG
746483;18/01/2026;domingo;16:20:00;RN;101;65;EXTREMOZ;Condutor deixou de manter distância do veículo da frente;Colisão traseira;Com Vítimas Feridas;Pleno dia;Decrescente;Céu Claro;Simples;"Reta;Declive";Não;4;0;0;1;1;3;0;2;-5,640624;-35,250142;SPRF-RN;DEL02-RN;UOP01-DEL02-RN
746484;18/01/2026;domingo;12:45:00;PA;10;15;DOM ELISEU;Ausência de reação do condutor;Saída de leito carroçável;Sem Vítimas;Pleno dia;Decrescente;Nublado;Simples;Curva;Não;1;0;0;0;0;1;0;1;-4,319898;-47,551677;SPRF-PA;DEL02/PA;UOP02-DEL02-PA
746486;18/01/2026;domingo;15:25:00;PE;101;68;RECIFE;Reação tardia ou ineficiente do condutor;Tombamento;Com Vítimas Feridas;Pleno dia;Decrescente;Céu Claro;Múltipla;Rotatória;Sim;2;0;1;1;2;0;0;1;-8,05247;-34,94586;SPRF-PE;DEL01/PE;UOP01-DEL01-PE
746487;18/01/2026;domingo;12:20:00;BA;116;27;VITORIA DA CONQUISTA;Velocidade Incompatível;Capotamento;Com Vítimas Feridas;Pleno dia;Decrescente;Chuva;Simples;Curva;Não;1;0;1;0;1;0;0;1;-14,85172955;-40,80193955;SPRF-BA;DEL08/BA;UOP01-DEL08-BA
746489;18/01/2026;domingo;16:11:00;PE;232;75,6;GRAVATA;Ausência de reação do condutor;Queda de ocupante de veículo;Com Vítimas Feridas;Pleno dia;Crescente;Céu Claro;Dupla;"Reta;Declive";Não;1;0;0;1;1;0;0;1;-8,1961216;-35,5309827;SPRF-PE;DEL02/PE;UOP02-DEL02PE
746490;18/01/2026;domingo;15:33:00;PA;316;95;IGARAPE-ACU;Pista Escorregadia;Saída de leito carroçável;Com Vítimas Feridas;Pleno dia;Decrescente;Chuva;Simples;Reta;Não;4;0;3;0;3;0;0;2;-1,328583;-47,640493;SPRF-PA;DEL01/PA;UOP02-DEL01-PA
746491;10/01/2026;sábado;08:45:00;SC;282;72,1;RANCHO QUEIMADO;Velocidade Incompatível;Colisão frontal;Com Vítimas Feridas;Pleno dia;Crescente;Garoa/Chuvisco;Simples;Curva;Sim;7;0;7;0;7;0;0;2;-27,683333;-49,10622;SPRF-SC;DEL01/SC;UOP03-DEL01-SC
746492;18/01/2026;domingo;16:30:00;MG;40;461;SETE LAGOAS;Manobra de mudança de faixa;Colisão lateral mesmo sentido;Com Vítimas Feridas;Pleno dia;Crescente;Chuva;Simples;"Declive;Reta";Não;2;0;1;0;1;0;0;2;-19,40601519;-44,33390451;SPRF-MG;DEL02/MG;UOP01-DEL02-MG
746493;18/01/2026;domingo;12:00:00;RR;174;173;RORAINOPOLIS;Velocidade Incompatível;Saída de leito carroçável;Com Vítimas Feridas;Pleno dia;Crescente;Chuva;Simples;Curva;Não;4;0;4;0;4;0;0;1;0,60709;-60,46155333;SPRF-RR;DEL01-RR;UOP02-DEL01-RR
746496;18/01/2026;domingo;16:00:00;MG;50;82,5;UBERLANDIA;Ausência de reação do condutor;Colisão com objeto;Com Vítimas Feridas;Pleno dia;Crescente;Chuva;Dupla;"Aclive;Reta";Não;5;0;2;3;5;0;0;1;-18,98557797;-48,21216457;SPRF-MG;DEL15/MG;UOP01-DEL15-MG
746498;18/01/2026;domingo;17:00:00;SC;282;530,5;CORDILHEIRA ALTA;Acumulo de água sobre o pavimento;Tombamento;Com Vítimas Feridas;Pleno dia;Crescente;Chuva;Múltipla;"Declive;Curva";Sim;1;0;1;0;1;0;0;1;-26,98661723;-52,60975454;SPRF-SC;DEL07/SC;UOP01-DEL07-SC
746499;18/01/2026;domingo;06:07:00;CE;116;46;PACAJUS;Velocidade Incompatível;Saída de leito carroçável;Sem Vítimas;Pleno dia;Crescente;Nublado;Dupla;Curva;Sim;1;0;0;0;0;0;1;1;-4,14411111;-38,47825;SPRF-CE;DEL01/CE;UOP02-DEL01-CE
746500;18/01/2026;domingo;16:50:00;ES;101;269;SERRA;Manobra de mudança de faixa;Colisão lateral mesmo sentido;Com Vítimas Feridas;Pleno dia;Crescente;Céu Claro;Dupla;Reta;Não;2;0;1;0;1;1;0;2;-20,22255368;-40,27017436;SPRF-ES;DEL02-ES;UOP01-DEL02-ES
746502;18/01/2026;domingo;16:08:00;MG;40;461,9;SETE LAGOAS;Chuva;Colisão traseira;Com Vítimas Feridas;Pleno dia;Crescente;Chuva;Dupla;"Reta;Declive";Não;10;0;1;0;1;9;0;9;-19,412458;-44,337411;SPRF-MG;DEL02/MG;UOP01-DEL02-MG
746503;18/01/2026;domingo;13:15:00;MG;381;237,8;SANTANA DO PARAISO;Ultrapassagem Indevida;Engavetamento;Sem Vítimas;Pleno dia;Crescente;Céu Claro;Simples;Reta;Não;5;0;0;0;0;4;0;5;-19,39245711;-42,48094797;SPRF-MG;DEL06/MG;UOP01-DEL06-MG
746505;18/01/2026;domingo;14:30:00;MG;116;68;MEDINA;Ausência de reação do condutor;Colisão lateral mesmo sentido;Com Vítimas Feridas;Pleno dia;Crescente;Céu Claro;Simples;Curva;Não;2;0;1;0;1;1;0;1;-16,1784903;-41,4566182;SPRF-MG;DEL11/MG;UOP02-DEL11-MG
746506;18/01/2026;domingo;10:30:00;ES;101;67,8;SAO MATEUS;Suicídio (presumido);Saída de leito carroçável;Com Vítimas Feridas;Pleno dia;Decrescente;Céu Claro;Simples;Reta;Sim;1;0;1;0;1;0;0;1;-18,72313938;-39,86126773;SPRF-ES;DEL04-ES;UOP02-DEL04-ES
746507;18/01/2026;domingo;15:00:00;MG;40;717,2;BARBACENA;Reação tardia ou ineficiente do condutor;Colisão com objeto;Com Vítimas Feridas;Pleno dia;Decrescente;Chuva;Dupla;Curva;Não;3;0;3;0;3;0;0;1;-21,27948673;-43,64336636;SPRF-MG;DEL05/MG;UOP01-DEL05-MG
746508;18/01/2026;domingo;16:30:00;PI;343;262;CAMPO MAIOR;Reação tardia ou ineficiente do condutor;Tombamento;Com Vítimas Feridas;Pleno dia;Crescente;Nublado;Simples;Reta;Sim;1;0;0;1;1;0;0;1;-4,83023;-42,09244;SPRF-PI;DEL01-PI;UOP03-DEL01-PI
746510;18/01/2026;domingo;17:20:00;RS;386;399;TRIUNFO;Acumulo de água sobre o pavimento;Colisão com objeto;Com Vítimas Feridas;Pleno dia;Decrescente;Chuva;Simples;Curva;Não;1;0;1;0;1;0;0;1;-29,74924191;-51,60993934;SPRF-RS;DEL04/RS;UOP02-DEL04-RS
746511;18/01/2026;domingo;17:20:00;SC;480;130;CHAPECO;Ingestão de álcool pelo condutor;Colisão com objeto;Com Vítimas Feridas;Pleno dia;Crescente;Céu Claro;Simples;Curva;Sim;1;0;1;0;1;0;0;1;-27,0445966;-52,635907;SPRF-SC;DEL07/SC;UOP01-DEL07-SC
746512;18/01/2026;domingo;17:20:00;BA;101;4,4;RIO REAL;Reação tardia ou ineficiente do condutor;Colisão lateral sentido oposto;Com Vítimas Fatais;Plena Noite;Crescente;Céu Claro;Simples;Reta;Não;2;1;0;0;0;0;0;2;-11,53704134;-37,83534819;SPRF-SE;DEL02-SE;UOP03-DEL02-SE
746513;18/01/2026;domingo;16:40:00;PR;376;221,5;JANDAIA DO SUL;Velocidade Incompatível;Saída de leito carroçável;Com Vítimas Feridas;Pleno dia;Crescente;Céu Claro;Dupla;"Curva;Declive";Não;4;0;1;0;1;3;0;1;-23,6024529;-51,59651756;SPRF-PR;DEL09/PR;UOP01-DEL09-PR
746514;18/01/2026;domingo;18:00:00;GO;60;37,2;GOIANIA;Velocidade Incompatível;Colisão lateral mesmo sentido;Com Vítimas Feridas;Pleno dia;Crescente;Céu Claro;Dupla;Rotatória;Sim;2;0;2;0;2;0;0;2;-16,739276;-49,346121;SPRF-GO;DEL01/GO;UOP02-DEL01-GO
746516;18/01/2026;domingo;15:10:00;SC;101;332;TUBARAO;Desrespeitar a preferência no cruzamento;Colisão transversal;Com Vítimas Feridas;Pleno dia;Decrescente;Chuva;Múltipla;Rotatória;Sim;3;0;1;0;1;2;0;2;-28,46587125;-48,99523616;SPRF-SC;DEL02/SC;UOP01-DEL02-SC
746517;18/01/2026;domingo;18:00:00;SP;116;158;JACAREI;Reação tardia ou ineficiente do condutor;Colisão traseira;Com Vítimas Feridas;Anoitecer;Crescente;Chuva;Dupla;Reta;Sim;2;0;1;0;1;1;0;2;-23,26089107;-45,95243859;SPRF-SP;DEL02/SP;UOP01-DEL02-SP
746518;18/01/2026;domingo;15:30:00;MA;222;603;ACAILANDIA;Ingestão de álcool pelo condutor;Queda de ocupante de veículo;Com Vítimas Fatais;Pleno dia;Crescente;Céu Claro;Simples;Reta;Não;2;1;0;0;0;1;0;2;-4,67977;-46,98063;SPRF-MA;DEL04-MA;UOP03-DEL04-MA
746519;14/01/2026;quarta-feira;21:15:00;RJ;116;247;PIRAI;Pedestre andava na pista;Atropelamento de Pedestre;Com Vítimas Feridas;Plena Noite;Crescente;Céu Claro;Múltipla;"Curva;Aclive";Não;3;0;1;0;1;2;0;2;-22,60606581;-43,93487804;SPRF-RJ;DEL07/RJ;UOP01-DEL07-RJ
746521;18/01/2026;domingo;14:20:00;MT;163;658;LUCAS DO RIO VERDE;Reação tardia ou ineficiente do condutor;Colisão traseira;Com Vítimas Feridas;Pleno dia;Crescente;Sol;Simples;Reta;Não;2;0;1;0;1;1;0;2;-13,308743;-56,041552;SPRF-MT;DEL06/MT;UOP01-DEL06-MT
746524;18/01/2026;domingo;18:01:00;CE;116;20,5;EUSEBIO;Condutor deixou de manter distância do veículo da frente;Colisão traseira;Com Vítimas Feridas;Plena Noite;Decrescente;Céu Claro;Dupla;Reta;Sim;6;0;1;0;1;4;0;2;-3,9261412;-38,5078969;SPRF-CE;DEL01/CE;UOP02-DEL01-CE
746525;18/01/2026;domingo;18:45:00;PB;101;105;ALHANDRA;Avarias e/ou desgaste excessivo no pneu;Tombamento;Com Vítimas Feridas;Plena Noite;Crescente;Céu Claro;Dupla;Reta;Não;2;0;2;0;2;0;0;1;-7,33184501;-34,94737923;SPRF-PB;DEL01-PB;UOP01-DEL01-PB
746526;18/01/2026;domingo;15:00:00;SC;101;54;JOINVILLE;Reação tardia ou ineficiente do condutor;Colisão traseira;Com Vítimas Feridas;Pleno dia;Decrescente;Sol;Dupla;Reta;Não;4;0;1;0;1;2;0;3;-26,42130565;-48,83077115;SPRF-SC;DEL03/SC;UOP01-DEL03-SC
746527;18/01/2026;domingo;18:13:00;MG;381;628;OLIVEIRA;Velocidade Incompatível;Saída de leito carroçável;Com Vítimas Feridas;Anoitecer;Decrescente;Chuva;Dupla;"Curva;Aclive";Não;4;0;3;0;3;1;0;1;-20,81905082;-44,79960211;SPRF-MG;DEL04/MG;UOP01-DEL04-MG
746528;18/01/2026;domingo;18:00:00;SP;381;30;ATIBAIA;Reação tardia ou ineficiente do condutor;Colisão com objeto;Sem Vítimas;Pleno dia;Crescente;Céu Claro;Dupla;Reta;Não;2;0;0;0;0;2;0;1;-23,04612809;-46,56266785;SPRF-SP;DEL03/SP;UOP02-DEL03-SP
746529;18/01/2026;domingo;16:50:00;SC;280;215;TRES BARRAS;Velocidade Incompatível;Colisão transversal;Com Vítimas Feridas;Pleno dia;Decrescente;Céu Claro;Simples;"Declive;Reta";Não;3;0;0;1;1;2;0;2;-26,17343215;-50,27600018;SPRF-SC;DEL06/SC;UOP04-DEL06-SC
746530;18/01/2026;domingo;17:00:00;SC;282;42;AGUAS MORNAS;Velocidade Incompatível;Saída de leito carroçável;Com Vítimas Feridas;Pleno dia;Decrescente;Chuva;Simples;"Declive;Curva";Não;2;0;1;0;1;1;0;1;-27,72032663;-48,90292038;SPRF-SC;DEL01/SC;UOP03-DEL01-SC