id;data_inversa;dia_semana;horario;uf;br;km;municipio;causa_acidente;tipo_acidente;classificacao_acidente;fase_dia;sentido_via;condicao_metereologica;tipo_pista;tracado_via;uso_solo;pessoas;mortos;feridos_leves;feridos_graves;feridos;ilesos;ignorados;veiculos;latitude;longitude;regional;delegacia;uop
746532;18/01/2026;domingo;18:15:00;PR;376;466,3;PONTA GROSSA;Chuva;Saída de leito carroçável;Com Vítimas Feridas;Pleno dia;Decrescente;Chuva;Dupla;Curva;Não;3;0;3;0;3;0;0;1;-25,02505;-50,31627;SPRF-PR;DEL03/PR;UOP01-DEL03-PR
746533;18/01/2026;domingo;18:00:00;BA;116;15,5;VITORIA DA CONQUISTA;Transitar no Acostamento;Colisão transversal;Com Vítimas Feridas;Plena Noite;Crescente;Céu Claro;Simples;Reta;Sim;3;0;1;0;1;2;0;2;-14,90273654;-40,84472179;SPRF-BA;DEL08/BA;UOP01-DEL08-BA
746534;18/01/2026;domingo;19:25:00;BA;242;814;BARREIRAS;Chuva;Queda de ocupante de veículo;Com Vítimas Feridas;Plena Noite;Decrescente;Garoa/Chuvisco;Simples;Reta;Sim;1;0;1;0;1;0;0;1;-12,120084;-44,951866;SPRF-BA;DEL10/BA;UOP01-DEL10-BA
746535;18/01/2026;domingo;19:00:00;MG;262;376;JUATUBA;Ausência de reação do condutor;Saída de leito carroçável;Com Vítimas Feridas;Plena Noite;Decrescente;Chuva;Dupla;Curva;Não;2;0;2;0;2;0;0;1;-19,95860666;-44,35845596;SPRF-MG;DEL01/MG;UOP03-DEL01-MG
746536;18/01/2026;domingo;19:00:00;MG;40;523,5;CONTAGEM;Condutor deixou de manter distância do veículo da frente;Colisão traseira;Sem Vítimas;Plena Noite;Decrescente;Céu Claro;Dupla;Reta;Sim;2;0;0;0;0;2;0;2;-19,873501;-44,0556548;SPRF-MG;DEL01/MG;UOP02-DEL01-MG
746537;18/01/2026;domingo;18:40:00;RJ;40;105;DUQUE DE CAXIAS;Demais falhas mecânicas ou elétricas;Incêndio;Sem Vítimas;Anoitecer;Decrescente;Céu Claro;Múltipla;Reta;Sim;1;0;0;0;0;1;0;1;-22,63083582;-43,28523618;SPRF-RJ;DEL01/RJ;UOP02-DEL01-RJ
746538;18/01/2026;domingo;16:25:00;MA;402;10;ROSARIO;Acessar a via sem observar a presença dos outros veículos;Colisão transversal;Com Vítimas Feridas;Pleno dia;Crescente;Chuva;Simples;Reta;Sim;3;0;1;0;1;2;0;2;-2,940996;-44,246751;SPRF-MA;DEL01-MA;UOP01-DEL01-MA
746539;18/01/2026;domingo;18:20:00;PE;232;37,1;VITORIA DE SANTO ANTAO;Ingestão de álcool pelo condutor;Colisão lateral mesmo sentido;Com Vítimas Feridas;Plena Noite;Crescente;Céu Claro;Dupla;Reta;Não;2;0;0;1;1;0;0;2;-8,11409305;-35,21568775;SPRF-PE;DEL02/PE;UOP02-DEL02PE
746542;18/01/2026;domingo;19:00:00;AL;101;176;TEOTONIO VILELA;Acessar a via sem observar a presença dos outros veículos;Colisão frontal;Com Vítimas Feridas;Plena Noite;Crescente;Céu Claro;Simples;Reta;Sim;2;0;2;0;2;0;0;2;-9,89519064;-36,37233717;SPRF-AL;DEL02-AL;UOP02-DEL02-AL
746544;18/01/2026;domingo;19:42:00;ES;393;0,5;CACHOEIRO DE ITAPEMIRIM;Reação tardia ou ineficiente do condutor;Colisão lateral mesmo sentido;Com Vítimas Feridas;Plena Noite;Crescente;Céu Claro;Simples;Reta;Sim;2;0;1;0;1;1;0;2;-20,84064417;-41,16002083;SPRF-ES;DEL03-ES;UOP02-DEL03-ES
746545;18/01/2026;domingo;18:51:00;MA;10;264;IMPERATRIZ;Ausência de reação do condutor;Eventos atípicos;Com Vítimas Feridas;Plena Noite;Decrescente;Nublado;Simples;Reta;Sim;1;0;0;1;1;0;0;1;-5,426558;-47,472817;SPRF-MA;DEL04-MA;UOP01-DEL04-MA
746547;18/01/2026;domingo;18:30:00;RR;174;485;BOA VISTA;Demais falhas mecânicas ou elétricas;Tombamento;Com Vítimas Feridas;Plena Noite;Crescente;Céu Claro;Simples;Reta;Não;2;0;2;0;2;0;0;1;2,7223;-60,8217;SPRF-RR;DEL01-RR;UOP01-DEL01-RR
746548;18/01/2026;domingo;20:00:00;PE;101;50;ABREU E LIMA;Manobra de mudança de faixa;Colisão lateral mesmo sentido;Com Vítimas Feridas;Plena Noite;Crescente;Céu Claro;Múltipla;Reta;Sim;3;0;2;0;2;1;0;2;-7,915633;-34,898288;SPRF-PE;DEL01/PE;UOP02-DEL01-PE
746549;18/01/2026;domingo;19:30:00;RN;226;41;MACAIBA;Transitar no Acostamento;Colisão frontal;Com Vítimas Feridas;Plena Noite;Crescente;Céu Claro;Simples;Reta;Não;3;0;3;0;3;0;0;2;-5,936951;-35,549247;SPRF-RN;DEL01-RN;UOP02-DEL01-RN
746551;18/01/2026;domingo;20:00:00;MG;40;769;JUIZ DE FORA;Ausência de reação do condutor;Colisão transversal;Com Vítimas Feridas;Plena Noite;Crescente;Nublado;Simples;Interseção de Vias;Não;2;0;0;1;1;1;0;2;-21,63275879;-43,44335139;SPRF-MG;DEL05/MG;UOP01-DEL05-MG
746552;18/01/2026;domingo;20:35:00;RJ;101;81;CAMPOS DOS GOYTACAZES;Pedestre andava na pista;Atropelamento de Pedestre;Com Vítimas Feridas;Plena Noite;Decrescente;Céu Claro;Simples;Reta;Não;2;0;1;0;1;1;0;2;-21,832122;-41,447745;SPRF-RJ;DEL08/RJ;UOP02-DEL08-RJ
746554;18/01/2026;domingo;19:20:00;PI;343;138;PIRACURUCA;Condutor Dormindo;Colisão lateral sentido oposto;Com Vítimas Feridas;Plena Noite;Crescente;Nublado;Simples;Reta;Não;2;0;1;1;2;0;0;2;-3,91289421;-41,71285629;SPRF-PI;DEL02-PI;UOP01-DEL02-PI
746555;18/01/2026;domingo;17:15:00;RJ;116;215;PARACAMBI;Reação tardia ou ineficiente do condutor;Colisão com objeto;Com Vítimas Fatais;Pleno dia;Decrescente;Nublado;Dupla;Reta;Não;1;1;0;0;0;0;0;1;-22,69353648;-43,78214836;SPRF-RJ;DEL06/RJ;UOP02-DEL06-RJ
746556;18/01/2026;domingo;13:30:00;PR;376;154;MANDAGUACU;Ingestão de álcool pelo condutor;Queda de ocupante de veículo;Com Vítimas Feridas;Pleno dia;Crescente;Céu Claro;Dupla;Curva;Sim;1;0;1;0;1;0;0;1;-23,338204;-52,100338;SPRF-PR;DEL09/PR;UOP02-DEL09-PR
746557;18/01/2026;domingo;19:30:00;PR;376;86;PARANAVAI;Demais falhas mecânicas ou elétricas;Queda de ocupante de veículo;Com Vítimas Feridas;Pleno dia;Decrescente;Céu Claro;Simples;Curva;Sim;2;0;2;0;2;0;0;1;-22,976386;-52,605889;SPRF-PR;DEL09/PR;UOP02-DEL09-PR
746558;18/01/2026;domingo;16:38:00;RR;174;171;RORAINOPOLIS;Acessar a via sem observar a presença dos outros veículos;Colisão transversal;Com Vítimas Feridas;Pleno dia;Crescente;Nublado;Simples;Reta;Sim;5;0;2;3;5;0;0;2;0,579895;-60,461342;SPRF-RR;DEL01-RR;UOP02-DEL01-RR
746559;18/01/2026;domingo;17:45:00;MG;251;424,5;GRAO MOGOL;Demais falhas mecânicas ou elétricas;Colisão com objeto;Sem Vítimas;Pleno dia;Crescente;Céu Claro;Simples;Reta;Não;1;0;0;0;0;1;0;1;-16,22041919;-42,86363393;SPRF-MG;DEL12/MG;UOP01-DEL12-MG
746560;18/01/2026;domingo;19:15:00;SC;280;57,5;GUARAMIRIM;Reação tardia ou ineficiente do condutor;Colisão com objeto;Com Vítimas Feridas;Plena Noite;Decrescente;Chuva;Dupla;Rotatória;Sim;1;0;1;0;1;0;0;1;-26,474;-49,02;SPRF-SC;DEL03/SC;UOP03-DEL03-SC
746561;18/01/2026;domingo;21:20:00;ES;101;144,4;LINHARES;Animais na Pista;Atropelamento de Animal;Com Vítimas Feridas;Plena Noite;Crescente;Céu Claro;Dupla;Reta;Sim;2;0;2;0;2;0;0;1;-19,3561352;-40,063597;SPRF-ES;DEL04-ES;UOP01-DEL04-ES
746562;18/01/2026;domingo;15:10:00;MG;116;606,9;SAO JOAO DO MANHUACU;Reação tardia ou ineficiente do condutor;Colisão transversal;Com Vítimas Feridas;Pleno dia;Crescente;Céu Claro;Simples;Interseção de Vias;Sim;2;0;1;0;1;1;0;2;-20,39333098;-42,14766026;SPRF-MG;DEL06/MG;UOP03-DEL06-MG
746563;18/01/2026;domingo;16:05:00;PR;376;42,6;NOVA LONDRINA;Ultrapassagem Indevida;Saída de leito carroçável;Com Vítimas Feridas;Pleno dia;Decrescente;Nublado;Simples;Reta;Não;1;0;0;1;1;0;0;1;-22,83779442;-52,98671119;SPRF-PR;DEL09/PR;UOP02-DEL09-PR
746564;18/01/2026;domingo;19:40:00;MT;174;486;COMODORO;Pedestre cruzava a pista fora da faixa;Atropelamento de Pedestre;Com Vítimas Feridas;Plena Noite;Crescente;Céu Claro;Simples;Reta;Sim;4;0;1;0;1;3;0;2;-13,65982641;-59,79365442;SPRF-MT;DEL04/MT;UOP02-DEL04-MT
746565;18/01/2026;domingo;16:50:00;AM;319;726;HUMAITA;Ausência de reação do condutor;Colisão traseira;Com Vítimas Feridas;Pleno dia;Decrescente;Céu Claro;Simples;Reta;Não;4;0;0;1;1;2;0;3;-7,890972;-63,2848;SPRF-AM;DEL02-AM;UOP01-DEL02-AM
746566;18/01/2026;domingo;21:20:00;RJ;116;112;GUAPIMIRIM;Velocidade Incompatível;Atropelamento de Pedestre;Com Vítimas Feridas;Plena Noite;Decrescente;Céu Claro;Simples;Reta;Sim;4;0;2;0;2;1;0;2;-22,56085371;-42,99646728;SPRF-RJ;DEL04/RJ;UOP02-DEL04-RJ
746567;18/01/2026;domingo;20:50:00;MG;381;148,3;GOVERNADOR VALADARES;Ingestão de álcool pelo condutor;Colisão transversal;Com Vítimas Feridas;Plena Noite;Crescente;Nublado;Simples;Reta;Não;3;0;1;2;3;0;0;2;-18,856576;-41,984102;SPRF-MG;DEL06/MG;UOP01-DEL06-MG
746569;18/01/2026;domingo;20:30:00;RJ;101;588;PARATY;Ingestão de álcool pelo condutor;Tombamento;Com Vítimas Feridas;Plena Noite;Decrescente;Chuva;Simples;Reta;Não;2;0;1;0;1;1;0;1;-23,1748441;-44,71018219;SPRF-RJ;DEL03/RJ;UOP04-DEL03-RJ
746570;18/01/2026;domingo;18:40:00;PI;343;334;TERESINA;Ingestão de álcool pelo condutor;Tombamento;Com Vítimas Feridas;Plena Noite;Decrescente;Garoa/Chuvisco;Dupla;Reta;Não;1;0;0;1;1;0;0;1;-5,057917;-42,689346;SPRF-PI;DEL01-PI;UOP01-DEL01-PI
746571;18/01/2026;domingo;20:45:00;PB;230;117;INGA;Acessar a via sem observar a presença dos outros veículos;Colisão transversal;Sem Vítimas;Plena Noite;Decrescente;Céu Claro;Dupla;Reta;Não;5;0;0;0;0;5;0;2;-7,2407855;-35,621133;SPRF-PB;DEL01-PB;UOP02-DEL01-PB
746572;18/01/2026;domingo;19:25:00;PI;316;317;PICOS;Acessar a via sem observar a presença dos outros veículos;Colisão lateral mesmo sentido;Com Vítimas Feridas;Plena Noite;Decrescente;Céu Claro;Simples;Reta;Sim;2;0;0;1;1;1;0;2;-7,08513551;-41,40875816;SPRF-PI;DEL04-PI;UOP01-DEL04-PI
746573;18/01/2026;domingo;21:30:00;BA;101;254;CONCEICAO DO ALMEIDA;Ingestão de álcool pelo condutor;Colisão traseira;Com Vítimas Fatais;Plena Noite;Decrescente;Céu Claro;Simples;"Aclive;Reta";Não;2;1;0;0;0;0;0;2;-12,9169239;-39,2448799;SPRF-BA;DEL11/BA;UOP01-DEL11-BA
746574;18/01/2026;domingo;22:10:00;SC;101;288;IMBITUBA;Desrespeitar a preferência no cruzamento;Colisão transversal;Com Vítimas Feridas;Plena Noite;Decrescente;Chuva;Dupla;Rotatória;Não;2;0;0;1;1;1;0;2;-28,26847942;-48,70074034;SPRF-SC;DEL02/SC;UOP03-DEL02-SC
746575;18/01/2026;domingo;21:50:00;BA;101;366;GANDU;Velocidade Incompatível;Colisão frontal;Com Vítimas Feridas;Plena Noite;Decrescente;Nublado;Simples;Reta;Sim;5;0;2;0;2;3;0;2;-13,74399636;-39,48287071;SPRF-BA;DEL05/BA;UOP03-DEL05-BA
746576;18/01/2026;domingo;22:49:00;ES;101;129;SOORETAMA;Velocidade Incompatível;Saída de leito carroçável;Com Vítimas Feridas;Plena Noite;Decrescente;Céu Claro;Simples;Reta;Não;1;0;0;1;1;0;0;1;-19,221902;-40,093685;SPRF-ES;DEL04-ES;UOP01-DEL04-ES
746577;18/01/2026;domingo;22:00:00;SC;101;117;ITAJAI;Ingestão de álcool pelo condutor;Colisão traseira;Sem Vítimas;Plena Noite;Crescente;Chuva;Múltipla;Reta;Sim;2;0;0;0;0;2;0;2;-26,8938488;-48,7203377;SPRF-SC;DEL04/SC;UOP04-DEL04-SC
746578;18/01/2026;domingo;22:00:00;MT;364;251,7;JUSCIMEIRA;Reação tardia ou ineficiente do condutor;Saída de leito carroçável;Com Vítimas Feridas;Plena Noite;Crescente;Nublado;Dupla;"Declive;Reta";Não;1;0;0;1;1;0;0;1;-16,109525;-54,86087;SPRF-MT;DEL02/MT;UOP01-DEL02-MT
746579;18/01/2026;domingo;20:00:00;RO;364;417;JARU;Reação tardia ou ineficiente do condutor;Atropelamento de Animal;Com Vítimas Feridas;Plena Noite;Decrescente;Céu Claro;Simples;"Curva;Declive";Não;5;0;2;0;2;3;0;2;-10,488;-62,431;SPRF-RO;DEL03-RO;UOP02-DEL03-RO
746580;18/01/2026;domingo;21:40:00;DF;70;3,3;BRASILIA;Reação tardia ou ineficiente do condutor;Colisão traseira;Com Vítimas Feridas;Plena Noite;Crescente;Nevoeiro/Neblina;Dupla;Reta;Sim;6;0;1;0;1;5;0;2;-15,801727;-48,084226;SPRF-DF;DEL03-DF;UOP02-DEL03-DF
746583;18/01/2026;domingo;22:40:00;RS;116;57;VACARIA;Ausência de reação do condutor;Colisão lateral sentido oposto;Com Vítimas Feridas;Plena Noite;Crescente;Céu Claro;Simples;Curva;Não;3;0;1;0;1;2;0;2;-28,6164457;-51,0421617;SPRF-RS;DEL05/RS;UOP03-DEL05-RS
746584;18/01/2026;domingo;23:25:00;RN;406;149;CEARA-MIRIM;Ausência de reação do condutor;Colisão traseira;Com Vítimas Feridas;Plena Noite;Decrescente;Céu Claro;Simples;Reta;Sim;3;0;0;2;2;0;0;2;-5,648411;-35,442345;SPRF-RN;DEL02-RN;UOP01-DEL02-RN
746585;18/01/2026;domingo;23:30:00;SP;101;51,5;UBATUBA;Retorno proibido;Colisão transversal;Com Vítimas Feridas;Plena Noite;Decrescente;Céu Claro;Simples;Reta;Sim;4;0;1;0;1;3;0;2;-23,459782;-45,067498;SPRF-SP;DEL06/SP;UOP01-DEL06-SP
746587;18/01/2026;domingo;22:10:00;MS;163;344;RIO BRILHANTE;Ausência de reação do condutor;Colisão com objeto;Sem Vítimas;Plena Noite;Decrescente;Céu Claro;Simples;Ponte;Sim;1;0;0;0;0;1;0;1;-21,64357;-54,422939;SPRF-MS;DEL02/MS;UOP02-DEL02-MS
746588;18/01/2026;domingo;22:15:00;SC;470;145,1;RIO DO SUL;Ausência de reação do condutor;Colisão traseira;Sem Vítimas;Plena Noite;Crescente;Nublado;Simples;"Interseção de Vias;Curva";Sim;5;0;0;0;0;1;0;3;-27,2325998;-49,6728715;SPRF-SC;DEL04/SC;UOP02-DEL04-SC
746589;18/01/2026;domingo;23:30:00;SP;488;2;APARECIDA;Reação tardia ou ineficiente do condutor;Colisão lateral mesmo sentido;Com Vítimas Feridas;Plena Noite;Crescente;Céu Claro;Dupla;Reta;Não;2;0;1;0;1;1;0;2;-22,85128137;-45,23847767;SPRF-SP;DEL08/SP;UOP01-DEL08-SP
746591;18/01/2026;domingo;22:30:00;SC;101;142;BALNEARIO CAMBORIU;Chuva;Capotamento;Com Vítimas Feridas;Plena Noite;Crescente;Chuva;Simples;"Curva;Declive";Não;1;0;1;0;1;0;0;1;-27,05303765;-48,60029094;SPRF-SC;DEL04/SC;UOP03-DEL04-SC
746592;19/01/2026;segunda-feira;00:03:00;MG;40;392,3;CURVELO;Chuva;Colisão traseira;Com Vítimas Feridas;Plena Noite;Crescente;Chuva;Simples;Reta;Não;3;0;1;0;1;2;0;2;-18,968797;-44,674727;SPRF-MG;DEL02/MG;UOP01-DEL02-MG
746593;19/01/2026;segunda-feira;00:04:00;PE;101;68,5;RECIFE;Ausência de reação do condutor;Saída de leito carroçável;Com Vítimas Feridas;Plena Noite;Crescente;Céu Claro;Dupla;Reta;Sim;1;0;0;1;1;0;0;1;-8,049976;-34,94559702;SPRF-PE;DEL01/PE;UOP01-DEL01-PE
746594;19/01/2026;segunda-feira;00:05:00;SP;101;23,2;UBATUBA;Ausência de reação do condutor;Tombamento;Com Vítimas Feridas;Plena Noite;Decrescente;Nublado;Simples;Reta;Sim;1;0;1;0;1;0;0;1;-23,34370296;-44,93985113;SPRF-SP;DEL06/SP;UOP01-DEL06-SP
746595;18/01/2026;domingo;23:40:00;MG;381;157,7;GOVERNADOR VALADARES;Condutor usando celular;Saída de leito carroçável;Com Vítimas Feridas;Plena Noite;Decrescente;Céu Claro;Simples;Curva;Não;2;0;0;1;1;1;0;1;-18,92326069;-42,0238173;SPRF-MG;DEL06/MG;UOP01-DEL06-MG
746596;19/01/2026;segunda-feira;00:05:00;CE;116;473,9;MILAGRES;Acessar a via sem observar a presença dos outros veículos;Colisão transversal;Sem Vítimas;Plena Noite;Crescente;Céu Claro;Simples;Reta;Não;2;0;0;0;0;1;0;2;-7,294552;-38,87416;SPRF-CE;DEL05/CE;UOP03-DEL05-CE
746597;18/01/2026;domingo;21:00:00;RJ;465;19;NOVA IGUACU;Conversão proibida;Colisão transversal;Com Vítimas Feridas;Plena Noite;Crescente;Céu Claro;Simples;Reta;Sim;2;0;1;0;1;1;0;2;-22,84103757;-43,60927932;SPRF-RJ;DEL06/RJ;UOP02-DEL06-RJ
746598;18/01/2026;domingo;23:15:00;MT;364;207;RONDONOPOLIS;Acessar a via sem observar a presença dos outros veículos;Colisão transversal;Com Vítimas Feridas;Plena Noite;Decrescente;Céu Claro;Dupla;"Interseção de Vias;Reta";Sim;2;0;1;0;1;0;0;2;-16,43698;-54,68171;SPRF-MT;DEL02/MT;UOP01-DEL02-MT
746599;18/01/2026;domingo;22:50:00;RS;116;392,6;CAMAQUA;Chuva;Saída de leito carroçável;Com Vítimas Feridas;Plena Noite;Decrescente;Chuva;Dupla;Reta;Sim;1;0;1;0;1;0;0;1;-30,836885;-51,739147;SPRF-RS;DEL02/RS;UOP02-DEL02-RS
746602;19/01/2026;segunda-feira;00:45:00;MG;116;529;CARATINGA;Reação tardia ou ineficiente do condutor;Colisão traseira;Com Vítimas Feridas;Plena Noite;Decrescente;Céu Claro;Simples;Reta;Sim;2;0;1;0;1;1;0;2;-19,806578;-42,135122;SPRF-MG;DEL06/MG;UOP02-DEL06-MG
746603;19/01/2026;segunda-feira;02:12:00;RS;116;270;PORTO ALEGRE;Acumulo de água sobre o pavimento;Saída de leito carroçável;Com Vítimas Feridas;Plena Noite;Decrescente;Nublado;Dupla;Reta;Não;2;0;1;0;1;1;0;1;-29,97066768;-51,17648591;SPRF-RS;DEL01/RS;UOP01-DEL01-RS
746604;19/01/2026;segunda-feira;01:20:00;PB;230;7,2;CABEDELO;Ingestão de álcool pelo condutor;Colisão traseira;Com Vítimas Feridas;Plena Noite;Crescente;Céu Claro;Múltipla;Reta;Sim;2;0;1;0;1;1;0;2;-7,0290242;-34,8399657;SPRF-PB;DEL01-PB;UOP01-DEL01-PB
746606;19/01/2026;segunda-feira;02:00:00;PE;104;48;CARUARU;Transitar na contramão;Queda de ocupante de veículo;Com Vítimas Fatais;Plena Noite;Decrescente;Nublado;Dupla;Reta;Não;2;1;0;1;1;0;0;1;-8,13314213;-35,9918493;SPRF-PE;DEL02/PE;UOP01-DEL02-PE
746607;18/01/2026;domingo;23:59:00;RS;290;84,5;CACHOEIRINHA;Reação tardia ou ineficiente do condutor;Colisão com objeto;Com Vítimas Feridas;Plena Noite;Crescente;Céu Claro;Múltipla;Reta;Não;1;0;1;0;1;0;0;1;-29,96449003;-51,09892488;SPRF-RS;DEL01/RS;UOP01-DEL01-RS
746608;18/01/2026;domingo;23:00:00;AC;317;287;EPITACIOLANDIA;Animais na Pista;Atropelamento de Animal;Com Vítimas Feridas;Plena Noite;Decrescente;Nublado;Simples;Declive;Não;1;0;0;1;1;0;0;1;-10,96994352;-68,61671736;SPRF-AC;DEL01-AC;UOP02-DEL01-AC
746609;19/01/2026;segunda-feira;01:00:00;PR;116;57;CAMPINA GRANDE DO SUL;Demais falhas mecânicas ou elétricas;Incêndio;Sem Vítimas;Plena Noite;Crescente;Nublado;Dupla;Reta;Não;2;0;0;0;0;0;1;1;-25,289208;-48,934101;SPRF-PR;DEL01/PR;UOP02-DEL01-PR
746610;19/01/2026;segunda-feira;02:50:00;RJ;493;28;MAGE;Animais na Pista;Atropelamento de Animal;Com Vítimas Feridas;Plena Noite;Decrescente;Céu Claro;Simples;Reta;Não;2;0;2;0;2;0;0;1;-22,659447;-43,091244;SPRF-RJ;DEL04/RJ;UOP02-DEL04-RJ
746612;19/01/2026;segunda-feira;01:00:00;GO;153;169,5;CAMPINORTE;Demais falhas mecânicas ou elétricas;Incêndio;Sem Vítimas;Plena Noite;Decrescente;Nublado;Simples;Reta;Não;33;0;0;0;0;33;0;1;-14,26181;-49,142778;SPRF-GO;DEL07/GO;UOP02-DEL07-GO
746614;19/01/2026;segunda-feira;03:30:00;SC;101;41;JOINVILLE;Velocidade Incompatível;Saída de leito carroçável;Sem Vítimas;Plena Noite;Decrescente;Chuva;Dupla;Curva;Sim;1;0;0;0;0;1;0;1;-26,3169384;-48,87306087;SPRF-SC;DEL03/SC;UOP01-DEL03-SC
746615;19/01/2026;segunda-feira;03:45:00;MG;381;330;NOVA ERA;Condutor Dormindo;Capotamento;Com Vítimas Feridas;Plena Noite;Crescente;Garoa/Chuvisco;Simples;"Aclive;Curva";Não;2;0;1;0;1;1;0;1;-19,78606082;-43,04540946;SPRF-MG;DEL03/MG;UOP01-DEL03-MG
746616;19/01/2026;segunda-feira;04:15:00;MA;316;260;SANTA INES;Reação tardia ou ineficiente do condutor;Colisão traseira;Sem Vítimas;Plena Noite;Crescente;Chuva;Simples;Reta;Sim;2;0;0;0;0;0;1;2;-3,66973;-45,395123;SPRF-MA;DEL02-MA;UOP01-DEL02-MA
746617;19/01/2026;segunda-feira;04:30:00;ES;262;118;CONCEICAO DO CASTELO;Demais Fenômenos da natureza;Colisão com objeto;Com Vítimas Feridas;Amanhecer;Decrescente;Nublado;Simples;Curva;Não;3;0;2;0;2;1;0;1;-20,30814775;-41,24052129;SPRF-ES;DEL01-ES;UOP02-DEL01-ES
746618;19/01/2026;segunda-feira;04:20:00;BA;101;528,3;BUERAREMA;Animais na Pista;Atropelamento de Animal;Com Vítimas Fatais;Plena Noite;Crescente;Céu Claro;Simples;Reta;Não;4;1;0;3;3;0;0;1;-14,978842;-39,3315;SPRF-BA;DEL05/BA;UOP01-DEL05-BA
746620;18/01/2026;domingo;20:10:00;BA;116;21;VITORIA DA CONQUISTA;Velocidade Incompatível;Colisão lateral mesmo sentido;Com Vítimas Feridas;Plena Noite;Decrescente;Céu Claro;Simples;Reta;Não;2;0;2;0;2;0;0;1;-14,88266428;-40,80674681;SPRF-BA;DEL08/BA;UOP01-DEL08-BA
746621;19/01/2026;segunda-feira;05:50:00;PR;277;731;FOZ DO IGUACU;Reação tardia ou ineficiente do condutor;Atropelamento de Pedestre;Com Vítimas Feridas;Pleno dia;Crescente;Céu Claro;Dupla;"Curva;Declive";Sim;2;0;1;1;2;0;0;2;-25,50879783;-54,59295273;SPRF-PR;DEL05/PR;UOP03-DEL05-PR
746623;19/01/2026;segunda-feira;04:10:00;MS;158;97;PARANAIBA;Ingestão de álcool pelo condutor;Saída de leito carroçável;Sem Vítimas;Amanhecer;Decrescente;Nublado;Dupla;Reta;Sim;1;0;0;0;0;0;1;1;-19,6967171;-51,1755522;SPRF-MS;DEL08/MS;UOP01-DEL08-MS
746624;18/01/2026;domingo;10:00:00;RS;386;409;TRIUNFO;Demais falhas na via;Colisão com objeto;Com Vítimas Feridas;Pleno dia;Crescente;Chuva;Dupla;Reta;Não;2;0;1;0;1;1;0;1;-29,80114723;-51,51506667;SPRF-RS;DEL04/RS;UOP02-DEL04-RS
746625;19/01/2026;segunda-feira;05:30:00;AL;101;244;PORTO REAL DO COLEGIO;Animais na Pista;Atropelamento de Animal;Com Vítimas Feridas;Pleno dia;Crescente;Nublado;Dupla;Reta;Não;2;0;1;0;1;1;0;1;-10,17118287;-36,82221763;SPRF-AL;DEL02-AL;UOP02-DEL02-AL
746626;19/01/2026;segunda-feira;05:00:00;MT;174;36;VILA BELA DA SANTISSIMA TRINDADE;Animais na Pista;Atropelamento de Animal;Com Vítimas Feridas;Amanhecer;Decrescente;Nevoeiro/Neblina;Simples;Reta;Não;1;0;1;0;1;0;0;1;-15,156693;-59,579085;SPRF-MT;DEL04/MT;UOP01-DEL04-MT
746628;19/01/2026;segunda-feira;07:15:00;PE;101;70;RECIFE;Acessar a via sem observar a presença dos outros veículos;Colisão lateral mesmo sentido;Com Vítimas Feridas;Pleno dia;Decrescente;Céu Claro;Múltipla;Reta;Sim;2;0;1;0;1;1;0;2;-8,072048;-34,94276;SPRF-PE;DEL01/PE;UOP01-DEL01-PE
746632;19/01/2026;segunda-feira;07:40:00;SC;101;22;JOINVILLE;Trafegar com motocicleta (ou similar) entre as faixas;Tombamento;Com Vítimas Feridas;Pleno dia;Crescente;Nublado;Dupla;Reta;Não;1;0;0;1;1;0;0;1;-26,1640404;-48,9071011;SPRF-SC;DEL03/SC;UOP01-DEL03-SC
746634;19/01/2026;segunda-feira;07:20:00;MG;40;549;BELO HORIZONTE;Condutor deixou de manter distância do veículo da frente;Colisão lateral mesmo sentido;Com Vítimas Feridas;Pleno dia;Crescente;Garoa/Chuvisco;Dupla;Reta;Não;2;0;0;1;1;1;0;2;-19,96642679;-43,94325895;SPRF-MG;DEL01/MG;UOP02-DEL01-MG
746635;18/01/2026;domingo;18:30:00;PR;476;315;PAULO FRONTIN;Chuva;Saída de leito carroçável;Com Vítimas Feridas;Anoitecer;Crescente;Céu Claro;Simples;Reta;Não;1;0;1;0;1;0;0;1;-26,0595661;-50,71649411;SPRF-PR;DEL02/PR;UOP03-DEL02-PR
746636;19/01/2026;segunda-feira;07:45:00;RJ;40;48;PETROPOLIS;Velocidade Incompatível;Colisão com objeto;Com Vítimas Feridas;Pleno dia;Decrescente;Chuva;Dupla;Curva;Não;1;0;1;0;1;0;0;1;-22,2824857;-43,119292;SPRF-RJ;DEL05/RJ;UOP02-DEL05-RJ
746637;19/01/2026;segunda-feira;07:20:00;SC;280;231;CANOINHAS;Entrada inopinada do pedestre;Atropelamento de Pedestre;Com Vítimas Feridas;Pleno dia;Decrescente;Céu Claro;Simples;Reta;Sim;2;0;0;1;1;1;0;2;-26,188846;-50,3704778;SPRF-SC;DEL06/SC;UOP04-DEL06-SC
746638;19/01/2026;segunda-feira;07:51:00;BA;367;29;PORTO SEGURO;Acessar a via sem observar a presença dos outros veículos;Colisão transversal;Com Vítimas Feridas;Pleno dia;Crescente;Céu Claro;Simples;"Reta;Interseção de Vias";Não;2;0;1;0;1;1;0;2;-16,4153386;-39,11905289;SPRF-BA;DEL09/BA;UOP03-DEL09-BA