id;data_inversa;dia_semana;horario;uf;br;km;municipio;causa_acidente;tipo_acidente;classificacao_acidente;fase_dia;sentido_via;condicao_metereologica;tipo_pista;tracado_via;uso_solo;pessoas;mortos;feridos_leves;feridos_graves;feridos;ilesos;ignorados;veiculos;latitude;longitude;regional;delegacia;uop
746639;18/01/2026;domingo;23:00:00;GO;60;256,4;INDIARA;Ausência de reação do condutor;Saída de leito carroçável;Com Vítimas Feridas;Plena Noite;Decrescente;Céu Claro;Dupla;Reta;Não;1;0;0;1;1;0;0;1;-17,153715;-50,023677;SPRF-GO;DEL01/GO;UOP02-DEL01-GO
746640;19/01/2026;segunda-feira;08:10:00;PR;277;38;MORRETES;Reação tardia ou ineficiente do condutor;Capotamento;Com Vítimas Feridas;Pleno dia;Crescente;Chuva;Dupla;"Aclive;Curva";Não;2;0;2;0;2;0;0;1;-25,57505378;-48,85275789;SPRF-PR;DEL01/PR;UOP05-DEL01-PR
746641;19/01/2026;segunda-feira;08:05:00;PR;116;51;CAMPINA GRANDE DO SUL;Velocidade Incompatível;Saída de leito carroçável;Com Vítimas Feridas;Pleno dia;Decrescente;Chuva;Dupla;Curva;Não;2;0;1;0;1;1;0;1;-25,24396721;-48,90222861;SPRF-PR;DEL01/PR;UOP02-DEL01-PR
746643;19/01/2026;segunda-feira;07:50:00;SC;470;51;BLUMENAU;Acessar a via sem observar a presença dos outros veículos;Colisão transversal;Com Vítimas Feridas;Pleno dia;Decrescente;Céu Claro;Simples;"Interseção de Vias;Viaduto;Reta";Sim;2;0;1;0;1;1;0;2;-26,863008;-49,082254;SPRF-SC;DEL04/SC;UOP01-DEL04-SC
746644;19/01/2026;segunda-feira;07:30:00;RS;290;101;PORTO ALEGRE;Reação tardia ou ineficiente do condutor;Colisão lateral mesmo sentido;Com Vítimas Feridas;Pleno dia;Crescente;Nublado;Dupla;"Reta;Aclive";Sim;2;0;1;0;1;1;0;2;-29,99009294;-51,26607377;SPRF-RS;DEL01/RS;UOP01-DEL01-RS
746646;19/01/2026;segunda-feira;08:00:00;PE;101;69;RECIFE;Ausência de reação do condutor;Colisão traseira;Com Vítimas Feridas;Pleno dia;Decrescente;Céu Claro;Dupla;Reta;Sim;3;0;1;0;1;2;0;2;-8,05958;-34,94576;SPRF-PE;DEL01/PE;UOP01-DEL01-PE
746647;19/01/2026;segunda-feira;07:15:00;MG;381;502,4;BETIM;Manobra de mudança de faixa;Colisão lateral mesmo sentido;Com Vítimas Feridas;Pleno dia;Crescente;Céu Claro;Dupla;"Declive;Curva";Não;2;0;1;0;1;1;0;2;-20,01952073;-44,22817022;SPRF-MG;DEL01/MG;UOP03-DEL01-MG
746649;19/01/2026;segunda-feira;08:30:00;PR;116;110;CURITIBA;Trafegar com motocicleta (ou similar) entre as faixas;Colisão lateral mesmo sentido;Com Vítimas Feridas;Pleno dia;Crescente;Nublado;Dupla;Reta;Sim;4;0;0;1;1;3;0;2;-25,560558;-49,263726;SPRF-PR;DEL01/PR;UOP03-DEL01-PR
746651;19/01/2026;segunda-feira;08:58:00;PB;230;22,7;JOAO PESSOA;Condutor deixou de manter distância do veículo da frente;Colisão traseira;Com Vítimas Feridas;Pleno dia;Decrescente;Sol;Dupla;Reta;Sim;2;0;0;1;1;1;0;2;-7,1644;-34,8634;SPRF-PB;DEL01-PB;UOP01-DEL01-PB
746652;19/01/2026;segunda-feira;08:05:00;SC;101;148,6;ITAPEMA;Demais falhas mecânicas ou elétricas;Tombamento;Com Vítimas Feridas;Pleno dia;Crescente;Céu Claro;Dupla;Reta;Sim;2;0;0;1;1;1;0;1;-27,11047864;-48,61175537;SPRF-SC;DEL04/SC;UOP03-DEL04-SC
746654;19/01/2026;segunda-feira;08:30:00;SC;282;2;FLORIANOPOLIS;Condutor deixou de manter distância do veículo da frente;Colisão traseira;Com Vítimas Feridas;Pleno dia;Decrescente;Nublado;Múltipla;Reta;Sim;5;0;1;0;1;4;0;5;-27,60349127;-48,58791113;SPRF-SC;DEL01/SC;UOP01-DEL01-SC
746655;19/01/2026;segunda-feira;09:10:00;RJ;101;293;ITABORAI;Manobra de mudança de faixa;Colisão lateral mesmo sentido;Sem Vítimas;Pleno dia;Decrescente;Sol;Dupla;Retorno Regulamentado;Sim;4;0;0;0;0;4;0;2;-22,754638;-42,890622;SPRF-RJ;DEL02/RJ;UOP02-DEL02-RJ
746656;19/01/2026;segunda-feira;07:50:00;MA;135;0;SAO LUIS;Chuva;Colisão com objeto;Com Vítimas Feridas;Pleno dia;Decrescente;Chuva;Dupla;Curva;Não;8;0;3;0;3;5;0;1;-2,67469;-44,29586;SPRF-MA;DEL01-MA;UOP01-DEL01-MA
746657;19/01/2026;segunda-feira;07:45:00;PR;277;725,7;FOZ DO IGUACU;Reação tardia ou ineficiente do condutor;Colisão traseira;Com Vítimas Feridas;Pleno dia;Crescente;Sol;Dupla;Reta;Sim;3;0;1;0;1;2;0;2;-25,5061;-54,5439;SPRF-PR;DEL05/PR;UOP03-DEL05-PR
746658;19/01/2026;segunda-feira;09:20:00;PR;116;25,5;CAMPINA GRANDE DO SUL;Chuva;Capotamento;Com Vítimas Feridas;Pleno dia;Decrescente;Chuva;Simples;Curva;Não;1;0;1;0;1;0;0;1;-25,10829534;-48,81933689;SPRF-PR;DEL01/PR;UOP02-DEL01-PR
746659;10/01/2026;sábado;17:00:00;MT;70;523;VARZEA GRANDE;Acesso irregular;Colisão transversal;Com Vítimas Feridas;Pleno dia;Decrescente;Céu Claro;Simples;Reta;Sim;2;0;1;0;1;1;0;2;-15,6554724;-56,1901049;SPRF-MT;DEL01/MT;UOP02-DEL01-MT
746660;19/01/2026;segunda-feira;06:16:00;RO;435;49,7;VILHENA;Acessar a via sem observar a presença dos outros veículos;Saída de leito carroçável;Sem Vítimas;Amanhecer;Crescente;Céu Claro;Simples;"Declive;Reta";Não;3;0;0;0;0;1;0;2;-12,97060748;-60,39976568;SPRF-RO;DEL04-RO;UOP02-DEL04-RO
746663;19/01/2026;segunda-feira;08:40:00;PI;316;6,2;TERESINA;Entrada inopinada do pedestre;Atropelamento de Pedestre;Com Vítimas Fatais;Pleno dia;Crescente;Nublado;Múltipla;Reta;Sim;2;1;0;0;0;1;0;2;-5,149137;-42,773799;SPRF-PI;DEL01-PI;UOP02-DEL01-PI
746664;11/01/2026;domingo;11:40:00;MG;381;497,3;BETIM;Condutor deixou de manter distância do veículo da frente;Colisão traseira;Com Vítimas Feridas;Pleno dia;Crescente;Céu Claro;Múltipla;"Reta;Declive";Sim;2;0;1;0;1;1;0;2;-19,98307561;-44,20197694;SPRF-MG;DEL01/MG;UOP03-DEL01-MG
746667;19/01/2026;segunda-feira;09:38:00;PI;343;343,9;TERESINA;Reação tardia ou ineficiente do condutor;Engavetamento;Com Vítimas Feridas;Pleno dia;Crescente;Sol;Simples;Reta;Não;3;0;1;0;1;2;0;3;-5,09408;-42,76254;SPRF-PI;DEL01-PI;UOP01-DEL01-PI
746669;19/01/2026;segunda-feira;09:35:00;BA;101;158;CONCEICAO DO JACUIPE;Ausência de reação do condutor;Colisão transversal;Com Vítimas Feridas;Pleno dia;Crescente;Sol;Dupla;Reta;Não;2;0;0;1;1;1;0;2;-12,3579435;-38,788016;SPRF-BA;DEL11/BA;UOP02-DEL11-BA
746672;19/01/2026;segunda-feira;10:00:00;PR;116;29;CAMPINA GRANDE DO SUL;Velocidade Incompatível;Saída de leito carroçável;Com Vítimas Feridas;Pleno dia;Decrescente;Chuva;Dupla;Curva;Não;1;0;1;0;1;0;0;1;-25,11214631;-48,8150982;SPRF-PR;DEL01/PR;UOP02-DEL01-PR
746673;19/01/2026;segunda-feira;10:25:00;SP;116;139,9;SAO JOSE DOS CAMPOS;Condutor deixou de manter distância do veículo da frente;Engavetamento;Com Vítimas Feridas;Pleno dia;Crescente;Céu Claro;Dupla;Reta;Sim;3;0;0;1;1;2;0;3;-23,16304028;-45,80737591;SPRF-SP;DEL02/SP;UOP01-DEL02-SP
746674;19/01/2026;segunda-feira;13:20:00;ES;101;260,6;SERRA;Condutor deixou de manter distância do veículo da frente;Tombamento;Com Vítimas Feridas;Pleno dia;Crescente;Céu Claro;Simples;Curva;Não;2;0;1;0;1;1;0;2;-20,14644;-40,282501;SPRF-ES;DEL02-ES;UOP01-DEL02-ES
746675;02/01/2026;sexta-feira;09:30:00;MA;402;133,2;PRIMEIRA CRUZ;Acessar a via sem observar a presença dos outros veículos;Colisão transversal;Com Vítimas Feridas;Pleno dia;Crescente;Céu Claro;Simples;Reta;Não;8;0;0;1;1;7;0;2;-2,798182;-43,296955;SPRF-MA;DEL01-MA;UOP01-DEL01-MA
746677;19/01/2026;segunda-feira;11:20:00;BA;101;913;NOVA VICOSA;Mal súbito do condutor;Colisão traseira;Com Vítimas Feridas;Pleno dia;Crescente;Sol;Simples;"Declive;Reta";Não;2;0;1;0;1;1;0;2;-17,8270454;-39,7953517;SPRF-BA;DEL09/BA;UOP02-DEL09-BA
746678;19/01/2026;segunda-feira;10:20:00;SP;153;289,5;OCAUCU;Deficiência do Sistema de Iluminação/Sinalização;Colisão traseira;Com Vítimas Feridas;Pleno dia;Decrescente;Céu Claro;Simples;"Reta;Declive";Não;4;0;2;0;2;2;0;3;-22,4920642;-49,8894216;SPRF-SP;DEL07/SP;UOP02-DEL07-SP
746680;19/01/2026;segunda-feira;09:15:00;MS;262;425;TERENOS;Demais falhas mecânicas ou elétricas;Incêndio;Sem Vítimas;Pleno dia;Crescente;Céu Claro;Simples;Reta;Não;1;0;0;0;0;1;0;1;-20,4331268;-54,8819647;SPRF-MS;DEL01/MS;UOP03-DEL01-MS
746686;19/01/2026;segunda-feira;12:30:00;RJ;101;78;CAMPOS DOS GOYTACAZES;Mal súbito do condutor;Colisão traseira;Com Vítimas Feridas;Pleno dia;Decrescente;Céu Claro;Simples;Reta;Não;6;0;2;0;2;4;0;3;-21,835668;-41,420252;SPRF-RJ;DEL08/RJ;UOP02-DEL08-RJ
746688;19/01/2026;segunda-feira;10:57:00;SP;116;545;BARRA DO TURVO;Reação tardia ou ineficiente do condutor;Saída de leito carroçável;Sem Vítimas;Pleno dia;Crescente;Garoa/Chuvisco;Dupla;"Curva;Declive";Não;2;0;0;0;0;2;0;1;-24,95213348;-48,4311676;SPRF-SP;DEL05/SP;UOP02-DEL05-SP
746689;19/01/2026;segunda-feira;12:00:00;PB;230;83,8;CALDAS BRANDAO;Velocidade Incompatível;Colisão traseira;Sem Vítimas;Pleno dia;Crescente;Céu Claro;Dupla;"Aclive;Reta";Sim;2;0;0;0;0;2;0;2;-7,16295201;-35,3467891;SPRF-PB;DEL01-PB;UOP02-DEL01-PB
746690;14/01/2026;quarta-feira;15:25:00;MG;381;564,5;ITAGUARA;Chuva;Colisão com objeto;Sem Vítimas;Pleno dia;Decrescente;Chuva;Dupla;Reta;Sim;1;0;0;0;0;1;0;1;-20,39317074;-44,49474907;SPRF-MG;DEL04/MG;UOP03-DEL04-MG
746692;19/01/2026;segunda-feira;13:00:00;SC;101;207,8;SAO JOSE;Ausência de reação do condutor;Queda de ocupante de veículo;Com Vítimas Feridas;Pleno dia;Decrescente;Céu Claro;Simples;Reta;Sim;1;0;1;0;1;0;0;1;-27,6027373;-48,63006799;SPRF-SC;DEL01/SC;UOP01-DEL01-SC
746693;19/01/2026;segunda-feira;09:50:00;RJ;101;293;ITABORAI;Condutor deixou de manter distância do veículo da frente;Engavetamento;Com Vítimas Feridas;Pleno dia;Crescente;Céu Claro;Múltipla;Reta;Sim;5;0;1;0;1;4;0;4;-22,75671667;-42,892805;SPRF-RJ;DEL02/RJ;UOP02-DEL02-RJ
746696;19/01/2026;segunda-feira;13:10:00;MG;50;37,8;ARAGUARI;Demais falhas mecânicas ou elétricas;Tombamento;Com Vítimas Feridas;Plena Noite;Decrescente;Garoa/Chuvisco;Simples;Reta;Não;1;0;1;0;1;0;0;1;-18,657913;-48,154052;SPRF-MG;DEL15/MG;UOP02-DEL15-MG
746697;19/01/2026;segunda-feira;12:50:00;SC;470;36,5;GASPAR;Ausência de reação do condutor;Colisão com objeto;Com Vítimas Feridas;Pleno dia;Decrescente;Céu Claro;Simples;Reta;Sim;1;0;1;0;1;0;0;1;-26,914976;-48,974274;SPRF-SC;DEL04/SC;UOP01-DEL04-SC
746699;19/01/2026;segunda-feira;13:03:00;PE;101;60;RECIFE;Condutor deixou de manter distância do veículo da frente;Colisão traseira;Com Vítimas Feridas;Pleno dia;Crescente;Céu Claro;Dupla;Declive;Sim;3;0;0;1;1;2;0;2;-7,98365146;-34,93198514;SPRF-PE;DEL01/PE;UOP02-DEL01-PE
746700;19/01/2026;segunda-feira;11:53:00;MG;381;305;ANTONIO DIAS;Demais falhas mecânicas ou elétricas;Queda de ocupante de veículo;Com Vítimas Feridas;Pleno dia;Decrescente;Céu Claro;Dupla;"Declive;Curva";Não;2;0;0;2;2;0;0;1;-19,6518653;-42,94525445;SPRF-MG;DEL03/MG;UOP02-DEL03-MG
746703;19/01/2026;segunda-feira;09:30:00;RN;304;41;MOSSORO;Avarias e/ou desgaste excessivo no pneu;Queda de ocupante de veículo;Com Vítimas Feridas;Pleno dia;Decrescente;Céu Claro;Dupla;Reta;Sim;2;0;1;1;2;0;0;1;-5,2037;-37,37643;SPRF-RN;DEL04-RN;UOP01-DEL04-RN
746707;19/01/2026;segunda-feira;11:50:00;ES;101;0,1;ICONHA;Manobra de mudança de faixa;Colisão traseira;Com Vítimas Feridas;Pleno dia;Crescente;Céu Claro;Dupla;Reta;Não;3;0;0;2;2;0;0;2;-20,787275;-40,78424;SPRF-ES;DEL04-ES;UOP02-DEL04-ES
746710;19/01/2026;segunda-feira;13:45:00;DF;60;23,4;BRASILIA;Ausência de reação do condutor;Capotamento;Com Vítimas Feridas;Pleno dia;Crescente;Chuva;Dupla;Curva;Não;2;0;1;0;1;1;0;1;-15,989545;-48,228997;SPRF-DF;DEL03-DF;UOP01-DEL03-DF
746711;19/01/2026;segunda-feira;12:30:00;PB;230;458,8;SOUSA;Demais falhas mecânicas ou elétricas;Incêndio;Sem Vítimas;Pleno dia;Crescente;Sol;Simples;Reta;Não;1;0;0;0;0;1;0;1;-6,775022;-38,198831;SPRF-PB;DEL03-PB;UOP03-DEL03-PB
746712;19/01/2026;segunda-feira;13:38:00;RO;364;23;VILHENA;Ausência de reação do condutor;Tombamento;Com Vítimas Feridas;Pleno dia;Decrescente;Chuva;Simples;Reta;Não;1;0;0;1;1;0;0;1;-12,72520129;-60,2187708;SPRF-RO;DEL04-RO;UOP01-DEL04-RO
746713;19/01/2026;segunda-feira;13:30:00;PB;104;133;QUEIMADAS;Acesso irregular;Colisão transversal;Com Vítimas Feridas;Pleno dia;Decrescente;Sol;Simples;Reta;Sim;3;0;0;2;2;1;0;2;-7,302365;-35,89229;SPRF-PB;DEL02-PB;UOP03-DEL02-PB
746714;19/01/2026;segunda-feira;10:45:00;PR;163;124,1;REALEZA;Velocidade Incompatível;Saída de leito carroçável;Com Vítimas Feridas;Pleno dia;Crescente;Sol;Simples;"Em Obras;Curva";Não;2;0;1;1;2;0;0;1;-25,604817;-53,564033;SPRF-PR;DEL02/PR;UOP02-DEL02-PR
746715;19/01/2026;segunda-feira;14:30:00;MG;153;3,1;ARAPORA;Acumulo de água sobre o pavimento;Saída de leito carroçável;Com Vítimas Feridas;Pleno dia;Crescente;Chuva;Dupla;Curva;Sim;3;0;3;0;3;0;0;1;-18,44395666;-49,187946;SPRF-MG;DEL15/MG;UOP03-DEL15-MG
746717;19/01/2026;segunda-feira;14:50:00;ES;101;17;CONCEICAO DA BARRA;Condutor deixou de manter distância do veículo da frente;Colisão traseira;Com Vítimas Feridas;Pleno dia;Decrescente;Chuva;Simples;Curva;Não;2;0;1;0;1;1;0;1;-18,3257517;-39,9581298;SPRF-ES;DEL04-ES;UOP02-DEL04-ES
746722;19/01/2026;segunda-feira;15:15:00;PR;277;0,7;PARANAGUA;Transitar no Acostamento;Colisão frontal;Com Vítimas Feridas;Pleno dia;Decrescente;Nublado;Simples;Reta;Sim;2;0;1;0;1;1;0;2;-25,52605075;-48,54737934;SPRF-PR;DEL01/PR;UOP05-DEL01-PR
746725;19/01/2026;segunda-feira;15:20:00;SP;381;75;SAO PAULO;Chuva;Colisão com objeto;Com Vítimas Feridas;Pleno dia;Decrescente;Chuva;Dupla;"Curva;Aclive";Não;4;0;1;0;1;3;0;1;-23,38756145;-46,56924248;SPRF-SP;DEL03/SP;UOP01-DEL03-SP
746727;19/01/2026;segunda-feira;15:10:00;SC;116;245,5;LAGES;Acessar a via sem observar a presença dos outros veículos;Colisão transversal;Com Vítimas Feridas;Pleno dia;Decrescente;Nublado;Simples;Interseção de Vias;Sim;6;0;1;0;1;5;0;2;-27,79983032;-50,36340952;SPRF-SC;DEL05/SC;UOP02-DEL05-SC
746728;19/01/2026;segunda-feira;16:15:00;PR;116;15,7;CAMPINA GRANDE DO SUL;Reação tardia ou ineficiente do condutor;Saída de leito carroçável;Com Vítimas Feridas;Pleno dia;Crescente;Chuva;Dupla;Curva;Não;1;0;1;0;1;0;0;1;-25,09976394;-48,69273376;SPRF-PR;DEL01/PR;UOP02-DEL01-PR
746729;19/01/2026;segunda-feira;16:10:00;SC;101;209,4;SAO JOSE;Reação tardia ou ineficiente do condutor;Engavetamento;Com Vítimas Feridas;Pleno dia;Decrescente;Nublado;Múltipla;Reta;Sim;4;0;1;0;1;3;0;3;-27,612258;-48,641043;SPRF-SC;DEL01/SC;UOP01-DEL01-SC
746730;19/01/2026;segunda-feira;14:40:00;RO;364;706;PORTO VELHO;Acessar a via sem observar a presença dos outros veículos;Colisão lateral mesmo sentido;Com Vítimas Feridas;Pleno dia;Decrescente;Céu Claro;Dupla;Reta;Sim;2;0;1;0;1;0;0;2;-8,80045;-63,82162;SPRF-RO;DEL01-RO;UOP01-DEL01-RO
746731;12/01/2026;segunda-feira;07:15:00;MG;356;267,2;MURIAE;Mal súbito do condutor;Colisão frontal;Com Vítimas Feridas;Pleno dia;Crescente;Sol;Simples;"Reta;Aclive";Sim;2;0;1;1;2;0;0;2;-21,126589;-42,356756;SPRF-MG;DEL07/MG;UOP02-DEL07-MG
746732;19/01/2026;segunda-feira;15:50:00;BA;242;413;SEABRA;Reação tardia ou ineficiente do condutor;Engavetamento;Sem Vítimas;Pleno dia;Crescente;Céu Claro;Simples;Reta;Sim;3;0;0;0;0;3;0;3;-12,42703436;-41,76222718;SPRF-BA;DEL06/BA;UOP01-DEL06-BA
746733;19/01/2026;segunda-feira;16:30:00;MG;381;513;IGARAPE;Desrespeitar a preferência no cruzamento;Colisão transversal;Com Vítimas Feridas;Pleno dia;Decrescente;Céu Claro;Simples;Reta;Não;2;0;1;0;1;1;0;2;-20,06980738;-44,2980335;SPRF-MG;DEL01/MG;UOP03-DEL01-MG
746735;19/01/2026;segunda-feira;17:00:00;SC;101;215,1;PALHOCA;Objeto estático sobre o leito carroçável;Colisão traseira;Com Vítimas Feridas;Pleno dia;Decrescente;Céu Claro;Múltipla;Reta;Sim;3;0;1;1;2;1;0;2;-27,66268636;-48,67590845;SPRF-SC;DEL01/SC;UOP02-DEL01-SC
746736;19/01/2026;segunda-feira;15:55:00;SC;101;397;MARACAJA;Ausência de reação do condutor;Colisão com objeto;Com Vítimas Feridas;Pleno dia;Crescente;Nublado;Múltipla;Curva;Não;4;0;2;0;2;2;0;1;-28,8444148;-49,43188939;SPRF-SC;DEL02/SC;UOP02-DEL02-SC
746738;19/01/2026;segunda-feira;16:50:00;SC;101;206,2;SAO JOSE;Reação tardia ou ineficiente do condutor;Engavetamento;Com Vítimas Feridas;Pleno dia;Decrescente;Nublado;Múltipla;Reta;Sim;3;0;2;0;2;1;0;3;-27,59432;-48,618843;SPRF-SC;DEL01/SC;UOP01-DEL01-SC
746739;19/01/2026;segunda-feira;16:25:00;MG;116;276;TEOFILO OTONI;Transitar na contramão;Colisão frontal;Com Vítimas Feridas;Pleno dia;Decrescente;Céu Claro;Simples;Rotatória;Sim;3;0;1;2;3;0;0;2;-17,851402;-41,514377;SPRF-MG;DEL11/MG;UOP01-DEL11-MG
746741;19/01/2026;segunda-feira;16:50:00;SP;116;168,8;JACAREI;Chuva;Colisão com objeto;Com Vítimas Feridas;Anoitecer;Decrescente;Chuva;Dupla;Reta;Não;1;0;1;0;1;0;0;1;-23,30699;-46,04058;SPRF-SP;DEL02/SP;UOP01-DEL02-SP
746742;19/01/2026;segunda-feira;17:25:00;SC;101;202,3;SAO JOSE;Ausência de sinalização;Colisão traseira;Com Vítimas Feridas;Pleno dia;Decrescente;Nublado;Múltipla;Reta;Sim;3;0;1;0;1;2;0;3;-27,560022;-48,617397;SPRF-SC;DEL01/SC;UOP01-DEL01-SC
746743;19/01/2026;segunda-feira;16:20:00;SC;282;492,8;FAXINAL DOS GUEDES;Ultrapassagem Indevida;Colisão lateral mesmo sentido;Com Vítimas Feridas;Pleno dia;Decrescente;Céu Claro;Simples;Rotatória;Não;2;0;1;0;1;1;0;2;-26,872111;-52,297774;SPRF-SC;DEL07/SC;UOP01-DEL07-SC
746744;19/01/2026;segunda-feira;16:35:00;PI;343;579;FLORIANO;Deficiência do Sistema de Iluminação/Sinalização;Incêndio;Sem Vítimas;Pleno dia;Crescente;Garoa/Chuvisco;Simples;Reta;Não;1;0;0;0;0;1;0;1;-6,808512;-42,935778;SPRF-PI;DEL03-PI;UOP01-DEL03-PI
746745;19/01/2026;segunda-feira;17:10:00;ES;101;159,9;LINHARES;Acessar a via sem observar a presença dos outros veículos;Colisão transversal;Com Vítimas Feridas;Pleno dia;Crescente;Céu Claro;Simples;"Interseção de Vias;Reta";Sim;2;0;1;0;1;1;0;2;-19,4766526;-40,11399913;SPRF-ES;DEL04-ES;UOP01-DEL04-ES
746746;19/01/2026;segunda-feira;15:00:00;RJ;40;52,2;PETROPOLIS;Ausência de reação do condutor;Saída de leito carroçável;Com Vítimas Fatais;Pleno dia;Decrescente;Nublado;Dupla;"Curva;Declive";Não;1;1;0;0;0;0;0;1;-22,339088;-43,132874;SPRF-RJ;DEL05/RJ;UOP02-DEL05-RJ
746747;19/01/2026;segunda-feira;17:15:00;MG;381;509;SAO JOAQUIM DE BICAS;Animais na Pista;Atropelamento de Animal;Com Vítimas Feridas;Pleno dia;Decrescente;Céu Claro;Dupla;Reta;Não;1;0;1;0;1;0;0;1;-20,0515623;-44,28092122;SPRF-MG;DEL01/MG;UOP03-DEL01-MG
746748;19/01/2026;segunda-feira;17:35:00;RS;116;146,2;CAXIAS DO SUL;Manobra de mudança de faixa;Colisão lateral mesmo sentido;Com Vítimas Feridas;Pleno dia;Crescente;Céu Claro;Dupla;Reta;Não;2;0;1;0;1;1;0;2;-29,14190845;-51,1355149;SPRF-RS;DEL05/RS;UOP01-DEL05-RS
746749;19/01/2026;segunda-feira;15:00:00;RJ;116;181;NOVA IGUACU;Ausência de reação do condutor;Colisão traseira;Sem Vítimas;Pleno dia;Crescente;Chuva;Dupla;Reta;Sim;2;0;0;0;0;2;0;2;-22,75666178;-43,43114074;SPRF-RJ;DEL06/RJ;UOP01-DEL06-RJ
746750;19/01/2026;segunda-feira;17:10:00;PR;116;208,2;RIO NEGRO;Ultrapassagem Indevida;Colisão lateral mesmo sentido;Com Vítimas Feridas;Pleno dia;Crescente;Céu Claro;Simples;"Interseção de Vias;Reta";Sim;2;0;0;1;1;1;0;2;-26,08106901;-49,77192879;SPRF-SC;DEL06/SC;UOP01-DEL06-SC
746753;19/01/2026;segunda-feira;18:15:00;PE;232;5;RECIFE;Ausência de sinalização;Colisão traseira;Com Vítimas Feridas;Plena Noite;Decrescente;Céu Claro;Múltipla;Reta;Sim;2;0;1;0;1;1;0;2;-8,06843955;-34,94600773;SPRF-PE;DEL01/PE;UOP01-DEL01-PE
746754;19/01/2026;segunda-feira;18:10:00;RJ;101;454;MANGARATIBA;Chuva;Saída de leito carroçável;Com Vítimas Feridas;Anoitecer;Crescente;Chuva;Simples;"Declive;Reta";Não;1;0;0;1;1;0;0;1;-23,03087028;-44,15969476;SPRF-RJ;DEL03/RJ;UOP02-DEL03-RJ
746755;19/01/2026;segunda-feira;15:25:00;AC;364;689;CRUZEIRO DO SUL;Mal súbito do condutor;Saída de leito carroçável;Com Vítimas Feridas;Pleno dia;Decrescente;Garoa/Chuvisco;Simples;Reta;Não;2;0;1;0;1;1;0;1;-7,788105;-72,075583;SPRF-AC;DEL01-AC;UOP03-DEL01-AC
746756;19/01/2026;segunda-feira;17:55:00;RN;101;104;PARNAMIRIM;Velocidade Incompatível;Colisão traseira;Com Vítimas Feridas;Plena Noite;Crescente;Céu Claro;Múltipla;Reta;Sim;3;0;2;0;2;1;0;3;-5,898248;-35,258658;SPRF-RN;DEL01-RN;UOP01-DEL01-RN
746757;19/01/2026;segunda-feira;16:00:00;SP;101;52;UBATUBA;Entrada inopinada do pedestre;Atropelamento de Pedestre;Com Vítimas Feridas;Pleno dia;Decrescente;Chuva;Simples;Reta;Sim;3;0;2;0;2;1;0;2;-23,46304946;-45,06378233;SPRF-SP;DEL06/SP;UOP01-DEL06-SP
746759;19/01/2026;segunda-feira;18:05:00;PR;277;3;FOZ DO IGUACU;Avarias e/ou desgaste excessivo no pneu;Queda de ocupante de veículo;Com Vítimas Feridas;Pleno dia;Crescente;Céu Claro;Simples;Reta;Não;2;0;2;0;2;0;0;1;-25,51875;-54,52682;SPRF-PR;DEL05/PR;UOP04-DEL05-PR
746760;19/01/2026;segunda-feira;11:30:00;BA;101;790;ITAMARAJU;Ultrapassagem Indevida;Colisão frontal;Com Vítimas Fatais;Pleno dia;Crescente;Sol;Simples;Declive;Não;6;2;3;1;4;0;0;2;-16,88;-39,513;SPRF-BA;DEL09/BA;UOP01-DEL09-BA
746761;19/01/2026;segunda-feira;17:50:00;SP;153;61;SAO JOSE DO RIO PRETO;Manobra de mudança de faixa;Colisão lateral mesmo sentido;Com Vítimas Feridas;Pleno dia;Crescente;Chuva;Dupla;"Interseção de Vias;Reta";Sim;4;0;1;0;1;0;0;3;-20,8039659;-49,35588447;SPRF-SP;DEL09/SP;UOP01-DEL09-SP
746764;19/01/2026;segunda-feira;18:45:00;RN;101;82;NATAL;Pedestre - Ingestão de álcool/ substâncias psicoativas;Atropelamento de Pedestre;Com Vítimas Feridas;Plena Noite;Crescente;Céu Claro;Dupla;Reta;Sim;2;0;0;2;2;0;0;2;-5,769263;-35,271012;SPRF-RN;DEL02-RN;UOP01-DEL02-RN
746766;19/01/2026;segunda-feira;17:20:00;BA;101;327;PRESIDENTE TANCREDO NEVES;Ausência de reação do condutor;Colisão transversal;Com Vítimas Feridas;Anoitecer;Crescente;Nublado;Simples;Aclive;Não;4;0;1;0;1;3;0;2;-13,452692;-39,42083;SPRF-BA;DEL05/BA;UOP03-DEL05-BA
746767;19/01/2026;segunda-feira;17:50:00;PR;376;2;SAO JOSE DOS PINHAIS;Condutor usando celular;Colisão traseira;Com Vítimas Feridas;Anoitecer;Crescente;Céu Claro;Múltipla;Reta;Sim;2;0;1;0;1;1;0;2;-25,54945416;-49,18830005;SPRF-PR;DEL01/PR;UOP04-DEL01-PR
746768;10/01/2026;sábado;03:30:00;SC;101;206;SAO JOSE;Reação tardia ou ineficiente do condutor;Capotamento;Sem Vítimas;Plena Noite;Crescente;Céu Claro;Múltipla;Reta;Sim;1;0;0;0;0;1;0;1;-27,58667762;-48,61696808;SPRF-SC;DEL01/SC;UOP01-DEL01-SC
746769;19/01/2026;segunda-feira;17:10:00;RJ;40;112;DUQUE DE CAXIAS;Acessar a via sem observar a presença dos outros veículos;Colisão transversal;Com Vítimas Feridas;Pleno dia;Decrescente;Garoa/Chuvisco;Múltipla;Reta;Sim;4;0;1;0;1;3;0;2;-22,70108;-43,28991;SPRF-RJ;DEL01/RJ;UOP02-DEL01-RJ