id;data_inversa;dia_semana;horario;uf;br;km;municipio;causa_acidente;tipo_acidente;classificacao_acidente;fase_dia;sentido_via;condicao_metereologica;tipo_pista;tracado_via;uso_solo;pessoas;mortos;feridos_leves;feridos_graves;feridos;ilesos;ignorados;veiculos;latitude;longitude;regional;delegacia;uop
746903;20/01/2026;terça-feira;12:50:00;PB;101;81,9;BAYEUX;Acessar a via sem observar a presença dos outros veículos;Colisão lateral mesmo sentido;Com Vítimas Feridas;Pleno dia;Crescente;Céu Claro;Dupla;Interseção de Vias;Sim;2;0;0;1;1;0;0;2;-7,13049377;-34,93460208;SPRF-PB;DEL01-PB;UOP01-DEL01-PB
746904;20/01/2026;terça-feira;12:00:00;MG;40;89;PARACATU;Demais falhas mecânicas ou elétricas;Saída de leito carroçável;Com Vítimas Feridas;Pleno dia;Crescente;Nublado;Simples;Reta;Não;2;0;2;0;2;0;0;1;-17,498092;-46,58287025;SPRF-MG;DEL14/MG;UOP01-DEL14-MG
746905;20/01/2026;terça-feira;10:30:00;RS;116;362;TAPES;Transitar na contramão;Colisão frontal;Com Vítimas Fatais;Pleno dia;Crescente;Céu Claro;Simples;Reta;Não;4;1;2;1;3;0;0;2;-30,63341636;-51,54994369;SPRF-RS;DEL02/RS;UOP02-DEL02-RS
746907;16/01/2026;sexta-feira;23:20:00;PE;0;0;CAMARAGIBE;Frear bruscamente;Colisão traseira;Sem Vítimas;Plena Noite;Não Informado;Ignorado;Dupla;Interseção de Vias;Não;6;0;0;0;0;6;0;2;-8,020562;-34,989985;SPRF-PE;N/A;N/A
746908;20/01/2026;terça-feira;12:49:00;BA;0;0;LUIS EDUARDO MAGALHAES;Acessar a via sem observar a presença dos outros veículos;Colisão traseira;Sem Vítimas;Pleno dia;Não Informado;Chuva;Simples;Reta;Sim;3;0;0;0;0;3;0;2;-12,08812886;-45,79828978;SPRF-BA;DEL10/BA;UOP01-DEL10-BA
746910;20/01/2026;terça-feira;11:15:00;MG;364;40,5;FRUTAL;Mal súbito do condutor;Saída de leito carroçável;Com Vítimas Feridas;Pleno dia;Decrescente;Céu Claro;Simples;Reta;Não;1;0;1;0;1;0;0;1;-19,948963;-48,958791;SPRF-MG;DEL13/MG;UOP02-DEL13-MG
746911;20/01/2026;terça-feira;09:10:00;MG;116;696,6;MURIAE;Chuva;Colisão lateral sentido oposto;Com Vítimas Feridas;Pleno dia;Decrescente;Chuva;Simples;"Declive;Curva";Não;3;0;3;0;3;0;0;2;-21,07552035;-42,3717463;SPRF-MG;DEL07/MG;UOP02-DEL07-MG
746912;20/01/2026;terça-feira;12:44:00;PE;104;68,9;CARUARU;Reação tardia ou ineficiente do condutor;Saída de leito carroçável;Com Vítimas Feridas;Pleno dia;Crescente;Sol;Dupla;Curva;Não;1;0;1;0;1;0;0;1;-8,32149101;-35,99116651;SPRF-PE;DEL02/PE;UOP01-DEL02-PE
746913;20/01/2026;terça-feira;13:40:00;DF;20;32,8;BRASILIA;Pista Escorregadia;Saída de leito carroçável;Com Vítimas Feridas;Pleno dia;Decrescente;Chuva;Dupla;Reta;Não;3;0;1;0;1;2;0;1;-15,5888895;-47,582402;SPRF-DF;DEL02-DF;UOP01-DEL02-DF
746916;20/01/2026;terça-feira;10:15:00;PR;369;393,7;JURANDA;Demais falhas mecânicas ou elétricas;Incêndio;Sem Vítimas;Pleno dia;Decrescente;Sol;Simples;"Aclive;Reta";Não;1;0;0;0;0;1;0;1;-24,34114372;-52,71439791;SPRF-PR;DEL04/PR;UOP03-DEL04-PR
746919;16/01/2026;sexta-feira;18:00:00;RJ;101;303;SAO GONCALO;Reação tardia ou ineficiente do condutor;Colisão traseira;Com Vítimas Feridas;Pleno dia;Decrescente;Céu Claro;Dupla;Reta;Sim;3;0;1;0;1;2;0;2;-22,78280201;-42,97645496;SPRF-RJ;DEL02/RJ;UOP02-DEL02-RJ
746920;20/01/2026;terça-feira;14:00:00;RJ;101;430;MANGARATIBA;Reação tardia ou ineficiente do condutor;Saída de leito carroçável;Com Vítimas Feridas;Pleno dia;Crescente;Chuva;Simples;"Curva;Declive";Sim;2;0;1;0;1;1;0;1;-22,93768538;-44,01294708;SPRF-RJ;DEL03/RJ;UOP02-DEL03-RJ
746921;16/01/2026;sexta-feira;10:00:00;BA;367;131;ITAGIMIRIM;Ausência de reação do condutor;Saída de leito carroçável;Com Vítimas Feridas;Pleno dia;Crescente;Céu Claro;Simples;Curva;Não;3;0;0;1;1;2;0;1;-16,08531041;-39,65307713;SPRF-BA;DEL09/BA;UOP03-DEL09-BA
746922;20/01/2026;terça-feira;10:40:00;SC;282;0,8;FLORIANOPOLIS;Manobra de mudança de faixa;Colisão traseira;Com Vítimas Feridas;Pleno dia;Decrescente;Céu Claro;Dupla;Reta;Sim;2;0;0;1;1;0;0;2;-27,599964;-48,5761;SPRF-SC;DEL01/SC;UOP01-DEL01-SC
746923;20/01/2026;terça-feira;13:02:00;RS;290;31;SANTO ANTONIO DA PATRULHA;Ausência de reação do condutor;Saída de leito carroçável;Com Vítimas Feridas;Pleno dia;Decrescente;Céu Claro;Múltipla;Reta;Não;1;0;1;0;1;0;0;1;-29,88414337;-50,53658582;SPRF-RS;DEL03/RS;UOP01-DEL03-RS
746925;08/01/2026;quinta-feira;15:20:00;SC;282;270;SAO JOSE DO CERRITO;Ausência de reação do condutor;Colisão traseira;Com Vítimas Feridas;Pleno dia;Decrescente;Céu Claro;Simples;Reta;Não;5;0;4;0;4;1;0;2;-27,616086;-50,6834;SPRF-SC;DEL05/SC;UOP02-DEL05-SC
746926;20/01/2026;terça-feira;15:40:00;ES;101;265;SERRA;Ausência de reação do condutor;Colisão transversal;Com Vítimas Feridas;Pleno dia;Decrescente;Chuva;Dupla;Reta;Não;2;0;0;1;1;0;0;2;-20,18230251;-40,26539594;SPRF-ES;DEL02-ES;UOP01-DEL02-ES
746937;20/01/2026;terça-feira;16:20:00;PR;476;157,9;ARAUCARIA;Desrespeitar a preferência no cruzamento;Colisão transversal;Com Vítimas Feridas;Pleno dia;Decrescente;Céu Claro;Simples;"Interseção de Vias;Reta";Sim;3;0;2;0;2;1;0;2;-25,60624646;-49,42105293;SPRF-PR;DEL01/PR;UOP06-DEL01-PR
746940;20/01/2026;terça-feira;16:40:00;RS;448;19;CANOAS;Manobra de mudança de faixa;Colisão lateral mesmo sentido;Com Vítimas Feridas;Pleno dia;Crescente;Céu Claro;Múltipla;Reta;Não;3;0;2;0;2;1;0;2;-29,94830469;-51,20317109;SPRF-RS;DEL01/RS;UOP01-DEL01-RS
746941;20/01/2026;terça-feira;17:05:00;RS;470;216;BENTO GONCALVES;Reação tardia ou ineficiente do condutor;Colisão traseira;Sem Vítimas;Pleno dia;Decrescente;Céu Claro;Dupla;Reta;Sim;2;0;0;0;0;2;0;2;-29,16626;-51,52574167;SPRF-RS;DEL06/RS;UOP01-DEL06-RS
746943;20/01/2026;terça-feira;17:01:00;SC;280;28,4;ARAQUARI;Acessar a via sem observar a presença dos outros veículos;Colisão transversal;Com Vítimas Feridas;Pleno dia;Decrescente;Céu Claro;Simples;Reta;Sim;2;0;1;0;1;1;0;2;-26,407272;-48,748892;SPRF-SC;DEL03/SC;UOP03-DEL03-SC
746947;20/01/2026;terça-feira;18:00:00;GO;60;93;ANAPOLIS;Demais falhas mecânicas ou elétricas;Tombamento;Com Vítimas Feridas;Pleno dia;Crescente;Garoa/Chuvisco;Dupla;"Aclive;Curva;Viaduto";Sim;1;0;1;0;1;0;0;1;-16,353771;-48,927624;SPRF-GO;DEL02/GO;UOP01-DEL02-GO
746948;20/01/2026;terça-feira;17:30:00;MG;381;591;CARMOPOLIS DE MINAS;Condutor usando celular;Colisão com objeto;Com Vítimas Feridas;Pleno dia;Decrescente;Nublado;Simples;Interseção de Vias;Sim;1;0;1;0;1;0;0;1;-20,5430947;-44,64528322;SPRF-MG;DEL04/MG;UOP01-DEL04-MG
746949;20/01/2026;terça-feira;16:40:00;MA;135;16;SAO LUIS;Velocidade Incompatível;Saída de leito carroçável;Com Vítimas Feridas;Pleno dia;Decrescente;Céu Claro;Dupla;Reta;Sim;3;0;1;0;1;2;0;1;-2,69839592;-44,30699992;SPRF-MA;DEL01-MA;UOP01-DEL01-MA
746950;20/01/2026;terça-feira;18:10:00;PE;428;189;PETROLINA;Animais na Pista;Tombamento;Com Vítimas Feridas;Plena Noite;Crescente;Nublado;Múltipla;Reta;Sim;1;0;1;0;1;0;0;1;-9,3769348;-40,4989772;SPRF-PE;DEL06/PE;UOP01-DEL06-PE
746951;20/01/2026;terça-feira;17:20:00;SP;116;145,4;SAO JOSE DOS CAMPOS;Reação tardia ou ineficiente do condutor;Colisão lateral mesmo sentido;Com Vítimas Feridas;Pleno dia;Crescente;Céu Claro;Dupla;Reta;Sim;2;0;1;0;1;1;0;2;-23,18802316;-45,85734944;SPRF-SP;DEL02/SP;UOP01-DEL02-SP
746952;20/01/2026;terça-feira;17:44:00;PE;101;75,3;RECIFE;Ausência de reação do condutor;Tombamento;Com Vítimas Feridas;Anoitecer;Crescente;Céu Claro;Dupla;Reta;Sim;1;0;1;0;1;0;0;1;-8,11268;-34,945698;SPRF-PE;DEL01/PE;UOP01-DEL01-PE
746953;20/01/2026;terça-feira;18:15:00;SC;280;27,9;ARAQUARI;Ultrapassagem Indevida;Colisão frontal;Com Vítimas Feridas;Anoitecer;Crescente;Nublado;Simples;"Em Obras;Reta";Não;2;0;0;2;2;0;0;2;-26,40422827;-48,74535084;SPRF-SC;DEL03/SC;UOP03-DEL03-SC
746954;20/01/2026;terça-feira;16:00:00;RJ;101;515;ANGRA DOS REIS;Reação tardia ou ineficiente do condutor;Tombamento;Com Vítimas Feridas;Pleno dia;Decrescente;Chuva;Simples;Curva;Não;1;0;1;0;1;0;0;1;-22,981092;-44,43613;SPRF-RJ;DEL03/RJ;UOP03-DEL03-RJ
746955;20/01/2026;terça-feira;17:45:00;PR;116;93,3;SAO JOSE DOS PINHAIS;Ausência de reação do condutor;Tombamento;Com Vítimas Feridas;Pleno dia;Decrescente;Céu Claro;Dupla;"Viaduto;Reta";Sim;1;0;1;0;1;0;0;1;-25,51410308;-49,1299947;SPRF-PR;DEL01/PR;UOP08-DEL01-PR
746956;20/01/2026;terça-feira;18:30:00;PB;230;21;JOAO PESSOA;Condutor deixou de manter distância do veículo da frente;Tombamento;Com Vítimas Feridas;Plena Noite;Crescente;Céu Claro;Dupla;Reta;Sim;2;0;2;0;2;0;0;1;-7,15299769;-34,85478497;SPRF-PB;DEL01-PB;UOP01-DEL01-PB
746957;20/01/2026;terça-feira;17:30:00;MT;163;841;SINOP;Acessar a via sem observar a presença dos outros veículos;Colisão transversal;Com Vítimas Feridas;Pleno dia;Crescente;Nublado;Simples;Reta;Sim;5;0;0;1;1;4;0;2;-11,81148774;-55,48241615;SPRF-MT;DEL06/MT;UOP02-DEL06-MT
746958;20/01/2026;terça-feira;18:30:00;SC;101;151;ITAPEMA;Trafegar com motocicleta (ou similar) entre as faixas;Colisão lateral mesmo sentido;Com Vítimas Feridas;Pleno dia;Decrescente;Céu Claro;Dupla;Reta;Sim;2;0;1;0;1;0;0;2;-27,1351136;-48,6099124;SPRF-SC;DEL04/SC;UOP03-DEL04-SC
746959;20/01/2026;terça-feira;18:25:00;PA;316;61;CASTANHAL;Reação tardia ou ineficiente do condutor;Colisão traseira;Sem Vítimas;Plena Noite;Decrescente;Céu Claro;Dupla;Reta;Sim;2;0;0;0;0;2;0;2;-1,298162;-47,939658;SPRF-PA;DEL01/PA;UOP01-DEL01-PA
746960;20/01/2026;terça-feira;19:00:00;PB;101;92;JOAO PESSOA;Iluminação deficiente;Colisão com objeto;Com Vítimas Feridas;Plena Noite;Crescente;Céu Claro;Dupla;"Declive;Reta;Retorno Regulamentado";Sim;2;0;1;1;2;0;0;1;-7,20177981;-34,90752029;SPRF-PB;DEL01-PB;UOP01-DEL01-PB
746961;20/01/2026;terça-feira;18:00:00;ES;101;192,3;ARACRUZ;Acostamento em desnível;Tombamento;Com Vítimas Feridas;Plena Noite;Crescente;Chuva;Simples;Reta;Não;1;0;1;0;1;0;0;1;-19,695247;-40,297911;SPRF-ES;DEL04-ES;UOP01-DEL04-ES
746962;20/01/2026;terça-feira;18:46:00;PI;343;1,7;TERESINA;Manobra de mudança de faixa;Colisão traseira;Com Vítimas Feridas;Anoitecer;Crescente;Céu Claro;Dupla;"Reta;Retorno Regulamentado";Sim;2;0;1;0;1;1;0;2;-5,081135;-42,764693;SPRF-PI;DEL01-PI;UOP01-DEL01-PI
746963;20/01/2026;terça-feira;19:20:00;MG;381;483;BETIM;Demais falhas mecânicas ou elétricas;Incêndio;Sem Vítimas;Plena Noite;Decrescente;Garoa/Chuvisco;Múltipla;Aclive;Sim;1;0;0;0;0;1;0;1;-19,95871945;-44,07490477;SPRF-MG;DEL01/MG;UOP03-DEL01-MG
746965;20/01/2026;terça-feira;08:00:00;MG;116;604;SAO JOAO DO MANHUACU;Ausência de reação do condutor;Saída de leito carroçável;Com Vítimas Feridas;Pleno dia;Crescente;Chuva;Simples;Curva;Não;1;0;1;0;1;0;0;1;-20,37174713;-42,14774752;SPRF-MG;DEL06/MG;UOP03-DEL06-MG
746966;20/01/2026;terça-feira;19:15:00;SC;101;148;ITAPEMA;Ausência de reação do condutor;Colisão lateral mesmo sentido;Com Vítimas Feridas;Plena Noite;Decrescente;Céu Claro;Dupla;Reta;Sim;3;0;1;1;2;1;0;2;-27,103061;-48,617052;SPRF-SC;DEL04/SC;UOP03-DEL04-SC
746967;12/01/2026;segunda-feira;18:50:00;BA;324;622;SALVADOR;Condutor deixou de manter distância do veículo da frente;Colisão traseira;Com Vítimas Feridas;Anoitecer;Decrescente;Céu Claro;Múltipla;Reta;Sim;2;0;1;0;1;0;0;2;-12,929572;-38,469415;SPRF-BA;DEL01/BA;UOP01-DEL01-BA
746968;20/01/2026;terça-feira;18:20:00;RJ;0;0;SEROPEDICA;Reação tardia ou ineficiente do condutor;Colisão traseira;Com Vítimas Feridas;Anoitecer;Não Informado;Nublado;Dupla;Reta;Não;1;0;1;0;1;0;0;1;-22,7575317;-43,6906457;SPRF-RJ;DEL06/RJ;UOP02-DEL06-RJ
746969;11/01/2026;domingo;15:00:00;SC;282;546,8;CHAPECO;Reação tardia ou ineficiente do condutor;Capotamento;Com Vítimas Feridas;Pleno dia;Crescente;Nublado;Simples;Curva;Não;7;0;1;0;1;6;0;1;-26,978832;-52,736538;SPRF-SC;DEL07/SC;UOP01-DEL07-SC
746970;20/01/2026;terça-feira;20:30:00;PB;230;20,8;JOAO PESSOA;Reação tardia ou ineficiente do condutor;Tombamento;Com Vítimas Feridas;Plena Noite;Crescente;Céu Claro;Dupla;Reta;Sim;1;0;0;1;1;0;0;1;-7,14692812;-34,85076345;SPRF-PB;DEL01-PB;UOP01-DEL01-PB
746971;20/01/2026;terça-feira;12:15:00;MG;267;243,5;SERITINGA;Ultrapassagem Indevida;Colisão frontal;Com Vítimas Feridas;Pleno dia;Crescente;Nublado;Simples;Curva;Não;6;0;5;1;6;0;0;2;-21,92008888;-44,4147411;SPRF-MG;DEL17/MG;UOP01-DEL17-MG
746972;20/01/2026;terça-feira;18:20:00;SE;235;49;ITABAIANA;Animais na Pista;Atropelamento de Animal;Com Vítimas Feridas;Plena Noite;Crescente;Nublado;Simples;Reta;Sim;1;0;1;0;1;0;0;1;-10,71347453;-37,42487848;SPRF-SE;DEL01-SE;UOP02-DEL01-SE
746974;20/01/2026;terça-feira;13:30:00;AL;423;20,1;CANAPI;Ingestão de álcool pelo condutor;Colisão lateral sentido oposto;Com Vítimas Feridas;Pleno dia;Decrescente;Céu Claro;Simples;Reta;Não;2;0;0;1;1;0;0;2;-9,17154694;-37,44552255;SPRF-AL;DEL03-AL;UOP02-DEL03-AL
746975;20/01/2026;terça-feira;20:00:00;MG;262;437;NOVA SERRANA;Entrada inopinada do pedestre;Atropelamento de Pedestre;Com Vítimas Feridas;Plena Noite;Decrescente;Chuva;Múltipla;Reta;Sim;2;0;1;0;1;1;0;2;-19,87214;-44,96777;SPRF-MG;DEL08/MG;UOP03-DEL08-MG
746976;20/01/2026;terça-feira;21:30:00;PR;277;25;MORRETES;Animais na Pista;Tombamento;Com Vítimas Feridas;Plena Noite;Crescente;Nublado;Dupla;"Declive;Reta";Não;2;0;2;0;2;0;0;1;-25,5338675;-48,7594117;SPRF-PR;DEL01/PR;UOP05-DEL01-PR
746977;20/01/2026;terça-feira;20:25:00;PB;230;16,8;JOAO PESSOA;Reação tardia ou ineficiente do condutor;Engavetamento;Com Vítimas Feridas;Plena Noite;Decrescente;Céu Claro;Dupla;Reta;Sim;3;0;0;1;1;2;0;3;-7,114403;-34,841907;SPRF-PB;DEL01-PB;UOP01-DEL01-PB
746979;20/01/2026;terça-feira;15:30:00;BA;101;206,2;GOVERNADOR MANGABEIRA;Ultrapassagem Indevida;Saída de leito carroçável;Com Vítimas Feridas;Pleno dia;Crescente;Céu Claro;Simples;"Reta;Declive";Não;2;0;1;1;2;0;0;1;-12,597728;-39,030141;SPRF-BA;DEL11/BA;UOP01-DEL11-BA
746980;20/01/2026;terça-feira;18:50:00;MG;262;462,9;BOM DESPACHO;Reação tardia ou ineficiente do condutor;Saída de leito carroçável;Com Vítimas Feridas;Anoitecer;Decrescente;Chuva;Simples;Aclive;Não;1;0;1;0;1;0;0;1;-19,790848;-45,190467;SPRF-MG;DEL08/MG;UOP03-DEL08-MG
746981;20/01/2026;terça-feira;20:55:00;MG;251;426;GRAO MOGOL;Ausência de reação do condutor;Saída de leito carroçável;Com Vítimas Feridas;Plena Noite;Crescente;Nublado;Simples;Reta;Não;3;0;3;0;3;0;0;1;-16,3967983;-43,20675285;SPRF-MG;DEL12/MG;UOP01-DEL12-MG
746983;20/01/2026;terça-feira;20:03:00;AC;364;124;RIO BRANCO;Acessar a via sem observar a presença dos outros veículos;Colisão transversal;Com Vítimas Feridas;Plena Noite;Decrescente;Céu Claro;Dupla;Rotatória;Sim;2;0;1;0;1;1;0;2;-10,01200277;-67,79844403;SPRF-AC;DEL01-AC;UOP01-DEL01-AC
746984;20/01/2026;terça-feira;19:45:00;MG;153;245;FRONTEIRA;Afundamento ou ondulação no pavimento;Tombamento;Com Vítimas Feridas;Plena Noite;Crescente;Céu Claro;Simples;"Interseção de Vias;Reta;Rotatória";Não;1;0;1;0;1;0;0;1;-20,290669;-49,202104;SPRF-MG;DEL13/MG;UOP02-DEL13-MG
746985;20/01/2026;terça-feira;20:50:00;RS;116;245,4;SAO LEOPOLDO;Demais falhas mecânicas ou elétricas;Colisão com objeto;Com Vítimas Feridas;Plena Noite;Crescente;Céu Claro;Múltipla;Reta;Sim;1;0;1;0;1;0;0;1;-29,75039695;-51,15172148;SPRF-RS;DEL01/RS;UOP02-DEL01-RS
746986;20/01/2026;terça-feira;21:47:00;SP;116;293;ITAPECERICA DA SERRA;Objeto estático sobre o leito carroçável;Colisão com objeto;Sem Vítimas;Plena Noite;Decrescente;Nublado;Dupla;Reta;Sim;1;0;0;0;0;1;0;1;-23,74534;-46,900042;SPRF-SP;DEL04/SP;UOP01-DEL04-SP
746987;20/01/2026;terça-feira;22:00:00;MG;116;414,5;GOVERNADOR VALADARES;Acessar a via sem observar a presença dos outros veículos;Colisão transversal;Com Vítimas Feridas;Plena Noite;Decrescente;Chuva;Simples;Retorno Regulamentado;Sim;3;0;1;0;1;1;0;3;-18,90173923;-41,94477081;SPRF-MG;DEL06/MG;UOP01-DEL06-MG
746994;20/01/2026;terça-feira;23:15:00;RS;101;15;DOM PEDRO DE ALCANTARA;Ausência de reação do condutor;Saída de leito carroçável;Com Vítimas Feridas;Plena Noite;Crescente;Chuva;Dupla;Curva;Não;2;0;2;0;2;0;0;1;-29,402396;-49,858649;SPRF-RS;DEL03/RS;UOP02-DEL03-RS
746996;21/01/2026;quarta-feira;00:20:00;PR;476;149,3;ARAUCARIA;Reação tardia ou ineficiente do condutor;Saída de leito carroçável;Com Vítimas Feridas;Plena Noite;Decrescente;Nublado;Dupla;Reta;Não;1;0;1;0;1;0;0;1;-25,5579343;-49,362656;SPRF-PR;DEL01/PR;UOP06-DEL01-PR
746997;21/01/2026;quarta-feira;00:40:00;PR;116;126;FAZENDA RIO GRANDE;Ausência de reação do condutor;Colisão traseira;Com Vítimas Feridas;Plena Noite;Crescente;Céu Claro;Dupla;Reta;Sim;2;0;1;1;2;0;0;2;-25,65458033;-49,31222884;SPRF-PR;DEL01/PR;UOP03-DEL01-PR
747000;21/01/2026;quarta-feira;01:30:00;PE;232;402;SERRA TALHADA;Animais na Pista;Atropelamento de Animal;Sem Vítimas;Plena Noite;Decrescente;Ignorado;Simples;Reta;Não;2;0;0;0;0;2;0;1;-8,006278;-38,24432;SPRF-PE;DEL04/PE;UOP01-DEL04-PE
747001;21/01/2026;quarta-feira;01:30:00;MG;381;888,4;CAMBUI;Pedestre andava na pista;Atropelamento de Pedestre;Com Vítimas Feridas;Plena Noite;Decrescente;Céu Claro;Dupla;Reta;Não;3;0;1;0;1;2;0;2;-22,52896013;-46,02668434;SPRF-MG;DEL16/MG;UOP01-DEL16-MG
747002;21/01/2026;quarta-feira;02:11:00;SC;101;136;BALNEARIO CAMBORIU;Velocidade Incompatível;Colisão lateral mesmo sentido;Com Vítimas Feridas;Plena Noite;Crescente;Nublado;Dupla;Reta;Sim;2;0;1;0;1;1;0;2;-27,01002258;-48,61522548;SPRF-SC;DEL04/SC;UOP03-DEL04-SC
747003;21/01/2026;quarta-feira;01:20:00;PI;316;54,2;MONSENHOR GIL;Animais na Pista;Atropelamento de Animal;Sem Vítimas;Plena Noite;Crescente;Nublado;Simples;Reta;Não;1;0;0;0;0;1;0;1;-5,52705819;-42,63652325;SPRF-PI;DEL01-PI;UOP02-DEL01-PI
747004;21/01/2026;quarta-feira;01:45:00;PA;230;1,6;ALTAMIRA;Reação tardia ou ineficiente do condutor;Tombamento;Com Vítimas Feridas;Plena Noite;Crescente;Céu Claro;Simples;Rotatória;Sim;1;0;0;1;1;0;0;1;-3,18118191;-52,18480698;SPRF-PA;DEL03/PA;UOP01-DEL03-PA
747006;21/01/2026;quarta-feira;01:40:00;MS;158;280;TRES LAGOAS;Animais na Pista;Atropelamento de Animal;Com Vítimas Feridas;Plena Noite;Crescente;Céu Claro;Dupla;Reta;Não;1;0;0;1;1;0;0;1;-20,8476;-51,7379;SPRF-MS;DEL07/MS;UOP01-DEL07-MS
747007;21/01/2026;quarta-feira;02:00:00;MS;267;143;NOVA ANDRADINA;Animais na Pista;Atropelamento de Animal;Com Vítimas Fatais;Plena Noite;Decrescente;Céu Claro;Simples;Reta;Não;1;1;0;0;0;0;0;1;-21,70847301;-53,3605957;SPRF-MS;DEL02/MS;UOP03-DEL02-MS
747009;21/01/2026;quarta-feira;03:50:00;GO;153;511;APARECIDA DE GOIANIA;Pedestre andava na pista;Atropelamento de Pedestre;Com Vítimas Feridas;Plena Noite;Crescente;Céu Claro;Dupla;Reta;Sim;2;0;1;0;1;1;0;2;-16,798596;-49,238732;SPRF-GO;DEL01/GO;UOP03-DEL01-GO
747010;21/01/2026;quarta-feira;05:00:00;MG;381;940;EXTREMA;Velocidade Incompatível;Tombamento;Com Vítimas Feridas;Amanhecer;Crescente;Nublado;Dupla;Curva;Não;1;0;1;0;1;0;0;1;-22,82418756;-46,30879496;SPRF-MG;DEL16/MG;UOP03-DEL16-MG
747012;21/01/2026;quarta-feira;06:00:00;SC;101;127;BALNEARIO CAMBORIU;Condutor deixou de manter distância do veículo da frente;Engavetamento;Com Vítimas Feridas;Pleno dia;Decrescente;Céu Claro;Dupla;Curva;Não;5;0;2;0;2;3;0;4;-26,97221969;-48,68255362;SPRF-SC;DEL04/SC;UOP04-DEL04-SC
747015;21/01/2026;quarta-feira;00:10:00;MG;153;33;CANAPOLIS;Ausência de reação do condutor;Saída de leito carroçável;Sem Vítimas;Plena Noite;Crescente;Nublado;Dupla;Rotatória;Não;1;0;0;0;0;0;1;1;-18,70905745;-49,13978577;SPRF-MG;DEL15/MG;UOP03-DEL15-MG
747016;21/01/2026;quarta-feira;06:00:00;SC;101;127;ITAJAI;Avarias e/ou desgaste excessivo no pneu;Tombamento;Com Vítimas Feridas;Pleno dia;Decrescente;Céu Claro;Dupla;Reta;Não;2;0;2;0;2;0;0;1;-26,96215064;-48,6828661;SPRF-SC;DEL04/SC;UOP04-DEL04-SC
747021;21/01/2026;quarta-feira;05:40:00;PR;469;12;FOZ DO IGUACU;Ausência de sinalização;Colisão com objeto;Com Vítimas Feridas;Amanhecer;Decrescente;Céu Claro;Dupla;"Reta;Em Obras";Sim;1;0;1;0;1;0;0;1;-25,58162078;-54,52894449;SPRF-PR;DEL05/PR;UOP04-DEL05-PR
747023;21/01/2026;quarta-feira;01:00:00;MA;135;300;DOM PEDRO;Manobra de mudança de faixa;Colisão frontal;Com Vítimas Fatais;Plena Noite;Decrescente;Chuva;Simples;Curva;Não;2;1;0;0;0;1;0;2;-4,97329003;-44,41098388;SPRF-MA;DEL06-MA;UOP01-DEL06-MA
747025;21/01/2026;quarta-feira;05:50:00;MS;163;313;RIO BRILHANTE;Demais falhas na via;Tombamento;Com Vítimas Feridas;Amanhecer;Crescente;Céu Claro;Dupla;Reta;Não;1;0;1;0;1;0;0;1;-21,8685;-54,527;SPRF-MS;DEL02/MS;UOP02-DEL02-MS
747027;21/01/2026;quarta-feira;07:37:00;SP;116;214,4;GUARULHOS;Acessar a via sem observar a presença dos outros veículos;Colisão lateral mesmo sentido;Com Vítimas Feridas;Pleno dia;Crescente;Nublado;Múltipla;Reta;Sim;2;0;1;0;1;1;0;2;-23,44604461;-46,45292902;SPRF-SP;DEL01/SP;UOP01-DEL01-SP
747028;21/01/2026;quarta-feira;07:30:00;SC;101;219,3;PALHOCA;Ausência de reação do condutor;Colisão com objeto;Com Vítimas Feridas;Pleno dia;Decrescente;Garoa/Chuvisco;Múltipla;"Viaduto;Reta";Sim;1;0;1;0;1;0;0;1;-27,68643;-48,66594;SPRF-SC;DEL01/SC;UOP02-DEL01-SC
747032;21/01/2026;quarta-feira;07:30:00;GO;40;2,5;VALPARAISO DE GOIAS;Trafegar com motocicleta (ou similar) entre as faixas;Colisão lateral mesmo sentido;Com Vítimas Feridas;Pleno dia;Decrescente;Céu Claro;Dupla;"Retorno Regulamentado;Reta";Sim;1;0;0;1;1;0;0;1;-16,07497682;-47,98527431;SPRF-DF;DEL01-DF;UOP01-DEL01-DF
747034;21/01/2026;quarta-feira;07:41:00;RS;158;333;SANTA MARIA;Ausência de reação do condutor;Colisão traseira;Com Vítimas Feridas;Pleno dia;Decrescente;Céu Claro;Dupla;Reta;Não;3;0;1;0;1;2;0;2;-29,70629556;-53,84962175;SPRF-RS;DEL09/RS;UOP01-DEL09-RS
747036;21/01/2026;quarta-feira;08:10:00;SP;116;215;GUARULHOS;Reação tardia ou ineficiente do condutor;Colisão lateral mesmo sentido;Com Vítimas Feridas;Pleno dia;Crescente;Céu Claro;Múltipla;Reta;Sim;2;0;1;0;1;1;0;2;-23,44966112;-46,46153418;SPRF-SP;DEL01/SP;UOP01-DEL01-SP
747037;21/01/2026;quarta-feira;07:50:00;SC;101;205,2;SAO JOSE;Pista Escorregadia;Tombamento;Com Vítimas Feridas;Pleno dia;Crescente;Nublado;Múltipla;Curva;Sim;1;0;1;0;1;0;0;1;-27,58457609;-48,61717192;SPRF-SC;DEL01/SC;UOP01-DEL01-SC
747038;21/01/2026;quarta-feira;08:00:00;GO;40;3,5;VALPARAISO DE GOIAS;Manobra de mudança de faixa;Colisão traseira;Com Vítimas Feridas;Pleno dia;Decrescente;Nublado;Dupla;Reta;Não;3;0;1;0;1;2;0;2;-16,0807683;-47,9857788;SPRF-DF;DEL01-DF;UOP01-DEL01-DF