id;data_inversa;dia_semana;horario;uf;br;km;municipio;causa_acidente;tipo_acidente;classificacao_acidente;fase_dia;sentido_via;condicao_metereologica;tipo_pista;tracado_via;uso_solo;pessoas;mortos;feridos_leves;feridos_graves;feridos;ilesos;ignorados;veiculos;latitude;longitude;regional;delegacia;uop
747733;24/01/2026;sábado;11:30:00;RS;392;3,1;RIO GRANDE;Acessar a via sem observar a presença dos outros veículos;Colisão lateral mesmo sentido;Com Vítimas Feridas;Pleno dia;Crescente;Sol;Simples;Reta;Sim;3;0;1;1;2;0;0;2;-32,13891744;-52,10965633;SPRF-RS;DEL07/RS;UOP02-DEL07-RS
747734;24/01/2026;sábado;11:40:00;ES;262;0,3;VITORIA;Ausência de reação do condutor;Colisão traseira;Com Vítimas Feridas;Pleno dia;Decrescente;Céu Claro;Dupla;"Ponte;Reta";Não;3;0;1;0;1;2;0;2;-20,3187971;-40,3497373;SPRF-ES;DEL01-ES;UOP01-DEL01-ES
747735;24/01/2026;sábado;11:00:00;PR;476;144;CURITIBA;Acessar a via sem observar a presença dos outros veículos;Colisão lateral mesmo sentido;Com Vítimas Feridas;Pleno dia;Crescente;Céu Claro;Dupla;Reta;Sim;2;0;1;0;1;1;0;2;-25,542608;-49,313505;SPRF-PR;DEL01/PR;UOP06-DEL01-PR
747736;24/01/2026;sábado;10:30:00;MA;135;6;SAO LUIS;Acessar a via sem observar a presença dos outros veículos;Colisão lateral mesmo sentido;Sem Vítimas;Pleno dia;Crescente;Céu Claro;Dupla;Reta;Sim;2;0;0;0;0;2;0;2;-2,68824356;-44,29982649;SPRF-MA;DEL01-MA;UOP01-DEL01-MA
747740;24/01/2026;sábado;12:10:00;DF;60;9,2;BRASILIA;Ingestão de álcool pelo condutor;Colisão traseira;Com Vítimas Feridas;Pleno dia;Crescente;Céu Claro;Dupla;"Aclive;Reta";Sim;2;0;1;0;1;1;0;2;-15,90745;-48,143007;SPRF-DF;DEL03-DF;UOP01-DEL03-DF
747741;24/01/2026;sábado;11:50:00;RS;290;6;OSORIO;Demais falhas mecânicas ou elétricas;Incêndio;Sem Vítimas;Pleno dia;Decrescente;Sol;Dupla;Reta;Não;5;0;0;0;0;5;0;1;-29,896517;-50,33449;SPRF-RS;DEL03/RS;UOP01-DEL03-RS
747742;24/01/2026;sábado;12:10:00;MG;381;500;BETIM;Ausência de reação do condutor;Queda de ocupante de veículo;Com Vítimas Feridas;Pleno dia;Crescente;Garoa/Chuvisco;Dupla;"Declive;Reta";Não;2;0;1;1;2;0;0;1;-20,00313078;-44,21258323;SPRF-MG;DEL01/MG;UOP03-DEL01-MG
747743;24/01/2026;sábado;12:05:00;PR;376;183,9;SARANDI;Velocidade Incompatível;Colisão traseira;Com Vítimas Feridas;Pleno dia;Crescente;Céu Claro;Dupla;"Reta;Declive;Em Obras";Sim;4;0;1;1;2;1;0;3;-23,44087889;-51,87251524;SPRF-PR;DEL09/PR;UOP01-DEL09-PR
747744;24/01/2026;sábado;12:00:00;RO;364;603;ITAPUA DO OESTE;Acessar a via sem observar a presença dos outros veículos;Colisão transversal;Com Vítimas Feridas;Pleno dia;Crescente;Céu Claro;Dupla;"Interseção de Vias;Retorno Regulamentado;Curva";Não;5;0;1;0;1;4;0;2;-9,18596045;-63,19483922;SPRF-RO;DEL01-RO;UOP04-DEL01-RO
747745;24/01/2026;sábado;12:15:00;MG;262;433,3;NOVA SERRANA;Acessar a via sem observar a presença dos outros veículos;Colisão lateral mesmo sentido;Com Vítimas Feridas;Pleno dia;Decrescente;Nublado;Dupla;Reta;Sim;2;0;0;1;1;1;0;2;-19,881137;-44,932291;SPRF-MG;DEL08/MG;UOP03-DEL08-MG
747749;24/01/2026;sábado;12:05:00;RO;319;142;PORTO VELHO;Reação tardia ou ineficiente do condutor;Colisão traseira;Sem Vítimas;Pleno dia;Decrescente;Chuva;Dupla;Reta;Sim;3;0;0;0;0;3;0;3;-8,74951396;-63,88783693;SPRF-RO;DEL01-RO;UOP01-DEL01-RO
747750;24/01/2026;sábado;13:50:00;SC;282;17;PALHOCA;Ausência de reação do condutor;Colisão lateral mesmo sentido;Com Vítimas Feridas;Pleno dia;Crescente;Céu Claro;Simples;Reta;Sim;5;0;0;1;1;4;0;2;-27,669657;-48,690739;SPRF-SC;DEL01/SC;UOP02-DEL01-SC
747751;24/01/2026;sábado;10:25:00;SC;282;72;RANCHO QUEIMADO;Ultrapassagem Indevida;Colisão frontal;Com Vítimas Feridas;Pleno dia;Decrescente;Céu Claro;Simples;"Declive;Curva";Não;3;0;0;1;1;2;0;3;-27,68336003;-49,10589361;SPRF-SC;DEL01/SC;UOP03-DEL01-SC
747752;24/01/2026;sábado;14:00:00;SP;381;60,5;MAIRIPORA;Chuva;Capotamento;Com Vítimas Feridas;Pleno dia;Crescente;Chuva;Dupla;"Declive;Curva";Não;2;0;1;0;1;1;0;1;-23,30168927;-46,57147944;SPRF-SP;DEL03/SP;UOP01-DEL03-SP
747753;24/01/2026;sábado;14:05:00;RJ;116;174;SAO JOAO DE MERITI;Entrada inopinada do pedestre;Atropelamento de Pedestre;Com Vítimas Feridas;Pleno dia;Crescente;Nublado;Múltipla;Reta;Não;4;0;0;1;1;2;0;4;-22,79361328;-43,36490167;SPRF-RJ;DEL06/RJ;UOP01-DEL06-RJ
747754;24/01/2026;sábado;13:04:00;MA;10;257;IMPERATRIZ;Transitar no Acostamento;Colisão transversal;Sem Vítimas;Pleno dia;Decrescente;Céu Claro;Simples;Reta;Não;2;0;0;0;0;2;0;2;-5,490385;-47,47218;SPRF-MA;DEL04-MA;UOP01-DEL04-MA
747755;24/01/2026;sábado;14:20:00;SC;101;126;ITAJAI;Trafegar com motocicleta (ou similar) entre as faixas;Colisão traseira;Com Vítimas Feridas;Pleno dia;Crescente;Céu Claro;Dupla;Curva;Não;3;0;1;0;1;2;0;2;-26,956238;-48,67983;SPRF-SC;DEL04/SC;UOP04-DEL04-SC
747756;24/01/2026;sábado;13:40:00;SP;381;65;MAIRIPORA;Reação tardia ou ineficiente do condutor;Saída de leito carroçável;Sem Vítimas;Pleno dia;Decrescente;Garoa/Chuvisco;Dupla;"Aclive;Reta";Sim;1;0;0;0;0;0;1;1;-23,31444878;-46,58214424;SPRF-SP;DEL03/SP;UOP01-DEL03-SP
747757;24/01/2026;sábado;14:30:00;SC;101;276,6;IMBITUBA;Desrespeitar a preferência no cruzamento;Colisão transversal;Com Vítimas Feridas;Pleno dia;Decrescente;Céu Claro;Múltipla;Interseção de Vias;Sim;6;0;1;0;1;5;0;2;-28,16029633;-48,69298339;SPRF-SC;DEL02/SC;UOP03-DEL02-SC
747762;24/01/2026;sábado;15:00:00;GO;60;399;RIO VERDE;Velocidade Incompatível;Capotamento;Com Vítimas Fatais;Pleno dia;Decrescente;Céu Claro;Dupla;Reta;Não;2;1;1;0;1;0;0;1;-17,821987;-51,058335;SPRF-GO;DEL04/GO;UOP02-DEL04-GO
747764;24/01/2026;sábado;15:30:00;RS;290;721;URUGUAIANA;Mal súbito do condutor;Saída de leito carroçável;Sem Vítimas;Pleno dia;Crescente;Céu Claro;Simples;Curva;Sim;1;0;0;0;0;1;0;1;-29,756979;-57,062673;SPRF-RS;DEL13/RS;UOP01-DEL13-RS
747765;24/01/2026;sábado;15:45:00;SC;470;58,4;BLUMENAU;Conversão proibida;Colisão transversal;Com Vítimas Feridas;Pleno dia;Crescente;Sol;Simples;"Aclive;Reta";Sim;2;0;1;0;1;1;0;2;-26,88406493;-49,15013027;SPRF-SC;DEL04/SC;UOP01-DEL04-SC
747766;24/01/2026;sábado;13:40:00;PR;376;183,3;SARANDI;Velocidade Incompatível;Engavetamento;Com Vítimas Feridas;Pleno dia;Crescente;Céu Claro;Dupla;"Em Obras;Reta";Sim;6;0;2;0;2;4;0;5;-23,43826028;-51,8765494;SPRF-PR;DEL09/PR;UOP01-DEL09-PR
747767;24/01/2026;sábado;14:15:00;MG;116;373;FREI INOCENCIO;Acessar a via sem observar a presença dos outros veículos;Colisão transversal;Com Vítimas Feridas;Pleno dia;Crescente;Céu Claro;Simples;Reta;Sim;3;0;2;0;2;1;0;3;-18,56222993;-41,90686433;SPRF-MG;DEL11/MG;UOP01-DEL11-MG
747768;24/01/2026;sábado;15:30:00;MG;262;827;UBERABA;Avarias e/ou desgaste excessivo no pneu;Queda de ocupante de veículo;Com Vítimas Feridas;Pleno dia;Crescente;Céu Claro;Dupla;Reta;Não;2;0;2;0;2;0;0;1;-19,76339;-48,13124;SPRF-MG;DEL13/MG;UOP01-DEL13-MG
747770;24/01/2026;sábado;16:20:00;MG;381;492;BETIM;Ausência de reação do condutor;Colisão com objeto;Com Vítimas Feridas;Pleno dia;Crescente;Céu Claro;Simples;Reta;Sim;1;0;0;1;1;0;0;1;-19,96211636;-44,1630156;SPRF-MG;DEL01/MG;UOP03-DEL01-MG
747773;24/01/2026;sábado;13:00:00;RO;364;424,9;JARU;Ultrapassagem Indevida;Colisão lateral mesmo sentido;Com Vítimas Feridas;Pleno dia;Decrescente;Nublado;Múltipla;"Reta;Interseção de Vias";Sim;2;0;1;0;1;1;0;2;-10,43866599;-62,47095935;SPRF-RO;DEL03-RO;UOP02-DEL03-RO
747776;24/01/2026;sábado;15:55:00;RS;290;90;PORTO ALEGRE;Demais falhas mecânicas ou elétricas;Colisão lateral mesmo sentido;Com Vítimas Feridas;Pleno dia;Decrescente;Céu Claro;Múltipla;Reta;Não;2;0;1;0;1;1;0;2;-29,96840815;-51,15803465;SPRF-RS;DEL01/RS;UOP01-DEL01-RS
747777;24/01/2026;sábado;16:30:00;RS;285;456;IJUI;Desrespeitar a preferência no cruzamento;Colisão transversal;Com Vítimas Feridas;Pleno dia;Decrescente;Céu Claro;Simples;"Reta;Interseção de Vias;Em Obras";Sim;7;0;2;0;2;5;0;2;-28,388062;-53,892128;SPRF-RS;DEL10/RS;UOP01-DEL10-RS
747778;24/01/2026;sábado;13:55:00;AC;364;136;RIO BRANCO;Transitar na contramão;Colisão frontal;Com Vítimas Feridas;Pleno dia;Decrescente;Nublado;Dupla;Reta;Sim;2;0;2;0;2;0;0;2;-9,97774778;-67,84913778;SPRF-AC;DEL01-AC;UOP01-DEL01-AC
747779;24/01/2026;sábado;16:10:00;SC;101;196;BIGUACU;Trafegar com motocicleta (ou similar) entre as faixas;Colisão lateral mesmo sentido;Com Vítimas Feridas;Pleno dia;Decrescente;Sol;Múltipla;Reta;Sim;2;0;1;0;1;1;0;2;-27,50807783;-48,64594314;SPRF-SC;DEL01/SC;UOP01-DEL01-SC
747781;24/01/2026;sábado;15:05:00;RJ;40;82;PETROPOLIS;Acumulo de óleo sobre o pavimento;Tombamento;Com Vítimas Feridas;Pleno dia;Decrescente;Nevoeiro/Neblina;Simples;Reta;Não;2;0;1;0;1;1;0;1;-22,536365;-43,222097;SPRF-RJ;DEL01/RJ;UOP01-DEL01-RJ
747783;24/01/2026;sábado;14:04:00;MS;163;680;RIO VERDE DE MATO GROSSO;Acessar a via sem observar a presença dos outros veículos;Colisão transversal;Com Vítimas Feridas;Pleno dia;Crescente;Céu Claro;Simples;"Interseção de Vias;Reta";Sim;3;0;1;0;1;2;0;2;-18,91122393;-54,83969668;SPRF-MS;DEL06/MS;UOP02-DEL06-MS
747784;24/01/2026;sábado;17:15:00;SC;470;74,5;INDAIAL;Transitar na contramão;Colisão frontal;Com Vítimas Fatais;Pleno dia;Crescente;Nublado;Simples;Reta;Não;6;3;0;0;0;2;0;4;-26,92087;-49,28245;SPRF-SC;DEL04/SC;UOP01-DEL04-SC
747785;24/01/2026;sábado;16:10:00;SP;381;70;MAIRIPORA;Curva acentuada;Tombamento;Sem Vítimas;Pleno dia;Decrescente;Chuva;Dupla;"Curva;Declive";Sim;1;0;0;0;0;1;0;1;-23,3492783;-46,55353244;SPRF-SP;DEL03/SP;UOP01-DEL03-SP
747786;24/01/2026;sábado;17:10:00;PR;277;22,9;MORRETES;Manobra de mudança de faixa;Colisão lateral mesmo sentido;Com Vítimas Feridas;Pleno dia;Decrescente;Nublado;Dupla;"Declive;Reta;Retorno Regulamentado";Não;2;0;1;0;1;1;0;2;-25,52872768;-48,73541292;SPRF-PR;DEL01/PR;UOP05-DEL01-PR
747788;22/01/2026;quinta-feira;12:00:00;MA;222;629;ACAILANDIA;Reação tardia ou ineficiente do condutor;Saída de leito carroçável;Com Vítimas Feridas;Pleno dia;Decrescente;Céu Claro;Simples;Reta;Não;4;0;1;2;3;1;0;1;-4,77899;-47,14276;SPRF-MA;DEL04-MA;UOP03-DEL04-MA
747789;24/01/2026;sábado;16:50:00;PR;369;71;SANTA MARIANA;Acessar a via sem observar a presença dos outros veículos;Colisão transversal;Com Vítimas Feridas;Pleno dia;Crescente;Céu Claro;Simples;"Interseção de Vias;Curva";Não;7;0;4;0;4;3;0;2;-23,14666106;-50,49892394;SPRF-PR;DEL07/PR;UOP05-DEL07-PR
747790;24/01/2026;sábado;16:20:00;PA;316;202;BRAGANCA;Ingestão de álcool pelo condutor;Colisão frontal;Com Vítimas Feridas;Pleno dia;Crescente;Nublado;Simples;Declive;Não;3;0;0;1;1;2;0;2;-1,56672;-46,860886;SPRF-PA;DEL01/PA;UOP03-DEL01-PA
747792;24/01/2026;sábado;15:50:00;PR;277;484,6;NOVA LARANJEIRAS;Condutor deixou de manter distância do veículo da frente;Colisão traseira;Com Vítimas Feridas;Pleno dia;Decrescente;Céu Claro;Simples;"Declive;Reta";Não;2;0;1;0;1;1;0;2;-25,27036;-52,61218;SPRF-PR;DEL04/PR;UOP02-DEL04-PR
747793;24/01/2026;sábado;18:10:00;ES;101;126;SOORETAMA;Velocidade Incompatível;Queda de ocupante de veículo;Com Vítimas Feridas;Anoitecer;Decrescente;Céu Claro;Múltipla;"Aclive;Curva";Não;1;0;1;0;1;0;0;1;-19,19546726;-40,09502141;SPRF-ES;DEL04-ES;UOP01-DEL04-ES
747794;24/01/2026;sábado;17:55:00;PR;376;616;SAO JOSE DOS PINHAIS;Ausência de reação do condutor;Colisão traseira;Com Vítimas Feridas;Anoitecer;Crescente;Céu Claro;Dupla;Reta;Sim;4;0;1;0;1;3;0;2;-25,584593;-49,175573;SPRF-PR;DEL01/PR;UOP04-DEL01-PR
747795;24/01/2026;sábado;16:20:00;RJ;116;82;TERESOPOLIS;Acessar a via sem observar a presença dos outros veículos;Colisão transversal;Com Vítimas Feridas;Pleno dia;Crescente;Nublado;Simples;"Aclive;Reta";Sim;2;0;1;0;1;1;0;2;-22,407399;-42,950862;SPRF-RJ;DEL04/RJ;UOP01-DEL04-RJ
747796;24/01/2026;sábado;14:30:00;MG;116;731,1;LARANJAL;Ausência de reação do condutor;Saída de leito carroçável;Com Vítimas Feridas;Pleno dia;Crescente;Nublado;Simples;Curva;Não;2;0;2;0;2;0;0;1;-21,3256669;-42,45229203;SPRF-MG;DEL07/MG;UOP02-DEL07-MG
747799;24/01/2026;sábado;16:30:00;RJ;393;298;BARRA MANSA;Acessar a via sem observar a presença dos outros veículos;Colisão transversal;Com Vítimas Feridas;Pleno dia;Decrescente;Chuva;Simples;Reta;Não;2;0;1;0;1;1;0;2;-22,55898584;-44,11697388;SPRF-RJ;DEL07/RJ;UOP02-DEL07-RJ
747800;24/01/2026;sábado;16:00:00;SC;282;3,5;FLORIANOPOLIS;Ingestão de álcool pelo condutor;Saída de leito carroçável;Com Vítimas Feridas;Pleno dia;Crescente;Céu Claro;Dupla;Curva;Sim;2;0;2;0;2;0;0;1;-27,59489879;-48,60155106;SPRF-SC;DEL01/SC;UOP01-DEL01-SC
747804;24/01/2026;sábado;18:50:00;ES;101;212;IBIRACU;Transitar na contramão;Colisão transversal;Com Vítimas Feridas;Plena Noite;Decrescente;Céu Claro;Simples;Curva;Não;3;0;1;1;2;1;0;2;-19,81436;-40,365922;SPRF-ES;DEL02-ES;UOP01-DEL02-ES
747805;24/01/2026;sábado;18:20:00;RS;470;234;CARLOS BARBOSA;Velocidade Incompatível;Colisão com objeto;Sem Vítimas;Pleno dia;Crescente;Céu Claro;Simples;"Curva;Declive";Não;1;0;0;0;0;1;0;1;-29,310167;-51,487121;SPRF-RS;DEL06/RS;UOP01-DEL06-RS
747806;24/01/2026;sábado;17:10:00;MG;116;305;ITAMBACURI;Reação tardia ou ineficiente do condutor;Saída de leito carroçável;Com Vítimas Feridas;Pleno dia;Crescente;Nublado;Simples;Curva;Não;1;0;0;1;1;0;0;1;-18,0317909;-41,65298939;SPRF-MG;DEL11/MG;UOP01-DEL11-MG
747807;24/01/2026;sábado;12:10:00;PR;376;228;APUCARANA;Reação tardia ou ineficiente do condutor;Tombamento;Com Vítimas Feridas;Pleno dia;Decrescente;Céu Claro;Dupla;Reta;Não;1;0;1;0;1;0;0;1;-23,56979508;-51,5478816;SPRF-PR;DEL07/PR;UOP03-DEL07-PR
747808;24/01/2026;sábado;18:20:00;MG;262;407,2;IGARATINGA;Acessar a via sem observar a presença dos outros veículos;Colisão traseira;Com Vítimas Feridas;Anoitecer;Crescente;Nublado;Dupla;Retorno Regulamentado;Sim;2;0;1;0;1;1;0;2;-19,89875;-44,69703;SPRF-MG;DEL01/MG;UOP03-DEL01-MG
747809;24/01/2026;sábado;18:40:00;RS;386;241,7;SOLEDADE;Ingestão de álcool pelo condutor;Colisão com objeto;Com Vítimas Feridas;Pleno dia;Crescente;Céu Claro;Simples;Curva;Não;8;0;8;0;8;0;0;3;-28,78053;-52,53292;SPRF-RS;DEL04/RS;UOP03-DEL04-RS
747810;24/01/2026;sábado;18:30:00;PR;476;195,9;LAPA;Frear bruscamente;Queda de ocupante de veículo;Com Vítimas Feridas;Anoitecer;Decrescente;Céu Claro;Dupla;"Curva;Interseção de Vias";Não;2;0;2;0;2;0;0;1;-25,7523857;-49,7243082;SPRF-PR;DEL01/PR;UOP06-DEL01-PR
747814;24/01/2026;sábado;19:15:00;MS;262;378;TERENOS;Acessar a via sem observar a presença dos outros veículos;Colisão transversal;Com Vítimas Feridas;Plena Noite;Crescente;Céu Claro;Simples;Reta;Não;2;0;1;0;1;1;0;2;-20,467564;-54,841169;SPRF-MS;DEL01/MS;UOP03-DEL01-MS
747815;24/01/2026;sábado;19:30:00;MG;459;91,9;CONGONHAL;Objeto estático sobre o leito carroçável;Colisão com objeto;Com Vítimas Feridas;Plena Noite;Decrescente;Chuva;Simples;Curva;Não;1;0;1;0;1;0;0;1;-22,1596206;-46,0067155;SPRF-MG;DEL09/MG;UOP01-DEL09-MG
747816;24/01/2026;sábado;18:35:00;PI;343;346;TERESINA;Manobra de mudança de faixa;Colisão lateral mesmo sentido;Sem Vítimas;Plena Noite;Crescente;Céu Claro;Simples;Reta;Não;2;0;0;0;0;2;0;2;-5,112462;-42,77395;SPRF-PI;DEL01-PI;UOP01-DEL01-PI
747817;24/01/2026;sábado;18:30:00;SE;101;39;JAPARATUBA;Ausência de reação do condutor;Queda de ocupante de veículo;Com Vítimas Feridas;Plena Noite;Decrescente;Céu Claro;Dupla;"Declive;Reta";Não;1;0;1;0;1;0;0;1;-10,51743373;-36,94951057;SPRF-SE;DEL02-SE;UOP02-DEL02-SE
747818;24/01/2026;sábado;11:45:00;RS;392;57;RIO GRANDE;Ausência de reação do condutor;Tombamento;Com Vítimas Feridas;Pleno dia;Decrescente;Céu Claro;Dupla;Reta;Não;1;0;1;0;1;0;0;1;-32,11481808;-52,15732321;SPRF-RS;DEL07/RS;UOP02-DEL07-RS
747819;24/01/2026;sábado;19:55:00;SP;153;44,5;SAO JOSE DO RIO PRETO;Transitar no Acostamento;Colisão traseira;Com Vítimas Feridas;Plena Noite;Decrescente;Céu Claro;Simples;Reta;Sim;2;0;0;1;1;0;0;2;-20,672232;-49,340523;SPRF-SP;DEL09/SP;UOP01-DEL09-SP
747820;24/01/2026;sábado;19:30:00;MS;262;326;CAMPO GRANDE;Entrada inopinada do pedestre;Atropelamento de Pedestre;Com Vítimas Feridas;Plena Noite;Decrescente;Céu Claro;Dupla;Reta;Sim;2;0;1;0;1;1;0;2;-20,46734;-54,540443;SPRF-MS;DEL01/MS;UOP01-DEL01-MS
747821;24/01/2026;sábado;19:54:00;MS;163;688;RIO VERDE DE MATO GROSSO;Ingestão de álcool pelo condutor;Colisão lateral sentido oposto;Com Vítimas Feridas;Plena Noite;Crescente;Céu Claro;Simples;Reta;Não;3;0;0;1;1;2;0;2;-18,855682;-54,821977;SPRF-MS;DEL06/MS;UOP01-DEL06-MS
747822;24/01/2026;sábado;19:50:00;GO;452;129;BOM JESUS DE GOIAS;Ultrapassagem Indevida;Colisão frontal;Com Vítimas Feridas;Plena Noite;Crescente;Céu Claro;Simples;Curva;Não;4;0;3;1;4;0;0;2;-18,19838275;-49,77817059;SPRF-GO;DEL03/GO;UOP02-DEL03-GO
747823;24/01/2026;sábado;20:00:00;PR;163;83;PLANALTO;Velocidade Incompatível;Colisão transversal;Com Vítimas Feridas;Plena Noite;Decrescente;Céu Claro;Simples;"Interseção de Vias;Reta";Sim;2;0;1;0;1;1;0;2;-25,710185;-53,768735;SPRF-PR;DEL02/PR;UOP02-DEL02-PR
747824;24/01/2026;sábado;19:30:00;RS;158;157,2;PANAMBI;Ingestão de álcool pelo condutor;Saída de leito carroçável;Com Vítimas Feridas;Plena Noite;Decrescente;Nublado;Simples;Reta;Sim;1;0;1;0;1;0;0;1;-28,33568;-53,501362;SPRF-RS;DEL10/RS;UOP02-DEL10-RS
747825;24/01/2026;sábado;20:15:00;RJ;116;184;NOVA IGUACU;Acumulo de areia ou detritos sobre o pavimento;Queda de ocupante de veículo;Com Vítimas Feridas;Plena Noite;Decrescente;Garoa/Chuvisco;Dupla;Reta;Sim;1;0;0;1;1;0;0;1;-22,7482717;-43,44376523;SPRF-RJ;DEL06/RJ;UOP01-DEL06-RJ
747826;24/01/2026;sábado;20:40:00;SP;116;169;JACAREI;Entrada inopinada do pedestre;Atropelamento de Pedestre;Com Vítimas Feridas;Pleno dia;Crescente;Céu Claro;Múltipla;Reta;Não;2;0;1;0;1;1;0;2;-23,30742;-46,045905;SPRF-SP;DEL02/SP;UOP01-DEL02-SP
747827;24/01/2026;sábado;18:45:00;SC;282;441,7;PONTE SERRADA;Frear bruscamente;Saída de leito carroçável;Com Vítimas Feridas;Anoitecer;Decrescente;Céu Claro;Dupla;Reta;Não;4;0;2;0;2;2;0;1;-26,91592549;-51,92147104;SPRF-SC;DEL07/SC;UOP04-DEL07-SC
747828;24/01/2026;sábado;20:18:00;MS;163;255;DOURADOS;Pedestre andava na pista;Atropelamento de Pedestre;Com Vítimas Fatais;Plena Noite;Crescente;Céu Claro;Dupla;Declive;Sim;2;1;0;0;0;1;0;2;-22,265521;-54,809341;SPRF-MS;DEL04/MS;UOP01-DEL04-MS
747830;24/01/2026;sábado;19:45:00;RR;174;474;BOA VISTA;Ausência de reação do condutor;Saída de leito carroçável;Com Vítimas Feridas;Plena Noite;Crescente;Céu Claro;Simples;"Reta;Interseção de Vias";Não;1;0;1;0;1;0;0;1;2,65201;-60,8741;SPRF-RR;DEL01-RR;UOP01-DEL01-RR
747834;24/01/2026;sábado;20:35:00;PR;277;663;MATELANDIA;Ausência de reação do condutor;Saída de leito carroçável;Com Vítimas Feridas;Plena Noite;Decrescente;Céu Claro;Dupla;Reta;Não;2;0;1;0;1;1;0;1;-25,252626;-54,000291;SPRF-PR;DEL05/PR;UOP02-DEL05-PR
747836;24/01/2026;sábado;20:30:00;BA;407;4;JUAZEIRO;Ingestão de álcool pelo condutor;Atropelamento de Pedestre;Com Vítimas Feridas;Plena Noite;Decrescente;Céu Claro;Dupla;Reta;Sim;2;0;1;0;1;1;0;2;-9,438427;-40,49474;SPRF-PE;DEL06/PE;UOP01-DEL06-PE
747838;24/01/2026;sábado;16:35:00;AC;307;180;CRUZEIRO DO SUL;Reação tardia ou ineficiente do condutor;Colisão lateral mesmo sentido;Com Vítimas Feridas;Pleno dia;Decrescente;Céu Claro;Simples;Reta;Não;2;0;1;0;1;1;0;2;-7,7190207;-72,6428918;SPRF-AC;DEL01-AC;UOP03-DEL01-AC
747839;24/01/2026;sábado;20:00:00;SC;470;285,4;BRUNOPOLIS;Condutor deixou de manter distância do veículo da frente;Colisão com objeto;Com Vítimas Feridas;Plena Noite;Crescente;Céu Claro;Simples;Reta;Não;1;0;1;0;1;0;0;1;-27,32960892;-50,91974258;SPRF-SC;DEL07/SC;UOP06-DEL07-SC
747841;24/01/2026;sábado;21:15:00;RS;101;23,6;TRES CACHOEIRAS;Animais na Pista;Atropelamento de Animal;Com Vítimas Feridas;Plena Noite;Crescente;Céu Claro;Dupla;Reta;Sim;1;0;1;0;1;0;0;1;-29,45119215;-49,91805553;SPRF-RS;DEL03/RS;UOP02-DEL03-RS
747844;24/01/2026;sábado;21:55:00;MG;381;935;EXTREMA;Condutor usando celular;Colisão com objeto;Sem Vítimas;Plena Noite;Decrescente;Nublado;Dupla;Curva;Não;1;0;0;0;0;0;1;1;-22,808375;-46,266789;SPRF-MG;DEL16/MG;UOP03-DEL16-MG
747845;24/01/2026;sábado;20:40:00;RS;158;565;SANTANA DO LIVRAMENTO;Acesso irregular;Colisão transversal;Com Vítimas Feridas;Plena Noite;Decrescente;Céu Claro;Simples;Interseção de Vias;Sim;3;0;1;0;1;2;0;2;-30,87398884;-55,51117943;SPRF-RS;DEL11/RS;UOP01-DEL11-RS
747846;24/01/2026;sábado;21:00:00;GO;50;106;CRISTALINA;Ausência de reação do condutor;Colisão com objeto;Sem Vítimas;Plena Noite;Crescente;Chuva;Dupla;Reta;Não;1;0;0;0;0;0;1;1;-16,82763671;-47,67387629;SPRF-DF;DEL01-DF;UOP02-DEL01-DF
747850;24/01/2026;sábado;23:00:00;SP;116;157;SAO JOSE DOS CAMPOS;Reação tardia ou ineficiente do condutor;Colisão com objeto;Sem Vítimas;Plena Noite;Crescente;Céu Claro;Dupla;Reta;Sim;1;0;0;0;0;0;1;1;-23,24468183;-45,92701289;SPRF-SP;DEL02/SP;UOP01-DEL02-SP
747851;24/01/2026;sábado;22:18:00;SC;163;71,2;SAO MIGUEL DO OESTE;Ingestão de álcool pelo condutor;Colisão lateral mesmo sentido;Com Vítimas Feridas;Plena Noite;Crescente;Céu Claro;Dupla;"Retorno Regulamentado;Reta;Interseção de Vias";Sim;3;0;1;0;1;1;0;3;-26,7266105;-53,5128768;SPRF-SC;DEL07/SC;UOP03-DEL07-SC
747852;24/01/2026;sábado;22:50:00;PR;116;86;PIRAQUARA;Velocidade Incompatível;Tombamento;Com Vítimas Feridas;Plena Noite;Crescente;Céu Claro;Dupla;Reta;Não;1;0;1;0;1;0;0;1;-25,46135391;-49,0888958;SPRF-PR;DEL01/PR;UOP02-DEL01-PR
747853;24/01/2026;sábado;22:10:00;GO;40;81;CRISTALINA;Chuva;Saída de leito carroçável;Sem Vítimas;Plena Noite;Crescente;Chuva;Simples;"Aclive;Curva";Não;1;0;0;0;0;1;0;1;-16,665;-47,719;SPRF-DF;DEL01-DF;UOP02-DEL01-DF
747854;24/01/2026;sábado;22:50:00;SC;101;81;BARRA VELHA;Reação tardia ou ineficiente do condutor;Colisão com objeto;Sem Vítimas;Plena Noite;Decrescente;Nublado;Dupla;Reta;Não;2;0;0;0;0;0;1;1;-26,61046;-48,72228;SPRF-SC;DEL03/SC;UOP02-DEL03-SC
747855;24/01/2026;sábado;20:40:00;MA;316;607;TIMON;Ingestão de álcool pelo condutor;Colisão traseira;Com Vítimas Fatais;Plena Noite;Crescente;Céu Claro;Simples;Reta;Não;3;1;0;1;1;0;0;2;-5,055612;-42,901772;SPRF-MA;DEL03-MA;UOP02-DEL03-MA
747857;24/01/2026;sábado;18:45:00;RS;468;121;TIRADENTES DO SUL;Reação tardia ou ineficiente do condutor;Colisão frontal;Com Vítimas Feridas;Pleno dia;Decrescente;Céu Claro;Simples;Reta;Não;3;0;2;1;3;0;0;2;-27,4038;-54,0713;SPRF-RS;DEL08/RS;UOP02-DEL08-RS