id;data_inversa;dia_semana;horario;uf;br;km;municipio;causa_acidente;tipo_acidente;classificacao_acidente;fase_dia;sentido_via;condicao_metereologica;tipo_pista;tracado_via;uso_solo;pessoas;mortos;feridos_leves;feridos_graves;feridos;ilesos;ignorados;veiculos;latitude;longitude;regional;delegacia;uop
747976;25/01/2026;domingo;10:20:00;MS;262;318;CAMPO GRANDE;Velocidade Incompatível;Colisão com objeto;Com Vítimas Feridas;Pleno dia;Decrescente;Céu Claro;Simples;Reta;Não;1;0;0;1;1;0;0;1;-20,47132525;-54,44858551;SPRF-MS;DEL01/MS;UOP01-DEL01-MS
747977;25/01/2026;domingo;20:30:00;PR;376;45,6;NOVA LONDRINA;Reação tardia ou ineficiente do condutor;Colisão com objeto;Com Vítimas Feridas;Plena Noite;Crescente;Céu Claro;Simples;"Rotatória;Reta";Não;8;0;2;0;2;6;0;2;-22,86028196;-52,96635316;SPRF-PR;DEL09/PR;UOP02-DEL09-PR
747978;25/01/2026;domingo;17:09:00;MT;174;8;PONTES E LACERDA;Ingestão de álcool pelo condutor;Saída de leito carroçável;Sem Vítimas;Pleno dia;Decrescente;Nublado;Simples;Curva;Não;2;0;0;0;0;1;0;2;-15,203163;-59,366312;SPRF-MT;DEL04/MT;UOP01-DEL04-MT
747979;25/01/2026;domingo;21:45:00;MA;222;673;ACAILANDIA;Ingestão de álcool pelo condutor;Colisão traseira;Sem Vítimas;Plena Noite;Crescente;Céu Claro;Simples;Reta;Sim;2;0;0;0;0;2;0;2;-4,95481;-47,49008;SPRF-MA;DEL04-MA;UOP03-DEL04-MA
747982;25/01/2026;domingo;18:50:00;BA;324;622;SALVADOR;Ingestão de álcool pelo condutor;Colisão traseira;Com Vítimas Feridas;Plena Noite;Decrescente;Céu Claro;Dupla;Reta;Sim;2;0;1;0;1;1;0;2;-12,931836;-38,471007;SPRF-BA;DEL01/BA;UOP01-DEL01-BA
747983;25/01/2026;domingo;11:20:00;SP;153;258,4;MARILIA;Ausência de reação do condutor;Queda de ocupante de veículo;Com Vítimas Feridas;Pleno dia;Decrescente;Céu Claro;Simples;Aclive;Não;1;0;1;0;1;0;0;1;-22,255434;-49,921877;SPRF-SP;DEL07/SP;UOP02-DEL07-SP
747985;25/01/2026;domingo;14:40:00;PR;376;385,2;IMBAU;Ausência de reação do condutor;Tombamento;Com Vítimas Feridas;Pleno dia;Crescente;Sol;Dupla;Declive;Não;2;0;1;1;2;0;0;1;-24,475686;-50,73767;SPRF-PR;DEL03/PR;UOP02-DEL03-PR
747986;26/01/2026;segunda-feira;01:06:00;SP;116;230;SAO PAULO;Ingestão de álcool pelo condutor;Colisão com objeto;Com Vítimas Feridas;Plena Noite;Decrescente;Nublado;Múltipla;Reta;Sim;2;0;1;0;1;1;0;1;-23,518793;-46,581831;SPRF-SP;DEL01/SP;UOP01-DEL01-SP
747988;26/01/2026;segunda-feira;00:00:00;SC;470;87,6;ASCURRA;Velocidade Incompatível;Colisão traseira;Com Vítimas Feridas;Plena Noite;Crescente;Céu Claro;Simples;Reta;Sim;6;0;2;0;2;4;0;2;-26,952047;-49,37081;SPRF-SC;DEL04/SC;UOP01-DEL04-SC
747989;25/01/2026;domingo;20:25:00;PR;277;677,7;MEDIANEIRA;Pedestre cruzava a pista fora da faixa;Atropelamento de Pedestre;Com Vítimas Fatais;Plena Noite;Crescente;Céu Claro;Dupla;Reta;Sim;4;1;1;0;1;0;0;2;-25,30198947;-54,12928647;SPRF-PR;DEL05/PR;UOP01-DEL05-PR
747990;25/01/2026;domingo;19:30:00;MG;381;378;SAO GONCALO DO RIO ABAIXO;Ausência de reação do condutor;Colisão lateral sentido oposto;Com Vítimas Feridas;Plena Noite;Decrescente;Céu Claro;Simples;"Curva;Declive";Não;2;0;0;1;1;1;0;2;-19,83502313;-43,36878777;SPRF-MG;DEL01/MG;UOP01-DEL01-MG
747991;25/01/2026;domingo;19:00:00;CE;222;324,2;TIANGUA;Entrada inopinada do pedestre;Atropelamento de Pedestre;Com Vítimas Fatais;Plena Noite;Decrescente;Nublado;Simples;Reta;Não;2;1;0;0;0;0;0;2;-3,79837692;-41,07100368;SPRF-CE;DEL04/CE;UOP02-DEL04-CE
747992;25/01/2026;domingo;18:40:00;CE;222;40;CAUCAIA;Animais na Pista;Atropelamento de Animal;Com Vítimas Feridas;Plena Noite;Crescente;Céu Claro;Simples;Reta;Não;2;0;2;0;2;0;0;1;-3,68263;-38,921125;SPRF-CE;DEL01/CE;UOP03-DEL01-CE
747993;25/01/2026;domingo;15:39:00;PR;277;662,8;MATELANDIA;Reação tardia ou ineficiente do condutor;Saída de leito carroçável;Com Vítimas Feridas;Pleno dia;Crescente;Céu Claro;Dupla;Reta;Não;1;0;1;0;1;0;0;1;-25,25248724;-54,00258478;SPRF-PR;DEL05/PR;UOP02-DEL05-PR
747994;25/01/2026;domingo;20:55:00;PB;230;7,1;CABEDELO;Ausência de reação do condutor;Colisão com objeto;Com Vítimas Feridas;Plena Noite;Decrescente;Céu Claro;Múltipla;"Reta;Em Obras";Sim;1;0;0;1;1;0;0;1;-7,02919;-34,839912;SPRF-PB;DEL01-PB;UOP01-DEL01-PB
747995;25/01/2026;domingo;12:10:00;RS;386;435,5;NOVA SANTA RITA;Ausência de reação do condutor;Saída de leito carroçável;Com Vítimas Feridas;Pleno dia;Decrescente;Sol;Dupla;Reta;Sim;1;0;1;0;1;0;0;1;-29,849785;-51,267532;SPRF-RS;DEL04/RS;UOP02-DEL04-RS
747997;25/01/2026;domingo;14:50:00;PR;376;467,3;PONTA GROSSA;Manobra de mudança de faixa;Colisão traseira;Com Vítimas Feridas;Pleno dia;Crescente;Sol;Dupla;Reta;Não;5;0;1;0;1;4;0;2;-25,03068;-50,30967;SPRF-PR;DEL03/PR;UOP01-DEL03-PR
747998;25/01/2026;domingo;12:45:00;RS;116;252;SAPUCAIA DO SUL;Demais falhas mecânicas ou elétricas;Tombamento;Com Vítimas Feridas;Pleno dia;Crescente;Céu Claro;Dupla;"Viaduto;Reta;Declive";Sim;2;0;2;0;2;0;0;1;-29,8195404;-51,170735;SPRF-RS;DEL01/RS;UOP02-DEL01-RS
747999;25/01/2026;domingo;19:20:00;SE;101;87,6;NOSSA SENHORA DO SOCORRO;Ausência de reação do condutor;Colisão com objeto;Sem Vítimas;Plena Noite;Decrescente;Céu Claro;Dupla;"Declive;Reta";Não;1;0;0;0;0;1;0;1;-10,869317;-37,134499;SPRF-SE;DEL01-SE;UOP01-DEL01-SE
748000;25/01/2026;domingo;16:00:00;PR;376;491,6;PONTA GROSSA;Mal súbito do condutor;Saída de leito carroçável;Com Vítimas Feridas;Pleno dia;Decrescente;Sol;Dupla;"Aclive;Reta";Sim;1;0;0;1;1;0;0;1;-25,145578;-50,152593;SPRF-PR;DEL03/PR;UOP03-DEL03-PR
748003;26/01/2026;segunda-feira;02:00:00;SC;101;204,5;SAO JOSE;Ingestão de álcool pelo condutor;Tombamento;Com Vítimas Feridas;Plena Noite;Decrescente;Céu Claro;Múltipla;Reta;Sim;1;0;0;1;1;0;0;1;-27,57861;-48,6136;SPRF-SC;DEL01/SC;UOP01-DEL01-SC
748004;26/01/2026;segunda-feira;02:00:00;RS;158;331;SANTA MARIA;Reação tardia ou ineficiente do condutor;Tombamento;Com Vítimas Feridas;Plena Noite;Crescente;Céu Claro;Dupla;Rotatória;Sim;1;0;1;0;1;0;0;1;-29,700901;-53,841793;SPRF-RS;DEL09/RS;UOP01-DEL09-RS
748005;26/01/2026;segunda-feira;03:20:00;CE;20;307,6;CANINDE;Condutor Dormindo;Colisão frontal;Com Vítimas Feridas;Plena Noite;Crescente;Céu Claro;Simples;Reta;Sim;5;0;1;1;2;3;0;2;-4,350518;-39,300177;SPRF-CE;DEL02/CE;UOP01-DEL02-CE
748007;25/01/2026;domingo;17:05:00;SC;101;154,8;PORTO BELO;Ultrapassagem Indevida;Colisão lateral mesmo sentido;Com Vítimas Feridas;Anoitecer;Decrescente;Sol;Dupla;Reta;Não;4;0;2;0;2;1;0;3;-27,162003;-48,61114;SPRF-SC;DEL04/SC;UOP03-DEL04-SC
748009;25/01/2026;domingo;21:20:00;MG;116;752,3;LEOPOLDINA;Demais falhas mecânicas ou elétricas;Incêndio;Sem Vítimas;Plena Noite;Decrescente;Nublado;Simples;Reta;Não;1;0;0;0;0;1;0;1;-21,42462711;-42,50988007;SPRF-MG;DEL07/MG;UOP01-DEL07-MG
748010;25/01/2026;domingo;13:54:00;SC;101;25;JOINVILLE;Afundamento ou ondulação no pavimento;Eventos atípicos;Com Vítimas Feridas;Pleno dia;Decrescente;Nublado;Simples;Reta;Sim;2;0;2;0;2;0;0;1;-26,18058194;-48,90908285;SPRF-SC;DEL03/SC;UOP01-DEL03-SC
748011;25/01/2026;domingo;18:10:00;SC;101;147,7;ITAPEMA;Reação tardia ou ineficiente do condutor;Tombamento;Com Vítimas Feridas;Anoitecer;Decrescente;Sol;Múltipla;Reta;Sim;1;0;1;0;1;0;0;1;-27,088817;-48,612445;SPRF-SC;DEL04/SC;UOP03-DEL04-SC
748012;26/01/2026;segunda-feira;03:00:00;MS;60;67;PARAISO DAS AGUAS;Ausência de reação do condutor;Saída de leito carroçável;Sem Vítimas;Plena Noite;Crescente;Nublado;Simples;Curva;Não;1;0;0;0;0;0;1;1;-19,065062;-53,029499;SPRF-MS;DEL06/MS;UOP02-DEL06-MS
748013;26/01/2026;segunda-feira;02:02:00;SC;101;149,8;ITAPEMA;Velocidade Incompatível;Saída de leito carroçável;Com Vítimas Feridas;Plena Noite;Crescente;Céu Claro;Múltipla;Reta;Sim;1;0;1;0;1;0;0;1;-27,115423;-48,60989;SPRF-SC;DEL04/SC;UOP03-DEL04-SC
748016;25/01/2026;domingo;15:50:00;PR;153;352,8;REBOUCAS;Reação tardia ou ineficiente do condutor;Saída de leito carroçável;Com Vítimas Feridas;Pleno dia;Decrescente;Céu Claro;Simples;Reta;Não;3;0;2;0;2;0;0;1;-25,626926;-50,722799;SPRF-PR;DEL08/PR;UOP02-DEL08-PR
748017;25/01/2026;domingo;17:15:00;PE;101;56,8;RECIFE;Ausência de reação do condutor;Colisão traseira;Com Vítimas Feridas;Pleno dia;Crescente;Céu Claro;Dupla;Reta;Sim;2;0;0;1;1;1;0;2;-7,9626978;-34,915416;SPRF-PE;DEL01/PE;UOP02-DEL01-PE
748018;26/01/2026;segunda-feira;05:15:00;GO;50;266,7;CATALAO;Condutor Dormindo;Saída de leito carroçável;Sem Vítimas;Amanhecer;Decrescente;Céu Claro;Dupla;Reta;Não;2;0;0;0;0;2;0;1;-18,085652;-47,870113;SPRF-GO;DEL06/GO;UOP01-DEL06-GO
748019;26/01/2026;segunda-feira;04:45:00;SP;116;281;EMBU DAS ARTES;Ausência de reação do condutor;Colisão traseira;Com Vítimas Feridas;Plena Noite;Decrescente;Nublado;Dupla;Reta;Não;2;0;1;0;1;1;0;2;-23,65389079;-46,84843912;SPRF-SP;DEL04/SP;UOP01-DEL04-SP
748020;25/01/2026;domingo;12:40:00;RJ;116;238;PIRAI;Demais falhas mecânicas ou elétricas;Incêndio;Sem Vítimas;Pleno dia;Crescente;Nublado;Dupla;Reta;Não;1;0;0;0;0;1;0;1;-22,61987977;-43,92687798;SPRF-RJ;DEL07/RJ;UOP01-DEL07-RJ
748022;25/01/2026;domingo;19:00:00;RJ;101;95;CAMPOS DOS GOYTACAZES;Pedestre andava na pista;Atropelamento de Pedestre;Com Vítimas Fatais;Plena Noite;Crescente;Ignorado;Dupla;Reta;Não;2;1;0;0;0;0;0;2;-21,869922;-41,552745;SPRF-RJ;DEL08/RJ;UOP02-DEL08-RJ
748023;26/01/2026;segunda-feira;05:00:00;SC;101;30;JOINVILLE;Ingestão de álcool pelo condutor;Colisão com objeto;Com Vítimas Feridas;Plena Noite;Decrescente;Céu Claro;Múltipla;Reta;Não;1;0;1;0;1;0;0;1;-26,22927835;-48,91660452;SPRF-SC;DEL03/SC;UOP01-DEL03-SC
748024;25/01/2026;domingo;19:30:00;SC;101;109,9;PENHA;Condutor deixou de manter distância do veículo da frente;Tombamento;Com Vítimas Feridas;Anoitecer;Crescente;Céu Claro;Dupla;Reta;Não;2;0;1;1;2;0;0;1;-26,83509992;-48,70651245;SPRF-SC;DEL03/SC;UOP02-DEL03-SC
748025;25/01/2026;domingo;10:00:00;MA;10;241,5;IMPERATRIZ;Acessar a via sem observar a presença dos outros veículos;Colisão frontal;Com Vítimas Fatais;Pleno dia;Decrescente;Sol;Simples;Reta;Não;3;1;0;0;0;2;0;2;-5,614128;-47,41684;SPRF-MA;DEL04-MA;UOP01-DEL04-MA
748026;26/01/2026;segunda-feira;05:00:00;BA;101;705;EUNAPOLIS;Acessar a via sem observar a presença dos outros veículos;Colisão transversal;Com Vítimas Feridas;Amanhecer;Decrescente;Céu Claro;Simples;Reta;Não;4;0;0;2;2;2;0;2;-16,291291;-39,586735;SPRF-BA;DEL09/BA;UOP01-DEL09-BA
748027;25/01/2026;domingo;15:10:00;GO;60;236,1;INDIARA;Acumulo de água sobre o pavimento;Saída de leito carroçável;Com Vítimas Feridas;Pleno dia;Crescente;Chuva;Dupla;"Aclive;Reta";Não;2;0;2;0;2;0;0;1;-17,090286;-49,855346;SPRF-GO;DEL01/GO;UOP02-DEL01-GO
748030;25/01/2026;domingo;06:30:00;SC;282;368,8;ERVAL VELHO;Ingestão de álcool pelo condutor;Saída de leito carroçável;Com Vítimas Feridas;Pleno dia;Decrescente;Céu Claro;Simples;Reta;Sim;1;0;1;0;1;0;0;1;-27,284264;-51,433896;SPRF-SC;DEL07/SC;UOP05-DEL07-SC
748031;25/01/2026;domingo;07:00:00;MG;381;776;CAMPANHA;Chuva;Colisão com objeto;Com Vítimas Feridas;Pleno dia;Decrescente;Chuva;Dupla;Curva;Não;2;0;1;0;1;1;0;1;-21,795633;-45,453604;SPRF-MG;DEL16/MG;UOP02-DEL16-MG
748033;25/01/2026;domingo;09:15:00;MS;163;187,7;JUTI;Ausência de reação do condutor;Tombamento;Com Vítimas Feridas;Pleno dia;Decrescente;Céu Claro;Simples;"Reta;Aclive";Não;2;0;2;0;2;0;0;1;-22,798924;-54,740115;SPRF-MS;DEL09/MS;UOP01-DEL09-MS
748034;25/01/2026;domingo;21:12:00;TO;153;136;ARAGUAINA;Ausência de reação do condutor;Queda de ocupante de veículo;Com Vítimas Feridas;Plena Noite;Crescente;Céu Claro;Dupla;Reta;Sim;1;0;1;0;1;0;0;1;-7,153842;-48,203963;SPRF-TO;DEL02-TO;UOP01-DEL02-TO
748035;25/01/2026;domingo;18:40:00;BA;420;232;LAJE;Ausência de reação do condutor;Colisão lateral sentido oposto;Com Vítimas Feridas;Plena Noite;Decrescente;Céu Claro;Simples;Reta;Não;2;0;1;0;1;1;0;2;-13,170592;-39,350608;SPRF-BA;DEL11/BA;UOP01-DEL11-BA
748036;25/01/2026;domingo;19:15:00;MA;10;245,6;IMPERATRIZ;Transitar no Acostamento;Colisão frontal;Com Vítimas Feridas;Plena Noite;Decrescente;Nublado;Dupla;Aclive;Não;2;0;2;0;2;0;0;2;-5,583745;-47,437212;SPRF-MA;DEL04-MA;UOP01-DEL04-MA
748037;25/01/2026;domingo;19:00:00;PI;230;309;FLORIANO;Acessar a via sem observar a presença dos outros veículos;Colisão transversal;Sem Vítimas;Plena Noite;Crescente;Céu Claro;Simples;Reta;Sim;2;0;0;0;0;2;0;2;-6,77235253;-43,00715089;SPRF-PI;DEL03-PI;UOP01-DEL03-PI
748038;25/01/2026;domingo;18:30:00;BA;367;23;PORTO SEGURO;Acessar a via sem observar a presença dos outros veículos;Queda de ocupante de veículo;Sem Vítimas;Plena Noite;Crescente;Céu Claro;Simples;Reta;Sim;2;0;0;0;0;2;0;2;-16,4368055;-39,07817602;SPRF-BA;DEL09/BA;UOP03-DEL09-BA
748039;25/01/2026;domingo;21:10:00;RS;285;220,4;CASEIROS;Ingestão de álcool pelo condutor;Capotamento;Com Vítimas Feridas;Pleno dia;Crescente;Céu Claro;Simples;Reta;Não;1;0;1;0;1;0;0;1;-28,2515792;-51,72533736;SPRF-RS;DEL08/RS;UOP05-DEL08-RS
748040;25/01/2026;domingo;23:30:00;RS;116;108;SAO MARCOS;Animais na Pista;Atropelamento de Animal;Com Vítimas Fatais;Plena Noite;Crescente;Céu Claro;Simples;Reta;Não;1;1;0;0;0;0;0;1;-28,92473444;-51,10031812;SPRF-RS;DEL05/RS;UOP01-DEL05-RS
748041;25/01/2026;domingo;21:15:00;MG;381;719,7;CARMO DA CACHOEIRA;Velocidade Incompatível;Saída de leito carroçável;Com Vítimas Feridas;Plena Noite;Crescente;Chuva;Dupla;"Aclive;Curva";Não;2;0;1;0;1;1;0;1;-21,422037;-45,212888;SPRF-MG;DEL04/MG;UOP02-DEL04-MG
748042;25/01/2026;domingo;21:00:00;BA;415;19;ILHEUS;Reação tardia ou ineficiente do condutor;Saída de leito carroçável;Com Vítimas Feridas;Plena Noite;Decrescente;Nublado;Dupla;Reta;Não;3;0;1;0;1;2;0;2;-14,79483929;-39,1149135;SPRF-BA;DEL05/BA;UOP01-DEL05-BA
748043;25/01/2026;domingo;19:00:00;RS;153;105,3;COXILHA;Velocidade Incompatível;Colisão com objeto;Sem Vítimas;Anoitecer;Crescente;Céu Claro;Simples;"Curva;Declive";Não;1;0;0;0;0;0;1;1;-28,10734;-52,39295;SPRF-RS;DEL08/RS;UOP03-DEL08-RS
748045;25/01/2026;domingo;20:40:00;PA;163;634;TRAIRAO;Reação tardia ou ineficiente do condutor;Queda de ocupante de veículo;Com Vítimas Feridas;Plena Noite;Crescente;Céu Claro;Simples;Reta;Não;1;0;1;0;1;0;0;1;-4,63289035;-55,9526825;SPRF-PA;DEL05/PA;UOP03-DEL05-PA
748047;25/01/2026;domingo;18:50:00;GO;364;193;JATAI;Ingestão de álcool pelo condutor;Saída de leito carroçável;Com Vítimas Feridas;Anoitecer;Crescente;Nublado;Dupla;"Declive;Reta";Não;3;0;3;0;3;0;0;1;-17,922407;-51,704927;SPRF-GO;DEL05/GO;UOP01-DEL05-GO
748048;25/01/2026;domingo;21:24:00;PA;163;618;TRAIRAO;Reação tardia ou ineficiente do condutor;Queda de ocupante de veículo;Sem Vítimas;Plena Noite;Crescente;Céu Claro;Simples;Reta;Não;1;0;0;0;0;0;1;1;-4,72527854;-56,03199005;SPRF-PA;DEL05/PA;UOP03-DEL05-PA
748049;25/01/2026;domingo;20:25:00;RS;158;218,5;CRUZ ALTA;Acessar a via sem observar a presença dos outros veículos;Colisão traseira;Com Vítimas Fatais;Plena Noite;Decrescente;Céu Claro;Simples;Reta;Não;4;1;0;0;0;2;0;3;-28,848369;-53,613436;SPRF-RS;DEL10/RS;UOP02-DEL10-RS
748051;25/01/2026;domingo;16:47:00;SP;116;144;SAO JOSE DOS CAMPOS;Reação tardia ou ineficiente do condutor;Queda de ocupante de veículo;Com Vítimas Feridas;Pleno dia;Crescente;Céu Claro;Dupla;Aclive;Sim;2;0;1;1;2;0;0;1;-23,18131569;-45,84373679;SPRF-SP;DEL02/SP;UOP01-DEL02-SP
748052;26/01/2026;segunda-feira;00:30:00;MG;267;217,7;BOM JARDIM DE MINAS;Velocidade Incompatível;Saída de leito carroçável;Com Vítimas Fatais;Plena Noite;Crescente;Chuva;Simples;"Curva;Declive";Não;5;2;0;1;1;0;0;2;-21,94113481;-44,2168808;SPRF-MG;DEL17/MG;UOP01-DEL17-MG
748053;25/01/2026;domingo;13:10:00;RO;364;792;PORTO VELHO;Chuva;Saída de leito carroçável;Sem Vítimas;Pleno dia;Crescente;Chuva;Simples;Reta;Não;2;0;0;0;0;2;0;1;-9,22513234;-64,34452057;SPRF-RO;DEL01-RO;UOP02-DEL01-RO
748054;26/01/2026;segunda-feira;06:12:00;AL;101;184,6;JUNQUEIRO;Velocidade Incompatível;Colisão traseira;Com Vítimas Feridas;Pleno dia;Crescente;Céu Claro;Dupla;Reta;Sim;6;0;2;4;6;0;0;2;-9,89827;-36,44013;SPRF-AL;DEL02-AL;UOP02-DEL02-AL
748056;26/01/2026;segunda-feira;07:10:00;RJ;101;308;SAO GONCALO;Reação tardia ou ineficiente do condutor;Colisão lateral mesmo sentido;Com Vítimas Feridas;Pleno dia;Crescente;Nublado;Dupla;Reta;Não;3;0;1;0;1;2;0;3;-22,79287859;-43,02315831;SPRF-RJ;DEL02/RJ;UOP02-DEL02-RJ
748061;25/01/2026;domingo;11:00:00;AL;101;64;MESSIAS;Avarias e/ou desgaste excessivo no pneu;Queda de ocupante de veículo;Com Vítimas Feridas;Pleno dia;Decrescente;Céu Claro;Dupla;Curva;Não;2;0;2;0;2;0;0;1;-9,29307167;-35,81860542;SPRF-AL;DEL01-AL;UOP02-DEL01-AL
748062;26/01/2026;segunda-feira;07:00:00;RN;101;75;SAO GONCALO DO AMARANTE;Acessar a via sem observar a presença dos outros veículos;Colisão transversal;Com Vítimas Feridas;Pleno dia;Crescente;Céu Claro;Simples;Interseção de Vias;Não;4;0;2;1;3;1;0;3;-5,7181943;-35,27454313;SPRF-RN;DEL02-RN;UOP01-DEL02-RN
748063;25/01/2026;domingo;22:40:00;SP;101;48;UBATUBA;Trafegar com motocicleta (ou similar) entre as faixas;Colisão lateral mesmo sentido;Com Vítimas Feridas;Plena Noite;Decrescente;Céu Claro;Simples;Reta;Sim;2;0;1;0;1;1;0;2;-23,43788938;-45,08782566;SPRF-SP;DEL06/SP;UOP01-DEL06-SP
748064;25/01/2026;domingo;04:00:00;MG;116;571;MANHUACU;Condutor Dormindo;Saída de leito carroçável;Com Vítimas Feridas;Plena Noite;Crescente;Nublado;Simples;Curva;Não;1;0;1;0;1;0;0;1;-20,121233;-42,176365;SPRF-MG;DEL06/MG;UOP03-DEL06-MG
748067;25/01/2026;domingo;20:50:00;RJ;40;117;DUQUE DE CAXIAS;Manobra de mudança de faixa;Colisão lateral mesmo sentido;Sem Vítimas;Plena Noite;Crescente;Garoa/Chuvisco;Múltipla;Reta;Sim;2;0;0;0;0;2;0;2;-22,74693689;-43,28827858;SPRF-RJ;DEL01/RJ;UOP02-DEL01-RJ
748068;26/01/2026;segunda-feira;00:15:00;BA;116;219;EUCLIDES DA CUNHA;Animais na Pista;Atropelamento de Animal;Com Vítimas Feridas;Plena Noite;Decrescente;Céu Claro;Simples;Reta;Não;1;0;1;0;1;0;0;1;-10,5293323;-39,00180817;SPRF-BA;DEL07/BA;UOP03-DEL07-BA
748069;19/01/2026;segunda-feira;06:40:00;PR;277;138;BALSA NOVA;Chuva;Tombamento;Com Vítimas Feridas;Amanhecer;Decrescente;Chuva;Dupla;"Curva;Declive";Não;1;0;0;1;1;0;0;1;-25,47687319;-49,63942615;SPRF-PR;DEL01/PR;UOP07-DEL01-PR
748071;25/01/2026;domingo;01:30:00;MG;381;212,5;BELO ORIENTE;Transitar na contramão;Colisão frontal;Com Vítimas Feridas;Plena Noite;Crescente;Céu Claro;Simples;Reta;Não;3;0;1;1;2;0;0;2;-19,24754477;-42,33821869;SPRF-MG;DEL06/MG;UOP01-DEL06-MG
748072;26/01/2026;segunda-feira;07:20:00;SC;101;203;SAO JOSE;Demais falhas mecânicas ou elétricas;Tombamento;Com Vítimas Feridas;Pleno dia;Crescente;Céu Claro;Dupla;"Reta;Aclive";Sim;2;0;2;0;2;0;0;1;-27,56530342;-48,61428436;SPRF-SC;DEL01/SC;UOP01-DEL01-SC
748073;26/01/2026;segunda-feira;07:00:00;MG;262;359;JUATUBA;Ausência de reação do condutor;Saída de leito carroçável;Com Vítimas Feridas;Pleno dia;Decrescente;Nublado;Dupla;"Reta;Declive";Não;5;0;0;2;2;2;0;3;-19,9726026;-44,30991054;SPRF-MG;DEL01/MG;UOP03-DEL01-MG
748074;26/01/2026;segunda-feira;07:17:00;MG;381;744;TRES CORACOES;Velocidade Incompatível;Saída de leito carroçável;Sem Vítimas;Amanhecer;Crescente;Nublado;Dupla;Curva;Não;1;0;0;0;0;1;0;1;-21,69017875;-45,34923119;SPRF-MG;DEL16/MG;UOP02-DEL16-MG
748076;25/01/2026;domingo;15:40:00;PE;407;129;PETROLINA;Condutor deixou de manter distância do veículo da frente;Tombamento;Com Vítimas Feridas;Pleno dia;Decrescente;Céu Claro;Dupla;Ponte;Sim;1;0;1;0;1;0;0;1;-9,40034841;-40,50418703;SPRF-PE;DEL06/PE;UOP01-DEL06-PE
748079;25/01/2026;domingo;19:30:00;PR;476;268;SAO MATEUS DO SUL;Acessar a via sem observar a presença dos outros veículos;Atropelamento de Animal;Com Vítimas Fatais;Anoitecer;Decrescente;Céu Claro;Simples;Reta;Não;3;1;2;0;2;0;0;2;-25,898;-50,323;SPRF-PR;DEL02/PR;UOP03-DEL02-PR
748080;25/01/2026;domingo;11:00:00;RJ;116;278;BARRA MANSA;Chuva;Queda de ocupante de veículo;Com Vítimas Feridas;Pleno dia;Decrescente;Chuva;Dupla;Reta;Sim;1;0;1;0;1;0;0;1;-22,5531258;-44,17683475;SPRF-RJ;DEL07/RJ;UOP02-DEL07-RJ
748081;26/01/2026;segunda-feira;08:21:00;PE;101;87,7;JABOATAO DOS GUARARAPES;Condutor deixou de manter distância do veículo da frente;Colisão traseira;Sem Vítimas;Pleno dia;Decrescente;Sol;Dupla;Reta;Sim;2;0;0;0;0;2;0;2;-8,19571;-34,976585;SPRF-PE;DEL01/PE;UOP01-DEL01-PE
748082;26/01/2026;segunda-feira;08:00:00;PB;230;156;CAMPINA GRANDE;Acessar a via sem observar a presença dos outros veículos;Colisão transversal;Com Vítimas Feridas;Pleno dia;Decrescente;Céu Claro;Simples;Reta;Sim;3;0;2;0;2;0;0;2;-7,263078;-35,921152;SPRF-PB;DEL02-PB;UOP01-DEL02-PB
748083;26/01/2026;segunda-feira;07:40:00;RJ;101;311;SAO GONCALO;Avarias e/ou desgaste excessivo no pneu;Queda de ocupante de veículo;Com Vítimas Feridas;Amanhecer;Crescente;Chuva;Dupla;Reta;Sim;2;0;1;1;2;0;0;1;-22,80087032;-43,05370331;SPRF-RJ;DEL02/RJ;UOP02-DEL02-RJ
748086;26/01/2026;segunda-feira;07:20:00;MG;381;622,7;OLIVEIRA;Chuva;Saída de leito carroçável;Sem Vítimas;Pleno dia;Decrescente;Chuva;Dupla;Curva;Não;1;0;0;0;0;1;0;1;-20,823847;-44,80108;SPRF-MG;DEL04/MG;UOP01-DEL04-MG
748087;26/01/2026;segunda-feira;08:00:00;PR;476;119,1;COLOMBO;Trafegar com motocicleta (ou similar) entre as faixas;Colisão lateral mesmo sentido;Com Vítimas Feridas;Pleno dia;Crescente;Céu Claro;Múltipla;Reta;Sim;3;0;0;1;1;2;0;3;-25,362158;-49,184537;SPRF-PR;DEL01/PR;UOP01-DEL01-PR
748088;26/01/2026;segunda-feira;08:40:00;DF;20;9;BRASILIA;Ausência de reação do condutor;Colisão lateral mesmo sentido;Com Vítimas Feridas;Pleno dia;Decrescente;Céu Claro;Simples;Reta;Sim;2;0;1;0;1;1;0;2;-15,65367;-47,782737;SPRF-DF;DEL02-DF;UOP01-DEL02-DF
748089;26/01/2026;segunda-feira;07:30:00;BA;324;566;SAO SEBASTIAO DO PASSE;Ausência de reação do condutor;Engavetamento;Com Vítimas Feridas;Pleno dia;Decrescente;Céu Claro;Dupla;Reta;Não;5;0;1;0;1;4;0;5;-12,5335054;-38,598401;SPRF-BA;DEL01/BA;UOP01-DEL01-BA
748091;26/01/2026;segunda-feira;08:50:00;CE;116;20;EUSEBIO;Reação tardia ou ineficiente do condutor;Colisão traseira;Sem Vítimas;Pleno dia;Decrescente;Garoa/Chuvisco;Dupla;Reta;Não;2;0;0;0;0;2;0;2;-3,92403582;-38,5076135;SPRF-CE;DEL01/CE;UOP02-DEL01-CE