id;data_inversa;dia_semana;horario;uf;br;km;municipio;causa_acidente;tipo_acidente;classificacao_acidente;fase_dia;sentido_via;condicao_metereologica;tipo_pista;tracado_via;uso_solo;pessoas;mortos;feridos_leves;feridos_graves;feridos;ilesos;ignorados;veiculos;latitude;longitude;regional;delegacia;uop
748628;29/01/2026;quinta-feira;02:00:00;PR;369;198;APUCARANA;Reação tardia ou ineficiente do condutor;Saída de leito carroçável;Sem Vítimas;Plena Noite;Decrescente;Nublado;Dupla;Reta;Sim;1;0;0;0;0;1;0;1;-23,509133;-51,425898;SPRF-PR;DEL07/PR;UOP03-DEL07-PR
748630;29/01/2026;quinta-feira;06:45:00;ES;101;83;SAO MATEUS;Ultrapassagem Indevida;Colisão frontal;Com Vítimas Feridas;Pleno dia;Decrescente;Céu Claro;Simples;Reta;Não;3;0;1;2;3;0;0;2;-18,81680864;-39,90315311;SPRF-ES;DEL04-ES;UOP02-DEL04-ES
748631;29/01/2026;quinta-feira;06:20:00;MG;381;2;BETIM;Ausência de reação do condutor;Saída de leito carroçável;Com Vítimas Feridas;Pleno dia;Decrescente;Nublado;Dupla;Curva;Não;1;0;1;0;1;0;0;1;-19,978148;-44,160426;SPRF-MG;DEL01/MG;UOP03-DEL01-MG
748633;29/01/2026;quinta-feira;07:00:00;MG;381;373;SAO GONCALO DO RIO ABAIXO;Velocidade Incompatível;Saída de leito carroçável;Com Vítimas Feridas;Pleno dia;Decrescente;Céu Claro;Simples;Curva;Não;2;0;0;2;2;0;0;1;-19,83726866;-43,37088525;SPRF-MG;DEL01/MG;UOP01-DEL01-MG
748634;29/01/2026;quinta-feira;06:30:00;MG;116;415,5;GOVERNADOR VALADARES;Acessar a via sem observar a presença dos outros veículos;Colisão transversal;Com Vítimas Feridas;Pleno dia;Decrescente;Céu Claro;Simples;"Reta;Retorno Regulamentado";Sim;3;0;2;0;2;1;0;2;-18,89155818;-41,9449532;SPRF-MG;DEL06/MG;UOP01-DEL06-MG
748636;29/01/2026;quinta-feira;06:25:00;MG;262;357;BETIM;Ausência de reação do condutor;Saída de leito carroçável;Sem Vítimas;Pleno dia;Decrescente;Céu Claro;Simples;Reta;Não;1;0;0;0;0;0;1;1;-19,98394116;-44,23814267;SPRF-MG;DEL01/MG;UOP03-DEL01-MG
748637;29/01/2026;quinta-feira;07:00:00;PB;230;1,3;PATOS;Acessar a via sem observar a presença dos outros veículos;Colisão transversal;Com Vítimas Feridas;Pleno dia;Crescente;Céu Claro;Simples;Curva;Não;2;0;1;0;1;0;0;2;-7,011305;-37,28939;SPRF-PB;DEL01-PB;UOP01-DEL01-PB
748638;29/01/2026;quinta-feira;07:00:00;MA;316;269;BELA VISTA DO MARANHAO;Ingestão de álcool pelo condutor;Saída de leito carroçável;Sem Vítimas;Pleno dia;Crescente;Céu Claro;Simples;Reta;Sim;1;0;0;0;0;1;0;1;-3,698148;-45,320601;SPRF-MA;DEL02-MA;UOP01-DEL02-MA
748639;29/01/2026;quinta-feira;07:20:00;PR;369;158;CAMBE;Frear bruscamente;Queda de ocupante de veículo;Com Vítimas Feridas;Pleno dia;Decrescente;Céu Claro;Dupla;Reta;Sim;2;0;2;0;2;0;0;1;-23,28544886;-51,23553364;SPRF-PR;DEL07/PR;UOP01-DEL07-PR
748641;25/01/2026;domingo;12:20:00;SC;101;117;ITAJAI;Manobra de mudança de faixa;Colisão lateral mesmo sentido;Com Vítimas Feridas;Pleno dia;Decrescente;Céu Claro;Dupla;Reta;Sim;2;0;1;0;1;1;0;2;-26,8967361;-48,71848583;SPRF-SC;DEL04/SC;UOP04-DEL04-SC
748642;29/01/2026;quinta-feira;08:10:00;ES;101;268;SERRA;Trafegar com motocicleta (ou similar) entre as faixas;Colisão lateral mesmo sentido;Com Vítimas Feridas;Pleno dia;Crescente;Céu Claro;Múltipla;Reta;Sim;4;0;0;1;1;3;0;4;-20,20480334;-40,26935148;SPRF-ES;DEL02-ES;UOP01-DEL02-ES
748644;29/01/2026;quinta-feira;07:20:00;SC;280;28;ARAQUARI;Acessar a via sem observar a presença dos outros veículos;Colisão transversal;Com Vítimas Feridas;Pleno dia;Decrescente;Nublado;Simples;Reta;Não;2;0;2;0;2;0;0;2;-26,40725961;-48,74858944;SPRF-SC;DEL03/SC;UOP03-DEL03-SC
748645;29/01/2026;quinta-feira;07:30:00;SP;116;50,5;LORENA;Animais na Pista;Atropelamento de Animal;Com Vítimas Feridas;Pleno dia;Crescente;Céu Claro;Dupla;Reta;Não;1;0;1;0;1;0;0;1;-22,73872;-45,088485;SPRF-SP;DEL08/SP;UOP02-DEL08-SP
748647;29/01/2026;quinta-feira;08:25:00;RS;116;39,3;VACARIA;Desrespeitar a preferência no cruzamento;Colisão transversal;Com Vítimas Feridas;Pleno dia;Crescente;Céu Claro;Simples;"Rotatória;Em Obras;Viaduto;Interseção de Vias";Sim;2;0;1;0;1;1;0;2;-28,51385934;-50,93474634;SPRF-RS;DEL05/RS;UOP03-DEL05-RS
748648;29/01/2026;quinta-feira;07:30:00;RJ;116;206;SEROPEDICA;Pedestre cruzava a pista fora da faixa;Atropelamento de Pedestre;Com Vítimas Feridas;Pleno dia;Crescente;Céu Claro;Dupla;Reta;Não;2;0;1;0;1;1;0;2;-22,716415;-43,715611;SPRF-RJ;DEL06/RJ;UOP02-DEL06-RJ
748649;29/01/2026;quinta-feira;08:30:00;PE;232;9,2;JABOATAO DOS GUARARAPES;Condutor deixou de manter distância do veículo da frente;Colisão traseira;Com Vítimas Feridas;Pleno dia;Crescente;Céu Claro;Dupla;Reta;Sim;2;0;0;1;1;1;0;2;-8,07806;-34,98079;SPRF-PE;DEL01/PE;UOP01-DEL01-PE
748650;29/01/2026;quinta-feira;07:00:00;PR;153;2;IMBITUVA;Velocidade Incompatível;Colisão traseira;Com Vítimas Feridas;Pleno dia;Decrescente;Céu Claro;Simples;"Reta;Interseção de Vias";Sim;4;0;3;1;4;0;0;2;-25,19858378;-50,59834664;SPRF-PR;DEL08/PR;UOP02-DEL08-PR
748652;29/01/2026;quinta-feira;08:30:00;DF;20;8;BRASILIA;Condutor desrespeitou a iluminação vermelha do semáforo;Colisão transversal;Com Vítimas Feridas;Pleno dia;Decrescente;Sol;Dupla;Interseção de Vias;Sim;2;0;0;1;1;1;0;2;-15,65580186;-47,78122903;SPRF-DF;DEL02-DF;UOP01-DEL02-DF
748653;29/01/2026;quinta-feira;08:10:00;PR;369;130;JATAIZINHO;Acumulo de óleo sobre o pavimento;Tombamento;Com Vítimas Feridas;Pleno dia;Crescente;Céu Claro;Dupla;Curva;Não;1;0;1;0;1;0;0;1;-23,257177;-50,983825;SPRF-PR;DEL07/PR;UOP01-DEL07-PR
748654;29/01/2026;quinta-feira;07:20:00;AL;424;103,9;MARECHAL DEODORO;Ausência de reação do condutor;Colisão traseira;Com Vítimas Feridas;Pleno dia;Crescente;Céu Claro;Dupla;"Reta;Em Obras";Não;3;0;0;1;1;2;0;2;-9,685215;-35,826434;SPRF-AL;DEL02-AL;UOP01-DEL02-AL
748655;29/01/2026;quinta-feira;08:15:00;CE;116;15;FORTALEZA;Ausência de reação do condutor;Colisão traseira;Sem Vítimas;Pleno dia;Decrescente;Chuva;Dupla;Reta;Sim;2;0;0;0;0;2;0;2;-3,88221755;-38,50099388;SPRF-CE;DEL01/CE;UOP02-DEL01-CE
748656;29/01/2026;quinta-feira;09:00:00;SP;153;173,8;GUAICARA;Pista Escorregadia;Queda de ocupante de veículo;Com Vítimas Feridas;Pleno dia;Decrescente;Céu Claro;Simples;Reta;Não;2;0;2;0;2;0;0;1;-21,629217;-49,787567;SPRF-SP;DEL07/SP;UOP01-DEL07-SP
748658;29/01/2026;quinta-feira;08:15:00;RR;401;20;CANTA;Avarias e/ou desgaste excessivo no pneu;Saída de leito carroçável;Com Vítimas Feridas;Pleno dia;Decrescente;Céu Claro;Dupla;Reta;Sim;4;0;3;0;3;0;0;2;2,79799622;-60,63463625;SPRF-RR;DEL01-RR;UOP01-DEL01-RR
748659;26/01/2026;segunda-feira;09:00:00;RJ;40;116;DUQUE DE CAXIAS;Trafegar com motocicleta (ou similar) entre as faixas;Colisão lateral mesmo sentido;Com Vítimas Feridas;Pleno dia;Crescente;Céu Claro;Dupla;Reta;Não;3;0;1;0;1;2;0;2;-22,73650186;-43,28860895;SPRF-RJ;DEL01/RJ;UOP02-DEL01-RJ
748660;29/01/2026;quinta-feira;08:53:00;RJ;116;276;BARRA MANSA;Demais falhas mecânicas ou elétricas;Eventos atípicos;Sem Vítimas;Pleno dia;Crescente;Céu Claro;Dupla;Reta;Sim;2;0;0;0;0;2;0;1;-22,54554215;-44,18504683;SPRF-RJ;DEL07/RJ;UOP02-DEL07-RJ
748661;29/01/2026;quinta-feira;09:45:00;SC;101;93,3;BARRA VELHA;Ultrapassagem Indevida;Colisão lateral mesmo sentido;Com Vítimas Feridas;Pleno dia;Crescente;Garoa/Chuvisco;Dupla;Reta;Não;5;0;4;0;4;1;0;2;-26,69654511;-48,69895935;SPRF-SC;DEL03/SC;UOP02-DEL03-SC
748662;29/01/2026;quinta-feira;10:50:00;RS;116;269;CANOAS;Demais falhas mecânicas ou elétricas;Tombamento;Com Vítimas Feridas;Pleno dia;Crescente;Céu Claro;Dupla;Reta;Sim;2;0;2;0;2;0;0;1;-29,96324756;-51,17648594;SPRF-RS;DEL01/RS;UOP01-DEL01-RS
748663;29/01/2026;quinta-feira;10:25:00;PI;343;342;TERESINA;Condutor deixou de manter distância do veículo da frente;Colisão traseira;Com Vítimas Feridas;Pleno dia;Crescente;Céu Claro;Simples;Reta;Sim;2;0;1;0;1;1;0;2;-5,08315477;-42,75149256;SPRF-PI;DEL01-PI;UOP01-DEL01-PI
748664;29/01/2026;quinta-feira;10:40:00;ES;101;147;LINHARES;Reação tardia ou ineficiente do condutor;Engavetamento;Com Vítimas Feridas;Pleno dia;Crescente;Céu Claro;Dupla;Reta;Sim;5;0;1;0;1;4;0;3;-19,39531898;-40,06498083;SPRF-ES;DEL04-ES;UOP01-DEL04-ES
748665;25/01/2026;domingo;21:45:00;PR;116;140;MANDIRITUBA;Ausência de reação do condutor;Colisão traseira;Com Vítimas Feridas;Plena Noite;Crescente;Nublado;Dupla;"Reta;Aclive";Sim;2;0;1;0;1;1;0;2;-25,767469;-49,321965;SPRF-PR;DEL01/PR;UOP03-DEL01-PR
748666;29/01/2026;quinta-feira;10:30:00;DF;20;2;BRASILIA;Avarias e/ou desgaste excessivo no pneu;Queda de ocupante de veículo;Com Vítimas Feridas;Pleno dia;Crescente;Céu Claro;Dupla;Reta;Sim;1;0;1;0;1;0;0;1;-15,682071;-47,838237;SPRF-DF;DEL02-DF;UOP01-DEL02-DF
748667;25/01/2026;domingo;19:20:00;PR;116;149,9;MANDIRITUBA;Ingestão de álcool pelo condutor;Colisão traseira;Sem Vítimas;Plena Noite;Crescente;Céu Claro;Simples;Reta;Não;2;0;0;0;0;1;0;2;-25,842639;-49,347625;SPRF-PR;DEL01/PR;UOP03-DEL01-PR
748668;29/01/2026;quinta-feira;11:00:00;SC;101;216,4;PALHOCA;Acumulo de óleo sobre o pavimento;Tombamento;Com Vítimas Feridas;Pleno dia;Crescente;Céu Claro;Dupla;Retorno Regulamentado;Sim;2;0;1;0;1;1;0;2;-27,66259609;-48,67614985;SPRF-SC;DEL01/SC;UOP02-DEL01-SC
748671;29/01/2026;quinta-feira;07:30:00;PR;376;221,4;CAMBIRA;Velocidade Incompatível;Saída de leito carroçável;Com Vítimas Feridas;Pleno dia;Decrescente;Céu Claro;Dupla;Curva;Não;1;0;1;0;1;0;0;1;-23,60213829;-51,6009593;SPRF-PR;DEL09/PR;UOP01-DEL09-PR
748676;29/01/2026;quinta-feira;09:30:00;MG;50;174;UBERABA;Ausência de reação do condutor;Atropelamento de Pedestre;Com Vítimas Feridas;Pleno dia;Decrescente;Céu Claro;Simples;"Curva;Em Obras";Sim;3;0;1;0;1;1;0;2;-19,77141;-47,97263;SPRF-MG;DEL13/MG;UOP01-DEL13-MG
748677;29/01/2026;quinta-feira;07:50:00;MG;40;238;SAO GONCALO DO ABAETE;Reação tardia ou ineficiente do condutor;Colisão lateral mesmo sentido;Com Vítimas Feridas;Pleno dia;Crescente;Céu Claro;Dupla;Reta;Não;5;0;5;0;5;0;0;2;-18,0520434;-45,5177552;SPRF-MG;DEL14/MG;UOP02-DEL14-MG
748680;29/01/2026;quinta-feira;11:40:00;PR;369;148;LONDRINA;Condutor desrespeitou a iluminação vermelha do semáforo;Colisão transversal;Com Vítimas Feridas;Pleno dia;Crescente;Céu Claro;Dupla;Interseção de Vias;Sim;2;0;1;0;1;1;0;2;-23,292876;-51,14311;SPRF-PR;DEL07/PR;UOP01-DEL07-PR
748682;29/01/2026;quinta-feira;12:30:00;TO;153;410;MIRANORTE;Reação tardia ou ineficiente do condutor;Colisão frontal;Com Vítimas Fatais;Pleno dia;Decrescente;Céu Claro;Simples;Reta;Não;7;1;0;6;6;0;0;2;-9,49384729;-48,58550191;SPRF-TO;DEL02-TO;UOP02-DEL02-TO
748684;29/01/2026;quinta-feira;12:11:00;PE;232;9,7;JABOATAO DOS GUARARAPES;Mal súbito do condutor;Colisão traseira;Sem Vítimas;Pleno dia;Decrescente;Céu Claro;Dupla;Reta;Sim;9;0;0;0;0;9;0;3;-8,07933;-34,98799;SPRF-PE;DEL01/PE;UOP01-DEL01-PE
748685;29/01/2026;quinta-feira;11:20:00;SC;101;141;BALNEARIO CAMBORIU;Manobra de mudança de faixa;Tombamento;Com Vítimas Feridas;Pleno dia;Crescente;Nublado;Múltipla;"Declive;Curva";Sim;1;0;0;1;1;0;0;1;-27,05406496;-48,60008241;SPRF-SC;DEL04/SC;UOP03-DEL04-SC
748687;29/01/2026;quinta-feira;12:45:00;PE;101;60;RECIFE;Acessar a via sem observar a presença dos outros veículos;Colisão transversal;Com Vítimas Feridas;Pleno dia;Crescente;Sol;Dupla;Interseção de Vias;Não;2;0;1;0;1;1;0;2;-7,98783398;-34,93404508;SPRF-PE;DEL01/PE;UOP02-DEL01-PE
748688;29/01/2026;quinta-feira;12:50:00;GO;60;81,2;ANAPOLIS;Ausência de reação do condutor;Saída de leito carroçável;Com Vítimas Feridas;Pleno dia;Decrescente;Céu Claro;Dupla;Curva;Não;2;0;1;0;1;1;0;1;-16,312753;-48,830309;SPRF-GO;DEL02/GO;UOP01-DEL02-GO
748691;29/01/2026;quinta-feira;12:44:00;RN;226;3,8;NATAL;Acessar a via sem observar a presença dos outros veículos;Colisão transversal;Sem Vítimas;Pleno dia;Decrescente;Céu Claro;Simples;Reta;Sim;3;0;0;0;0;3;0;2;-5,819737;-35,258968;SPRF-RN;DEL01-RN;UOP02-DEL01-RN
748693;29/01/2026;quinta-feira;12:00:00;RJ;493;98;JAPERI;Ausência de reação do condutor;Queda de ocupante de veículo;Com Vítimas Feridas;Pleno dia;Decrescente;Céu Claro;Dupla;Reta;Não;1;0;1;0;1;0;0;1;-22,66283515;-43,62526983;SPRF-RJ;DEL01/RJ;UOP03-DEL01-RJ
748696;29/01/2026;quinta-feira;13:50:00;BA;324;3;FEIRA DE SANTANA;Acessar a via sem observar a presença dos outros veículos;Colisão traseira;Com Vítimas Feridas;Pleno dia;Decrescente;Céu Claro;Dupla;Reta;Sim;3;0;2;0;2;0;0;2;-12,27716093;-38,93966675;SPRF-BA;DEL02/BA;UOP01-DEL02-BA
748697;25/01/2026;domingo;19:00:00;RJ;101;544;PARATY;Transitar na contramão;Colisão frontal;Com Vítimas Fatais;Plena Noite;Crescente;Chuva;Simples;Reta;Não;2;1;0;1;1;0;0;2;-23,04713674;-44,60412741;SPRF-RJ;DEL03/RJ;UOP04-DEL03-RJ
748698;17/01/2026;sábado;21:20:00;ES;101;256;SERRA;Reação tardia ou ineficiente do condutor;Colisão transversal;Com Vítimas Feridas;Plena Noite;Crescente;Céu Claro;Simples;"Reta;Aclive";Não;3;0;1;1;2;1;0;2;-20,120703;-40,308191;SPRF-ES;DEL02-ES;UOP01-DEL02-ES
748704;29/01/2026;quinta-feira;11:51:00;RO;364;350;JI-PARANA;Ausência de reação do condutor;Colisão lateral mesmo sentido;Com Vítimas Feridas;Pleno dia;Decrescente;Céu Claro;Simples;Reta;Não;3;0;1;0;1;1;0;3;-10,843435;-62,002258;SPRF-RO;DEL02-RO;UOP01-DEL02-RO
748705;29/01/2026;quinta-feira;14:10:00;SC;101;132;BALNEARIO CAMBORIU;Ausência de reação do condutor;Tombamento;Com Vítimas Feridas;Pleno dia;Crescente;Céu Claro;Dupla;Reta;Sim;1;0;1;0;1;0;0;1;-26,9988;-48,648862;SPRF-SC;DEL04/SC;UOP03-DEL04-SC
748706;29/01/2026;quinta-feira;14:00:00;SP;153;61;SAO JOSE DO RIO PRETO;Reação tardia ou ineficiente do condutor;Engavetamento;Com Vítimas Feridas;Pleno dia;Crescente;Sol;Dupla;Reta;Sim;4;0;1;0;1;3;0;4;-20,803457;-49,355757;SPRF-SP;DEL09/SP;UOP01-DEL09-SP
748710;29/01/2026;quinta-feira;13:15:00;RJ;116;123;MAGE;Condutor Dormindo;Colisão traseira;Com Vítimas Feridas;Pleno dia;Decrescente;Céu Claro;Múltipla;Reta;Não;2;0;1;0;1;0;0;2;-22,63646896;-43,05744156;SPRF-RJ;DEL04/RJ;UOP02-DEL04-RJ
748712;29/01/2026;quinta-feira;12:00:00;RJ;101;301;SAO GONCALO;Reação tardia ou ineficiente do condutor;Engavetamento;Com Vítimas Feridas;Pleno dia;Decrescente;Sol;Dupla;Reta;Sim;4;0;1;0;1;3;0;3;-22,77832204;-42,95611089;SPRF-RJ;DEL02/RJ;UOP02-DEL02-RJ
748717;29/01/2026;quinta-feira;11:45:00;MS;163;21;MUNDO NOVO;Ultrapassagem Indevida;Colisão lateral mesmo sentido;Com Vítimas Feridas;Pleno dia;Decrescente;Céu Claro;Simples;Aclive;Não;4;0;3;0;3;0;0;2;-23,917595;-54,290082;SPRF-MS;DEL09/MS;UOP02-DEL09-MS
748718;29/01/2026;quinta-feira;07:00:00;PR;369;140,6;IBIPORA;Reação tardia ou ineficiente do condutor;Atropelamento de Pedestre;Com Vítimas Feridas;Pleno dia;Crescente;Céu Claro;Múltipla;Reta;Sim;3;0;1;0;1;1;0;3;-23,28628114;-51,0752004;SPRF-PR;DEL07/PR;UOP01-DEL07-PR
748719;29/01/2026;quinta-feira;15:48:00;SE;235;10;NOSSA SENHORA DO SOCORRO;Conversão proibida;Colisão frontal;Com Vítimas Feridas;Pleno dia;Decrescente;Sol;Simples;Declive;Sim;3;0;3;0;3;0;0;2;-10,87844578;-37,15398073;SPRF-SE;DEL01-SE;UOP01-DEL01-SE
748726;26/01/2026;segunda-feira;01:48:00;RJ;465;22,5;RIO DE JANEIRO;Ultrapassagem Indevida;Colisão frontal;Com Vítimas Feridas;Plena Noite;Crescente;Vento;Simples;Reta;Não;3;0;0;2;2;1;0;2;-22,86556325;-43,60022485;SPRF-RJ;DEL03/RJ;UOP01-DEL03-RJ
748727;29/01/2026;quinta-feira;15:34:00;PI;343;5;TERESINA;Condutor deixou de manter distância do veículo da frente;Colisão traseira;Com Vítimas Feridas;Pleno dia;Decrescente;Céu Claro;Simples;Ponte;Sim;3;0;1;0;1;2;0;3;-5,08344331;-42,79659659;SPRF-PI;DEL05-PI;UOP01-DEL05-PI
748728;29/01/2026;quinta-feira;16:20:00;ES;101;188;ARACRUZ;Acessar a via sem observar a presença dos outros veículos;Colisão transversal;Com Vítimas Feridas;Pleno dia;Crescente;Céu Claro;Simples;Reta;Não;6;0;2;0;2;4;0;2;-19,57856074;-40,18671155;SPRF-ES;DEL04-ES;UOP01-DEL04-ES
748730;29/01/2026;quinta-feira;16:00:00;SP;116;63;GUARATINGUETA;Demais falhas mecânicas ou elétricas;Tombamento;Com Vítimas Feridas;Pleno dia;Crescente;Nublado;Dupla;Reta;Não;2;0;2;0;2;0;0;1;-22,81561;-45,1805;SPRF-SP;DEL08/SP;UOP01-DEL08-SP
748732;29/01/2026;quinta-feira;15:35:00;RS;101;16,1;DOM PEDRO DE ALCANTARA;Velocidade Incompatível;Saída de leito carroçável;Com Vítimas Feridas;Pleno dia;Decrescente;Chuva;Dupla;Reta;Não;4;0;2;0;2;2;0;1;-29,414618;-49,859007;SPRF-RS;DEL03/RS;UOP02-DEL03-RS
748733;29/01/2026;quinta-feira;15:33:00;SP;116;229,9;SAO PAULO;Reação tardia ou ineficiente do condutor;Engavetamento;Com Vítimas Feridas;Pleno dia;Decrescente;Nublado;Múltipla;Reta;Sim;5;0;1;0;1;4;0;4;-23,51368277;-46,57681847;SPRF-SP;DEL01/SP;UOP01-DEL01-SP
748734;29/01/2026;quinta-feira;14:00:00;RO;421;11;ARIQUEMES;Pista esburacada;Queda de ocupante de veículo;Com Vítimas Feridas;Pleno dia;Decrescente;Céu Claro;Simples;"Declive;Reta";Não;1;0;1;0;1;0;0;1;-9,97375;-63,128221;SPRF-RO;DEL03-RO;UOP01-DEL03-RO
748735;29/01/2026;quinta-feira;15:20:00;MG;116;407;GOVERNADOR VALADARES;Manobra de mudança de faixa;Colisão lateral mesmo sentido;Com Vítimas Feridas;Pleno dia;Crescente;Céu Claro;Dupla;Reta;Não;4;0;1;0;1;3;0;2;-18,8416;-41,98397;SPRF-MG;DEL06/MG;UOP01-DEL06-MG
748737;29/01/2026;quinta-feira;16:05:00;PR;376;258;CALIFORNIA;Acumulo de água sobre o pavimento;Tombamento;Com Vítimas Feridas;Pleno dia;Decrescente;Chuva;Simples;Curva;Não;1;0;1;0;1;0;0;1;-23,68285177;-51,35029241;SPRF-PR;DEL07/PR;UOP03-DEL07-PR
748738;29/01/2026;quinta-feira;16:50:00;PI;343;348;TERESINA;Reação tardia ou ineficiente do condutor;Colisão traseira;Com Vítimas Feridas;Pleno dia;Crescente;Céu Claro;Dupla;Reta;Sim;2;0;1;0;1;1;0;2;-5,12155429;-42,79234797;SPRF-PI;DEL01-PI;UOP01-DEL01-PI
748740;29/01/2026;quinta-feira;14:45:00;PR;277;404,1;CANDOI;Demais falhas mecânicas ou elétricas;Incêndio;Sem Vítimas;Pleno dia;Decrescente;Céu Claro;Simples;"Reta;Aclive";Não;1;0;0;0;0;1;0;1;-25,45844547;-51,9640553;SPRF-PR;DEL04/PR;UOP02-DEL04-PR
748741;29/01/2026;quinta-feira;16:10:00;SC;280;27,8;ARAQUARI;Trafegar com motocicleta (ou similar) entre as faixas;Colisão lateral mesmo sentido;Com Vítimas Feridas;Pleno dia;Decrescente;Garoa/Chuvisco;Simples;Reta;Não;2;0;1;0;1;1;0;2;-26,410237;-48,752393;SPRF-SC;DEL03/SC;UOP03-DEL03-SC
748745;29/01/2026;quinta-feira;13:30:00;RS;158;175,4;PEJUCARA;Mal súbito do condutor;Saída de leito carroçável;Com Vítimas Feridas;Pleno dia;Crescente;Céu Claro;Simples;"Reta;Em Obras";Não;2;0;2;0;2;0;0;1;-28,47700305;-53,54714569;SPRF-RS;DEL10/RS;UOP02-DEL10-RS
748747;22/01/2026;quinta-feira;05:00:00;BA;324;576;SAO SEBASTIAO DO PASSE;Demais falhas mecânicas ou elétricas;Incêndio;Sem Vítimas;Plena Noite;Crescente;Ignorado;Dupla;Reta;Não;1;0;0;0;0;0;1;1;-12,5838686;-38,53163838;SPRF-BA;DEL01/BA;UOP01-DEL01-BA
748748;29/01/2026;quinta-feira;13:40:00;RS;287;334,3;SAO VICENTE DO SUL;Reação tardia ou ineficiente do condutor;Saída de leito carroçável;Com Vítimas Feridas;Pleno dia;Crescente;Céu Claro;Simples;Curva;Não;1;0;0;1;1;0;0;1;-29,644622;-54,679536;SPRF-RS;DEL12/RS;UOP02-DEL12-RS
748750;29/01/2026;quinta-feira;17:15:00;SC;282;3;FLORIANOPOLIS;Reação tardia ou ineficiente do condutor;Tombamento;Com Vítimas Feridas;Pleno dia;Crescente;Chuva;Múltipla;Curva;Sim;1;0;1;0;1;0;0;1;-27,6000782;-48,59987998;SPRF-SC;DEL01/SC;UOP01-DEL01-SC
748751;29/01/2026;quinta-feira;17:00:00;PR;369;115,5;URAI;Acessar a via sem observar a presença dos outros veículos;Colisão lateral mesmo sentido;Com Vítimas Feridas;Pleno dia;Crescente;Céu Claro;Dupla;"Curva;Declive";Não;2;0;1;0;1;1;0;2;-23,2782;-50,8589;SPRF-PR;DEL07/PR;UOP05-DEL07-PR
748754;29/01/2026;quinta-feira;18:30:00;TO;153;498;PARAISO DO TOCANTINS;Ausência de reação do condutor;Colisão traseira;Com Vítimas Feridas;Anoitecer;Crescente;Nublado;Simples;"Reta;Interseção de Vias;Declive";Sim;2;0;1;0;1;1;0;2;-10,18943241;-48,8803196;SPRF-TO;DEL01-TO;UOP01-DEL01-TO
748756;29/01/2026;quinta-feira;17:25:00;PR;369;154;LONDRINA;Acessar a via sem observar a presença dos outros veículos;Atropelamento de Pedestre;Com Vítimas Feridas;Pleno dia;Crescente;Sol;Dupla;Reta;Sim;2;0;0;1;1;1;0;2;-23,297945;-51,196316;SPRF-PR;DEL07/PR;UOP01-DEL07-PR
748757;29/01/2026;quinta-feira;17:30:00;PR;116;18;CURITIBA;Condutor deixou de manter distância do veículo da frente;Colisão traseira;Com Vítimas Feridas;Pleno dia;Crescente;Garoa/Chuvisco;Dupla;"Reta;Aclive";Sim;2;0;1;0;1;1;0;2;-25,38888654;-49,19835297;SPRF-PR;DEL01/PR;UOP02-DEL01-PR
748758;29/01/2026;quinta-feira;11:00:00;RJ;101;303;SAO GONCALO;Reação tardia ou ineficiente do condutor;Colisão traseira;Sem Vítimas;Pleno dia;Crescente;Céu Claro;Dupla;"Reta;Declive";Sim;3;0;0;0;0;3;0;3;-22,7847722;-42,98107884;SPRF-RJ;DEL02/RJ;UOP02-DEL02-RJ
748759;29/01/2026;quinta-feira;18:20:00;RS;392;351;SANTA MARIA;Acessar a via sem observar a presença dos outros veículos;Colisão transversal;Com Vítimas Feridas;Pleno dia;Crescente;Sol;Dupla;Rotatória;Sim;4;0;1;1;2;2;0;2;-29,728042;-53,803475;SPRF-RS;DEL09/RS;UOP01-DEL09-RS
748762;29/01/2026;quinta-feira;17:29:00;ES;101;259;SERRA;Objeto estático sobre o leito carroçável;Colisão com objeto;Com Vítimas Feridas;Pleno dia;Crescente;Céu Claro;Simples;"Reta;Declive";Sim;1;0;1;0;1;0;0;1;-20,144;-40,29091;SPRF-ES;DEL02-ES;UOP01-DEL02-ES
748764;29/01/2026;quinta-feira;18:20:00;SC;101;205;SAO JOSE;Pista Escorregadia;Tombamento;Com Vítimas Feridas;Pleno dia;Decrescente;Chuva;Simples;Curva;Não;1;0;1;0;1;0;0;1;-27,58352;-48,61467;SPRF-SC;DEL01/SC;UOP01-DEL01-SC
748766;29/01/2026;quinta-feira;18:15:00;SC;101;144;ITAPEMA;Trafegar com motocicleta (ou similar) entre as faixas;Tombamento;Com Vítimas Feridas;Anoitecer;Decrescente;Garoa/Chuvisco;Dupla;Reta;Não;3;0;0;2;2;1;0;3;-27,07064605;-48,59548442;SPRF-SC;DEL04/SC;UOP03-DEL04-SC
748767;29/01/2026;quinta-feira;18:00:00;MG;381;496;BETIM;Entrada inopinada do pedestre;Atropelamento de Pedestre;Com Vítimas Feridas;Pleno dia;Decrescente;Céu Claro;Múltipla;Reta;Sim;2;0;0;2;2;0;0;2;-19,97551121;-44,19468133;SPRF-MG;DEL01/MG;UOP03-DEL01-MG
748768;29/01/2026;quinta-feira;16:00:00;SC;280;99,2;SAO BENTO DO SUL;Velocidade Incompatível;Saída de leito carroçável;Sem Vítimas;Pleno dia;Decrescente;Chuva;Simples;"Curva;Declive";Não;1;0;0;0;0;1;0;1;-26,371471;-49,331859;SPRF-SC;DEL06/SC;UOP03-DEL06-SC