id;data_inversa;dia_semana;horario;uf;br;km;municipio;causa_acidente;tipo_acidente;classificacao_acidente;fase_dia;sentido_via;condicao_metereologica;tipo_pista;tracado_via;uso_solo;pessoas;mortos;feridos_leves;feridos_graves;feridos;ilesos;ignorados;veiculos;latitude;longitude;regional;delegacia;uop
748769;29/01/2026;quinta-feira;18:10:00;SC;101;206;SAO JOSE;Reação tardia ou ineficiente do condutor;Colisão transversal;Com Vítimas Feridas;Anoitecer;Crescente;Chuva;Simples;Interseção de Vias;Sim;2;0;1;0;1;1;0;2;-27,58907909;-48,61755967;SPRF-SC;DEL01/SC;UOP01-DEL01-SC
748771;21/01/2026;quarta-feira;13:30:00;CE;116;19;EUSEBIO;Condutor deixou de manter distância do veículo da frente;Queda de ocupante de veículo;Com Vítimas Feridas;Pleno dia;Decrescente;Céu Claro;Dupla;Reta;Sim;2;0;0;1;1;0;0;2;-3,92087923;-38,50725174;SPRF-CE;DEL01/CE;UOP02-DEL01-CE
748777;29/01/2026;quinta-feira;19:40:00;PR;277;7;PARANAGUA;Reação tardia ou ineficiente do condutor;Colisão frontal;Com Vítimas Feridas;Plena Noite;Crescente;Garoa/Chuvisco;Simples;"Reta;Interseção de Vias";Sim;2;0;1;0;1;0;0;2;-25,510505;-48,519215;SPRF-PR;DEL01/PR;UOP05-DEL01-PR
748778;29/01/2026;quinta-feira;19:52:00;AP;210;0,8;MACAPA;Ausência de reação do condutor;Colisão traseira;Com Vítimas Feridas;Plena Noite;Crescente;Céu Claro;Dupla;Reta;Sim;2;0;2;0;2;0;0;1;0,078;-51,0698;SPRF-AP;DEL01-AP;UOP01-DEL01-AP
748779;29/01/2026;quinta-feira;19:20:00;SP;116;219;GUARULHOS;Reação tardia ou ineficiente do condutor;Atropelamento de Pedestre;Com Vítimas Feridas;Plena Noite;Crescente;Céu Claro;Múltipla;Reta;Sim;2;0;0;1;1;1;0;2;-23,46092322;-46,48838132;SPRF-SP;DEL01/SP;UOP01-DEL01-SP
748781;29/01/2026;quinta-feira;20:00:00;SP;116;161,9;JACAREI;Demais falhas mecânicas ou elétricas;Tombamento;Com Vítimas Feridas;Plena Noite;Decrescente;Chuva;Dupla;Reta;Sim;1;0;1;0;1;0;0;1;-23,28066024;-45,98291289;SPRF-SP;DEL02/SP;UOP01-DEL02-SP
748782;29/01/2026;quinta-feira;15:30:00;PR;163;198;CASCAVEL;Avarias e/ou desgaste excessivo no pneu;Saída de leito carroçável;Sem Vítimas;Pleno dia;Crescente;Céu Claro;Dupla;Reta;Não;1;0;0;0;0;0;1;1;-25,019689;-53,553204;SPRF-PR;DEL05/PR;UOP05-DEL05-PR
748783;29/01/2026;quinta-feira;18:30:00;SP;381;86;SAO PAULO;Condutor deixou de manter distância do veículo da frente;Queda de ocupante de veículo;Com Vítimas Feridas;Plena Noite;Decrescente;Chuva;Múltipla;Reta;Sim;1;0;1;0;1;0;0;1;-23,46745514;-46,57095758;SPRF-SP;DEL03/SP;UOP01-DEL03-SP
748784;29/01/2026;quinta-feira;17:55:00;SC;101;50,9;JOINVILLE;Ausência de reação do condutor;Colisão lateral mesmo sentido;Com Vítimas Feridas;Anoitecer;Crescente;Nublado;Dupla;Reta;Não;2;0;2;0;2;0;0;1;-26,39193935;-48,8398692;SPRF-SC;DEL03/SC;UOP01-DEL03-SC
748785;29/01/2026;quinta-feira;17:30:00;PI;316;337,9;GEMINIANO;Condutor deixou de manter distância do veículo da frente;Colisão traseira;Com Vítimas Feridas;Anoitecer;Decrescente;Nublado;Simples;Reta;Sim;5;0;1;0;1;4;0;2;-7,111345;-41,227885;SPRF-PI;DEL04-PI;UOP01-DEL04-PI
748787;29/01/2026;quinta-feira;20:30:00;PR;277;4;CURITIBA;Ausência de reação do condutor;Colisão traseira;Com Vítimas Feridas;Plena Noite;Decrescente;Nublado;Dupla;"Reta;Aclive";Sim;2;0;1;0;1;1;0;2;-25,430531;-49,322904;SPRF-PR;DEL01/PR;UOP05-DEL01-PR
748789;29/01/2026;quinta-feira;18:45:00;PR;277;662;MATELANDIA;Acumulo de óleo sobre o pavimento;Tombamento;Com Vítimas Feridas;Anoitecer;Decrescente;Chuva;Dupla;Curva;Não;1;0;1;0;1;0;0;1;-25,2516309;-53,99020521;SPRF-PR;DEL05/PR;UOP02-DEL05-PR
748790;23/01/2026;sexta-feira;17:14:00;RJ;101;77;CAMPOS DOS GOYTACAZES;Condutor deixou de manter distância do veículo da frente;Colisão traseira;Sem Vítimas;Pleno dia;Crescente;Chuva;Simples;Reta;Sim;2;0;0;0;0;2;0;2;-21,828605;-41,408171;SPRF-RJ;DEL08/RJ;UOP02-DEL08-RJ
748791;29/01/2026;quinta-feira;19:00:00;RJ;116;248,6;PIRAI;Acumulo de água sobre o pavimento;Colisão com objeto;Com Vítimas Feridas;Plena Noite;Decrescente;Chuva;Dupla;Reta;Não;2;0;1;0;1;1;0;1;-22,6666874;-43,84153247;SPRF-RJ;DEL07/RJ;UOP01-DEL07-RJ
748792;29/01/2026;quinta-feira;20:30:00;MG;262;354,1;BETIM;Ingestão de álcool pelo condutor;Saída de leito carroçável;Com Vítimas Feridas;Plena Noite;Decrescente;Chuva;Dupla;Reta;Não;1;0;1;0;1;0;0;1;-19,97700841;-44,25712841;SPRF-MG;DEL01/MG;UOP03-DEL01-MG
748793;29/01/2026;quinta-feira;19:55:00;RS;290;176;BUTIA;Acessar a via sem observar a presença dos outros veículos;Colisão transversal;Com Vítimas Feridas;Plena Noite;Crescente;Nublado;Simples;Reta;Sim;4;0;0;1;1;3;0;2;-30,13217101;-51,97819456;SPRF-RS;DEL02/RS;UOP03-DEL02-RS
748795;29/01/2026;quinta-feira;20:10:00;SC;101;145;ITAPEMA;Ausência de reação do condutor;Tombamento;Com Vítimas Feridas;Plena Noite;Crescente;Garoa/Chuvisco;Múltipla;Curva;Não;2;0;2;0;2;0;0;1;-27,08618943;-48,60797882;SPRF-SC;DEL04/SC;UOP03-DEL04-SC
748797;17/01/2026;sábado;20:00:00;RJ;393;283;VOLTA REDONDA;Transitar na contramão;Colisão frontal;Com Vítimas Feridas;Plena Noite;Crescente;Chuva;Simples;Reta;Não;2;0;2;0;2;0;0;1;-22,49406876;-44,06714559;SPRF-RJ;DEL05/RJ;UOP04-DEL05-RJ
748799;29/01/2026;quinta-feira;15:20:00;PI;135;313,8;CRISTINO CASTRO;Ultrapassagem Indevida;Colisão frontal;Com Vítimas Feridas;Pleno dia;Decrescente;Céu Claro;Simples;Reta;Não;4;0;1;0;1;3;0;2;-8,793988;-44,207877;SPRF-PI;DEL03-PI;UOP02-DEL03-PI
748800;01/01/2026;quinta-feira;18:00:00;RS;285;161;MUITOS CAPOES;Reação tardia ou ineficiente do condutor;Colisão com objeto;Com Vítimas Feridas;Anoitecer;Decrescente;Garoa/Chuvisco;Simples;Reta;Não;3;0;1;0;1;2;0;1;-28,31950669;-51,24911492;SPRF-RS;DEL05/RS;UOP03-DEL05-RS
748801;29/01/2026;quinta-feira;21:30:00;PR;277;35,5;MORRETES;Reação tardia ou ineficiente do condutor;Tombamento;Com Vítimas Feridas;Plena Noite;Crescente;Nublado;Dupla;"Reta;Aclive";Não;1;0;1;0;1;0;0;1;-25,57410582;-48,82831542;SPRF-PR;DEL01/PR;UOP05-DEL01-PR
748802;29/01/2026;quinta-feira;19:37:00;PR;116;10;CAMPINA GRANDE DO SUL;Chuva;Tombamento;Com Vítimas Feridas;Anoitecer;Crescente;Chuva;Dupla;Curva;Não;1;0;1;0;1;0;0;1;-25,0834117;-48,642737;SPRF-PR;DEL01/PR;UOP02-DEL01-PR
748803;29/01/2026;quinta-feira;21:15:00;PR;272;368,1;CAMPO MOURAO;Ingestão de álcool pelo condutor;Colisão traseira;Sem Vítimas;Plena Noite;Crescente;Chuva;Dupla;Reta;Sim;2;0;0;0;0;2;0;2;-24,054205;-52,409994;SPRF-PR;DEL09/PR;UOP03-DEL09-PR
748804;29/01/2026;quinta-feira;16:15:00;MG;381;420;NOVA UNIAO;Ultrapassagem Indevida;Colisão lateral mesmo sentido;Com Vítimas Feridas;Pleno dia;Crescente;Céu Claro;Dupla;Curva;Não;2;0;0;1;1;1;0;2;-19,6888;-43,5868;SPRF-MG;DEL01/MG;UOP01-DEL01-MG
748805;29/01/2026;quinta-feira;15:35:00;MT;163;670;LUCAS DO RIO VERDE;Reação tardia ou ineficiente do condutor;Saída de leito carroçável;Com Vítimas Feridas;Pleno dia;Decrescente;Chuva;Simples;Reta;Não;2;0;2;0;2;0;0;1;-13,208644;-55,997266;SPRF-MT;DEL06/MT;UOP01-DEL06-MT
748806;29/01/2026;quinta-feira;21:30:00;DF;20;2,5;BRASILIA;Suicídio (presumido);Atropelamento de Pedestre;Com Vítimas Feridas;Plena Noite;Crescente;Céu Claro;Múltipla;Reta;Sim;2;0;1;0;1;1;0;2;-15,68113223;-47,83504944;SPRF-DF;DEL02-DF;UOP01-DEL02-DF
748809;29/01/2026;quinta-feira;20:50:00;SC;101;132;BALNEARIO CAMBORIU;Ausência de reação do condutor;Saída de leito carroçável;Com Vítimas Feridas;Plena Noite;Crescente;Garoa/Chuvisco;Simples;Curva;Sim;1;0;1;0;1;0;0;1;-27,029479;-48,605465;SPRF-SC;DEL04/SC;UOP03-DEL04-SC
748810;29/01/2026;quinta-feira;22:30:00;ES;262;107,4;VENDA NOVA DO IMIGRANTE;Deficiência do Sistema de Iluminação/Sinalização;Colisão traseira;Com Vítimas Feridas;Plena Noite;Crescente;Nublado;Simples;Reta;Não;3;0;1;0;1;1;0;3;-20,331776;-41,1586653;SPRF-ES;DEL01-ES;UOP02-DEL01-ES
748811;29/01/2026;quinta-feira;20:00:00;RJ;101;251;SILVA JARDIM;Demais falhas mecânicas ou elétricas;Incêndio;Sem Vítimas;Plena Noite;Crescente;Céu Claro;Dupla;Reta;Não;1;0;0;0;0;1;0;1;-22,680004;-42,526845;SPRF-RJ;DEL02/RJ;UOP03-DEL02-RJ
748814;29/01/2026;quinta-feira;20:50:00;RJ;101;385;RIO DE JANEIRO;Manobra de mudança de faixa;Colisão traseira;Com Vítimas Feridas;Plena Noite;Decrescente;Nublado;Dupla;Reta;Sim;2;0;1;0;1;1;0;2;-22,870486;-43,600474;SPRF-RJ;DEL03/RJ;UOP01-DEL03-RJ
748815;29/01/2026;quinta-feira;20:40:00;MT;174;8;PONTES E LACERDA;Ingestão de álcool pelo condutor;Saída de leito carroçável;Sem Vítimas;Plena Noite;Crescente;Céu Claro;Simples;Reta;Não;1;0;0;0;0;1;0;1;-15,2109985;-59,3576057;SPRF-MT;DEL03/MT;UOP01-DEL03-MT
748816;29/01/2026;quinta-feira;22:45:00;PR;116;35;CAMPINA GRANDE DO SUL;Ausência de reação do condutor;Saída de leito carroçável;Com Vítimas Feridas;Plena Noite;Crescente;Céu Claro;Dupla;Curva;Não;5;0;5;0;5;0;0;1;-25,127932;-48,857545;SPRF-PR;DEL01/PR;UOP02-DEL01-PR
748821;30/01/2026;sexta-feira;00:20:00;BA;324;609;SIMOES FILHO;Ausência de reação do condutor;Colisão traseira;Com Vítimas Feridas;Plena Noite;Decrescente;Nublado;Dupla;Reta;Não;3;0;2;0;2;1;0;2;-12,83537098;-38,41316291;SPRF-BA;DEL01/BA;UOP01-DEL01-BA
748823;30/01/2026;sexta-feira;01:10:00;RJ;101;331;RIO DE JANEIRO;Reação tardia ou ineficiente do condutor;Queda de ocupante de veículo;Com Vítimas Feridas;Plena Noite;Decrescente;Nublado;Dupla;"Reta;Em Obras;Ponte";Não;1;0;0;1;1;0;0;1;-22,87131;-43,203947;SPRF-RJ;DEL02/RJ;UOP01-DEL02-RJ
748824;30/01/2026;sexta-feira;01:30:00;MG;381;652;DESTERRO DE ENTRE RIOS;Chuva;Capotamento;Com Vítimas Feridas;Plena Noite;Crescente;Chuva;Dupla;Curva;Não;4;0;2;0;2;2;0;1;-20,55063747;-44,19168094;SPRF-MG;DEL04/MG;UOP02-DEL04-MG
748826;29/01/2026;quinta-feira;22:30:00;PI;316;4;TERESINA;Reação tardia ou ineficiente do condutor;Colisão com objeto;Com Vítimas Feridas;Plena Noite;Crescente;Chuva;Dupla;Curva;Não;1;0;1;0;1;0;0;1;-5,2679261;-42,72740651;SPRF-PI;DEL01-PI;UOP02-DEL01-PI
748828;30/01/2026;sexta-feira;02:50:00;SC;101;134,7;BALNEARIO CAMBORIU;Condutor usando celular;Colisão com objeto;Com Vítimas Feridas;Plena Noite;Crescente;Céu Claro;Múltipla;Reta;Sim;2;0;2;0;2;0;0;1;-27,00462035;-48,62924187;SPRF-SC;DEL04/SC;UOP03-DEL04-SC
748829;30/01/2026;sexta-feira;02:50:00;PR;376;540,9;PALMEIRA;Condutor Dormindo;Saída de leito carroçável;Sem Vítimas;Plena Noite;Decrescente;Nublado;Dupla;"Reta;Declive";Não;1;0;0;0;0;0;1;1;-25,405542;-49,783718;SPRF-PR;DEL01/PR;UOP07-DEL01-PR
748830;25/01/2026;domingo;19:30:00;BA;324;513;FEIRA DE SANTANA;Acessar a via sem observar a presença dos outros veículos;Colisão transversal;Com Vítimas Feridas;Plena Noite;Crescente;Nublado;Simples;Reta;Sim;4;0;2;2;4;0;0;2;-12,2309678;-38,96206766;SPRF-BA;DEL02/BA;UOP01-DEL02-BA
748831;29/01/2026;quinta-feira;20:00:00;BA;101;443;UBAITABA;Reação tardia ou ineficiente do condutor;Queda de ocupante de veículo;Com Vítimas Feridas;Plena Noite;Decrescente;Nublado;Simples;Curva;Não;1;0;1;0;1;0;0;1;-14,28850962;-39,32474256;SPRF-BA;DEL05/BA;UOP01-DEL05-BA
748833;30/01/2026;sexta-feira;00:40:00;RJ;116;208;SEROPEDICA;Reação tardia ou ineficiente do condutor;Capotamento;Com Vítimas Feridas;Plena Noite;Crescente;Céu Claro;Dupla;Reta;Não;4;0;1;3;4;0;0;1;-22,72520714;-43,65958214;SPRF-RJ;DEL06/RJ;UOP02-DEL06-RJ
748834;30/01/2026;sexta-feira;04:30:00;RS;116;317;BARRA DO RIBEIRO;Velocidade Incompatível;Capotamento;Sem Vítimas;Amanhecer;Crescente;Chuva;Dupla;Reta;Não;1;0;0;0;0;0;1;1;-30,26637;-51,40728;SPRF-RS;DEL02/RS;UOP01-DEL02-RS
748836;29/01/2026;quinta-feira;19:00:00;RJ;356;156;CAMPOS DOS GOYTACAZES;Iluminação deficiente;Atropelamento de Pedestre;Com Vítimas Feridas;Pleno dia;Decrescente;Nublado;Simples;Reta;Não;2;0;1;0;1;1;0;2;-21,752972;-41,22863;SPRF-RJ;DEL08/RJ;UOP02-DEL08-RJ
748842;30/01/2026;sexta-feira;07:20:00;SC;470;59,6;BLUMENAU;Entrada inopinada do pedestre;Atropelamento de Pedestre;Com Vítimas Feridas;Pleno dia;Decrescente;Nublado;Simples;Em Obras;Sim;2;0;1;0;1;1;0;2;-26,88236;-49,16137;SPRF-SC;DEL04/SC;UOP01-DEL04-SC
748843;30/01/2026;sexta-feira;06:55:00;DF;20;2;BRASILIA;Ausência de reação do condutor;Colisão traseira;Com Vítimas Feridas;Pleno dia;Decrescente;Céu Claro;Dupla;Reta;Não;2;0;1;0;1;1;0;2;-15,682655;-47,840893;SPRF-DF;DEL02-DF;UOP01-DEL02-DF
748847;30/01/2026;sexta-feira;06:33:00;MS;163;255,1;DOURADOS;Ausência de reação do condutor;Saída de leito carroçável;Com Vítimas Feridas;Pleno dia;Decrescente;Céu Claro;Dupla;"Reta;Declive";Sim;2;0;1;1;2;0;0;2;-22,264825;-54,808397;SPRF-MS;DEL04/MS;UOP01-DEL04-MS
748849;30/01/2026;sexta-feira;07:08:00;BA;324;604;SIMOES FILHO;Acessar a via sem observar a presença dos outros veículos;Colisão traseira;Com Vítimas Feridas;Pleno dia;Decrescente;Céu Claro;Dupla;Reta;Não;3;0;1;0;1;2;0;2;-12,7985211;-38,4031296;SPRF-BA;DEL01/BA;UOP01-DEL01-BA
748850;30/01/2026;sexta-feira;05:10:00;RO;364;511;ARIQUEMES;Condutor Dormindo;Colisão com objeto;Com Vítimas Feridas;Amanhecer;Crescente;Céu Claro;Simples;Reta;Não;2;0;1;1;2;0;0;1;-9,957301;-63,050598;SPRF-RO;DEL03-RO;UOP01-DEL03-RO
748851;30/01/2026;sexta-feira;07:00:00;SC;101;357,2;SANGAO;Acumulo de areia ou detritos sobre o pavimento;Tombamento;Com Vítimas Feridas;Pleno dia;Crescente;Céu Claro;Múltipla;Reta;Não;1;0;0;1;1;0;0;1;-28,645922;-49,1028023;SPRF-SC;DEL02/SC;UOP01-DEL02-SC
748852;30/01/2026;sexta-feira;06:50:00;SP;116;100,7;PINDAMONHANGABA;Avarias e/ou desgaste excessivo no pneu;Tombamento;Com Vítimas Feridas;Pleno dia;Decrescente;Nublado;Dupla;Reta;Não;1;0;1;0;1;0;0;1;-22,98913;-45,47778;SPRF-SP;DEL08/SP;UOP01-DEL08-SP
748853;30/01/2026;sexta-feira;07:35:00;PR;277;10,3;FOZ DO IGUACU;Acumulo de areia ou detritos sobre o pavimento;Queda de ocupante de veículo;Com Vítimas Feridas;Pleno dia;Crescente;Céu Claro;Simples;Rotatória;Sim;1;0;1;0;1;0;0;1;-25,57559825;-54,55075525;SPRF-PR;DEL05/PR;UOP04-DEL05-PR
748854;30/01/2026;sexta-feira;08:00:00;SP;116;132,2;CACAPAVA;Manobra de mudança de faixa;Colisão traseira;Com Vítimas Feridas;Pleno dia;Crescente;Céu Claro;Dupla;Reta;Não;2;0;1;0;1;1;0;2;-23,13220126;-45,7463278;SPRF-SP;DEL02/SP;UOP02-DEL02-SP
748857;30/01/2026;sexta-feira;07:15:00;SP;116;472;JACUPIRANGA;Ausência de reação do condutor;Tombamento;Com Vítimas Feridas;Pleno dia;Decrescente;Nublado;Dupla;Reta;Sim;2;0;1;0;1;1;0;1;-24,67532129;-47,97958788;SPRF-SP;DEL05/SP;UOP01-DEL05-SP
748859;30/01/2026;sexta-feira;07:20:00;PE;101;127,9;ESCADA;Reação tardia ou ineficiente do condutor;Colisão transversal;Com Vítimas Feridas;Pleno dia;Decrescente;Céu Claro;Dupla;Reta;Sim;2;0;2;0;2;0;0;2;-8,37838316;-35,24215579;SPRF-PE;DEL01/PE;UOP03-DEL01-PE
748860;30/01/2026;sexta-feira;07:30:00;MG;381;812,2;SAO GONCALO DO SAPUCAI;Velocidade Incompatível;Saída de leito carroçável;Com Vítimas Feridas;Pleno dia;Crescente;Chuva;Dupla;Curva;Não;1;0;1;0;1;0;0;1;-21,93795023;-45,61798096;SPRF-MG;DEL16/MG;UOP02-DEL16-MG
748861;30/01/2026;sexta-feira;07:40:00;MG;116;279,2;TEOFILO OTONI;Acessar a via sem observar a presença dos outros veículos;Colisão transversal;Com Vítimas Feridas;Pleno dia;Crescente;Céu Claro;Simples;Reta;Não;3;0;0;1;1;1;0;3;-17,877234;-41,521116;SPRF-MG;DEL11/MG;UOP01-DEL11-MG
748862;30/01/2026;sexta-feira;07:30:00;GO;153;504;APARECIDA DE GOIANIA;Acessar a via sem observar a presença dos outros veículos;Colisão traseira;Com Vítimas Feridas;Pleno dia;Decrescente;Garoa/Chuvisco;Múltipla;Reta;Sim;3;0;1;0;1;2;0;3;-16,747794;-49,240539;SPRF-GO;DEL01/GO;UOP01-DEL01-GO
748863;30/01/2026;sexta-feira;08:05:00;RS;290;80;GRAVATAI;Velocidade Incompatível;Saída de leito carroçável;Com Vítimas Feridas;Pleno dia;Crescente;Garoa/Chuvisco;Simples;Curva;Sim;1;0;1;0;1;0;0;1;-29,95309508;-51,05609911;SPRF-RS;DEL01/RS;UOP01-DEL01-RS
748865;30/01/2026;sexta-feira;07:50:00;PE;101;60;RECIFE;Ausência de reação do condutor;Tombamento;Com Vítimas Feridas;Pleno dia;Crescente;Céu Claro;Dupla;Reta;Sim;2;0;2;0;2;0;0;1;-7,983275;-34,9321041;SPRF-PE;DEL01/PE;UOP02-DEL01-PE
748866;30/01/2026;sexta-feira;07:28:00;MT;364;199;RONDONOPOLIS;Reação tardia ou ineficiente do condutor;Colisão lateral mesmo sentido;Com Vítimas Feridas;Pleno dia;Crescente;Céu Claro;Dupla;"Retorno Regulamentado;Aclive;Reta";Sim;2;0;1;0;1;1;0;2;-16,50399467;-54,62601045;SPRF-MT;DEL02/MT;UOP01-DEL02-MT
748869;30/01/2026;sexta-feira;08:38:00;PB;101;45;MAMANGUAPE;Acessar a via sem observar a presença dos outros veículos;Colisão transversal;Sem Vítimas;Pleno dia;Crescente;Céu Claro;Dupla;Reta;Não;3;0;0;0;0;2;0;2;-6,88249188;-35,13108766;SPRF-PB;DEL01-PB;UOP03-DEL01-PB
748873;29/01/2026;quinta-feira;20:20:00;PR;272;546;TERRA ROXA;Pedestre andava na pista;Atropelamento de Pedestre;Com Vítimas Feridas;Plena Noite;Crescente;Nublado;Simples;Reta;Não;3;0;0;1;1;2;0;2;-24,07467838;-54,05342102;SPRF-PR;DEL06/PR;UOP01-DEL06-PR
748874;30/01/2026;sexta-feira;08:00:00;PR;277;726,4;FOZ DO IGUACU;Condutor deixou de manter distância do veículo da frente;Colisão traseira;Com Vítimas Feridas;Pleno dia;Crescente;Céu Claro;Dupla;"Reta;Declive";Sim;2;0;0;1;1;1;0;2;-25,50776;-54,54575;SPRF-PR;DEL05/PR;UOP03-DEL05-PR
748875;30/01/2026;sexta-feira;08:24:00;RN;101;105,6;PARNAMIRIM;Reação tardia ou ineficiente do condutor;Colisão traseira;Com Vítimas Feridas;Pleno dia;Decrescente;Céu Claro;Dupla;Reta;Sim;2;0;1;0;1;1;0;2;-5,902387;-35,259342;SPRF-RN;DEL01-RN;UOP01-DEL01-RN
748876;30/01/2026;sexta-feira;09:00:00;RS;386;347;LAJEADO;Manobra de mudança de faixa;Colisão lateral mesmo sentido;Com Vítimas Feridas;Pleno dia;Crescente;Nublado;Dupla;Reta;Não;2;0;1;0;1;1;0;2;-29,452538;-51,964763;SPRF-RS;DEL04/RS;UOP01-DEL04-RS
748877;30/01/2026;sexta-feira;09:00:00;MT;70;1,6;BARRA DO GARCAS;Ausência de reação do condutor;Atropelamento de Pedestre;Com Vítimas Feridas;Pleno dia;Crescente;Céu Claro;Simples;"Reta;Interseção de Vias";Sim;2;0;1;0;1;1;0;2;-15,88949191;-52,26515687;SPRF-MT;DEL07/MT;UOP01-DEL07-MT
748878;30/01/2026;sexta-feira;08:20:00;PI;135;352;BOM JESUS;Acessar a via sem observar a presença dos outros veículos;Colisão transversal;Sem Vítimas;Pleno dia;Decrescente;Céu Claro;Dupla;Reta;Sim;2;0;0;0;0;2;0;2;-9,07534743;-44,35470718;SPRF-PI;DEL03-PI;UOP02-DEL03-PI
748880;30/01/2026;sexta-feira;08:00:00;PR;277;2;PARANAGUA;Demais falhas mecânicas ou elétricas;Colisão traseira;Com Vítimas Feridas;Pleno dia;Crescente;Céu Claro;Dupla;Reta;Não;2;0;1;0;1;1;0;2;-25,551944;-48,552896;SPRF-PR;DEL01/PR;UOP05-DEL01-PR
748881;30/01/2026;sexta-feira;08:00:00;RJ;493;55;DUQUE DE CAXIAS;Demais falhas mecânicas ou elétricas;Incêndio;Sem Vítimas;Pleno dia;Decrescente;Céu Claro;Dupla;Reta;Sim;1;0;0;0;0;1;0;1;-22,660038;-43,355023;SPRF-RJ;DEL01/RJ;UOP03-DEL01-RJ
748882;30/01/2026;sexta-feira;08:58:00;SC;282;27;SANTO AMARO DA IMPERATRIZ;Ultrapassagem Indevida;Colisão lateral sentido oposto;Com Vítimas Feridas;Pleno dia;Decrescente;Céu Claro;Simples;Curva;Sim;3;0;0;1;1;2;0;3;-27,67304314;-48,77169935;SPRF-SC;DEL01/SC;UOP03-DEL01-SC
748883;30/01/2026;sexta-feira;09:40:00;PE;232;150;SAO CAITANO;Ausência de reação do condutor;Saída de leito carroçável;Com Vítimas Feridas;Pleno dia;Crescente;Céu Claro;Simples;Reta;Não;1;0;1;0;1;0;0;1;-8,326358;-36,171413;SPRF-PE;DEL03/PE;UOP02-DEL03-PE
748884;30/01/2026;sexta-feira;10:00:00;RS;116;147,1;CAXIAS DO SUL;Ausência de reação do condutor;Colisão traseira;Com Vítimas Feridas;Pleno dia;Decrescente;Nublado;Dupla;Reta;Sim;2;0;1;0;1;1;0;2;-29,15007;-51,144857;SPRF-RS;DEL05/RS;UOP01-DEL05-RS
748885;30/01/2026;sexta-feira;09:30:00;RS;290;54;GLORINHA;Reação tardia ou ineficiente do condutor;Tombamento;Com Vítimas Feridas;Pleno dia;Crescente;Céu Claro;Múltipla;Reta;Não;1;0;1;0;1;0;0;1;-29,91300054;-50,80189101;SPRF-RS;DEL03/RS;UOP01-DEL03-RS
748886;30/01/2026;sexta-feira;09:40:00;SP;116;143;SAO JOSE DOS CAMPOS;Reação tardia ou ineficiente do condutor;Tombamento;Com Vítimas Feridas;Pleno dia;Crescente;Nublado;Dupla;Reta;Não;1;0;1;0;1;0;0;1;-23,17695413;-45,83509731;SPRF-SP;DEL02/SP;UOP01-DEL02-SP
748888;30/01/2026;sexta-feira;10:17:00;RN;101;99,2;PARNAMIRIM;Demais falhas mecânicas ou elétricas;Tombamento;Com Vítimas Feridas;Pleno dia;Decrescente;Céu Claro;Dupla;Reta;Sim;1;0;1;0;1;0;0;1;-5,871253;-35,218954;SPRF-RN;DEL01-RN;UOP01-DEL01-RN
748889;30/01/2026;sexta-feira;08:40:00;SP;116;113;TAUBATE;Ausência de reação do condutor;Colisão traseira;Com Vítimas Feridas;Pleno dia;Decrescente;Céu Claro;Dupla;Reta;Sim;3;0;1;0;1;2;0;2;-23,03960482;-45,56317221;SPRF-SP;DEL02/SP;UOP02-DEL02-SP
748890;30/01/2026;sexta-feira;10:52:00;MG;116;585,2;MANHUACU;Acessar a via sem observar a presença dos outros veículos;Colisão transversal;Com Vítimas Feridas;Pleno dia;Decrescente;Chuva;Simples;"Reta;Interseção de Vias";Sim;2;0;1;0;1;1;0;2;-20,235348;-42,16612;SPRF-MG;DEL06/MG;UOP03-DEL06-MG
748891;30/01/2026;sexta-feira;10:40:00;SC;101;199;SAO JOSE;Acessar a via sem observar a presença dos outros veículos;Colisão transversal;Com Vítimas Feridas;Pleno dia;Crescente;Céu Claro;Múltipla;Curva;Sim;3;0;1;0;1;2;0;3;-27,533912;-48,630492;SPRF-SC;DEL01/SC;UOP01-DEL01-SC
748892;30/01/2026;sexta-feira;10:30:00;SC;101;202;SAO JOSE;Ausência de reação do condutor;Colisão lateral mesmo sentido;Com Vítimas Feridas;Pleno dia;Crescente;Céu Claro;Dupla;Reta;Sim;2;0;1;0;1;0;0;2;-27,55935;-48,61792;SPRF-SC;DEL01/SC;UOP01-DEL01-SC
748893;30/01/2026;sexta-feira;11:20:00;PB;101;89,5;JOAO PESSOA;Ausência de reação do condutor;Colisão traseira;Com Vítimas Feridas;Pleno dia;Decrescente;Céu Claro;Dupla;"Em Obras;Reta;Interseção de Vias";Sim;2;0;0;1;1;1;0;2;-7,1794621;-34,89998013;SPRF-PB;DEL01-PB;UOP01-DEL01-PB
748894;30/01/2026;sexta-feira;08:05:00;MG;116;525;CARATINGA;Reação tardia ou ineficiente do condutor;Atropelamento de Pedestre;Com Vítimas Feridas;Pleno dia;Crescente;Céu Claro;Simples;Reta;Sim;2;0;2;0;2;0;0;2;-19,77451923;-42,13220269;SPRF-MG;DEL06/MG;UOP02-DEL06-MG
748896;27/01/2026;terça-feira;04:10:00;RJ;116;182;NOVA IGUACU;Ausência de reação do condutor;Queda de ocupante de veículo;Com Vítimas Feridas;Amanhecer;Decrescente;Céu Claro;Dupla;Reta;Sim;2;0;1;0;1;1;0;2;-22,75385736;-43,43536941;SPRF-RJ;DEL06/RJ;UOP01-DEL06-RJ