id;data_inversa;dia_semana;horario;uf;br;km;municipio;causa_acidente;tipo_acidente;classificacao_acidente;fase_dia;sentido_via;condicao_metereologica;tipo_pista;tracado_via;uso_solo;pessoas;mortos;feridos_leves;feridos_graves;feridos;ilesos;ignorados;veiculos;latitude;longitude;regional;delegacia;uop
748899;30/01/2026;sexta-feira;08:40:00;BA;101;315;PRESIDENTE TANCREDO NEVES;Transitar na contramão;Colisão frontal;Com Vítimas Feridas;Pleno dia;Decrescente;Céu Claro;Simples;Reta;Não;2;0;0;1;1;1;0;2;-13,3592199;-39,375338;SPRF-BA;DEL05/BA;UOP03-DEL05-BA
748901;30/01/2026;sexta-feira;11:50:00;SC;101;402,1;MARACAJA;Transitar na contramão;Colisão frontal;Com Vítimas Feridas;Pleno dia;Crescente;Nublado;Simples;"Viaduto;Curva;Declive";Não;2;0;1;0;1;1;0;2;-28,87933095;-49,45908515;SPRF-SC;DEL02/SC;UOP02-DEL02-SC
748902;30/01/2026;sexta-feira;11:40:00;MG;116;541,3;SANTA RITA DE MINAS;Conversão proibida;Colisão traseira;Com Vítimas Feridas;Pleno dia;Crescente;Céu Claro;Simples;Reta;Não;3;0;3;0;3;0;0;2;-19,9024589;-42,1339395;SPRF-MG;DEL06/MG;UOP02-DEL06-MG
748904;30/01/2026;sexta-feira;12:50:00;SC;101;205;SAO JOSE;Manobra de mudança de faixa;Colisão lateral mesmo sentido;Com Vítimas Feridas;Pleno dia;Decrescente;Nublado;Dupla;Reta;Sim;3;0;1;0;1;1;0;3;-27,582642;-48,615037;SPRF-SC;DEL01/SC;UOP01-DEL01-SC
748905;30/01/2026;sexta-feira;13:02:00;RN;406;169;SAO GONCALO DO AMARANTE;Mal súbito do condutor;Saída de leito carroçável;Com Vítimas Feridas;Pleno dia;Decrescente;Céu Claro;Dupla;Retorno Regulamentado;Sim;2;0;1;0;1;1;0;1;-5,75747153;-35,30206472;SPRF-RN;DEL02-RN;UOP01-DEL02-RN
748906;30/01/2026;sexta-feira;13:09:00;MG;381;559;ITAGUARA;Velocidade Incompatível;Saída de leito carroçável;Sem Vítimas;Pleno dia;Crescente;Chuva;Dupla;"Curva;Declive";Não;1;0;0;0;0;1;0;1;-20,36028301;-44,46621537;SPRF-MG;DEL04/MG;UOP03-DEL04-MG
748907;30/01/2026;sexta-feira;12:26:00;RJ;101;301;SAO GONCALO;Ausência de reação do condutor;Colisão traseira;Com Vítimas Feridas;Pleno dia;Decrescente;Nublado;Dupla;Reta;Sim;3;0;1;0;1;2;0;3;-22,793068;-43,024872;SPRF-RJ;DEL02/RJ;UOP02-DEL02-RJ
748909;30/01/2026;sexta-feira;13:35:00;BA;324;517;FEIRA DE SANTANA;Conversão proibida;Colisão transversal;Com Vítimas Feridas;Pleno dia;Decrescente;Sol;Simples;Reta;Sim;3;0;0;1;1;2;0;2;-12,258648;-38,932032;SPRF-BA;DEL02/BA;UOP01-DEL02-BA
748910;30/01/2026;sexta-feira;13:40:00;PR;369;151;LONDRINA;Ausência de reação do condutor;Colisão traseira;Com Vítimas Feridas;Pleno dia;Decrescente;Sol;Dupla;"Reta;Viaduto;Aclive";Sim;2;0;0;1;1;1;0;2;-23,29277627;-51,17381215;SPRF-PR;DEL07/PR;UOP01-DEL07-PR
748911;30/01/2026;sexta-feira;12:55:00;RN;101;103;PARNAMIRIM;Manobra de mudança de faixa;Colisão lateral mesmo sentido;Com Vítimas Feridas;Pleno dia;Decrescente;Sol;Dupla;Reta;Sim;2;0;2;0;2;0;0;2;-5,89000178;-35,24652092;SPRF-RN;DEL01-RN;UOP01-DEL01-RN
748912;30/01/2026;sexta-feira;13:20:00;MG;381;603;OLIVEIRA;Demais falhas mecânicas ou elétricas;Saída de leito carroçável;Com Vítimas Feridas;Pleno dia;Crescente;Chuva;Dupla;Curva;Não;1;0;1;0;1;0;0;1;-20,61511249;-44,73625946;SPRF-MG;DEL04/MG;UOP01-DEL04-MG
748913;30/01/2026;sexta-feira;12:45:00;RJ;40;117,3;DUQUE DE CAXIAS;Ultrapassagem Indevida;Colisão lateral mesmo sentido;Com Vítimas Feridas;Pleno dia;Decrescente;Céu Claro;Múltipla;Interseção de Vias;Sim;2;0;1;0;1;1;0;2;-22,74831295;-43,28753232;SPRF-RJ;DEL01/RJ;UOP02-DEL01-RJ
748917;30/01/2026;sexta-feira;13:45:00;RS;470;219;BENTO GONCALVES;Ausência de reação do condutor;Colisão transversal;Com Vítimas Feridas;Pleno dia;Decrescente;Céu Claro;Simples;Curva;Não;3;0;1;0;1;2;0;2;-29,19118335;-51,52232615;SPRF-RS;DEL06/RS;UOP01-DEL06-RS
748918;30/01/2026;sexta-feira;12:12:00;PE;232;128,3;CARUARU;Transitar na contramão;Colisão frontal;Com Vítimas Feridas;Pleno dia;Crescente;Céu Claro;Dupla;Aclive;Sim;2;0;0;1;1;1;0;2;-8,30175;-35,9808;SPRF-PE;DEL02/PE;UOP03-DEL02-PE
748919;30/01/2026;sexta-feira;14:00:00;SC;101;80;ARAQUARI;Acessar a via sem observar a presença dos outros veículos;Colisão transversal;Com Vítimas Feridas;Pleno dia;Decrescente;Sol;Dupla;"Curva;Retorno Regulamentado";Não;3;0;1;0;1;2;0;2;-26,59559785;-48,72227311;SPRF-SC;DEL03/SC;UOP02-DEL03-SC
748921;30/01/2026;sexta-feira;13:10:00;SC;101;150,4;ITAPEMA;Trafegar com motocicleta (ou similar) entre as faixas;Colisão lateral mesmo sentido;Com Vítimas Feridas;Pleno dia;Decrescente;Céu Claro;Múltipla;Reta;Sim;2;0;1;0;1;1;0;2;-27,12047;-48,60929;SPRF-SC;DEL04/SC;UOP03-DEL04-SC
748922;30/01/2026;sexta-feira;14:00:00;SE;101;118,7;ITAPORANGA DAJUDA;Acessar a via sem observar a presença dos outros veículos;Colisão transversal;Com Vítimas Feridas;Pleno dia;Decrescente;Sol;Dupla;Aclive;Não;6;0;1;0;1;5;0;2;-11,03286388;-37,33394623;SPRF-SE;DEL02-SE;UOP01-DEL02-SE
748923;30/01/2026;sexta-feira;13:30:00;PB;230;9,8;CABEDELO;Manobra de mudança de faixa;Colisão lateral mesmo sentido;Sem Vítimas;Pleno dia;Crescente;Céu Claro;Dupla;Reta;Sim;2;0;0;0;0;2;0;2;-7,051968;-34,850087;SPRF-PB;DEL01-PB;UOP01-DEL01-PB
748924;30/01/2026;sexta-feira;11:30:00;ES;0;0;VIANA;Acessar a via sem observar a presença dos outros veículos;Colisão frontal;Sem Vítimas;Pleno dia;Não Informado;Sol;Simples;Interseção de Vias;Sim;2;0;0;0;0;2;0;2;-20,389546;-40,4926989;SPRF-ES;DEL01-ES;UOP01-DEL01-ES
748926;14/01/2026;quarta-feira;17:30:00;PE;423;87;SAO JOAO;Pista esburacada;Tombamento;Com Vítimas Feridas;Anoitecer;Decrescente;Céu Claro;Simples;Reta;Não;1;0;1;0;1;0;0;1;-8,82374731;-36,44973511;SPRF-PE;DEL03/PE;UOP01-DEL03-PE
748927;30/01/2026;sexta-feira;13:52:00;PB;230;116,1;INGA;Acessar a via sem observar a presença dos outros veículos;Colisão transversal;Com Vítimas Feridas;Pleno dia;Decrescente;Céu Claro;Dupla;"Reta;Aclive";Não;2;0;0;1;1;1;0;2;-7,23951096;-35,61316967;SPRF-PB;DEL01-PB;UOP02-DEL01-PB
748928;30/01/2026;sexta-feira;14:35:00;RS;290;215,6;PANTANO GRANDE;Acessar a via sem observar a presença dos outros veículos;Colisão transversal;Com Vítimas Feridas;Pleno dia;Decrescente;Céu Claro;Simples;Rotatória;Sim;4;0;1;0;1;3;0;2;-30,18673366;-52,35854236;SPRF-RS;DEL02/RS;UOP03-DEL02-RS
748929;24/01/2026;sábado;20:46:00;AP;210;23;MACAPA;Transitar na contramão;Colisão frontal;Com Vítimas Feridas;Plena Noite;Decrescente;Céu Claro;Simples;Reta;Não;2;0;0;1;1;1;0;2;0,22756;-51,10099;SPRF-AP;DEL01-AP;UOP01-DEL01-AP
748930;30/01/2026;sexta-feira;14:13:00;PE;101;45,5;IGARASSU;Acessar a via sem observar a presença dos outros veículos;Colisão transversal;Com Vítimas Feridas;Pleno dia;Crescente;Céu Claro;Dupla;Reta;Sim;2;0;0;1;1;1;0;2;-7,87079;-34,90664;SPRF-PE;DEL01/PE;UOP02-DEL01-PE
748932;22/01/2026;quinta-feira;18:25:00;BA;324;623;SALVADOR;Reação tardia ou ineficiente do condutor;Colisão lateral mesmo sentido;Sem Vítimas;Anoitecer;Decrescente;Céu Claro;Dupla;"Reta;Interseção de Vias;Aclive";Sim;2;0;0;0;0;1;0;2;-12,9421521;-38,4705689;SPRF-BA;DEL01/BA;UOP01-DEL01-BA
748934;30/01/2026;sexta-feira;08:00:00;PA;230;115;MARABA;Ausência de reação do condutor;Atropelamento de Pedestre;Com Vítimas Feridas;Pleno dia;Decrescente;Céu Claro;Simples;Reta;Sim;2;0;1;0;1;1;0;2;-5,35724937;-49,08831954;SPRF-PA;DEL03/PA;UOP01-DEL03-PA
748935;30/01/2026;sexta-feira;14:45:00;SC;470;62;INDAIAL;Acessar a via sem observar a presença dos outros veículos;Colisão transversal;Com Vítimas Feridas;Pleno dia;Crescente;Nevoeiro/Neblina;Simples;Reta;Não;2;0;1;0;1;0;0;2;-26,8745304;-49,18663708;SPRF-SC;DEL04/SC;UOP01-DEL04-SC
748936;30/01/2026;sexta-feira;13:40:00;PR;376;672;GUARATUBA;Velocidade Incompatível;Saída de leito carroçável;Com Vítimas Feridas;Pleno dia;Crescente;Chuva;Dupla;"Declive;Reta";Não;1;0;1;0;1;0;0;1;-25,90407441;-48,92292229;SPRF-PR;DEL01/PR;UOP04-DEL01-PR
748937;30/01/2026;sexta-feira;14:30:00;BA;415;52;ITABUNA;Acessar a via sem observar a presença dos outros veículos;Colisão transversal;Com Vítimas Feridas;Pleno dia;Decrescente;Sol;Simples;Reta;Sim;5;0;1;2;3;2;0;3;-14,843;-39,335;SPRF-BA;DEL05/BA;UOP01-DEL05-BA
748940;30/01/2026;sexta-feira;14:30:00;SP;116;216,9;GUARULHOS;Trafegar com motocicleta (ou similar) entre as faixas;Colisão lateral mesmo sentido;Com Vítimas Feridas;Pleno dia;Decrescente;Céu Claro;Múltipla;Reta;Sim;3;0;1;0;1;2;0;2;-23,458165;-46,480566;SPRF-SP;DEL01/SP;UOP01-DEL01-SP
748941;30/01/2026;sexta-feira;12:30:00;SC;101;434;SOMBRIO;Reação tardia ou ineficiente do condutor;Atropelamento de Pedestre;Com Vítimas Feridas;Pleno dia;Decrescente;Nublado;Simples;"Reta;Interseção de Vias";Sim;2;0;1;0;1;1;0;2;-29,10337285;-49,63568585;SPRF-SC;DEL02/SC;UOP02-DEL02-SC
748942;30/01/2026;sexta-feira;14:15:00;PR;153;19,1;JACAREZINHO;Reação tardia ou ineficiente do condutor;Colisão lateral mesmo sentido;Com Vítimas Feridas;Pleno dia;Crescente;Céu Claro;Simples;"Reta;Aclive";Sim;3;0;2;0;2;0;0;2;-23,15496;-49,95754;SPRF-PR;DEL07/PR;UOP04-DEL07-PR
748944;30/01/2026;sexta-feira;15:00:00;PA;316;22;BENEVIDES;Reação tardia ou ineficiente do condutor;Colisão traseira;Com Vítimas Feridas;Pleno dia;Decrescente;Nublado;Dupla;"Reta;Retorno Regulamentado";Sim;3;0;1;0;1;2;0;2;-1,35747844;-48,2597959;SPRF-PA;DEL01/PA;UOP01-DEL01-PA
748946;30/01/2026;sexta-feira;15:50:00;PB;230;19;JOAO PESSOA;Demais falhas mecânicas ou elétricas;Tombamento;Com Vítimas Feridas;Pleno dia;Decrescente;Céu Claro;Dupla;Reta;Sim;2;0;2;0;2;0;0;1;-7,131203;-34,852365;SPRF-PB;DEL01-PB;UOP01-DEL01-PB
748947;30/01/2026;sexta-feira;15:00:00;DF;20;6;BRASILIA;Acessar a via sem observar a presença dos outros veículos;Colisão traseira;Com Vítimas Feridas;Pleno dia;Crescente;Nublado;Dupla;Reta;Não;2;0;0;1;1;1;0;2;-15,663608;-47,802705;SPRF-DF;DEL02-DF;UOP01-DEL02-DF
748952;30/01/2026;sexta-feira;15:00:00;MG;381;274;JAGUARACU;Mal súbito do condutor;Colisão frontal;Com Vítimas Feridas;Pleno dia;Decrescente;Chuva;Simples;Reta;Não;3;0;2;0;2;0;0;3;-19,5773034;-42,72084832;SPRF-MG;DEL03/MG;UOP02-DEL03-MG
748954;30/01/2026;sexta-feira;15:40:00;PR;277;677,1;MEDIANEIRA;Manobra de mudança de faixa;Colisão traseira;Com Vítimas Feridas;Pleno dia;Decrescente;Céu Claro;Dupla;Reta;Sim;7;0;3;2;5;2;0;4;-25,301367;-54,127465;SPRF-PR;DEL05/PR;UOP01-DEL05-PR
748955;30/01/2026;sexta-feira;16:05:00;PE;232;409;SERRA TALHADA;Acessar a via sem observar a presença dos outros veículos;Atropelamento de Pedestre;Com Vítimas Feridas;Pleno dia;Decrescente;Céu Claro;Simples;Reta;Sim;3;0;0;1;1;0;0;2;-7,981791;-38,292412;SPRF-PE;DEL04/PE;UOP01-DEL04-PE
748956;30/01/2026;sexta-feira;16:20:00;ES;101;323;GUARAPARI;Demais falhas mecânicas ou elétricas;Tombamento;Com Vítimas Feridas;Pleno dia;Decrescente;Céu Claro;Dupla;Reta;Não;1;0;1;0;1;0;0;1;-20,5416113;-40,4825041;SPRF-ES;DEL03-ES;UOP01-DEL03-ES
748957;30/01/2026;sexta-feira;10:30:00;MG;116;634,9;DIVINO;Ultrapassagem Indevida;Colisão lateral mesmo sentido;Com Vítimas Feridas;Pleno dia;Crescente;Nublado;Simples;"Aclive;Curva";Não;3;0;1;0;1;2;0;2;-20,625896;-42,221587;SPRF-MG;DEL07/MG;UOP02-DEL07-MG
748958;30/01/2026;sexta-feira;16:40:00;RJ;101;63,3;CAMPOS DOS GOYTACAZES;Reação tardia ou ineficiente do condutor;Engavetamento;Com Vítimas Feridas;Pleno dia;Decrescente;Nublado;Simples;"Ponte;Reta;Aclive";Sim;5;0;1;0;1;2;0;5;-21,74358572;-41,33266926;SPRF-RJ;DEL08/RJ;UOP02-DEL08-RJ
748959;30/01/2026;sexta-feira;16:21:00;PE;101;86;JABOATAO DOS GUARARAPES;Ausência de reação do condutor;Tombamento;Com Vítimas Feridas;Pleno dia;Crescente;Céu Claro;Dupla;Reta;Não;2;0;0;1;1;0;0;2;-8,18589;-34,97069;SPRF-PE;DEL01/PE;UOP01-DEL01-PE
748960;30/01/2026;sexta-feira;13:33:00;RS;116;221;DOIS IRMAOS;Acessar a via sem observar a presença dos outros veículos;Colisão lateral mesmo sentido;Com Vítimas Feridas;Pleno dia;Decrescente;Nublado;Simples;"Aclive;Rotatória";Sim;2;0;2;0;2;0;0;2;-29,57843467;-51,09550087;SPRF-RS;DEL01/RS;UOP02-DEL01-RS
748961;30/01/2026;sexta-feira;15:20:00;RN;226;246;JUCURUTU;Ausência de reação do condutor;Queda de ocupante de veículo;Com Vítimas Feridas;Pleno dia;Crescente;Céu Claro;Simples;"Reta;Declive";Sim;2;0;0;2;2;0;0;1;-6,030819;-37,017253;SPRF-RN;DEL03-RN;UOP01-DEL03-RN
748962;30/01/2026;sexta-feira;15:50:00;SC;282;19,8;PALHOCA;Reação tardia ou ineficiente do condutor;Tombamento;Com Vítimas Feridas;Pleno dia;Decrescente;Nublado;Simples;Reta;Sim;2;0;0;1;1;1;0;2;-27,68335707;-48,7091732;SPRF-SC;DEL01/SC;UOP02-DEL01-SC
748965;30/01/2026;sexta-feira;16:50:00;MG;381;707,1;NEPOMUCENO;Ausência de reação do condutor;Colisão com objeto;Com Vítimas Feridas;Pleno dia;Decrescente;Nublado;Dupla;"Curva;Declive";Não;3;0;3;0;3;0;0;1;-21,333645;-45,171497;SPRF-MG;DEL04/MG;UOP02-DEL04-MG
748967;22/01/2026;quinta-feira;10:50:00;MS;163;245;DOURADOS;Manobra de mudança de faixa;Colisão lateral sentido oposto;Com Vítimas Feridas;Pleno dia;Decrescente;Céu Claro;Simples;Reta;Não;4;0;1;0;1;3;0;2;-22,34576;-54,808788;SPRF-MS;DEL04/MS;UOP02-DEL04-MS
748968;30/01/2026;sexta-feira;15:30:00;GO;60;344,7;SANTO ANTONIO DA BARRA;Acumulo de água sobre o pavimento;Colisão com objeto;Com Vítimas Feridas;Pleno dia;Decrescente;Nublado;Dupla;Curva;Não;1;0;1;0;1;0;0;1;-17,568383;-50,665053;SPRF-GO;DEL04/GO;UOP02-DEL04-GO
748970;30/01/2026;sexta-feira;17:14:00;PR;376;652,1;TIJUCAS DO SUL;Reação tardia ou ineficiente do condutor;Colisão com objeto;Com Vítimas Feridas;Pleno dia;Decrescente;Céu Claro;Dupla;"Curva;Declive";Não;1;0;1;0;1;0;0;1;-25,845;-49,061;SPRF-PR;DEL01/PR;UOP04-DEL01-PR
748974;30/01/2026;sexta-feira;16:40:00;PR;376;221,5;CAMBIRA;Ausência de reação do condutor;Saída de leito carroçável;Com Vítimas Fatais;Pleno dia;Crescente;Céu Claro;Dupla;Curva;Não;1;1;0;0;0;0;0;1;-23,60166639;-51,59119606;SPRF-PR;DEL09/PR;UOP01-DEL09-PR
748977;30/01/2026;sexta-feira;17:50:00;PE;407;126;PETROLINA;Ingestão de álcool pelo condutor;Colisão traseira;Com Vítimas Feridas;Pleno dia;Decrescente;Céu Claro;Múltipla;Rotatória;Sim;3;0;2;0;2;1;0;2;-9,38737;-40,5251;SPRF-PE;DEL06/PE;UOP01-DEL06-PE
748980;30/01/2026;sexta-feira;17:20:00;MT;70;67;GENERAL CARNEIRO;Ausência de reação do condutor;Colisão frontal;Com Vítimas Feridas;Pleno dia;Crescente;Céu Claro;Simples;"Reta;Interseção de Vias";Sim;2;0;0;1;1;1;0;2;-15,70778774;-52,76127648;SPRF-MT;DEL07/MT;UOP01-DEL07-MT
748981;30/01/2026;sexta-feira;17:40:00;RS;116;37,3;VACARIA;Pedestre andava na pista;Queda de ocupante de veículo;Com Vítimas Feridas;Pleno dia;Decrescente;Garoa/Chuvisco;Múltipla;Reta;Sim;2;0;1;0;1;0;0;2;-28,50105;-50,919973;SPRF-RS;DEL05/RS;UOP03-DEL05-RS
748984;30/01/2026;sexta-feira;17:50:00;RS;158;350,4;SANTA MARIA;Acessar a via sem observar a presença dos outros veículos;Colisão transversal;Com Vítimas Feridas;Pleno dia;Crescente;Céu Claro;Simples;"Reta;Interseção de Vias";Não;5;0;1;3;4;0;0;3;-29,75950192;-54,03606163;SPRF-RS;DEL09/RS;UOP01-DEL09-RS
748986;30/01/2026;sexta-feira;18:30:00;MG;381;877;POUSO ALEGRE;Ausência de reação do condutor;Capotamento;Com Vítimas Feridas;Anoitecer;Decrescente;Chuva;Dupla;Reta;Não;4;0;3;0;3;1;0;1;-22,38595225;-45,95066071;SPRF-MG;DEL16/MG;UOP01-DEL16-MG
748987;30/01/2026;sexta-feira;17:21:00;MG;381;529;RIO MANSO;Velocidade Incompatível;Saída de leito carroçável;Com Vítimas Feridas;Pleno dia;Crescente;Chuva;Dupla;"Curva;Declive";Não;2;0;2;0;2;0;0;1;-20,16241011;-44,34149981;SPRF-MG;DEL04/MG;UOP03-DEL04-MG
748988;30/01/2026;sexta-feira;16:00:00;MG;381;885;ESTIVA;Ausência de reação do condutor;Saída de leito carroçável;Com Vítimas Feridas;Pleno dia;Crescente;Chuva;Dupla;Curva;Não;2;0;2;0;2;0;0;1;-22,49802795;-46,01107836;SPRF-MG;DEL16/MG;UOP01-DEL16-MG
748989;30/01/2026;sexta-feira;17:30:00;PR;376;675,2;GUARATUBA;Animais na Pista;Atropelamento de Animal;Com Vítimas Feridas;Pleno dia;Crescente;Nublado;Simples;"Aclive;Reta";Não;2;0;2;0;2;0;0;1;-25,93015588;-48,91249403;SPRF-PR;DEL01/PR;UOP04-DEL01-PR
748990;30/01/2026;sexta-feira;18:00:00;RS;290;102,8;ELDORADO DO SUL;Condutor deixou de manter distância do veículo da frente;Engavetamento;Com Vítimas Feridas;Pleno dia;Crescente;Céu Claro;Dupla;"Reta;Aclive;Ponte";Não;5;0;1;0;1;4;0;4;-29,99132553;-51,27041885;SPRF-RS;DEL01/RS;UOP01-DEL01-RS
748991;30/01/2026;sexta-feira;17:50:00;PR;116;18;CURITIBA;Ausência de reação do condutor;Colisão traseira;Com Vítimas Feridas;Anoitecer;Crescente;Nublado;Dupla;Reta;Sim;3;0;2;0;2;1;0;2;-25,38888654;-49,19835297;SPRF-PR;DEL01/PR;UOP02-DEL01-PR
748994;30/01/2026;sexta-feira;19:05:00;SP;116;506;CAJATI;Ausência de reação do condutor;Saída de leito carroçável;Com Vítimas Feridas;Plena Noite;Crescente;Chuva;Simples;"Curva;Declive";Não;6;0;0;1;1;4;0;2;-24,78143563;-48,18388939;SPRF-SP;DEL05/SP;UOP02-DEL05-SP
748995;30/01/2026;sexta-feira;18:20:00;GO;153;498;GOIANIA;Trafegar com motocicleta (ou similar) entre as faixas;Colisão transversal;Com Vítimas Feridas;Anoitecer;Crescente;Garoa/Chuvisco;Dupla;Reta;Não;4;0;1;1;2;2;0;2;-16,692897;-49,23225;SPRF-GO;DEL01/GO;UOP01-DEL01-GO
748996;30/01/2026;sexta-feira;18:45:00;SC;101;38,8;JOINVILLE;Ausência de reação do condutor;Tombamento;Com Vítimas Feridas;Anoitecer;Decrescente;Nublado;Dupla;Reta;Sim;1;0;1;0;1;0;0;1;-26,29286914;-48,88450116;SPRF-SC;DEL03/SC;UOP01-DEL03-SC
748997;30/01/2026;sexta-feira;12:00:00;MA;135;253;CAPINZAL DO NORTE;Demais falhas mecânicas ou elétricas;Incêndio;Sem Vítimas;Pleno dia;Crescente;Céu Claro;Simples;Reta;Sim;1;0;0;0;0;0;1;1;-4,603832;-44,3453;SPRF-MA;DEL03-MA;UOP01-DEL03-MA
748998;30/01/2026;sexta-feira;19:10:00;RS;386;52,1;SEBERI;Reação tardia ou ineficiente do condutor;Tombamento;Com Vítimas Feridas;Anoitecer;Crescente;Céu Claro;Simples;Reta;Sim;1;0;0;1;1;0;0;1;-27,487422;-53,389853;SPRF-RS;DEL08/RS;UOP02-DEL08-RS
748999;30/01/2026;sexta-feira;16:36:00;RO;364;737;PORTO VELHO;Demais falhas mecânicas ou elétricas;Queda de ocupante de veículo;Com Vítimas Feridas;Pleno dia;Crescente;Céu Claro;Simples;Reta;Não;1;0;1;0;1;0;0;1;-9,019147;-64,01041;SPRF-RO;DEL01-RO;UOP02-DEL01-RO
749000;30/01/2026;sexta-feira;19:30:00;RS;290;101;PORTO ALEGRE;Manobra de mudança de faixa;Colisão lateral mesmo sentido;Com Vítimas Feridas;Anoitecer;Crescente;Céu Claro;Dupla;Reta;Não;2;0;1;0;1;0;0;2;-29,98719546;-51,25650853;SPRF-RS;DEL01/RS;UOP01-DEL01-RS
749001;30/01/2026;sexta-feira;16:20:00;BA;242;348;LENCOIS;Acessar a via sem observar a presença dos outros veículos;Atropelamento de Pedestre;Com Vítimas Feridas;Pleno dia;Decrescente;Céu Claro;Simples;Reta;Não;3;0;1;0;1;2;0;2;-12,50228048;-41,28284454;SPRF-BA;DEL06/BA;UOP02-DEL06-BA
749002;30/01/2026;sexta-feira;19:15:00;MS;163;615;SAO GABRIEL DO OESTE;Acessar a via sem observar a presença dos outros veículos;Colisão transversal;Com Vítimas Feridas;Plena Noite;Crescente;Céu Claro;Simples;"Reta;Interseção de Vias";Não;2;0;1;0;1;1;0;2;-19,38923503;-54,57158625;SPRF-MS;DEL06/MS;UOP02-DEL06-MS
749003;30/01/2026;sexta-feira;17:45:00;CE;116;305;JAGUARIBE;Transitar na contramão;Colisão frontal;Com Vítimas Feridas;Anoitecer;Decrescente;Céu Claro;Simples;Curva;Sim;2;0;0;1;1;1;0;2;-5,88025314;-38,61544132;SPRF-CE;DEL05/CE;UOP02-DEL05-CE
749004;30/01/2026;sexta-feira;18:00:00;RO;435;85;COLORADO DO OESTE;Condutor deixou de manter distância do veículo da frente;Colisão traseira;Com Vítimas Feridas;Plena Noite;Crescente;Nublado;Simples;"Reta;Aclive";Sim;2;0;1;0;1;1;0;2;-13,1280892;-60,54389477;SPRF-RO;DEL04-RO;UOP02-DEL04-RO
749005;30/01/2026;sexta-feira;17:35:00;RJ;101;328;NITEROI;Demais falhas mecânicas ou elétricas;Queda de ocupante de veículo;Com Vítimas Feridas;Anoitecer;Crescente;Chuva;Múltipla;Reta;Sim;1;0;1;0;1;0;0;1;-22,86986163;-43,16885658;SPRF-RJ;DEL02/RJ;UOP01-DEL02-RJ
749006;30/01/2026;sexta-feira;20:30:00;ES;101;147,2;LINHARES;Ausência de reação do condutor;Colisão traseira;Com Vítimas Feridas;Plena Noite;Decrescente;Chuva;Dupla;Reta;Sim;2;0;1;0;1;1;0;2;-19,4222549;-40,0779332;SPRF-ES;DEL04-ES;UOP01-DEL04-ES
749008;30/01/2026;sexta-feira;18:40:00;RJ;116;77;TERESOPOLIS;Ingestão de álcool pelo condutor;Queda de ocupante de veículo;Com Vítimas Feridas;Plena Noite;Decrescente;Chuva;Simples;"Curva;Aclive";Sim;1;0;1;0;1;0;0;1;-22,37163559;-42,95083221;SPRF-RJ;DEL04/RJ;UOP01-DEL04-RJ
749009;30/01/2026;sexta-feira;18:40:00;CE;222;56,9;SAO GONCALO DO AMARANTE;Animais na Pista;Atropelamento de Animal;Com Vítimas Feridas;Plena Noite;Decrescente;Céu Claro;Simples;Reta;Não;5;0;2;0;2;3;0;1;-3,670033;-39,057003;SPRF-CE;DEL01/CE;UOP03-DEL01-CE
749010;30/01/2026;sexta-feira;20:10:00;SC;101;404,8;ARARANGUA;Ausência de reação do condutor;Saída de leito carroçável;Com Vítimas Feridas;Plena Noite;Decrescente;Nublado;Dupla;Reta;Não;4;0;1;0;1;3;0;1;-28,90015665;-49,47481362;SPRF-SC;DEL02/SC;UOP02-DEL02-SC
749011;30/01/2026;sexta-feira;19:50:00;RJ;116;78;TERESOPOLIS;Ausência de reação do condutor;Colisão lateral sentido oposto;Com Vítimas Feridas;Plena Noite;Crescente;Chuva;Simples;Curva;Não;2;0;1;0;1;1;0;2;-22,37896818;-42,95207977;SPRF-RJ;DEL04/RJ;UOP01-DEL04-RJ
749014;30/01/2026;sexta-feira;21:10:00;MG;40;516;RIBEIRAO DAS NEVES;Ausência de reação do condutor;Tombamento;Com Vítimas Feridas;Plena Noite;Decrescente;Chuva;Dupla;Reta;Sim;1;0;1;0;1;0;0;1;-19,8226806;-44,0837035;SPRF-MG;DEL01/MG;UOP02-DEL01-MG
749015;30/01/2026;sexta-feira;16:00:00;PB;230;1,4;PATOS;Condutor deixou de manter distância do veículo da frente;Colisão lateral mesmo sentido;Com Vítimas Feridas;Pleno dia;Crescente;Sol;Simples;"Reta;Interseção de Vias";Sim;2;0;2;0;2;0;0;2;-7,01205156;-37,28815377;SPRF-PB;DEL03-PB;UOP01-DEL03-PB
749016;30/01/2026;sexta-feira;19:10:00;RN;101;151;GOIANINHA;Reação tardia ou ineficiente do condutor;Tombamento;Com Vítimas Feridas;Plena Noite;Crescente;Céu Claro;Dupla;Reta;Não;3;0;2;0;2;0;0;1;-6,3216;-35,181072;SPRF-RN;DEL01-RN;UOP01-DEL01-RN
749017;30/01/2026;sexta-feira;21:00:00;RJ;116;192;RIO DE JANEIRO;Deficiência do Sistema de Iluminação/Sinalização;Colisão traseira;Com Vítimas Feridas;Plena Noite;Crescente;Garoa/Chuvisco;Dupla;Reta;Não;2;0;1;0;1;1;0;2;-22,804813;-43,345192;SPRF-RJ;DEL06/RJ;UOP01-DEL06-RJ