id;data_inversa;dia_semana;horario;uf;br;km;municipio;causa_acidente;tipo_acidente;classificacao_acidente;fase_dia;sentido_via;condicao_metereologica;tipo_pista;tracado_via;uso_solo;pessoas;mortos;feridos_leves;feridos_graves;feridos;ilesos;ignorados;veiculos;latitude;longitude;regional;delegacia;uop
749491;02/02/2026;segunda-feira;03:45:00;GO;60;375;RIO VERDE;Ingestão de álcool pelo condutor;Saída de leito carroçável;Sem Vítimas;Plena Noite;Crescente;Nublado;Dupla;Reta;Não;1;0;0;0;0;1;0;1;-17,74051;-50,873337;SPRF-GO;DEL04/GO;UOP02-DEL04-GO
749492;01/02/2026;domingo;07:10:00;RJ;101;316;SAO GONCALO;Avarias e/ou desgaste excessivo no pneu;Queda de ocupante de veículo;Com Vítimas Feridas;Pleno dia;Crescente;Céu Claro;Dupla;Reta;Sim;2;0;2;0;2;0;0;1;-22,82912352;-43,09281869;SPRF-RJ;DEL02/RJ;UOP02-DEL02-RJ
749493;02/02/2026;segunda-feira;02:30:00;GO;364;163;JATAI;Ingestão de álcool pelo condutor;Saída de leito carroçável;Com Vítimas Feridas;Plena Noite;Crescente;Céu Claro;Simples;Reta;Não;1;0;0;1;1;0;0;1;-18,068795;-51,532795;SPRF-GO;DEL05/GO;UOP01-DEL05-GO
749494;01/02/2026;domingo;22:30:00;PI;343;4,6;TERESINA;Condutor desrespeitou a iluminação vermelha do semáforo;Colisão transversal;Com Vítimas Feridas;Plena Noite;Crescente;Céu Claro;Dupla;Interseção de Vias;Sim;2;0;1;0;1;1;0;2;-5,080232;-42,789945;SPRF-PI;DEL01-PI;UOP01-DEL01-PI
749495;02/02/2026;segunda-feira;05:10:00;GO;60;349;SANTO ANTONIO DA BARRA;Ingestão de álcool pelo condutor;Colisão com objeto;Com Vítimas Feridas;Amanhecer;Crescente;Nublado;Dupla;Reta;Sim;1;0;1;0;1;0;0;1;-17,589018;-50,705758;SPRF-GO;DEL04/GO;UOP02-DEL04-GO
749496;02/02/2026;segunda-feira;03:45:00;RO;364;711;PORTO VELHO;Ausência de reação do condutor;Saída de leito carroçável;Sem Vítimas;Plena Noite;Crescente;Céu Claro;Dupla;Reta;Não;1;0;0;0;0;0;1;1;-8,78510402;-63,85912506;SPRF-RO;DEL01-RO;UOP01-DEL01-RO
749497;02/02/2026;segunda-feira;02:30:00;RJ;116;173;SAO JOAO DE MERITI;Pedestre andava na pista;Atropelamento de Pedestre;Com Vítimas Feridas;Plena Noite;Crescente;Chuva;Dupla;Reta;Não;2;0;1;0;1;1;0;2;-22,79939122;-43,35479585;SPRF-RJ;DEL06/RJ;UOP01-DEL06-RJ
749500;01/02/2026;domingo;19:10:00;BA;101;428,3;MARAU;Ausência de reação do condutor;Colisão lateral sentido oposto;Com Vítimas Feridas;Plena Noite;Decrescente;Céu Claro;Simples;Curva;Não;6;0;1;0;1;4;0;2;-14,172598;-39,323442;SPRF-BA;DEL05/BA;UOP01-DEL05-BA
749502;02/02/2026;segunda-feira;00:10:00;PR;476;160,1;ARAUCARIA;Ausência de reação do condutor;Saída de leito carroçável;Com Vítimas Feridas;Plena Noite;Crescente;Nublado;Simples;Reta;Sim;1;0;1;0;1;0;0;1;-25,61871796;-49,43917321;SPRF-PR;DEL01/PR;UOP06-DEL01-PR
749504;02/02/2026;segunda-feira;06:35:00;SC;282;4,3;SAO JOSE;Trafegar com motocicleta (ou similar) entre as faixas;Colisão transversal;Com Vítimas Feridas;Pleno dia;Decrescente;Céu Claro;Simples;Reta;Sim;2;0;1;0;1;1;0;2;-27,59099;-48,6074;SPRF-SC;DEL01/SC;UOP01-DEL01-SC
749505;02/02/2026;segunda-feira;05:50:00;RS;290;133;ELDORADO DO SUL;Ultrapassagem Indevida;Colisão frontal;Com Vítimas Feridas;Amanhecer;Decrescente;Céu Claro;Simples;Reta;Não;3;0;2;0;2;0;0;3;-30,0619566;-51,53172843;SPRF-RS;DEL02/RS;UOP01-DEL02-RS
749506;01/02/2026;domingo;21:10:00;MG;40;45;PARACATU;Velocidade Incompatível;Saída de leito carroçável;Com Vítimas Feridas;Plena Noite;Crescente;Nublado;Simples;Reta;Não;1;0;1;0;1;0;0;1;-17,237;-46,842;SPRF-MG;DEL14/MG;UOP01-DEL14-MG
749507;02/02/2026;segunda-feira;06:20:00;SP;116;340;JUQUITIBA;Ausência de reação do condutor;Colisão traseira;Com Vítimas Feridas;Pleno dia;Decrescente;Nublado;Dupla;Curva;Não;4;0;1;0;1;3;0;2;-24,0037;-47,157568;SPRF-SP;DEL04/SP;UOP03-DEL04-SP
749508;02/02/2026;segunda-feira;03:20:00;MS;158;191,4;SELVIRIA;Animais na Pista;Atropelamento de Animal;Com Vítimas Feridas;Plena Noite;Crescente;Garoa/Chuvisco;Simples;Reta;Não;1;0;1;0;1;0;0;1;-20,32334964;-51,41455959;SPRF-MS;DEL08/MS;UOP01-DEL08-MS
749509;02/02/2026;segunda-feira;06:40:00;ES;262;78,5;DOMINGOS MARTINS;Ultrapassagem Indevida;Colisão frontal;Com Vítimas Feridas;Pleno dia;Crescente;Chuva;Simples;Curva;Não;2;0;1;1;2;0;0;2;-20,40971147;-40,92838168;SPRF-ES;DEL01-ES;UOP02-DEL01-ES
749510;24/01/2026;sábado;01:25:00;PR;277;595;CASCAVEL;Desrespeitar a preferência no cruzamento;Colisão frontal;Com Vítimas Feridas;Plena Noite;Decrescente;Céu Claro;Simples;"Aclive;Reta;Interseção de Vias";Sim;2;0;0;1;1;1;0;2;-24,983464;-53,472927;SPRF-PR;DEL04/PR;UOP01-DEL04-PR
749511;02/02/2026;segunda-feira;03:40:00;MA;316;620;TIMON;Ingestão de álcool pelo condutor;Colisão traseira;Sem Vítimas;Plena Noite;Crescente;Nublado;Simples;Rotatória;Sim;2;0;0;0;0;2;0;2;-5,13089287;-42,82102887;SPRF-MA;DEL03-MA;UOP02-DEL03-MA
749512;02/02/2026;segunda-feira;05:00:00;PR;163;183;SANTA TEREZA DO OESTE;Ausência de reação do condutor;Saída de leito carroçável;Sem Vítimas;Plena Noite;Decrescente;Céu Claro;Dupla;Curva;Não;1;0;0;0;0;1;0;1;-25,129138;-53,587685;SPRF-PR;DEL05/PR;UOP05-DEL05-PR
749513;02/02/2026;segunda-feira;06:30:00;PR;277;60,3;SAO JOSE DOS PINHAIS;Demais falhas mecânicas ou elétricas;Incêndio;Sem Vítimas;Pleno dia;Decrescente;Nublado;Dupla;Reta;Não;1;0;0;0;0;1;0;1;-25,552375;-49,036248;SPRF-PR;DEL01/PR;UOP01-DEL01-PR
749514;02/02/2026;segunda-feira;07:00:00;PE;101;86,1;JABOATAO DOS GUARARAPES;Pedestre cruzava a pista fora da faixa;Atropelamento de Pedestre;Com Vítimas Feridas;Pleno dia;Decrescente;Céu Claro;Dupla;Reta;Sim;5;0;2;3;5;0;0;3;-8,18459;-34,96802;SPRF-PE;DEL01/PE;UOP01-DEL01-PE
749515;02/02/2026;segunda-feira;07:08:00;ES;101;213,9;IBIRACU;Desrespeitar a preferência no cruzamento;Colisão transversal;Com Vítimas Feridas;Pleno dia;Decrescente;Nublado;Simples;"Reta;Interseção de Vias";Sim;4;0;2;0;2;2;0;2;-19,830058;-40,373137;SPRF-ES;DEL02-ES;UOP01-DEL02-ES
749517;02/02/2026;segunda-feira;07:00:00;SC;280;128,5;RIO NEGRINHO;Acessar a via sem observar a presença dos outros veículos;Colisão transversal;Com Vítimas Feridas;Pleno dia;Crescente;Nublado;Simples;"Reta;Interseção de Vias";Sim;2;0;1;0;1;1;0;2;-26,2438;-49,515356;SPRF-SC;DEL06/SC;UOP03-DEL06-SC
749518;02/02/2026;segunda-feira;06:10:00;MS;163;210,9;CAARAPO;Reação tardia ou ineficiente do condutor;Tombamento;Com Vítimas Feridas;Pleno dia;Crescente;Nublado;Simples;Reta;Sim;1;0;1;0;1;0;0;1;-22,61435977;-54,81615908;SPRF-MS;DEL04/MS;UOP02-DEL04-MS
749519;02/02/2026;segunda-feira;07:00:00;RS;290;81;GRAVATAI;Condutor deixou de manter distância do veículo da frente;Colisão traseira;Com Vítimas Feridas;Pleno dia;Crescente;Céu Claro;Dupla;Reta;Não;2;0;1;0;1;1;0;2;-29,95561967;-51,00876896;SPRF-RS;DEL01/RS;UOP01-DEL01-RS
749520;02/02/2026;segunda-feira;06:55:00;MG;116;581,3;MANHUACU;Acessar a via sem observar a presença dos outros veículos;Colisão transversal;Com Vítimas Feridas;Amanhecer;Crescente;Céu Claro;Simples;Reta;Não;2;0;0;1;1;1;0;2;-20,20936749;-42,18235016;SPRF-MG;DEL06/MG;UOP03-DEL06-MG
749521;02/02/2026;segunda-feira;05:30:00;PR;163;238,2;TOLEDO;Condutor Dormindo;Saída de leito carroçável;Com Vítimas Feridas;Amanhecer;Decrescente;Nevoeiro/Neblina;Dupla;"Reta;Retorno Regulamentado";Não;1;0;1;0;1;0;0;1;-24,73781;-53,69558;SPRF-PR;DEL04/PR;UOP01-DEL04-PR
749523;02/02/2026;segunda-feira;04:34:00;MA;402;15;ROSARIO;Avarias e/ou desgaste excessivo no pneu;Saída de leito carroçável;Com Vítimas Feridas;Plena Noite;Crescente;Céu Claro;Simples;Reta;Não;2;0;1;1;2;0;0;1;-2,934617;-44,2005;SPRF-MA;DEL01-MA;UOP01-DEL01-MA
749524;02/02/2026;segunda-feira;07:25:00;SC;101;203,1;SAO JOSE;Reação tardia ou ineficiente do condutor;Colisão traseira;Sem Vítimas;Pleno dia;Crescente;Céu Claro;Dupla;Reta;Sim;2;0;0;0;0;2;0;2;-27,56717;-48,61398;SPRF-SC;DEL01/SC;UOP01-DEL01-SC
749525;02/02/2026;segunda-feira;06:53:00;RS;470;215;BENTO GONCALVES;Conversão proibida;Colisão frontal;Com Vítimas Feridas;Pleno dia;Crescente;Céu Claro;Simples;"Reta;Retorno Regulamentado";Sim;2;0;0;1;1;1;0;2;-29,16120699;-51,52657477;SPRF-RS;DEL06/RS;UOP01-DEL06-RS
749527;02/02/2026;segunda-feira;07:30:00;RJ;116;196;QUEIMADOS;Condutor deixou de manter distância do veículo da frente;Colisão traseira;Com Vítimas Feridas;Pleno dia;Crescente;Céu Claro;Múltipla;Reta;Sim;2;0;1;0;1;1;0;2;-22,73287334;-43,55709879;SPRF-RJ;DEL06/RJ;UOP01-DEL06-RJ
749528;01/02/2026;domingo;23:50:00;MG;50;176;UBERABA;Condutor Dormindo;Colisão com objeto;Com Vítimas Feridas;Plena Noite;Decrescente;Nublado;Dupla;Reta;Sim;1;0;1;0;1;0;0;1;-19,779306;-47,959296;SPRF-MG;DEL13/MG;UOP01-DEL13-MG
749529;02/02/2026;segunda-feira;07:30:00;PE;101;70,3;RECIFE;Reação tardia ou ineficiente do condutor;Colisão lateral mesmo sentido;Com Vítimas Feridas;Pleno dia;Crescente;Céu Claro;Dupla;Reta;Não;2;0;0;1;1;1;0;2;-8,07321;-34,94298;SPRF-PE;DEL01/PE;UOP01-DEL01-PE
749530;02/02/2026;segunda-feira;06:10:00;PI;343;342;TERESINA;Animais na Pista;Atropelamento de Animal;Com Vítimas Feridas;Pleno dia;Crescente;Céu Claro;Simples;Reta;Sim;2;0;2;0;2;0;0;1;-5,0785905;-42,7831996;SPRF-PI;DEL01-PI;UOP01-DEL01-PI
749531;01/02/2026;domingo;13:50:00;PA;308;156;QUATIPURU;Velocidade Incompatível;Saída de leito carroçável;Com Vítimas Feridas;Pleno dia;Decrescente;Céu Claro;Simples;Reta;Não;1;0;1;0;1;0;0;1;-1;-47;SPRF-PA;DEL01/PA;UOP03-DEL01-PA
749532;01/02/2026;domingo;19:30:00;SP;101;34;UBATUBA;Objeto estático sobre o leito carroçável;Colisão com objeto;Com Vítimas Feridas;Anoitecer;Decrescente;Chuva;Simples;Reta;Não;2;0;1;1;2;0;0;1;-23,38995009;-44,98780108;SPRF-SP;DEL06/SP;UOP01-DEL06-SP
749535;02/02/2026;segunda-feira;07:30:00;DF;70;16;BRASILIA;Velocidade Incompatível;Engavetamento;Com Vítimas Feridas;Pleno dia;Decrescente;Céu Claro;Dupla;Reta;Sim;4;0;2;0;2;2;0;3;-15,79418447;-48,20181978;SPRF-DF;DEL03-DF;UOP02-DEL03-DF
749537;02/02/2026;segunda-feira;08:10:00;BA;116;676;JEQUIE;Acessar a via sem observar a presença dos outros veículos;Saída de leito carroçável;Sem Vítimas;Pleno dia;Crescente;Céu Claro;Simples;"Curva;Interseção de Vias";Não;1;0;0;0;0;1;0;1;-13,87331008;-40,12860847;SPRF-BA;DEL03/BA;UOP01-DEL03-BA
749538;02/02/2026;segunda-feira;07:40:00;PR;153;41;SANTO ANTONIO DA PLATINA;Acessar a via sem observar a presença dos outros veículos;Colisão transversal;Com Vítimas Feridas;Pleno dia;Decrescente;Garoa/Chuvisco;Simples;Reta;Sim;2;0;1;0;1;0;0;2;-23,29384481;-50,06396627;SPRF-PR;DEL07/PR;UOP04-DEL07-PR
749540;02/02/2026;segunda-feira;07:30:00;SC;163;70,3;SAO MIGUEL DO OESTE;Ausência de reação do condutor;Tombamento;Com Vítimas Feridas;Pleno dia;Crescente;Céu Claro;Dupla;Reta;Sim;1;0;1;0;1;0;0;1;-26,73333167;-53,50875556;SPRF-SC;DEL07/SC;UOP03-DEL07-SC
749541;02/02/2026;segunda-feira;05:44:00;MG;381;698;LAVRAS;Ausência de reação do condutor;Colisão com objeto;Com Vítimas Feridas;Pleno dia;Decrescente;Chuva;Dupla;Reta;Não;1;0;1;0;1;0;0;1;-21,270847;-45,135767;SPRF-MG;DEL04/MG;UOP02-DEL04-MG
749542;02/02/2026;segunda-feira;08:00:00;SC;101;89;BARRA VELHA;Manobra de mudança de faixa;Colisão lateral mesmo sentido;Com Vítimas Feridas;Pleno dia;Crescente;Céu Claro;Simples;Reta;Não;2;0;1;0;1;1;0;2;-26,6695502;-48,69003296;SPRF-SC;DEL03/SC;UOP02-DEL03-SC
749543;02/02/2026;segunda-feira;09:00:00;SC;282;27;SANTO AMARO DA IMPERATRIZ;Acessar a via sem observar a presença dos outros veículos;Colisão transversal;Com Vítimas Feridas;Pleno dia;Crescente;Céu Claro;Simples;Reta;Sim;3;0;1;1;2;1;0;2;-27,676;-48,768;SPRF-SC;DEL01/SC;UOP03-DEL01-SC
749544;02/02/2026;segunda-feira;08:45:00;RN;427;54,4;JARDIM DO SERIDO;Acessar a via sem observar a presença dos outros veículos;Colisão transversal;Com Vítimas Feridas;Pleno dia;Crescente;Céu Claro;Simples;"Reta;Aclive;Interseção de Vias";Sim;2;0;1;1;2;0;0;2;-6,58838754;-36,76697016;SPRF-RN;DEL03-RN;UOP01-DEL03-RN
749545;02/02/2026;segunda-feira;09:40:00;RN;101;107;PARNAMIRIM;Ultrapassagem Indevida;Colisão traseira;Com Vítimas Feridas;Pleno dia;Crescente;Sol;Dupla;Reta;Sim;2;0;0;1;1;1;0;2;-5,92646063;-35,26507728;SPRF-RN;DEL01-RN;UOP01-DEL01-RN
749546;02/02/2026;segunda-feira;08:58:00;MG;381;482;BETIM;Manobra de mudança de faixa;Colisão lateral mesmo sentido;Com Vítimas Feridas;Pleno dia;Decrescente;Chuva;Dupla;Reta;Sim;3;0;1;0;1;0;0;3;-19,9585089;-44,0757002;SPRF-MG;DEL01/MG;UOP03-DEL01-MG
749547;02/02/2026;segunda-feira;08:40:00;RJ;101;208;CASIMIRO DE ABREU;Reação tardia ou ineficiente do condutor;Colisão transversal;Com Vítimas Feridas;Pleno dia;Decrescente;Céu Claro;Simples;Reta;Não;5;0;1;0;1;4;0;2;-22,47558973;-42,17229033;SPRF-RJ;DEL08/RJ;UOP04-DEL08-RJ
749548;02/02/2026;segunda-feira;07:00:00;MS;60;415;SIDROLANDIA;Condutor usando celular;Colisão traseira;Com Vítimas Feridas;Pleno dia;Crescente;Garoa/Chuvisco;Simples;Reta;Não;3;0;1;0;1;2;0;2;-20,897626;-54,878496;SPRF-MS;DEL01/MS;UOP04-DEL01-MS
749550;02/02/2026;segunda-feira;09:20:00;SP;116;167;JACAREI;Reação tardia ou ineficiente do condutor;Queda de ocupante de veículo;Com Vítimas Feridas;Pleno dia;Crescente;Nublado;Simples;Curva;Sim;1;0;1;0;1;0;0;1;-23,30127048;-46,02035522;SPRF-SP;DEL02/SP;UOP01-DEL02-SP
749551;02/02/2026;segunda-feira;09:15:00;PR;376;184;SARANDI;Reação tardia ou ineficiente do condutor;Colisão traseira;Com Vítimas Feridas;Pleno dia;Decrescente;Céu Claro;Dupla;"Reta;Viaduto";Sim;4;0;2;0;2;2;0;2;-23,4405;-51,87277;SPRF-PR;DEL09/PR;UOP01-DEL09-PR
749552;02/02/2026;segunda-feira;09:15:00;PR;376;139,2;NOVA ESPERANCA;Acesso irregular;Saída de leito carroçável;Com Vítimas Feridas;Pleno dia;Crescente;Nublado;Dupla;Curva;Não;1;0;1;0;1;0;0;1;-23,223639;-52,178459;SPRF-PR;DEL09/PR;UOP02-DEL09-PR
749553;02/02/2026;segunda-feira;09:25:00;RS;290;233;RIO PARDO;Transitar na contramão;Colisão frontal;Com Vítimas Fatais;Pleno dia;Decrescente;Céu Claro;Simples;Reta;Não;3;1;0;2;2;0;0;2;-30,214266;-52,553867;SPRF-RS;DEL02/RS;UOP03-DEL02-RS
749554;02/02/2026;segunda-feira;10:00:00;SC;101;113,2;ITAJAI;Trafegar com motocicleta (ou similar) entre as faixas;Colisão traseira;Com Vítimas Feridas;Pleno dia;Decrescente;Céu Claro;Múltipla;Reta;Sim;2;0;0;1;1;1;0;2;-26,8554969;-48,7269808;SPRF-SC;DEL04/SC;UOP04-DEL04-SC
749555;02/02/2026;segunda-feira;10:20:00;PR;277;724;FOZ DO IGUACU;Reação tardia ou ineficiente do condutor;Tombamento;Com Vítimas Feridas;Pleno dia;Decrescente;Céu Claro;Dupla;Reta;Sim;1;0;1;0;1;0;0;1;-25,50482134;-54,5421018;SPRF-PR;DEL05/PR;UOP03-DEL05-PR
749558;02/02/2026;segunda-feira;09:30:00;PE;232;47;VITORIA DE SANTO ANTAO;Manobra de mudança de faixa;Colisão traseira;Com Vítimas Feridas;Pleno dia;Decrescente;Sol;Dupla;Reta;Não;2;0;0;1;1;1;0;2;-8,1401421;-35,3020554;SPRF-PE;DEL02/PE;UOP02-DEL02PE
749559;02/02/2026;segunda-feira;07:30:00;RJ;40;16;TRES RIOS;Condutor Dormindo;Saída de leito carroçável;Com Vítimas Feridas;Pleno dia;Decrescente;Céu Claro;Simples;"Reta;Aclive";Não;3;0;3;0;3;0;0;1;-22,07584959;-43,18259686;SPRF-RJ;DEL05/RJ;UOP02-DEL05-RJ
749561;02/02/2026;segunda-feira;09:10:00;PR;369;484,3;CORBELIA;Acessar a via sem observar a presença dos outros veículos;Colisão transversal;Com Vítimas Feridas;Pleno dia;Decrescente;Nublado;Dupla;"Reta;Viaduto;Interseção de Vias";Sim;3;0;0;2;2;1;0;2;-24,79288514;-53,28804439;SPRF-PR;DEL04/PR;UOP03-DEL04-PR
749562;25/01/2026;domingo;23:15:00;PR;369;145,9;LONDRINA;Ingestão de álcool pelo condutor;Colisão traseira;Com Vítimas Feridas;Plena Noite;Decrescente;Céu Claro;Dupla;Reta;Sim;5;0;3;0;3;2;0;2;-23,29316752;-51,12000553;SPRF-PR;DEL07/PR;UOP01-DEL07-PR
749563;02/02/2026;segunda-feira;11:00:00;PE;101;73,7;RECIFE;Ausência de reação do condutor;Colisão lateral mesmo sentido;Com Vítimas Feridas;Pleno dia;Decrescente;Céu Claro;Dupla;Curva;Não;2;0;0;1;1;1;0;2;-8,09907;-34,95019;SPRF-PE;DEL01/PE;UOP01-DEL01-PE
749564;02/02/2026;segunda-feira;09:20:00;SC;101;254;PAULO LOPES;Ausência de reação do condutor;Saída de leito carroçável;Com Vítimas Feridas;Pleno dia;Crescente;Céu Claro;Múltipla;"Interseção de Vias;Viaduto";Sim;1;0;0;1;1;0;0;1;-27,98267688;-48,67947428;SPRF-SC;DEL02/SC;UOP03-DEL02-SC
749565;30/01/2026;sexta-feira;08:00:00;MS;262;320;CAMPO GRANDE;Acessar a via sem observar a presença dos outros veículos;Colisão transversal;Com Vítimas Feridas;Pleno dia;Decrescente;Céu Claro;Simples;"Retorno Regulamentado;Reta;Interseção de Vias";Sim;2;0;0;1;1;1;0;2;-20,46997698;-54,48279421;SPRF-MS;DEL01/MS;UOP01-DEL01-MS
749566;02/02/2026;segunda-feira;11:00:00;PR;376;184;SARANDI;Manobra de mudança de faixa;Colisão lateral mesmo sentido;Sem Vítimas;Pleno dia;Decrescente;Céu Claro;Dupla;"Reta;Declive";Sim;2;0;0;0;0;2;0;2;-23,4405;-51,87277;SPRF-PR;DEL09/PR;UOP01-DEL09-PR
749567;02/02/2026;segunda-feira;11:00:00;SP;116;61,7;GUARATINGUETA;Ausência de reação do condutor;Capotamento;Com Vítimas Feridas;Pleno dia;Crescente;Céu Claro;Dupla;"Reta;Aclive";Sim;2;0;2;0;2;0;0;1;-22,803769;-45,171434;SPRF-SP;DEL08/SP;UOP01-DEL08-SP
749568;02/02/2026;segunda-feira;10:15:00;RO;319;64;PORTO VELHO;Manobra de mudança de faixa;Colisão lateral mesmo sentido;Sem Vítimas;Pleno dia;Decrescente;Céu Claro;Dupla;"Reta;Interseção de Vias";Sim;4;0;0;0;0;4;0;2;-8,76111934;-63,88562528;SPRF-RO;DEL01-RO;UOP01-DEL01-RO
749570;02/02/2026;segunda-feira;11:45:00;SC;470;135;RIO DO SUL;Acessar a via sem observar a presença dos outros veículos;Colisão transversal;Com Vítimas Feridas;Pleno dia;Decrescente;Céu Claro;Simples;Reta;Sim;2;0;0;1;1;1;0;2;-27,181219;-49,59952;SPRF-SC;DEL04/SC;UOP02-DEL04-SC
749572;02/02/2026;segunda-feira;11:45:00;ES;101;303,2;VIANA;Manobra de mudança de faixa;Colisão lateral mesmo sentido;Com Vítimas Feridas;Pleno dia;Decrescente;Céu Claro;Dupla;Reta;Sim;2;0;1;0;1;1;0;2;-20,377547;-40,446702;SPRF-ES;DEL01-ES;UOP01-DEL01-ES
749573;30/01/2026;sexta-feira;06:10:00;MT;364;1233;COMODORO;Ausência de reação do condutor;Saída de leito carroçável;Com Vítimas Feridas;Pleno dia;Crescente;Sol;Simples;Reta;Não;2;0;1;1;2;0;0;1;-13,67424648;-59,74084856;SPRF-MT;DEL04/MT;UOP02-DEL04-MT
749575;02/02/2026;segunda-feira;10:20:00;RO;364;694;PORTO VELHO;Reação tardia ou ineficiente do condutor;Colisão lateral mesmo sentido;Sem Vítimas;Pleno dia;Decrescente;Garoa/Chuvisco;Dupla;Reta;Não;4;0;0;0;0;4;0;2;-8,80062217;-63,72287786;SPRF-RO;DEL01-RO;UOP01-DEL01-RO
749576;02/02/2026;segunda-feira;11:20:00;RJ;101;457,7;ANGRA DOS REIS;Ultrapassagem Indevida;Colisão lateral mesmo sentido;Com Vítimas Feridas;Pleno dia;Crescente;Nublado;Simples;"Aclive;Reta";Sim;4;0;2;0;2;2;0;3;-23,03736;-44,18365;SPRF-RJ;DEL03/RJ;UOP03-DEL03-RJ
749577;02/02/2026;segunda-feira;10:05:00;RO;364;340;JI-PARANA;Ausência de reação do condutor;Colisão transversal;Com Vítimas Feridas;Pleno dia;Crescente;Céu Claro;Dupla;Retorno Regulamentado;Sim;2;0;1;0;1;1;0;2;-10,89283568;-61,93056934;SPRF-RO;DEL02-RO;UOP01-DEL02-RO
749578;02/02/2026;segunda-feira;11:45:00;GO;60;321;ACREUNA;Reação tardia ou ineficiente do condutor;Saída de leito carroçável;Com Vítimas Feridas;Pleno dia;Crescente;Chuva;Dupla;Reta;Não;2;0;1;1;2;0;0;1;-17,50787;-50,472847;SPRF-GO;DEL04/GO;UOP02-DEL04-GO
749579;02/02/2026;segunda-feira;10:00:00;PE;104;73;CARUARU;Reação tardia ou ineficiente do condutor;Colisão traseira;Com Vítimas Feridas;Pleno dia;Decrescente;Sol;Simples;Reta;Não;2;0;1;0;1;1;0;2;-8,36450244;-35,98598767;SPRF-PE;DEL02/PE;UOP01-DEL02-PE
749580;02/02/2026;segunda-feira;12:10:00;SC;282;220,3;LAGES;Transitar na contramão;Colisão transversal;Com Vítimas Feridas;Pleno dia;Crescente;Céu Claro;Simples;Reta;Sim;2;0;1;0;1;1;0;2;-27,79384592;-50,33484785;SPRF-SC;DEL05/SC;UOP01-DEL05-SC
749583;02/02/2026;segunda-feira;13:20:00;PR;376;167,5;MARINGA;Reação tardia ou ineficiente do condutor;Saída de leito carroçável;Com Vítimas Feridas;Pleno dia;Crescente;Nublado;Dupla;Curva;Não;1;0;1;0;1;0;0;1;-23,39150034;-52,01242089;SPRF-PR;DEL09/PR;UOP01-DEL09-PR
749584;02/02/2026;segunda-feira;13:30:00;SC;101;202,7;SAO JOSE;Reação tardia ou ineficiente do condutor;Colisão lateral mesmo sentido;Com Vítimas Feridas;Pleno dia;Crescente;Céu Claro;Múltipla;Reta;Sim;6;0;0;1;1;5;0;3;-27,56255383;-48,61608379;SPRF-SC;DEL01/SC;UOP01-DEL01-SC
749585;02/02/2026;segunda-feira;12:00:00;SP;381;88;GUARULHOS;Velocidade Incompatível;Colisão com objeto;Com Vítimas Feridas;Pleno dia;Decrescente;Céu Claro;Múltipla;Reta;Sim;1;0;1;0;1;0;0;1;-23,49188742;-46,55907456;SPRF-SP;DEL03/SP;UOP01-DEL03-SP
749586;09/01/2026;sexta-feira;15:00:00;RJ;495;21,5;PETROPOLIS;Demais falhas mecânicas ou elétricas;Incêndio;Sem Vítimas;Pleno dia;Decrescente;Céu Claro;Simples;Reta;Sim;4;0;0;0;0;4;0;1;-22,427587;-43,060245;SPRF-RJ;DEL05/RJ;UOP02-DEL05-RJ
749587;02/02/2026;segunda-feira;13:20:00;SC;101;209;SAO JOSE;Demais falhas mecânicas ou elétricas;Tombamento;Com Vítimas Feridas;Pleno dia;Decrescente;Céu Claro;Dupla;Reta;Não;2;0;2;0;2;0;0;1;-27,61375616;-48,64230959;SPRF-SC;DEL01/SC;UOP01-DEL01-SC
749590;02/02/2026;segunda-feira;11:45:00;MA;222;674,5;ACAILANDIA;Acessar a via sem observar a presença dos outros veículos;Colisão transversal;Com Vítimas Feridas;Pleno dia;Decrescente;Céu Claro;Simples;"Reta;Declive";Sim;3;0;0;1;1;2;0;2;-4,953988;-47,488293;SPRF-MA;DEL04-MA;UOP03-DEL04-MA
749592;02/02/2026;segunda-feira;13:00:00;SE;101;181,2;UMBAUBA;Acessar a via sem observar a presença dos outros veículos;Colisão transversal;Com Vítimas Feridas;Pleno dia;Decrescente;Céu Claro;Simples;Reta;Não;2;0;0;2;2;0;0;2;-11,36978763;-37,64931886;SPRF-SE;DEL02-SE;UOP03-DEL02-SE
749594;02/02/2026;segunda-feira;14:10:00;DF;80;11;BRASILIA;Ingestão de álcool pelo condutor;Colisão traseira;Com Vítimas Feridas;Pleno dia;Crescente;Nublado;Simples;Reta;Não;3;0;1;0;1;2;0;2;-15,730893;-48,180622;SPRF-DF;DEL03-DF;UOP02-DEL03-DF
749596;02/02/2026;segunda-feira;13:30:00;PB;101;45,9;MAMANGUAPE;Reação tardia ou ineficiente do condutor;Colisão com objeto;Com Vítimas Feridas;Pleno dia;Decrescente;Sol;Dupla;Reta;Não;1;0;1;0;1;0;0;1;-6,89112011;-35,12586504;SPRF-PB;DEL01-PB;UOP03-DEL01-PB