id;data_inversa;dia_semana;horario;uf;br;km;municipio;causa_acidente;tipo_acidente;classificacao_acidente;fase_dia;sentido_via;condicao_metereologica;tipo_pista;tracado_via;uso_solo;pessoas;mortos;feridos_leves;feridos_graves;feridos;ilesos;ignorados;veiculos;latitude;longitude;regional;delegacia;uop
749726;03/02/2026;terça-feira;05:45:00;RJ;116;104,8;GUAPIMIRIM;Velocidade Incompatível;Colisão frontal;Com Vítimas Fatais;Plena Noite;Crescente;Céu Claro;Simples;Curva;Não;7;1;0;3;3;3;0;4;-22,5359395;-42,9855591;SPRF-RJ;DEL04/RJ;UOP01-DEL04-RJ
749727;03/02/2026;terça-feira;06:30:00;SC;101;180,1;GOVERNADOR CELSO RAMOS;Reação tardia ou ineficiente do condutor;Saída de leito carroçável;Com Vítimas Feridas;Pleno dia;Crescente;Garoa/Chuvisco;Múltipla;"Reta;Aclive";Sim;1;0;0;1;1;0;0;1;-27,38191379;-48,63072395;SPRF-SC;DEL01/SC;UOP01-DEL01-SC
749728;03/02/2026;terça-feira;07:20:00;ES;101;309,9;VIANA;Condutor Dormindo;Saída de leito carroçável;Com Vítimas Feridas;Pleno dia;Crescente;Céu Claro;Dupla;"Curva;Aclive";Não;1;0;1;0;1;0;0;1;-20,42289683;-40,45981407;SPRF-ES;DEL01-ES;UOP01-DEL01-ES
749730;03/02/2026;terça-feira;08:20:00;GO;40;6;VALPARAISO DE GOIAS;Área urbana sem a presença de local apropriado para a travessia de pedestres;Atropelamento de Pedestre;Com Vítimas Feridas;Pleno dia;Decrescente;Céu Claro;Dupla;Aclive;Sim;2;0;0;1;1;0;0;2;-16,1044757;-47,97476113;SPRF-DF;DEL01-DF;UOP01-DEL01-DF
749731;03/02/2026;terça-feira;07:30:00;PR;467;108,2;CASCAVEL;Ausência de reação do condutor;Tombamento;Com Vítimas Feridas;Pleno dia;Crescente;Nublado;Dupla;Curva;Não;2;0;1;0;1;0;0;2;-24,92219;-53,46999;SPRF-PR;DEL04/PR;UOP01-DEL04-PR
749732;03/02/2026;terça-feira;00:30:00;RJ;116;278;BARRA MANSA;Demais falhas mecânicas ou elétricas;Incêndio;Sem Vítimas;Plena Noite;Decrescente;Garoa/Chuvisco;Simples;Reta;Não;1;0;0;0;0;0;1;1;-22,5529538;-44,17759029;SPRF-RJ;DEL07/RJ;UOP02-DEL07-RJ
749733;03/02/2026;terça-feira;08:10:00;RS;290;86;PORTO ALEGRE;Ausência de reação do condutor;Capotamento;Sem Vítimas;Pleno dia;Crescente;Céu Claro;Dupla;Curva;Não;1;0;0;0;0;0;1;1;-29,96686738;-51,11739669;SPRF-RS;DEL01/RS;UOP01-DEL01-RS
749734;03/02/2026;terça-feira;07:30:00;SC;282;21,7;SANTO AMARO DA IMPERATRIZ;Ingestão de álcool pelo condutor;Colisão traseira;Com Vítimas Feridas;Pleno dia;Crescente;Chuva;Simples;Reta;Sim;2;0;1;0;1;1;0;2;-27,68824982;-48,72633934;SPRF-SC;DEL01/SC;UOP02-DEL01-SC
749735;03/02/2026;terça-feira;07:10:00;RO;364;13;VILHENA;Reação tardia ou ineficiente do condutor;Colisão traseira;Sem Vítimas;Pleno dia;Decrescente;Céu Claro;Dupla;Reta;Sim;2;0;0;0;0;2;0;2;-12,74057;-60,13363;SPRF-RO;DEL04-RO;UOP01-DEL04-RO
749736;03/02/2026;terça-feira;08:15:00;PR;277;83,4;CURITIBA;Manobra de mudança de faixa;Colisão traseira;Com Vítimas Feridas;Pleno dia;Crescente;Nublado;Dupla;Reta;Sim;2;0;0;1;1;1;0;2;-25,446771;-49,230969;SPRF-PR;DEL01/PR;UOP03-DEL01-PR
749737;03/02/2026;terça-feira;07:20:00;CE;116;19;EUSEBIO;Acumulo de areia ou detritos sobre o pavimento;Queda de ocupante de veículo;Com Vítimas Feridas;Pleno dia;Crescente;Céu Claro;Múltipla;Retorno Regulamentado;Sim;2;0;2;0;2;0;0;1;-3,9185993;-38,5071546;SPRF-CE;DEL01/CE;UOP02-DEL01-CE
749738;03/02/2026;terça-feira;07:53:00;PE;101;50;ABREU E LIMA;Manobra de mudança de faixa;Colisão lateral mesmo sentido;Com Vítimas Feridas;Pleno dia;Crescente;Céu Claro;Múltipla;"Reta;Retorno Regulamentado";Sim;2;0;1;0;1;0;0;2;-7,91471646;-34,89884946;SPRF-PE;DEL01/PE;UOP02-DEL01-PE
749740;03/02/2026;terça-feira;07:55:00;GO;60;387;RIO VERDE;Manobra de mudança de faixa;Colisão lateral mesmo sentido;Com Vítimas Feridas;Pleno dia;Crescente;Chuva;Dupla;Reta;Sim;2;0;0;1;1;1;0;2;-17,82057;-50,946487;SPRF-GO;DEL04/GO;UOP02-DEL04-GO
749741;03/02/2026;terça-feira;08:40:00;SP;116;230;SAO PAULO;Ausência de reação do condutor;Colisão traseira;Com Vítimas Feridas;Pleno dia;Crescente;Nublado;Múltipla;Reta;Sim;4;0;1;0;1;3;0;3;-23,51661169;-46,5802273;SPRF-SP;DEL01/SP;UOP01-DEL01-SP
749742;03/02/2026;terça-feira;08:00:00;RJ;116;192;NOVA IGUACU;Reação tardia ou ineficiente do condutor;Tombamento;Com Vítimas Feridas;Pleno dia;Crescente;Céu Claro;Dupla;Reta;Sim;1;0;1;0;1;0;0;1;-22,7426411;-43,5185651;SPRF-RJ;DEL06/RJ;UOP01-DEL06-RJ
749743;03/02/2026;terça-feira;04:40:00;RN;427;14;ACARI;Animais na Pista;Atropelamento de Animal;Com Vítimas Feridas;Plena Noite;Decrescente;Céu Claro;Simples;"Declive;Reta";Não;1;0;1;0;1;0;0;1;-6,347212;-36,58915;SPRF-RN;DEL03-RN;UOP02-DEL03-RN
749744;03/02/2026;terça-feira;08:30:00;SP;381;48;ATIBAIA;Condutor deixou de manter distância do veículo da frente;Colisão traseira;Com Vítimas Feridas;Pleno dia;Crescente;Garoa/Chuvisco;Dupla;Reta;Não;4;0;2;0;2;2;0;2;-23,19131143;-46,58477783;SPRF-SP;DEL03/SP;UOP01-DEL03-SP
749745;03/02/2026;terça-feira;08:40:00;MG;381;481;CONTAGEM;Manobra de mudança de faixa;Colisão lateral mesmo sentido;Com Vítimas Feridas;Pleno dia;Decrescente;Chuva;Múltipla;"Reta;Declive";Sim;2;0;1;1;2;0;0;2;-19,958788;-44,061035;SPRF-MG;DEL01/MG;UOP03-DEL01-MG
749746;03/02/2026;terça-feira;08:30:00;PR;116;120;CURITIBA;Trafegar com motocicleta (ou similar) entre as faixas;Colisão lateral mesmo sentido;Com Vítimas Feridas;Pleno dia;Decrescente;Céu Claro;Dupla;Reta;Não;3;0;0;1;1;2;0;3;-25,580405;-49,312965;SPRF-PR;DEL01/PR;UOP03-DEL01-PR
749747;03/02/2026;terça-feira;08:50:00;RJ;101;321;NITEROI;Reação tardia ou ineficiente do condutor;Engavetamento;Com Vítimas Feridas;Pleno dia;Crescente;Céu Claro;Múltipla;Reta;Não;6;0;1;0;1;5;0;5;-22,8724;-43,1103;SPRF-RJ;DEL02/RJ;UOP01-DEL02-RJ
749748;03/02/2026;terça-feira;09:10:00;SC;153;110;CONCORDIA;Ausência de reação do condutor;Colisão traseira;Com Vítimas Feridas;Pleno dia;Crescente;Céu Claro;Simples;Curva;Não;2;0;2;0;2;0;0;2;-27,3200707;-51,9830501;SPRF-SC;DEL07/SC;UOP04-DEL07-SC
749749;03/02/2026;terça-feira;08:32:00;PE;232;24,6;MORENO;Reação tardia ou ineficiente do condutor;Engavetamento;Sem Vítimas;Pleno dia;Decrescente;Céu Claro;Dupla;"Curva;Aclive";Não;3;0;0;0;0;3;0;3;-8,110308;-35,105755;SPRF-PE;DEL02/PE;UOP02-DEL02PE
749750;03/02/2026;terça-feira;09:43:00;PR;277;59;SAO JOSE DOS PINHAIS;Acessar a via sem observar a presença dos outros veículos;Colisão lateral mesmo sentido;Com Vítimas Feridas;Pleno dia;Decrescente;Céu Claro;Dupla;"Reta;Declive";Não;3;0;0;1;1;2;0;2;-25,55173416;-49,03790474;SPRF-PR;DEL01/PR;UOP01-DEL01-PR
749752;03/02/2026;terça-feira;09:20:00;MG;40;458;CAETANOPOLIS;Ausência de reação do condutor;Tombamento;Com Vítimas Feridas;Pleno dia;Crescente;Céu Claro;Dupla;Reta;Não;2;0;2;0;2;0;0;1;-19,37391;-44,33667;SPRF-MG;DEL02/MG;UOP01-DEL02-MG
749754;31/01/2026;sábado;00:00:00;PR;277;11;PARANAGUA;Reação tardia ou ineficiente do condutor;Colisão com objeto;Sem Vítimas;Plena Noite;Crescente;Nublado;Dupla;Curva;Sim;3;0;0;0;0;3;0;1;-25,564802;-48,629302;SPRF-PR;DEL01/PR;UOP05-DEL01-PR
749755;31/01/2026;sábado;06:00:00;PR;277;20;MORRETES;Reação tardia ou ineficiente do condutor;Saída de leito carroçável;Com Vítimas Feridas;Pleno dia;Crescente;Céu Claro;Dupla;"Reta;Ponte";Não;1;0;1;0;1;0;0;1;-25,53319;-48,713345;SPRF-PR;DEL01/PR;UOP05-DEL01-PR
749756;03/02/2026;terça-feira;08:20:00;PI;402;36;PARNAIBA;Acessar a via sem observar a presença dos outros veículos;Colisão transversal;Com Vítimas Feridas;Pleno dia;Crescente;Céu Claro;Simples;Reta;Sim;2;0;0;1;1;1;0;2;-2,94762902;-41,73220933;SPRF-PI;DEL05-PI;UOP01-DEL05-PI
749757;03/02/2026;terça-feira;10:29:00;PE;101;46;IGARASSU;Condutor deixou de manter distância do veículo da frente;Colisão traseira;Com Vítimas Feridas;Pleno dia;Decrescente;Céu Claro;Dupla;Reta;Sim;3;0;2;0;2;1;0;2;-7,877334;-34,905472;SPRF-PE;DEL01/PE;UOP02-DEL01-PE
749759;03/02/2026;terça-feira;08:20:00;SC;101;31,3;SAO JOSE;Reação tardia ou ineficiente do condutor;Tombamento;Com Vítimas Feridas;Pleno dia;Crescente;Céu Claro;Simples;Rotatória;Não;1;0;1;0;1;0;0;1;-27,5863;-48,69574;SPRF-SC;DEL01/SC;UOP02-DEL01-SC
749761;03/02/2026;terça-feira;09:50:00;RS;290;86;PORTO ALEGRE;Condutor Dormindo;Colisão traseira;Sem Vítimas;Pleno dia;Crescente;Céu Claro;Múltipla;Reta;Não;3;0;0;0;0;3;0;3;-29,96819635;-51,12370751;SPRF-RS;DEL01/RS;UOP01-DEL01-RS
749766;03/01/2026;sábado;12:00:00;BA;242;488;OLIVEIRA DOS BREJINHOS;Pista esburacada;Tombamento;Com Vítimas Feridas;Pleno dia;Crescente;Céu Claro;Simples;"Curva;Declive";Não;2;0;1;1;2;0;0;1;-12,411331;-42,363148;SPRF-BA;DEL06/BA;UOP01-DEL06-BA
749769;03/02/2026;terça-feira;10:30:00;RO;319;139;PORTO VELHO;Condutor deixou de manter distância do veículo da frente;Colisão traseira;Com Vítimas Feridas;Pleno dia;Decrescente;Céu Claro;Dupla;Reta;Sim;2;0;1;0;1;1;0;2;-8,74234256;-63,90256721;SPRF-RO;DEL01-RO;UOP01-DEL01-RO
749771;03/02/2026;terça-feira;07:20:00;SC;282;101,7;ALFREDO WAGNER;Velocidade Incompatível;Saída de leito carroçável;Com Vítimas Feridas;Pleno dia;Decrescente;Garoa/Chuvisco;Simples;Reta;Não;5;0;4;1;5;0;0;1;-27,694173;-49,312033;SPRF-SC;DEL01/SC;UOP03-DEL01-SC
749775;03/02/2026;terça-feira;11:45:00;SP;116;210,5;GUARULHOS;Reação tardia ou ineficiente do condutor;Colisão com objeto;Com Vítimas Feridas;Pleno dia;Decrescente;Garoa/Chuvisco;Múltipla;Interseção de Vias;Sim;5;0;4;0;4;1;0;1;-23,43187286;-46,41779113;SPRF-SP;DEL01/SP;UOP01-DEL01-SP
749777;01/02/2026;domingo;17:30:00;BA;415;51,5;ITABUNA;Ultrapassagem Indevida;Colisão transversal;Com Vítimas Feridas;Plena Noite;Decrescente;Céu Claro;Simples;Reta;Sim;2;0;1;0;1;0;0;2;-14,837267;-39,325467;SPRF-BA;DEL05/BA;UOP01-DEL05-BA
749778;03/02/2026;terça-feira;12:00:00;GO;414;440;ANAPOLIS;Acesso irregular;Colisão transversal;Com Vítimas Feridas;Pleno dia;Crescente;Céu Claro;Simples;"Declive;Reta";Não;3;0;2;0;2;1;0;2;-16,28299381;-48,94294882;SPRF-GO;DEL02/GO;UOP01-DEL02-GO
749781;03/02/2026;terça-feira;10:20:00;SC;470;27,3;ILHOTA;Reação tardia ou ineficiente do condutor;Saída de leito carroçável;Com Vítimas Feridas;Pleno dia;Decrescente;Nublado;Dupla;Reta;Não;2;0;2;0;2;0;0;1;-26,89252;-48,88825;SPRF-SC;DEL04/SC;UOP01-DEL04-SC
749784;03/02/2026;terça-feira;12:00:00;ES;101;335;GUARAPARI;Acumulo de areia ou detritos sobre o pavimento;Colisão com objeto;Com Vítimas Feridas;Pleno dia;Crescente;Céu Claro;Dupla;"Curva;Viaduto";Não;1;0;1;0;1;0;0;1;-20,62766342;-40,52785635;SPRF-ES;DEL03-ES;UOP01-DEL03-ES
749786;03/02/2026;terça-feira;12:35:00;PB;101;99;CONDE;Reação tardia ou ineficiente do condutor;Saída de leito carroçável;Com Vítimas Feridas;Pleno dia;Crescente;Sol;Dupla;Reta;Sim;1;0;0;1;1;0;0;1;-7,2578719;-34,935019;SPRF-PB;DEL01-PB;UOP01-DEL01-PB
749787;03/02/2026;terça-feira;12:25:00;PA;316;23;BENEVIDES;Transitar na contramão;Colisão transversal;Com Vítimas Feridas;Pleno dia;Crescente;Céu Claro;Simples;"Reta;Interseção de Vias";Sim;2;0;1;0;1;1;0;2;-1,3373;-48,2416;SPRF-PA;DEL01/PA;UOP01-DEL01-PA
749788;03/02/2026;terça-feira;11:14:00;MT;364;208;RONDONOPOLIS;Ausência de reação do condutor;Colisão traseira;Sem Vítimas;Pleno dia;Crescente;Sol;Dupla;Reta;Sim;3;0;0;0;0;3;0;3;-16,4171178;-54,7067092;SPRF-MT;DEL02/MT;UOP01-DEL02-MT
749789;03/02/2026;terça-feira;12:45:00;MG;40;790,8;JUIZ DE FORA;Demais falhas mecânicas ou elétricas;Tombamento;Com Vítimas Feridas;Pleno dia;Decrescente;Nublado;Dupla;Reta;Não;2;0;0;2;2;0;0;1;-21,77264667;-43,43490807;SPRF-MG;DEL05/MG;UOP01-DEL05-MG
749790;30/01/2026;sexta-feira;18:50:00;BA;101;620;MASCOTE;Velocidade Incompatível;Colisão lateral sentido oposto;Com Vítimas Feridas;Plena Noite;Decrescente;Céu Claro;Simples;Reta;Não;3;0;1;0;1;2;0;2;-15,59321521;-39,41830158;SPRF-BA;DEL05/BA;UOP02-DEL05-BA
749791;03/02/2026;terça-feira;11:00:00;MT;70;1,5;BARRA DO GARCAS;Pista Escorregadia;Colisão lateral mesmo sentido;Com Vítimas Feridas;Pleno dia;Decrescente;Chuva;Simples;Declive;Sim;2;0;1;0;1;1;0;2;-15,88988803;-52,264494;SPRF-MT;DEL07/MT;UOP01-DEL07-MT
749794;11/01/2026;domingo;16:50:00;SC;282;446;PONTE SERRADA;Ultrapassagem Indevida;Saída de leito carroçável;Com Vítimas Feridas;Pleno dia;Crescente;Céu Claro;Simples;Curva;Não;2;0;0;1;1;0;0;2;-26,9123695;-51,90526128;SPRF-SC;DEL07/SC;UOP04-DEL07-SC
749795;24/01/2026;sábado;23:54:00;PR;369;141;IBIPORA;Acessar a via sem observar a presença dos outros veículos;Colisão transversal;Com Vítimas Feridas;Plena Noite;Crescente;Céu Claro;Dupla;Rotatória;Sim;3;0;1;0;1;1;0;2;-23,28566813;-51,07427923;SPRF-PR;DEL07/PR;UOP01-DEL07-PR
749797;23/01/2026;sexta-feira;02:00:00;GO;20;67,3;FORMOSA;Reação tardia ou ineficiente do condutor;Saída de leito carroçável;Com Vítimas Fatais;Plena Noite;Decrescente;Chuva;Simples;Declive;Não;3;1;0;0;0;2;0;1;-15,194598;-47,151688;SPRF-DF;DEL02-DF;UOP02-DEL02-DF
749798;03/02/2026;terça-feira;11:15:00;MG;116;416,2;GOVERNADOR VALADARES;Desrespeitar a preferência no cruzamento;Colisão transversal;Com Vítimas Fatais;Pleno dia;Crescente;Céu Claro;Simples;Reta;Sim;3;1;0;2;2;0;0;2;-18,89946;-41,94604;SPRF-MG;DEL06/MG;UOP01-DEL06-MG
749799;03/02/2026;terça-feira;13:20:00;MG;381;5;BETIM;Velocidade Incompatível;Saída de leito carroçável;Com Vítimas Feridas;Pleno dia;Crescente;Céu Claro;Dupla;Curva;Não;2;0;1;0;1;1;0;2;-19,988779;-44,195671;SPRF-MG;DEL01/MG;UOP03-DEL01-MG
749800;03/02/2026;terça-feira;11:35:00;GO;60;94,3;ANAPOLIS;Afundamento ou ondulação no pavimento;Tombamento;Com Vítimas Feridas;Pleno dia;Decrescente;Nublado;Dupla;Interseção de Vias;Sim;1;0;0;1;1;0;0;1;-16,360763;-48,932524;SPRF-GO;DEL02/GO;UOP01-DEL02-GO
749802;03/02/2026;terça-feira;13:30:00;PB;230;23,2;JOAO PESSOA;Velocidade Incompatível;Engavetamento;Com Vítimas Feridas;Pleno dia;Decrescente;Sol;Dupla;Reta;Sim;4;0;0;1;1;3;0;3;-7,160522;-34,85977;SPRF-PB;DEL01-PB;UOP01-DEL01-PB
749804;03/02/2026;terça-feira;11:50:00;SC;282;580,9;PINHALZINHO;Acessar a via sem observar a presença dos outros veículos;Colisão transversal;Com Vítimas Feridas;Pleno dia;Crescente;Chuva;Simples;Reta;Sim;2;0;1;1;2;0;0;2;-26,83603632;-52,98997276;SPRF-SC;DEL07/SC;UOP02-DEL07-SC
749805;03/02/2026;terça-feira;12:00:00;RO;364;740;PORTO VELHO;Demais falhas mecânicas ou elétricas;Incêndio;Sem Vítimas;Pleno dia;Crescente;Céu Claro;Simples;Reta;Não;4;0;0;0;0;4;0;1;-9,00319917;-64,00659911;SPRF-RO;DEL01-RO;UOP02-DEL01-RO
749806;03/02/2026;terça-feira;10:30:00;SC;163;103;SAO JOSE DO CEDRO;Acessar a via sem observar a presença dos outros veículos;Colisão traseira;Com Vítimas Feridas;Pleno dia;Crescente;Chuva;Múltipla;"Reta;Interseção de Vias";Sim;2;0;1;0;1;0;0;2;-26,46330519;-53,50641909;SPRF-SC;DEL07/SC;UOP03-DEL07-SC
749808;03/02/2026;terça-feira;14:10:00;SP;116;220;GUARULHOS;Reação tardia ou ineficiente do condutor;Queda de ocupante de veículo;Com Vítimas Feridas;Pleno dia;Crescente;Nevoeiro/Neblina;Múltipla;Reta;Sim;1;0;1;0;1;0;0;1;-23,46497508;-46,50006143;SPRF-SP;DEL01/SP;UOP01-DEL01-SP
749809;03/02/2026;terça-feira;13:30:00;MG;40;794;JUIZ DE FORA;Manobra de mudança de faixa;Colisão lateral mesmo sentido;Com Vítimas Feridas;Pleno dia;Decrescente;Céu Claro;Dupla;"Reta;Retorno Regulamentado";Sim;3;0;0;1;1;1;0;3;-21,779286;-43,424281;SPRF-MG;DEL05/MG;UOP01-DEL05-MG
749810;05/01/2026;segunda-feira;10:00:00;MG;365;226,5;BURITIZEIRO;Acumulo de água sobre o pavimento;Saída de leito carroçável;Com Vítimas Feridas;Pleno dia;Crescente;Chuva;Simples;Reta;Não;3;0;3;0;3;0;0;1;-17,64770268;-45,40649414;SPRF-MG;DEL10/MG;UOP02-DEL010-MG
749811;03/02/2026;terça-feira;14:37:00;PE;101;48;ABREU E LIMA;Demais falhas mecânicas ou elétricas;Incêndio;Sem Vítimas;Pleno dia;Decrescente;Céu Claro;Múltipla;Reta;Sim;1;0;0;0;0;1;0;1;-7,897466;-34,902535;SPRF-PE;DEL01/PE;UOP02-DEL01-PE
749812;03/02/2026;terça-feira;12:40:00;MS;163;490;CAMPO GRANDE;Condutor deixou de manter distância do veículo da frente;Colisão traseira;Com Vítimas Feridas;Pleno dia;Crescente;Chuva;Dupla;Reta;Sim;2;0;1;0;1;0;0;2;-20,388714;-54,550251;SPRF-MS;DEL01/MS;UOP02-DEL01-MS
749814;03/02/2026;terça-feira;12:00:00;PE;424;87;GARANHUNS;Suicídio (presumido);Sinistro pessoal de trânsito;Com Vítimas Fatais;Pleno dia;Decrescente;Céu Claro;Simples;Viaduto;Sim;2;1;0;0;0;0;0;2;-8,87695671;-36,50718061;SPRF-PE;DEL03/PE;UOP01-DEL03-PE
749815;03/02/2026;terça-feira;13:20:00;SC;158;135,8;PALMITOS;Acessar a via sem observar a presença dos outros veículos;Saída de leito carroçável;Com Vítimas Feridas;Pleno dia;Decrescente;Sol;Simples;"Declive;Curva;Rotatória;Interseção de Vias";Não;5;0;4;0;4;0;0;2;-27,07978156;-53,22472729;SPRF-SC;DEL07/SC;UOP02-DEL07-SC
749816;03/02/2026;terça-feira;14:45:00;PR;376;159;MANDAGUACU;Ausência de reação do condutor;Capotamento;Com Vítimas Feridas;Pleno dia;Crescente;Céu Claro;Dupla;"Curva;Declive";Sim;4;0;0;1;1;3;0;2;-23,364579;-52,08376;SPRF-PR;DEL09/PR;UOP02-DEL09-PR
749817;03/02/2026;terça-feira;14:30:00;SP;116;190;SANTA ISABEL;Chuva;Saída de leito carroçável;Com Vítimas Feridas;Pleno dia;Crescente;Chuva;Dupla;Curva;Não;1;0;1;0;1;0;0;1;-23,36919392;-46,23683866;SPRF-SP;DEL01/SP;UOP01-DEL01-SP
749818;03/02/2026;terça-feira;11:00:00;RJ;116;202;QUEIMADOS;Ausência de reação do condutor;Queda de ocupante de veículo;Com Vítimas Feridas;Pleno dia;Crescente;Nublado;Dupla;Curva;Não;1;0;1;0;1;0;0;1;-22,73135145;-43,62124868;SPRF-RJ;DEL06/RJ;UOP02-DEL06-RJ
749821;03/02/2026;terça-feira;14:05:00;PE;316;76;OURICURI;Reação tardia ou ineficiente do condutor;Queda de ocupante de veículo;Com Vítimas Feridas;Pleno dia;Crescente;Sol;Simples;Reta;Não;1;0;1;0;1;0;0;1;-7,843708;-40,131095;SPRF-PE;DEL05/PE;UOP02-DEL05-PE
749824;03/02/2026;terça-feira;12:00:00;SC;470;26;GASPAR;Demais falhas mecânicas ou elétricas;Incêndio;Sem Vítimas;Pleno dia;Crescente;Céu Claro;Dupla;Reta;Não;1;0;0;0;0;1;0;1;-26,89349676;-48,89682977;SPRF-SC;DEL04/SC;UOP04-DEL04-SC
749825;03/02/2026;terça-feira;15:08:00;PE;101;82,2;JABOATAO DOS GUARARAPES;Ausência de reação do condutor;Engavetamento;Sem Vítimas;Pleno dia;Decrescente;Céu Claro;Dupla;Viaduto;Sim;7;0;0;0;0;6;0;3;-8,175477;-34,943022;SPRF-PE;DEL01/PE;UOP01-DEL01-PE
749826;03/02/2026;terça-feira;15:15:00;GO;60;6,7;SANTO ANTONIO DO DESCOBERTO;Acumulo de água sobre o pavimento;Saída de leito carroçável;Com Vítimas Feridas;Pleno dia;Decrescente;Chuva;Dupla;"Curva;Declive";Não;3;0;1;0;1;2;0;1;-16,102893;-48,289478;SPRF-DF;DEL03-DF;UOP01-DEL03-DF
749827;03/02/2026;terça-feira;13:50:00;MG;381;485,7;BETIM;Reação tardia ou ineficiente do condutor;Tombamento;Com Vítimas Feridas;Pleno dia;Decrescente;Céu Claro;Múltipla;"Declive;Reta";Sim;1;0;1;0;1;0;0;1;-19,9560931;-44,101646;SPRF-MG;DEL01/MG;UOP03-DEL01-MG
749829;03/02/2026;terça-feira;14:00:00;MG;40;565;NOVA LIMA;Avarias e/ou desgaste excessivo no pneu;Saída de leito carroçável;Sem Vítimas;Pleno dia;Decrescente;Chuva;Simples;Reta;Não;1;0;0;0;0;1;0;1;-20,1698216;-43,9655363;SPRF-MG;DEL01/MG;UOP02-DEL01-MG
749831;03/02/2026;terça-feira;13:00:00;PI;343;321;ALTOS;Transitar no Acostamento;Colisão traseira;Com Vítimas Feridas;Pleno dia;Crescente;Céu Claro;Simples;Reta;Não;2;0;0;1;1;1;0;2;-5,05477199;-42,58395731;SPRF-PI;DEL01-PI;UOP01-DEL01-PI
749832;03/02/2026;terça-feira;16:00:00;MG;365;418;PATOS DE MINAS;Acessar a via sem observar a presença dos outros veículos;Colisão transversal;Com Vítimas Feridas;Pleno dia;Decrescente;Nublado;Simples;"Reta;Interseção de Vias;Retorno Regulamentado";Não;4;0;2;0;2;2;0;2;-18,68252;-46,57289;SPRF-MG;DEL10/MG;UOP01-DEL10-MG
749833;03/02/2026;terça-feira;15:10:00;PE;104;103;CUPIRA;Desrespeitar a preferência no cruzamento;Colisão transversal;Sem Vítimas;Pleno dia;Decrescente;Céu Claro;Simples;Rotatória;Sim;2;0;0;0;0;2;0;2;-8,59414;-35,95591;SPRF-PE;DEL02/PE;UOP01-DEL02-PE
749834;03/02/2026;terça-feira;15:30:00;RJ;101;515;ANGRA DOS REIS;Chuva;Colisão transversal;Com Vítimas Feridas;Pleno dia;Decrescente;Chuva;Simples;Curva;Sim;3;0;1;0;1;2;0;2;-22,98087866;-44,4429779;SPRF-RJ;DEL03/RJ;UOP03-DEL03-RJ
749835;03/02/2026;terça-feira;16:00:00;AL;104;88;RIO LARGO;Acumulo de areia ou detritos sobre o pavimento;Colisão transversal;Com Vítimas Feridas;Pleno dia;Decrescente;Céu Claro;Dupla;Curva;Não;3;0;1;1;2;1;0;2;-9,486918;-35,816636;SPRF-AL;DEL01-AL;UOP01-DEL01-AL
749837;03/02/2026;terça-feira;15:17:00;RO;174;13;VILHENA;Desrespeitar a preferência no cruzamento;Colisão transversal;Sem Vítimas;Pleno dia;Crescente;Garoa/Chuvisco;Dupla;Interseção de Vias;Sim;3;0;0;0;0;3;0;2;-12,736267;-60,130675;SPRF-RO;DEL04-RO;UOP01-DEL04-RO
749838;03/02/2026;terça-feira;15:30:00;MG;40;674,8;CARANDAI;Acessar a via sem observar a presença dos outros veículos;Colisão transversal;Com Vítimas Feridas;Pleno dia;Crescente;Céu Claro;Simples;Reta;Não;7;0;4;3;7;0;0;2;-21,0115851;-43,7829295;SPRF-MG;DEL05/MG;UOP02-DEL05-MG
749840;03/02/2026;terça-feira;15:50:00;SP;153;280;OCAUCU;Desrespeitar a preferência no cruzamento;Colisão transversal;Com Vítimas Feridas;Pleno dia;Crescente;Nublado;Simples;"Reta;Rotatória";Não;11;0;2;0;2;9;0;2;-22,416975;-49,860443;SPRF-SP;DEL07/SP;UOP02-DEL07-SP
749841;03/02/2026;terça-feira;17:00:00;ES;101;55,3;SAO MATEUS;Demais falhas na via;Tombamento;Com Vítimas Feridas;Pleno dia;Decrescente;Sol;Simples;Reta;Não;1;0;1;0;1;0;0;1;-18,63742777;-39,87688271;SPRF-ES;DEL04-ES;UOP02-DEL04-ES
749842;03/02/2026;terça-feira;16:10:00;PR;116;51;CAMPINA GRANDE DO SUL;Chuva;Saída de leito carroçável;Com Vítimas Feridas;Pleno dia;Crescente;Chuva;Dupla;"Curva;Aclive";Não;2;0;1;0;1;1;0;1;-25,244244;-48,902538;SPRF-PR;DEL01/PR;UOP02-DEL01-PR
749843;03/02/2026;terça-feira;16:15:00;RS;158;325;SANTA MARIA;Acessar a via sem observar a presença dos outros veículos;Colisão transversal;Com Vítimas Feridas;Pleno dia;Crescente;Céu Claro;Simples;Interseção de Vias;Sim;2;0;1;0;1;1;0;2;-29,70927055;-53,80233977;SPRF-RS;DEL09/RS;UOP01-DEL09-RS
749848;03/02/2026;terça-feira;16:00:00;MG;40;552;NOVA LIMA;Ultrapassagem Indevida;Colisão lateral mesmo sentido;Sem Vítimas;Pleno dia;Crescente;Chuva;Simples;Reta;Sim;2;0;0;0;0;1;0;2;-20,06776953;-43,981814;SPRF-MG;DEL01/MG;UOP02-DEL01-MG