id;data_inversa;dia_semana;horario;uf;br;km;municipio;causa_acidente;tipo_acidente;classificacao_acidente;fase_dia;sentido_via;condicao_metereologica;tipo_pista;tracado_via;uso_solo;pessoas;mortos;feridos_leves;feridos_graves;feridos;ilesos;ignorados;veiculos;latitude;longitude;regional;delegacia;uop
750773;07/02/2026;sábado;18:40:00;PI;343;467,7;ANGICAL DO PIAUI;Velocidade Incompatível;Colisão traseira;Com Vítimas Feridas;Plena Noite;Crescente;Nublado;Simples;Reta;Não;3;0;1;2;3;0;0;2;-6,05767;-42,735813;SPRF-PI;DEL01-PI;UOP02-DEL01-PI
750774;07/02/2026;sábado;21:10:00;MG;381;493;BETIM;Manobra de mudança de faixa;Colisão lateral mesmo sentido;Com Vítimas Feridas;Plena Noite;Crescente;Chuva;Múltipla;Reta;Sim;17;0;5;0;5;12;0;7;-19,962421;-44,164678;SPRF-MG;DEL01/MG;UOP03-DEL01-MG
750775;07/02/2026;sábado;20:50:00;CE;116;40;HORIZONTE;Área urbana sem a presença de local apropriado para a travessia de pedestres;Atropelamento de Pedestre;Com Vítimas Feridas;Plena Noite;Crescente;Nublado;Dupla;Reta;Sim;2;0;0;1;1;0;0;2;-4,10220176;-38,50044966;SPRF-CE;DEL01/CE;UOP02-DEL01-CE
750776;07/02/2026;sábado;21:25:00;SC;101;132;ITAPEMA;Ausência de reação do condutor;Colisão traseira;Sem Vítimas;Plena Noite;Decrescente;Chuva;Dupla;Reta;Sim;2;0;0;0;0;2;0;2;-27,06604517;-48,59579203;SPRF-SC;DEL04/SC;UOP03-DEL04-SC
750777;07/02/2026;sábado;20:10:00;RS;468;103,9;TRES PASSOS;Mal súbito do condutor;Saída de leito carroçável;Com Vítimas Feridas;Plena Noite;Decrescente;Céu Claro;Simples;Reta;Sim;1;0;0;1;1;0;0;1;-27,44770002;-53,94878117;SPRF-RS;DEL08/RS;UOP02-DEL08-RS
750779;07/02/2026;sábado;21:06:00;PE;232;182;BELO JARDIM;Chuva;Tombamento;Com Vítimas Fatais;Plena Noite;Decrescente;Chuva;Simples;Reta;Não;1;1;0;0;0;0;0;1;-8,349018;-36,45168;SPRF-PE;DEL03/PE;UOP02-DEL03-PE
750780;07/02/2026;sábado;18:20:00;MG;146;459;BOTELHOS;Acessar a via sem observar a presença dos outros veículos;Colisão transversal;Com Vítimas Feridas;Anoitecer;Decrescente;Garoa/Chuvisco;Simples;"Declive;Reta;Interseção de Vias";Sim;7;0;7;0;7;0;0;2;-21,632174;-46,40735;SPRF-MG;DEL09/MG;UOP01-DEL09-MG
750782;07/02/2026;sábado;20:30:00;MA;10;151;PORTO FRANCO;Ausência de reação do condutor;Saída de leito carroçável;Com Vítimas Feridas;Plena Noite;Crescente;Nublado;Simples;Reta;Não;1;0;1;0;1;0;0;1;-6,396432;-47,38614;SPRF-MA;DEL04-MA;UOP02-DEL04-MA
750784;07/02/2026;sábado;20:30:00;PR;116;80;PIRAQUARA;Chuva;Colisão traseira;Com Vítimas Feridas;Plena Noite;Crescente;Chuva;Dupla;Reta;Não;2;0;1;0;1;0;0;2;-25,40363584;-49,05951636;SPRF-PR;DEL01/PR;UOP02-DEL01-PR
750785;07/02/2026;sábado;19:45:00;RO;364;425;JARU;Entrada inopinada do pedestre;Atropelamento de Pedestre;Com Vítimas Fatais;Plena Noite;Decrescente;Nublado;Dupla;Reta;Sim;4;1;0;0;0;3;0;2;-10,43537282;-62,47508375;SPRF-RO;DEL03-RO;UOP02-DEL03-RO
750786;07/02/2026;sábado;21:20:00;SC;101;100;BALNEARIO PICARRAS;Chuva;Tombamento;Com Vítimas Feridas;Plena Noite;Crescente;Chuva;Dupla;Reta;Não;2;0;2;0;2;0;0;1;-26,75855596;-48,68794888;SPRF-SC;DEL03/SC;UOP02-DEL03-SC
750788;07/02/2026;sábado;20:15:00;RR;401;21;CANTA;Ingestão de álcool pelo condutor;Colisão traseira;Com Vítimas Feridas;Plena Noite;Crescente;Céu Claro;Simples;"Reta;Interseção de Vias";Sim;2;0;1;0;1;0;0;2;2,803172;-60,624977;SPRF-RR;DEL01-RR;UOP01-DEL01-RR
750791;07/02/2026;sábado;22:00:00;MG;262;360;JUATUBA;Acessar a via sem observar a presença dos outros veículos;Atropelamento de Pedestre;Com Vítimas Feridas;Plena Noite;Decrescente;Chuva;Dupla;Reta;Não;2;0;2;0;2;0;0;2;-19,972875;-44,312182;SPRF-MG;DEL01/MG;UOP03-DEL01-MG
750792;07/02/2026;sábado;21:00:00;RO;364;695;PORTO VELHO;Ausência de reação do condutor;Colisão traseira;Sem Vítimas;Plena Noite;Decrescente;Céu Claro;Dupla;Reta;Não;3;0;0;0;0;3;0;2;-8,800583;-63,724617;SPRF-RO;DEL01-RO;UOP01-DEL01-RO
750793;07/02/2026;sábado;19:30:00;MT;158;541,7;AGUA BOA;Ultrapassagem Indevida;Colisão frontal;Com Vítimas Feridas;Plena Noite;Crescente;Céu Claro;Simples;Curva;Não;10;0;4;2;6;4;0;2;-13,86472;-52,0642;SPRF-MT;DEL07/MT;UOP02-DEL07-MT
750794;07/02/2026;sábado;21:00:00;MT;163;834;SINOP;Reação tardia ou ineficiente do condutor;Queda de ocupante de veículo;Com Vítimas Feridas;Plena Noite;Crescente;Garoa/Chuvisco;Simples;Reta;Não;2;0;2;0;2;0;0;1;-11,86684693;-55,49655676;SPRF-MT;DEL06/MT;UOP02-DEL06-MT
750798;07/02/2026;sábado;21:15:00;PA;10;9,6;DOM ELISEU;Ausência de reação do condutor;Saída de leito carroçável;Com Vítimas Feridas;Plena Noite;Crescente;Chuva;Simples;"Reta;Aclive";Não;2;0;1;1;2;0;0;1;-4,28452156;-47,5581885;SPRF-PA;DEL02/PA;UOP02-DEL02-PA
750799;07/02/2026;sábado;22:40:00;RN;304;30;MOSSORO;Transitar na contramão;Colisão transversal;Com Vítimas Feridas;Plena Noite;Decrescente;Céu Claro;Simples;Reta;Não;2;0;1;0;1;0;0;2;-5,10498253;-37,3380518;SPRF-RN;DEL04-RN;UOP02-DEL04-RN
750800;07/02/2026;sábado;18:30:00;RJ;101;197;CASIMIRO DE ABREU;Chuva;Colisão com objeto;Com Vítimas Feridas;Plena Noite;Crescente;Chuva;Dupla;Curva;Não;2;0;1;0;1;1;0;1;-22,49271816;-42,10917413;SPRF-RJ;DEL08/RJ;UOP04-DEL08-RJ
750804;07/02/2026;sábado;23:00:00;SC;101;152,5;PORTO BELO;Manobra de mudança de faixa;Colisão traseira;Com Vítimas Feridas;Plena Noite;Crescente;Nublado;Dupla;Reta;Sim;2;0;1;0;1;1;0;2;-27,139937;-48,610229;SPRF-SC;DEL04/SC;UOP03-DEL04-SC
750805;07/02/2026;sábado;21:30:00;PE;316;317,5;FLORESTA;Pedestre andava na pista;Atropelamento de Pedestre;Com Vítimas Fatais;Plena Noite;Decrescente;Chuva;Simples;Reta;Não;2;1;0;1;1;0;0;2;-8,715584;-38,502689;SPRF-PE;DEL04/PE;UOP03-DEL04-PE
750807;07/02/2026;sábado;23:00:00;GO;60;210,7;VARJAO;Ingestão de álcool pelo condutor;Colisão com objeto;Com Vítimas Feridas;Plena Noite;Crescente;Nublado;Dupla;"Declive;Reta;Interseção de Vias";Não;1;0;1;0;1;0;0;1;-16,95236052;-49,68350172;SPRF-GO;DEL01/GO;UOP02-DEL01-GO
750808;07/02/2026;sábado;22:50:00;RJ;101;87;CAMPOS DOS GOYTACAZES;Reação tardia ou ineficiente do condutor;Colisão com objeto;Sem Vítimas;Plena Noite;Decrescente;Chuva;Dupla;Reta;Não;1;0;0;0;0;1;0;1;-21,829407;-41,498962;SPRF-RJ;DEL08/RJ;UOP02-DEL08-RJ
750809;07/02/2026;sábado;23:25:00;PR;163;85,1;CAPANEMA;Ausência de reação do condutor;Colisão traseira;Com Vítimas Feridas;Plena Noite;Crescente;Céu Claro;Simples;Curva;Não;3;0;2;0;2;0;0;2;-25,68715133;-53,78657341;SPRF-PR;DEL02/PR;UOP02-DEL02-PR
750810;07/02/2026;sábado;23:00:00;SC;101;152,1;PORTO BELO;Reação tardia ou ineficiente do condutor;Queda de ocupante de veículo;Com Vítimas Feridas;Plena Noite;Crescente;Nublado;Múltipla;Reta;Sim;1;0;1;0;1;0;0;1;-27,137451;-48,610031;SPRF-SC;DEL04/SC;UOP03-DEL04-SC
750811;07/02/2026;sábado;22:00:00;SC;470;41;GASPAR;Ingestão de álcool pelo condutor;Colisão lateral mesmo sentido;Com Vítimas Feridas;Plena Noite;Decrescente;Nublado;Dupla;Reta;Não;3;0;1;1;2;1;0;2;-26,881112;-48,998417;SPRF-SC;DEL04/SC;UOP01-DEL04-SC
750812;07/02/2026;sábado;23:15:00;SP;116;146,5;SAO JOSE DOS CAMPOS;Ausência de reação do condutor;Colisão traseira;Com Vítimas Feridas;Plena Noite;Crescente;Nublado;Dupla;Reta;Não;3;0;1;0;1;1;0;3;-23,19355362;-45,86847782;SPRF-SP;DEL02/SP;UOP01-DEL02-SP
750813;07/02/2026;sábado;23:30:00;SC;101;370,8;ICARA;Ingestão de álcool pelo condutor;Saída de leito carroçável;Sem Vítimas;Plena Noite;Decrescente;Chuva;Dupla;Reta;Não;1;0;0;0;0;1;0;1;-28,71027135;-49,21127066;SPRF-SC;DEL02/SC;UOP01-DEL02-SC
750814;08/02/2026;domingo;01:05:00;GO;153;504;APARECIDA DE GOIANIA;Condutor deixou de manter distância do veículo da frente;Queda de ocupante de veículo;Com Vítimas Feridas;Plena Noite;Crescente;Céu Claro;Dupla;"Reta;Declive";Sim;2;0;0;1;1;1;0;2;-16,75135013;-49,24140193;SPRF-GO;DEL01/GO;UOP01-DEL01-GO
750815;08/02/2026;domingo;01:00:00;PR;277;652,5;MATELANDIA;Desrespeitar a preferência no cruzamento;Colisão transversal;Com Vítimas Feridas;Plena Noite;Decrescente;Céu Claro;Simples;Reta;Não;2;0;1;0;1;1;0;2;-25,194489;-53,941104;SPRF-PR;DEL05/PR;UOP02-DEL05-PR
750816;07/02/2026;sábado;21:30:00;PI;316;310,3;PICOS;Desrespeitar a preferência no cruzamento;Colisão transversal;Com Vítimas Feridas;Plena Noite;Crescente;Garoa/Chuvisco;Múltipla;"Rotatória;Interseção de Vias";Sim;3;0;2;0;2;1;0;2;-7,076057;-41,472727;SPRF-PI;DEL04-PI;UOP01-DEL04-PI
750817;08/02/2026;domingo;00:10:00;RJ;116;313;RESENDE;Ingestão de álcool pelo condutor;Colisão com objeto;Com Vítimas Feridas;Plena Noite;Decrescente;Chuva;Dupla;Reta;Sim;3;0;2;1;3;0;0;1;-22,46048149;-44,46488254;SPRF-RJ;DEL07/RJ;UOP02-DEL07-RJ
750819;07/02/2026;sábado;23:30:00;PR;153;90;JAPIRA;Conversão proibida;Colisão frontal;Com Vítimas Feridas;Plena Noite;Crescente;Nublado;Simples;Reta;Não;6;0;5;0;5;1;0;2;-23,693608;-50,173993;SPRF-PR;DEL07/PR;UOP04-DEL07-PR
750820;08/02/2026;domingo;01:30:00;SP;381;39;ATIBAIA;Ausência de sinalização;Colisão com objeto;Sem Vítimas;Plena Noite;Decrescente;Nublado;Múltipla;Reta;Sim;1;0;0;0;0;1;0;1;-23,1178965;-46,57350987;SPRF-SP;DEL03/SP;UOP01-DEL03-SP
750822;08/02/2026;domingo;01:20:00;RO;319;144;PORTO VELHO;Desrespeitar a preferência no cruzamento;Colisão transversal;Com Vítimas Feridas;Pleno dia;Crescente;Céu Claro;Dupla;Reta;Sim;3;0;0;1;1;2;0;2;-8,76749191;-63,88426334;SPRF-RO;DEL01-RO;UOP01-DEL01-RO
750824;08/02/2026;domingo;03:00:00;SP;381;73;SAO PAULO;Condutor Dormindo;Saída de leito carroçável;Sem Vítimas;Anoitecer;Crescente;Chuva;Dupla;Curva;Não;1;0;0;0;0;1;0;1;-23,3761756;-46,5609576;SPRF-SP;DEL03/SP;UOP01-DEL03-SP
750825;08/02/2026;domingo;01:20:00;PR;376;599;CURITIBA;Ausência de reação do condutor;Colisão traseira;Sem Vítimas;Plena Noite;Decrescente;Nublado;Dupla;Reta;Sim;2;0;0;0;0;2;0;2;-25,52608706;-49,32993142;SPRF-PR;DEL01/PR;UOP03-DEL01-PR
750826;08/02/2026;domingo;03:00:00;SC;470;236;SAO CRISTOVAO DO SUL;Transitar na contramão;Colisão frontal;Com Vítimas Feridas;Plena Noite;Decrescente;Céu Claro;Simples;Reta;Não;3;0;3;0;3;0;0;2;-27,302829;-50,452622;SPRF-SC;DEL05/SC;UOP03-DEL05-SC
750827;08/02/2026;domingo;03:25:00;RN;101;112;SAO JOSE DE MIPIBU;Ingestão de álcool pelo condutor;Saída de leito carroçável;Sem Vítimas;Plena Noite;Crescente;Chuva;Dupla;"Reta;Retorno Regulamentado";Não;1;0;0;0;0;1;0;1;-6,001752;-35,25933982;SPRF-RN;DEL01-RN;UOP01-DEL01-RN
750828;08/02/2026;domingo;02:20:00;SC;282;35,6;AGUAS MORNAS;Velocidade Incompatível;Saída de leito carroçável;Com Vítimas Feridas;Plena Noite;Decrescente;Nublado;Simples;Reta;Sim;1;0;1;0;1;0;0;1;-27,703445;-48,83079;SPRF-SC;DEL01/SC;UOP03-DEL01-SC
750829;08/02/2026;domingo;04:30:00;SE;235;47,8;ITABAIANA;Velocidade Incompatível;Colisão traseira;Com Vítimas Fatais;Plena Noite;Decrescente;Céu Claro;Simples;"Reta;Declive";Sim;2;1;0;0;0;0;0;2;-10,725029;-37,416649;SPRF-SE;DEL01-SE;UOP02-DEL01-SE
750830;08/02/2026;domingo;04:27:00;RN;226;83,1;TANGARA;Participar de racha;Colisão com objeto;Com Vítimas Fatais;Plena Noite;Decrescente;Garoa/Chuvisco;Simples;Reta;Sim;2;1;0;0;0;0;0;1;-6,1984423;-35,7994128;SPRF-RN;DEL01-RN;UOP02-DEL01-RN
750831;08/02/2026;domingo;05:34:00;RN;110;45;MOSSORO;Manobra de mudança de faixa;Colisão transversal;Com Vítimas Feridas;Amanhecer;Decrescente;Céu Claro;Simples;Reta;Sim;3;0;1;0;1;2;0;2;-5,19219085;-37,31043935;SPRF-RN;DEL04-RN;UOP01-DEL04-RN
750833;08/02/2026;domingo;05:00:00;SC;101;207,3;SAO JOSE;Objeto estático sobre o leito carroçável;Colisão traseira;Com Vítimas Feridas;Amanhecer;Crescente;Céu Claro;Múltipla;Curva;Sim;2;0;0;1;1;1;0;2;-27,6015;-48,62574;SPRF-SC;DEL01/SC;UOP01-DEL01-SC
750834;08/02/2026;domingo;05:30:00;ES;101;31,7;CONCEICAO DA BARRA;Transitar no Acostamento;Colisão com objeto;Com Vítimas Fatais;Amanhecer;Decrescente;Céu Claro;Simples;"Reta;Declive";Não;1;1;0;0;0;0;0;1;-18,42607667;-39,93485833;SPRF-ES;DEL04-ES;UOP02-DEL04-ES
750835;08/02/2026;domingo;05:05:00;SC;101;206,8;SAO JOSE;Ingestão de álcool pelo condutor;Colisão com objeto;Sem Vítimas;Amanhecer;Crescente;Nublado;Múltipla;"Curva;Aclive";Sim;1;0;0;0;0;1;0;1;-27,60174715;-48,62706609;SPRF-SC;DEL01/SC;UOP01-DEL01-SC
750836;08/02/2026;domingo;05:30:00;PR;158;508,3;CORONEL VIVIDA;Transitar na contramão;Colisão frontal;Com Vítimas Feridas;Amanhecer;Crescente;Nevoeiro/Neblina;Simples;Curva;Não;6;0;2;0;2;4;0;2;-26,01847624;-52,57472174;SPRF-PR;DEL02/PR;UOP01-DEL02-PR
750837;08/02/2026;domingo;04:50:00;PR;277;71;SAO JOSE DOS PINHAIS;Entrada inopinada do pedestre;Atropelamento de Pedestre;Com Vítimas Fatais;Amanhecer;Decrescente;Céu Claro;Dupla;Reta;Sim;3;1;0;0;0;0;0;2;-25,5079;-49,1364;SPRF-PR;DEL01/PR;UOP08-DEL01-PR
750838;08/02/2026;domingo;04:38:00;PR;277;71;SAO JOSE DOS PINHAIS;Reação tardia ou ineficiente do condutor;Colisão traseira;Com Vítimas Feridas;Amanhecer;Decrescente;Céu Claro;Dupla;Reta;Não;3;0;0;1;1;1;0;3;-25,5077194;-49,1368253;SPRF-PR;DEL01/PR;UOP08-DEL01-PR
750839;08/02/2026;domingo;04:00:00;MS;60;53;PARAISO DAS AGUAS;Demais falhas mecânicas ou elétricas;Incêndio;Sem Vítimas;Plena Noite;Decrescente;Nublado;Simples;Reta;Não;1;0;0;0;0;0;1;1;-18,9820682;-52,9337741;SPRF-MS;DEL08/MS;UOP01-DEL08-MS
750840;08/02/2026;domingo;05:00:00;PR;467;109,1;CASCAVEL;Condutor Dormindo;Colisão com objeto;Sem Vítimas;Amanhecer;Crescente;Céu Claro;Dupla;Reta;Não;1;0;0;0;0;1;0;1;-24,9262874;-53,4575234;SPRF-PR;DEL04/PR;UOP01-DEL04-PR
750842;08/02/2026;domingo;05:30:00;SC;282;222,6;LAGES;Ausência de reação do condutor;Saída de leito carroçável;Sem Vítimas;Amanhecer;Crescente;Nublado;Simples;Curva;Sim;1;0;0;0;0;0;1;1;-27,79852608;-50,35913944;SPRF-SC;DEL05/SC;UOP01-DEL05-SC
750843;03/02/2026;terça-feira;21:10:00;RJ;101;272;TANGUA;Entrada inopinada do pedestre;Atropelamento de Pedestre;Com Vítimas Feridas;Plena Noite;Crescente;Nublado;Dupla;Reta;Sim;2;0;1;0;1;1;0;2;-22,72964045;-42,70179749;SPRF-RJ;DEL02/RJ;UOP03-DEL02-RJ
750844;08/02/2026;domingo;06:05:00;ES;262;37,5;DOMINGOS MARTINS;Velocidade Incompatível;Saída de leito carroçável;Com Vítimas Fatais;Pleno dia;Decrescente;Céu Claro;Simples;Curva;Sim;2;1;0;1;1;0;0;1;-20,3797773;-40,6119937;SPRF-ES;DEL01-ES;UOP01-DEL01-ES
750845;08/02/2026;domingo;01:00:00;ES;101;79,9;SAO MATEUS;Avarias e/ou desgaste excessivo no pneu;Saída de leito carroçável;Com Vítimas Feridas;Plena Noite;Crescente;Céu Claro;Simples;"Reta;Declive";Não;1;0;1;0;1;0;0;1;-18,81161802;-39,89934186;SPRF-ES;DEL04-ES;UOP02-DEL04-ES
750846;08/02/2026;domingo;04:45:00;MG;50;73;UBERLANDIA;Ausência de reação do condutor;Colisão com objeto;Sem Vítimas;Plena Noite;Crescente;Céu Claro;Dupla;Curva;Não;1;0;0;0;0;0;1;1;-18,91158833;-48,22381783;SPRF-MG;DEL15/MG;UOP01-DEL15-MG
750847;08/02/2026;domingo;03:00:00;MG;40;735,5;SANTOS DUMONT;Pista Escorregadia;Tombamento;Com Vítimas Feridas;Plena Noite;Decrescente;Garoa/Chuvisco;Simples;"Ponte;Curva";Não;1;0;1;0;1;0;0;1;-21,390231;-43,568922;SPRF-MG;DEL05/MG;UOP01-DEL05-MG
750848;08/02/2026;domingo;03:50:00;SC;101;154;PORTO BELO;Reação tardia ou ineficiente do condutor;Colisão com objeto;Sem Vítimas;Plena Noite;Decrescente;Nublado;Múltipla;Reta;Sim;1;0;0;0;0;0;1;1;-27,19096301;-48,61259017;SPRF-SC;DEL04/SC;UOP03-DEL04-SC
750849;08/02/2026;domingo;06:30:00;PB;230;65;SAO MIGUEL DE TAIPU;Acumulo de água sobre o pavimento;Colisão com objeto;Sem Vítimas;Pleno dia;Crescente;Chuva;Dupla;"Reta;Ponte";Não;2;0;0;0;0;2;0;1;-7,189552;-35,185804;SPRF-PB;DEL01-PB;UOP02-DEL01-PB
750850;08/02/2026;domingo;06:10:00;PR;163;140;CAPITAO LEONIDAS MARQUES;Ausência de reação do condutor;Saída de leito carroçável;Sem Vítimas;Amanhecer;Crescente;Nevoeiro/Neblina;Simples;Reta;Não;1;0;0;0;0;0;1;1;-25,492322;-53,599928;SPRF-PR;DEL05/PR;UOP05-DEL05-PR
750851;08/02/2026;domingo;06:00:00;RS;287;253;SANTA MARIA;Reação tardia ou ineficiente do condutor;Saída de leito carroçável;Com Vítimas Feridas;Pleno dia;Decrescente;Céu Claro;Dupla;"Reta;Ponte";Não;1;0;1;0;1;0;0;1;-29,68801037;-53,90288321;SPRF-RS;DEL09/RS;UOP01-DEL09-RS
750852;08/02/2026;domingo;05:45:00;PA;10;216;IPIXUNA DO PARA;Ausência de reação do condutor;Saída de leito carroçável;Com Vítimas Feridas;Amanhecer;Decrescente;Chuva;Simples;Reta;Não;4;0;2;2;4;0;0;1;-2,5406;-47,4975;SPRF-PA;DEL02/PA;UOP01-DEL02-PA
750853;08/02/2026;domingo;06:43:00;SE;235;3,4;ARACAJU;Animais na Pista;Tombamento;Com Vítimas Feridas;Pleno dia;Decrescente;Céu Claro;Dupla;Reta;Sim;1;0;1;0;1;0;0;1;-10,9057612;-37,1064959;SPRF-SE;DEL01-SE;UOP01-DEL01-SE
750854;08/02/2026;domingo;06:00:00;PE;423;93;GARANHUNS;Transitar na contramão;Colisão frontal;Com Vítimas Feridas;Pleno dia;Crescente;Céu Claro;Simples;Reta;Sim;3;0;0;1;1;2;0;2;-8,87243034;-36,46768777;SPRF-PE;DEL03/PE;UOP01-DEL03-PE
750855;08/02/2026;domingo;06:33:00;MG;381;651;SANTO ANTONIO DO AMPARO;Reação tardia ou ineficiente do condutor;Saída de leito carroçável;Com Vítimas Feridas;Pleno dia;Crescente;Garoa/Chuvisco;Dupla;Curva;Não;3;0;3;0;3;0;0;1;-20,95783;-44,92136;SPRF-MG;DEL04/MG;UOP02-DEL04-MG
750856;08/02/2026;domingo;05:00:00;BA;116;454,9;SANTO ESTEVAO;Ausência de reação do condutor;Capotamento;Com Vítimas Feridas;Pleno dia;Decrescente;Céu Claro;Dupla;Reta;Não;1;0;1;0;1;0;0;1;-12,41736;-39,193509;SPRF-BA;DEL02/BA;UOP01-DEL02-BA
750857;07/02/2026;sábado;22:00:00;PR;277;487,2;NOVA LARANJEIRAS;Chuva;Queda de ocupante de veículo;Com Vítimas Feridas;Plena Noite;Crescente;Chuva;Simples;Reta;Não;1;0;1;0;1;0;0;1;-25,242423;-52,629516;SPRF-PR;DEL04/PR;UOP02-DEL04-PR
750858;08/02/2026;domingo;06:59:00;SE;101;33;MALHADA DOS BOIS;Condutor Dormindo;Saída de leito carroçável;Com Vítimas Feridas;Pleno dia;Crescente;Céu Claro;Dupla;Reta;Não;3;0;2;0;2;1;0;1;-10,38780475;-36,91578996;SPRF-SE;DEL02-SE;UOP02-DEL02-SE
750859;08/02/2026;domingo;04:15:00;MS;376;43,7;VICENTINA;Ingestão de álcool pelo condutor;Colisão lateral sentido oposto;Com Vítimas Feridas;Plena Noite;Crescente;Céu Claro;Simples;Aclive;Não;3;0;1;0;1;2;0;2;-22,4344045;-54,37026501;SPRF-MS;DEL04/MS;UOP01-DEL04-MS
750860;08/02/2026;domingo;06:10:00;RS;468;114;TIRADENTES DO SUL;Ausência de reação do condutor;Saída de leito carroçável;Com Vítimas Feridas;Pleno dia;Crescente;Céu Claro;Simples;Curva;Não;1;0;1;0;1;0;0;1;-27,405986;-54,001106;SPRF-RS;DEL08/RS;UOP02-DEL08-RS
750862;08/02/2026;domingo;06:50:00;SP;116;218,3;GUARULHOS;Ingestão de álcool pelo condutor;Colisão com objeto;Com Vítimas Feridas;Amanhecer;Decrescente;Nublado;Múltipla;Aclive;Sim;1;0;1;0;1;0;0;1;-23,46564281;-46,49995679;SPRF-SP;DEL01/SP;UOP01-DEL01-SP
750863;08/02/2026;domingo;04:30:00;PR;376;307,5;MAUA DA SERRA;Afundamento ou ondulação no pavimento;Queda de ocupante de veículo;Com Vítimas Feridas;Plena Noite;Crescente;Céu Claro;Dupla;Reta;Sim;2;0;2;0;2;0;0;1;-23,96837192;-51,11303329;SPRF-PR;DEL07/PR;UOP02-DEL07-PR
750864;08/02/2026;domingo;05:45:00;MT;364;528;ROSARIO OESTE;Animais na Pista;Saída de leito carroçável;Sem Vítimas;Amanhecer;Crescente;Chuva;Simples;Reta;Não;1;0;0;0;0;1;0;1;-14,99255892;-56,51913277;SPRF-MT;DEL01/MT;UOP01-DEL01-MT
750865;08/02/2026;domingo;07:38:00;BA;135;186;BARREIRAS;Reação tardia ou ineficiente do condutor;Saída de leito carroçável;Com Vítimas Feridas;Pleno dia;Crescente;Céu Claro;Simples;Reta;Não;1;0;1;0;1;0;0;1;-12,198585;-45,014092;SPRF-BA;DEL10/BA;UOP01-DEL10-BA
750868;08/02/2026;domingo;00:18:00;MS;262;487;ANASTACIO;Reação tardia ou ineficiente do condutor;Saída de leito carroçável;Sem Vítimas;Plena Noite;Decrescente;Céu Claro;Simples;Retorno Regulamentado;Sim;1;0;0;0;0;0;1;1;-20,49963145;-55,78920688;SPRF-MS;DEL03/MS;UOP01-DEL03-MS
750869;08/02/2026;domingo;07:20:00;PE;104;61;CARUARU;Acessar a via sem observar a presença dos outros veículos;Colisão lateral mesmo sentido;Com Vítimas Feridas;Pleno dia;Crescente;Nublado;Dupla;"Reta;Retorno Regulamentado";Sim;2;0;1;1;2;0;0;2;-8,24595695;-35,97529752;SPRF-PE;DEL02/PE;UOP01-DEL02-PE
750870;08/02/2026;domingo;06:15:00;PE;232;32;MORENO;Chuva;Saída de leito carroçável;Com Vítimas Feridas;Pleno dia;Crescente;Chuva;Dupla;Curva;Não;3;0;2;0;2;1;0;1;-8,1058343;-35,16321151;SPRF-PE;DEL02/PE;UOP02-DEL02PE
750871;08/02/2026;domingo;06:30:00;PE;232;24,1;MORENO;Acumulo de água sobre o pavimento;Saída de leito carroçável;Com Vítimas Feridas;Pleno dia;Crescente;Chuva;Dupla;"Aclive;Interseção de Vias;Retorno Regulamentado;Reta";Não;3;0;2;0;2;0;0;2;-8,105553;-35,103785;SPRF-PE;DEL02/PE;UOP02-DEL02PE
750872;08/02/2026;domingo;06:30:00;RJ;101;327;NITEROI;Ausência de reação do condutor;Tombamento;Com Vítimas Feridas;Pleno dia;Decrescente;Garoa/Chuvisco;Dupla;"Reta;Aclive";Não;1;0;1;0;1;0;0;1;-22,87174665;-43,1577301;SPRF-RJ;DEL02/RJ;UOP01-DEL02-RJ
750873;08/02/2026;domingo;07:00:00;GO;153;501;GOIANIA;Reação tardia ou ineficiente do condutor;Capotamento;Sem Vítimas;Pleno dia;Crescente;Céu Claro;Dupla;Reta;Sim;1;0;0;0;0;0;1;1;-16,712031;-49,232508;SPRF-GO;DEL01/GO;UOP01-DEL01-GO
750874;07/02/2026;sábado;23:40:00;RJ;101;74;CAMPOS DOS GOYTACAZES;Acesso irregular;Atropelamento de Pedestre;Com Vítimas Feridas;Plena Noite;Decrescente;Chuva;Simples;Curva;Não;4;0;0;3;3;1;0;2;-21,83597091;-41,42146508;SPRF-RJ;DEL08/RJ;UOP02-DEL08-RJ
750875;08/02/2026;domingo;08:00:00;PR;277;596;CASCAVEL;Acessar a via sem observar a presença dos outros veículos;Colisão transversal;Com Vítimas Feridas;Pleno dia;Decrescente;Céu Claro;Dupla;Interseção de Vias;Sim;2;0;1;0;1;1;0;2;-24,98152287;-53,50057483;SPRF-PR;DEL04/PR;UOP01-DEL04-PR
750877;08/02/2026;domingo;08:00:00;SC;101;241;PALHOCA;Avarias e/ou desgaste excessivo no pneu;Tombamento;Com Vítimas Feridas;Pleno dia;Decrescente;Céu Claro;Dupla;Reta;Não;2;0;2;0;2;0;0;1;-27,86735;-48,64604;SPRF-SC;DEL01/SC;UOP02-DEL01-SC
750878;07/02/2026;sábado;18:50:00;SC;101;74;ARAQUARI;Pista Escorregadia;Colisão traseira;Com Vítimas Feridas;Anoitecer;Decrescente;Chuva;Dupla;Reta;Sim;1;0;1;0;1;0;0;1;-26,54748062;-48,7123248;SPRF-SC;DEL03/SC;UOP02-DEL03-SC
750879;08/02/2026;domingo;08:05:00;PR;376;239;APUCARANA;Demais falhas na via;Tombamento;Com Vítimas Feridas;Pleno dia;Crescente;Céu Claro;Dupla;"Reta;Aclive";Não;1;0;1;0;1;0;0;1;-23,583396;-51,461594;SPRF-PR;DEL07/PR;UOP03-DEL07-PR