id;data_inversa;dia_semana;horario;uf;br;km;municipio;causa_acidente;tipo_acidente;classificacao_acidente;fase_dia;sentido_via;condicao_metereologica;tipo_pista;tracado_via;uso_solo;pessoas;mortos;feridos_leves;feridos_graves;feridos;ilesos;ignorados;veiculos;latitude;longitude;regional;delegacia;uop
750992;08/02/2026;domingo;19:15:00;SC;101;224;PALHOCA;Ausência de reação do condutor;Tombamento;Com Vítimas Feridas;Plena Noite;Decrescente;Céu Claro;Dupla;Reta;Não;1;0;1;0;1;0;0;1;-27,72385;-48,643792;SPRF-SC;DEL01/SC;UOP02-DEL01-SC
750993;08/02/2026;domingo;15:00:00;MG;116;480;DOM CAVATI;Velocidade Incompatível;Colisão lateral mesmo sentido;Com Vítimas Feridas;Pleno dia;Decrescente;Céu Claro;Simples;Reta;Sim;4;0;1;0;1;1;0;3;-19,39715279;-42,11453676;SPRF-MG;DEL06/MG;UOP02-DEL06-MG
750994;08/02/2026;domingo;15:30:00;MG;381;628;OLIVEIRA;Reação tardia ou ineficiente do condutor;Capotamento;Com Vítimas Feridas;Pleno dia;Decrescente;Chuva;Dupla;Curva;Não;2;0;1;0;1;1;0;1;-20,81966646;-44,80018616;SPRF-MG;DEL04/MG;UOP01-DEL04-MG
750995;08/02/2026;domingo;19:10:00;SP;116;160,1;JACAREI;Reação tardia ou ineficiente do condutor;Tombamento;Com Vítimas Feridas;Plena Noite;Crescente;Garoa/Chuvisco;Dupla;Reta;Sim;2;0;1;1;2;0;0;1;-23,27113;-45,96809;SPRF-SP;DEL02/SP;UOP01-DEL02-SP
750996;08/02/2026;domingo;19:30:00;SE;101;192;CRISTINAPOLIS;Acessar a via sem observar a presença dos outros veículos;Colisão transversal;Com Vítimas Feridas;Plena Noite;Crescente;Nublado;Simples;Reta;Não;2;0;1;0;1;1;0;2;-11,4381;-37,73236;SPRF-SE;DEL02-SE;UOP03-DEL02-SE
750997;08/02/2026;domingo;18:36:00;PB;230;36,9;SANTA RITA;Entrada inopinada do pedestre;Atropelamento de Pedestre;Com Vítimas Feridas;Plena Noite;Decrescente;Nublado;Dupla;Reta;Sim;2;0;0;2;2;0;0;2;-7,129204;-34,953125;SPRF-PB;DEL01-PB;UOP02-DEL01-PB
750998;08/02/2026;domingo;19:45:00;TO;10;463,3;PALMAS;Velocidade Incompatível;Colisão traseira;Sem Vítimas;Plena Noite;Crescente;Céu Claro;Múltipla;Reta;Sim;2;0;0;0;0;2;0;2;-10,2314;-48,31143;SPRF-TO;DEL01-TO;UOP03-DEL01-TO
750999;08/02/2026;domingo;18:40:00;SC;470;53,2;BLUMENAU;Acessar a via sem observar a presença dos outros veículos;Colisão transversal;Com Vítimas Feridas;Pleno dia;Crescente;Céu Claro;Simples;Reta;Sim;3;0;0;1;1;2;0;2;-26,86885518;-49,10499064;SPRF-SC;DEL04/SC;UOP01-DEL04-SC
751000;08/02/2026;domingo;18:30:00;MG;381;923;CAMANDUCAIA;Chuva;Saída de leito carroçável;Sem Vítimas;Plena Noite;Decrescente;Chuva;Dupla;Curva;Não;1;0;0;0;0;0;1;1;-22,77494299;-46,18659639;SPRF-MG;DEL16/MG;UOP03-DEL16-MG
751001;08/02/2026;domingo;14:30:00;AL;101;131;SAO MIGUEL DOS CAMPOS;Chuva;Queda de ocupante de veículo;Com Vítimas Feridas;Pleno dia;Crescente;Céu Claro;Simples;Reta;Não;1;0;0;1;1;0;0;1;-9,768343;-36,07532;SPRF-AL;DEL02-AL;UOP01-DEL02-AL
751004;08/02/2026;domingo;18:10:00;PR;163;158;LINDOESTE;Velocidade Incompatível;Capotamento;Sem Vítimas;Pleno dia;Decrescente;Céu Claro;Dupla;Declive;Não;1;0;0;0;0;1;0;1;-25,31817131;-53,59136023;SPRF-PR;DEL05/PR;UOP05-DEL05-PR
751005;08/02/2026;domingo;19:00:00;RN;101;125;SAO JOSE DE MIPIBU;Transitar na contramão;Atropelamento de Pedestre;Com Vítimas Feridas;Plena Noite;Decrescente;Céu Claro;Dupla;Reta;Sim;2;0;0;2;2;0;0;2;-6,075783;-35,23355;SPRF-RN;DEL01-RN;UOP01-DEL01-RN
751006;08/02/2026;domingo;19:53:00;PE;101;91,4;CABO DE SANTO AGOSTINHO;Transitar na contramão;Colisão frontal;Com Vítimas Fatais;Plena Noite;Crescente;Céu Claro;Simples;Reta;Sim;5;1;0;1;1;1;0;3;-8,23629516;-34,99969482;SPRF-PE;DEL01/PE;UOP01-DEL01-PE
751007;08/02/2026;domingo;19:30:00;DF;20;12;BRASILIA;Objeto estático sobre o leito carroçável;Colisão com objeto;Com Vítimas Feridas;Plena Noite;Crescente;Céu Claro;Dupla;"Reta;Declive;Em Obras";Sim;1;0;1;0;1;0;0;1;-15,63808033;-47,74898529;SPRF-DF;DEL02-DF;UOP01-DEL02-DF
751008;08/02/2026;domingo;20:20:00;PE;424;94,8;GARANHUNS;Ausência de reação do condutor;Queda de ocupante de veículo;Com Vítimas Feridas;Plena Noite;Crescente;Nublado;Simples;"Reta;Declive";Não;1;0;1;0;1;0;0;1;-8,92323433;-36,48962987;SPRF-PE;DEL03/PE;UOP01-DEL03-PE
751009;08/02/2026;domingo;20:12:00;SC;101;206,8;SAO JOSE;Reação tardia ou ineficiente do condutor;Colisão traseira;Com Vítimas Feridas;Plena Noite;Decrescente;Nublado;Múltipla;Reta;Sim;3;0;2;0;2;1;0;2;-27,599069;-48,621563;SPRF-SC;DEL01/SC;UOP01-DEL01-SC
751010;08/02/2026;domingo;19:10:00;PR;153;369,5;RIO AZUL;Velocidade Incompatível;Colisão frontal;Com Vítimas Feridas;Anoitecer;Crescente;Chuva;Simples;Curva;Não;3;0;1;1;2;1;0;2;-25,741496;-50,809906;SPRF-PR;DEL08/PR;UOP02-DEL08-PR
751011;08/02/2026;domingo;17:50:00;RJ;493;97;SEROPEDICA;Acumulo de água sobre o pavimento;Saída de leito carroçável;Com Vítimas Feridas;Anoitecer;Decrescente;Chuva;Dupla;Reta;Não;1;0;1;0;1;0;0;1;-22,70671487;-43,69821517;SPRF-RJ;DEL01/RJ;UOP03-DEL01-RJ
751013;08/02/2026;domingo;20:10:00;ES;101;178,9;ARACRUZ;Ausência de reação do condutor;Tombamento;Com Vítimas Feridas;Plena Noite;Crescente;Céu Claro;Simples;Reta;Não;1;0;1;0;1;0;0;1;-19,61562148;-40,21471212;SPRF-ES;DEL04-ES;UOP01-DEL04-ES
751014;08/02/2026;domingo;20:15:00;SC;101;205,6;SAO JOSE;Ausência de reação do condutor;Colisão traseira;Com Vítimas Feridas;Plena Noite;Decrescente;Nublado;Múltipla;Reta;Não;3;0;1;0;1;2;0;2;-27,589457;-48,617113;SPRF-SC;DEL01/SC;UOP01-DEL01-SC
751015;08/02/2026;domingo;19:00:00;MG;50;30,5;ARAGUARI;Ingestão de álcool pelo condutor;Saída de leito carroçável;Com Vítimas Feridas;Plena Noite;Decrescente;Céu Claro;Dupla;Curva;Não;2;0;1;0;1;0;0;1;-18,62049986;-48,11006293;SPRF-MG;DEL15/MG;UOP02-DEL15-MG
751016;08/02/2026;domingo;18:00:00;MG;40;4;PARACATU;Acumulo de água sobre o pavimento;Saída de leito carroçável;Com Vítimas Feridas;Plena Noite;Crescente;Chuva;Simples;Curva;Não;3;0;1;0;1;2;0;1;-17,057;-47,131;SPRF-MG;DEL14/MG;UOP01-DEL14-MG
751019;08/02/2026;domingo;20:00:00;SP;116;283;EMBU DAS ARTES;Pista esburacada;Tombamento;Com Vítimas Feridas;Plena Noite;Crescente;Céu Claro;Dupla;Reta;Sim;2;0;2;0;2;0;0;1;-23,67107784;-46,85608122;SPRF-SP;DEL04/SP;UOP01-DEL04-SP
751020;08/02/2026;domingo;20:30:00;MG;40;484,9;SETE LAGOAS;Ingestão de álcool pelo condutor;Saída de leito carroçável;Sem Vítimas;Plena Noite;Crescente;Garoa/Chuvisco;Dupla;Retorno Regulamentado;Sim;1;0;0;0;0;1;0;1;-19,58079;-44,2291;SPRF-MG;DEL02/MG;UOP01-DEL02-MG
751022;08/02/2026;domingo;18:30:00;GO;60;233,4;INDIARA;Chuva;Saída de leito carroçável;Com Vítimas Feridas;Anoitecer;Crescente;Chuva;Dupla;"Reta;Declive";Não;3;0;0;3;3;0;0;1;-17,07936;-49,829815;SPRF-GO;DEL01/GO;UOP02-DEL01-GO
751023;08/02/2026;domingo;20:10:00;RJ;101;490;ANGRA DOS REIS;Chuva;Eventos atípicos;Com Vítimas Fatais;Plena Noite;Crescente;Chuva;Simples;Reta;Não;4;3;0;1;1;0;0;1;-22,956278;-44,309501;SPRF-RJ;DEL03/RJ;UOP03-DEL03-RJ
751024;08/02/2026;domingo;20:40:00;RS;290;113;ELDORADO DO SUL;Ingestão de álcool pelo condutor;Colisão transversal;Com Vítimas Feridas;Plena Noite;Crescente;Céu Claro;Simples;Reta;Não;4;0;1;0;1;3;0;2;-30,04432693;-51,34436202;SPRF-RS;DEL02/RS;UOP01-DEL02-RS
751025;08/02/2026;domingo;20:19:00;BA;324;550;AMELIA RODRIGUES;Transtornos Mentais (exceto suicidio);Atropelamento de Pedestre;Com Vítimas Fatais;Plena Noite;Decrescente;Céu Claro;Dupla;Reta;Não;2;1;0;0;0;1;0;2;-12,445393;-38,716538;SPRF-BA;DEL11/BA;UOP02-DEL11-BA
751026;08/02/2026;domingo;20:20:00;SC;163;78;SAO MIGUEL DO OESTE;Ingestão de álcool pelo condutor;Saída de leito carroçável;Com Vítimas Feridas;Plena Noite;Decrescente;Céu Claro;Simples;Reta;Não;1;0;1;0;1;0;0;1;-26,6738243;-53,51817481;SPRF-SC;DEL07/SC;UOP03-DEL07-SC
751027;08/02/2026;domingo;20:40:00;RS;386;390,8;TRIUNFO;Acessar a via sem observar a presença dos outros veículos;Colisão transversal;Com Vítimas Feridas;Plena Noite;Decrescente;Céu Claro;Dupla;"Reta;Rotatória";Não;6;0;1;0;1;5;0;2;-29,702726;-51,66874;SPRF-RS;DEL04/RS;UOP02-DEL04-RS
751028;08/02/2026;domingo;19:10:00;RJ;393;285,5;VOLTA REDONDA;Acessar a via sem observar a presença dos outros veículos;Colisão transversal;Com Vítimas Feridas;Plena Noite;Decrescente;Garoa/Chuvisco;Simples;Rotatória;Sim;3;0;2;1;3;0;0;2;-22,50517737;-44,07276956;SPRF-RJ;DEL05/RJ;UOP04-DEL05-RJ
751029;08/02/2026;domingo;21:00:00;MG;40;481;SETE LAGOAS;Ausência de sinalização;Saída de leito carroçável;Com Vítimas Feridas;Plena Noite;Crescente;Chuva;Simples;Reta;Não;2;0;1;1;2;0;0;1;-19,55377933;-44,24353693;SPRF-MG;DEL02/MG;UOP01-DEL02-MG
751030;08/02/2026;domingo;18:40:00;PI;316;396,2;FRANCISCO MACEDO;Transitar na contramão;Colisão frontal;Com Vítimas Fatais;Plena Noite;Decrescente;Chuva;Simples;Reta;Não;2;1;0;0;0;1;0;2;-7,322208;-40,795708;SPRF-PI;DEL04-PI;UOP03-DEL04-PI
751031;08/02/2026;domingo;21:00:00;MG;116;811,7;ALEM PARAIBA;Chuva;Colisão frontal;Com Vítimas Feridas;Plena Noite;Decrescente;Chuva;Simples;Reta;Não;3;0;0;2;2;1;0;2;-21,8453054;-42,67160788;SPRF-MG;DEL07/MG;UOP01-DEL07-MG
751032;08/02/2026;domingo;19:15:00;RJ;116;254;PIRAI;Chuva;Colisão com objeto;Com Vítimas Feridas;Plena Noite;Crescente;Garoa/Chuvisco;Múltipla;Reta;Não;1;0;1;0;1;0;0;1;-22,58120702;-43,97776669;SPRF-RJ;DEL07/RJ;UOP01-DEL07-RJ
751033;08/02/2026;domingo;19:15:00;MG;381;646,5;SANTO ANTONIO DO AMPARO;Velocidade Incompatível;Colisão com objeto;Sem Vítimas;Plena Noite;Crescente;Ignorado;Dupla;Curva;Não;1;0;0;0;0;1;0;1;-20,9201584;-44,86903256;SPRF-MG;DEL04/MG;UOP02-DEL04-MG
751035;08/02/2026;domingo;21:30:00;SP;101;30;UBATUBA;Reação tardia ou ineficiente do condutor;Atropelamento de Animal;Com Vítimas Feridas;Plena Noite;Crescente;Chuva;Simples;Reta;Não;1;0;1;0;1;0;0;1;-23,37613091;-44,96593521;SPRF-SP;DEL06/SP;UOP01-DEL06-SP
751037;08/02/2026;domingo;21:30:00;ES;101;8;SERRA;Afundamento ou ondulação no pavimento;Queda de ocupante de veículo;Com Vítimas Feridas;Plena Noite;Crescente;Céu Claro;Dupla;Reta;Não;1;0;1;0;1;0;0;1;-20,127028;-40,340878;SPRF-ES;DEL04-ES;UOP02-DEL04-ES
751042;08/02/2026;domingo;19:50:00;PI;316;11;TERESINA;Ingestão de álcool pelo condutor;Colisão transversal;Sem Vítimas;Pleno dia;Crescente;Chuva;Múltipla;Rotatória;Sim;2;0;0;0;0;2;0;2;-5,190799;-42,761305;SPRF-PI;DEL01-PI;UOP02-DEL01-PI
751043;08/02/2026;domingo;21:04:00;PE;101;117;IPOJUCA;Ausência de reação do condutor;Saída de leito carroçável;Sem Vítimas;Plena Noite;Crescente;Nublado;Dupla;Curva;Não;1;0;0;0;0;0;1;1;-8,352699;-35,151598;SPRF-PE;DEL01/PE;UOP03-DEL01-PE
751044;08/02/2026;domingo;22:15:00;PB;230;6;CABEDELO;Ingestão de álcool pelo condutor;Colisão com objeto;Com Vítimas Feridas;Plena Noite;Decrescente;Nublado;Dupla;Reta;Sim;2;0;1;1;2;0;0;1;-7,024057;-34,837485;SPRF-PB;DEL01-PB;UOP01-DEL01-PB
751047;08/02/2026;domingo;19:00:00;SC;101;294;IMBITUBA;Ausência de reação do condutor;Queda de ocupante de veículo;Com Vítimas Feridas;Plena Noite;Decrescente;Chuva;Múltipla;Rotatória;Sim;1;0;0;1;1;0;0;1;-28,316095;-48,725113;SPRF-SC;DEL02/SC;UOP03-DEL02-SC
751049;08/02/2026;domingo;22:40:00;PE;101;92;CABO DE SANTO AGOSTINHO;Ingestão de álcool pelo condutor;Colisão lateral mesmo sentido;Sem Vítimas;Plena Noite;Decrescente;Céu Claro;Dupla;Reta;Não;2;0;0;0;0;2;0;2;-8,22725;-34,9946;SPRF-PE;DEL01/PE;UOP01-DEL01-PE
751051;08/02/2026;domingo;20:15:00;MT;174;288;PONTES E LACERDA;Acessar a via sem observar a presença dos outros veículos;Colisão transversal;Com Vítimas Feridas;Plena Noite;Decrescente;Céu Claro;Simples;Reta;Sim;2;0;1;0;1;1;0;2;-15,24792925;-59,31200892;SPRF-MT;DEL04/MT;UOP01-DEL04-MT
751052;08/02/2026;domingo;21:30:00;PI;316;56;MONSENHOR GIL;Acessar a via sem observar a presença dos outros veículos;Colisão frontal;Com Vítimas Feridas;Plena Noite;Crescente;Garoa/Chuvisco;Simples;Reta;Sim;6;0;2;0;2;4;0;2;-5,56149793;-42,61284381;SPRF-PI;DEL01-PI;UOP02-DEL01-PI
751053;08/02/2026;domingo;22:00:00;SC;116;37,5;ITAIOPOLIS;Ausência de reação do condutor;Saída de leito carroçável;Com Vítimas Feridas;Pleno dia;Crescente;Céu Claro;Simples;Reta;Não;1;0;1;0;1;0;0;1;-26,342;-50,03;SPRF-SC;DEL06/SC;UOP01-DEL06-SC
751055;08/02/2026;domingo;21:03:00;MT;163;853;SINOP;Ausência de reação do condutor;Queda de ocupante de veículo;Com Vítimas Feridas;Plena Noite;Decrescente;Nublado;Simples;Reta;Sim;1;0;1;0;1;0;0;1;-11,69687918;-55,45255847;SPRF-MT;DEL06/MT;UOP02-DEL06-MT
751056;08/02/2026;domingo;21:00:00;PB;405;10,8;UIRAUNA;Transitar na contramão;Colisão frontal;Com Vítimas Feridas;Plena Noite;Crescente;Céu Claro;Simples;Reta;Sim;2;0;0;1;1;0;0;2;-6,52635533;-38,41554076;SPRF-PB;DEL03-PB;UOP03-DEL03-PB
751057;08/02/2026;domingo;20:45:00;MT;364;266;JACIARA;Ingestão de álcool pelo condutor;Colisão com objeto;Com Vítimas Feridas;Plena Noite;Crescente;Chuva;Dupla;"Ponte;Reta";Não;1;0;1;0;1;0;0;1;-15,994369;-54,921063;SPRF-MT;DEL02/MT;UOP01-DEL02-MT
751058;08/02/2026;domingo;22:48:00;GO;153;434;ANAPOLIS;Condutor deixou de manter distância do veículo da frente;Colisão traseira;Sem Vítimas;Plena Noite;Crescente;Céu Claro;Dupla;Reta;Sim;2;0;0;0;0;2;0;2;-16,28611898;-48,9452307;SPRF-GO;DEL02/GO;UOP01-DEL02-GO
751059;08/02/2026;domingo;21:30:00;GO;60;31,1;ALEXANIA;Acessar a via sem observar a presença dos outros veículos;Colisão transversal;Com Vítimas Fatais;Plena Noite;Crescente;Nublado;Dupla;Reta;Sim;3;1;1;0;1;0;0;3;-16,090442;-48,497697;SPRF-DF;DEL03-DF;UOP01-DEL03-DF
751060;08/02/2026;domingo;22:50:00;RS;290;68;GRAVATAI;Ausência de reação do condutor;Capotamento;Sem Vítimas;Plena Noite;Decrescente;Céu Claro;Dupla;Reta;Sim;1;0;0;0;0;0;1;1;-29,94390975;-50,94020502;SPRF-RS;DEL03/RS;UOP01-DEL03-RS
751062;08/02/2026;domingo;23:36:00;SC;470;35,3;GASPAR;Ingestão de álcool pelo condutor;Queda de ocupante de veículo;Com Vítimas Feridas;Pleno dia;Crescente;Céu Claro;Dupla;Desvio Temporário;Não;2;0;1;1;2;0;0;1;-26,913862;-48,968202;SPRF-SC;DEL04/SC;UOP01-DEL04-SC
751064;09/02/2026;segunda-feira;00:25:00;PR;116;120;CURITIBA;Ausência de reação do condutor;Colisão traseira;Com Vítimas Feridas;Plena Noite;Decrescente;Nublado;Dupla;Aclive;Sim;2;0;1;0;1;1;0;2;-25,5862114;-49,314217;SPRF-PR;DEL01/PR;UOP03-DEL01-PR
751065;09/02/2026;segunda-feira;00:30:00;SC;116;258,6;CAPAO ALTO;Reação tardia ou ineficiente do condutor;Colisão com objeto;Sem Vítimas;Plena Noite;Crescente;Céu Claro;Simples;Curva;Não;2;0;0;0;0;2;0;1;-27,8940016;-50,4244413;SPRF-SC;DEL05/SC;UOP02-DEL05-SC
751066;08/02/2026;domingo;22:20:00;MG;116;549,6;SANTA BARBARA DO LESTE;Acessar a via sem observar a presença dos outros veículos;Colisão transversal;Com Vítimas Feridas;Plena Noite;Crescente;Nublado;Simples;"Reta;Interseção de Vias";Não;2;0;0;1;1;0;0;2;-19,96865988;-42,13643074;SPRF-MG;DEL06/MG;UOP02-DEL06-MG
751067;09/02/2026;segunda-feira;00:20:00;RS;472;573;URUGUAIANA;Ingestão de álcool pelo condutor;Colisão lateral sentido oposto;Com Vítimas Feridas;Plena Noite;Crescente;Céu Claro;Simples;Curva;Não;6;0;3;0;3;3;0;2;-29,764858;-57,039857;SPRF-RS;DEL13/RS;UOP01-DEL13-RS
751068;09/02/2026;segunda-feira;00:30:00;SP;381;73;SAO PAULO;Ingestão de álcool pelo condutor;Saída de leito carroçável;Com Vítimas Feridas;Plena Noite;Decrescente;Nublado;Dupla;"Curva;Aclive";Não;1;0;1;0;1;0;0;1;-23,372822;-46,558243;SPRF-SP;DEL03/SP;UOP01-DEL03-SP
751069;09/02/2026;segunda-feira;01:25:00;RJ;101;389;RIO DE JANEIRO;Condutor deixou de manter distância do veículo da frente;Colisão traseira;Sem Vítimas;Plena Noite;Decrescente;Garoa/Chuvisco;Dupla;Reta;Sim;2;0;0;0;0;1;0;2;-22,8928;-43,6716;SPRF-RJ;DEL03/RJ;UOP01-DEL03-RJ
751070;08/02/2026;domingo;15:00:00;SE;235;43,9;ITABAIANA;Chuva;Queda de ocupante de veículo;Com Vítimas Feridas;Pleno dia;Decrescente;Chuva;Simples;Reta;Não;2;0;1;0;1;0;0;1;-10,75543236;-37,39449676;SPRF-SE;DEL01-SE;UOP02-DEL01-SE
751071;09/02/2026;segunda-feira;02:20:00;PE;101;79;JABOATAO DOS GUARARAPES;Demais falhas mecânicas ou elétricas;Incêndio;Sem Vítimas;Plena Noite;Crescente;Céu Claro;Dupla;Reta;Sim;1;0;0;0;0;1;0;1;-8,14532;-34,947165;SPRF-PE;DEL01/PE;UOP01-DEL01-PE
751072;08/02/2026;domingo;20:55:00;SP;116;80,5;ROSEIRA;Chuva;Colisão com objeto;Com Vítimas Feridas;Plena Noite;Decrescente;Chuva;Dupla;Reta;Não;1;0;1;0;1;0;0;1;-22,9015;-45,30526;SPRF-SP;DEL08/SP;UOP01-DEL08-SP
751073;08/02/2026;domingo;17:15:00;SP;381;61;MAIRIPORA;Chuva;Saída de leito carroçável;Com Vítimas Feridas;Pleno dia;Decrescente;Chuva;Dupla;Curva;Não;3;0;1;0;1;2;0;1;-23,289028;-46,581277;SPRF-SP;DEL03/SP;UOP01-DEL03-SP
751075;09/02/2026;segunda-feira;01:10:00;BA;101;541,1;SAO JOSE DA VITORIA;Velocidade Incompatível;Colisão traseira;Com Vítimas Fatais;Plena Noite;Crescente;Céu Claro;Simples;Interseção de Vias;Não;3;1;0;1;1;0;0;2;-15,08244161;-39,34030294;SPRF-BA;DEL05/BA;UOP01-DEL05-BA
751078;09/02/2026;segunda-feira;03:45:00;PB;230;19;JOAO PESSOA;Ausência de reação do condutor;Tombamento;Com Vítimas Feridas;Pleno dia;Decrescente;Céu Claro;Dupla;Reta;Sim;1;0;0;1;1;0;0;1;-7,1296493;-34,8498682;SPRF-PB;DEL01-PB;UOP01-DEL01-PB
751079;09/02/2026;segunda-feira;04:40:00;GO;452;184;ITUMBIARA;Reação tardia ou ineficiente do condutor;Colisão traseira;Com Vítimas Fatais;Plena Noite;Decrescente;Garoa/Chuvisco;Simples;Reta;Não;3;1;0;1;1;1;0;2;-18,396585;-49,321553;SPRF-GO;DEL03/GO;UOP02-DEL03-GO
751081;09/02/2026;segunda-feira;05:30:00;ES;101;155,9;LINHARES;Demais falhas mecânicas ou elétricas;Queda de ocupante de veículo;Com Vítimas Feridas;Amanhecer;Crescente;Céu Claro;Simples;Reta;Não;1;0;1;0;1;0;0;1;-19,4453087;-40,09390293;SPRF-ES;DEL04-ES;UOP01-DEL04-ES
751082;09/02/2026;segunda-feira;05:20:00;RJ;116;180;BELFORD ROXO;Ausência de reação do condutor;Colisão lateral mesmo sentido;Com Vítimas Feridas;Amanhecer;Decrescente;Nublado;Dupla;Reta;Sim;5;0;2;0;2;3;0;5;-22,76522;-43,414986;SPRF-RJ;DEL06/RJ;UOP01-DEL06-RJ
751083;09/02/2026;segunda-feira;04:50:00;SC;101;205;SAO JOSE;Reação tardia ou ineficiente do condutor;Colisão com objeto;Sem Vítimas;Plena Noite;Decrescente;Nublado;Múltipla;Reta;Sim;1;0;0;0;0;0;1;1;-27,58456658;-48,61545531;SPRF-SC;DEL01/SC;UOP01-DEL01-SC
751084;09/02/2026;segunda-feira;05:20:00;SE;235;8;NOSSA SENHORA DO SOCORRO;Ultrapassagem Indevida;Colisão frontal;Com Vítimas Feridas;Pleno dia;Crescente;Céu Claro;Simples;"Declive;Viaduto";Não;4;0;4;0;4;0;0;2;-10,8843745;-37,1336593;SPRF-SE;DEL01-SE;UOP01-DEL01-SE
751085;09/02/2026;segunda-feira;05:00:00;SP;116;343,3;MIRACATU;Demais falhas na via;Tombamento;Com Vítimas Feridas;Plena Noite;Decrescente;Nublado;Dupla;Curva;Não;1;0;1;0;1;0;0;1;-24,02605101;-47,17298736;SPRF-SP;DEL04/SP;UOP03-DEL04-SP
751086;08/02/2026;domingo;21:20:00;SC;282;656,8;SAO MIGUEL DO OESTE;Velocidade Incompatível;Colisão com objeto;Com Vítimas Feridas;Plena Noite;Decrescente;Céu Claro;Simples;"Curva;Ponte";Não;2;0;0;1;1;1;0;1;-26,68794583;-53,54906499;SPRF-SC;DEL07/SC;UOP03-DEL07-SC
751088;09/02/2026;segunda-feira;06:00:00;BA;101;942;MUCURI;Acessar a via sem observar a presença dos outros veículos;Colisão transversal;Com Vítimas Feridas;Amanhecer;Decrescente;Céu Claro;Simples;Reta;Não;2;0;1;0;1;1;0;2;-18,064263;-39,878189;SPRF-BA;DEL09/BA;UOP02-DEL09-BA
751089;08/02/2026;domingo;23:30:00;GO;452;79;MAURILANDIA;Reação tardia ou ineficiente do condutor;Colisão com objeto;Com Vítimas Feridas;Plena Noite;Crescente;Nublado;Simples;Interseção de Vias;Não;1;0;1;0;1;0;0;1;-18,052732;-50,218945;SPRF-GO;DEL04/GO;UOP01-DEL04-GO
751090;09/02/2026;segunda-feira;06:35:00;RS;290;61;GRAVATAI;Demais falhas mecânicas ou elétricas;Tombamento;Com Vítimas Feridas;Amanhecer;Crescente;Céu Claro;Dupla;Reta;Não;2;0;2;0;2;0;0;1;-29,9315712;-50,8757021;SPRF-RS;DEL03/RS;UOP01-DEL03-RS
751094;08/02/2026;domingo;22:30:00;SP;116;282;EMBU DAS ARTES;Ausência de reação do condutor;Colisão lateral mesmo sentido;Com Vítimas Feridas;Plena Noite;Decrescente;Nublado;Dupla;Reta;Sim;3;0;2;0;2;0;0;2;-23,66433628;-46,85383558;SPRF-SP;DEL04/SP;UOP01-DEL04-SP
751095;09/02/2026;segunda-feira;06:30:00;MG;381;447,6;BELO HORIZONTE;Acessar a via sem observar a presença dos outros veículos;Colisão transversal;Com Vítimas Feridas;Amanhecer;Crescente;Ignorado;Simples;Reta;Sim;2;0;0;1;1;1;0;2;-19,840063;-43,876273;SPRF-MG;DEL01/MG;UOP01-DEL01-MG
751096;09/02/2026;segunda-feira;06:50:00;SC;101;221;PALHOCA;Velocidade Incompatível;Queda de ocupante de veículo;Com Vítimas Feridas;Pleno dia;Decrescente;Nublado;Dupla;Reta;Não;2;0;1;0;1;1;0;1;-27,70338744;-48,65876645;SPRF-SC;DEL01/SC;UOP02-DEL01-SC
751097;09/02/2026;segunda-feira;06:00:00;GO;40;106;CRISTALINA;Condutor Dormindo;Saída de leito carroçável;Sem Vítimas;Amanhecer;Decrescente;Nublado;Dupla;Reta;Não;2;0;0;0;0;1;0;1;-16,827872;-47,541822;SPRF-DF;DEL01-DF;UOP02-DEL01-DF
751098;08/02/2026;domingo;23:50:00;RO;435;63;VILHENA;Reação tardia ou ineficiente do condutor;Saída de leito carroçável;Com Vítimas Feridas;Plena Noite;Decrescente;Nublado;Simples;Curva;Não;1;0;0;1;1;0;0;1;-13,088383;-60,369767;SPRF-RO;DEL04-RO;UOP02-DEL04-RO
751100;09/02/2026;segunda-feira;07:20:00;SC;470;58,4;BLUMENAU;Acesso irregular;Colisão lateral mesmo sentido;Com Vítimas Feridas;Pleno dia;Crescente;Céu Claro;Simples;Reta;Não;2;0;1;0;1;1;0;2;-26,88431302;-49,14833514;SPRF-SC;DEL04/SC;UOP01-DEL04-SC
751102;09/02/2026;segunda-feira;06:40:00;RN;110;45,1;MOSSORO;Ausência de reação do condutor;Colisão traseira;Com Vítimas Feridas;Pleno dia;Crescente;Nublado;Simples;Reta;Sim;3;0;1;0;1;1;0;3;-5,194048;-37,313243;SPRF-RN;DEL04-RN;UOP01-DEL04-RN
751103;09/02/2026;segunda-feira;06:30:00;GO;153;593,8;PIRACANJUBA;Pista esburacada;Tombamento;Com Vítimas Feridas;Amanhecer;Crescente;Nublado;Dupla;Reta;Não;1;0;0;1;1;0;0;1;-17,485345;-49,209965;SPRF-GO;DEL03/GO;UOP01-DEL03-GO
751104;09/02/2026;segunda-feira;07:04:00;RN;101;98;NATAL;Condutor deixou de manter distância do veículo da frente;Colisão traseira;Com Vítimas Feridas;Pleno dia;Decrescente;Céu Claro;Dupla;Reta;Sim;3;0;0;1;1;2;0;2;-5,86838224;-35,21786261;SPRF-RN;DEL01-RN;UOP01-DEL01-RN
751105;09/02/2026;segunda-feira;06:50:00;RJ;101;434;MANGARATIBA;Reação tardia ou ineficiente do condutor;Saída de leito carroçável;Com Vítimas Feridas;Pleno dia;Crescente;Chuva;Simples;Declive;Sim;2;0;2;0;2;0;0;1;-22,93734944;-44,04646397;SPRF-RJ;DEL03/RJ;UOP02-DEL03-RJ