id;data_inversa;dia_semana;horario;uf;br;km;municipio;causa_acidente;tipo_acidente;classificacao_acidente;fase_dia;sentido_via;condicao_metereologica;tipo_pista;tracado_via;uso_solo;pessoas;mortos;feridos_leves;feridos_graves;feridos;ilesos;ignorados;veiculos;latitude;longitude;regional;delegacia;uop
751106;09/02/2026;segunda-feira;07:30:00;RS;386;134,9;SARANDI;Acessar a via sem observar a presença dos outros veículos;Colisão traseira;Com Vítimas Feridas;Pleno dia;Decrescente;Céu Claro;Simples;"Declive;Interseção de Vias";Sim;2;0;1;0;1;1;0;2;-27,95306494;-52,91718213;SPRF-RS;DEL08/RS;UOP01-DEL08-RS
751107;08/02/2026;domingo;20:55:00;MG;262;552,1;CORREGO DANTA;Acessar a via sem observar a presença dos outros veículos;Colisão transversal;Sem Vítimas;Plena Noite;Decrescente;Chuva;Simples;"Curva;Interseção de Vias";Não;2;0;0;0;0;2;0;2;-19,74409;-45,961697;SPRF-MG;DEL08/MG;UOP02-DEL08-MG
751108;09/02/2026;segunda-feira;07:00:00;MG;381;494;BETIM;Manobra de mudança de faixa;Colisão lateral mesmo sentido;Com Vítimas Feridas;Pleno dia;Crescente;Chuva;Múltipla;Reta;Não;2;0;1;0;1;0;0;2;-19,96573003;-44,17727916;SPRF-MG;DEL01/MG;UOP03-DEL01-MG
751109;09/02/2026;segunda-feira;06:50:00;SP;153;207,1;GUAIMBE;Acessar a via sem observar a presença dos outros veículos;Colisão transversal;Com Vítimas Feridas;Plena Noite;Crescente;Céu Claro;Simples;Reta;Não;3;0;2;0;2;1;0;2;-21,8838107;-49,9086021;SPRF-SP;DEL07/SP;UOP01-DEL07-SP
751110;09/02/2026;segunda-feira;05:15:00;PE;232;412;SERRA TALHADA;Acessar a via sem observar a presença dos outros veículos;Colisão transversal;Com Vítimas Feridas;Pleno dia;Decrescente;Céu Claro;Simples;Reta;Não;3;0;0;2;2;1;0;2;-7,987638;-38,327387;SPRF-PE;DEL04/PE;UOP01-DEL04-PE
751111;09/02/2026;segunda-feira;07:47:00;MG;50;7;UBERLANDIA;Reação tardia ou ineficiente do condutor;Saída de leito carroçável;Com Vítimas Feridas;Amanhecer;Crescente;Garoa/Chuvisco;Dupla;Reta;Não;1;0;0;1;1;0;0;1;-18,865077;-48,211283;SPRF-MG;DEL15/MG;UOP01-DEL15-MG
751113;09/02/2026;segunda-feira;07:15:00;PR;153;9,5;JACAREZINHO;Acessar a via sem observar a presença dos outros veículos;Colisão transversal;Com Vítimas Feridas;Pleno dia;Decrescente;Céu Claro;Simples;Reta;Não;2;0;1;0;1;1;0;2;-23,07159855;-49,93347287;SPRF-PR;DEL07/PR;UOP04-DEL07-PR
751114;09/02/2026;segunda-feira;07:15:00;SC;280;55,8;GUARAMIRIM;Pedestre andava na pista;Atropelamento de Pedestre;Com Vítimas Feridas;Pleno dia;Crescente;Céu Claro;Dupla;"Interseção de Vias;Rotatória;Viaduto";Sim;2;0;1;0;1;0;0;2;-26,47908191;-49,00108337;SPRF-SC;DEL03/SC;UOP03-DEL03-SC
751115;09/02/2026;segunda-feira;03:40:00;MT;174;118,1;MIRASSOL DOESTE;Animais na Pista;Atropelamento de Animal;Sem Vítimas;Plena Noite;Decrescente;Nublado;Simples;Reta;Não;1;0;0;0;0;1;0;1;-15,82198414;-58,03218842;SPRF-MT;DEL03/MT;UOP01-DEL03-MT
751116;09/02/2026;segunda-feira;07:10:00;PI;343;4,8;TERESINA;Condutor deixou de manter distância do veículo da frente;Colisão traseira;Com Vítimas Feridas;Pleno dia;Crescente;Céu Claro;Múltipla;"Ponte;Reta";Sim;2;0;1;0;1;1;0;2;-5,081907;-42,794073;SPRF-PI;DEL01-PI;UOP01-DEL01-PI
751117;09/02/2026;segunda-feira;07:31:00;MG;381;494;BETIM;Ausência de reação do condutor;Saída de leito carroçável;Com Vítimas Feridas;Pleno dia;Crescente;Chuva;Múltipla;"Reta;Interseção de Vias";Sim;2;0;1;0;1;1;0;1;-19,9743173;-44,18603928;SPRF-MG;DEL01/MG;UOP03-DEL01-MG
751118;09/02/2026;segunda-feira;07:30:00;SE;235;2,1;ARACAJU;Condutor deixou de manter distância do veículo da frente;Colisão traseira;Com Vítimas Feridas;Pleno dia;Crescente;Céu Claro;Dupla;Reta;Sim;2;0;0;1;1;1;0;2;-10,9073974;-37,09338427;SPRF-SE;DEL01-SE;UOP01-DEL01-SE
751120;09/02/2026;segunda-feira;08:20:00;PI;343;341;TERESINA;Condutor deixou de manter distância do veículo da frente;Colisão traseira;Com Vítimas Feridas;Pleno dia;Decrescente;Sol;Múltipla;Interseção de Vias;Sim;3;0;1;0;1;2;0;2;-5,07851;-42,74955;SPRF-PI;DEL01-PI;UOP01-DEL01-PI
751121;09/02/2026;segunda-feira;06:40:00;MT;364;403;CUIABA;Ausência de reação do condutor;Colisão transversal;Com Vítimas Feridas;Pleno dia;Crescente;Nublado;Dupla;Reta;Não;2;0;1;0;1;1;0;2;-15,6455442;-56,00981265;SPRF-MT;DEL01/MT;UOP02-DEL01-MT
751122;09/02/2026;segunda-feira;07:30:00;RJ;40;87;PETROPOLIS;Condutor Dormindo;Colisão com objeto;Com Vítimas Feridas;Pleno dia;Decrescente;Nublado;Dupla;"Reta;Aclive";Não;2;0;2;0;2;0;0;1;-22,560425;-43,22707;SPRF-RJ;DEL01/RJ;UOP01-DEL01-RJ
751123;09/02/2026;segunda-feira;08:05:00;SC;153;97,2;CONCORDIA;Acessar a via sem observar a presença dos outros veículos;Colisão transversal;Com Vítimas Feridas;Pleno dia;Decrescente;Céu Claro;Simples;"Interseção de Vias;Curva";Não;2;0;1;0;1;1;0;2;-27,22928929;-51,9527456;SPRF-SC;DEL07/SC;UOP04-DEL07-SC
751125;09/02/2026;segunda-feira;08:00:00;PR;476;144;CURITIBA;Ausência de reação do condutor;Colisão traseira;Com Vítimas Feridas;Pleno dia;Decrescente;Céu Claro;Dupla;Reta;Sim;2;0;1;0;1;1;0;2;-25,54710727;-49,31979418;SPRF-PR;DEL01/PR;UOP06-DEL01-PR
751126;09/02/2026;segunda-feira;08:10:00;MG;40;469;SETE LAGOAS;Chuva;Saída de leito carroçável;Com Vítimas Feridas;Pleno dia;Decrescente;Chuva;Dupla;Reta;Não;1;0;1;0;1;0;0;1;-19,45005692;-44,31695879;SPRF-MG;DEL02/MG;UOP01-DEL02-MG
751128;31/01/2026;sábado;13:10:00;RJ;40;123;DUQUE DE CAXIAS;Reação tardia ou ineficiente do condutor;Queda de ocupante de veículo;Com Vítimas Feridas;Pleno dia;Decrescente;Céu Claro;Múltipla;Reta;Sim;1;0;1;0;1;0;0;1;-22,80375929;-43,28986001;SPRF-RJ;DEL01/RJ;UOP02-DEL01-RJ
751130;09/02/2026;segunda-feira;08:55:00;SC;101;204;FLORIANOPOLIS;Manobra de mudança de faixa;Colisão transversal;Com Vítimas Feridas;Pleno dia;Crescente;Céu Claro;Dupla;Reta;Sim;3;0;1;0;1;2;0;2;-27,56625064;-48,5725683;SPRF-SC;DEL01/SC;UOP01-DEL01-SC
751131;09/02/2026;segunda-feira;07:10:00;AC;307;186;CRUZEIRO DO SUL;Ultrapassagem Indevida;Colisão traseira;Com Vítimas Feridas;Pleno dia;Crescente;Céu Claro;Simples;Curva;Sim;2;0;1;0;1;1;0;2;-7,659737;-72,647704;SPRF-AC;DEL01-AC;UOP03-DEL01-AC
751133;09/02/2026;segunda-feira;08:20:00;PE;424;94,6;GARANHUNS;Ausência de reação do condutor;Engavetamento;Com Vítimas Feridas;Pleno dia;Crescente;Céu Claro;Simples;"Reta;Declive";Não;6;0;2;0;2;4;0;4;-8,88017;-36,493787;SPRF-PE;DEL03/PE;UOP01-DEL03-PE
751134;09/02/2026;segunda-feira;07:40:00;PR;376;605,1;CURITIBA;Condutor deixou de manter distância do veículo da frente;Colisão traseira;Com Vítimas Feridas;Pleno dia;Decrescente;Sol;Dupla;Reta;Não;3;0;1;0;1;2;0;3;-25,53967288;-49,31188703;SPRF-PR;DEL01/PR;UOP03-DEL01-PR
751136;09/02/2026;segunda-feira;07:46:00;MG;116;765;LEOPOLDINA;Acessar a via sem observar a presença dos outros veículos;Colisão transversal;Com Vítimas Feridas;Pleno dia;Crescente;Céu Claro;Simples;Reta;Não;3;0;1;0;1;2;0;2;-21,54268599;-42,65591216;SPRF-MG;DEL07/MG;UOP01-DEL07-MG
751137;09/02/2026;segunda-feira;10:00:00;PB;230;20,6;ALHANDRA;Acostamento em desnível;Queda de ocupante de veículo;Com Vítimas Feridas;Pleno dia;Crescente;Céu Claro;Dupla;Reta;Sim;2;0;1;1;2;0;0;1;-7,3337565;-34,9476738;SPRF-PB;DEL01-PB;UOP01-DEL01-PB
751138;31/01/2026;sábado;16:00:00;AP;156;598;CALCOENE;Ausência de reação do condutor;Saída de leito carroçável;Sem Vítimas;Pleno dia;Decrescente;Chuva;Simples;Reta;Não;1;0;0;0;0;1;0;1;2,48310238;-50,97413349;SPRF-AP;DEL01-AP;UOP02-DEL01-AP
751139;09/02/2026;segunda-feira;10:20:00;ES;262;61,9;MARECHAL FLORIANO;Velocidade Incompatível;Tombamento;Com Vítimas Feridas;Pleno dia;Crescente;Céu Claro;Simples;Curva;Não;2;0;2;0;2;0;0;1;-20,42353858;-40,79893682;SPRF-ES;DEL01-ES;UOP02-DEL01-ES
751142;09/02/2026;segunda-feira;09:40:00;RJ;101;61;CAMPOS DOS GOYTACAZES;Acessar a via sem observar a presença dos outros veículos;Colisão transversal;Com Vítimas Feridas;Pleno dia;Decrescente;Céu Claro;Simples;Reta;Sim;5;0;1;0;1;4;0;2;-21,73185636;-41,32375614;SPRF-RJ;DEL08/RJ;UOP01-DEL08-RJ
751145;09/02/2026;segunda-feira;10:00:00;MA;230;397;BALSAS;Ingestão de álcool pelo condutor;Colisão traseira;Sem Vítimas;Pleno dia;Decrescente;Céu Claro;Simples;Reta;Não;2;0;0;0;0;2;0;2;-7,471203;-46,019777;SPRF-MA;DEL05-MA;UOP01-DEL05-MA
751146;09/02/2026;segunda-feira;06:05:00;MT;364;397,8;CUIABA;Avarias e/ou desgaste excessivo no pneu;Queda de ocupante de veículo;Com Vítimas Feridas;Pleno dia;Decrescente;Nublado;Dupla;Reta;Sim;2;0;2;0;2;0;0;1;-15,66404688;-55,96617615;SPRF-MT;DEL01/MT;UOP02-DEL01-MT
751147;09/02/2026;segunda-feira;10:00:00;RJ;101;333;RIO DE JANEIRO;Ausência de reação do condutor;Tombamento;Com Vítimas Feridas;Pleno dia;Decrescente;Chuva;Múltipla;Reta;Sim;2;0;1;0;1;1;0;1;-22,86858331;-43,19755554;SPRF-RJ;DEL02/RJ;UOP01-DEL02-RJ
751148;09/02/2026;segunda-feira;10:50:00;RJ;101;326;RIO DE JANEIRO;Demais falhas mecânicas ou elétricas;Tombamento;Com Vítimas Feridas;Pleno dia;Crescente;Chuva;Múltipla;Reta;Sim;2;0;2;0;2;0;0;1;-22,87112804;-43,16503143;SPRF-RJ;DEL02/RJ;UOP01-DEL02-RJ
751149;09/02/2026;segunda-feira;10:00:00;SC;101;202;SAO JOSE;Manobra de mudança de faixa;Capotamento;Com Vítimas Feridas;Pleno dia;Decrescente;Céu Claro;Dupla;Interseção de Vias;Sim;3;0;1;0;1;1;0;2;-27,556451;-48,619077;SPRF-SC;DEL01/SC;UOP01-DEL01-SC
751150;09/02/2026;segunda-feira;10:20:00;RJ;101;326;RIO DE JANEIRO;Reação tardia ou ineficiente do condutor;Tombamento;Com Vítimas Feridas;Pleno dia;Crescente;Chuva;Simples;"Reta;Ponte";Sim;1;0;1;0;1;0;0;1;-22,87094396;-43,15788078;SPRF-RJ;DEL02/RJ;UOP01-DEL02-RJ
751151;29/01/2026;quinta-feira;17:30:00;PR;376;487,3;PONTA GROSSA;Ausência de reação do condutor;Engavetamento;Com Vítimas Feridas;Anoitecer;Decrescente;Chuva;Dupla;"Reta;Declive";Sim;4;0;1;0;1;3;0;4;-25,12761;-50,17647;SPRF-PR;DEL03/PR;UOP03-DEL03-PR
751154;09/02/2026;segunda-feira;08:44:00;RS;290;102;PORTO ALEGRE;Faixas de trânsito com largura insuficiente;Colisão lateral sentido oposto;Sem Vítimas;Pleno dia;Crescente;Sol;Simples;Reta;Sim;3;0;0;0;0;3;0;2;-29,98891977;-51,26334278;SPRF-RS;DEL01/RS;UOP01-DEL01-RS
751157;09/02/2026;segunda-feira;08:00:00;BA;324;611;SIMOES FILHO;Manobra de mudança de faixa;Colisão lateral mesmo sentido;Com Vítimas Feridas;Pleno dia;Crescente;Céu Claro;Dupla;Reta;Sim;2;0;1;0;1;1;0;2;-12,856133;-38,420868;SPRF-BA;DEL01/BA;UOP01-DEL01-BA
751160;09/02/2026;segunda-feira;12:15:00;SP;153;48;SAO JOSE DO RIO PRETO;Reação tardia ou ineficiente do condutor;Saída de leito carroçável;Com Vítimas Feridas;Pleno dia;Crescente;Chuva;Simples;"Reta;Declive";Não;4;0;2;0;2;2;0;1;-20,691841;-49,339887;SPRF-SP;DEL09/SP;UOP01-DEL09-SP
751162;09/02/2026;segunda-feira;10:00:00;MG;381;628,7;OLIVEIRA;Ausência de reação do condutor;Saída de leito carroçável;Sem Vítimas;Pleno dia;Decrescente;Chuva;Dupla;Curva;Não;1;0;0;0;0;1;0;1;-20,8240023;-44,8011121;SPRF-MG;DEL04/MG;UOP01-DEL04-MG
751163;09/02/2026;segunda-feira;11:05:00;RS;293;442;QUARAI;Velocidade Incompatível;Saída de leito carroçável;Com Vítimas Feridas;Pleno dia;Decrescente;Céu Claro;Simples;Reta;Não;1;0;1;0;1;0;0;1;-30,39224;-56,43455;SPRF-RS;DEL11/RS;UOP01-DEL11-RS
751165;09/02/2026;segunda-feira;12:50:00;RS;116;519,7;PELOTAS;Ultrapassagem Indevida;Colisão lateral mesmo sentido;Com Vítimas Feridas;Pleno dia;Decrescente;Céu Claro;Dupla;Reta;Sim;2;0;0;1;1;1;0;2;-31,69735454;-52,35766411;SPRF-RS;DEL07/RS;UOP01-DEL07-RS
751169;09/02/2026;segunda-feira;12:10:00;PR;153;3;IMBITUVA;Ultrapassagem Indevida;Colisão frontal;Com Vítimas Feridas;Pleno dia;Crescente;Sol;Simples;"Reta;Aclive";Sim;2;0;0;1;1;1;0;2;-25,216892;-50,592;SPRF-PR;DEL08/PR;UOP02-DEL08-PR
751170;09/02/2026;segunda-feira;11:50:00;RJ;116;148;DUQUE DE CAXIAS;Reação tardia ou ineficiente do condutor;Colisão traseira;Com Vítimas Feridas;Pleno dia;Decrescente;Chuva;Dupla;Reta;Sim;2;0;1;0;1;1;0;2;-22,67124386;-43,27743173;SPRF-RJ;DEL01/RJ;UOP02-DEL01-RJ
751176;09/02/2026;segunda-feira;12:00:00;DF;60;0,3;BRASILIA;Reação tardia ou ineficiente do condutor;Colisão com objeto;Com Vítimas Feridas;Pleno dia;Crescente;Nublado;Múltipla;Reta;Sim;1;0;1;0;1;0;0;1;-15,883046;-48,062887;SPRF-DF;DEL03-DF;UOP01-DEL03-DF
751177;09/02/2026;segunda-feira;07:20:00;PE;424;95;GARANHUNS;Acessar a via sem observar a presença dos outros veículos;Colisão transversal;Com Vítimas Feridas;Pleno dia;Crescente;Céu Claro;Simples;Declive;Não;2;0;1;0;1;1;0;2;-8,924993;-36,489512;SPRF-PE;DEL03/PE;UOP01-DEL03-PE
751178;09/02/2026;segunda-feira;12:00:00;RJ;40;96;DUQUE DE CAXIAS;Ausência de reação do condutor;Saída de leito carroçável;Com Vítimas Feridas;Pleno dia;Crescente;Chuva;Simples;Curva;Não;2;0;1;0;1;1;0;1;-22,57193241;-43,28019977;SPRF-RJ;DEL01/RJ;UOP01-DEL01-RJ
751183;09/02/2026;segunda-feira;13:00:00;BA;324;527;FEIRA DE SANTANA;Acessar a via sem observar a presença dos outros veículos;Colisão traseira;Com Vítimas Feridas;Pleno dia;Crescente;Céu Claro;Dupla;Retorno Regulamentado;Não;2;0;1;0;1;1;0;2;-12,31937;-38,87321;SPRF-BA;DEL11/BA;UOP02-DEL11-BA
751184;03/02/2026;terça-feira;19:00:00;RJ;116;193;QUEIMADOS;Animais na Pista;Atropelamento de Animal;Sem Vítimas;Anoitecer;Decrescente;Céu Claro;Dupla;Reta;Não;2;0;0;0;0;2;0;1;-22,7376;-43,5365;SPRF-RJ;DEL06/RJ;UOP01-DEL06-RJ
751185;09/02/2026;segunda-feira;13:40:00;PA;155;340;MARABA;Ingestão de álcool pelo condutor;Tombamento;Com Vítimas Feridas;Pleno dia;Decrescente;Céu Claro;Simples;Reta;Não;1;0;1;0;1;0;0;1;-5,44392739;-49,07644272;SPRF-PA;DEL03/PA;UOP01-DEL03-PA
751189;09/02/2026;segunda-feira;14:10:00;SP;116;484;CAJATI;Reação tardia ou ineficiente do condutor;Saída de leito carroçável;Com Vítimas Feridas;Pleno dia;Decrescente;Céu Claro;Dupla;Reta;Não;5;0;1;0;1;4;0;1;-24,722841;-48,051357;SPRF-SP;DEL05/SP;UOP01-DEL05-SP
751190;09/02/2026;segunda-feira;12:00:00;MS;376;135,7;IVINHEMA;Pista esburacada;Saída de leito carroçável;Com Vítimas Feridas;Pleno dia;Crescente;Sol;Simples;Reta;Não;2;0;2;0;2;0;0;1;-22,383495;-53,66312;SPRF-MS;DEL04/MS;UOP04-DEL04-MS
751192;09/02/2026;segunda-feira;14:30:00;MG;381;490;BETIM;Ausência de reação do condutor;Queda de ocupante de veículo;Com Vítimas Feridas;Pleno dia;Decrescente;Céu Claro;Dupla;Declive;Sim;1;0;1;0;1;0;0;1;-19,95657346;-44,14202249;SPRF-MG;DEL01/MG;UOP03-DEL01-MG
751193;09/02/2026;segunda-feira;14:20:00;ES;101;348;ANCHIETA;Avarias e/ou desgaste excessivo no pneu;Saída de leito carroçável;Com Vítimas Feridas;Pleno dia;Decrescente;Chuva;Dupla;Curva;Não;2;0;1;0;1;1;0;1;-20,65101701;-40,64203262;SPRF-ES;DEL03-ES;UOP01-DEL03-ES
751195;05/02/2026;quinta-feira;13:30:00;RJ;116;83;TERESOPOLIS;Reação tardia ou ineficiente do condutor;Colisão traseira;Com Vítimas Feridas;Pleno dia;Crescente;Nublado;Simples;Curva;Sim;3;0;1;0;1;2;0;2;-22,40626755;-42,95173645;SPRF-RJ;DEL04/RJ;UOP01-DEL04-RJ
751196;09/02/2026;segunda-feira;15:00:00;PR;376;605;CURITIBA;Ausência de reação do condutor;Queda de ocupante de veículo;Com Vítimas Feridas;Pleno dia;Decrescente;Céu Claro;Dupla;Curva;Sim;1;0;1;0;1;0;0;1;-25,53853058;-49,31095362;SPRF-PR;DEL01/PR;UOP03-DEL01-PR
751200;09/02/2026;segunda-feira;14:50:00;PB;230;27;JOAO PESSOA;Ausência de reação do condutor;Tombamento;Com Vítimas Feridas;Pleno dia;Crescente;Céu Claro;Simples;"Curva;Viaduto";Sim;1;0;1;0;1;0;0;1;-7,16478663;-34,89811165;SPRF-PB;DEL01-PB;UOP01-DEL01-PB
751202;09/02/2026;segunda-feira;15:03:00;BA;324;514;FEIRA DE SANTANA;Reação tardia ou ineficiente do condutor;Colisão transversal;Com Vítimas Feridas;Pleno dia;Crescente;Sol;Simples;Interseção de Vias;Sim;2;0;1;0;1;1;0;2;-12,23705913;-38,9419595;SPRF-BA;DEL02/BA;UOP01-DEL02-BA
751203;29/01/2026;quinta-feira;08:04:00;RJ;40;120;DUQUE DE CAXIAS;Reação tardia ou ineficiente do condutor;Colisão lateral mesmo sentido;Com Vítimas Feridas;Pleno dia;Crescente;Céu Claro;Múltipla;Reta;Sim;2;0;1;0;1;0;0;2;-22,777602;-43,284913;SPRF-RJ;DEL01/RJ;UOP02-DEL01-RJ
751204;09/02/2026;segunda-feira;08:10:00;RJ;356;29;ITAPERUNA;Ausência de reação do condutor;Colisão traseira;Sem Vítimas;Pleno dia;Crescente;Céu Claro;Simples;Reta;Não;2;0;0;0;0;1;0;2;-21,185376;-41,92904;SPRF-RJ;DEL08/RJ;UOP03-DEL08-RJ
751205;09/02/2026;segunda-feira;14:40:00;RO;364;235,2;CACOAL;Ingestão de álcool pelo condutor;Tombamento;Sem Vítimas;Pleno dia;Decrescente;Chuva;Simples;Retorno Regulamentado;Sim;1;0;0;0;0;1;0;1;-11,447728;-61,433005;SPRF-RO;DEL02-RO;UOP02-DEL02-RO
751207;09/02/2026;segunda-feira;13:00:00;RJ;40;22;TRES RIOS;Chuva;Saída de leito carroçável;Com Vítimas Feridas;Pleno dia;Crescente;Chuva;Dupla;Curva;Não;2;0;2;0;2;0;0;1;-22,12814822;-43,15670935;SPRF-RJ;DEL05/RJ;UOP02-DEL05-RJ
751210;09/02/2026;segunda-feira;12:16:00;RJ;493;63;NOVA IGUACU;Reação tardia ou ineficiente do condutor;Saída de leito carroçável;Com Vítimas Feridas;Pleno dia;Decrescente;Chuva;Dupla;Retorno Regulamentado;Não;1;0;1;0;1;0;0;1;-22,682648;-43,4287405;SPRF-RJ;DEL01/RJ;UOP03-DEL01-RJ
751213;09/02/2026;segunda-feira;15:50:00;PB;104;131,8;QUEIMADAS;Condutor deixou de manter distância do veículo da frente;Colisão traseira;Com Vítimas Feridas;Pleno dia;Decrescente;Sol;Simples;Reta;Sim;2;0;0;1;1;1;0;2;-7,297777;-35,891635;SPRF-PB;DEL02-PB;UOP03-DEL02-PB
751214;09/02/2026;segunda-feira;15:15:00;MS;163;454,3;CAMPO GRANDE;Reação tardia ou ineficiente do condutor;Colisão frontal;Com Vítimas Feridas;Pleno dia;Decrescente;Nublado;Simples;"Reta;Em Obras";Não;4;0;4;0;4;0;0;3;-20,68835923;-54,55329895;SPRF-MS;DEL01/MS;UOP01-DEL01-MS
751215;09/02/2026;segunda-feira;10:30:00;PA;230;117;MARABA;Reação tardia ou ineficiente do condutor;Colisão traseira;Com Vítimas Feridas;Pleno dia;Crescente;Céu Claro;Dupla;Reta;Sim;2;0;0;1;1;1;0;2;-5,354252;-49,092478;SPRF-PA;DEL03/PA;UOP01-DEL03-PA
751216;09/02/2026;segunda-feira;13:21:00;RJ;465;14;SEROPEDICA;Reação tardia ou ineficiente do condutor;Colisão lateral mesmo sentido;Com Vítimas Feridas;Pleno dia;Crescente;Nublado;Simples;Reta;Sim;3;0;2;0;2;1;0;2;-22,80273012;-43,64200652;SPRF-RJ;DEL06/RJ;UOP02-DEL06-RJ
751217;09/02/2026;segunda-feira;15:24:00;RN;101;97,2;NATAL;Condutor deixou de manter distância do veículo da frente;Colisão traseira;Com Vítimas Feridas;Pleno dia;Decrescente;Céu Claro;Dupla;Viaduto;Sim;3;0;1;0;1;2;0;2;-5,85893;-35,213117;SPRF-RN;DEL01-RN;UOP01-DEL01-RN
751219;09/02/2026;segunda-feira;13:00:00;RO;364;614;ITAPUA DO OESTE;Acumulo de água sobre o pavimento;Saída de leito carroçável;Com Vítimas Feridas;Pleno dia;Crescente;Chuva;Simples;Reta;Não;1;0;1;0;1;0;0;1;-9,12351;-63,25699;SPRF-RO;DEL01-RO;UOP04-DEL01-RO
751220;09/02/2026;segunda-feira;16:22:00;SP;116;217;GUARULHOS;Chuva;Queda de ocupante de veículo;Com Vítimas Feridas;Pleno dia;Decrescente;Chuva;Múltipla;Reta;Sim;1;0;1;0;1;0;0;1;-23,454422;-46,47190746;SPRF-SP;DEL01/SP;UOP01-DEL01-SP
751221;09/02/2026;segunda-feira;16:00:00;MG;381;854,8;POUSO ALEGRE;Chuva;Colisão com objeto;Com Vítimas Feridas;Pleno dia;Crescente;Chuva;Dupla;Reta;Não;1;0;1;0;1;0;0;1;-22,27717;-45,894285;SPRF-MG;DEL16/MG;UOP01-DEL16-MG
751222;09/02/2026;segunda-feira;14:30:00;BA;101;203;MURITIBA;Pista Escorregadia;Tombamento;Com Vítimas Feridas;Pleno dia;Decrescente;Chuva;Simples;Declive;Não;2;0;2;0;2;0;0;1;-12,59782;-38,9974;SPRF-BA;DEL11/BA;UOP01-DEL11-BA
751223;09/02/2026;segunda-feira;16:35:00;SC;280;45,4;GUARAMIRIM;Demais falhas mecânicas ou elétricas;Tombamento;Com Vítimas Feridas;Pleno dia;Crescente;Céu Claro;Dupla;"Reta;Em Obras";Não;2;0;2;0;2;0;0;1;-26,452535;-48,902228;SPRF-SC;DEL03/SC;UOP03-DEL03-SC
751224;09/02/2026;segunda-feira;14:30:00;RJ;101;491,3;ANGRA DOS REIS;Chuva;Saída de leito carroçável;Com Vítimas Feridas;Pleno dia;Decrescente;Chuva;Simples;"Curva;Aclive";Não;1;0;1;0;1;0;0;1;-22,95471695;-44,32355627;SPRF-RJ;DEL03/RJ;UOP03-DEL03-RJ
751225;09/02/2026;segunda-feira;16:59:00;ES;101;149;LINHARES;Condutor desrespeitou a iluminação vermelha do semáforo;Colisão transversal;Com Vítimas Feridas;Pleno dia;Crescente;Céu Claro;Múltipla;"Interseção de Vias;Reta";Sim;2;0;1;0;1;1;0;2;-19,39976589;-40,06242053;SPRF-ES;DEL04-ES;UOP01-DEL04-ES
751226;09/02/2026;segunda-feira;13:15:00;PR;163;176;LINDOESTE;Ausência de reação do condutor;Saída de leito carroçável;Sem Vítimas;Pleno dia;Crescente;Céu Claro;Dupla;Reta;Não;1;0;0;0;0;1;0;1;-25,1756178;-53,60314116;SPRF-PR;DEL05/PR;UOP05-DEL05-PR
751228;09/02/2026;segunda-feira;17:00:00;GO;50;266,4;CATALAO;Chuva;Saída de leito carroçável;Sem Vítimas;Pleno dia;Decrescente;Chuva;Dupla;"Reta;Aclive";Não;1;0;0;0;0;1;0;1;-18,086132;-47,870378;SPRF-GO;DEL06/GO;UOP01-DEL06-GO
751229;09/02/2026;segunda-feira;17:00:00;CE;222;312,1;TIANGUA;Animais na Pista;Atropelamento de Animal;Com Vítimas Feridas;Pleno dia;Decrescente;Céu Claro;Múltipla;Curva;Sim;1;0;1;0;1;0;0;1;-3,71780534;-40,99297285;SPRF-CE;DEL04/CE;UOP02-DEL04-CE
751230;09/02/2026;segunda-feira;15:45:00;SC;280;26,7;ARAQUARI;Transtornos Mentais (exceto suicidio);Colisão traseira;Sem Vítimas;Pleno dia;Crescente;Céu Claro;Simples;Reta;Não;2;0;0;0;0;1;0;2;-26,39491;-48,738993;SPRF-SC;DEL03/SC;UOP03-DEL03-SC
751232;09/02/2026;segunda-feira;16:50:00;RS;158;322,5;SANTA MARIA;Condutor deixou de manter distância do veículo da frente;Colisão traseira;Com Vítimas Feridas;Pleno dia;Decrescente;Céu Claro;Dupla;Rotatória;Não;2;0;1;0;1;1;0;2;-29,695294;-53,774916;SPRF-RS;DEL09/RS;UOP01-DEL09-RS
751236;09/02/2026;segunda-feira;17:00:00;SP;116;283;EMBU DAS ARTES;Manobra de mudança de faixa;Colisão lateral mesmo sentido;Com Vítimas Feridas;Anoitecer;Crescente;Chuva;Dupla;"Declive;Reta";Sim;2;0;0;1;1;1;0;2;-23,668977;-46,855855;SPRF-SP;DEL04/SP;UOP01-DEL04-SP
751238;09/02/2026;segunda-feira;18:18:00;RS;116;245;SAO LEOPOLDO;Condutor deixou de manter distância do veículo da frente;Colisão traseira;Com Vítimas Feridas;Pleno dia;Decrescente;Céu Claro;Dupla;"Reta;Ponte";Sim;2;0;1;0;1;1;0;2;-29,7556424;-51,1515914;SPRF-RS;DEL01/RS;UOP02-DEL01-RS