id;data_inversa;dia_semana;horario;uf;br;km;municipio;causa_acidente;tipo_acidente;classificacao_acidente;fase_dia;sentido_via;condicao_metereologica;tipo_pista;tracado_via;uso_solo;pessoas;mortos;feridos_leves;feridos_graves;feridos;ilesos;ignorados;veiculos;latitude;longitude;regional;delegacia;uop
751375;10/02/2026;terça-feira;12:50:00;RS;290;67;GRAVATAI;Reação tardia ou ineficiente do condutor;Saída de leito carroçável;Com Vítimas Feridas;Pleno dia;Decrescente;Céu Claro;Dupla;Reta;Não;3;0;1;0;1;2;0;1;-29,943089;-50,931818;SPRF-RS;DEL03/RS;UOP01-DEL03-RS
751376;10/02/2026;terça-feira;09:05:00;PA;10;269;MAE DO RIO;Ausência de reação do condutor;Colisão traseira;Com Vítimas Feridas;Pleno dia;Crescente;Céu Claro;Simples;"Reta;Em Obras";Não;3;0;0;1;1;2;0;3;-2,080667;-47,559695;SPRF-PA;DEL02/PA;UOP01-DEL02-PA
751379;10/02/2026;terça-feira;10:52:00;CE;116;502,8;BREJO SANTO;Acessar a via sem observar a presença dos outros veículos;Colisão transversal;Com Vítimas Feridas;Pleno dia;Decrescente;Céu Claro;Simples;Reta;Sim;3;0;0;2;2;1;0;2;-7,49680247;-38,98454547;SPRF-CE;DEL05/CE;UOP03-DEL05-CE
751381;10/02/2026;terça-feira;13:10:00;SC;282;19;PALHOCA;Transitar na contramão;Colisão frontal;Com Vítimas Feridas;Pleno dia;Crescente;Céu Claro;Simples;"Reta;Interseção de Vias";Sim;4;0;1;1;2;2;0;3;-27,67876607;-48,70224606;SPRF-SC;DEL01/SC;UOP02-DEL01-SC
751382;10/02/2026;terça-feira;08:13:00;PR;116;18,9;CURITIBA;Trafegar com motocicleta (ou similar) entre as faixas;Colisão lateral mesmo sentido;Com Vítimas Feridas;Pleno dia;Crescente;Nublado;Dupla;"Aclive;Reta";Sim;3;0;2;0;2;1;0;2;-25,38881;-49,198795;SPRF-PR;DEL01/PR;UOP02-DEL01-PR
751383;10/02/2026;terça-feira;13:35:00;PR;376;670;GUARATUBA;Ausência de reação do condutor;Colisão com objeto;Com Vítimas Feridas;Pleno dia;Crescente;Céu Claro;Dupla;"Declive;Curva";Não;1;0;1;0;1;0;0;1;-25,8837307;-48,9349228;SPRF-PR;DEL01/PR;UOP04-DEL01-PR
751384;10/02/2026;terça-feira;13:00:00;MG;381;526,6;ITATIAIUCU;Declive acentuado;Tombamento;Com Vítimas Feridas;Pleno dia;Decrescente;Nublado;Dupla;Curva;Não;3;0;2;0;2;1;0;1;-20,16437989;-44,36652303;SPRF-MG;DEL04/MG;UOP03-DEL04-MG
751387;07/02/2026;sábado;08:00:00;RJ;40;72;DUQUE DE CAXIAS;Pista Escorregadia;Colisão com objeto;Com Vítimas Feridas;Pleno dia;Decrescente;Garoa/Chuvisco;Simples;Curva;Não;5;0;4;0;4;1;0;1;-22,630818;-43,28513043;SPRF-RJ;DEL01/RJ;UOP01-DEL01-RJ
751388;10/02/2026;terça-feira;12:30:00;TO;10;362;SILVANOPOLIS;Ausência de reação do condutor;Saída de leito carroçável;Com Vítimas Fatais;Pleno dia;Decrescente;Céu Claro;Simples;Curva;Não;1;1;0;0;0;0;0;1;-11,03472;-48,25791;SPRF-TO;DEL01-TO;UOP03-DEL01-TO
751389;10/02/2026;terça-feira;13:20:00;AL;101;204,8;SAO SEBASTIAO;Ingestão de álcool pelo condutor;Queda de ocupante de veículo;Com Vítimas Feridas;Pleno dia;Crescente;Céu Claro;Dupla;Reta;Não;1;0;1;0;1;0;0;1;-9,98308;-36,561083;SPRF-AL;DEL02-AL;UOP02-DEL02-AL
751390;10/02/2026;terça-feira;13:15:00;PE;101;65;RECIFE;Demais falhas mecânicas ou elétricas;Queda de ocupante de veículo;Com Vítimas Feridas;Pleno dia;Decrescente;Céu Claro;Dupla;Reta;Sim;2;0;2;0;2;0;0;1;-8,018613;-34,942044;SPRF-PE;DEL01/PE;UOP01-DEL01-PE
751392;10/02/2026;terça-feira;14:40:00;MG;40;728,9;OLIVEIRA FORTES;Velocidade Incompatível;Colisão com objeto;Com Vítimas Feridas;Pleno dia;Crescente;Ignorado;Dupla;"Curva;Declive";Não;1;0;1;0;1;0;0;1;-21,34606461;-43,58267784;SPRF-MG;DEL05/MG;UOP01-DEL05-MG
751393;10/02/2026;terça-feira;11:40:00;SC;163;70,1;SAO MIGUEL DO OESTE;Acessar a via sem observar a presença dos outros veículos;Colisão transversal;Com Vítimas Feridas;Pleno dia;Crescente;Céu Claro;Dupla;"Interseção de Vias;Reta";Sim;3;0;1;0;1;2;0;2;-26,73388264;-53,50784898;SPRF-SC;DEL07/SC;UOP03-DEL07-SC
751394;10/02/2026;terça-feira;14:20:00;PB;230;65,5;SAO MIGUEL DE TAIPU;Velocidade Incompatível;Saída de leito carroçável;Com Vítimas Feridas;Pleno dia;Decrescente;Céu Claro;Dupla;Curva;Não;1;0;0;1;1;0;0;1;-7,1910467;-35,1838983;SPRF-PB;DEL01-PB;UOP02-DEL01-PB
751396;10/02/2026;terça-feira;11:34:00;RJ;40;121;DUQUE DE CAXIAS;Ausência de reação do condutor;Colisão traseira;Com Vítimas Feridas;Pleno dia;Decrescente;Garoa/Chuvisco;Simples;Viaduto;Sim;3;0;1;1;2;1;0;2;-22,7862933;-43,2852977;SPRF-RJ;DEL01/RJ;UOP02-DEL01-RJ
751397;10/02/2026;terça-feira;11:04:00;AC;364;136;RIO BRANCO;Reação tardia ou ineficiente do condutor;Colisão traseira;Com Vítimas Feridas;Pleno dia;Crescente;Céu Claro;Dupla;"Aclive;Reta";Sim;2;0;1;0;1;1;0;2;-9,973015;-67,850965;SPRF-AC;DEL01-AC;UOP01-DEL01-AC
751398;17/01/2026;sábado;18:05:00;PR;277;44;MORRETES;Velocidade Incompatível;Colisão lateral mesmo sentido;Com Vítimas Feridas;Anoitecer;Crescente;Chuva;Dupla;"Curva;Aclive";Não;2;0;1;0;1;0;0;2;-25,5930329;-48,8904913;SPRF-PR;DEL01/PR;UOP05-DEL01-PR
751401;06/02/2026;sexta-feira;14:00:00;AL;101;88;RIO LARGO;Reação tardia ou ineficiente do condutor;Colisão traseira;Com Vítimas Feridas;Pleno dia;Crescente;Céu Claro;Dupla;Reta;Não;2;0;1;0;1;1;0;2;-9,46806488;-35,82442984;SPRF-AL;DEL01-AL;UOP01-DEL01-AL
751402;10/02/2026;terça-feira;12:30:00;SC;101;330,7;TUBARAO;Manobra de mudança de faixa;Queda de ocupante de veículo;Com Vítimas Feridas;Pleno dia;Decrescente;Céu Claro;Múltipla;Reta;Não;1;0;1;0;1;0;0;1;-28,4594;-48,988;SPRF-SC;DEL02/SC;UOP01-DEL02-SC
751404;10/02/2026;terça-feira;15:24:00;RS;101;2,4;TORRES;Reação tardia ou ineficiente do condutor;Queda de ocupante de veículo;Com Vítimas Feridas;Pleno dia;Crescente;Céu Claro;Simples;Curva;Não;1;0;0;1;1;0;0;1;-29,32044934;-49,77766192;SPRF-RS;DEL03/RS;UOP02-DEL03-RS
751405;10/02/2026;terça-feira;15:20:00;DF;70;10;BRASILIA;Acessar a via sem observar a presença dos outros veículos;Colisão traseira;Sem Vítimas;Pleno dia;Decrescente;Nublado;Múltipla;Reta;Não;2;0;0;0;0;2;0;2;-15,789302;-48,146807;SPRF-DF;DEL03-DF;UOP02-DEL03-DF
751409;10/02/2026;terça-feira;15:50:00;SC;101;148,8;ITAPEMA;Acessar a via sem observar a presença dos outros veículos;Colisão lateral mesmo sentido;Com Vítimas Feridas;Pleno dia;Decrescente;Céu Claro;Dupla;"Reta;Interseção de Vias";Sim;3;0;2;0;2;1;0;2;-27,10622978;-48,61478321;SPRF-SC;DEL04/SC;UOP03-DEL04-SC
751410;03/02/2026;terça-feira;13:50:00;BA;101;883;TEIXEIRA DE FREITAS;Acessar a via sem observar a presença dos outros veículos;Colisão transversal;Com Vítimas Feridas;Pleno dia;Crescente;Nublado;Simples;Rotatória;Não;2;0;2;0;2;0;0;2;-17,590995;-39,745083;SPRF-BA;DEL09/BA;UOP02-DEL09-BA
751411;10/02/2026;terça-feira;16:00:00;SC;116;81;MONTE CASTELO;Transitar na contramão;Colisão frontal;Com Vítimas Feridas;Pleno dia;Crescente;Céu Claro;Simples;Reta;Não;3;0;1;0;1;2;0;2;-26,65223848;-50,27169449;SPRF-SC;DEL06/SC;UOP02-DEL06-SC
751412;10/02/2026;terça-feira;15:30:00;AP;156;510;PRACUUBA;Acumulo de água sobre o pavimento;Saída de leito carroçável;Com Vítimas Feridas;Pleno dia;Crescente;Chuva;Simples;Curva;Não;1;0;1;0;1;0;0;1;1,803024;-50,878418;SPRF-AP;DEL01-AP;UOP02-DEL01-AP
751414;10/02/2026;terça-feira;15:45:00;SC;470;97,4;APIUNA;Reação tardia ou ineficiente do condutor;Colisão traseira;Sem Vítimas;Pleno dia;Decrescente;Céu Claro;Simples;Reta;Sim;4;0;0;0;0;4;0;2;-27,02994;-49,38262;SPRF-SC;DEL04/SC;UOP01-DEL04-SC
751415;10/02/2026;terça-feira;15:35:00;PE;101;62,6;RECIFE;Trafegar com motocicleta (ou similar) entre as faixas;Colisão lateral mesmo sentido;Com Vítimas Feridas;Pleno dia;Decrescente;Céu Claro;Dupla;Reta;Não;2;0;1;0;1;1;0;2;-8,003512;-34,938266;SPRF-PE;DEL01/PE;UOP02-DEL01-PE
751416;10/02/2026;terça-feira;15:35:00;RO;364;198;PIMENTA BUENO;Transitar na contramão;Colisão frontal;Com Vítimas Feridas;Pleno dia;Decrescente;Garoa/Chuvisco;Simples;"Viaduto;Retorno Regulamentado";Sim;3;0;1;0;1;2;0;2;-11,670975;-61,191475;SPRF-RO;DEL02-RO;UOP02-DEL02-RO
751418;10/02/2026;terça-feira;14:00:00;RJ;116;147;DUQUE DE CAXIAS;Pista Escorregadia;Tombamento;Com Vítimas Feridas;Pleno dia;Decrescente;Chuva;Dupla;Reta;Sim;1;0;1;0;1;0;0;1;-22,67045102;-43,27445736;SPRF-RJ;DEL01/RJ;UOP02-DEL01-RJ
751422;10/02/2026;terça-feira;15:50:00;MG;365;792;GURINHATA;Chuva;Saída de leito carroçável;Com Vítimas Feridas;Pleno dia;Crescente;Chuva;Dupla;Interseção de Vias;Sim;1;0;1;0;1;0;0;1;-18,931446;-49,838519;SPRF-MG;DEL15/MG;UOP03-DEL15-MG
751423;10/02/2026;terça-feira;09:40:00;RJ;101;306;SAO GONCALO;Ausência de reação do condutor;Colisão traseira;Com Vítimas Feridas;Pleno dia;Crescente;Nublado;Dupla;Reta;Sim;2;0;1;0;1;1;0;2;-22,78947604;-43,00769806;SPRF-RJ;DEL02/RJ;UOP02-DEL02-RJ
751424;10/02/2026;terça-feira;17:10:00;GO;50;105,9;CRISTALINA;Chuva;Saída de leito carroçável;Com Vítimas Feridas;Pleno dia;Decrescente;Chuva;Dupla;Reta;Não;1;0;1;0;1;0;0;1;-16,816712;-47,670122;SPRF-DF;DEL01-DF;UOP02-DEL01-DF
751425;10/02/2026;terça-feira;11:00:00;RO;421;47,5;MONTE NEGRO;Ultrapassagem Indevida;Colisão frontal;Com Vítimas Fatais;Pleno dia;Decrescente;Nublado;Simples;"Declive;Reta";Não;4;1;1;2;3;0;0;2;-10,25203;-63,280763;SPRF-RO;DEL03-RO;UOP01-DEL03-RO
751426;10/02/2026;terça-feira;17:30:00;RN;304;300;MACAIBA;Ausência de reação do condutor;Tombamento;Com Vítimas Feridas;Pleno dia;Decrescente;Céu Claro;Simples;Reta;Sim;1;0;1;0;1;0;0;1;-5,8752317;-35,3095815;SPRF-RN;DEL01-RN;UOP02-DEL01-RN
751427;10/02/2026;terça-feira;17:05:00;SP;153;72,3;SAO JOSE DO RIO PRETO;Problema na suspensão;Tombamento;Com Vítimas Feridas;Anoitecer;Crescente;Garoa/Chuvisco;Dupla;Reta;Sim;2;0;1;1;2;0;0;1;-20,870432;-49,415861;SPRF-SP;DEL09/SP;UOP01-DEL09-SP
751428;10/02/2026;terça-feira;18:00:00;RN;304;35;MOSSORO;Reação tardia ou ineficiente do condutor;Colisão traseira;Com Vítimas Feridas;Plena Noite;Crescente;Céu Claro;Dupla;Rotatória;Sim;2;0;1;0;1;1;0;2;-5,16484782;-37,35184193;SPRF-RN;DEL04-RN;UOP02-DEL04-RN
751431;10/02/2026;terça-feira;17:50:00;MG;116;494,5;INHAPIM;Acumulo de água sobre o pavimento;Colisão frontal;Com Vítimas Feridas;Anoitecer;Crescente;Chuva;Simples;Reta;Não;4;0;2;0;2;2;0;2;-19,516692;-42,128172;SPRF-MG;DEL06/MG;UOP02-DEL06-MG
751432;10/02/2026;terça-feira;14:38:00;GO;60;300,9;ACREUNA;Chuva;Saída de leito carroçável;Com Vítimas Feridas;Pleno dia;Crescente;Chuva;Dupla;Curva;Não;2;0;2;0;2;0;0;1;-17,37527;-50,356432;SPRF-GO;DEL04/GO;UOP02-DEL04-GO
751434;10/02/2026;terça-feira;18:15:00;PB;101;96,3;CONDE;Acessar a via sem observar a presença dos outros veículos;Colisão lateral mesmo sentido;Com Vítimas Feridas;Plena Noite;Decrescente;Céu Claro;Dupla;Reta;Não;2;0;1;0;1;1;0;2;-7,23279499;-34,9223613;SPRF-PB;DEL01-PB;UOP01-DEL01-PB
751436;10/02/2026;terça-feira;18:12:00;ES;101;266,6;SERRA;Manobra de mudança de faixa;Colisão lateral mesmo sentido;Com Vítimas Feridas;Plena Noite;Decrescente;Nublado;Múltipla;Reta;Sim;3;0;2;0;2;1;0;2;-20,194584;-40,26843;SPRF-ES;DEL02-ES;UOP01-DEL02-ES
751437;10/02/2026;terça-feira;17:10:00;SC;282;318;VARGEM;Condutor Dormindo;Saída de leito carroçável;Com Vítimas Feridas;Pleno dia;Decrescente;Céu Claro;Simples;"Declive;Curva";Não;1;0;1;0;1;0;0;1;-27,4361689;-51,02018293;SPRF-SC;DEL07/SC;UOP06-DEL07-SC
751438;10/02/2026;terça-feira;16:30:00;SC;101;320;PESCARIA BRAVA;Acessar a via sem observar a presença dos outros veículos;Colisão transversal;Com Vítimas Feridas;Pleno dia;Crescente;Céu Claro;Dupla;Interseção de Vias;Sim;2;0;1;0;1;1;0;2;-28,4242;-48,8959;SPRF-SC;DEL02/SC;UOP01-DEL02-SC
751441;10/02/2026;terça-feira;17:00:00;MT;70;300;PRIMAVERA DO LESTE;Ingestão de álcool pelo condutor;Engavetamento;Sem Vítimas;Anoitecer;Decrescente;Chuva;Simples;"Reta;Aclive";Não;7;0;0;0;0;7;0;4;-15,5790443;-54,47259;SPRF-MT;DEL05/MT;UOP01-DEL05-MT
751442;10/02/2026;terça-feira;18:25:00;SC;480;132,5;CHAPECO;Conversão proibida;Colisão transversal;Com Vítimas Feridas;Pleno dia;Crescente;Sol;Simples;Interseção de Vias;Sim;2;0;1;0;1;1;0;2;-27,05535491;-52,61993408;SPRF-SC;DEL07/SC;UOP01-DEL07-SC
751443;10/02/2026;terça-feira;18:36:00;ES;101;293,9;CARIACICA;Objeto estático sobre o leito carroçável;Colisão com objeto;Com Vítimas Feridas;Plena Noite;Crescente;Céu Claro;Dupla;"Reta;Declive";Sim;1;0;1;0;1;0;0;1;-20,3241108;-40,39529443;SPRF-ES;DEL01-ES;UOP01-DEL01-ES
751444;10/02/2026;terça-feira;15:40:00;SP;116;452,4;REGISTRO;Velocidade Incompatível;Saída de leito carroçável;Com Vítimas Feridas;Pleno dia;Decrescente;Chuva;Dupla;Reta;Não;1;0;1;0;1;0;0;1;-24,55681414;-47,86576049;SPRF-SP;DEL05/SP;UOP01-DEL05-SP
751446;10/02/2026;terça-feira;19:00:00;PE;101;78;JABOATAO DOS GUARARAPES;Acumulo de água sobre o pavimento;Queda de ocupante de veículo;Com Vítimas Feridas;Plena Noite;Crescente;Céu Claro;Dupla;Reta;Sim;2;0;0;1;1;1;0;1;-8,14224;-34,94652;SPRF-PE;DEL01/PE;UOP01-DEL01-PE
751447;10/02/2026;terça-feira;19:00:00;SP;488;4;APARECIDA;Acessar a via sem observar a presença dos outros veículos;Colisão transversal;Com Vítimas Feridas;Plena Noite;Decrescente;Nublado;Dupla;"Curva;Retorno Regulamentado";Sim;4;0;0;2;2;2;0;3;-22,86051421;-45,25364913;SPRF-SP;DEL08/SP;UOP01-DEL08-SP
751448;15/01/2026;quinta-feira;15:27:00;SC;280;28,5;ARAQUARI;Trafegar com motocicleta (ou similar) entre as faixas;Colisão transversal;Com Vítimas Feridas;Pleno dia;Decrescente;Céu Claro;Simples;"Reta;Interseção de Vias";Sim;3;0;1;0;1;2;0;2;-26,40832864;-48,74815676;SPRF-SC;DEL03/SC;UOP03-DEL03-SC
751449;08/02/2026;domingo;18:00:00;RJ;465;3;SEROPEDICA;Chuva;Colisão com objeto;Com Vítimas Feridas;Plena Noite;Decrescente;Chuva;Simples;Reta;Não;1;0;1;0;1;0;0;1;-22,7316532;-43,71442485;SPRF-RJ;DEL06/RJ;UOP02-DEL06-RJ
751450;10/02/2026;terça-feira;16:31:00;AC;317;275;EPITACIOLANDIA;Ausência de reação do condutor;Tombamento;Com Vítimas Feridas;Pleno dia;Decrescente;Céu Claro;Simples;Reta;Não;1;0;1;0;1;0;0;1;-10,970951;-68,622206;SPRF-AC;DEL01-AC;UOP02-DEL01-AC
751451;10/02/2026;terça-feira;18:50:00;ES;101;269,5;SERRA;Reação tardia ou ineficiente do condutor;Tombamento;Com Vítimas Feridas;Pleno dia;Decrescente;Céu Claro;Múltipla;Reta;Não;1;0;1;0;1;0;0;1;-20,22191667;-40,26989667;SPRF-ES;DEL02-ES;UOP01-DEL02-ES
751452;10/02/2026;terça-feira;19:40:00;ES;101;289,4;CARIACICA;Manobra de mudança de faixa;Colisão lateral mesmo sentido;Com Vítimas Feridas;Plena Noite;Crescente;Céu Claro;Dupla;"Reta;Aclive";Sim;2;0;1;0;1;1;0;2;-20,28359029;-40,3931601;SPRF-ES;DEL01-ES;UOP01-DEL01-ES
751456;10/02/2026;terça-feira;18:10:00;SC;480;132,6;CHAPECO;Condutor deixou de manter distância do veículo da frente;Colisão traseira;Com Vítimas Feridas;Anoitecer;Crescente;Céu Claro;Dupla;Reta;Não;2;0;1;0;1;1;0;2;-27,06767667;-52,62876034;SPRF-SC;DEL07/SC;UOP01-DEL07-SC
751457;10/02/2026;terça-feira;17:15:00;PR;376;254;CALIFORNIA;Reação tardia ou ineficiente do condutor;Queda de ocupante de veículo;Com Vítimas Feridas;Pleno dia;Crescente;Céu Claro;Simples;Reta;Não;1;0;1;0;1;0;0;1;-23,656791;-51,373552;SPRF-PR;DEL07/PR;UOP03-DEL07-PR
751458;10/02/2026;terça-feira;19:00:00;RO;364;453;ARIQUEMES;Velocidade Incompatível;Saída de leito carroçável;Com Vítimas Feridas;Plena Noite;Decrescente;Nublado;Simples;Reta;Não;1;0;1;0;1;0;0;1;-10,279752;-62,680855;SPRF-RO;DEL03-RO;UOP02-DEL03-RO
751461;10/02/2026;terça-feira;20:50:00;RJ;101;481;ANGRA DOS REIS;Reação tardia ou ineficiente do condutor;Colisão frontal;Com Vítimas Feridas;Plena Noite;Decrescente;Chuva;Simples;Reta;Sim;2;0;1;0;1;1;0;2;-23,008634;-44,29266363;SPRF-RJ;DEL03/RJ;UOP03-DEL03-RJ
751462;10/02/2026;terça-feira;18:06:00;MT;364;241;JUSCIMEIRA;Chuva;Saída de leito carroçável;Sem Vítimas;Pleno dia;Decrescente;Chuva;Dupla;"Declive;Curva";Não;1;0;0;0;0;1;0;1;-16,168638;-54,793128;SPRF-MT;DEL02/MT;UOP01-DEL02-MT
751463;10/02/2026;terça-feira;19:00:00;CE;222;237;SOBRAL;Condutor Dormindo;Colisão frontal;Com Vítimas Feridas;Plena Noite;Crescente;Céu Claro;Simples;Reta;Não;6;0;3;0;3;2;0;3;-3,7251504;-40,4649413;SPRF-CE;DEL04/CE;UOP01-DEL04-CE
751464;10/02/2026;terça-feira;21:30:00;GO;60;95,5;ANAPOLIS;Pedestre andava na pista;Atropelamento de Pedestre;Com Vítimas Feridas;Plena Noite;Decrescente;Garoa/Chuvisco;Dupla;Reta;Sim;3;0;0;1;1;2;0;2;-16,36916;-48,940133;SPRF-GO;DEL02/GO;UOP01-DEL02-GO
751466;10/02/2026;terça-feira;21:40:00;PB;101;43,5;MAMANGUAPE;Animais na Pista;Atropelamento de Animal;Com Vítimas Feridas;Plena Noite;Decrescente;Céu Claro;Dupla;"Declive;Reta";Não;1;0;0;1;1;0;0;1;-6,869427;-35,132712;SPRF-PB;DEL01-PB;UOP03-DEL01-PB
751467;10/02/2026;terça-feira;21:10:00;RJ;101;318;SAO GONCALO;Demais falhas mecânicas ou elétricas;Tombamento;Com Vítimas Feridas;Plena Noite;Crescente;Céu Claro;Dupla;Reta;Sim;2;0;1;0;1;1;0;1;-22,84153475;-43,09667156;SPRF-RJ;DEL02/RJ;UOP02-DEL02-RJ
751469;10/02/2026;terça-feira;21:35:00;TO;153;8;XAMBIOA;Animais na Pista;Atropelamento de Animal;Com Vítimas Fatais;Plena Noite;Decrescente;Céu Claro;Simples;Reta;Não;1;1;0;0;0;0;0;1;-6,45483;-48,50372;SPRF-TO;DEL02-TO;UOP01-DEL02-TO
751471;10/02/2026;terça-feira;21:40:00;MG;381;257;CORONEL FABRICIANO;Retorno proibido;Colisão transversal;Com Vítimas Feridas;Plena Noite;Decrescente;Chuva;Simples;Curva;Sim;3;0;1;0;1;2;0;2;-19,532399;-42,599685;SPRF-MG;DEL03/MG;UOP01-DEL03-MG
751472;10/02/2026;terça-feira;20:02:00;BA;407;226;CAPIM GROSSO;Reação tardia ou ineficiente do condutor;Colisão traseira;Com Vítimas Feridas;Plena Noite;Decrescente;Céu Claro;Simples;Reta;Não;2;0;0;1;1;0;0;2;-11,368946;-40,012658;SPRF-BA;DEL04/BA;UOP02-DEL04-BA
751473;10/02/2026;terça-feira;21:50:00;RS;285;123,5;VACARIA;Iluminação deficiente;Colisão com objeto;Sem Vítimas;Plena Noite;Crescente;Céu Claro;Simples;Reta;Sim;2;0;0;0;0;2;0;1;-28,49573;-50,95324;SPRF-RS;DEL05/RS;UOP03-DEL05-RS
751474;10/02/2026;terça-feira;23:45:00;SP;116;194;SANTA ISABEL;Reação tardia ou ineficiente do condutor;Saída de leito carroçável;Sem Vítimas;Plena Noite;Crescente;Garoa/Chuvisco;Dupla;Reta;Não;1;0;0;0;0;0;1;1;-23,38582195;-46,26935768;SPRF-SP;DEL01/SP;UOP01-DEL01-SP
751476;10/02/2026;terça-feira;23:00:00;SP;116;128;CACAPAVA;Animais na Pista;Atropelamento de Animal;Com Vítimas Feridas;Plena Noite;Decrescente;Chuva;Dupla;Reta;Sim;3;0;0;2;2;1;0;2;-23,1123047;-45,70593193;SPRF-SP;DEL02/SP;UOP02-DEL02-SP
751479;10/02/2026;terça-feira;22:04:00;MT;70;515,1;VARZEA GRANDE;Ausência de reação do condutor;Colisão frontal;Com Vítimas Feridas;Plena Noite;Crescente;Chuva;Simples;Reta;Sim;2;0;2;0;2;0;0;2;-15,705488;-56,145945;SPRF-MT;DEL01/MT;UOP02-DEL01-MT
751480;11/02/2026;quarta-feira;00:04:00;PE;408;82;SAO LOURENCO DA MATA;Ausência de reação do condutor;Colisão traseira;Com Vítimas Fatais;Plena Noite;Decrescente;Céu Claro;Dupla;Reta;Não;3;1;1;0;1;0;0;2;-7,99094;-35,0739;SPRF-PE;DEL01/PE;UOP01-DEL01-PE
751481;11/02/2026;quarta-feira;00:50:00;MG;40;557;NOVA LIMA;Objeto estático sobre o leito carroçável;Saída de leito carroçável;Com Vítimas Feridas;Plena Noite;Crescente;Céu Claro;Dupla;Curva;Sim;3;0;0;1;1;2;0;2;-20,107738;-43,974685;SPRF-MG;DEL01/MG;UOP02-DEL01-MG
751486;11/02/2026;quarta-feira;03:20:00;SE;101;115;ITAPORANGA DAJUDA;Condutor Dormindo;Colisão com objeto;Sem Vítimas;Plena Noite;Decrescente;Garoa/Chuvisco;Dupla;"Curva;Declive";Não;1;0;0;0;0;1;0;1;-11,00933;-37,30964;SPRF-SE;DEL02-SE;UOP01-DEL02-SE
751487;11/02/2026;quarta-feira;01:41:00;BA;20;139;SAO DESIDERIO;Acumulo de água sobre o pavimento;Saída de leito carroçável;Com Vítimas Feridas;Plena Noite;Crescente;Chuva;Simples;Reta;Não;45;0;11;11;22;23;0;1;-12,72465;-45,937775;SPRF-BA;DEL10/BA;UOP01-DEL10-BA
751488;11/02/2026;quarta-feira;04:00:00;BA;235;13,2;PEDRO ALEXANDRE;Ingestão de álcool pelo condutor;Queda de ocupante de veículo;Com Vítimas Fatais;Plena Noite;Decrescente;Céu Claro;Simples;Reta;Não;2;1;0;0;0;0;0;2;-10,235873;-37,816182;SPRF-SE;DEL01-SE;UOP02-DEL01-SE
751490;11/02/2026;quarta-feira;05:25:00;SP;153;174,1;LINS;Desrespeitar a preferência no cruzamento;Colisão transversal;Com Vítimas Feridas;Amanhecer;Crescente;Garoa/Chuvisco;Simples;Interseção de Vias;Não;2;0;1;0;1;1;0;2;-21,63365429;-49,7878933;SPRF-SP;DEL07/SP;UOP01-DEL07-SP
751492;11/02/2026;quarta-feira;05:35:00;PE;232;4,9;RECIFE;Ausência de reação do condutor;Colisão com objeto;Com Vítimas Feridas;Pleno dia;Crescente;Céu Claro;Dupla;"Aclive;Curva;Viaduto";Sim;2;0;1;0;1;0;0;1;-8,06612;-34,94088;SPRF-PE;DEL01/PE;UOP01-DEL01-PE
751495;11/02/2026;quarta-feira;06:58:00;SC;280;119;SAO BENTO DO SUL;Ausência de reação do condutor;Atropelamento de Animal;Com Vítimas Feridas;Pleno dia;Decrescente;Céu Claro;Simples;Reta;Sim;1;0;1;0;1;0;0;1;-26,26417;-49,4369;SPRF-SC;DEL06/SC;UOP03-DEL06-SC
751496;11/02/2026;quarta-feira;02:30:00;RJ;493;104;SEROPEDICA;Ausência de reação do condutor;Saída de leito carroçável;Com Vítimas Feridas;Plena Noite;Decrescente;Nublado;Dupla;Reta;Não;3;0;2;0;2;1;0;1;-22,783462;-43,75923157;SPRF-RJ;DEL01/RJ;UOP03-DEL01-RJ
751497;11/02/2026;quarta-feira;06:13:00;PR;116;79,4;PIRAQUARA;Reação tardia ou ineficiente do condutor;Saída de leito carroçável;Com Vítimas Feridas;Amanhecer;Decrescente;Garoa/Chuvisco;Dupla;Reta;Não;3;0;2;1;3;0;0;1;-25,412867;-49,065612;SPRF-PR;DEL01/PR;UOP02-DEL01-PR
751498;11/02/2026;quarta-feira;05:45:00;AL;104;63;MURICI;Ultrapassagem Indevida;Saída de leito carroçável;Sem Vítimas;Pleno dia;Crescente;Chuva;Simples;Curva;Não;1;0;0;0;0;1;0;1;-9,33154445;-35,91494434;SPRF-AL;DEL01-AL;UOP02-DEL01-AL
751500;11/02/2026;quarta-feira;01:45:00;RJ;101;161;MACAE;Condutor Dormindo;Colisão com objeto;Com Vítimas Feridas;Plena Noite;Crescente;Nublado;Simples;Reta;Não;1;0;1;0;1;0;0;1;-22,29543882;-41,88020166;SPRF-RJ;DEL08/RJ;UOP04-DEL08-RJ
751501;09/02/2026;segunda-feira;03:35:00;ES;262;19,1;VIANA;Velocidade Incompatível;Colisão com objeto;Com Vítimas Feridas;Plena Noite;Decrescente;Céu Claro;Simples;Reta;Não;2;0;1;0;1;1;0;2;-20,39286959;-40,4841345;SPRF-ES;DEL01-ES;UOP01-DEL01-ES
751502;11/02/2026;quarta-feira;07:15:00;SE;235;2;ARACAJU;Condutor deixou de manter distância do veículo da frente;Queda de ocupante de veículo;Com Vítimas Feridas;Pleno dia;Decrescente;Chuva;Dupla;"Aclive;Reta";Não;2;0;1;1;2;0;0;1;-10,90733419;-37,09540129;SPRF-SE;DEL01-SE;UOP01-DEL01-SE