id;data_inversa;dia_semana;horario;uf;br;km;municipio;causa_acidente;tipo_acidente;classificacao_acidente;fase_dia;sentido_via;condicao_metereologica;tipo_pista;tracado_via;uso_solo;pessoas;mortos;feridos_leves;feridos_graves;feridos;ilesos;ignorados;veiculos;latitude;longitude;regional;delegacia;uop
751503;11/02/2026;quarta-feira;07:20:00;SC;282;1,8;FLORIANOPOLIS;Trafegar com motocicleta (ou similar) entre as faixas;Colisão traseira;Com Vítimas Feridas;Pleno dia;Decrescente;Sol;Múltipla;Reta;Sim;5;0;2;0;2;3;0;4;-27,60203372;-48,57893083;SPRF-SC;DEL01/SC;UOP01-DEL01-SC
751505;11/02/2026;quarta-feira;07:00:00;MG;50;174;UBERABA;Ausência de reação do condutor;Colisão traseira;Com Vítimas Feridas;Amanhecer;Decrescente;Céu Claro;Dupla;Reta;Sim;3;0;1;0;1;2;0;2;-19,76876;-47,97278;SPRF-MG;DEL13/MG;UOP01-DEL13-MG
751506;10/02/2026;terça-feira;21:52:00;RJ;465;21;NOVA IGUACU;Transitar na contramão;Colisão lateral sentido oposto;Com Vítimas Feridas;Plena Noite;Crescente;Nublado;Simples;Reta;Sim;2;0;1;0;1;0;0;2;-22,85393449;-43,60200336;SPRF-RJ;DEL06/RJ;UOP02-DEL06-RJ
751509;11/02/2026;quarta-feira;07:30:00;SC;282;16,2;PALHOCA;Acesso irregular;Colisão transversal;Com Vítimas Feridas;Pleno dia;Crescente;Céu Claro;Dupla;Reta;Sim;2;0;1;0;1;1;0;2;-27,6606;-48,68384;SPRF-SC;DEL01/SC;UOP02-DEL01-SC
751511;11/02/2026;quarta-feira;08:00:00;SC;282;1,7;FLORIANOPOLIS;Manobra de mudança de faixa;Colisão lateral mesmo sentido;Com Vítimas Feridas;Pleno dia;Crescente;Sol;Múltipla;Reta;Sim;2;0;1;0;1;1;0;2;-27,603093;-48,587688;SPRF-SC;DEL01/SC;UOP01-DEL01-SC
751512;11/02/2026;quarta-feira;07:40:00;ES;101;287;CARIACICA;Acessar a via sem observar a presença dos outros veículos;Colisão lateral mesmo sentido;Com Vítimas Feridas;Pleno dia;Crescente;Céu Claro;Múltipla;Reta;Sim;2;0;2;0;2;0;0;2;-20,267787;-40,388444;SPRF-ES;DEL01-ES;UOP01-DEL01-ES
751513;09/02/2026;segunda-feira;08:05:00;BA;324;624;SALVADOR;Manobra de mudança de faixa;Colisão traseira;Com Vítimas Feridas;Pleno dia;Crescente;Sol;Múltipla;Reta;Sim;6;0;4;0;4;1;0;4;-12,94271662;-38,47066641;SPRF-BA;DEL01/BA;UOP01-DEL01-BA
751514;11/02/2026;quarta-feira;07:25:00;PI;343;594;FLORIANO;Conversão proibida;Colisão transversal;Com Vítimas Feridas;Pleno dia;Decrescente;Garoa/Chuvisco;Simples;"Interseção de Vias;Reta";Sim;2;0;1;0;1;1;0;2;-6,78774807;-43,04412051;SPRF-PI;DEL03-PI;UOP01-DEL03-PI
751516;11/02/2026;quarta-feira;07:50:00;PE;428;185;PETROLINA;Manobra de mudança de faixa;Colisão lateral mesmo sentido;Com Vítimas Feridas;Pleno dia;Decrescente;Céu Claro;Dupla;Reta;Sim;2;0;1;0;1;1;0;2;-9,356632;-40,478695;SPRF-PE;DEL06/PE;UOP01-DEL06-PE
751517;04/01/2026;domingo;00:30:00;SC;101;149,2;ITAPEMA;Acessar a via sem observar a presença dos outros veículos;Colisão transversal;Com Vítimas Feridas;Plena Noite;Decrescente;Céu Claro;Simples;Reta;Não;2;0;1;0;1;1;0;2;-27,09886517;-48,62205505;SPRF-SC;DEL04/SC;UOP03-DEL04-SC
751518;11/02/2026;quarta-feira;07:20:00;RJ;0;0;RIO DE JANEIRO;Ausência de reação do condutor;Colisão traseira;Sem Vítimas;Pleno dia;Não Informado;Nublado;Dupla;Reta;Sim;5;0;0;0;0;5;0;2;-22,84461867;-43,37617993;SPRF-RJ;DEL06/RJ;N/A
751520;11/02/2026;quarta-feira;08:05:00;PR;277;583;CASCAVEL;Ultrapassagem Indevida;Colisão transversal;Com Vítimas Feridas;Pleno dia;Decrescente;Céu Claro;Dupla;Reta;Sim;3;0;2;0;2;1;0;2;-24,98088;-53,37883;SPRF-PR;DEL04/PR;UOP01-DEL04-PR
751521;11/02/2026;quarta-feira;07:50:00;PR;116;209;RIO NEGRO;Ultrapassagem Indevida;Colisão lateral mesmo sentido;Com Vítimas Feridas;Pleno dia;Decrescente;Céu Claro;Simples;Reta;Sim;2;0;1;0;1;1;0;2;-26,090832;-49,779921;SPRF-SC;DEL06/SC;UOP01-DEL06-SC
751522;11/02/2026;quarta-feira;06:26:00;AC;364;136;RIO BRANCO;Desrespeitar a preferência no cruzamento;Colisão transversal;Com Vítimas Feridas;Pleno dia;Decrescente;Céu Claro;Dupla;Rotatória;Sim;2;0;1;0;1;1;0;2;-9,9771912;-67,84931557;SPRF-AC;DEL01-AC;UOP01-DEL01-AC
751523;06/02/2026;sexta-feira;07:30:00;PB;101;82,5;BAYEUX;Reação tardia ou ineficiente do condutor;Colisão traseira;Com Vítimas Feridas;Pleno dia;Crescente;Céu Claro;Dupla;Viaduto;Sim;2;0;1;0;1;1;0;2;-7,131633;-34,932257;SPRF-PB;DEL01-PB;UOP01-DEL01-PB
751525;11/02/2026;quarta-feira;06:00:00;RJ;40;123;DUQUE DE CAXIAS;Velocidade Incompatível;Saída de leito carroçável;Com Vítimas Feridas;Pleno dia;Decrescente;Céu Claro;Dupla;Curva;Não;1;0;1;0;1;0;0;1;-22,80224676;-43,29014904;SPRF-RJ;DEL01/RJ;UOP02-DEL01-RJ
751526;11/02/2026;quarta-feira;08:50:00;ES;101;287;CARIACICA;Manobra de mudança de faixa;Colisão lateral mesmo sentido;Com Vítimas Feridas;Pleno dia;Decrescente;Céu Claro;Dupla;Curva;Sim;2;0;1;0;1;1;0;2;-20,263861;-40,383018;SPRF-ES;DEL01-ES;UOP01-DEL01-ES
751529;11/02/2026;quarta-feira;08:42:00;PE;101;49;ABREU E LIMA;Entrada inopinada do pedestre;Atropelamento de Pedestre;Com Vítimas Feridas;Pleno dia;Decrescente;Céu Claro;Simples;Reta;Sim;3;0;0;1;1;1;0;2;-7,906683;-34,90212;SPRF-PE;DEL01/PE;UOP02-DEL01-PE
751530;11/02/2026;quarta-feira;09:40:00;SC;101;208;SAO JOSE;Trafegar com motocicleta (ou similar) entre as faixas;Colisão traseira;Com Vítimas Feridas;Pleno dia;Crescente;Céu Claro;Múltipla;Aclive;Sim;2;0;1;0;1;1;0;2;-27,6019003;-48,6281976;SPRF-SC;DEL01/SC;UOP01-DEL01-SC
751531;11/02/2026;quarta-feira;05:00:00;RJ;465;18;NOVA IGUACU;Reação tardia ou ineficiente do condutor;Colisão com objeto;Sem Vítimas;Amanhecer;Crescente;Céu Claro;Simples;Reta;Sim;1;0;0;0;0;0;1;1;-22,83979359;-43,61031532;SPRF-RJ;DEL06/RJ;UOP02-DEL06-RJ
751533;11/02/2026;quarta-feira;07:31:00;AC;364;123;RIO BRANCO;Reação tardia ou ineficiente do condutor;Queda de ocupante de veículo;Com Vítimas Feridas;Pleno dia;Crescente;Céu Claro;Dupla;Reta;Sim;2;0;2;0;2;0;0;1;-10,011657;-67,785128;SPRF-AC;DEL01-AC;UOP01-DEL01-AC
751534;11/02/2026;quarta-feira;08:40:00;SP;381;81;SAO PAULO;Objeto estático sobre o leito carroçável;Colisão com objeto;Com Vítimas Feridas;Pleno dia;Crescente;Céu Claro;Múltipla;Reta;Não;1;0;1;0;1;0;0;1;-23,43540411;-46,56848;SPRF-SP;DEL03/SP;UOP01-DEL03-SP
751537;26/01/2026;segunda-feira;13:00:00;PR;277;64;SAO JOSE DOS PINHAIS;Reação tardia ou ineficiente do condutor;Colisão traseira;Com Vítimas Feridas;Pleno dia;Decrescente;Céu Claro;Dupla;Reta;Não;8;0;1;0;1;5;0;4;-25,52639052;-49,09968942;SPRF-PR;DEL01/PR;UOP01-DEL01-PR
751538;11/02/2026;quarta-feira;08:00:00;MA;10;321;ACAILANDIA;Condutor deixou de manter distância do veículo da frente;Colisão traseira;Com Vítimas Feridas;Pleno dia;Decrescente;Chuva;Simples;Reta;Sim;2;0;0;1;1;1;0;2;-4,9445455;-47,5033011;SPRF-MA;DEL04-MA;UOP03-DEL04-MA
751541;11/02/2026;quarta-feira;10:30:00;ES;101;144;LINHARES;Ausência de sinalização;Colisão traseira;Com Vítimas Feridas;Pleno dia;Decrescente;Céu Claro;Simples;Curva;Sim;3;0;2;0;2;1;0;2;-19,37548839;-40,06601265;SPRF-ES;DEL04-ES;UOP01-DEL04-ES
751543;11/02/2026;quarta-feira;10:15:00;SC;101;208,8;SAO JOSE;Demais falhas mecânicas ou elétricas;Tombamento;Com Vítimas Feridas;Pleno dia;Crescente;Céu Claro;Múltipla;Reta;Sim;2;0;2;0;2;0;0;1;-27,60902;-48,63795;SPRF-SC;DEL01/SC;UOP01-DEL01-SC
751544;11/02/2026;quarta-feira;10:22:00;PE;101;50,2;ABREU E LIMA;Pedestre cruzava a pista fora da faixa;Atropelamento de Pedestre;Com Vítimas Feridas;Pleno dia;Crescente;Céu Claro;Múltipla;"Curva;Aclive";Sim;3;0;0;1;1;1;0;2;-7,910088;-34,901944;SPRF-PE;DEL01/PE;UOP02-DEL01-PE
751546;11/02/2026;quarta-feira;10:41:00;PB;101;87,8;JOAO PESSOA;Condutor deixou de manter distância do veículo da frente;Colisão traseira;Sem Vítimas;Pleno dia;Decrescente;Céu Claro;Dupla;Reta;Não;2;0;0;0;0;2;0;2;-7,163677;-34,901058;SPRF-PB;DEL01-PB;UOP01-DEL01-PB
751548;11/02/2026;quarta-feira;10:45:00;PE;101;77;RECIFE;Demais falhas mecânicas ou elétricas;Queda de ocupante de veículo;Com Vítimas Feridas;Pleno dia;Crescente;Nublado;Dupla;Reta;Sim;1;0;1;0;1;0;0;1;-8,13235;-34,9443;SPRF-PE;DEL01/PE;UOP01-DEL01-PE
751549;10/02/2026;terça-feira;20:00:00;BA;242;247;ITABERABA;Velocidade Incompatível;Saída de leito carroçável;Com Vítimas Fatais;Plena Noite;Decrescente;Céu Claro;Simples;Curva;Não;1;1;0;0;0;0;0;1;-12,51057;-40,44094;SPRF-BA;DEL06/BA;UOP02-DEL06-BA
751551;11/02/2026;quarta-feira;09:00:00;RJ;101;309;SAO GONCALO;Pedestre andava na pista;Atropelamento de Pedestre;Com Vítimas Feridas;Pleno dia;Crescente;Céu Claro;Dupla;Reta;Não;2;0;1;0;1;1;0;2;-22,79604369;-43,04079652;SPRF-RJ;DEL02/RJ;UOP02-DEL02-RJ
751552;11/02/2026;quarta-feira;09:44:00;AC;364;126;RIO BRANCO;Ausência de reação do condutor;Queda de ocupante de veículo;Com Vítimas Feridas;Pleno dia;Decrescente;Céu Claro;Simples;Reta;Sim;1;0;1;0;1;0;0;1;-10,02539156;-67,83586085;SPRF-AC;DEL01-AC;UOP01-DEL01-AC
751554;11/02/2026;quarta-feira;11:30:00;GO;70;318;JUSSARA;Manobra de mudança de faixa;Colisão lateral mesmo sentido;Com Vítimas Feridas;Pleno dia;Crescente;Céu Claro;Dupla;Retorno Regulamentado;Sim;3;0;1;0;1;2;0;2;-15,87387829;-50,85835218;SPRF-GO;DEL04/GO;UOP02-DEL04-GO
751558;07/02/2026;sábado;19:00:00;RR;174;436,1;MUCAJAI;Pedestre andava na pista;Atropelamento de Pedestre;Com Vítimas Feridas;Plena Noite;Decrescente;Ignorado;Simples;Reta;Não;8;0;0;1;1;7;0;2;2,330872;-60,908437;SPRF-RR;DEL01-RR;UOP01-DEL01-RR
751562;11/02/2026;quarta-feira;11:30:00;GO;60;5;SANTO ANTONIO DO DESCOBERTO;Ausência de reação do condutor;Colisão traseira;Com Vítimas Feridas;Pleno dia;Decrescente;Céu Claro;Dupla;Reta;Não;1;0;1;0;1;0;0;1;-16,08193;-48,27108;SPRF-DF;DEL03-DF;UOP01-DEL03-DF
751564;11/02/2026;quarta-feira;10:35:00;MS;60;426;SIDROLANDIA;Acessar a via sem observar a presença dos outros veículos;Colisão transversal;Com Vítimas Feridas;Pleno dia;Decrescente;Céu Claro;Dupla;"Reta;Interseção de Vias";Sim;4;0;2;1;3;1;0;2;-20,94399036;-54,96661512;SPRF-MS;DEL01/MS;UOP04-DEL01-MS
751567;11/02/2026;quarta-feira;12:30:00;MG;50;73;UBERLANDIA;Reação tardia ou ineficiente do condutor;Colisão transversal;Com Vítimas Feridas;Pleno dia;Decrescente;Nublado;Dupla;Reta;Sim;2;0;0;1;1;1;0;2;-18,90753;-48,226793;SPRF-MG;DEL15/MG;UOP01-DEL15-MG
751569;11/02/2026;quarta-feira;12:50:00;SC;280;52,7;GUARAMIRIM;Acessar a via sem observar a presença dos outros veículos;Colisão transversal;Com Vítimas Feridas;Pleno dia;Decrescente;Céu Claro;Dupla;Rotatória;Não;2;0;1;0;1;1;0;2;-26,4714653;-48,97123273;SPRF-SC;DEL03/SC;UOP03-DEL03-SC
751571;11/02/2026;quarta-feira;11:19:00;SC;101;315,8;PESCARIA BRAVA;Reação tardia ou ineficiente do condutor;Colisão lateral mesmo sentido;Com Vítimas Feridas;Pleno dia;Decrescente;Céu Claro;Múltipla;"Curva;Aclive";Sim;3;0;1;0;1;2;0;2;-28,426039;-48,853237;SPRF-SC;DEL02/SC;UOP01-DEL02-SC
751572;11/02/2026;quarta-feira;11:45:00;ES;101;147,9;LINHARES;Frear bruscamente;Queda de ocupante de veículo;Com Vítimas Feridas;Pleno dia;Crescente;Céu Claro;Dupla;Reta;Sim;1;0;1;0;1;0;0;1;-19,3884958;-40,0677679;SPRF-ES;DEL04-ES;UOP01-DEL04-ES
751573;11/02/2026;quarta-feira;12:50:00;GO;153;495;GOIANIA;Demais falhas mecânicas ou elétricas;Colisão traseira;Com Vítimas Feridas;Pleno dia;Crescente;Céu Claro;Dupla;Reta;Sim;5;0;2;2;4;1;0;3;-16,66277778;-49,2225;SPRF-GO;DEL01/GO;UOP01-DEL01-GO
751575;10/01/2026;sábado;21:50:00;AL;423;77,1;AGUA BRANCA;Animais na Pista;Atropelamento de Animal;Com Vítimas Feridas;Plena Noite;Decrescente;Céu Claro;Simples;"Ponte;Reta";Não;3;0;1;1;2;1;0;2;-9,32011244;-37,95972705;SPRF-AL;DEL03-AL;UOP02-DEL03-AL
751578;30/01/2026;sexta-feira;18:40:00;RJ;101;466;ANGRA DOS REIS;Pista Escorregadia;Colisão frontal;Com Vítimas Feridas;Anoitecer;Crescente;Nublado;Simples;Declive;Não;7;0;0;6;6;1;0;2;-23,01124791;-44,23127621;SPRF-RJ;DEL03/RJ;UOP03-DEL03-RJ
751579;11/02/2026;quarta-feira;11:30:00;GO;40;51;LUZIANIA;Acumulo de água sobre o pavimento;Saída de leito carroçável;Com Vítimas Fatais;Pleno dia;Crescente;Chuva;Simples;Curva;Não;1;1;0;0;0;0;0;1;-16,449298;-47,808376;SPRF-DF;DEL01-DF;UOP02-DEL01-DF
751582;10/01/2026;sábado;16:40:00;CE;20;279,2;CANINDE;Manobra de mudança de faixa;Colisão lateral sentido oposto;Com Vítimas Fatais;Pleno dia;Crescente;Céu Claro;Simples;"Aclive;Reta";Não;7;3;3;1;4;0;0;3;-4,587122;-39,362162;SPRF-CE;DEL02/CE;UOP01-DEL02-CE
751583;11/02/2026;quarta-feira;11:00:00;SC;101;3,8;FLORIANOPOLIS;Reação tardia ou ineficiente do condutor;Saída de leito carroçável;Sem Vítimas;Pleno dia;Crescente;Sol;Múltipla;Reta;Sim;1;0;0;0;0;0;1;1;-27,5932439;-48,60260367;SPRF-SC;DEL03/SC;UOP01-DEL03-SC
751584;11/02/2026;quarta-feira;07:00:00;MG;356;266,3;MURIAE;Acessar a via sem observar a presença dos outros veículos;Colisão transversal;Com Vítimas Feridas;Pleno dia;Crescente;Céu Claro;Simples;Interseção de Vias;Não;2;0;1;0;1;1;0;2;-21,12842442;-42,36393789;SPRF-MG;DEL07/MG;UOP02-DEL07-MG
751585;11/02/2026;quarta-feira;11:15:00;RJ;393;281;VOLTA REDONDA;Condutor deixou de manter distância do veículo da frente;Colisão traseira;Sem Vítimas;Pleno dia;Decrescente;Nublado;Simples;"Reta;Interseção de Vias";Sim;2;0;0;0;0;2;0;2;-22,47378;-44,060878;SPRF-RJ;DEL05/RJ;UOP04-DEL05-RJ
751587;11/02/2026;quarta-feira;14:05:00;SP;116;227;GUARULHOS;Reação tardia ou ineficiente do condutor;Tombamento;Com Vítimas Feridas;Pleno dia;Crescente;Céu Claro;Múltipla;Reta;Sim;1;0;1;0;1;0;0;1;-23,499113;-46,561477;SPRF-SP;DEL01/SP;UOP01-DEL01-SP
751588;11/02/2026;quarta-feira;07:00:00;MG;262;437;NOVA SERRANA;Reação tardia ou ineficiente do condutor;Colisão com objeto;Sem Vítimas;Pleno dia;Crescente;Nublado;Dupla;Viaduto;Não;1;0;0;0;0;0;1;1;-19,87188719;-44,96969014;SPRF-MG;DEL08/MG;UOP03-DEL08-MG
751591;11/02/2026;quarta-feira;13:45:00;PR;376;178;MARINGA;Manobra de mudança de faixa;Colisão lateral mesmo sentido;Com Vítimas Feridas;Pleno dia;Crescente;Céu Claro;Múltipla;Reta;Sim;2;0;1;0;1;1;0;2;-23,41542;-51,92421;SPRF-PR;DEL09/PR;UOP01-DEL09-PR
751593;11/02/2026;quarta-feira;15:00:00;PR;163;223,6;CASCAVEL;Reação tardia ou ineficiente do condutor;Saída de leito carroçável;Com Vítimas Feridas;Pleno dia;Decrescente;Céu Claro;Dupla;Curva;Não;2;0;1;0;1;1;0;1;-24,84183;-53,62022;SPRF-PR;DEL04/PR;UOP01-DEL04-PR
751596;11/02/2026;quarta-feira;14:10:00;MG;381;483,1;BETIM;Ausência de reação do condutor;Tombamento;Com Vítimas Feridas;Pleno dia;Decrescente;Chuva;Dupla;Curva;Sim;3;0;1;0;1;2;0;3;-19,95797777;-44,07977549;SPRF-MG;DEL01/MG;UOP03-DEL01-MG
751597;11/02/2026;quarta-feira;12:10:00;BA;415;52;ITABUNA;Ausência de reação do condutor;Colisão traseira;Com Vítimas Feridas;Pleno dia;Crescente;Sol;Simples;Reta;Sim;3;0;0;1;1;2;0;3;-14,843261;-39,334678;SPRF-BA;DEL05/BA;UOP01-DEL05-BA
751598;11/02/2026;quarta-feira;15:25:00;SC;158;104,3;CUNHA PORA;Acessar a via sem observar a presença dos outros veículos;Colisão lateral mesmo sentido;Com Vítimas Feridas;Pleno dia;Crescente;Sol;Simples;Interseção de Vias;Não;2;0;2;0;2;0;0;2;-26,81081081;-53,1758215;SPRF-SC;DEL07/SC;UOP02-DEL07-SC
751599;11/02/2026;quarta-feira;15:50:00;SC;101;205;SAO JOSE;Manobra de mudança de faixa;Colisão lateral mesmo sentido;Sem Vítimas;Pleno dia;Decrescente;Céu Claro;Dupla;Reta;Sim;2;0;0;0;0;2;0;2;-27,58348772;-48,61508894;SPRF-SC;DEL01/SC;UOP01-DEL01-SC
751602;11/02/2026;quarta-feira;15:40:00;RS;470;222;GARIBALDI;Desrespeitar a preferência no cruzamento;Colisão transversal;Com Vítimas Feridas;Pleno dia;Decrescente;Céu Claro;Simples;"Declive;Reta";Não;2;0;1;0;1;1;0;2;-29,22730258;-51,51618926;SPRF-RS;DEL06/RS;UOP01-DEL06-RS
751603;11/02/2026;quarta-feira;16:12:00;PE;104;84,7;AGRESTINA;Manobra de mudança de faixa;Colisão lateral mesmo sentido;Com Vítimas Feridas;Pleno dia;Crescente;Sol;Simples;"Reta;Declive";Sim;4;0;0;1;1;2;0;3;-8,43933;-35,95489;SPRF-PE;DEL02/PE;UOP01-DEL02-PE
751604;11/02/2026;quarta-feira;15:25:00;RJ;40;117;DUQUE DE CAXIAS;Manobra de mudança de faixa;Colisão frontal;Com Vítimas Feridas;Pleno dia;Decrescente;Céu Claro;Dupla;Reta;Sim;3;0;1;0;1;2;0;2;-22,73884363;-43,2883371;SPRF-RJ;DEL01/RJ;UOP02-DEL01-RJ
751606;11/02/2026;quarta-feira;15:30:00;MG;262;426,8;NOVA SERRANA;Ausência de reação do condutor;Saída de leito carroçável;Com Vítimas Feridas;Pleno dia;Decrescente;Chuva;Dupla;Curva;Não;2;0;1;0;1;0;0;2;-19,89356808;-44,87700936;SPRF-MG;DEL08/MG;UOP03-DEL08-MG
751607;11/02/2026;quarta-feira;15:30:00;MG;365;635;UBERLANDIA;Reação tardia ou ineficiente do condutor;Saída de leito carroçável;Com Vítimas Feridas;Pleno dia;Decrescente;Nublado;Dupla;Reta;Não;1;0;1;0;1;0;0;1;-18,89394768;-48,41174412;SPRF-MG;DEL15/MG;UOP01-DEL15-MG
751608;11/02/2026;quarta-feira;14:50:00;PI;316;151;ELESBAO VELOSO;Pista Escorregadia;Colisão frontal;Com Vítimas Feridas;Pleno dia;Crescente;Chuva;Simples;"Curva;Aclive";Não;3;0;1;2;3;0;0;2;-6,126817;-42,156988;SPRF-PI;DEL04-PI;UOP02-DEL04-PI
751609;11/02/2026;quarta-feira;16:30:00;SC;101;147;ITAPEMA;Condutor deixou de manter distância do veículo da frente;Engavetamento;Com Vítimas Feridas;Pleno dia;Decrescente;Céu Claro;Múltipla;"Reta;Viaduto";Sim;5;0;2;0;2;3;0;4;-27,08727558;-48,61029625;SPRF-SC;DEL04/SC;UOP03-DEL04-SC
751611;11/02/2026;quarta-feira;16:39:00;RS;116;266,5;CANOAS;Manobra de mudança de faixa;Tombamento;Com Vítimas Feridas;Pleno dia;Decrescente;Céu Claro;Múltipla;Reta;Sim;3;0;1;0;1;1;0;2;-29,93310594;-51,17730975;SPRF-RS;DEL01/RS;UOP01-DEL01-RS
751612;11/02/2026;quarta-feira;16:30:00;AP;156;779,1;OIAPOQUE;Velocidade Incompatível;Saída de leito carroçável;Com Vítimas Feridas;Anoitecer;Crescente;Chuva;Simples;"Reta;Declive";Não;1;0;1;0;1;0;0;1;3,68135;-51,772353;SPRF-AP;DEL01-AP;UOP03-DEL01-AP
751613;11/02/2026;quarta-feira;17:15:00;RS;392;13,6;RIO GRANDE;Manobra de mudança de faixa;Colisão lateral mesmo sentido;Com Vítimas Feridas;Pleno dia;Crescente;Céu Claro;Dupla;Reta;Não;2;0;1;0;1;1;0;2;-32,11426376;-52,11827628;SPRF-RS;DEL07/RS;UOP02-DEL07-RS
751614;11/02/2026;quarta-feira;17:00:00;SC;101;215,3;PALHOCA;Objeto estático sobre o leito carroçável;Colisão com objeto;Com Vítimas Feridas;Pleno dia;Decrescente;Céu Claro;Dupla;Reta;Sim;4;0;2;1;3;1;0;3;-27,65364;-48,67702;SPRF-SC;DEL01/SC;UOP02-DEL01-SC
751616;11/02/2026;quarta-feira;12:45:00;RO;364;342;JI-PARANA;Frear bruscamente;Queda de ocupante de veículo;Sem Vítimas;Pleno dia;Decrescente;Céu Claro;Simples;Interseção de Vias;Sim;1;0;0;0;0;1;0;1;-10,88045239;-61,94291202;SPRF-RO;DEL02-RO;UOP01-DEL02-RO
751618;11/02/2026;quarta-feira;17:45:00;PR;376;181;MARINGA;Reação tardia ou ineficiente do condutor;Colisão traseira;Sem Vítimas;Pleno dia;Decrescente;Sol;Dupla;Reta;Sim;2;0;0;0;0;2;0;2;-23,43071249;-51,8896064;SPRF-PR;DEL09/PR;UOP01-DEL09-PR
751619;11/02/2026;quarta-feira;17:19:00;SP;116;276;EMBU DAS ARTES;Reação tardia ou ineficiente do condutor;Colisão traseira;Com Vítimas Feridas;Pleno dia;Decrescente;Nublado;Dupla;Reta;Sim;2;0;1;0;1;1;0;2;-23,70164284;-46,82647705;SPRF-SP;DEL04/SP;UOP01-DEL04-SP
751620;11/02/2026;quarta-feira;14:00:00;RJ;116;148;DUQUE DE CAXIAS;Ausência de reação do condutor;Colisão com objeto;Com Vítimas Feridas;Pleno dia;Decrescente;Nublado;Dupla;Reta;Sim;2;0;1;0;1;1;0;1;-22,67191705;-43,28046799;SPRF-RJ;DEL01/RJ;UOP02-DEL01-RJ
751621;11/02/2026;quarta-feira;17:50:00;PR;277;551,9;CATANDUVAS;Reação tardia ou ineficiente do condutor;Colisão traseira;Sem Vítimas;Anoitecer;Crescente;Céu Claro;Simples;"Reta;Interseção de Vias";Não;2;0;0;0;0;2;0;2;-25,09562;-53,1272186;SPRF-PR;DEL04/PR;UOP04-DEL04-PR
751622;11/02/2026;quarta-feira;17:40:00;PE;101;79;JABOATAO DOS GUARARAPES;Ausência de reação do condutor;Colisão lateral mesmo sentido;Com Vítimas Feridas;Anoitecer;Decrescente;Nublado;Dupla;Reta;Sim;2;0;1;0;1;1;0;2;-8,14875;-34,94306;SPRF-PE;DEL01/PE;UOP01-DEL01-PE
751623;11/02/2026;quarta-feira;18:05:00;RS;116;238;NOVO HAMBURGO;Ausência de reação do condutor;Tombamento;Com Vítimas Feridas;Pleno dia;Crescente;Céu Claro;Dupla;Desvio Temporário;Sim;3;0;1;0;1;2;0;3;-29,69187831;-51,14343731;SPRF-RS;DEL01/RS;UOP02-DEL01-RS
751629;11/02/2026;quarta-feira;16:15:00;RS;287;445;UNISTALDA;Ingestão de álcool pelo condutor;Colisão transversal;Com Vítimas Feridas;Pleno dia;Crescente;Sol;Simples;Reta;Sim;5;0;1;0;1;4;0;2;-29,03692738;-55,25075762;SPRF-RS;DEL12/RS;UOP02-DEL12-RS
751631;11/02/2026;quarta-feira;17:20:00;PR;277;686;SAO MIGUEL DO IGUACU;Ausência de reação do condutor;Tombamento;Com Vítimas Feridas;Pleno dia;Decrescente;Céu Claro;Dupla;"Curva;Aclive";Não;1;0;1;0;1;0;0;1;-25,33564;-54,204568;SPRF-PR;DEL05/PR;UOP01-DEL05-PR
751632;11/02/2026;quarta-feira;15:45:00;MA;316;160,2;ARAGUANA;Acessar a via sem observar a presença dos outros veículos;Colisão transversal;Com Vítimas Feridas;Pleno dia;Decrescente;Céu Claro;Simples;Reta;Sim;2;0;1;0;1;1;0;2;-2,946785;-45,666587;SPRF-MA;DEL02-MA;UOP02-DEL02-MA
751633;11/02/2026;quarta-feira;18:35:00;GO;40;5,7;VALPARAISO DE GOIAS;Reação tardia ou ineficiente do condutor;Colisão traseira;Com Vítimas Feridas;Amanhecer;Crescente;Nublado;Dupla;"Declive;Reta";Não;3;0;1;0;1;2;0;3;-16,09200071;-47,98304558;SPRF-DF;DEL01-DF;UOP01-DEL01-DF
751634;11/02/2026;quarta-feira;17:40:00;SP;116;100,5;PINDAMONHANGABA;Reação tardia ou ineficiente do condutor;Colisão traseira;Com Vítimas Feridas;Anoitecer;Crescente;Nublado;Dupla;Reta;Não;3;0;1;0;1;2;0;2;-22,9880686;-45,47599152;SPRF-SP;DEL08/SP;UOP01-DEL08-SP
751636;10/02/2026;terça-feira;20:00:00;MT;174;343;CONQUISTA DOESTE;Animais na Pista;Atropelamento de Animal;Com Vítimas Feridas;Plena Noite;Decrescente;Céu Claro;Simples;Reta;Não;1;0;1;0;1;0;0;1;-14,814817;-59,322543;SPRF-MT;DEL04/MT;UOP01-DEL04-MT
751637;11/02/2026;quarta-feira;14:40:00;GO;153;508;APARECIDA DE GOIANIA;Reação tardia ou ineficiente do condutor;Saída de leito carroçável;Com Vítimas Feridas;Pleno dia;Decrescente;Nublado;Dupla;"Reta;Aclive";Não;1;0;0;1;1;0;0;1;-16,775089;-49,237038;SPRF-GO;DEL01/GO;UOP03-DEL01-GO
751639;11/02/2026;quarta-feira;17:35:00;RJ;101;462;ANGRA DOS REIS;Ausência de reação do condutor;Saída de leito carroçável;Com Vítimas Feridas;Pleno dia;Decrescente;Céu Claro;Simples;"Declive;Curva";Não;2;0;1;0;1;1;0;1;-23,01970816;-44,21550751;SPRF-RJ;DEL03/RJ;UOP03-DEL03-RJ