id;data_inversa;dia_semana;horario;uf;br;km;municipio;causa_acidente;tipo_acidente;classificacao_acidente;fase_dia;sentido_via;condicao_metereologica;tipo_pista;tracado_via;uso_solo;pessoas;mortos;feridos_leves;feridos_graves;feridos;ilesos;ignorados;veiculos;latitude;longitude;regional;delegacia;uop
751640;11/02/2026;quarta-feira;13:00:00;ES;262;32;DOMINGOS MARTINS;Acumulo de óleo sobre o pavimento;Queda de ocupante de veículo;Com Vítimas Feridas;Pleno dia;Crescente;Sol;Simples;Curva;Não;1;0;1;0;1;0;0;1;-20,37973448;-40,57886941;SPRF-ES;DEL01-ES;UOP01-DEL01-ES
751641;11/02/2026;quarta-feira;18:00:00;RO;364;383,9;OURO PRETO DO OESTE;Acessar a via sem observar a presença dos outros veículos;Colisão transversal;Com Vítimas Feridas;Pleno dia;Crescente;Nublado;Simples;Reta;Sim;2;0;1;0;1;1;0;2;-10,715842;-62,250133;SPRF-RO;DEL02-RO;UOP01-DEL02-RO
751644;11/02/2026;quarta-feira;17:30:00;BA;116;9;VITORIA DA CONQUISTA;Ausência de reação do condutor;Colisão transversal;Com Vítimas Feridas;Anoitecer;Decrescente;Céu Claro;Simples;Reta;Não;3;0;2;0;2;1;0;2;-14,85101496;-40,88300228;SPRF-BA;DEL08/BA;UOP01-DEL08-BA
751646;11/02/2026;quarta-feira;19:30:00;GO;20;182;SIMOLANDIA;Pedestre cruzava a pista fora da faixa;Atropelamento de Pedestre;Com Vítimas Feridas;Plena Noite;Crescente;Nublado;Dupla;Reta;Sim;3;0;0;1;1;0;0;2;-14,4642694;-46,48040771;SPRF-DF;DEL02-DF;UOP03-DEL02-DF
751647;11/02/2026;quarta-feira;19:10:00;MG;116;671,9;MURIAE;Condutor deixou de manter distância do veículo da frente;Colisão traseira;Com Vítimas Feridas;Plena Noite;Crescente;Nublado;Simples;"Reta;Interseção de Vias";Sim;2;0;1;0;1;1;0;2;-21,12184475;-42,37983584;SPRF-MG;DEL07/MG;UOP02-DEL07-MG
751648;11/02/2026;quarta-feira;19:20:00;CE;222;76,4;SAO LUIS DO CURU;Acessar a via sem observar a presença dos outros veículos;Atropelamento de Pedestre;Com Vítimas Fatais;Plena Noite;Decrescente;Nublado;Simples;Reta;Sim;2;1;0;0;0;1;0;2;-3,671219;-39,232972;SPRF-CE;DEL01/CE;UOP03-DEL01-CE
751649;11/02/2026;quarta-feira;19:15:00;PI;316;5;TERESINA;Pedestre cruzava a pista fora da faixa;Atropelamento de Pedestre;Com Vítimas Feridas;Plena Noite;Decrescente;Céu Claro;Múltipla;Reta;Sim;3;0;0;1;1;2;0;2;-5,142817;-42,779689;SPRF-PI;DEL01-PI;UOP02-DEL01-PI
751650;11/02/2026;quarta-feira;19:45:00;SP;116;227;GUARULHOS;Ausência de reação do condutor;Colisão traseira;Com Vítimas Feridas;Plena Noite;Decrescente;Céu Claro;Múltipla;Reta;Não;3;0;1;0;1;2;0;2;-23,499435;-46,560507;SPRF-SP;DEL01/SP;UOP01-DEL01-SP
751651;11/02/2026;quarta-feira;13:55:00;PI;343;8;PARNAIBA;Ausência de reação do condutor;Colisão traseira;Sem Vítimas;Pleno dia;Crescente;Céu Claro;Simples;Reta;Sim;2;0;0;0;0;2;0;2;-2,8999349;-41,7277801;SPRF-PI;DEL05-PI;UOP01-DEL05-PI
751652;11/02/2026;quarta-feira;19:45:00;PR;277;318;GUARAPUAVA;Condutor deixou de manter distância do veículo da frente;Colisão traseira;Com Vítimas Feridas;Plena Noite;Crescente;Céu Claro;Simples;"Reta;Declive";Não;2;0;1;0;1;1;0;2;-25,336966;-51,215893;SPRF-PR;DEL08/PR;UOP01-DEL08-PR
751653;11/02/2026;quarta-feira;19:00:00;MT;163;1049;MATUPA;Reação tardia ou ineficiente do condutor;Saída de leito carroçável;Sem Vítimas;Plena Noite;Crescente;Nublado;Simples;Reta;Não;1;0;0;0;0;1;0;1;-10,0912085;-54,9176432;SPRF-MT;DEL06/MT;UOP03-DEL06-MT
751654;11/02/2026;quarta-feira;20:35:00;RS;116;238;NOVO HAMBURGO;Ingestão de álcool pelo condutor;Colisão traseira;Com Vítimas Feridas;Plena Noite;Crescente;Céu Claro;Múltipla;Reta;Sim;3;0;1;0;1;2;0;2;-29,69267052;-51,14370553;SPRF-RS;DEL01/RS;UOP02-DEL01-RS
751655;11/02/2026;quarta-feira;18:25:00;AP;210;104,9;PORTO GRANDE;Ultrapassagem Indevida;Colisão lateral mesmo sentido;Com Vítimas Feridas;Anoitecer;Crescente;Céu Claro;Simples;Reta;Sim;2;0;1;0;1;1;0;2;0,700717;-51,402884;SPRF-AP;DEL01-AP;UOP01-DEL01-AP
751656;11/02/2026;quarta-feira;19:45:00;TO;153;352,5;FORTALEZA DO TABOCAO;Manobra de mudança de faixa;Colisão frontal;Com Vítimas Feridas;Pleno dia;Decrescente;Nublado;Simples;"Reta;Declive";Não;5;0;2;0;2;3;0;3;-8,997983;-48,500817;SPRF-TO;DEL02-TO;UOP02-DEL02-TO
751658;11/02/2026;quarta-feira;20:00:00;PR;277;655;MATELANDIA;Pedestre cruzava a pista fora da faixa;Atropelamento de Pedestre;Com Vítimas Feridas;Plena Noite;Decrescente;Céu Claro;Simples;"Declive;Reta";Não;2;0;0;1;1;1;0;2;-25,2152601;-53,9514826;SPRF-PR;DEL05/PR;UOP02-DEL05-PR
751659;11/02/2026;quarta-feira;18:45:00;ES;101;392,3;RIO NOVO DO SUL;Ausência de reação do condutor;Queda de ocupante de veículo;Com Vítimas Feridas;Plena Noite;Crescente;Céu Claro;Simples;Reta;Não;1;0;1;0;1;0;0;1;-20,86563364;-40,91438262;SPRF-ES;DEL03-ES;UOP02-DEL03-ES
751660;11/02/2026;quarta-feira;21:00:00;SP;381;88;GUARULHOS;Ausência de reação do condutor;Capotamento;Sem Vítimas;Plena Noite;Decrescente;Nublado;Múltipla;Reta;Sim;1;0;0;0;0;1;0;1;-23,484294;-46,5594832;SPRF-SP;DEL03/SP;UOP01-DEL03-SP
751662;11/02/2026;quarta-feira;13:35:00;SC;282;503,4;XANXERE;Ausência de reação do condutor;Saída de leito carroçável;Com Vítimas Feridas;Pleno dia;Decrescente;Céu Claro;Dupla;"Reta;Aclive";Sim;1;0;1;0;1;0;0;1;-26,88292307;-52,40324942;SPRF-SC;DEL07/SC;UOP01-DEL07-SC
751663;11/02/2026;quarta-feira;20:00:00;CE;116;307,6;JAGUARIBE;Ausência de reação do condutor;Colisão lateral mesmo sentido;Com Vítimas Feridas;Plena Noite;Crescente;Céu Claro;Simples;Reta;Sim;2;0;0;1;1;1;0;2;-5,903738;-38,62353;SPRF-CE;DEL05/CE;UOP02-DEL05-CE
751664;11/02/2026;quarta-feira;15:20:00;PI;230;197;OEIRAS;Manobra de mudança de faixa;Colisão lateral mesmo sentido;Com Vítimas Feridas;Pleno dia;Crescente;Céu Claro;Dupla;Reta;Sim;2;0;2;0;2;0;0;2;-7,01017519;-42,12868452;SPRF-PI;DEL04-PI;UOP01-DEL04-PI
751666;11/02/2026;quarta-feira;21:20:00;MG;40;629,3;CONSELHEIRO LAFAIETE;Transitar na contramão;Colisão frontal;Com Vítimas Feridas;Plena Noite;Crescente;Céu Claro;Simples;"Reta;Aclive";Não;2;0;0;1;1;0;0;2;-20,6559765;-43,8046868;SPRF-MG;DEL05/MG;UOP02-DEL05-MG
751667;11/02/2026;quarta-feira;21:30:00;GO;60;94,9;ANAPOLIS;Demais falhas mecânicas ou elétricas;Saída de leito carroçável;Com Vítimas Feridas;Plena Noite;Decrescente;Nublado;Dupla;Reta;Não;3;0;1;0;1;2;0;1;-16,36499069;-48,93523855;SPRF-GO;DEL02/GO;UOP01-DEL02-GO
751669;11/02/2026;quarta-feira;09:30:00;RJ;101;309;SAO GONCALO;Reação tardia ou ineficiente do condutor;Engavetamento;Com Vítimas Feridas;Pleno dia;Crescente;Céu Claro;Dupla;Reta;Sim;4;0;1;0;1;3;0;3;-22,79489635;-43,03567886;SPRF-RJ;DEL02/RJ;UOP02-DEL02-RJ
751670;11/02/2026;quarta-feira;22:10:00;ES;101;262;SERRA;Acessar a via sem observar a presença dos outros veículos;Colisão transversal;Com Vítimas Feridas;Plena Noite;Crescente;Céu Claro;Dupla;"Retorno Regulamentado;Reta";Não;4;0;2;0;2;1;0;2;-20,15973032;-40,27606893;SPRF-ES;DEL02-ES;UOP01-DEL02-ES
751671;11/02/2026;quarta-feira;19:50:00;PE;101;180;PALMARES;Ausência de reação do condutor;Colisão com objeto;Sem Vítimas;Plena Noite;Crescente;Céu Claro;Dupla;Reta;Não;1;0;0;0;0;1;0;1;-8,638505;-35,560923;SPRF-PE;DEL01/PE;UOP03-DEL01-PE
751672;11/02/2026;quarta-feira;22:20:00;PE;101;75;RECIFE;Ausência de reação do condutor;Colisão traseira;Com Vítimas Feridas;Plena Noite;Crescente;Céu Claro;Múltipla;Reta;Sim;3;0;1;0;1;2;0;2;-8,110291;-34,946635;SPRF-PE;DEL01/PE;UOP01-DEL01-PE
751674;11/02/2026;quarta-feira;21:35:00;PI;316;302;PICOS;Transitar na contramão;Colisão transversal;Com Vítimas Feridas;Plena Noite;Crescente;Céu Claro;Simples;Reta;Não;2;0;1;0;1;1;0;2;-7,056128;-41,526885;SPRF-PI;DEL04-PI;UOP01-DEL04-PI
751676;11/02/2026;quarta-feira;21:40:00;MG;40;518,1;RIBEIRAO DAS NEVES;Reação tardia ou ineficiente do condutor;Saída de leito carroçável;Sem Vítimas;Plena Noite;Crescente;Chuva;Dupla;Retorno Regulamentado;Sim;1;0;0;0;0;1;0;1;-19,8319952;-44,0811545;SPRF-MG;DEL01/MG;UOP02-DEL01-MG
751677;11/02/2026;quarta-feira;14:10:00;MG;381;525;BRUMADINHO;Chuva;Capotamento;Sem Vítimas;Pleno dia;Crescente;Chuva;Dupla;"Curva;Declive";Não;1;0;0;0;0;1;0;1;-20,15109934;-44,32626598;SPRF-MG;DEL04/MG;UOP03-DEL04-MG
751679;11/02/2026;quarta-feira;13:10:00;MG;381;948;EXTREMA;Modificação proibida;Colisão transversal;Com Vítimas Feridas;Pleno dia;Crescente;Chuva;Dupla;"Reta;Retorno Regulamentado";Não;5;0;2;0;2;3;0;2;-22,86436015;-46,34640885;SPRF-MG;DEL16/MG;UOP03-DEL16-MG
751680;11/02/2026;quarta-feira;23:00:00;MG;50;174;UBERABA;Ausência de reação do condutor;Saída de leito carroçável;Com Vítimas Feridas;Plena Noite;Crescente;Nublado;Dupla;Viaduto;Sim;1;0;0;1;1;0;0;1;-19,778725;-47,977964;SPRF-MG;DEL13/MG;UOP01-DEL13-MG
751681;11/02/2026;quarta-feira;11:30:00;PA;230;731,5;MEDICILANDIA;Acessar a via sem observar a presença dos outros veículos;Colisão transversal;Com Vítimas Feridas;Pleno dia;Decrescente;Sol;Simples;Reta;Sim;2;0;1;1;2;0;0;2;-3,426408;-52,8062;SPRF-PA;DEL04/PA;UOP01-DEL04-PA
751682;11/02/2026;quarta-feira;22:00:00;BA;110;326;ALAGOINHAS;Deficiência do Sistema de Iluminação/Sinalização;Colisão traseira;Com Vítimas Feridas;Plena Noite;Crescente;Céu Claro;Simples;Reta;Não;1;0;1;0;1;0;0;1;-12,06924069;-38,3505766;SPRF-BA;DEL01/BA;UOP04-DEL01-BA
751683;11/02/2026;quarta-feira;11:30:00;RJ;465;8;SEROPEDICA;Ausência de reação do condutor;Queda de ocupante de veículo;Com Vítimas Feridas;Pleno dia;Crescente;Céu Claro;Simples;Reta;Não;1;0;1;0;1;0;0;1;-22,77362186;-43,66703734;SPRF-RJ;DEL06/RJ;UOP02-DEL06-RJ
751684;11/02/2026;quarta-feira;23:30:00;MG;381;503;BETIM;Reação tardia ou ineficiente do condutor;Colisão com objeto;Com Vítimas Feridas;Plena Noite;Decrescente;Chuva;Dupla;"Curva;Declive";Sim;1;0;1;0;1;0;0;1;-20,0263595;-44,2319502;SPRF-MG;DEL01/MG;UOP03-DEL01-MG
751686;11/02/2026;quarta-feira;23:00:00;GO;153;564;PROFESSOR JAMIL;Reação tardia ou ineficiente do condutor;Colisão traseira;Sem Vítimas;Plena Noite;Decrescente;Nublado;Dupla;"Reta;Declive";Não;3;0;0;0;0;3;0;2;-17,2113533;-49,22209;SPRF-GO;DEL03/GO;UOP01-DEL03-GO
751687;11/02/2026;quarta-feira;21:30:00;RS;468;0,5;PALMEIRA DAS MISSOES;Transitar na contramão;Colisão lateral sentido oposto;Com Vítimas Fatais;Plena Noite;Crescente;Céu Claro;Simples;"Reta;Aclive";Não;2;1;0;0;0;0;0;2;-27,880491;-53,306261;SPRF-RS;DEL08/RS;UOP01-DEL08-RS
751688;12/02/2026;quinta-feira;00:50:00;ES;101;139,7;LINHARES;Reação tardia ou ineficiente do condutor;Colisão lateral mesmo sentido;Com Vítimas Feridas;Plena Noite;Decrescente;Céu Claro;Simples;Reta;Não;2;0;1;0;1;1;0;2;-19,29962093;-40,078072;SPRF-ES;DEL04-ES;UOP01-DEL04-ES
751690;12/02/2026;quinta-feira;00:45:00;RJ;40;105;DUQUE DE CAXIAS;Acessar a via sem observar a presença dos outros veículos;Colisão transversal;Com Vítimas Feridas;Plena Noite;Decrescente;Céu Claro;Simples;"Reta;Interseção de Vias";Sim;2;0;1;0;1;1;0;2;-22,63880731;-43,28348031;SPRF-RJ;DEL01/RJ;UOP02-DEL01-RJ
751694;12/02/2026;quinta-feira;02:00:00;SP;116;154;SAO JOSE DOS CAMPOS;Reação tardia ou ineficiente do condutor;Colisão com objeto;Com Vítimas Feridas;Plena Noite;Decrescente;Céu Claro;Múltipla;Reta;Sim;1;0;1;0;1;0;0;1;-23,23858739;-45,91998395;SPRF-SP;DEL02/SP;UOP01-DEL02-SP
751695;12/02/2026;quinta-feira;03:09:00;SP;116;283;EMBU DAS ARTES;Reação tardia ou ineficiente do condutor;Colisão lateral mesmo sentido;Com Vítimas Feridas;Plena Noite;Crescente;Céu Claro;Dupla;Reta;Sim;2;0;2;0;2;0;0;2;-23,67204017;-46,85703278;SPRF-SP;DEL04/SP;UOP01-DEL04-SP
751697;12/02/2026;quinta-feira;02:30:00;RS;392;68;PELOTAS;Velocidade Incompatível;Colisão com objeto;Sem Vítimas;Plena Noite;Crescente;Céu Claro;Simples;Curva;Não;1;0;0;0;0;0;1;1;-31,74628679;-52,40422122;SPRF-RS;DEL07/RS;UOP01-DEL07-RS
751699;10/01/2026;sábado;10:00:00;RS;386;245,3;SOLEDADE;Acessar a via sem observar a presença dos outros veículos;Colisão transversal;Com Vítimas Feridas;Pleno dia;Crescente;Céu Claro;Simples;"Em Obras;Reta;Interseção de Vias";Sim;4;0;0;1;1;3;0;2;-28,804659;-52,506631;SPRF-RS;DEL04/RS;UOP03-DEL04-RS
751700;12/02/2026;quinta-feira;03:55:00;PB;230;491,4;CAJAZEIRAS;Ausência de reação do condutor;Colisão traseira;Com Vítimas Feridas;Plena Noite;Crescente;Chuva;Simples;"Reta;Aclive";Não;2;0;0;1;1;0;0;2;-6,884447;-38,468405;SPRF-PB;DEL03-PB;UOP03-DEL03-PB
751703;12/02/2026;quinta-feira;05:50:00;RN;304;301;MACAIBA;Ausência de reação do condutor;Colisão traseira;Com Vítimas Feridas;Amanhecer;Crescente;Céu Claro;Dupla;Reta;Não;2;0;1;0;1;1;0;2;-5,878213;-35,302467;SPRF-RN;DEL01-RN;UOP02-DEL01-RN
751704;11/02/2026;quarta-feira;20:00:00;SC;280;83,5;CORUPA;Transitar na contramão;Colisão frontal;Com Vítimas Feridas;Plena Noite;Crescente;Céu Claro;Simples;Reta;Não;2;0;1;0;1;0;0;2;-26,428012;-49,252143;SPRF-SC;DEL06/SC;UOP03-DEL06-SC
751705;12/02/2026;quinta-feira;05:30:00;MG;40;523;CONTAGEM;Trafegar com motocicleta (ou similar) entre as faixas;Atropelamento de Pedestre;Com Vítimas Feridas;Pleno dia;Crescente;Céu Claro;Dupla;Reta;Sim;2;0;2;0;2;0;0;2;-19,87504113;-44,05508855;SPRF-MG;DEL01/MG;UOP02-DEL01-MG
751706;12/02/2026;quinta-feira;05:30:00;RN;101;33,6;RIO DO FOGO;Reação tardia ou ineficiente do condutor;Tombamento;Com Vítimas Feridas;Amanhecer;Crescente;Nublado;Simples;Reta;Não;1;0;1;0;1;0;0;1;-5,398448;-35,364177;SPRF-RN;DEL02-RN;UOP01-DEL02-RN
751708;12/02/2026;quinta-feira;05:59:00;PI;343;593;FLORIANO;Manobra de mudança de faixa;Colisão frontal;Com Vítimas Feridas;Amanhecer;Decrescente;Garoa/Chuvisco;Simples;Reta;Sim;2;0;1;0;1;1;0;2;-6,782912;-43,039268;SPRF-PI;DEL03-PI;UOP01-DEL03-PI
751709;12/02/2026;quinta-feira;06:30:00;ES;101;267;SERRA;Ausência de reação do condutor;Queda de ocupante de veículo;Com Vítimas Feridas;Pleno dia;Decrescente;Céu Claro;Múltipla;Reta;Sim;1;0;1;0;1;0;0;1;-20,2000863;-40,26871628;SPRF-ES;DEL02-ES;UOP01-DEL02-ES
751711;12/02/2026;quinta-feira;02:00:00;MT;70;512;VARZEA GRANDE;Ausência de reação do condutor;Queda de ocupante de veículo;Com Vítimas Feridas;Plena Noite;Crescente;Céu Claro;Simples;Reta;Não;2;0;1;0;1;1;0;1;-15,70365755;-56,11985743;SPRF-MT;DEL01/MT;UOP02-DEL01-MT
751712;18/01/2026;domingo;11:20:00;TO;153;148;ARAGUAINA;Transitar na contramão;Colisão frontal;Com Vítimas Feridas;Pleno dia;Crescente;Céu Claro;Simples;Curva;Sim;2;0;1;0;1;1;0;2;-7,23301251;-48,25329334;SPRF-TO;DEL02-TO;UOP01-DEL02-TO
751713;12/02/2026;quinta-feira;06:00:00;MG;40;608;CONGONHAS;Velocidade Incompatível;Saída de leito carroçável;Sem Vítimas;Pleno dia;Crescente;Nevoeiro/Neblina;Simples;Reta;Não;1;0;0;0;0;0;1;1;-20,4945341;-43,8369204;SPRF-MG;DEL05/MG;UOP02-DEL05-MG
751714;12/02/2026;quinta-feira;07:10:00;SP;116;223;GUARULHOS;Ausência de reação do condutor;Queda de ocupante de veículo;Com Vítimas Feridas;Pleno dia;Decrescente;Nublado;Múltipla;Reta;Sim;1;0;0;1;1;0;0;1;-23,48185622;-46,53449929;SPRF-SP;DEL01/SP;UOP01-DEL01-SP
751715;12/02/2026;quinta-feira;06:40:00;ES;101;166,4;IBATIBA;Desrespeitar a preferência no cruzamento;Colisão transversal;Com Vítimas Feridas;Amanhecer;Crescente;Céu Claro;Simples;"Interseção de Vias;Retorno Regulamentado";Não;2;0;0;1;1;0;0;2;-20,25192491;-41,5638864;SPRF-ES;DEL04-ES;UOP01-DEL04-ES
751716;12/02/2026;quinta-feira;07:10:00;PI;343;186;PIRIPIRI;Avarias e/ou desgaste excessivo no pneu;Saída de leito carroçável;Com Vítimas Feridas;Pleno dia;Decrescente;Nublado;Simples;Reta;Sim;2;0;2;0;2;0;0;1;-4,298;-41,768;SPRF-PI;DEL02-PI;UOP01-DEL02-PI
751719;12/02/2026;quinta-feira;07:15:00;RS;386;356,9;ESTRELA;Afundamento ou ondulação no pavimento;Tombamento;Com Vítimas Feridas;Pleno dia;Decrescente;Sol;Dupla;Reta;Não;1;0;0;1;1;0;0;1;-29,52863919;-51,92908856;SPRF-RS;DEL04/RS;UOP01-DEL04-RS
751720;12/02/2026;quinta-feira;05:10:00;RO;364;336,6;JI-PARANA;Transitar no Acostamento;Colisão com objeto;Com Vítimas Feridas;Amanhecer;Decrescente;Céu Claro;Simples;"Reta;Declive";Não;1;0;1;0;1;0;0;1;-10,926627;-61,929788;SPRF-RO;DEL02-RO;UOP01-DEL02-RO
751721;12/02/2026;quinta-feira;06:35:00;PE;423;89;SAO JOAO;Transitar na contramão;Colisão frontal;Com Vítimas Fatais;Pleno dia;Decrescente;Céu Claro;Simples;Reta;Não;2;1;0;1;1;0;0;2;-8,844493;-36,459123;SPRF-PE;DEL03/PE;UOP01-DEL03-PE
751722;09/02/2026;segunda-feira;03:00:00;SC;101;129;CAMBORIU;Reação tardia ou ineficiente do condutor;Colisão com objeto;Sem Vítimas;Plena Noite;Crescente;Nublado;Dupla;Curva;Sim;1;0;0;0;0;1;0;1;-26,981847;-48,676119;SPRF-SC;DEL04/SC;UOP03-DEL04-SC
751723;12/02/2026;quinta-feira;05:10:00;MA;135;178,8;SAO MATEUS DO MARANHAO;Condutor Dormindo;Saída de leito carroçável;Com Vítimas Feridas;Amanhecer;Crescente;Céu Claro;Simples;Curva;Não;2;0;1;1;2;0;0;1;-4,006078;-44,470136;SPRF-MA;DEL03-MA;UOP01-DEL03-MA
751725;12/02/2026;quinta-feira;07:40:00;MA;135;3,6;SAO LUIS;Condutor deixou de manter distância do veículo da frente;Colisão traseira;Com Vítimas Feridas;Amanhecer;Crescente;Nublado;Dupla;Reta;Sim;2;0;1;0;1;0;0;2;-2,611668;-44,250767;SPRF-MA;DEL01-MA;UOP01-DEL01-MA
751727;12/02/2026;quinta-feira;07:20:00;SP;116;117;TAUBATE;Manobra de mudança de faixa;Queda de ocupante de veículo;Com Vítimas Feridas;Pleno dia;Decrescente;Céu Claro;Dupla;Reta;Sim;1;0;0;1;1;0;0;1;-23,0570261;-45,6212321;SPRF-SP;DEL02/SP;UOP02-DEL02-SP
751728;12/02/2026;quinta-feira;08:25:00;PE;101;76;RECIFE;Reação tardia ou ineficiente do condutor;Colisão lateral mesmo sentido;Com Vítimas Feridas;Pleno dia;Crescente;Chuva;Dupla;Reta;Sim;2;0;1;0;1;1;0;2;-8,127082;-34,94399;SPRF-PE;DEL01/PE;UOP01-DEL01-PE
751729;12/02/2026;quinta-feira;08:05:00;RS;386;168,2;CARAZINHO;Manobra de mudança de faixa;Colisão transversal;Com Vítimas Feridas;Pleno dia;Crescente;Céu Claro;Simples;"Declive;Reta";Não;3;0;3;0;3;0;0;2;-28,222839;-52,820813;SPRF-RS;DEL08/RS;UOP01-DEL08-RS
751730;12/02/2026;quinta-feira;08:00:00;MG;381;512;IGARAPE;Trafegar com motocicleta (ou similar) entre as faixas;Colisão lateral mesmo sentido;Com Vítimas Feridas;Pleno dia;Crescente;Céu Claro;Simples;Reta;Não;2;0;1;0;1;1;0;2;-20,06403391;-44,29375947;SPRF-MG;DEL01/MG;UOP03-DEL01-MG
751734;12/02/2026;quinta-feira;08:35:00;PB;101;122;CAAPORA;Chuva;Saída de leito carroçável;Com Vítimas Feridas;Pleno dia;Crescente;Chuva;Dupla;"Curva;Declive";Não;1;0;1;0;1;0;0;1;-7,4576;-34,9809;SPRF-PB;DEL01-PB;UOP01-DEL01-PB
751736;12/02/2026;quinta-feira;09:30:00;RJ;116;148;DUQUE DE CAXIAS;Ausência de reação do condutor;Colisão traseira;Com Vítimas Feridas;Pleno dia;Crescente;Céu Claro;Dupla;Curva;Sim;3;0;1;0;1;2;0;2;-22,671457;-43,2892055;SPRF-RJ;DEL01/RJ;UOP02-DEL01-RJ
751737;12/02/2026;quinta-feira;08:50:00;PR;153;337,3;IRATI;Condutor deixou de manter distância do veículo da frente;Colisão lateral mesmo sentido;Sem Vítimas;Pleno dia;Decrescente;Céu Claro;Simples;Reta;Sim;3;0;0;0;0;3;0;2;-25,51257683;-50,65308736;SPRF-PR;DEL08/PR;UOP02-DEL08-PR
751738;12/02/2026;quinta-feira;08:45:00;ES;101;296;CARIACICA;Condutor deixou de manter distância do veículo da frente;Queda de ocupante de veículo;Com Vítimas Feridas;Pleno dia;Crescente;Céu Claro;Simples;Retorno Regulamentado;Sim;3;0;2;0;2;1;0;2;-20,34367408;-40,4059224;SPRF-ES;DEL01-ES;UOP01-DEL01-ES
751739;12/02/2026;quinta-feira;09:30:00;SP;116;289,9;ITAPECERICA DA SERRA;Manobra de mudança de faixa;Colisão lateral mesmo sentido;Com Vítimas Feridas;Pleno dia;Decrescente;Céu Claro;Dupla;Reta;Sim;3;0;2;0;2;1;0;3;-23,720119;-46,884916;SPRF-SP;DEL04/SP;UOP01-DEL04-SP
751740;12/02/2026;quinta-feira;09:10:00;PA;230;116;MARABA;Demais falhas mecânicas ou elétricas;Incêndio;Sem Vítimas;Pleno dia;Decrescente;Céu Claro;Dupla;"Reta;Aclive";Sim;2;0;0;0;0;2;0;1;-5,358835;-49,084697;SPRF-PA;DEL03/PA;UOP01-DEL03-PA
751742;12/02/2026;quinta-feira;09:00:00;CE;222;161,7;IRAUCUBA;Acessar a via sem observar a presença dos outros veículos;Colisão transversal;Com Vítimas Feridas;Pleno dia;Crescente;Céu Claro;Simples;Reta;Sim;5;0;4;0;4;1;0;2;-3,73784722;-39,80792999;SPRF-CE;DEL04/CE;UOP03-DEL04-CE
751745;12/02/2026;quinta-feira;09:50:00;ES;262;17;VIANA;Mal súbito do condutor;Saída de leito carroçável;Com Vítimas Feridas;Pleno dia;Crescente;Céu Claro;Simples;Reta;Não;10;0;10;0;10;0;0;1;-20,38531704;-40,46981184;SPRF-ES;DEL01-ES;UOP01-DEL01-ES
751748;12/02/2026;quinta-feira;09:15:00;SC;282;1,9;FLORIANOPOLIS;Manobra de mudança de faixa;Colisão lateral mesmo sentido;Com Vítimas Feridas;Pleno dia;Decrescente;Céu Claro;Múltipla;Reta;Sim;2;0;2;0;2;0;0;2;-27,60357397;-48,58718483;SPRF-SC;DEL01/SC;UOP01-DEL01-SC
751750;12/02/2026;quinta-feira;09:15:00;SC;101;102,9;BALNEARIO PICARRAS;Acessar a via sem observar a presença dos outros veículos;Colisão lateral mesmo sentido;Com Vítimas Feridas;Pleno dia;Crescente;Sol;Dupla;Declive;Sim;4;0;1;0;1;3;0;3;-26,78014761;-48,68451532;SPRF-SC;DEL03/SC;UOP02-DEL03-SC
751752;08/02/2026;domingo;10:30:00;PA;316;94;SAO FRANCISCO DO PARA;Ausência de reação do condutor;Capotamento;Com Vítimas Feridas;Pleno dia;Decrescente;Sol;Simples;Reta;Não;2;0;2;0;2;0;0;1;-1,326102;-47,65381;SPRF-PA;DEL01/PA;UOP02-DEL01-PA
751753;12/02/2026;quinta-feira;07:50:00;BA;324;556;AMELIA RODRIGUES;Demais falhas mecânicas ou elétricas;Incêndio;Sem Vítimas;Pleno dia;Decrescente;Céu Claro;Dupla;Reta;Não;1;0;0;0;0;1;0;1;-12,477674;-38,673096;SPRF-BA;DEL11/BA;UOP02-DEL11-BA
751755;12/02/2026;quinta-feira;10:30:00;SC;282;58,3;RANCHO QUEIMADO;Acessar a via sem observar a presença dos outros veículos;Colisão transversal;Com Vítimas Feridas;Pleno dia;Decrescente;Céu Claro;Simples;Interseção de Vias;Não;2;0;1;0;1;1;0;2;-27,68709315;-49,00105923;SPRF-SC;DEL01/SC;UOP03-DEL01-SC
751756;12/02/2026;quinta-feira;08:24:00;PR;373;395;CANDOI;Acessar a via sem observar a presença dos outros veículos;Colisão traseira;Com Vítimas Feridas;Pleno dia;Crescente;Céu Claro;Simples;Reta;Não;3;0;0;2;2;1;0;2;-25,54109;-52,01069;SPRF-PR;DEL08/PR;UOP01-DEL08-PR
751757;12/02/2026;quinta-feira;08:30:00;BA;242;762;CRISTOPOLIS;Condutor deixou de manter distância do veículo da frente;Colisão traseira;Com Vítimas Feridas;Pleno dia;Crescente;Céu Claro;Simples;Reta;Não;7;0;2;0;2;5;0;2;-12,20124755;-44,48461914;SPRF-BA;DEL10/BA;UOP01-DEL10-BA