id;data_inversa;dia_semana;horario;uf;br;km;municipio;causa_acidente;tipo_acidente;classificacao_acidente;fase_dia;sentido_via;condicao_metereologica;tipo_pista;tracado_via;uso_solo;pessoas;mortos;feridos_leves;feridos_graves;feridos;ilesos;ignorados;veiculos;latitude;longitude;regional;delegacia;uop
751881;12/02/2026;quinta-feira;20:50:00;BA;101;167;CONCEICAO DO JACUIPE;Pedestre - Ingestão de álcool/ substâncias psicoativas;Atropelamento de Pedestre;Com Vítimas Feridas;Plena Noite;Decrescente;Céu Claro;Dupla;"Curva;Interseção de Vias;Viaduto";Não;2;0;1;0;1;0;0;2;-12,36231485;-38,82762551;SPRF-BA;DEL11/BA;UOP02-DEL11-BA
751882;12/02/2026;quinta-feira;23:08:00;GO;153;442;ANAPOLIS;Reação tardia ou ineficiente do condutor;Colisão traseira;Com Vítimas Feridas;Plena Noite;Crescente;Céu Claro;Dupla;"Aclive;Reta";Sim;3;0;2;0;2;1;0;3;-16,35088249;-48,92804146;SPRF-GO;DEL02/GO;UOP01-DEL02-GO
751884;12/02/2026;quinta-feira;23:00:00;BA;135;187;BARREIRAS;Animais na Pista;Atropelamento de Animal;Com Vítimas Feridas;Plena Noite;Crescente;Céu Claro;Simples;Reta;Não;7;0;2;0;2;5;0;2;-12,21044195;-45,01682281;SPRF-BA;DEL10/BA;UOP01-DEL10-BA
751886;12/02/2026;quinta-feira;22:15:00;SC;116;63,2;PAPANDUVA;Ultrapassagem Indevida;Colisão frontal;Com Vítimas Feridas;Plena Noite;Crescente;Céu Claro;Simples;Reta;Não;3;0;3;0;3;0;0;2;-26,408662;-50,226745;SPRF-SC;DEL06/SC;UOP02-DEL06-SC
751887;12/02/2026;quinta-feira;23:10:00;SC;101;203,4;SAO JOSE;Manobra de mudança de faixa;Queda de ocupante de veículo;Com Vítimas Feridas;Plena Noite;Crescente;Céu Claro;Múltipla;Reta;Sim;2;0;2;0;2;0;0;1;-27,56893223;-48,61397473;SPRF-SC;DEL01/SC;UOP01-DEL01-SC
751888;12/02/2026;quinta-feira;21:00:00;MG;262;435,7;NOVA SERRANA;Reação tardia ou ineficiente do condutor;Colisão traseira;Com Vítimas Feridas;Plena Noite;Crescente;Céu Claro;Dupla;Reta;Não;4;0;2;0;2;2;0;2;-19,87535117;-44,9504292;SPRF-MG;DEL08/MG;UOP03-DEL08-MG
751891;12/02/2026;quinta-feira;23:38:00;RN;405;78;APODI;Ingestão de álcool pelo condutor;Colisão frontal;Com Vítimas Feridas;Plena Noite;Crescente;Céu Claro;Simples;Reta;Sim;4;0;1;0;1;3;0;2;-5,67291;-37,789058;SPRF-RN;DEL04-RN;UOP02-DEL04-RN
751892;12/02/2026;quinta-feira;20:45:00;RJ;101;324;NITEROI;Condutor usando celular;Engavetamento;Com Vítimas Feridas;Plena Noite;Decrescente;Céu Claro;Múltipla;"Reta;Ponte";Não;8;0;5;0;5;3;0;3;-22,87680783;-43,11893463;SPRF-RJ;DEL02/RJ;UOP01-DEL02-RJ
751894;12/02/2026;quinta-feira;23:50:00;MG;40;702,3;BARBACENA;Entrada inopinada do pedestre;Atropelamento de Pedestre;Com Vítimas Feridas;Plena Noite;Decrescente;Nublado;Dupla;Curva;Sim;2;0;0;1;1;1;0;2;-21,21738062;-43,74652863;SPRF-MG;DEL05/MG;UOP02-DEL05-MG
751897;13/02/2026;sexta-feira;00:05:00;RS;116;558,9;PEDRO OSORIO;Animais na Pista;Atropelamento de Animal;Com Vítimas Feridas;Plena Noite;Crescente;Céu Claro;Simples;Reta;Não;5;0;4;0;4;1;0;1;-31,91564074;-52,69104894;SPRF-RS;DEL07/RS;UOP03-DEL07-RS
751899;12/02/2026;quinta-feira;23:35:00;BA;367;81;EUNAPOLIS;Transitar na contramão;Colisão frontal;Com Vítimas Feridas;Plena Noite;Decrescente;Ignorado;Simples;Curva;Não;4;0;3;0;3;0;0;2;-16,3680137;-39,5583626;SPRF-BA;DEL09/BA;UOP03-DEL09-BA
751901;12/02/2026;quinta-feira;23:35:00;PB;230;125;RIACHAO DO BACAMARTE;Condutor deixou de manter distância do veículo da frente;Colisão lateral mesmo sentido;Com Vítimas Fatais;Plena Noite;Crescente;Nublado;Dupla;Aclive;Não;2;1;0;0;0;0;0;2;-7,254897;-35,689265;SPRF-PB;DEL02-PB;UOP01-DEL02-PB
751902;13/02/2026;sexta-feira;00:30:00;PR;376;327;ORTIGUEIRA;Reação tardia ou ineficiente do condutor;Tombamento;Com Vítimas Feridas;Plena Noite;Crescente;Nublado;Dupla;Reta;Não;3;0;1;0;1;2;0;1;-24,09291;-51,04618;SPRF-PR;DEL07/PR;UOP02-DEL07-PR
751904;12/02/2026;quinta-feira;19:30:00;PI;135;526;GILBUES;Animais na Pista;Atropelamento de Animal;Com Vítimas Feridas;Plena Noite;Crescente;Céu Claro;Simples;Reta;Não;1;0;0;1;1;0;0;1;-9,92771606;-45,33337493;SPRF-PI;DEL03-PI;UOP02-DEL03-PI
751905;13/02/2026;sexta-feira;00:30:00;ES;101;294,7;CARIACICA;Pedestre cruzava a pista fora da faixa;Atropelamento de Pedestre;Com Vítimas Fatais;Plena Noite;Decrescente;Céu Claro;Dupla;"Reta;Declive";Sim;2;1;0;0;0;0;0;2;-20,330786;-40,399296;SPRF-ES;DEL01-ES;UOP01-DEL01-ES
751906;13/02/2026;sexta-feira;00:05:00;MT;70;357;CAMPO VERDE;Ausência de reação do condutor;Saída de leito carroçável;Sem Vítimas;Plena Noite;Crescente;Chuva;Simples;Curva;Não;1;0;0;0;0;0;1;1;-15,32624069;-54,9659729;SPRF-MT;DEL05/MT;UOP02-DEL05-MT
751909;13/02/2026;sexta-feira;02:00:00;PR;116;92;SAO JOSE DOS PINHAIS;Velocidade Incompatível;Saída de leito carroçável;Com Vítimas Feridas;Plena Noite;Crescente;Céu Claro;Simples;Curva;Não;1;0;1;0;1;0;0;1;-25,51080854;-49,13083641;SPRF-PR;DEL01/PR;UOP08-DEL01-PR
751910;12/02/2026;quinta-feira;22:30:00;SC;282;220;LAGES;Velocidade Incompatível;Saída de leito carroçável;Com Vítimas Feridas;Plena Noite;Crescente;Nublado;Simples;Rotatória;Sim;2;0;2;0;2;0;0;1;-27,79462938;-50,32815456;SPRF-SC;DEL05/SC;UOP01-DEL05-SC
751911;13/02/2026;sexta-feira;01:40:00;CE;116;42,7;HORIZONTE;Acessar a via sem observar a presença dos outros veículos;Colisão transversal;Com Vítimas Feridas;Plena Noite;Decrescente;Nublado;Dupla;Reta;Sim;2;0;0;1;1;1;0;2;-4,1154176;-38,4889087;SPRF-CE;DEL01/CE;UOP02-DEL01-CE
751912;13/02/2026;sexta-feira;01:45:00;PB;230;16;JOAO PESSOA;Ausência de reação do condutor;Saída de leito carroçável;Sem Vítimas;Plena Noite;Decrescente;Céu Claro;Dupla;Curva;Sim;1;0;0;0;0;0;1;1;-7,101128;-34,847507;SPRF-PB;DEL01-PB;UOP01-DEL01-PB
751913;13/02/2026;sexta-feira;02:10:00;SC;101;216,3;PALHOCA;Ausência de reação do condutor;Tombamento;Com Vítimas Feridas;Plena Noite;Crescente;Nublado;Dupla;"Reta;Interseção de Vias";Sim;1;0;1;0;1;0;0;1;-27,66394974;-48,67581574;SPRF-SC;DEL01/SC;UOP02-DEL01-SC
751917;13/02/2026;sexta-feira;03:10:00;SC;280;116;SAO BENTO DO SUL;Pista Escorregadia;Saída de leito carroçável;Com Vítimas Feridas;Plena Noite;Decrescente;Garoa/Chuvisco;Simples;"Curva;Declive";Não;1;0;1;0;1;0;0;1;-26,27812;-49,41979;SPRF-SC;DEL06/SC;UOP03-DEL06-SC
751918;13/02/2026;sexta-feira;03:15:00;PR;376;180;MARINGA;Ingestão de álcool pelo condutor;Saída de leito carroçável;Sem Vítimas;Plena Noite;Crescente;Céu Claro;Dupla;"Reta;Aclive";Sim;1;0;0;0;0;1;0;1;-23,422238;-51,903571;SPRF-PR;DEL09/PR;UOP01-DEL09-PR
751921;13/02/2026;sexta-feira;04:50:00;MG;381;493;BETIM;Ausência de reação do condutor;Tombamento;Com Vítimas Feridas;Amanhecer;Crescente;Céu Claro;Dupla;Reta;Sim;1;0;1;0;1;0;0;1;-19,96385521;-44,16998434;SPRF-MG;DEL01/MG;UOP03-DEL01-MG
751922;13/02/2026;sexta-feira;05:20:00;PE;101;5;RECIFE;Condutor deixou de manter distância do veículo da frente;Engavetamento;Sem Vítimas;Amanhecer;Decrescente;Nublado;Dupla;Reta;Não;3;0;0;0;0;3;0;3;-8,067367;-34,943773;SPRF-PE;DEL01/PE;UOP02-DEL01-PE
751928;13/02/2026;sexta-feira;06:30:00;MG;50;172,5;UBERABA;Demais falhas mecânicas ou elétricas;Tombamento;Com Vítimas Feridas;Pleno dia;Decrescente;Céu Claro;Dupla;Reta;Sim;2;0;1;1;2;0;0;1;-19,69632834;-47,98856598;SPRF-MG;DEL13/MG;UOP01-DEL13-MG
751930;13/02/2026;sexta-feira;06:50:00;RS;101;75;OSORIO;Manobra de mudança de faixa;Colisão lateral mesmo sentido;Com Vítimas Feridas;Pleno dia;Crescente;Céu Claro;Dupla;"Aclive;Reta";Não;5;0;2;0;2;3;0;2;-29,7931;-50,23114;SPRF-RS;DEL03/RS;UOP01-DEL03-RS
751932;13/02/2026;sexta-feira;06:35:00;SC;470;51,2;BLUMENAU;Acessar a via sem observar a presença dos outros veículos;Atropelamento de Pedestre;Com Vítimas Feridas;Pleno dia;Crescente;Céu Claro;Dupla;Reta;Não;2;0;1;0;1;1;0;2;-26,86283512;-49,08576457;SPRF-SC;DEL04/SC;UOP01-DEL04-SC
751933;13/02/2026;sexta-feira;03:30:00;PE;232;30;MORENO;Ausência de reação do condutor;Atropelamento de Pedestre;Com Vítimas Fatais;Plena Noite;Crescente;Nublado;Dupla;"Curva;Aclive";Não;2;1;0;0;0;0;0;2;-8,10982617;-35,15740798;SPRF-PE;DEL02/PE;UOP02-DEL02PE
751934;12/02/2026;quinta-feira;21:00:00;AM;174;905,8;MANAUS;Pedestre - Ingestão de álcool/ substâncias psicoativas;Atropelamento de Pedestre;Com Vítimas Feridas;Plena Noite;Crescente;Céu Claro;Simples;"Reta;Declive";Não;2;0;1;0;1;0;0;2;-2,795277;-60,037096;SPRF-AM;DEL01-AM;UOP01-DEL01-AM
751935;13/02/2026;sexta-feira;06:00:00;PR;376;339,9;ORTIGUEIRA;Velocidade Incompatível;Saída de leito carroçável;Com Vítimas Feridas;Amanhecer;Crescente;Nublado;Simples;"Curva;Declive";Não;1;0;1;0;1;0;0;1;-24,15692;-50,97419;SPRF-PR;DEL07/PR;UOP02-DEL07-PR
751936;09/02/2026;segunda-feira;10:20:00;SC;101;213,3;PALHOCA;Acessar a via sem observar a presença dos outros veículos;Colisão transversal;Com Vítimas Feridas;Pleno dia;Decrescente;Céu Claro;Simples;Interseção de Vias;Sim;2;0;1;0;1;1;0;2;-27,639402;-48,666513;SPRF-SC;DEL01/SC;UOP02-DEL01-SC
751937;13/02/2026;sexta-feira;06:40:00;SC;101;151;ITAPEMA;Demais falhas mecânicas ou elétricas;Tombamento;Com Vítimas Feridas;Amanhecer;Crescente;Céu Claro;Dupla;Reta;Sim;2;0;2;0;2;0;0;1;-27,13046944;-48,60984413;SPRF-SC;DEL04/SC;UOP03-DEL04-SC
751940;13/02/2026;sexta-feira;07:00:00;RJ;101;425;MANGARATIBA;Ultrapassagem Indevida;Colisão transversal;Com Vítimas Feridas;Pleno dia;Decrescente;Sol;Simples;"Retorno Regulamentado;Reta";Sim;2;0;1;1;2;0;0;2;-22,92948431;-43,97550344;SPRF-RJ;DEL03/RJ;UOP02-DEL03-RJ
751942;13/02/2026;sexta-feira;06:50:00;SP;116;122;CACAPAVA;Trafegar com motocicleta (ou similar) entre as faixas;Colisão lateral mesmo sentido;Com Vítimas Feridas;Pleno dia;Crescente;Céu Claro;Dupla;Reta;Não;2;0;1;0;1;1;0;2;-23,07897623;-45,65742586;SPRF-SP;DEL02/SP;UOP02-DEL02-SP
751943;13/02/2026;sexta-feira;01:00:00;PR;277;77;SAO JOSE DOS PINHAIS;Velocidade Incompatível;Tombamento;Com Vítimas Feridas;Plena Noite;Decrescente;Nublado;Dupla;Reta;Não;1;0;1;0;1;0;0;1;-25,48588087;-49,18505609;SPRF-PR;DEL01/PR;UOP08-DEL01-PR
751944;13/02/2026;sexta-feira;05:40:00;PR;376;463,7;PONTA GROSSA;Ingestão de álcool pelo condutor;Saída de leito carroçável;Sem Vítimas;Amanhecer;Decrescente;Céu Claro;Dupla;Curva;Não;2;0;0;0;0;2;0;1;-25,02456778;-50,32032105;SPRF-PR;DEL03/PR;UOP01-DEL03-PR
751945;13/02/2026;sexta-feira;07:20:00;RS;116;526,9;PELOTAS;Condutor deixou de manter distância do veículo da frente;Colisão lateral mesmo sentido;Com Vítimas Feridas;Pleno dia;Decrescente;Céu Claro;Simples;"Reta;Declive";Sim;2;0;1;0;1;1;0;2;-31,748462;-52,412603;SPRF-RS;DEL07/RS;UOP01-DEL07-RS
751946;13/02/2026;sexta-feira;06:00:00;RJ;493;101;SEROPEDICA;Ausência de reação do condutor;Colisão lateral mesmo sentido;Com Vítimas Feridas;Pleno dia;Decrescente;Céu Claro;Dupla;"Retorno Regulamentado;Reta";Não;3;0;0;2;2;1;0;2;-22,8029034;-43,6421924;SPRF-RJ;DEL01/RJ;UOP03-DEL01-RJ
751947;13/02/2026;sexta-feira;07:50:00;SC;101;211,4;PALHOCA;Manobra de mudança de faixa;Colisão lateral mesmo sentido;Com Vítimas Feridas;Pleno dia;Decrescente;Céu Claro;Múltipla;Reta;Não;2;0;0;1;1;1;0;2;-27,626352;-48,655187;SPRF-SC;DEL01/SC;UOP02-DEL01-SC
751954;13/02/2026;sexta-feira;08:00:00;SP;381;38;ATIBAIA;Condutor deixou de manter distância do veículo da frente;Colisão traseira;Com Vítimas Feridas;Pleno dia;Decrescente;Céu Claro;Dupla;Reta;Sim;2;0;1;0;1;1;0;2;-23,19068675;-46,58467401;SPRF-SP;DEL03/SP;UOP01-DEL03-SP
751955;13/02/2026;sexta-feira;08:40:00;ES;101;289;CARIACICA;Condutor deixou de manter distância do veículo da frente;Engavetamento;Com Vítimas Feridas;Pleno dia;Crescente;Céu Claro;Dupla;Reta;Sim;5;0;3;1;4;1;0;5;-20,280817;-40,393133;SPRF-ES;DEL01-ES;UOP01-DEL01-ES
751956;13/02/2026;sexta-feira;08:15:00;SC;101;42,5;JOINVILLE;Trafegar com motocicleta (ou similar) entre as faixas;Colisão lateral mesmo sentido;Com Vítimas Feridas;Pleno dia;Crescente;Céu Claro;Dupla;Reta;Sim;2;0;1;0;1;1;0;2;-26,32845536;-48,86375276;SPRF-SC;DEL03/SC;UOP01-DEL03-SC
751961;13/02/2026;sexta-feira;08:10:00;RJ;493;17;GUAPIMIRIM;Ausência de reação do condutor;Tombamento;Com Vítimas Feridas;Pleno dia;Crescente;Céu Claro;Simples;Reta;Sim;1;0;1;0;1;0;0;1;-22,66828687;-43,01089223;SPRF-RJ;DEL04/RJ;UOP02-DEL04-RJ
751962;12/02/2026;quinta-feira;22:30:00;PE;232;116,7;CARUARU;Reação tardia ou ineficiente do condutor;Saída de leito carroçável;Com Vítimas Fatais;Plena Noite;Crescente;Ignorado;Dupla;Reta;Não;2;1;1;0;1;0;0;1;-8,295365;-35,8783;SPRF-PE;DEL02/PE;UOP03-DEL02-PE
751963;13/02/2026;sexta-feira;05:30:00;RJ;40;124;RIO DE JANEIRO;Área urbana sem a presença de local apropriado para a travessia de pedestres;Atropelamento de Pedestre;Com Vítimas Feridas;Pleno dia;Crescente;Céu Claro;Múltipla;Reta;Sim;2;0;1;0;1;0;0;2;-22,81254324;-43,28805524;SPRF-RJ;DEL01/RJ;UOP02-DEL01-RJ
751964;13/02/2026;sexta-feira;08:00:00;PR;116;106;SAO JOSE DOS PINHAIS;Reação tardia ou ineficiente do condutor;Engavetamento;Com Vítimas Feridas;Pleno dia;Decrescente;Céu Claro;Dupla;Reta;Não;3;0;1;0;1;2;0;3;-25,56913485;-49,22754161;SPRF-PR;DEL01/PR;UOP03-DEL01-PR
751967;13/02/2026;sexta-feira;09:00:00;PR;376;4,4;MANDAGUARI;Acessar a via sem observar a presença dos outros veículos;Colisão lateral mesmo sentido;Com Vítimas Feridas;Pleno dia;Decrescente;Nublado;Simples;Reta;Sim;3;0;2;0;2;1;0;2;-23,5206609;-51,6799821;SPRF-PR;DEL09/PR;UOP01-DEL09-PR
751968;13/02/2026;sexta-feira;09:35:00;MG;40;525,3;CONTAGEM;Condutor deixou de manter distância do veículo da frente;Engavetamento;Com Vítimas Feridas;Pleno dia;Decrescente;Céu Claro;Dupla;Reta;Sim;3;0;1;0;1;2;0;3;-19,89081719;-44,0499711;SPRF-MG;DEL01/MG;UOP02-DEL01-MG
751969;13/02/2026;sexta-feira;08:58:00;CE;116;18;ITAITINGA;Condutor deixou de manter distância do veículo da frente;Colisão traseira;Com Vítimas Feridas;Pleno dia;Decrescente;Céu Claro;Múltipla;Reta;Sim;2;0;1;0;1;1;0;2;-3,90959274;-38,50632571;SPRF-CE;DEL01/CE;UOP02-DEL01-CE
751970;13/02/2026;sexta-feira;08:30:00;PR;376;281;MARILANDIA DO SUL;Reação tardia ou ineficiente do condutor;Saída de leito carroçável;Com Vítimas Feridas;Pleno dia;Decrescente;Chuva;Dupla;Curva;Não;2;0;2;0;2;0;0;1;-23,84564989;-51,25632763;SPRF-PR;DEL07/PR;UOP02-DEL07-PR
751971;13/02/2026;sexta-feira;09:10:00;RJ;101;321;NITEROI;Demais falhas mecânicas ou elétricas;Tombamento;Com Vítimas Feridas;Pleno dia;Crescente;Céu Claro;Dupla;"Reta;Ponte";Sim;2;0;1;1;2;0;0;1;-22,8731513;-43,11018284;SPRF-RJ;DEL02/RJ;UOP01-DEL02-RJ
751974;13/02/2026;sexta-feira;08:50:00;RS;116;153;CAXIAS DO SUL;Condutor deixou de manter distância do veículo da frente;Colisão traseira;Com Vítimas Feridas;Pleno dia;Decrescente;Céu Claro;Dupla;Reta;Sim;3;0;1;0;1;1;0;3;-29,17848194;-51,18447511;SPRF-RS;DEL05/RS;UOP01-DEL05-RS
751975;13/02/2026;sexta-feira;08:20:00;MG;50;177,5;UBERABA;Ausência de reação do condutor;Queda de ocupante de veículo;Com Vítimas Feridas;Pleno dia;Crescente;Céu Claro;Dupla;Retorno Regulamentado;Sim;1;0;1;0;1;0;0;1;-19,780015;-47,944509;SPRF-MG;DEL13/MG;UOP01-DEL13-MG
751976;13/02/2026;sexta-feira;08:50:00;PR;369;158,3;CAMBE;Manobra de mudança de faixa;Colisão lateral mesmo sentido;Com Vítimas Feridas;Pleno dia;Crescente;Nublado;Dupla;Reta;Não;2;0;1;0;1;1;0;2;-23,2845439;-51,24190204;SPRF-PR;DEL07/PR;UOP01-DEL07-PR
751977;13/02/2026;sexta-feira;08:10:00;PE;104;30,1;TORITAMA;Desrespeitar a preferência no cruzamento;Colisão transversal;Com Vítimas Feridas;Pleno dia;Crescente;Sol;Simples;"Rotatória;Interseção de Vias";Sim;2;0;1;0;1;0;0;2;-8,01063055;-36,05759486;SPRF-PE;DEL02/PE;UOP01-DEL02-PE
751978;13/02/2026;sexta-feira;08:50:00;MG;116;277;TEOFILO OTONI;Desrespeitar a preferência no cruzamento;Colisão transversal;Com Vítimas Feridas;Pleno dia;Crescente;Chuva;Simples;"Reta;Retorno Regulamentado";Sim;2;0;0;1;1;1;0;2;-17,865032;-41,516195;SPRF-MG;DEL11/MG;UOP01-DEL11-MG
751979;13/02/2026;sexta-feira;09:59:00;MG;40;526;CONTAGEM;Condutor deixou de manter distância do veículo da frente;Colisão traseira;Sem Vítimas;Pleno dia;Decrescente;Céu Claro;Dupla;Reta;Sim;2;0;0;0;0;2;0;2;-19,8934546;-44,04965877;SPRF-MG;DEL01/MG;UOP02-DEL01-MG
751980;13/02/2026;sexta-feira;08:40:00;GO;40;95,3;CRISTALINA;Reação tardia ou ineficiente do condutor;Colisão traseira;Sem Vítimas;Pleno dia;Crescente;Céu Claro;Simples;Reta;Não;2;0;0;0;0;2;0;2;-16,751463;-47,60688;SPRF-DF;DEL01-DF;UOP02-DEL01-DF
751981;13/02/2026;sexta-feira;09:00:00;RJ;101;286;ITABORAI;Condutor deixou de manter distância do veículo da frente;Colisão traseira;Com Vítimas Feridas;Pleno dia;Decrescente;Céu Claro;Dupla;Reta;Sim;3;0;1;0;1;2;0;2;-22,75419453;-42,8276485;SPRF-RJ;DEL02/RJ;UOP02-DEL02-RJ
751982;13/02/2026;sexta-feira;09:20:00;SC;470;167;POUSO REDONDO;Retorno proibido;Colisão transversal;Com Vítimas Feridas;Pleno dia;Decrescente;Céu Claro;Dupla;Reta;Não;2;0;1;0;1;1;0;2;-27,26760444;-49,86927001;SPRF-SC;DEL04/SC;UOP02-DEL04-SC
751983;13/02/2026;sexta-feira;08:40:00;ES;101;94;JAGUARE;Desrespeitar a preferência no cruzamento;Colisão transversal;Com Vítimas Feridas;Pleno dia;Crescente;Sol;Simples;Interseção de Vias;Sim;5;0;2;0;2;3;0;2;-18,93305448;-39,97305393;SPRF-ES;DEL04-ES;UOP02-DEL04-ES
751984;13/02/2026;sexta-feira;07:15:00;RN;110;23,7;MOSSORO;Acessar a via sem observar a presença dos outros veículos;Colisão transversal;Com Vítimas Feridas;Pleno dia;Crescente;Céu Claro;Simples;Reta;Sim;2;0;1;0;1;1;0;2;-5,075675;-37,175003;SPRF-RN;DEL04-RN;UOP01-DEL04-RN
751985;13/02/2026;sexta-feira;09:11:00;MS;60;426;SIDROLANDIA;Acessar a via sem observar a presença dos outros veículos;Colisão lateral mesmo sentido;Com Vítimas Feridas;Pleno dia;Crescente;Nublado;Dupla;"Reta;Interseção de Vias";Não;2;0;1;0;1;1;0;2;-20,930488;-54,957877;SPRF-MS;DEL01/MS;UOP04-DEL01-MS
751989;13/02/2026;sexta-feira;09:45:00;RJ;116;181;NOVA IGUACU;Condutor deixou de manter distância do veículo da frente;Colisão traseira;Com Vítimas Feridas;Pleno dia;Crescente;Céu Claro;Múltipla;Reta;Não;2;0;0;1;1;1;0;2;-22,7616535;-43,42249481;SPRF-RJ;DEL06/RJ;UOP01-DEL06-RJ
751991;13/02/2026;sexta-feira;09:50:00;RS;285;567,2;SAO LUIZ GONZAGA;Desrespeitar a preferência no cruzamento;Colisão transversal;Com Vítimas Feridas;Pleno dia;Decrescente;Céu Claro;Simples;Reta;Sim;2;0;0;1;1;1;0;2;-28,419369;-54,950404;SPRF-RS;DEL12/RS;UOP01-DEL12-RS
751994;13/02/2026;sexta-feira;10:17:00;PB;230;4,3;CABEDELO;Acessar a via sem observar a presença dos outros veículos;Colisão transversal;Com Vítimas Feridas;Pleno dia;Crescente;Garoa/Chuvisco;Dupla;Reta;Sim;2;0;1;0;1;1;0;2;-7,0057997;-34,8300063;SPRF-PB;DEL01-PB;UOP01-DEL01-PB
751995;13/02/2026;sexta-feira;10:30:00;SP;381;52;ATIBAIA;Reação tardia ou ineficiente do condutor;Colisão traseira;Com Vítimas Feridas;Pleno dia;Decrescente;Céu Claro;Dupla;"Declive;Curva";Não;2;0;1;0;1;1;0;2;-23,216919;-46,5937902;SPRF-SP;DEL03/SP;UOP01-DEL03-SP
751996;13/02/2026;sexta-feira;08:00:00;SC;158;101,5;CUNHA PORA;Reação tardia ou ineficiente do condutor;Atropelamento de Animal;Com Vítimas Feridas;Pleno dia;Crescente;Céu Claro;Simples;Curva;Não;1;0;0;1;1;0;0;1;-26,83020689;-53,179962;SPRF-SC;DEL07/SC;UOP02-DEL07-SC
751997;13/02/2026;sexta-feira;10:20:00;MG;40;549;NOVA LIMA;Ausência de reação do condutor;Tombamento;Com Vítimas Feridas;Pleno dia;Decrescente;Nublado;Dupla;"Curva;Aclive";Não;1;0;1;0;1;0;0;1;-20,04905777;-43,96418667;SPRF-MG;DEL01/MG;UOP02-DEL01-MG
751998;12/02/2026;quinta-feira;11:30:00;PE;101;70;RECIFE;Acessar a via sem observar a presença dos outros veículos;Atropelamento de Pedestre;Com Vítimas Feridas;Pleno dia;Crescente;Nublado;Múltipla;Reta;Sim;2;0;0;1;1;1;0;2;-8,07163;-34,942667;SPRF-PE;DEL01/PE;UOP01-DEL01-PE
751999;13/02/2026;sexta-feira;05:40:00;BA;101;646,3;BELMONTE;Velocidade Incompatível;Colisão frontal;Com Vítimas Fatais;Amanhecer;Decrescente;Nublado;Simples;Reta;Não;5;3;1;1;2;0;0;2;-15,840933;-39,526184;SPRF-BA;DEL05/BA;UOP02-DEL05-BA
752000;13/02/2026;sexta-feira;09:45:00;MS;163;499,8;CAMPO GRANDE;Chuva;Colisão com objeto;Com Vítimas Feridas;Pleno dia;Decrescente;Chuva;Simples;Curva;Não;2;0;2;0;2;0;0;1;-20,325179;-54,518163;SPRF-MS;DEL01/MS;UOP02-DEL01-MS
752004;13/02/2026;sexta-feira;11:10:00;GO;153;575;PROFESSOR JAMIL;Ausência de reação do condutor;Queda de ocupante de veículo;Com Vítimas Feridas;Pleno dia;Crescente;Céu Claro;Dupla;Curva;Não;2;0;2;0;2;0;0;1;-17,30811;-49,23699;SPRF-GO;DEL03/GO;UOP01-DEL03-GO
752005;13/02/2026;sexta-feira;11:00:00;PI;316;7,7;TERESINA;Estacionar ou parar em local proibido;Colisão traseira;Com Vítimas Feridas;Pleno dia;Crescente;Céu Claro;Múltipla;Declive;Sim;2;0;1;0;1;1;0;2;-5,167787;-42,768278;SPRF-PI;DEL01-PI;UOP02-DEL01-PI
752007;13/02/2026;sexta-feira;11:29:00;SP;116;322;JUQUITIBA;Reação tardia ou ineficiente do condutor;Saída de leito carroçável;Com Vítimas Feridas;Pleno dia;Decrescente;Céu Claro;Dupla;Reta;Sim;1;0;0;1;1;0;0;1;-23,934952;-47,031675;SPRF-SP;DEL04/SP;UOP03-DEL04-SP
752009;13/02/2026;sexta-feira;11:45:00;PE;232;6,5;RECIFE;Ausência de reação do condutor;Colisão traseira;Com Vítimas Feridas;Pleno dia;Decrescente;Chuva;Dupla;Reta;Sim;3;0;1;0;1;2;0;2;-8,07213;-34,957413;SPRF-PE;DEL01/PE;UOP01-DEL01-PE
752010;13/02/2026;sexta-feira;11:30:00;BA;324;540;AMELIA RODRIGUES;Entrada inopinada do pedestre;Atropelamento de Pedestre;Com Vítimas Feridas;Pleno dia;Crescente;Céu Claro;Dupla;Declive;Não;2;0;0;1;1;0;0;2;-12,3946196;-38,7729718;SPRF-BA;DEL11/BA;UOP02-DEL11-BA
752012;13/02/2026;sexta-feira;12:35:00;CE;222;310;TIANGUA;Ingestão de álcool pelo condutor;Colisão transversal;Com Vítimas Feridas;Pleno dia;Decrescente;Nublado;Múltipla;Interseção de Vias;Sim;4;0;0;1;1;2;0;4;-3,70300331;-40,97598759;SPRF-CE;DEL04/CE;UOP02-DEL04-CE
752013;13/02/2026;sexta-feira;12:45:00;RJ;116;182;NOVA IGUACU;Ausência de reação do condutor;Colisão frontal;Sem Vítimas;Pleno dia;Crescente;Céu Claro;Simples;"Reta;Em Obras";Sim;3;0;0;0;0;2;0;2;-22,75391673;-43,43497245;SPRF-RJ;DEL06/RJ;UOP01-DEL06-RJ
752014;13/02/2026;sexta-feira;07:20:00;RS;293;251;DOM PEDRITO;Acessar a via sem observar a presença dos outros veículos;Colisão transversal;Com Vítimas Feridas;Pleno dia;Crescente;Céu Claro;Simples;"Reta;Interseção de Vias";Sim;2;0;0;1;1;1;0;2;-30,96764658;-54,66262506;SPRF-RS;DEL11/RS;UOP01-DEL11-RS