id;data_inversa;dia_semana;horario;uf;br;km;municipio;causa_acidente;tipo_acidente;classificacao_acidente;fase_dia;sentido_via;condicao_metereologica;tipo_pista;tracado_via;uso_solo;pessoas;mortos;feridos_leves;feridos_graves;feridos;ilesos;ignorados;veiculos;latitude;longitude;regional;delegacia;uop
752249;13/02/2026;sexta-feira;17:15:00;RJ;116;310;RESENDE;Ausência de reação do condutor;Colisão lateral mesmo sentido;Com Vítimas Feridas;Pleno dia;Crescente;Céu Claro;Simples;Interseção de Vias;Sim;2;0;1;0;1;1;0;2;-22,45927;-44,439014;SPRF-RJ;DEL07/RJ;UOP02-DEL07-RJ
752250;14/02/2026;sábado;08:21:00;RS;116;240;NOVO HAMBURGO;Ingestão de álcool pelo condutor;Colisão lateral mesmo sentido;Sem Vítimas;Pleno dia;Decrescente;Nublado;Múltipla;Reta;Sim;3;0;0;0;0;3;0;2;-29,71017732;-51,1470637;SPRF-RS;DEL01/RS;UOP02-DEL01-RS
752251;14/02/2026;sábado;07:00:00;SC;101;448;SANTA ROSA DO SUL;Avarias e/ou desgaste excessivo no pneu;Tombamento;Com Vítimas Feridas;Pleno dia;Crescente;Chuva;Dupla;Reta;Não;2;0;2;0;2;0;0;1;-29,162989;-49,7410401;SPRF-SC;DEL02/SC;UOP02-DEL02-SC
752253;06/02/2026;sexta-feira;22:20:00;PR;373;225,8;IMBITUVA;Manobra de mudança de faixa;Colisão frontal;Com Vítimas Feridas;Plena Noite;Crescente;Nublado;Simples;"Reta;Aclive";Não;2;0;0;1;1;1;0;2;-25,1727;-50,6305832;SPRF-PR;DEL03/PR;UOP01-DEL03-PR
752254;14/02/2026;sábado;08:00:00;PR;369;353;CAMPO MOURAO;Transitar na contramão;Colisão frontal;Com Vítimas Fatais;Pleno dia;Crescente;Céu Claro;Simples;Curva;Não;3;1;2;0;2;0;0;2;-24,14222;-52,45501;SPRF-PR;DEL09/PR;UOP03-DEL09-PR
752255;14/02/2026;sábado;09:00:00;MG;381;486;BETIM;Ausência de reação do condutor;Colisão traseira;Com Vítimas Feridas;Pleno dia;Crescente;Céu Claro;Dupla;"Aclive;Reta";Sim;2;0;1;0;1;1;0;2;-19,99637382;-44,20881706;SPRF-MG;DEL01/MG;UOP03-DEL01-MG
752257;14/02/2026;sábado;05:12:00;MT;163;1068;GUARANTA DO NORTE;Reação tardia ou ineficiente do condutor;Colisão lateral sentido oposto;Sem Vítimas;Amanhecer;Crescente;Nublado;Simples;Reta;Não;4;0;0;0;0;4;0;2;-9,927478;-54,904889;SPRF-MT;DEL06/MT;UOP03-DEL06-MT
752259;14/02/2026;sábado;06:45:00;MT;364;360;SANTO ANTONIO DO LEVERGER;Demais falhas na via;Queda de ocupante de veículo;Com Vítimas Feridas;Pleno dia;Decrescente;Céu Claro;Dupla;Reta;Não;2;0;0;2;2;0;0;2;-15,755733;-55,658478;SPRF-MT;DEL01/MT;UOP02-DEL01-MT
752260;14/02/2026;sábado;06:42:00;RJ;493;1;ITABORAI;Ausência de reação do condutor;Colisão traseira;Com Vítimas Feridas;Pleno dia;Crescente;Sol;Dupla;Reta;Sim;2;0;1;0;1;1;0;2;-22,74271104;-42,8954081;SPRF-RJ;DEL02/RJ;UOP02-DEL02-RJ
752261;14/02/2026;sábado;05:20:00;PR;277;446,9;LARANJEIRAS DO SUL;Condutor Dormindo;Saída de leito carroçável;Com Vítimas Feridas;Plena Noite;Crescente;Ignorado;Simples;"Reta;Aclive";Não;2;0;1;0;1;1;0;1;-25,37134;-52,31226;SPRF-PR;DEL04/PR;UOP02-DEL04-PR
752262;14/02/2026;sábado;09:00:00;GO;50;282,8;CATALAO;Velocidade Incompatível;Colisão com objeto;Sem Vítimas;Pleno dia;Crescente;Céu Claro;Múltipla;"Curva;Viaduto";Não;1;0;0;0;0;1;0;1;-18,19532696;-47,95626489;SPRF-GO;DEL06/GO;UOP01-DEL06-GO
752263;14/02/2026;sábado;09:10:00;SP;153;61,8;SAO JOSE DO RIO PRETO;Pedestre andava na pista;Atropelamento de Pedestre;Com Vítimas Feridas;Pleno dia;Decrescente;Céu Claro;Dupla;"Reta;Declive";Sim;2;0;0;1;1;1;0;2;-20,81017392;-49,35644958;SPRF-SP;DEL09/SP;UOP01-DEL09-SP
752264;14/02/2026;sábado;08:50:00;ES;101;282,5;CARIACICA;Acesso irregular;Colisão transversal;Com Vítimas Feridas;Pleno dia;Crescente;Céu Claro;Simples;"Curva;Aclive;Interseção de Vias";Não;2;0;1;0;1;1;0;2;-20,22996386;-40,36751041;SPRF-ES;DEL01-ES;UOP01-DEL01-ES
752265;27/01/2026;terça-feira;21:20:00;BA;324;518;FEIRA DE SANTANA;Manobra de mudança de faixa;Colisão transversal;Com Vítimas Feridas;Plena Noite;Decrescente;Céu Claro;Dupla;Reta;Sim;2;0;1;0;1;1;0;2;-12,26567555;-38,93292401;SPRF-BA;DEL02/BA;UOP01-DEL02-BA
752266;14/02/2026;sábado;09:40:00;MG;40;455,9;CAETANOPOLIS;Entrada inopinada do pedestre;Atropelamento de Pedestre;Com Vítimas Feridas;Pleno dia;Decrescente;Céu Claro;Dupla;Reta;Sim;6;0;0;1;1;4;0;3;-19,362417;-44,340345;SPRF-MG;DEL02/MG;UOP01-DEL02-MG
752267;14/02/2026;sábado;09:00:00;PR;376;10;MARINGA;Manobra de mudança de faixa;Colisão lateral mesmo sentido;Sem Vítimas;Pleno dia;Decrescente;Céu Claro;Dupla;Reta;Não;6;0;0;0;0;5;0;3;-23,37764;-51,91702;SPRF-PR;DEL09/PR;UOP01-DEL09-PR
752268;14/02/2026;sábado;10:00:00;SC;101;196;BIGUACU;Demais falhas mecânicas ou elétricas;Incêndio;Sem Vítimas;Pleno dia;Decrescente;Nublado;Múltipla;Reta;Sim;2;0;0;0;0;2;0;1;-27,51095;-48,64302;SPRF-SC;DEL01/SC;UOP01-DEL01-SC
752269;14/02/2026;sábado;09:11:00;GO;60;232,7;CEZARINA;Desrespeitar a preferência no cruzamento;Colisão traseira;Com Vítimas Fatais;Pleno dia;Decrescente;Sol;Dupla;"Reta;Retorno Regulamentado;Aclive";Não;6;2;1;0;1;2;0;3;-17,07647;-49,822473;SPRF-GO;DEL01/GO;UOP02-DEL01-GO
752270;14/02/2026;sábado;05:10:00;PR;277;472;LARANJEIRAS DO SUL;Mal súbito do condutor;Colisão frontal;Com Vítimas Feridas;Amanhecer;Crescente;Garoa/Chuvisco;Simples;Reta;Não;4;0;1;0;1;3;0;2;-25,35081984;-52,4876691;SPRF-PR;DEL04/PR;UOP02-DEL04-PR
752271;14/02/2026;sábado;10:00:00;RS;116;262;CANOAS;Ausência de reação do condutor;Queda de ocupante de veículo;Com Vítimas Feridas;Pleno dia;Crescente;Nublado;Dupla;Reta;Sim;2;0;2;0;2;0;0;1;-29,8977069;-51,1754512;SPRF-RS;DEL01/RS;UOP01-DEL01-RS
752272;14/02/2026;sábado;08:00:00;RJ;101;330;RIO DE JANEIRO;Condutor deixou de manter distância do veículo da frente;Colisão traseira;Sem Vítimas;Pleno dia;Decrescente;Céu Claro;Dupla;Ponte;Sim;3;0;0;0;0;3;0;3;-22,86967566;-43,18434834;SPRF-RJ;DEL02/RJ;UOP01-DEL02-RJ
752274;14/02/2026;sábado;06:30:00;BA;349;895;CORRENTINA;Problema com o freio;Colisão com objeto;Com Vítimas Feridas;Pleno dia;Decrescente;Céu Claro;Simples;Rotatória;Não;8;0;7;1;8;0;0;1;-13,3994;-44,3371;SPRF-BA;DEL10/BA;UOP02-DEL10-BA
752275;14/02/2026;sábado;10:15:00;PB;230;21;JOAO PESSOA;Frear bruscamente;Engavetamento;Com Vítimas Feridas;Pleno dia;Crescente;Nublado;Dupla;Reta;Sim;7;0;2;0;2;5;0;4;-7,1454656;-34,85111587;SPRF-PB;DEL01-PB;UOP01-DEL01-PB
752276;14/02/2026;sábado;09:50:00;RJ;116;79;TERESOPOLIS;Ausência de reação do condutor;Colisão traseira;Sem Vítimas;Pleno dia;Crescente;Céu Claro;Simples;Reta;Sim;2;0;0;0;0;2;0;2;-22,380328;-42,9535;SPRF-RJ;DEL04/RJ;UOP01-DEL04-RJ
752277;14/02/2026;sábado;10:25:00;SC;101;195,5;BIGUACU;Manobra de mudança de faixa;Colisão lateral mesmo sentido;Com Vítimas Feridas;Pleno dia;Crescente;Nublado;Dupla;Reta;Sim;2;0;1;0;1;1;0;2;-27,50807;-48,64648;SPRF-SC;DEL01/SC;UOP01-DEL01-SC
752278;14/02/2026;sábado;10:00:00;PR;277;576;CASCAVEL;Desrespeitar a preferência no cruzamento;Colisão transversal;Com Vítimas Feridas;Pleno dia;Crescente;Céu Claro;Simples;"Rotatória;Reta";Sim;6;0;4;0;4;2;0;2;-24,99399755;-53,30738286;SPRF-PR;DEL04/PR;UOP01-DEL04-PR
752279;14/02/2026;sábado;10:40:00;SC;101;222;PALHOCA;Condutor deixou de manter distância do veículo da frente;Colisão traseira;Com Vítimas Feridas;Pleno dia;Crescente;Céu Claro;Dupla;Reta;Não;5;0;1;0;1;4;0;2;-27,71379735;-48,64987342;SPRF-SC;DEL01/SC;UOP02-DEL01-SC
752281;11/02/2026;quarta-feira;08:28:00;RJ;40;105;DUQUE DE CAXIAS;Demais falhas mecânicas ou elétricas;Queda de ocupante de veículo;Com Vítimas Feridas;Pleno dia;Crescente;Céu Claro;Dupla;Reta;Não;2;0;1;0;1;1;0;1;-22,63444033;-43,28741247;SPRF-RJ;DEL01/RJ;UOP02-DEL01-RJ
752282;14/02/2026;sábado;11:00:00;PR;376;244;APUCARANA;Manobra de mudança de faixa;Colisão lateral mesmo sentido;Com Vítimas Feridas;Pleno dia;Crescente;Céu Claro;Dupla;Reta;Não;2;0;1;0;1;1;0;2;-23,58377;-51,415935;SPRF-PR;DEL07/PR;UOP03-DEL07-PR
752285;14/02/2026;sábado;10:00:00;RO;364;235;CACOAL;Desrespeitar a preferência no cruzamento;Colisão transversal;Com Vítimas Feridas;Pleno dia;Crescente;Céu Claro;Simples;"Reta;Interseção de Vias";Sim;2;0;0;1;1;1;0;2;-11,447835;-61,433022;SPRF-RO;DEL02-RO;UOP02-DEL02-RO
752286;14/02/2026;sábado;09:00:00;PR;153;21;JACAREZINHO;Ausência de reação do condutor;Engavetamento;Com Vítimas Feridas;Pleno dia;Decrescente;Céu Claro;Simples;"Reta;Aclive";Não;9;0;1;0;1;8;0;3;-23,16947462;-49,96280944;SPRF-PR;DEL07/PR;UOP04-DEL07-PR
752287;14/02/2026;sábado;08:40:00;GO;153;702;ITUMBIARA;Condutor deixou de manter distância do veículo da frente;Colisão traseira;Com Vítimas Feridas;Pleno dia;Decrescente;Céu Claro;Dupla;Reta;Não;3;0;1;0;1;2;0;2;-18,407458;-49,198697;SPRF-GO;DEL03/GO;UOP02-DEL03-GO
752288;14/02/2026;sábado;10:20:00;SC;101;210,8;SAO JOSE;Reação tardia ou ineficiente do condutor;Atropelamento de Pedestre;Com Vítimas Feridas;Pleno dia;Decrescente;Nublado;Simples;Reta;Sim;2;0;1;1;2;0;0;2;-27,62229;-48,65088;SPRF-SC;DEL01/SC;UOP01-DEL01-SC
752289;14/02/2026;sábado;10:30:00;BA;101;153;CONCEICAO DO JACUIPE;Demais falhas mecânicas ou elétricas;Colisão com objeto;Com Vítimas Feridas;Pleno dia;Decrescente;Nublado;Dupla;"Declive;Reta";Não;2;0;1;1;2;0;0;1;-12,350611;-38,773842;SPRF-BA;DEL11/BA;UOP02-DEL11-BA
752291;14/02/2026;sábado;06:00:00;SC;280;100,6;SAO BENTO DO SUL;Reação tardia ou ineficiente do condutor;Colisão com objeto;Com Vítimas Feridas;Amanhecer;Crescente;Garoa/Chuvisco;Simples;"Curva;Declive";Não;2;0;1;0;1;1;0;1;-26,365031;-49,33851;SPRF-SC;DEL06/SC;UOP03-DEL06-SC
752292;14/02/2026;sábado;00:44:00;PI;235;436,4;SANTA FILOMENA;Ausência de reação do condutor;Atropelamento de Pedestre;Com Vítimas Fatais;Plena Noite;Crescente;Nublado;Simples;"Reta;Declive";Sim;4;1;1;2;3;0;0;2;-9,124125;-45,915235;SPRF-PI;DEL03-PI;UOP02-DEL03-PI
752293;14/02/2026;sábado;10:50:00;PR;277;62,3;SAO JOSE DOS PINHAIS;Reação tardia ou ineficiente do condutor;Colisão traseira;Sem Vítimas;Pleno dia;Decrescente;Nublado;Dupla;Reta;Não;12;0;0;0;0;11;0;4;-25,54407742;-49,05523181;SPRF-PR;DEL01/PR;UOP01-DEL01-PR
752295;14/02/2026;sábado;10:42:00;PB;230;75,9;SOBRADO;Acesso irregular;Colisão transversal;Com Vítimas Feridas;Pleno dia;Decrescente;Chuva;Dupla;Reta;Não;3;0;0;2;2;1;0;2;-7,18687675;-35,28800011;SPRF-PB;DEL01-PB;UOP02-DEL01-PB
752297;14/02/2026;sábado;10:07:00;MA;316;157;NOVA OLINDA DO MARANHAO;Pista esburacada;Capotamento;Com Vítimas Fatais;Pleno dia;Decrescente;Nublado;Simples;Reta;Não;4;2;1;1;2;0;0;1;-2,907988;-45,677018;SPRF-MA;DEL02-MA;UOP02-DEL02-MA
752298;14/02/2026;sábado;12:10:00;ES;101;239;FUNDAO;Acessar a via sem observar a presença dos outros veículos;Colisão traseira;Com Vítimas Feridas;Pleno dia;Decrescente;Céu Claro;Simples;Reta;Sim;3;0;1;0;1;2;0;3;-20,00994;-40,4069;SPRF-ES;DEL02-ES;UOP01-DEL02-ES
752299;14/02/2026;sábado;09:20:00;BA;242;371,4;LENCOIS;Acesso irregular;Colisão transversal;Com Vítimas Feridas;Pleno dia;Crescente;Céu Claro;Simples;"Reta;Declive";Não;5;0;0;1;1;4;0;2;-12,461351;-41,469637;SPRF-BA;DEL06/BA;UOP01-DEL06-BA
752302;14/02/2026;sábado;12:30:00;MG;40;513;RIBEIRAO DAS NEVES;Acostamento em desnível;Tombamento;Com Vítimas Feridas;Pleno dia;Decrescente;Céu Claro;Dupla;"Curva;Aclive";Sim;2;0;2;0;2;0;0;1;-19,7992065;-44,1050547;SPRF-MG;DEL01/MG;UOP02-DEL01-MG
752304;14/02/2026;sábado;11:30:00;RJ;101;441;MANGARATIBA;Acessar a via sem observar a presença dos outros veículos;Colisão transversal;Com Vítimas Feridas;Pleno dia;Crescente;Céu Claro;Simples;Curva;Sim;6;0;2;0;2;4;0;2;-22,97112;-44,08538;SPRF-RJ;DEL03/RJ;UOP02-DEL03-RJ
752305;14/02/2026;sábado;12:05:00;MG;381;424,8;SABARA;Velocidade Incompatível;Colisão lateral sentido oposto;Com Vítimas Feridas;Pleno dia;Decrescente;Céu Claro;Simples;Curva;Não;2;0;0;1;1;1;0;2;-19,78641607;-43,720994;SPRF-MG;DEL01/MG;UOP01-DEL01-MG
752306;14/02/2026;sábado;12:45:00;PE;101;72;RECIFE;Condutor deixou de manter distância do veículo da frente;Colisão traseira;Com Vítimas Feridas;Pleno dia;Crescente;Céu Claro;Dupla;Reta;Sim;4;0;1;1;2;2;0;4;-8,0856;-34,94576;SPRF-PE;DEL01/PE;UOP01-DEL01-PE
752310;14/02/2026;sábado;10:00:00;BA;116;462,8;SANTO ESTEVAO;Ausência de reação do condutor;Saída de leito carroçável;Sem Vítimas;Pleno dia;Crescente;Nublado;Dupla;Reta;Sim;3;0;0;0;0;3;0;1;-12,45302;-39,25583;SPRF-BA;DEL02/BA;UOP01-DEL02-BA
752311;14/02/2026;sábado;12:15:00;GO;60;357;RIO VERDE;Reação tardia ou ineficiente do condutor;Saída de leito carroçável;Com Vítimas Feridas;Plena Noite;Decrescente;Céu Claro;Dupla;"Reta;Aclive";Não;2;0;1;0;1;1;0;1;-17,65412319;-50,80434322;SPRF-GO;DEL04/GO;UOP02-DEL04-GO
752313;14/02/2026;sábado;13:20:00;MG;116;491,9;INHAPIM;Ultrapassagem Indevida;Colisão lateral mesmo sentido;Com Vítimas Fatais;Pleno dia;Decrescente;Céu Claro;Simples;Reta;Não;6;1;2;2;4;0;0;3;-19,50850558;-42,1279335;SPRF-MG;DEL06/MG;UOP02-DEL06-MG
752314;14/02/2026;sábado;12:00:00;MG;381;892,1;CAMBUI;Entrada inopinada do pedestre;Atropelamento de Pedestre;Com Vítimas Fatais;Pleno dia;Crescente;Céu Claro;Dupla;Aclive;Sim;2;1;0;0;0;1;0;2;-22,5576751;-46,0426134;SPRF-MG;DEL16/MG;UOP01-DEL16-MG
752315;14/02/2026;sábado;10:50:00;PR;369;191;ARAPONGAS;Acessar a via sem observar a presença dos outros veículos;Colisão transversal;Com Vítimas Feridas;Pleno dia;Crescente;Céu Claro;Dupla;Reta;Não;3;0;1;0;1;2;0;2;-23,453436;-51,423684;SPRF-PR;DEL07/PR;UOP03-DEL07-PR
752316;14/02/2026;sábado;13:30:00;SC;101;23,1;BIGUACU;Ausência de reação do condutor;Saída de leito carroçável;Com Vítimas Feridas;Pleno dia;Decrescente;Céu Claro;Dupla;Curva;Não;4;0;3;0;3;1;0;1;-27,52353026;-48,7090753;SPRF-SC;DEL01/SC;UOP02-DEL01-SC
752318;14/02/2026;sábado;12:00:00;MG;116;63,3;MEDINA;Demais falhas mecânicas ou elétricas;Incêndio;Sem Vítimas;Pleno dia;Crescente;Céu Claro;Simples;"Aclive;Reta";Não;1;0;0;0;0;1;0;1;-16,161542;-41,43351;SPRF-MG;DEL11/MG;UOP02-DEL11-MG
752319;14/02/2026;sábado;09:30:00;SC;282;395,1;JOACABA;Demais falhas mecânicas ou elétricas;Saída de leito carroçável;Com Vítimas Feridas;Pleno dia;Decrescente;Chuva;Simples;"Declive;Curva";Não;1;0;1;0;1;0;0;1;-27,158738;-51,586513;SPRF-SC;DEL07/SC;UOP05-DEL07-SC
752320;14/02/2026;sábado;14:00:00;PA;155;338;MARABA;Ultrapassagem Indevida;Colisão transversal;Com Vítimas Feridas;Pleno dia;Crescente;Nublado;Simples;Aclive;Sim;2;0;0;1;1;1;0;2;-5,41863273;-49,07631339;SPRF-PA;DEL03/PA;UOP01-DEL03-PA
752321;14/02/2026;sábado;13:00:00;DF;20;19;BRASILIA;Acessar a via sem observar a presença dos outros veículos;Colisão lateral mesmo sentido;Com Vítimas Feridas;Pleno dia;Crescente;Céu Claro;Dupla;Reta;Sim;2;0;1;0;1;1;0;2;-15,610023;-47,696567;SPRF-DF;DEL02-DF;UOP01-DEL02-DF
752322;14/02/2026;sábado;10:40:00;SC;282;376;HERVAL DOESTE;Chuva;Saída de leito carroçável;Com Vítimas Feridas;Pleno dia;Crescente;Chuva;Simples;Curva;Não;1;0;1;0;1;0;0;1;-27,2205747;-51,46086216;SPRF-SC;DEL07/SC;UOP05-DEL07-SC
752324;14/02/2026;sábado;10:00:00;RS;468;107,5;TRES PASSOS;Acessar a via sem observar a presença dos outros veículos;Colisão transversal;Com Vítimas Feridas;Pleno dia;Decrescente;Céu Claro;Simples;"Interseção de Vias;Reta";Não;2;0;1;0;1;1;0;2;-27,42018057;-53,97886483;SPRF-RS;DEL08/RS;UOP02-DEL08-RS
752325;14/02/2026;sábado;09:27:00;SC;280;127,4;RIO NEGRINHO;Conversão proibida;Colisão lateral mesmo sentido;Com Vítimas Feridas;Pleno dia;Decrescente;Nublado;Simples;"Reta;Aclive";Sim;3;0;1;0;1;2;0;2;-26,240553;-49,50896;SPRF-SC;DEL06/SC;UOP03-DEL06-SC
752326;14/02/2026;sábado;14:43:00;PE;232;128,6;CARUARU;Manobra de mudança de faixa;Colisão transversal;Com Vítimas Feridas;Pleno dia;Decrescente;Céu Claro;Dupla;"Reta;Interseção de Vias";Sim;3;0;0;2;2;0;0;2;-8,30137;-35,98427;SPRF-PE;DEL02/PE;UOP03-DEL02-PE
752327;14/02/2026;sábado;14:50:00;GO;153;506;APARECIDA DE GOIANIA;Reação tardia ou ineficiente do condutor;Colisão traseira;Com Vítimas Feridas;Pleno dia;Crescente;Céu Claro;Múltipla;"Declive;Reta";Sim;3;0;2;1;3;0;0;2;-16,756223;-49,241009;SPRF-GO;DEL01/GO;UOP01-DEL01-GO
752328;14/02/2026;sábado;09:30:00;RJ;101;317;SAO GONCALO;Entrada inopinada do pedestre;Atropelamento de Pedestre;Com Vítimas Fatais;Pleno dia;Decrescente;Céu Claro;Dupla;Reta;Sim;3;1;1;0;1;1;0;2;-22,83476159;-43,0945353;SPRF-RJ;DEL02/RJ;UOP02-DEL02-RJ
752329;14/02/2026;sábado;14:20:00;CE;116;16;EUSEBIO;Manobra de mudança de faixa;Capotamento;Com Vítimas Feridas;Pleno dia;Crescente;Céu Claro;Múltipla;Reta;Sim;2;0;2;0;2;0;0;1;-3,90986402;-38,50609001;SPRF-CE;DEL01/CE;UOP02-DEL01-CE
752333;14/02/2026;sábado;14:50:00;SP;153;57,5;SAO JOSE DO RIO PRETO;Ausência de reação do condutor;Saída de leito carroçável;Com Vítimas Feridas;Pleno dia;Decrescente;Céu Claro;Dupla;Reta;Sim;3;0;2;0;2;1;0;1;-20,77439654;-49,35148213;SPRF-SP;DEL09/SP;UOP01-DEL09-SP
752335;14/02/2026;sábado;14:20:00;PE;407;129;PETROLINA;Ausência de reação do condutor;Colisão traseira;Com Vítimas Feridas;Pleno dia;Decrescente;Céu Claro;Dupla;"Declive;Ponte";Sim;4;0;2;0;2;2;0;2;-9,4060239;-40,5043895;SPRF-PE;DEL06/PE;UOP01-DEL06-PE
752336;21/01/2026;quarta-feira;08:10:00;SC;101;116;ITAJAI;Acessar a via sem observar a presença dos outros veículos;Colisão transversal;Com Vítimas Feridas;Pleno dia;Crescente;Céu Claro;Dupla;Reta;Sim;1;0;1;0;1;0;0;1;-26,8797728;-48,7264588;SPRF-SC;DEL04/SC;UOP04-DEL04-SC
752337;14/02/2026;sábado;13:18:00;MS;262;642,9;MIRANDA;Ausência de reação do condutor;Colisão com objeto;Com Vítimas Feridas;Pleno dia;Crescente;Céu Claro;Simples;Reta;Não;3;0;2;1;3;0;0;1;-19,776598;-56,954612;SPRF-MS;DEL03/MS;UOP02-DEL03-MS
752338;14/02/2026;sábado;15:00:00;SC;280;34;ARAQUARI;Ausência de reação do condutor;Queda de ocupante de veículo;Com Vítimas Feridas;Pleno dia;Crescente;Nublado;Simples;Reta;Não;1;0;0;1;1;0;0;1;-26,431568;-48,799693;SPRF-SC;DEL03/SC;UOP03-DEL03-SC
752341;14/02/2026;sábado;13:15:00;CE;20;358,9;CARIDADE;Reação tardia ou ineficiente do condutor;Colisão com objeto;Com Vítimas Feridas;Pleno dia;Decrescente;Nublado;Simples;"Curva;Declive";Não;2;0;2;0;2;0;0;1;-4,03097;-38,991484;SPRF-CE;DEL02/CE;UOP01-DEL02-CE
752342;14/02/2026;sábado;15:00:00;MG;381;434;SABARA;Ausência de reação do condutor;Colisão frontal;Com Vítimas Feridas;Pleno dia;Crescente;Céu Claro;Simples;Curva;Sim;2;0;1;0;1;1;0;2;-19,8102;-43,76652;SPRF-MG;DEL01/MG;UOP01-DEL01-MG
752343;14/02/2026;sábado;14:30:00;PR;277;333;GUARAPUAVA;Reação tardia ou ineficiente do condutor;Colisão lateral sentido oposto;Com Vítimas Feridas;Pleno dia;Decrescente;Chuva;Simples;Curva;Não;3;0;1;0;1;2;0;3;-25,3654167;-51,3489596;SPRF-PR;DEL08/PR;UOP01-DEL08-PR
752344;14/02/2026;sábado;13:55:00;MG;116;622,8;ORIZANIA;Acessar a via sem observar a presença dos outros veículos;Colisão transversal;Com Vítimas Fatais;Pleno dia;Crescente;Céu Claro;Simples;Reta;Não;4;1;0;2;2;1;0;3;-20,530806;-42,201749;SPRF-MG;DEL07/MG;UOP02-DEL07-MG
752345;14/02/2026;sábado;13:30:00;PE;407;87;PETROLINA;Ausência de reação do condutor;Saída de leito carroçável;Com Vítimas Fatais;Pleno dia;Decrescente;Céu Claro;Simples;Reta;Não;1;1;0;0;0;0;0;1;-9,0715;-40,6659;SPRF-PE;DEL06/PE;UOP02-DEL06-PE
752347;14/02/2026;sábado;15:15:00;DF;70;1;BRASILIA;Condutor Dormindo;Colisão com objeto;Com Vítimas Feridas;Pleno dia;Crescente;Nublado;Dupla;Reta;Sim;1;0;0;1;1;0;0;1;-15,794898;-48,0635;SPRF-DF;DEL03-DF;UOP02-DEL03-DF
752348;14/02/2026;sábado;15:30:00;SC;101;134;BALNEARIO CAMBORIU;Condutor deixou de manter distância do veículo da frente;Colisão lateral mesmo sentido;Com Vítimas Feridas;Pleno dia;Decrescente;Nublado;Dupla;Reta;Sim;2;0;1;0;1;1;0;2;-27,00031838;-48,64191882;SPRF-SC;DEL04/SC;UOP03-DEL04-SC
752349;14/02/2026;sábado;16:00:00;MG;381;948;EXTREMA;Condutor deixou de manter distância do veículo da frente;Colisão traseira;Com Vítimas Feridas;Pleno dia;Decrescente;Céu Claro;Dupla;Retorno Regulamentado;Sim;2;0;1;0;1;0;0;2;-22,8713598;-46,35980129;SPRF-MG;DEL16/MG;UOP03-DEL16-MG
752350;14/02/2026;sábado;10:15:00;SC;280;81,6;CORUPA;Acessar a via sem observar a presença dos outros veículos;Colisão transversal;Com Vítimas Feridas;Pleno dia;Decrescente;Nublado;Simples;"Reta;Aclive;Interseção de Vias";Sim;3;0;1;0;1;2;0;3;-26,4375111;-49,23706412;SPRF-SC;DEL06/SC;UOP03-DEL06-SC
752351;14/02/2026;sábado;15:20:00;BA;324;530;FEIRA DE SANTANA;Pista Escorregadia;Capotamento;Com Vítimas Feridas;Pleno dia;Decrescente;Chuva;Dupla;"Curva;Declive";Sim;4;0;1;0;1;3;0;1;-12,3366579;-38,85051034;SPRF-BA;DEL11/BA;UOP02-DEL11-BA
752352;14/02/2026;sábado;16:19:00;RN;304;279,8;MACAIBA;Pedestre andava na pista;Atropelamento de Pedestre;Com Vítimas Feridas;Pleno dia;Crescente;Nublado;Dupla;Reta;Não;2;0;1;0;1;1;0;2;-5,888952;-35,492523;SPRF-RN;DEL01-RN;UOP02-DEL01-RN
752353;07/02/2026;sábado;19:30:00;MG;365;36;CLARO DOS POCOES;Demais falhas mecânicas ou elétricas;Incêndio;Sem Vítimas;Plena Noite;Crescente;Nublado;Simples;"Aclive;Reta";Não;1;0;0;0;0;1;0;1;-16,85996101;-44,12340338;SPRF-MG;DEL12/MG;UOP01-DEL12-MG
752354;14/02/2026;sábado;14:15:00;MS;163;78,2;ITAQUIRAI;Ingestão de álcool pelo condutor;Colisão traseira;Sem Vítimas;Pleno dia;Crescente;Céu Claro;Dupla;Reta;Sim;3;0;0;0;0;3;0;2;-23,47317;-54,188398;SPRF-MS;DEL09/MS;UOP01-DEL09-MS
752355;14/02/2026;sábado;14:00:00;GO;60;130;GOIANIA;Ingestão de álcool pelo condutor;Colisão com objeto;Sem Vítimas;Pleno dia;Decrescente;Céu Claro;Dupla;Reta;Sim;1;0;0;0;0;1;0;1;-16,63798986;-49,20560785;SPRF-GO;DEL01/GO;UOP01-DEL01-GO
752356;14/02/2026;sábado;14:48:00;MG;381;530;RIO MANSO;Reação tardia ou ineficiente do condutor;Capotamento;Com Vítimas Feridas;Pleno dia;Crescente;Céu Claro;Dupla;"Curva;Aclive";Não;3;0;2;0;2;1;0;1;-20,162242;-44,348083;SPRF-MG;DEL04/MG;UOP03-DEL04-MG
752357;14/02/2026;sábado;16:00:00;PR;116;145,4;MANDIRITUBA;Ausência de reação do condutor;Saída de leito carroçável;Com Vítimas Fatais;Pleno dia;Decrescente;Chuva;Simples;"Curva;Declive";Não;1;1;0;0;0;0;0;1;-25,8104;-49,326714;SPRF-PR;DEL01/PR;UOP03-DEL01-PR
752360;14/02/2026;sábado;15:20:00;RS;470;218;BENTO GONCALVES;Reação tardia ou ineficiente do condutor;Colisão frontal;Com Vítimas Feridas;Pleno dia;Decrescente;Garoa/Chuvisco;Simples;"Curva;Aclive";Não;3;0;2;0;2;1;0;2;-29,18717109;-51,52039134;SPRF-RS;DEL06/RS;UOP01-DEL06-RS