id;data_inversa;dia_semana;horario;uf;br;km;municipio;causa_acidente;tipo_acidente;classificacao_acidente;fase_dia;sentido_via;condicao_metereologica;tipo_pista;tracado_via;uso_solo;pessoas;mortos;feridos_leves;feridos_graves;feridos;ilesos;ignorados;veiculos;latitude;longitude;regional;delegacia;uop
752467;15/02/2026;domingo;03:30:00;PR;373;282;PRUDENTOPOLIS;Ingestão de álcool pelo condutor;Queda de ocupante de veículo;Com Vítimas Feridas;Plena Noite;Decrescente;Céu Claro;Simples;Reta;Não;1;0;1;0;1;0;0;1;-25,29085944;-51,1276531;SPRF-PR;DEL08/PR;UOP01-DEL08-PR
752468;15/02/2026;domingo;02:25:00;PR;277;595;CASCAVEL;Ausência de reação do condutor;Saída de leito carroçável;Sem Vítimas;Plena Noite;Decrescente;Céu Claro;Simples;Reta;Sim;1;0;0;0;0;0;1;1;-24,9806;-53,48453;SPRF-PR;DEL04/PR;UOP01-DEL04-PR
752470;15/02/2026;domingo;04:26:00;RS;116;241;NOVO HAMBURGO;Ingestão de álcool pelo condutor;Colisão com objeto;Sem Vítimas;Plena Noite;Crescente;Nublado;Dupla;"Aclive;Curva;Viaduto";Sim;2;0;0;0;0;2;0;1;-29,71345726;-51,14886761;SPRF-RS;DEL01/RS;UOP02-DEL01-RS
752471;15/02/2026;domingo;04:00:00;GO;70;302;ITAPIRAPUA;Ingestão de álcool pelo condutor;Saída de leito carroçável;Com Vítimas Feridas;Plena Noite;Decrescente;Céu Claro;Simples;Reta;Não;1;0;1;0;1;0;0;1;-15,85055739;-50,73769402;SPRF-GO;DEL04/GO;UOP02-DEL04-GO
752472;15/02/2026;domingo;03:50:00;SC;101;202;SAO JOSE;Ausência de reação do condutor;Colisão traseira;Sem Vítimas;Plena Noite;Decrescente;Garoa/Chuvisco;Múltipla;Reta;Sim;2;0;0;0;0;1;0;2;-27,56180854;-48,61622779;SPRF-SC;DEL01/SC;UOP01-DEL01-SC
752475;15/02/2026;domingo;03:37:00;PR;116;103;SAO JOSE DOS PINHAIS;Animais na Pista;Atropelamento de Animal;Com Vítimas Fatais;Plena Noite;Decrescente;Nublado;Dupla;Reta;Sim;2;1;1;0;1;0;0;1;-25,57035;-49,18867;SPRF-PR;DEL01/PR;UOP08-DEL01-PR
752476;15/02/2026;domingo;02:20:00;SC;282;656,9;SAO MIGUEL DO OESTE;Velocidade Incompatível;Colisão com objeto;Com Vítimas Feridas;Plena Noite;Decrescente;Nublado;Simples;"Curva;Ponte;Declive";Não;1;0;0;1;1;0;0;1;-26,68784148;-53,54906917;SPRF-SC;DEL07/SC;UOP03-DEL07-SC
752477;15/02/2026;domingo;03:00:00;SC;101;294;IMBITUBA;Ausência de reação do condutor;Saída de leito carroçável;Com Vítimas Feridas;Plena Noite;Decrescente;Nublado;Simples;Interseção de Vias;Não;1;0;1;0;1;0;0;1;-28,316042;-48,72525;SPRF-SC;DEL02/SC;UOP03-DEL02-SC
752478;14/02/2026;sábado;05:00:00;PR;116;124;FAZENDA RIO GRANDE;Velocidade Incompatível;Saída de leito carroçável;Com Vítimas Feridas;Amanhecer;Crescente;Nublado;Dupla;Reta;Sim;2;0;1;0;1;0;0;1;-25,625227;-49,315239;SPRF-PR;DEL01/PR;UOP03-DEL01-PR
752480;15/02/2026;domingo;04:06:00;PR;373;386,8;IMBAU;Ausência de reação do condutor;Colisão com objeto;Sem Vítimas;Plena Noite;Crescente;Céu Claro;Dupla;Reta;Não;1;0;0;0;0;1;0;1;-24,48923;-50,73278;SPRF-PR;DEL08/PR;UOP01-DEL08-PR
752481;15/02/2026;domingo;04:45:00;MG;381;427;SABARA;Velocidade Incompatível;Tombamento;Com Vítimas Feridas;Plena Noite;Crescente;Céu Claro;Simples;"Curva;Declive";Não;1;0;1;0;1;0;0;1;-19,7865496;-43,71511208;SPRF-MG;DEL01/MG;UOP01-DEL01-MG
752482;15/02/2026;domingo;05:20:00;PR;277;608,4;SANTA TEREZA DO OESTE;Transitar na contramão;Colisão frontal;Com Vítimas Feridas;Amanhecer;Decrescente;Céu Claro;Simples;Reta;Sim;4;0;3;1;4;0;0;2;-25,034352;-53,59026;SPRF-PR;DEL05/PR;UOP02-DEL05-PR
752485;15/02/2026;domingo;01:30:00;PR;116;140;MANDIRITUBA;Ausência de reação do condutor;Colisão com objeto;Sem Vítimas;Plena Noite;Crescente;Nublado;Dupla;Reta;Sim;1;0;0;0;0;0;1;1;-25,76407;-49,321193;SPRF-PR;DEL01/PR;UOP03-DEL01-PR
752486;15/02/2026;domingo;04:00:00;PB;361;5;PATOS;Ausência de reação do condutor;Tombamento;Com Vítimas Fatais;Plena Noite;Decrescente;Céu Claro;Simples;Reta;Sim;1;1;0;0;0;0;0;1;-7,034268;-37,30176;SPRF-PB;DEL03-PB;UOP01-DEL03-PB
752488;14/02/2026;sábado;23:05:00;PR;369;200;APUCARANA;Reação tardia ou ineficiente do condutor;Colisão com objeto;Com Vítimas Feridas;Plena Noite;Crescente;Céu Claro;Simples;Reta;Não;1;0;0;1;1;0;0;1;-23,5384;-51,4572;SPRF-PR;DEL07/PR;UOP03-DEL07-PR
752490;14/02/2026;sábado;19:30:00;PI;135;503;MONTE ALEGRE DO PIAUI;Transitar no Acostamento;Atropelamento de Pedestre;Com Vítimas Feridas;Plena Noite;Decrescente;Nublado;Simples;Reta;Não;2;0;1;1;2;0;0;2;-9,746078;-45,294372;SPRF-PI;DEL03-PI;UOP02-DEL03-PI
752491;15/02/2026;domingo;06:30:00;RN;101;76,4;SAO GONCALO DO AMARANTE;Ausência de reação do condutor;Colisão traseira;Com Vítimas Feridas;Pleno dia;Crescente;Céu Claro;Dupla;"Curva;Aclive";Sim;2;0;1;0;1;1;0;2;-5,727513;-35,28755;SPRF-RN;DEL02-RN;UOP01-DEL02-RN
752493;15/02/2026;domingo;03:40:00;SC;101;372;ICARA;Condutor Dormindo;Colisão traseira;Com Vítimas Feridas;Plena Noite;Crescente;Chuva;Dupla;Reta;Não;4;0;4;0;4;0;0;2;-28,71403521;-49,22028288;SPRF-SC;DEL02/SC;UOP01-DEL02-SC
752494;15/02/2026;domingo;05:30:00;SC;101;62,5;ARAQUARI;Ingestão de álcool pelo condutor;Saída de leito carroçável;Sem Vítimas;Amanhecer;Crescente;Céu Claro;Dupla;"Curva;Aclive;Viaduto";Não;1;0;0;0;0;1;0;1;-26,45811108;-48,76173913;SPRF-SC;DEL03/SC;UOP02-DEL03-SC
752495;15/02/2026;domingo;05:00:00;PR;277;38,7;MORRETES;Velocidade Incompatível;Tombamento;Com Vítimas Feridas;Amanhecer;Decrescente;Nublado;Dupla;"Declive;Curva";Não;1;0;1;0;1;0;0;1;-25,57340282;-48,83207671;SPRF-PR;DEL01/PR;UOP05-DEL01-PR
752496;15/02/2026;domingo;05:15:00;RS;116;487,7;TURUCU;Transitar na contramão;Colisão frontal;Com Vítimas Feridas;Plena Noite;Decrescente;Céu Claro;Simples;"Em Obras;Curva";Não;7;0;3;2;5;2;0;2;-31,45014;-52,203847;SPRF-RS;DEL07/RS;UOP01-DEL07-RS
752497;15/02/2026;domingo;05:00:00;DF;80;2;BRASILIA;Ingestão de álcool pelo condutor;Colisão traseira;Sem Vítimas;Amanhecer;Decrescente;Céu Claro;Simples;Reta;Não;2;0;0;0;0;2;0;2;-15,7316984;-48,10109245;SPRF-DF;DEL03-DF;UOP02-DEL03-DF
752498;14/02/2026;sábado;17:10:00;BA;415;58;ITABUNA;Transitar na contramão;Saída de leito carroçável;Com Vítimas Feridas;Pleno dia;Crescente;Céu Claro;Simples;Curva;Não;3;0;2;0;2;1;0;2;-14,78602;-39,28061;SPRF-BA;DEL05/BA;UOP01-DEL05-BA
752499;15/02/2026;domingo;06:30:00;PR;153;470;PORTO VITORIA;Transitar na contramão;Colisão frontal;Com Vítimas Fatais;Pleno dia;Crescente;Garoa/Chuvisco;Simples;Reta;Não;5;1;0;3;3;0;0;3;-26,29071145;-51,20133019;SPRF-PR;DEL02/PR;UOP03-DEL02-PR
752500;15/02/2026;domingo;01:15:00;SC;282;460,6;PONTE SERRADA;Ausência de reação do condutor;Colisão com objeto;Com Vítimas Feridas;Plena Noite;Decrescente;Céu Claro;Simples;Rotatória;Sim;1;0;1;0;1;0;0;1;-26,873576;-52,018231;SPRF-SC;DEL07/SC;UOP04-DEL07-SC
752501;14/02/2026;sábado;22:20:00;PR;277;114;CAMPO LARGO;Reação tardia ou ineficiente do condutor;Tombamento;Com Vítimas Feridas;Plena Noite;Decrescente;Nublado;Dupla;Reta;Não;1;0;1;0;1;0;0;1;-25,4325;-49,4311;SPRF-PR;DEL01/PR;UOP07-DEL01-PR
752502;15/02/2026;domingo;07:00:00;SP;116;219;GUARULHOS;Demais falhas mecânicas ou elétricas;Incêndio;Sem Vítimas;Pleno dia;Decrescente;Sol;Múltipla;"Reta;Ponte";Não;1;0;0;0;0;1;0;1;-23,461958;-46,490403;SPRF-SP;DEL01/SP;UOP01-DEL01-SP
752503;15/02/2026;domingo;06:08:00;PA;230;132;MARABA;Animais na Pista;Atropelamento de Animal;Com Vítimas Feridas;Pleno dia;Decrescente;Céu Claro;Simples;"Reta;Declive";Não;3;0;1;0;1;2;0;1;-5,36550648;-49,19852507;SPRF-PA;DEL03/PA;UOP01-DEL03-PA
752505;26/01/2026;segunda-feira;18:25:00;SC;101;209,3;SAO JOSE;Manobra de mudança de faixa;Colisão traseira;Com Vítimas Feridas;Pleno dia;Decrescente;Céu Claro;Múltipla;Reta;Sim;2;0;1;0;1;1;0;2;-27,61233;-48,6411;SPRF-SC;DEL01/SC;UOP01-DEL01-SC
752506;14/02/2026;sábado;16:30:00;PA;230;8;ALTAMIRA;Reação tardia ou ineficiente do condutor;Colisão lateral mesmo sentido;Com Vítimas Feridas;Pleno dia;Decrescente;Céu Claro;Simples;"Reta;Declive";Sim;3;0;1;1;2;1;0;3;-3,19285938;-52,22767174;SPRF-PA;DEL04/PA;UOP01-DEL04-PA
752507;15/02/2026;domingo;01:40:00;RS;116;363;SENTINELA DO SUL;Ausência de reação do condutor;Capotamento;Com Vítimas Feridas;Plena Noite;Crescente;Nublado;Dupla;Rotatória;Não;1;0;1;0;1;0;0;1;-30,63704848;-51,55331103;SPRF-RS;DEL02/RS;UOP02-DEL02-RS
752508;15/02/2026;domingo;07:00:00;RJ;101;404;ITAGUAI;Ausência de reação do condutor;Colisão com objeto;Sem Vítimas;Amanhecer;Crescente;Céu Claro;Dupla;Reta;Não;2;0;0;0;0;2;0;1;-22,866981;-43,802178;SPRF-RJ;DEL03/RJ;UOP01-DEL03-RJ
752509;15/02/2026;domingo;00:10:00;BA;407;220;QUIXABEIRA;Demais falhas mecânicas ou elétricas;Saída de leito carroçável;Com Vítimas Feridas;Plena Noite;Decrescente;Garoa/Chuvisco;Simples;Reta;Não;2;0;2;0;2;0;0;1;-11,277265;-40,022068;SPRF-BA;DEL04/BA;UOP02-DEL04-BA
752510;15/02/2026;domingo;07:00:00;CE;116;15,4;FORTALEZA;Ausência de reação do condutor;Colisão traseira;Com Vítimas Feridas;Pleno dia;Decrescente;Nublado;Dupla;"Reta;Declive";Sim;4;0;4;0;4;0;0;2;-3,87951823;-38,50066423;SPRF-CE;DEL01/CE;UOP02-DEL01-CE
752511;15/02/2026;domingo;04:15:00;RJ;116;97;GUAPIMIRIM;Demais falhas mecânicas ou elétricas;Tombamento;Com Vítimas Feridas;Pleno dia;Crescente;Céu Claro;Simples;Reta;Não;2;0;2;0;2;0;0;1;-22,5017082;-43,00010053;SPRF-RJ;DEL04/RJ;UOP01-DEL04-RJ
752512;14/02/2026;sábado;18:25:00;PR;163;92,1;CAPANEMA;Ingestão de álcool pelo condutor;Tombamento;Com Vítimas Feridas;Plena Noite;Decrescente;Céu Claro;Simples;"Curva;Rotatória;Interseção de Vias";Não;1;0;0;1;1;0;0;1;-25,648678;-53,80332;SPRF-PR;DEL02/PR;UOP02-DEL02-PR
752513;15/02/2026;domingo;07:50:00;RJ;116;208;SEROPEDICA;Ingestão de substâncias psicoativas pelo condutor;Colisão lateral mesmo sentido;Sem Vítimas;Pleno dia;Crescente;Céu Claro;Dupla;Reta;Não;4;0;0;0;0;4;0;2;-22,722853;-43,672663;SPRF-RJ;DEL06/RJ;UOP02-DEL06-RJ
752514;15/02/2026;domingo;07:15:00;ES;101;96,5;JAGUARE;Velocidade Incompatível;Saída de leito carroçável;Com Vítimas Feridas;Pleno dia;Decrescente;Céu Claro;Simples;Aclive;Não;5;0;4;0;4;0;0;2;-18,951;-39,981;SPRF-ES;DEL04-ES;UOP02-DEL04-ES
752516;15/02/2026;domingo;07:40:00;DF;20;18;BRASILIA;Manobra de mudança de faixa;Colisão traseira;Com Vítimas Feridas;Pleno dia;Crescente;Céu Claro;Dupla;"Declive;Reta";Sim;5;0;1;0;1;3;0;2;-15,616268;-47,707512;SPRF-DF;DEL02-DF;UOP01-DEL02-DF
752517;15/02/2026;domingo;04:20:00;RJ;101;284,7;SAO GONCALO;Reação tardia ou ineficiente do condutor;Colisão traseira;Com Vítimas Feridas;Amanhecer;Decrescente;Ignorado;Dupla;Reta;Não;4;0;3;0;3;1;0;2;-22,793068;-43,024872;SPRF-RJ;DEL02/RJ;UOP02-DEL02-RJ
752518;15/02/2026;domingo;08:00:00;SC;470;80;RODEIO;Velocidade Incompatível;Saída de leito carroçável;Com Vítimas Feridas;Pleno dia;Crescente;Nublado;Simples;Curva;Sim;1;0;1;0;1;0;0;1;-26,9481805;-49,31873672;SPRF-SC;DEL04/SC;UOP01-DEL04-SC
752519;15/02/2026;domingo;07:45:00;PR;369;377;MAMBORE;Ingestão de álcool pelo condutor;Colisão lateral sentido oposto;Com Vítimas Feridas;Pleno dia;Crescente;Céu Claro;Simples;Reta;Não;3;0;0;2;2;1;0;2;-24,2873398;-52,56511688;SPRF-PR;DEL04/PR;UOP03-DEL04-PR
752520;14/02/2026;sábado;22:00:00;BA;242;292;LAJEDINHO;Velocidade Incompatível;Capotamento;Sem Vítimas;Plena Noite;Decrescente;Céu Claro;Simples;Curva;Não;1;0;0;0;0;1;0;1;-12,4445;-40,8277;SPRF-BA;DEL06/BA;UOP02-DEL06-BA
752521;15/02/2026;domingo;08:53:00;SP;116;562;BARRA DO TURVO;Reação tardia ou ineficiente do condutor;Saída de leito carroçável;Com Vítimas Feridas;Pleno dia;Crescente;Céu Claro;Dupla;Curva;Não;1;0;1;0;1;0;0;1;-25,0284901;-48,5267134;SPRF-SP;DEL05/SP;UOP02-DEL05-SP
752522;15/02/2026;domingo;07:30:00;MG;381;227,7;BELO ORIENTE;Transitar na contramão;Colisão frontal;Com Vítimas Feridas;Pleno dia;Crescente;Céu Claro;Simples;Reta;Não;6;0;2;0;2;4;0;3;-19,3511242;-42,4339155;SPRF-MG;DEL06/MG;UOP01-DEL06-MG
752523;15/02/2026;domingo;07:45:00;RO;364;713;PORTO VELHO;Reação tardia ou ineficiente do condutor;Saída de leito carroçável;Com Vítimas Feridas;Pleno dia;Decrescente;Nublado;Dupla;"Curva;Aclive;Viaduto";Sim;2;0;1;0;1;1;0;1;-8,77055912;-63,88349025;SPRF-RO;DEL01-RO;UOP01-DEL01-RO
752524;15/02/2026;domingo;09:40:00;PE;104;50,2;CARUARU;Ausência de reação do condutor;Colisão com objeto;Sem Vítimas;Pleno dia;Decrescente;Sol;Simples;Reta;Não;1;0;0;0;0;1;0;1;-8,15335;-35,98399;SPRF-PE;DEL02/PE;UOP01-DEL02-PE
752525;15/02/2026;domingo;08:20:00;PR;277;703;SAO MIGUEL DO IGUACU;Acessar a via sem observar a presença dos outros veículos;Colisão traseira;Com Vítimas Feridas;Pleno dia;Crescente;Nublado;Dupla;"Reta;Declive";Não;3;0;1;0;1;1;0;3;-25,429848;-54,369018;SPRF-PR;DEL05/PR;UOP01-DEL05-PR
752526;15/02/2026;domingo;09:15:00;PR;376;615,1;SAO JOSE DOS PINHAIS;Manobra de mudança de faixa;Colisão lateral mesmo sentido;Com Vítimas Feridas;Pleno dia;Crescente;Nublado;Dupla;Reta;Sim;3;0;1;1;2;1;0;2;-25,5747819;-49,17977985;SPRF-PR;DEL01/PR;UOP04-DEL01-PR
752528;11/02/2026;quarta-feira;10:00:00;RJ;101;412;ITAGUAI;Reação tardia ou ineficiente do condutor;Colisão traseira;Com Vítimas Feridas;Pleno dia;Decrescente;Nublado;Dupla;Reta;Não;2;0;1;0;1;1;0;2;-22,898465;-43,860062;SPRF-RJ;DEL03/RJ;UOP01-DEL03-RJ
752529;15/02/2026;domingo;08:30:00;RJ;101;397;ITAGUAI;Problema na suspensão;Tombamento;Com Vítimas Feridas;Pleno dia;Crescente;Céu Claro;Múltipla;Reta;Não;1;0;1;0;1;0;0;1;-22,8588952;-43,75941629;SPRF-RJ;DEL03/RJ;UOP01-DEL03-RJ
752530;15/02/2026;domingo;09:04:00;PE;232;50,7;VITORIA DE SANTO ANTAO;Problema na suspensão;Saída de leito carroçável;Sem Vítimas;Pleno dia;Crescente;Sol;Dupla;Reta;Não;1;0;0;0;0;1;0;1;-8,13974298;-35,32764316;SPRF-PE;DEL02/PE;UOP02-DEL02PE
752531;15/02/2026;domingo;09:50:00;MG;116;524,5;CARATINGA;Acessar a via sem observar a presença dos outros veículos;Colisão transversal;Com Vítimas Feridas;Pleno dia;Crescente;Céu Claro;Simples;Curva;Sim;4;0;2;0;2;2;0;2;-19,7681944;-42,1309498;SPRF-MG;DEL06/MG;UOP02-DEL06-MG
752532;15/02/2026;domingo;09:45:00;RJ;101;64;CAMPOS DOS GOYTACAZES;Condutor desrespeitou a iluminação vermelha do semáforo;Colisão transversal;Com Vítimas Feridas;Pleno dia;Decrescente;Céu Claro;Simples;"Reta;Interseção de Vias";Sim;5;0;2;0;2;3;0;2;-21,7454459;-41,3340118;SPRF-RJ;DEL08/RJ;UOP02-DEL08-RJ
752534;15/02/2026;domingo;10:40:00;MG;381;517,8;IGARAPE;Ausência de reação do condutor;Saída de leito carroçável;Com Vítimas Feridas;Pleno dia;Crescente;Sol;Dupla;Curva;Não;2;0;1;1;2;0;0;1;-20,108459;-44,32673;SPRF-MG;DEL01/MG;UOP03-DEL01-MG
752535;15/02/2026;domingo;10:00:00;SC;101;232,8;PALHOCA;Reação tardia ou ineficiente do condutor;Colisão traseira;Com Vítimas Feridas;Pleno dia;Crescente;Chuva;Dupla;"Declive;Reta";Não;5;0;3;0;3;2;0;2;-27,800678;-48,63744;SPRF-SC;DEL01/SC;UOP02-DEL01-SC
752536;15/02/2026;domingo;09:10:00;PB;104;86,9;REMIGIO;Ingestão de álcool pelo condutor;Colisão frontal;Com Vítimas Feridas;Pleno dia;Decrescente;Céu Claro;Simples;"Reta;Aclive";Não;7;0;3;4;7;0;0;2;-6,961203;-35,803702;SPRF-PB;DEL02-PB;UOP04-DEL02-PB
752537;15/02/2026;domingo;09:44:00;PE;232;25,3;MORENO;Chuva;Capotamento;Com Vítimas Feridas;Pleno dia;Decrescente;Chuva;Dupla;"Curva;Declive";Não;2;0;2;0;2;0;0;1;-8,113155;-35,110958;SPRF-PE;DEL02/PE;UOP02-DEL02PE
752538;15/02/2026;domingo;10:25:00;SC;282;48,5;AGUAS MORNAS;Velocidade Incompatível;Colisão com objeto;Com Vítimas Feridas;Pleno dia;Crescente;Chuva;Simples;"Curva;Aclive";Não;4;0;4;0;4;0;0;1;-27,716072;-48,942812;SPRF-SC;DEL01/SC;UOP03-DEL01-SC
752539;15/02/2026;domingo;10:30:00;SC;280;290,7;PORTO UNIAO;Ausência de reação do condutor;Saída de leito carroçável;Com Vítimas Feridas;Pleno dia;Crescente;Céu Claro;Simples;Reta;Não;2;0;2;0;2;0;0;1;-26,295775;-50,932898;SPRF-SC;DEL06/SC;UOP04-DEL06-SC
752541;15/02/2026;domingo;08:00:00;MT;174;437;COMODORO;Avarias e/ou desgaste excessivo no pneu;Saída de leito carroçável;Com Vítimas Feridas;Pleno dia;Decrescente;Céu Claro;Simples;Reta;Não;5;0;5;0;5;0;0;1;-13,93721713;-59,76031423;SPRF-MT;DEL04/MT;UOP02-DEL04-MT
752544;15/02/2026;domingo;11:15:00;PR;376;547,9;PALMEIRA;Manobra de mudança de faixa;Colisão lateral mesmo sentido;Com Vítimas Feridas;Pleno dia;Decrescente;Céu Claro;Dupla;"Reta;Retorno Regulamentado;Aclive";Não;3;0;1;0;1;2;0;2;-25,43325366;-49,75197885;SPRF-PR;DEL01/PR;UOP07-DEL01-PR
752545;15/02/2026;domingo;11:00:00;MG;381;285;ANTONIO DIAS;Conversão proibida;Colisão transversal;Com Vítimas Feridas;Pleno dia;Crescente;Céu Claro;Dupla;Reta;Não;3;0;0;2;2;1;0;2;-19,62632351;-42,80614614;SPRF-MG;DEL03/MG;UOP02-DEL03-MG
752546;15/02/2026;domingo;10:15:00;RO;319;138;PORTO VELHO;Condutor desrespeitou a iluminação vermelha do semáforo;Colisão transversal;Com Vítimas Feridas;Pleno dia;Crescente;Céu Claro;Dupla;"Interseção de Vias;Reta";Sim;3;0;2;0;2;1;0;2;-8,74346006;-63,91286658;SPRF-RO;DEL01-RO;UOP01-DEL01-RO
752548;15/02/2026;domingo;10:30:00;CE;20;386;CAUCAIA;Reação tardia ou ineficiente do condutor;Capotamento;Com Vítimas Feridas;Pleno dia;Crescente;Chuva;Simples;Reta;Não;2;0;1;0;1;1;0;1;-3,87627;-38,81308;SPRF-CE;DEL01/CE;UOP01-DEL01-CE
752549;15/02/2026;domingo;12:00:00;SC;153;97,5;CONCORDIA;Acessar a via sem observar a presença dos outros veículos;Colisão transversal;Com Vítimas Feridas;Pleno dia;Decrescente;Nublado;Simples;Reta;Não;2;0;1;0;1;1;0;2;-27,2273321;-51,9566321;SPRF-SC;DEL07/SC;UOP04-DEL07-SC
752550;15/02/2026;domingo;11:40:00;SE;235;52;ITABAIANA;Transtornos Mentais (exceto suicidio);Queda de ocupante de veículo;Com Vítimas Feridas;Pleno dia;Decrescente;Céu Claro;Dupla;"Interseção de Vias;Reta";Sim;2;0;1;0;1;0;0;1;-10,66988047;-37,4454066;SPRF-SE;DEL01-SE;UOP02-DEL01-SE
752551;15/02/2026;domingo;12:00:00;RJ;101;400;ITAGUAI;Demais falhas mecânicas ou elétricas;Tombamento;Com Vítimas Feridas;Pleno dia;Crescente;Céu Claro;Dupla;Reta;Sim;2;0;2;0;2;0;0;1;-22,850392;-43,766817;SPRF-RJ;DEL03/RJ;UOP01-DEL03-RJ
752552;15/02/2026;domingo;11:30:00;RJ;493;19;GUAPIMIRIM;Retorno proibido;Colisão transversal;Com Vítimas Feridas;Pleno dia;Decrescente;Céu Claro;Simples;Reta;Sim;2;0;1;0;1;1;0;2;-22,66858056;-43,01828432;SPRF-RJ;DEL04/RJ;UOP02-DEL04-RJ
752553;18/01/2026;domingo;21:00:00;MG;50;82;UBERLANDIA;Acumulo de água sobre o pavimento;Saída de leito carroçável;Com Vítimas Feridas;Plena Noite;Crescente;Chuva;Dupla;"Declive;Reta";Sim;5;0;4;0;4;1;0;2;-18,98792736;-48,21166277;SPRF-MG;DEL15/MG;UOP01-DEL15-MG
752554;15/02/2026;domingo;12:20:00;SC;282;5,3;SAO JOSE;Reação tardia ou ineficiente do condutor;Tombamento;Com Vítimas Feridas;Pleno dia;Decrescente;Garoa/Chuvisco;Múltipla;Curva;Sim;2;0;2;0;2;0;0;1;-27,58535154;-48,61620784;SPRF-SC;DEL01/SC;UOP01-DEL01-SC
752555;15/02/2026;domingo;10:00:00;SC;282;0,8;FLORIANOPOLIS;Reação tardia ou ineficiente do condutor;Saída de leito carroçável;Com Vítimas Feridas;Pleno dia;Decrescente;Céu Claro;Múltipla;Reta;Sim;2;0;1;1;2;0;0;1;-27,59877;-48,57458;SPRF-SC;DEL01/SC;UOP01-DEL01-SC
752556;02/01/2026;sexta-feira;08:30:00;AL;423;62;AGUA BRANCA;Ausência de reação do condutor;Colisão traseira;Com Vítimas Fatais;Pleno dia;Crescente;Céu Claro;Simples;Reta;Não;5;1;0;2;2;2;0;2;-9,293367;-37,832505;SPRF-AL;DEL03-AL;UOP02-DEL03-AL
752557;15/02/2026;domingo;12:40:00;SP;116;223;GUARULHOS;Reação tardia ou ineficiente do condutor;Tombamento;Com Vítimas Feridas;Pleno dia;Decrescente;Céu Claro;Múltipla;Reta;Sim;1;0;0;1;1;0;0;1;-23,480757;-46,532743;SPRF-SP;DEL01/SP;UOP01-DEL01-SP
752558;15/02/2026;domingo;12:29:00;MA;135;3;SAO LUIS;Ausência de reação do condutor;Colisão traseira;Com Vítimas Feridas;Pleno dia;Decrescente;Céu Claro;Dupla;"Reta;Declive";Sim;2;0;0;1;1;1;0;2;-2,607532;-44,247848;SPRF-MA;DEL01-MA;UOP01-DEL01-MA
752559;15/02/2026;domingo;12:50:00;PI;316;6,1;TERESINA;Ausência de reação do condutor;Saída de leito carroçável;Com Vítimas Feridas;Pleno dia;Crescente;Nublado;Múltipla;Reta;Sim;1;0;0;1;1;0;0;1;-5,153535;-42,772637;SPRF-PI;DEL01-PI;UOP02-DEL01-PI
752560;15/02/2026;domingo;13:25:00;SC;282;537,9;CHAPECO;Reação tardia ou ineficiente do condutor;Saída de leito carroçável;Com Vítimas Feridas;Pleno dia;Crescente;Chuva;Simples;"Curva;Aclive";Não;3;0;3;0;3;0;0;1;-27,00023648;-52,67097831;SPRF-SC;DEL07/SC;UOP01-DEL07-SC
752562;15/02/2026;domingo;13:20:00;ES;101;324,2;GUARAPARI;Condutor Dormindo;Saída de leito carroçável;Com Vítimas Feridas;Pleno dia;Decrescente;Céu Claro;Dupla;Reta;Não;3;0;1;0;1;2;0;1;-20,65848963;-40,61464168;SPRF-ES;DEL03-ES;UOP01-DEL03-ES
752563;15/02/2026;domingo;13:00:00;SC;282;86,9;ALFREDO WAGNER;Velocidade Incompatível;Colisão frontal;Com Vítimas Feridas;Pleno dia;Crescente;Chuva;Simples;Curva;Sim;6;0;4;0;4;2;0;2;-27,664208;-49,205722;SPRF-SC;DEL01/SC;UOP03-DEL01-SC
752565;15/02/2026;domingo;11:40:00;SC;280;23;ARAQUARI;Reação tardia ou ineficiente do condutor;Colisão transversal;Com Vítimas Feridas;Pleno dia;Decrescente;Nublado;Simples;Reta;Sim;2;0;1;0;1;1;0;2;-26,376;-48,717;SPRF-SC;DEL03/SC;UOP03-DEL03-SC
752566;15/02/2026;domingo;13:30:00;RS;470;242;BARAO;Reação tardia ou ineficiente do condutor;Saída de leito carroçável;Com Vítimas Feridas;Pleno dia;Decrescente;Nublado;Simples;Curva;Não;1;0;1;0;1;0;0;1;-29,36247448;-51,51746448;SPRF-RS;DEL06/RS;UOP01-DEL06-RS
752567;15/02/2026;domingo;13:50:00;SC;153;75;IRANI;Reação tardia ou ineficiente do condutor;Colisão com objeto;Com Vítimas Feridas;Pleno dia;Crescente;Chuva;Simples;Curva;Não;2;0;1;1;2;0;0;1;-27,0766776;-51,9017318;SPRF-SC;DEL07/SC;UOP04-DEL07-SC
752568;13/02/2026;sexta-feira;22:00:00;GO;158;165;CAIAPONIA;Desrespeitar a preferência no cruzamento;Colisão frontal;Com Vítimas Feridas;Plena Noite;Decrescente;Nevoeiro/Neblina;Simples;"Aclive;Reta;Interseção de Vias";Não;5;0;3;0;3;2;0;2;-17,013672;-51,84831;SPRF-GO;DEL05/GO;UOP01-DEL05-GO
752570;15/02/2026;domingo;11:44:00;RO;364;691;CANDEIAS DO JAMARI;Ausência de reação do condutor;Tombamento;Com Vítimas Feridas;Pleno dia;Decrescente;Céu Claro;Dupla;Reta;Não;1;0;1;0;1;0;0;1;-8,79667549;-63,68862525;SPRF-RO;DEL01-RO;UOP01-DEL01-RO