id;data_inversa;dia_semana;horario;uf;br;km;municipio;causa_acidente;tipo_acidente;classificacao_acidente;fase_dia;sentido_via;condicao_metereologica;tipo_pista;tracado_via;uso_solo;pessoas;mortos;feridos_leves;feridos_graves;feridos;ilesos;ignorados;veiculos;latitude;longitude;regional;delegacia;uop
752789;16/02/2026;segunda-feira;17:48:00;PR;369;161;CAMBE;Acessar a via sem observar a presença dos outros veículos;Atropelamento de Pedestre;Com Vítimas Feridas;Anoitecer;Crescente;Céu Claro;Dupla;Interseção de Vias;Sim;3;0;2;1;3;0;0;2;-23,28856837;-51,2618959;SPRF-PR;DEL07/PR;UOP01-DEL07-PR
752790;16/02/2026;segunda-feira;18:15:00;SC;116;245,5;LAGES;Acessar a via sem observar a presença dos outros veículos;Colisão transversal;Com Vítimas Feridas;Pleno dia;Decrescente;Nublado;Simples;Interseção de Vias;Sim;5;0;1;0;1;4;0;2;-27,79983;-50,3634;SPRF-SC;DEL05/SC;UOP02-DEL05-SC
752794;16/02/2026;segunda-feira;17:50:00;RO;364;2,3;JI-PARANA;Pista esburacada;Colisão traseira;Com Vítimas Feridas;Pleno dia;Crescente;Nublado;Simples;"Reta;Ponte";Não;2;0;1;0;1;1;0;2;-10,91768;-61,95115;SPRF-RO;DEL02-RO;UOP01-DEL02-RO
752796;16/02/2026;segunda-feira;19:40:00;CE;116;64;CHOROZINHO;Ausência de reação do condutor;Atropelamento de Animal;Com Vítimas Feridas;Plena Noite;Decrescente;Vento;Simples;Reta;Sim;1;0;1;0;1;0;0;1;-4,33801166;-38,47619245;SPRF-CE;DEL01/CE;UOP04-DEL01-CE
752797;16/02/2026;segunda-feira;20:00:00;MG;381;778;CAMPANHA;Ingestão de substâncias psicoativas pelo condutor;Saída de leito carroçável;Sem Vítimas;Plena Noite;Decrescente;Céu Claro;Dupla;Curva;Não;1;0;0;0;0;1;0;1;-21,809559;-45,48694;SPRF-MG;DEL16/MG;UOP02-DEL16-MG
752798;16/02/2026;segunda-feira;20:30:00;SP;116;338;JUQUITIBA;Avarias e/ou desgaste excessivo no pneu;Tombamento;Com Vítimas Feridas;Pleno dia;Decrescente;Nublado;Dupla;Curva;Não;2;0;2;0;2;0;0;1;-24,00301165;-47,15507381;SPRF-SP;DEL04/SP;UOP03-DEL04-SP
752799;16/02/2026;segunda-feira;19:15:00;RO;364;430,8;JARU;Desrespeitar a preferência no cruzamento;Colisão transversal;Com Vítimas Feridas;Plena Noite;Crescente;Céu Claro;Simples;"Rotatória;Reta";Não;5;0;1;0;1;4;0;2;-10,40648494;-62,51641273;SPRF-RO;DEL03-RO;UOP02-DEL03-RO
752800;16/02/2026;segunda-feira;19:50:00;SP;153;83;BADY BASSITT;Animais na Pista;Atropelamento de Animal;Com Vítimas Feridas;Plena Noite;Crescente;Céu Claro;Dupla;"Reta;Declive";Não;5;0;1;0;1;4;0;2;-20,92158854;-49,50280365;SPRF-SP;DEL09/SP;UOP01-DEL09-SP
752802;16/02/2026;segunda-feira;19:30:00;MG;40;640;CONSELHEIRO LAFAIETE;Animais na Pista;Atropelamento de Animal;Com Vítimas Feridas;Plena Noite;Decrescente;Céu Claro;Simples;Reta;Não;1;0;1;0;1;0;0;1;-20,721277;-43,7993145;SPRF-MG;DEL05/MG;UOP02-DEL05-MG
752803;16/02/2026;segunda-feira;17:30:00;PI;402;41;BOM PRINCIPIO DO PIAUI;Demais falhas mecânicas ou elétricas;Tombamento;Com Vítimas Feridas;Anoitecer;Crescente;Céu Claro;Simples;Reta;Não;2;0;2;0;2;0;0;1;-3,01831615;-41,65653706;SPRF-PI;DEL05-PI;UOP01-DEL05-PI
752804;16/02/2026;segunda-feira;16:30:00;RJ;40;121;DUQUE DE CAXIAS;Reação tardia ou ineficiente do condutor;Colisão traseira;Com Vítimas Feridas;Pleno dia;Decrescente;Céu Claro;Múltipla;Reta;Sim;2;0;1;0;1;1;0;2;-22,78733866;-43,28506818;SPRF-RJ;DEL01/RJ;UOP02-DEL01-RJ
752805;16/02/2026;segunda-feira;21:00:00;RJ;101;427;MANGARATIBA;Demais falhas mecânicas ou elétricas;Queda de ocupante de veículo;Com Vítimas Feridas;Plena Noite;Crescente;Céu Claro;Simples;"Declive;Reta";Não;2;0;2;0;2;0;0;1;-22,93473015;-43,99468359;SPRF-RJ;DEL03/RJ;UOP02-DEL03-RJ
752808;16/02/2026;segunda-feira;20:40:00;MG;50;34,4;ARAGUARI;Reação tardia ou ineficiente do condutor;Saída de leito carroçável;Com Vítimas Feridas;Plena Noite;Crescente;Céu Claro;Dupla;Reta;Não;2;0;2;0;2;0;0;1;-18,64997591;-48,13674688;SPRF-MG;DEL15/MG;UOP02-DEL15-MG
752810;16/02/2026;segunda-feira;20:44:00;DF;80;3;BRASILIA;Reação tardia ou ineficiente do condutor;Tombamento;Com Vítimas Feridas;Plena Noite;Crescente;Céu Claro;Simples;Reta;Sim;2;0;1;0;1;1;0;2;-15,731581;-48,102919;SPRF-DF;DEL03-DF;UOP02-DEL03-DF
752811;16/02/2026;segunda-feira;20:00:00;MG;262;54,3;MANHUACU;Pista esburacada;Colisão com objeto;Com Vítimas Feridas;Plena Noite;Decrescente;Céu Claro;Simples;Reta;Não;2;0;0;1;1;1;0;1;-20,262156;-42,167524;SPRF-MG;DEL06/MG;UOP03-DEL06-MG
752812;16/02/2026;segunda-feira;17:09:00;MT;163;686;LUCAS DO RIO VERDE;Reação tardia ou ineficiente do condutor;Colisão traseira;Sem Vítimas;Pleno dia;Crescente;Céu Claro;Dupla;Interseção de Vias;Não;2;0;0;0;0;1;0;2;-13,07976262;-55,93743481;SPRF-MT;DEL06/MT;UOP01-DEL06-MT
752813;16/02/2026;segunda-feira;18:00:00;MT;163;815;SINOP;Ausência de reação do condutor;Saída de leito carroçável;Com Vítimas Feridas;Plena Noite;Decrescente;Céu Claro;Simples;Reta;Não;3;0;2;0;2;1;0;1;-12,039541;-55,517575;SPRF-MT;DEL06/MT;UOP02-DEL06-MT
752814;16/02/2026;segunda-feira;17:30:00;MG;381;242;SANTANA DO PARAISO;Conversão proibida;Colisão transversal;Com Vítimas Feridas;Pleno dia;Crescente;Céu Claro;Simples;Interseção de Vias;Não;4;0;0;3;3;1;0;2;-19,44346458;-42,51320735;SPRF-MG;DEL06/MG;UOP01-DEL06-MG
752816;16/02/2026;segunda-feira;17:35:00;MT;163;580;NOVA MUTUM;Avarias e/ou desgaste excessivo no pneu;Saída de leito carroçável;Com Vítimas Feridas;Anoitecer;Crescente;Céu Claro;Dupla;Reta;Não;1;0;0;1;1;0;0;1;-13,974532;-56,098955;SPRF-MT;DEL01/MT;UOP01-DEL01-MT
752817;16/02/2026;segunda-feira;21:30:00;MS;163;251;DOURADOS;Ingestão de álcool pelo condutor;Colisão traseira;Com Vítimas Feridas;Plena Noite;Crescente;Céu Claro;Simples;Reta;Não;2;0;0;1;1;1;0;2;-22,29597487;-54,82114501;SPRF-MS;DEL04/MS;UOP02-DEL04-MS
752822;16/02/2026;segunda-feira;22:30:00;RJ;116;184;NOVA IGUACU;Demais falhas mecânicas ou elétricas;Colisão traseira;Com Vítimas Feridas;Plena Noite;Decrescente;Céu Claro;Múltipla;Reta;Sim;2;0;1;0;1;1;0;2;-22,74142809;-43,4993121;SPRF-RJ;DEL06/RJ;UOP01-DEL06-RJ
752823;16/02/2026;segunda-feira;21:00:00;RO;364;755;PORTO VELHO;Acostamento em desnível;Queda de ocupante de veículo;Com Vítimas Feridas;Plena Noite;Crescente;Nublado;Simples;Reta;Não;2;0;2;0;2;0;0;1;-9,07377756;-64,05380197;SPRF-RO;DEL01-RO;UOP02-DEL01-RO
752825;16/02/2026;segunda-feira;23:50:00;SP;116;223;GUARULHOS;Chuva;Colisão traseira;Com Vítimas Feridas;Plena Noite;Decrescente;Ignorado;Dupla;Reta;Sim;6;0;2;0;2;4;0;2;-23,46064071;-46,48467511;SPRF-SP;DEL01/SP;UOP01-DEL01-SP
752827;16/02/2026;segunda-feira;23:20:00;PI;343;1,8;TERESINA;Condutor desrespeitou a iluminação vermelha do semáforo;Colisão transversal;Com Vítimas Feridas;Plena Noite;Decrescente;Céu Claro;Múltipla;Interseção de Vias;Sim;2;0;1;0;1;0;0;2;-5,08158756;-42,76583288;SPRF-PI;DEL01-PI;UOP01-DEL01-PI
752829;16/02/2026;segunda-feira;23:30:00;PR;376;3,7;APUCARANA;Ingestão de álcool pelo condutor;Colisão traseira;Sem Vítimas;Plena Noite;Crescente;Nublado;Simples;Reta;Sim;2;0;0;0;0;2;0;2;-23,557481;-51,441757;SPRF-PR;DEL07/PR;UOP03-DEL07-PR
752830;17/02/2026;terça-feira;00:45:00;PR;277;31,5;MORRETES;Demais falhas mecânicas ou elétricas;Colisão com objeto;Com Vítimas Feridas;Plena Noite;Crescente;Nublado;Dupla;Curva;Não;1;0;0;1;1;0;0;1;-25,56084728;-48,80862951;SPRF-PR;DEL01/PR;UOP05-DEL01-PR
752831;17/02/2026;terça-feira;01:00:00;SC;101;97;BALNEARIO PICARRAS;Acessar a via sem observar a presença dos outros veículos;Colisão transversal;Com Vítimas Feridas;Plena Noite;Crescente;Céu Claro;Dupla;Reta;Não;3;0;2;0;2;1;0;2;-26,73163916;-48,70114518;SPRF-SC;DEL03/SC;UOP02-DEL03-SC
752832;17/02/2026;terça-feira;00:45:00;PR;376;678;GUARATUBA;Condutor Dormindo;Saída de leito carroçável;Sem Vítimas;Plena Noite;Crescente;Céu Claro;Dupla;"Reta;Aclive";Não;1;0;0;0;0;1;0;1;-25,95211979;-48,90357368;SPRF-PR;DEL01/PR;UOP04-DEL01-PR
752833;17/02/2026;terça-feira;01:15:00;RS;290;579;ALEGRETE;Reação tardia ou ineficiente do condutor;Colisão traseira;Com Vítimas Feridas;Plena Noite;Decrescente;Nublado;Simples;Reta;Não;4;0;0;2;2;2;0;2;-29,8076942;-55,76842149;SPRF-RS;DEL13/RS;UOP02-DEL13-RS
752835;16/02/2026;segunda-feira;22:40:00;RJ;356;166;SAO JOAO DA BARRA;Reação tardia ou ineficiente do condutor;Saída de leito carroçável;Sem Vítimas;Plena Noite;Decrescente;Céu Claro;Simples;Curva;Não;1;0;0;0;0;0;1;1;-21,709518;-41,139978;SPRF-RJ;DEL08/RJ;UOP02-DEL08-RJ
752837;17/02/2026;terça-feira;01:20:00;SP;381;22;BRAGANCA PAULISTA;Ausência de reação do condutor;Colisão com objeto;Sem Vítimas;Plena Noite;Decrescente;Céu Claro;Múltipla;"Declive;Reta";Sim;3;0;0;0;0;2;0;1;-22,99698962;-46,51552963;SPRF-SP;DEL03/SP;UOP02-DEL03-SP
752839;17/02/2026;terça-feira;02:00:00;PR;373;459;CHOPINZINHO;Pedestre andava na pista;Atropelamento de Pedestre;Com Vítimas Fatais;Plena Noite;Crescente;Céu Claro;Simples;Reta;Não;3;1;0;0;0;0;0;2;-25,89889525;-52,402023;SPRF-PR;DEL02/PR;UOP01-DEL02-PR
752842;17/02/2026;terça-feira;00:20:00;GO;40;6;VALPARAISO DE GOIAS;Reação tardia ou ineficiente do condutor;Colisão com objeto;Sem Vítimas;Plena Noite;Decrescente;Céu Claro;Dupla;"Reta;Viaduto";Sim;1;0;0;0;0;0;1;1;-16,10281;-47,97583;SPRF-DF;DEL01-DF;UOP01-DEL01-DF
752843;17/02/2026;terça-feira;04:40:00;ES;101;295;CARIACICA;Acessar a via sem observar a presença dos outros veículos;Atropelamento de Pedestre;Com Vítimas Fatais;Plena Noite;Decrescente;Céu Claro;Dupla;Reta;Sim;3;1;0;1;1;0;0;2;-20,335292;-40,4019207;SPRF-ES;DEL01-ES;UOP01-DEL01-ES
752844;17/02/2026;terça-feira;04:30:00;PR;373;479,9;CORONEL VIVIDA;Ingestão de álcool pelo condutor;Colisão com objeto;Sem Vítimas;Plena Noite;Decrescente;Céu Claro;Simples;"Aclive;Reta";Não;1;0;0;0;0;1;0;1;-26,001123;-52,561144;SPRF-PR;DEL02/PR;UOP01-DEL02-PR
752847;17/02/2026;terça-feira;04:50:00;TO;10;466;PALMAS;Ausência de reação do condutor;Saída de leito carroçável;Sem Vítimas;Amanhecer;Decrescente;Céu Claro;Simples;Reta;Não;1;0;0;0;0;0;1;1;-10,24026;-48,22823;SPRF-TO;DEL01-TO;UOP03-DEL01-TO
752848;17/02/2026;terça-feira;06:00:00;RN;101;158,5;GOIANINHA;Ausência de reação do condutor;Colisão traseira;Com Vítimas Feridas;Pleno dia;Decrescente;Céu Claro;Dupla;Reta;Não;4;0;2;0;2;2;0;2;-6,336668;-35,172221;SPRF-RN;DEL01-RN;UOP01-DEL01-RN
752849;16/02/2026;segunda-feira;19:00:00;RJ;116;188;QUEIMADOS;Manobra de mudança de faixa;Colisão traseira;Com Vítimas Feridas;Plena Noite;Decrescente;Ignorado;Dupla;Reta;Não;2;0;1;0;1;1;0;2;-22,73834832;-43,53397965;SPRF-RJ;DEL06/RJ;UOP01-DEL06-RJ
752850;17/02/2026;terça-feira;05:50:00;PR;376;108,1;PARANAVAI;Transitar no Acostamento;Atropelamento de Pedestre;Com Vítimas Fatais;Amanhecer;Crescente;Céu Claro;Dupla;"Declive;Viaduto;Reta";Sim;2;1;0;0;0;0;0;2;-23,0692649;-52,4251445;SPRF-PR;DEL09/PR;UOP02-DEL09-PR
752851;17/02/2026;terça-feira;06:00:00;MG;381;936,1;EXTREMA;Retorno proibido;Colisão frontal;Com Vítimas Feridas;Pleno dia;Decrescente;Sol;Dupla;Retorno Regulamentado;Não;2;0;1;0;1;1;0;2;-22,80816235;-46,27661777;SPRF-MG;DEL16/MG;UOP03-DEL16-MG
752854;17/02/2026;terça-feira;06:45:00;SC;101;129;CAMBORIU;Objeto estático sobre o leito carroçável;Queda de ocupante de veículo;Com Vítimas Feridas;Pleno dia;Crescente;Céu Claro;Dupla;Curva;Sim;1;0;1;0;1;0;0;1;-26,9801871;-48,68000921;SPRF-SC;DEL04/SC;UOP03-DEL04-SC
752855;17/02/2026;terça-feira;06:15:00;PR;277;421,8;CANTAGALO;Reação tardia ou ineficiente do condutor;Tombamento;Com Vítimas Feridas;Pleno dia;Decrescente;Céu Claro;Simples;Curva;Não;2;0;2;0;2;0;0;1;-25,40498735;-52,1047375;SPRF-PR;DEL04/PR;UOP02-DEL04-PR
752858;17/02/2026;terça-feira;06:40:00;RJ;40;70,5;PETROPOLIS;Velocidade Incompatível;Queda de ocupante de veículo;Com Vítimas Feridas;Pleno dia;Crescente;Céu Claro;Dupla;Curva;Não;2;0;1;0;1;1;0;1;-22,45079321;-43,20297897;SPRF-RJ;DEL05/RJ;UOP02-DEL05-RJ
752859;17/02/2026;terça-feira;06:32:00;RO;364;714;PORTO VELHO;Ausência de reação do condutor;Colisão com objeto;Sem Vítimas;Pleno dia;Decrescente;Céu Claro;Simples;"Curva;Viaduto";Sim;1;0;0;0;0;0;1;1;-8,77477;-63,88634;SPRF-RO;DEL01-RO;UOP01-DEL01-RO
752860;17/02/2026;terça-feira;08:00:00;PB;101;103;ALHANDRA;Reação tardia ou ineficiente do condutor;Colisão com objeto;Com Vítimas Feridas;Pleno dia;Crescente;Céu Claro;Dupla;Curva;Não;1;0;0;1;1;0;0;1;-7,2982961;-34,9375408;SPRF-PB;DEL01-PB;UOP01-DEL01-PB
752861;17/02/2026;terça-feira;08:45:00;SP;101;45;UBATUBA;Acessar a via sem observar a presença dos outros veículos;Colisão transversal;Com Vítimas Feridas;Pleno dia;Decrescente;Céu Claro;Simples;Reta;Sim;2;0;0;1;1;1;0;2;-23,42080644;-45,070841;SPRF-SP;DEL06/SP;UOP01-DEL06-SP
752862;17/02/2026;terça-feira;08:20:00;SP;116;277;EMBU DAS ARTES;Velocidade Incompatível;Colisão traseira;Com Vítimas Feridas;Pleno dia;Decrescente;Céu Claro;Dupla;Reta;Sim;3;0;1;0;1;1;0;3;-23,62652631;-46,81742247;SPRF-SP;DEL04/SP;UOP01-DEL04-SP
752863;17/02/2026;terça-feira;08:20:00;MG;356;265;MURIAE;Acessar a via sem observar a presença dos outros veículos;Colisão transversal;Com Vítimas Feridas;Pleno dia;Decrescente;Céu Claro;Simples;Reta;Sim;2;0;1;0;1;1;0;2;-21,12870009;-42,36585617;SPRF-MG;DEL07/MG;UOP02-DEL07-MG
752864;17/02/2026;terça-feira;09:30:00;RS;471;474;RIO GRANDE;Ausência de reação do condutor;Saída de leito carroçável;Com Vítimas Feridas;Pleno dia;Crescente;Céu Claro;Simples;Reta;Não;4;0;1;0;1;3;0;1;-32,38155103;-52,55354047;SPRF-RS;DEL07/RS;UOP02-DEL07-RS
752865;17/02/2026;terça-feira;09:30:00;RJ;101;439;MANGARATIBA;Transitar na contramão;Colisão frontal;Com Vítimas Feridas;Pleno dia;Crescente;Céu Claro;Simples;"Reta;Ponte";Não;2;0;1;0;1;1;0;2;-22,95669412;-44,08701897;SPRF-RJ;DEL03/RJ;UOP02-DEL03-RJ
752866;17/02/2026;terça-feira;08:40:00;RJ;101;171;MACAE;Ultrapassagem Indevida;Colisão frontal;Com Vítimas Feridas;Pleno dia;Decrescente;Céu Claro;Simples;Curva;Não;5;0;3;2;5;0;0;2;-22,3742347;-41,9576197;SPRF-RJ;DEL08/RJ;UOP04-DEL08-RJ
752867;17/02/2026;terça-feira;09:45:00;RJ;356;56;ITAPERUNA;Objeto estático sobre o leito carroçável;Queda de ocupante de veículo;Com Vítimas Feridas;Pleno dia;Crescente;Céu Claro;Simples;"Reta;Aclive";Não;2;0;1;1;2;0;0;1;-21,28405602;-41,72555923;SPRF-RJ;DEL08/RJ;UOP03-DEL08-RJ
752868;17/02/2026;terça-feira;08:53:00;PR;277;615;CEU AZUL;Reação tardia ou ineficiente do condutor;Saída de leito carroçável;Com Vítimas Feridas;Pleno dia;Crescente;Céu Claro;Simples;Reta;Não;2;0;1;0;1;0;0;2;-25,05795743;-53,64313826;SPRF-PR;DEL05/PR;UOP02-DEL05-PR
752869;29/01/2026;quinta-feira;14:00:00;SC;282;68;RANCHO QUEIMADO;Ausência de reação do condutor;Colisão frontal;Com Vítimas Feridas;Pleno dia;Decrescente;Chuva;Simples;Curva;Não;5;0;2;1;3;2;0;2;-27,6935;-49,080508;SPRF-SC;DEL01/SC;UOP03-DEL01-SC
752870;17/02/2026;terça-feira;00:10:00;RJ;101;467;ANGRA DOS REIS;Acumulo de água sobre o pavimento;Tombamento;Com Vítimas Feridas;Plena Noite;Crescente;Nublado;Simples;Curva;Não;1;0;1;0;1;0;0;1;-23,00580732;-44,217735;SPRF-RJ;DEL03/RJ;UOP03-DEL03-RJ
752871;17/02/2026;terça-feira;09:15:00;MT;70;399;CAMPO VERDE;Conversão proibida;Colisão traseira;Com Vítimas Feridas;Pleno dia;Decrescente;Nublado;Simples;Reta;Não;6;0;0;4;4;2;0;2;-15,6586;-55,2295;SPRF-MT;DEL05/MT;UOP02-DEL05-MT
752873;17/02/2026;terça-feira;10:40:00;RJ;101;424;MANGARATIBA;Reação tardia ou ineficiente do condutor;Colisão traseira;Com Vítimas Feridas;Pleno dia;Crescente;Sol;Simples;Reta;Não;4;0;1;0;1;3;0;4;-22,93041313;-43,97706985;SPRF-RJ;DEL03/RJ;UOP02-DEL03-RJ
752877;17/02/2026;terça-feira;11:00:00;PR;153;238,6;TIBAGI;Reação tardia ou ineficiente do condutor;Saída de leito carroçável;Com Vítimas Feridas;Pleno dia;Crescente;Sol;Simples;Curva;Não;3;0;1;0;1;2;0;1;-24,77138889;-50,46613889;SPRF-PR;DEL03/PR;UOP02-DEL03-PR
752878;17/02/2026;terça-feira;10:15:00;GO;60;107,2;GOIANAPOLIS;Conversão proibida;Colisão lateral mesmo sentido;Com Vítimas Feridas;Pleno dia;Decrescente;Céu Claro;Dupla;Reta;Não;2;0;0;1;1;1;0;2;-16,434581;-49,018606;SPRF-GO;DEL02/GO;UOP01-DEL02-GO
752881;17/02/2026;terça-feira;11:30:00;PE;232;117;CARUARU;Acumulo de água sobre o pavimento;Capotamento;Com Vítimas Feridas;Pleno dia;Decrescente;Céu Claro;Dupla;Declive;Não;2;0;2;0;2;0;0;1;-8,29517;-35,887828;SPRF-PE;DEL02/PE;UOP03-DEL02-PE
752882;17/02/2026;terça-feira;11:30:00;RJ;40;96;DUQUE DE CAXIAS;Reação tardia ou ineficiente do condutor;Tombamento;Com Vítimas Feridas;Pleno dia;Decrescente;Céu Claro;Dupla;Reta;Sim;2;0;1;0;1;1;0;1;-22,58047;-43,262153;SPRF-RJ;DEL01/RJ;UOP01-DEL01-RJ
752886;17/02/2026;terça-feira;09:20:00;RJ;101;418;MANGARATIBA;Reação tardia ou ineficiente do condutor;Colisão lateral sentido oposto;Com Vítimas Feridas;Pleno dia;Crescente;Sol;Simples;Reta;Não;3;0;0;1;1;2;0;2;-22,9181601;-43,92891884;SPRF-RJ;DEL03/RJ;UOP02-DEL03-RJ
752887;17/02/2026;terça-feira;11:50:00;SE;101;31,6;CAPELA;Ausência de reação do condutor;Saída de leito carroçável;Com Vítimas Feridas;Pleno dia;Decrescente;Nublado;Dupla;"Reta;Declive";Não;1;0;1;0;1;0;0;1;-10,46049579;-36,94070689;SPRF-SE;DEL02-SE;UOP02-DEL02-SE
752889;17/02/2026;terça-feira;12:30:00;SP;116;137,4;SAO JOSE DOS CAMPOS;Condutor deixou de manter distância do veículo da frente;Colisão traseira;Com Vítimas Feridas;Pleno dia;Crescente;Nublado;Dupla;Reta;Não;3;0;3;0;3;0;0;2;-23,1506593;-45,7833526;SPRF-SP;DEL02/SP;UOP01-DEL02-SP
752890;17/02/2026;terça-feira;12:45:00;RJ;393;268;BARRA DO PIRAI;Acessar a via sem observar a presença dos outros veículos;Colisão transversal;Sem Vítimas;Pleno dia;Decrescente;Céu Claro;Simples;Reta;Não;8;0;0;0;0;8;0;2;-22,47639598;-43,94359589;SPRF-RJ;DEL05/RJ;UOP04-DEL05-RJ
752891;17/02/2026;terça-feira;12:25:00;SC;101;88;BARRA VELHA;Entrada inopinada do pedestre;Atropelamento de Pedestre;Com Vítimas Feridas;Pleno dia;Decrescente;Sol;Múltipla;Reta;Não;2;0;0;1;1;1;0;2;-26,642987;-48,688887;SPRF-SC;DEL03/SC;UOP02-DEL03-SC
752893;17/02/2026;terça-feira;12:00:00;AL;101;231;PORTO REAL DO COLEGIO;Demais falhas mecânicas ou elétricas;Capotamento;Com Vítimas Feridas;Pleno dia;Crescente;Nublado;Dupla;Reta;Não;2;0;2;0;2;0;0;1;-10,119269;-36,7364;SPRF-AL;DEL02-AL;UOP02-DEL02-AL
752894;17/02/2026;terça-feira;12:50:00;DF;251;36,4;BRASILIA;Ultrapassagem Indevida;Saída de leito carroçável;Com Vítimas Feridas;Pleno dia;Crescente;Céu Claro;Simples;Reta;Não;5;0;1;0;1;4;0;2;-15,943898;-47,7826392;SPRF-DF;DEL01-DF;UOP01-DEL01-DF
752896;17/02/2026;terça-feira;12:20:00;SC;101;157;PORTO BELO;Reação tardia ou ineficiente do condutor;Tombamento;Com Vítimas Feridas;Pleno dia;Crescente;Céu Claro;Múltipla;Reta;Não;2;0;2;0;2;0;0;1;-27,18504401;-48,61268727;SPRF-SC;DEL04/SC;UOP03-DEL04-SC
752897;17/02/2026;terça-feira;13:45:00;SC;470;135;RIO DO SUL;Reação tardia ou ineficiente do condutor;Colisão lateral mesmo sentido;Com Vítimas Feridas;Pleno dia;Crescente;Céu Claro;Simples;Rotatória;Sim;2;0;1;0;1;1;0;2;-27,17846822;-49,5950195;SPRF-SC;DEL04/SC;UOP02-DEL04-SC
752900;17/02/2026;terça-feira;13:45:00;ES;101;180,5;ARACRUZ;Demais falhas mecânicas ou elétricas;Tombamento;Com Vítimas Feridas;Pleno dia;Crescente;Céu Claro;Simples;Reta;Não;2;0;2;0;2;0;0;1;-19,628218;-40,224011;SPRF-ES;DEL04-ES;UOP01-DEL04-ES
752901;17/02/2026;terça-feira;11:00:00;MG;381;817,2;CAREACU;Condutor deixou de manter distância do veículo da frente;Colisão lateral mesmo sentido;Com Vítimas Feridas;Pleno dia;Crescente;Céu Claro;Dupla;"Reta;Aclive";Não;3;0;2;0;2;1;0;2;-22,0473638;-45,6909312;SPRF-MG;DEL16/MG;UOP02-DEL16-MG
752902;13/02/2026;sexta-feira;19:30:00;RJ;101;293;ITABORAI;Manobra de mudança de faixa;Colisão transversal;Com Vítimas Feridas;Plena Noite;Decrescente;Céu Claro;Dupla;Curva;Sim;2;0;1;0;1;1;0;2;-22,7550312;-42,88954066;SPRF-RJ;DEL02/RJ;UOP02-DEL02-RJ
752903;17/02/2026;terça-feira;13:45:00;RS;470;219;BENTO GONCALVES;Acumulo de areia ou detritos sobre o pavimento;Tombamento;Com Vítimas Feridas;Pleno dia;Crescente;Nublado;Simples;Curva;Não;1;0;1;0;1;0;0;1;-29,18638772;-51,5203735;SPRF-RS;DEL06/RS;UOP01-DEL06-RS
752904;17/02/2026;terça-feira;13:20:00;PI;402;4;BURITI DOS LOPES;Reação tardia ou ineficiente do condutor;Saída de leito carroçável;Com Vítimas Feridas;Pleno dia;Decrescente;Garoa/Chuvisco;Simples;Reta;Não;3;0;2;0;2;1;0;1;-3,1761127;-41,865509;SPRF-PI;DEL05-PI;UOP01-DEL05-PI
752905;17/02/2026;terça-feira;12:00:00;RJ;40;109;DUQUE DE CAXIAS;Reação tardia ou ineficiente do condutor;Queda de ocupante de veículo;Com Vítimas Feridas;Pleno dia;Crescente;Céu Claro;Múltipla;Curva;Sim;2;0;2;0;2;0;0;1;-22,670808;-43,284417;SPRF-RJ;DEL01/RJ;UOP02-DEL01-RJ
752906;17/02/2026;terça-feira;08:00:00;RJ;101;313;SAO GONCALO;Animais na Pista;Queda de ocupante de veículo;Com Vítimas Feridas;Pleno dia;Crescente;Céu Claro;Simples;Curva;Não;1;0;1;0;1;0;0;1;-22,81125861;-43,07129714;SPRF-RJ;DEL02/RJ;UOP02-DEL02-RJ
752908;17/02/2026;terça-feira;14:10:00;DF;60;13;BRASILIA;Reação tardia ou ineficiente do condutor;Colisão traseira;Com Vítimas Feridas;Pleno dia;Decrescente;Céu Claro;Dupla;Reta;Não;2;0;1;0;1;1;0;2;-15,92769128;-48,16722462;SPRF-DF;DEL03-DF;UOP01-DEL03-DF
752909;13/02/2026;sexta-feira;22:30:00;RJ;116;127;MAGE;Manobra de mudança de faixa;Capotamento;Com Vítimas Feridas;Plena Noite;Decrescente;Chuva;Dupla;Curva;Não;1;0;1;0;1;0;0;1;-22,66571337;-43,10256028;SPRF-RJ;DEL04/RJ;UOP02-DEL04-RJ
752910;17/02/2026;terça-feira;13:35:00;PE;232;114,4;CARUARU;Reação tardia ou ineficiente do condutor;Saída de leito carroçável;Com Vítimas Feridas;Pleno dia;Crescente;Chuva;Dupla;"Reta;Declive";Não;5;0;1;4;5;0;0;1;-8,29826278;-35,86044637;SPRF-PE;DEL02/PE;UOP03-DEL02-PE
752911;17/02/2026;terça-feira;14:40:00;RJ;393;285;VOLTA REDONDA;Ausência de reação do condutor;Tombamento;Com Vítimas Feridas;Pleno dia;Crescente;Sol;Simples;Reta;Sim;1;0;0;1;1;0;0;1;-22,50628299;-44,07701969;SPRF-RJ;DEL05/RJ;UOP04-DEL05-RJ
752913;17/02/2026;terça-feira;13:00:00;PR;153;161;VENTANIA;Reação tardia ou ineficiente do condutor;Saída de leito carroçável;Com Vítimas Feridas;Pleno dia;Decrescente;Chuva;Simples;"Interseção de Vias;Rotatória";Não;1;0;1;0;1;0;0;1;-24,23593399;-50,23267362;SPRF-PR;DEL03/PR;UOP02-DEL03-PR