id;data_inversa;dia_semana;horario;uf;br;km;municipio;causa_acidente;tipo_acidente;classificacao_acidente;fase_dia;sentido_via;condicao_metereologica;tipo_pista;tracado_via;uso_solo;pessoas;mortos;feridos_leves;feridos_graves;feridos;ilesos;ignorados;veiculos;latitude;longitude;regional;delegacia;uop
753654;20/02/2026;sexta-feira;22:00:00;MT;163;749;SORRISO;Ausência de reação do condutor;Colisão traseira;Com Vítimas Feridas;Plena Noite;Decrescente;Céu Claro;Dupla;Declive;Não;2;0;1;0;1;1;0;2;-12,578018;-55,73096;SPRF-MT;DEL06/MT;UOP01-DEL06-MT
753655;20/02/2026;sexta-feira;19:40:00;PE;101;107,3;CABO DE SANTO AGOSTINHO;Acessar a via sem observar a presença dos outros veículos;Atropelamento de Pedestre;Com Vítimas Fatais;Plena Noite;Decrescente;Céu Claro;Dupla;Reta;Não;2;1;0;0;0;0;0;2;-8,30923;-35,08588;SPRF-PE;DEL01/PE;UOP03-DEL01-PE
753658;20/02/2026;sexta-feira;22:00:00;PR;376;116,7;ALTO PARANA;Ingestão de álcool pelo condutor;Colisão traseira;Sem Vítimas;Plena Noite;Crescente;Nublado;Dupla;Reta;Não;2;0;0;0;0;2;0;2;-23,103887;-52,352064;SPRF-PR;DEL09/PR;UOP02-DEL09-PR
753659;20/02/2026;sexta-feira;22:00:00;RJ;101;576;PARATY;Acessar a via sem observar a presença dos outros veículos;Colisão transversal;Com Vítimas Feridas;Plena Noite;Crescente;Nublado;Simples;Interseção de Vias;Não;2;0;1;0;1;1;0;2;-23,2278289;-44,72690519;SPRF-RJ;DEL03/RJ;UOP04-DEL03-RJ
753660;20/02/2026;sexta-feira;20:20:00;PE;424;33;VENTUROSA;Transitar na contramão;Colisão frontal;Com Vítimas Fatais;Plena Noite;Crescente;Céu Claro;Simples;Reta;Não;2;1;1;0;1;0;0;2;-8,609203;-36,855191;SPRF-PE;DEL04/PE;UOP02-DEL04-PE
753661;20/02/2026;sexta-feira;18:40:00;SC;282;419,7;VARGEM BONITA;Acesso irregular;Tombamento;Com Vítimas Feridas;Plena Noite;Crescente;Céu Claro;Simples;Curva;Não;2;0;1;0;1;1;0;2;-27,01609797;-51,73339843;SPRF-SC;DEL07/SC;UOP05-DEL07-SC
753662;20/02/2026;sexta-feira;23:19:00;RN;101;72;SAO GONCALO DO AMARANTE;Acessar a via sem observar a presença dos outros veículos;Colisão transversal;Com Vítimas Feridas;Plena Noite;Decrescente;Céu Claro;Simples;Reta;Não;2;0;1;1;2;0;0;2;-5,7487693;-35,3265666;SPRF-RN;DEL02-RN;UOP01-DEL02-RN
753666;20/02/2026;sexta-feira;23:50:00;SC;101;124,8;ITAJAI;Ausência de reação do condutor;Saída de leito carroçável;Sem Vítimas;Plena Noite;Crescente;Nublado;Dupla;Reta;Não;1;0;0;0;0;1;0;1;-26,94727013;-48,68477717;SPRF-SC;DEL04/SC;UOP04-DEL04-SC
753667;21/02/2026;sábado;00:10:00;PI;316;311;PICOS;Ingestão de álcool pelo condutor;Colisão com objeto;Sem Vítimas;Plena Noite;Decrescente;Céu Claro;Dupla;Reta;Sim;1;0;0;0;0;1;0;1;-7,07974791;-41,46024895;SPRF-PI;DEL04-PI;UOP01-DEL04-PI
753668;21/02/2026;sábado;00:30:00;GO;50;306,9;CUMARI;Condutor Dormindo;Colisão com objeto;Sem Vítimas;Plena Noite;Crescente;Chuva;Dupla;Curva;Não;2;0;0;0;0;2;0;1;-18,39419591;-48,07099324;SPRF-GO;DEL06/GO;UOP01-DEL06-GO
753669;20/02/2026;sexta-feira;22:30:00;SC;101;86,5;BARRA VELHA;Acessar a via sem observar a presença dos outros veículos;Colisão transversal;Com Vítimas Feridas;Plena Noite;Crescente;Chuva;Simples;"Reta;Viaduto";Sim;5;0;2;0;2;3;0;2;-26,71928745;-48,70215353;SPRF-SC;DEL03/SC;UOP02-DEL03-SC
753671;21/02/2026;sábado;01:15:00;GO;153;309;RIALMA;Condutor Dormindo;Colisão frontal;Com Vítimas Feridas;Plena Noite;Decrescente;Chuva;Simples;"Reta;Declive;Em Obras";Não;5;0;3;1;4;1;0;2;-15,38646821;-49,55113504;SPRF-GO;DEL02/GO;UOP02-DEL02-GO
753672;20/02/2026;sexta-feira;23:30:00;RS;392;289,8;SAO SEPE;Animais na Pista;Saída de leito carroçável;Com Vítimas Feridas;Plena Noite;Crescente;Nublado;Simples;"Declive;Curva";Não;2;0;2;0;2;0;0;1;-30,222251;-53,560226;SPRF-RS;DEL09/RS;UOP02-DEL09-RS
753673;21/02/2026;sábado;01:44:00;RN;304;36;MOSSORO;Acessar a via sem observar a presença dos outros veículos;Atropelamento de Pedestre;Com Vítimas Fatais;Plena Noite;Crescente;Céu Claro;Dupla;Reta;Sim;2;1;0;1;1;0;0;2;-5,171356;-37,358704;SPRF-RN;DEL04-RN;UOP02-DEL04-RN
753674;21/02/2026;sábado;01:05:00;MT;364;282;JACIARA;Ausência de reação do condutor;Queda de ocupante de veículo;Com Vítimas Feridas;Plena Noite;Decrescente;Nublado;Dupla;"Aclive;Curva";Não;2;0;0;2;2;0;0;1;-15,912622;-55,035032;SPRF-MT;DEL05/MT;UOP02-DEL05-MT
753675;21/02/2026;sábado;01:10:00;RS;386;30;FREDERICO WESTPHALEN;Transitar na contramão;Colisão lateral sentido oposto;Sem Vítimas;Plena Noite;Decrescente;Céu Claro;Simples;Curva;Sim;2;0;0;0;0;2;0;2;-27,30880792;-53,37784164;SPRF-RS;DEL08/RS;UOP02-DEL08-RS
753677;21/02/2026;sábado;23:20:00;PI;230;272,3;OEIRAS;Ingestão de álcool pelo condutor;Colisão com objeto;Com Vítimas Feridas;Plena Noite;Crescente;Céu Claro;Dupla;Reta;Sim;1;0;1;0;1;0;0;1;-7,01293371;-42,13371313;SPRF-PI;DEL03-PI;UOP01-DEL03-PI
753678;21/02/2026;sábado;04:08:00;RS;158;325;SANTA MARIA;Animais na Pista;Atropelamento de Animal;Com Vítimas Feridas;Plena Noite;Decrescente;Céu Claro;Dupla;Reta;Sim;1;0;1;0;1;0;0;1;-29,706261;-53,797876;SPRF-RS;DEL09/RS;UOP01-DEL09-RS
753680;21/02/2026;sábado;02:00:00;SP;116;439;REGISTRO;Transitar na contramão;Colisão frontal;Com Vítimas Feridas;Plena Noite;Decrescente;Céu Claro;Dupla;Viaduto;Sim;2;0;1;0;1;1;0;2;-24,458647;-47,81434;SPRF-SP;DEL05/SP;UOP01-DEL05-SP
753683;20/02/2026;sexta-feira;20:00:00;MG;381;731,8;CARMO DA CACHOEIRA;Chuva;Colisão com objeto;Com Vítimas Feridas;Plena Noite;Decrescente;Chuva;Dupla;Curva;Não;3;0;2;0;2;1;0;1;-21,517405;-45,22197;SPRF-MG;DEL16/MG;UOP02-DEL16-MG
753685;21/02/2026;sábado;05:15:00;PE;408;88;SAO LOURENCO DA MATA;Acesso irregular;Colisão lateral mesmo sentido;Com Vítimas Feridas;Amanhecer;Crescente;Céu Claro;Dupla;Reta;Sim;3;0;1;1;2;0;0;2;-8,0217229;-35,040785;SPRF-PE;DEL01/PE;UOP01-DEL01-PE
753687;21/02/2026;sábado;03:50:00;PR;277;111,5;CAMPO LARGO;Velocidade Incompatível;Saída de leito carroçável;Sem Vítimas;Plena Noite;Crescente;Céu Claro;Dupla;Reta;Sim;1;0;0;0;0;0;1;1;-25,432215;-49,401192;SPRF-PR;DEL01/PR;UOP07-DEL01-PR
753688;21/02/2026;sábado;02:50:00;SC;282;481,5;VARGEAO;Acessar a via sem observar a presença dos outros veículos;Colisão transversal;Sem Vítimas;Plena Noite;Crescente;Céu Claro;Simples;Reta;Não;2;0;0;0;0;1;0;2;-26,870557;-52,198217;SPRF-SC;DEL07/SC;UOP01-DEL07-SC
753689;21/02/2026;sábado;01:30:00;MG;50;126,6;UBERABA;Velocidade Incompatível;Colisão lateral mesmo sentido;Com Vítimas Feridas;Plena Noite;Decrescente;Garoa/Chuvisco;Dupla;Curva;Não;22;0;1;1;2;20;0;2;-19,37050671;-48,08166504;SPRF-MG;DEL13/MG;UOP01-DEL13-MG
753690;21/02/2026;sábado;05:45:00;SC;101;44;JOINVILLE;Condutor deixou de manter distância do veículo da frente;Colisão traseira;Com Vítimas Feridas;Amanhecer;Crescente;Chuva;Dupla;Reta;Sim;2;0;0;1;1;0;0;2;-26,341042;-48,858952;SPRF-SC;DEL03/SC;UOP01-DEL03-SC
753692;21/02/2026;sábado;05:50:00;MG;381;678,2;PERDOES;Condutor Dormindo;Colisão com objeto;Com Vítimas Feridas;Pleno dia;Decrescente;Nublado;Dupla;"Declive;Reta";Não;1;0;1;0;1;0;0;1;-21,11396922;-45,09347472;SPRF-MG;DEL04/MG;UOP02-DEL04-MG
753693;21/02/2026;sábado;06:40:00;MG;40;656;CRISTIANO OTONI;Reação tardia ou ineficiente do condutor;Saída de leito carroçável;Com Vítimas Feridas;Pleno dia;Decrescente;Chuva;Dupla;Curva;Não;1;0;1;0;1;0;0;1;-20,8801336;-43,8008702;SPRF-MG;DEL05/MG;UOP02-DEL05-MG
753694;21/02/2026;sábado;06:00:00;SC;101;187;BIGUACU;Reação tardia ou ineficiente do condutor;Atropelamento de Pedestre;Com Vítimas Feridas;Pleno dia;Crescente;Nublado;Dupla;Reta;Não;2;0;0;1;1;0;0;2;-27,44088672;-48,6273907;SPRF-SC;DEL01/SC;UOP01-DEL01-SC
753695;21/02/2026;sábado;06:20:00;RO;364;694;PORTO VELHO;Acumulo de areia ou detritos sobre o pavimento;Tombamento;Com Vítimas Feridas;Amanhecer;Crescente;Nublado;Dupla;Desvio Temporário;Não;1;0;1;0;1;0;0;1;-8,80029;-63,7199;SPRF-RO;DEL01-RO;UOP01-DEL01-RO
753698;21/02/2026;sábado;06:30:00;MG;116;538,4;SANTA RITA DE MINAS;Acessar a via sem observar a presença dos outros veículos;Colisão traseira;Com Vítimas Feridas;Amanhecer;Decrescente;Sol;Simples;"Curva;Aclive";Não;2;0;0;1;1;1;0;2;-19,882492;-42,13266;SPRF-MG;DEL06/MG;UOP02-DEL06-MG
753699;20/02/2026;sexta-feira;22:00:00;RO;425;118;GUAJARA-MIRIM;Frear bruscamente;Colisão traseira;Com Vítimas Feridas;Plena Noite;Crescente;Nublado;Simples;Reta;Não;3;0;2;0;2;1;0;2;-10,70783987;-65,27355194;SPRF-RO;DEL01-RO;UOP03-DEL01-RO
753700;21/02/2026;sábado;07:41:00;PE;232;9,7;JABOATAO DOS GUARARAPES;Acumulo de areia ou detritos sobre o pavimento;Queda de ocupante de veículo;Com Vítimas Feridas;Pleno dia;Decrescente;Céu Claro;Múltipla;Reta;Sim;1;0;1;0;1;0;0;1;-8,07870667;-34,98289833;SPRF-PE;DEL01/PE;UOP01-DEL01-PE
753701;20/02/2026;sexta-feira;12:00:00;RJ;465;17;SEROPEDICA;Demais falhas mecânicas ou elétricas;Incêndio;Sem Vítimas;Pleno dia;Decrescente;Céu Claro;Simples;Reta;Sim;2;0;0;0;0;2;0;1;-22,73733361;-43,70901911;SPRF-RJ;DEL06/RJ;UOP02-DEL06-RJ
753702;21/02/2026;sábado;07:00:00;RJ;116;186;NOVA IGUACU;Ausência de reação do condutor;Queda de ocupante de veículo;Com Vítimas Feridas;Pleno dia;Decrescente;Nublado;Dupla;Reta;Sim;2;0;1;0;1;0;0;2;-22,739213;-43,495486;SPRF-RJ;DEL06/RJ;UOP01-DEL06-RJ
753703;21/02/2026;sábado;08:30:00;RN;406;149;CEARA-MIRIM;Manobra de mudança de faixa;Colisão transversal;Com Vítimas Feridas;Pleno dia;Crescente;Céu Claro;Simples;Reta;Sim;7;0;1;0;1;6;0;2;-5,649522;-35,43394;SPRF-RN;DEL02-RN;UOP01-DEL02-RN
753704;21/02/2026;sábado;08:30:00;SP;116;515;CAJATI;Acumulo de água sobre o pavimento;Saída de leito carroçável;Sem Vítimas;Pleno dia;Decrescente;Garoa/Chuvisco;Dupla;Curva;Não;1;0;0;0;0;1;0;1;-24,864956;-48,211681;SPRF-SP;DEL05/SP;UOP02-DEL05-SP
753705;21/02/2026;sábado;09:00:00;BA;101;800;ITAMARAJU;Condutor deixou de manter distância do veículo da frente;Queda de ocupante de veículo;Com Vítimas Feridas;Pleno dia;Crescente;Garoa/Chuvisco;Simples;Reta;Não;3;0;2;0;2;0;0;2;-16,951993;-39,555478;SPRF-BA;DEL09/BA;UOP01-DEL09-BA
753707;21/02/2026;sábado;06:40:00;BA;324;568;SAO SEBASTIAO DO PASSE;Condutor deixou de manter distância do veículo da frente;Colisão traseira;Com Vítimas Feridas;Pleno dia;Crescente;Nublado;Dupla;"Reta;Declive";Não;2;0;1;0;1;1;0;2;-12,54819629;-38,57883453;SPRF-BA;DEL01/BA;UOP01-DEL01-BA
753708;21/02/2026;sábado;05:32:00;MT;163;760;SORRISO;Afundamento ou ondulação no pavimento;Queda de ocupante de veículo;Sem Vítimas;Pleno dia;Decrescente;Céu Claro;Simples;"Reta;Declive";Não;1;0;0;0;0;0;1;1;-12,48460777;-55,6801191;SPRF-MT;DEL06/MT;UOP01-DEL06-MT
753710;21/02/2026;sábado;08:30:00;MT;174;296;PONTES E LACERDA;Reação tardia ou ineficiente do condutor;Tombamento;Com Vítimas Feridas;Pleno dia;Crescente;Céu Claro;Simples;Reta;Não;2;0;1;0;1;1;0;1;-15,1837167;-59,3251533;SPRF-MT;DEL04/MT;UOP01-DEL04-MT
753711;27/01/2026;terça-feira;14:52:00;PE;101;25;ITAPISSUMA;Manobra de mudança de faixa;Capotamento;Com Vítimas Feridas;Pleno dia;Crescente;Céu Claro;Dupla;"Aclive;Curva";Não;6;0;1;0;1;4;0;2;-7,697977;-34,921793;SPRF-PE;DEL01/PE;UOP02-DEL01-PE
753712;21/02/2026;sábado;09:15:00;PB;104;107,6;SAO SEBASTIAO DE LAGOA DE  ROCA;Animais na Pista;Atropelamento de Animal;Com Vítimas Feridas;Pleno dia;Crescente;Sol;Simples;Reta;Sim;1;0;0;1;1;0;0;1;-7,108035;-35,867935;SPRF-PB;DEL02-PB;UOP04-DEL02-PB
753713;21/02/2026;sábado;08:00:00;PR;476;228,3;LAPA;Acessar a via sem observar a presença dos outros veículos;Colisão lateral mesmo sentido;Com Vítimas Feridas;Pleno dia;Crescente;Nublado;Simples;Reta;Não;2;0;2;0;2;0;0;2;-25,8673573;-49,9774513;SPRF-PR;DEL02/PR;UOP03-DEL02-PR
753716;21/02/2026;sábado;10:30:00;PR;116;0,1;QUATRO BARRAS;Velocidade Incompatível;Colisão com objeto;Com Vítimas Feridas;Pleno dia;Decrescente;Nublado;Dupla;Retorno Regulamentado;Sim;1;0;1;0;1;0;0;1;-25,34664506;-49,04646325;SPRF-PR;DEL01/PR;UOP02-DEL01-PR
753717;21/02/2026;sábado;09:00:00;RS;116;504,6;PELOTAS;Pista esburacada;Queda de ocupante de veículo;Com Vítimas Feridas;Pleno dia;Crescente;Céu Claro;Dupla;Reta;Não;1;0;0;1;1;0;0;1;-31,58768;-52,279158;SPRF-RS;DEL07/RS;UOP01-DEL07-RS
753718;21/02/2026;sábado;08:30:00;RS;290;524,1;CACEQUI;Ausência de reação do condutor;Saída de leito carroçável;Com Vítimas Feridas;Pleno dia;Decrescente;Céu Claro;Simples;Reta;Não;3;0;2;0;2;1;0;1;-30,06335061;-55,29351203;SPRF-RS;DEL11/RS;UOP02-DEL11-RS
753719;21/02/2026;sábado;09:29:00;PA;163;993;SANTAREM;Demais falhas mecânicas ou elétricas;Tombamento;Com Vítimas Feridas;Pleno dia;Decrescente;Céu Claro;Simples;Reta;Não;2;0;1;0;1;1;0;1;-2,521325;-54,72275333;SPRF-PA;DEL05/PA;UOP01-DEL05-PA
753720;21/02/2026;sábado;09:00:00;RJ;101;399;RIO DE JANEIRO;Demais falhas mecânicas ou elétricas;Queda de ocupante de veículo;Com Vítimas Feridas;Pleno dia;Crescente;Céu Claro;Múltipla;Reta;Sim;1;0;1;0;1;0;0;1;-22,88614785;-43,65189727;SPRF-RJ;DEL03/RJ;UOP01-DEL03-RJ
753721;21/02/2026;sábado;11:11:00;RS;472;578;URUGUAIANA;Velocidade Incompatível;Saída de leito carroçável;Com Vítimas Feridas;Pleno dia;Crescente;Céu Claro;Simples;Reta;Sim;4;0;2;0;2;2;0;1;-29,78338151;-57,07118176;SPRF-RS;DEL13/RS;UOP01-DEL13-RS
753722;21/02/2026;sábado;09:30:00;MG;381;507;SAO JOAQUIM DE BICAS;Acessar a via sem observar a presença dos outros veículos;Colisão traseira;Com Vítimas Feridas;Pleno dia;Crescente;Nublado;Dupla;"Aclive;Curva";Não;2;0;1;0;1;0;0;2;-20,04550046;-44,27391918;SPRF-MG;DEL01/MG;UOP03-DEL01-MG
753724;21/02/2026;sábado;11:30:00;BA;407;4;JUAZEIRO;Acessar a via sem observar a presença dos outros veículos;Colisão transversal;Com Vítimas Feridas;Pleno dia;Decrescente;Nublado;Simples;Em Obras;Sim;2;0;1;0;1;1;0;2;-9,442393;-40,49314;SPRF-PE;DEL06/PE;UOP01-DEL06-PE
753725;21/02/2026;sábado;10:30:00;MT;364;199;RONDONOPOLIS;Acessar a via sem observar a presença dos outros veículos;Colisão traseira;Com Vítimas Feridas;Pleno dia;Crescente;Céu Claro;Dupla;Interseção de Vias;Sim;3;0;1;1;2;1;0;2;-16,41682217;-54,70659822;SPRF-MT;DEL02/MT;UOP01-DEL02-MT
753726;21/02/2026;sábado;08:50:00;RS;116;207,4;PICADA CAFE;Transitar na contramão;Colisão frontal;Com Vítimas Feridas;Pleno dia;Crescente;Céu Claro;Simples;Curva;Sim;5;0;0;1;1;4;0;2;-29,49997;-51,11825;SPRF-RS;DEL05/RS;UOP02-DEL05-RS
753727;21/02/2026;sábado;11:40:00;MG;381;511,3;IGARAPE;Acessar a via sem observar a presença dos outros veículos;Colisão transversal;Com Vítimas Feridas;Pleno dia;Crescente;Céu Claro;Dupla;Interseção de Vias;Sim;3;0;3;0;3;0;0;2;-20,0619282;-44,29316671;SPRF-MG;DEL01/MG;UOP03-DEL01-MG
753728;21/02/2026;sábado;10:00:00;PI;316;309;PICOS;Transitar no Acostamento;Colisão frontal;Com Vítimas Feridas;Pleno dia;Crescente;Céu Claro;Simples;Reta;Sim;2;0;1;0;1;1;0;2;-7,077573;-41,481947;SPRF-PI;DEL04-PI;UOP01-DEL04-PI
753729;21/02/2026;sábado;11:00:00;PR;116;26;CAMPINA GRANDE DO SUL;Chuva;Saída de leito carroçável;Com Vítimas Feridas;Pleno dia;Decrescente;Garoa/Chuvisco;Simples;Curva;Não;2;0;2;0;2;0;0;1;-25,10834;-48,787265;SPRF-PR;DEL01/PR;UOP02-DEL01-PR
753730;21/02/2026;sábado;10:50:00;PR;116;39;CAMPINA GRANDE DO SUL;Reação tardia ou ineficiente do condutor;Capotamento;Com Vítimas Feridas;Pleno dia;Decrescente;Nublado;Dupla;Curva;Não;2;0;2;0;2;0;0;1;-25,2766476;-48,92476916;SPRF-PR;DEL01/PR;UOP02-DEL01-PR
753731;21/02/2026;sábado;12:10:00;SC;101;141;ITAPEMA;Condutor deixou de manter distância do veículo da frente;Colisão traseira;Com Vítimas Feridas;Pleno dia;Decrescente;Céu Claro;Dupla;Curva;Sim;2;0;1;0;1;1;0;2;-27,05779249;-48,59748451;SPRF-SC;DEL04/SC;UOP03-DEL04-SC
753732;21/02/2026;sábado;10:35:00;RO;319;141;PORTO VELHO;Condutor desrespeitou a iluminação vermelha do semáforo;Colisão transversal;Com Vítimas Feridas;Pleno dia;Decrescente;Sol;Múltipla;Interseção de Vias;Sim;3;0;1;0;1;1;0;3;-8,74472146;-63,88886368;SPRF-RO;DEL01-RO;UOP01-DEL01-RO
753734;21/02/2026;sábado;12:29:00;SP;116;197;ARUJA;Velocidade Incompatível;Queda de ocupante de veículo;Com Vítimas Feridas;Pleno dia;Crescente;Céu Claro;Dupla;Reta;Sim;3;0;1;0;1;2;0;3;-23,399441;-46,301123;SPRF-SP;DEL01/SP;UOP01-DEL01-SP
753735;21/02/2026;sábado;12:40:00;MG;381;2;BETIM;Ausência de reação do condutor;Queda de ocupante de veículo;Com Vítimas Feridas;Pleno dia;Crescente;Chuva;Dupla;Curva;Não;1;0;1;0;1;0;0;1;-19,97978295;-44,16089129;SPRF-MG;DEL01/MG;UOP03-DEL01-MG
753736;21/02/2026;sábado;11:45:00;SP;116;147;SAO JOSE DOS CAMPOS;Afundamento ou ondulação no pavimento;Colisão com objeto;Com Vítimas Feridas;Pleno dia;Decrescente;Céu Claro;Dupla;Reta;Sim;1;0;1;0;1;0;0;1;-23,19618119;-45,87335847;SPRF-SP;DEL02/SP;UOP01-DEL02-SP
753738;21/02/2026;sábado;11:48:00;PE;101;70,4;RECIFE;Condutor deixou de manter distância do veículo da frente;Colisão traseira;Com Vítimas Feridas;Pleno dia;Crescente;Céu Claro;Dupla;Reta;Sim;4;0;2;0;2;1;0;3;-8,06809;-34,9426;SPRF-PE;DEL01/PE;UOP01-DEL01-PE
753740;21/02/2026;sábado;12:53:00;GO;60;93;ANAPOLIS;Reação tardia ou ineficiente do condutor;Tombamento;Com Vítimas Feridas;Pleno dia;Crescente;Garoa/Chuvisco;Dupla;"Aclive;Reta;Interseção de Vias";Sim;1;0;0;1;1;0;0;1;-16,35311084;-48,9222965;SPRF-GO;DEL02/GO;UOP01-DEL02-GO
753741;21/02/2026;sábado;11:45:00;MG;40;632,1;CONSELHEIRO LAFAIETE;Acessar a via sem observar a presença dos outros veículos;Colisão lateral mesmo sentido;Com Vítimas Feridas;Pleno dia;Crescente;Céu Claro;Simples;"Interseção de Vias;Em Obras";Sim;2;0;1;0;1;1;0;2;-20,68872965;-43,79061777;SPRF-MG;DEL05/MG;UOP02-DEL05-MG
753745;21/02/2026;sábado;13:25:00;SP;381;57;MAIRIPORA;Manobra de mudança de faixa;Colisão lateral mesmo sentido;Com Vítimas Feridas;Pleno dia;Crescente;Sol;Dupla;Reta;Sim;3;0;2;0;2;1;0;2;-23,27200158;-46,58479929;SPRF-SP;DEL03/SP;UOP01-DEL03-SP
753748;21/02/2026;sábado;11:20:00;PA;316;71;CASTANHAL;Reação tardia ou ineficiente do condutor;Saída de leito carroçável;Com Vítimas Feridas;Pleno dia;Crescente;Nublado;Simples;Reta;Não;1;0;0;1;1;0;0;1;-1,289251;-47,84322;SPRF-PA;DEL01/PA;UOP01-DEL01-PA
753749;21/02/2026;sábado;12:00:00;BA;415;55;ITABUNA;Curva acentuada;Saída de leito carroçável;Com Vítimas Feridas;Pleno dia;Crescente;Céu Claro;Simples;Curva;Não;3;0;3;0;3;0;0;1;-14,849123;-39,385115;SPRF-BA;DEL05/BA;UOP01-DEL05-BA
753750;21/02/2026;sábado;13:30:00;GO;251;26,9;CRISTALINA;Acessar a via sem observar a presença dos outros veículos;Colisão transversal;Com Vítimas Fatais;Pleno dia;Decrescente;Nublado;Simples;Reta;Sim;2;1;0;0;0;1;0;2;-16,09854346;-47,50363648;SPRF-DF;DEL01-DF;UOP01-DEL01-DF
753752;21/02/2026;sábado;13:40:00;PR;163;302;MERCEDES;Acumulo de areia ou detritos sobre o pavimento;Colisão com objeto;Com Vítimas Feridas;Pleno dia;Crescente;Céu Claro;Simples;Reta;Não;3;0;1;0;1;2;0;1;-24,44613383;-54,16211486;SPRF-PR;DEL06/PR;UOP02-DEL06-PR
753755;21/02/2026;sábado;13:00:00;MT;163;994;TERRA NOVA DO NORTE;Acessar a via sem observar a presença dos outros veículos;Colisão transversal;Com Vítimas Fatais;Pleno dia;Crescente;Céu Claro;Simples;"Interseção de Vias;Reta";Não;3;1;0;0;0;2;0;2;-10,5434742;-55,08493532;SPRF-MT;DEL06/MT;UOP03-DEL06-MT
753756;21/02/2026;sábado;13:40:00;PR;376;444;TIBAGI;Velocidade Incompatível;Saída de leito carroçável;Com Vítimas Feridas;Pleno dia;Crescente;Nublado;Dupla;Curva;Não;1;0;1;0;1;0;0;1;-24,87625289;-50,44313047;SPRF-PR;DEL03/PR;UOP02-DEL03-PR
753757;21/02/2026;sábado;07:53:00;BA;367;34;PORTO SEGURO;Acessar a via sem observar a presença dos outros veículos;Saída de leito carroçável;Sem Vítimas;Pleno dia;Decrescente;Sol;Simples;"Reta;Interseção de Vias";Sim;2;0;0;0;0;2;0;2;-16,4145182;-39,1619865;SPRF-BA;DEL09/BA;UOP03-DEL09-BA
753758;21/02/2026;sábado;13:45:00;SP;116;218;GUARULHOS;Trafegar com motocicleta (ou similar) entre as faixas;Tombamento;Com Vítimas Feridas;Pleno dia;Decrescente;Nublado;Múltipla;"Aclive;Reta";Não;2;0;1;0;1;0;0;2;-23,459622;-46,483842;SPRF-SP;DEL01/SP;UOP01-DEL01-SP
753759;21/02/2026;sábado;14:35:00;TO;153;785;TALISMA;Ausência de reação do condutor;Colisão transversal;Com Vítimas Feridas;Pleno dia;Crescente;Nublado;Simples;Reta;Não;2;0;1;0;1;1;0;2;-12,70662032;-49,07425225;SPRF-TO;DEL01-TO;UOP02-DEL01-TO
753762;21/02/2026;sábado;15:00:00;SP;116;159;JACAREI;Reação tardia ou ineficiente do condutor;Colisão traseira;Com Vítimas Feridas;Pleno dia;Crescente;Céu Claro;Dupla;Reta;Sim;3;0;1;0;1;2;0;2;-23,26697224;-45,9618187;SPRF-SP;DEL02/SP;UOP01-DEL02-SP
753763;21/02/2026;sábado;13:40:00;PR;116;24,5;CAMPINA GRANDE DO SUL;Velocidade Incompatível;Tombamento;Com Vítimas Feridas;Pleno dia;Decrescente;Chuva;Dupla;Curva;Não;1;0;1;0;1;0;0;1;-25,11169167;-48,77931726;SPRF-PR;DEL01/PR;UOP02-DEL01-PR
753764;21/02/2026;sábado;14:00:00;SC;282;617;IRACEMINHA;Acessar a via sem observar a presença dos outros veículos;Colisão transversal;Com Vítimas Feridas;Pleno dia;Decrescente;Céu Claro;Simples;Rotatória;Não;4;0;2;0;2;2;0;2;-26,78258341;-53,28433782;SPRF-SC;DEL07/SC;UOP02-DEL07-SC
753767;21/02/2026;sábado;15:25:00;PR;476;174,8;CONTENDA;Acessar a via sem observar a presença dos outros veículos;Saída de leito carroçável;Com Vítimas Feridas;Pleno dia;Decrescente;Garoa/Chuvisco;Simples;Reta;Não;2;0;1;0;1;1;0;2;-25,69318;-49,549958;SPRF-PR;DEL01/PR;UOP06-DEL01-PR
753768;21/02/2026;sábado;15:30:00;GO;40;94,9;CRISTALINA;Desrespeitar a preferência no cruzamento;Colisão transversal;Sem Vítimas;Pleno dia;Crescente;Céu Claro;Simples;"Reta;Interseção de Vias";Sim;2;0;0;0;0;2;0;2;-16,750755;-47,607563;SPRF-DF;DEL01-DF;UOP02-DEL01-DF
753769;21/02/2026;sábado;16:00:00;SC;282;536,4;CHAPECO;Velocidade Incompatível;Colisão com objeto;Com Vítimas Feridas;Pleno dia;Crescente;Céu Claro;Simples;"Curva;Viaduto";Não;1;0;1;0;1;0;0;1;-26,99920174;-52,6461181;SPRF-SC;DEL07/SC;UOP01-DEL07-SC
753770;21/02/2026;sábado;15:55:00;PE;428;6,9;CABROBO;Manobra de mudança de faixa;Colisão frontal;Com Vítimas Feridas;Pleno dia;Crescente;Sol;Simples;Reta;Não;2;0;0;1;1;1;0;2;-8,5112825;-39,3065158;SPRF-PE;DEL05/PE;UOP03-DEL05-PE