id;data_inversa;dia_semana;horario;uf;br;km;municipio;causa_acidente;tipo_acidente;classificacao_acidente;fase_dia;sentido_via;condicao_metereologica;tipo_pista;tracado_via;uso_solo;pessoas;mortos;feridos_leves;feridos_graves;feridos;ilesos;ignorados;veiculos;latitude;longitude;regional;delegacia;uop
754013;22/02/2026;domingo;15:00:00;RJ;116;180;NOVA IGUACU;Reação tardia ou ineficiente do condutor;Colisão com objeto;Com Vítimas Feridas;Pleno dia;Decrescente;Nublado;Dupla;"Aclive;Reta";Sim;1;0;0;1;1;0;0;1;-22,7638498;-43,41870753;SPRF-RJ;DEL06/RJ;UOP01-DEL06-RJ
754014;22/02/2026;domingo;16:00:00;RJ;40;115,3;DUQUE DE CAXIAS;Demais falhas mecânicas ou elétricas;Tombamento;Com Vítimas Fatais;Pleno dia;Crescente;Nublado;Múltipla;Reta;Não;2;1;0;1;1;0;0;1;-22,72926958;-43,2887207;SPRF-RJ;DEL01/RJ;UOP02-DEL01-RJ
754015;22/02/2026;domingo;19:20:00;PR;277;16,3;PARANAGUA;Velocidade Incompatível;Saída de leito carroçável;Com Vítimas Feridas;Plena Noite;Crescente;Garoa/Chuvisco;Dupla;Reta;Não;2;0;2;0;2;0;0;1;-25,54838939;-48,6752793;SPRF-PR;DEL01/PR;UOP05-DEL01-PR
754017;22/02/2026;domingo;18:10:00;GO;60;228;CEZARINA;Avarias e/ou desgaste excessivo no pneu;Saída de leito carroçável;Sem Vítimas;Anoitecer;Crescente;Céu Claro;Dupla;"Reta;Declive";Não;1;0;0;0;0;1;0;1;-17,049153;-49,786106;SPRF-GO;DEL01/GO;UOP02-DEL01-GO
754018;22/02/2026;domingo;16:30:00;MG;116;537,9;SANTA RITA DE MINAS;Condutor deixou de manter distância do veículo da frente;Colisão traseira;Sem Vítimas;Pleno dia;Decrescente;Nublado;Simples;"Ponte;Reta";Sim;4;0;0;0;0;4;0;2;-19,87803082;-42,13099122;SPRF-MG;DEL06/MG;UOP02-DEL06-MG
754019;22/02/2026;domingo;19:00:00;PB;101;78;SANTA RITA;Reação tardia ou ineficiente do condutor;Saída de leito carroçável;Com Vítimas Fatais;Plena Noite;Crescente;Nublado;Dupla;"Desvio Temporário;Reta;Em Obras";Não;1;1;0;0;0;0;0;1;-7,1058231;-34,96380597;SPRF-PB;DEL01-PB;UOP03-DEL01-PB
754020;22/02/2026;domingo;18:20:00;RS;290;297,2;CACHOEIRA DO SUL;Reação tardia ou ineficiente do condutor;Colisão com objeto;Sem Vítimas;Anoitecer;Crescente;Céu Claro;Simples;"Ponte;Reta";Não;1;0;0;0;0;1;0;1;-30,31156978;-53,18030834;SPRF-RS;DEL09/RS;UOP02-DEL09-RS
754021;22/02/2026;domingo;19:00:00;PR;116;6;CAMPINA GRANDE DO SUL;Acumulo de água sobre o pavimento;Saída de leito carroçável;Com Vítimas Feridas;Plena Noite;Crescente;Chuva;Dupla;Curva;Não;4;0;3;0;3;1;0;1;-25,08105133;-48,62282753;SPRF-PR;DEL01/PR;UOP02-DEL01-PR
754022;22/02/2026;domingo;18:40:00;MT;174;280;PONTES E LACERDA;Acessar a via sem observar a presença dos outros veículos;Colisão lateral mesmo sentido;Com Vítimas Feridas;Plena Noite;Crescente;Nublado;Simples;Reta;Não;4;0;2;1;3;1;0;2;-15,3011034;-59,2614887;SPRF-MT;DEL04/MT;UOP01-DEL04-MT
754023;22/02/2026;domingo;16:00:00;MG;40;494;PEDRO LEOPOLDO;Demais falhas na via;Saída de leito carroçável;Sem Vítimas;Pleno dia;Crescente;Chuva;Dupla;Reta;Não;1;0;0;0;0;0;1;1;-19,61962846;-44,03835297;SPRF-MG;DEL02/MG;UOP01-DEL02-MG
754025;22/02/2026;domingo;18:35:00;RO;421;45,6;MONTE NEGRO;Mal súbito do condutor;Tombamento;Com Vítimas Feridas;Anoitecer;Crescente;Nublado;Simples;Reta;Não;2;0;2;0;2;0;0;1;-10,239953;-63,267447;SPRF-RO;DEL03-RO;UOP01-DEL03-RO
754026;22/02/2026;domingo;19:46:00;PE;104;62,4;CARUARU;Ingestão de álcool pelo condutor;Colisão traseira;Com Vítimas Feridas;Plena Noite;Crescente;Céu Claro;Dupla;Reta;Sim;3;0;1;0;1;2;0;2;-8,25734;-35,97588;SPRF-PE;DEL02/PE;UOP01-DEL02-PE
754027;22/02/2026;domingo;10:15:00;MG;381;379;SAO GONCALO DO RIO ABAIXO;Ausência de reação do condutor;Colisão com objeto;Com Vítimas Feridas;Pleno dia;Decrescente;Sol;Simples;Reta;Sim;1;0;1;0;1;0;0;1;-19,82129696;-43,38947296;SPRF-MG;DEL01/MG;UOP01-DEL01-MG
754028;22/02/2026;domingo;19:44:00;RJ;101;470;ANGRA DOS REIS;Demais falhas mecânicas ou elétricas;Incêndio;Sem Vítimas;Plena Noite;Decrescente;Chuva;Simples;Reta;Não;1;0;0;0;0;1;0;1;-22,99497273;-44,23036158;SPRF-RJ;DEL03/RJ;UOP03-DEL03-RJ
754029;22/02/2026;domingo;20:15:00;SC;282;5,3;SAO JOSE;Reação tardia ou ineficiente do condutor;Engavetamento;Sem Vítimas;Plena Noite;Decrescente;Nublado;Dupla;Reta;Sim;5;0;0;0;0;5;0;3;-27,58722484;-48,61539245;SPRF-SC;DEL01/SC;UOP01-DEL01-SC
754032;22/02/2026;domingo;20:05:00;AL;316;159;PALMEIRA DOS INDIOS;Manobra de mudança de faixa;Colisão transversal;Sem Vítimas;Plena Noite;Decrescente;Céu Claro;Simples;"Reta;Aclive";Não;2;0;0;0;0;1;0;2;-9,440753;-36,607218;SPRF-AL;DEL03-AL;UOP01-DEL03-AL
754033;22/02/2026;domingo;13:07:00;MG;365;210;BURITIZEIRO;Chuva;Queda de ocupante de veículo;Com Vítimas Feridas;Pleno dia;Decrescente;Chuva;Simples;Reta;Não;2;0;1;1;2;0;0;1;-17,53665825;-45,29534251;SPRF-MG;DEL10/MG;UOP02-DEL010-MG
754035;22/02/2026;domingo;17:50:00;RJ;101;57;CAMPOS DOS GOYTACAZES;Acessar a via sem observar a presença dos outros veículos;Colisão transversal;Com Vítimas Feridas;Anoitecer;Crescente;Nublado;Simples;"Interseção de Vias;Reta";Sim;3;0;2;0;2;1;0;2;-21,70226286;-41,31005287;SPRF-RJ;DEL08/RJ;UOP01-DEL08-RJ
754036;22/02/2026;domingo;19:25:00;PI;230;310;FLORIANO;Transitar na contramão;Colisão frontal;Sem Vítimas;Plena Noite;Decrescente;Céu Claro;Simples;Reta;Sim;2;0;0;0;0;2;0;2;-6,7684;-43,010537;SPRF-PI;DEL03-PI;UOP01-DEL03-PI
754038;06/02/2026;sexta-feira;23:05:00;MG;381;433;SABARA;Demais falhas na via;Atropelamento de Pedestre;Com Vítimas Feridas;Plena Noite;Decrescente;Nublado;Simples;Reta;Sim;2;0;1;0;1;1;0;2;-19,79685;-43,7557;SPRF-MG;DEL01/MG;UOP01-DEL01-MG
754039;22/02/2026;domingo;19:40:00;PE;232;171;BELO JARDIM;Reação tardia ou ineficiente do condutor;Saída de leito carroçável;Com Vítimas Feridas;Plena Noite;Crescente;Céu Claro;Simples;Curva;Não;4;0;3;0;3;1;0;1;-8,3423;-36,35257;SPRF-PE;DEL03/PE;UOP02-DEL03-PE
754040;22/02/2026;domingo;20:00:00;SC;101;331;TUBARAO;Desrespeitar a preferência no cruzamento;Colisão transversal;Sem Vítimas;Plena Noite;Decrescente;Céu Claro;Múltipla;"Rotatória;Interseção de Vias";Sim;2;0;0;0;0;2;0;2;-28,466124;-48,995293;SPRF-SC;DEL02/SC;UOP01-DEL02-SC
754042;22/02/2026;domingo;16:04:00;MT;174;510;COMODORO;Avarias e/ou desgaste excessivo no pneu;Tombamento;Com Vítimas Feridas;Pleno dia;Decrescente;Garoa/Chuvisco;Simples;Reta;Não;2;0;0;2;2;0;0;1;-13,46738504;-59,84270096;SPRF-MT;DEL04/MT;UOP02-DEL04-MT
754043;22/02/2026;domingo;20:15:00;MG;146;484,1;POCOS DE CALDAS;Velocidade Incompatível;Colisão com objeto;Sem Vítimas;Plena Noite;Decrescente;Céu Claro;Simples;"Declive;Curva";Não;1;0;0;0;0;1;0;1;-21,80422289;-46,45481944;SPRF-MG;DEL09/MG;UOP01-DEL09-MG
754044;22/02/2026;domingo;20:38:00;PR;277;590;CASCAVEL;Avarias e/ou desgaste excessivo no pneu;Eventos atípicos;Com Vítimas Feridas;Plena Noite;Decrescente;Céu Claro;Simples;Reta;Não;1;0;1;0;1;0;0;1;-24,9768;-53,44498;SPRF-PR;DEL04/PR;UOP01-DEL04-PR
754045;22/02/2026;domingo;19:20:00;RS;470;245;BARAO;Conversão proibida;Colisão transversal;Com Vítimas Feridas;Plena Noite;Crescente;Céu Claro;Simples;Reta;Sim;2;0;1;0;1;1;0;2;-29,37790666;-51,49762845;SPRF-RS;DEL06/RS;UOP01-DEL06-RS
754046;22/02/2026;domingo;20:40:00;SC;282;555,7;NOVA ITABERABA;Ingestão de álcool pelo condutor;Colisão lateral sentido oposto;Com Vítimas Feridas;Plena Noite;Crescente;Céu Claro;Simples;Curva;Não;2;0;2;0;2;0;0;2;-26,93691901;-52,80948978;SPRF-SC;DEL07/SC;UOP01-DEL07-SC
754047;22/02/2026;domingo;20:58:00;RS;285;119;VACARIA;Retorno proibido;Colisão transversal;Com Vítimas Feridas;Plena Noite;Crescente;Nublado;Simples;Interseção de Vias;Sim;2;0;1;0;1;1;0;2;-28,50158318;-50,91924906;SPRF-RS;DEL05/RS;UOP03-DEL05-RS
754048;22/02/2026;domingo;21:20:00;GO;40;10,1;LUZIANIA;Ingestão de álcool pelo condutor;Colisão frontal;Com Vítimas Feridas;Plena Noite;Crescente;Nublado;Dupla;Reta;Não;3;0;0;1;1;1;0;3;-16,13325;-47,95642;SPRF-DF;DEL01-DF;UOP01-DEL01-DF
754049;22/02/2026;domingo;20:15:00;MG;116;534,8;SANTA RITA DE MINAS;Ingestão de álcool pelo condutor;Colisão frontal;Com Vítimas Fatais;Plena Noite;Crescente;Chuva;Simples;Reta;Não;3;1;1;1;2;0;0;2;-19,85649816;-42,14029312;SPRF-MG;DEL06/MG;UOP02-DEL06-MG
754051;22/02/2026;domingo;21:30:00;RS;392;112;CANGUCU;Pedestre andava na pista;Atropelamento de Pedestre;Com Vítimas Fatais;Plena Noite;Crescente;Céu Claro;Simples;Reta;Sim;4;2;0;0;0;2;0;2;-31,44051785;-52,64904857;SPRF-RS;DEL07/RS;UOP01-DEL07-RS
754052;22/02/2026;domingo;18:00:00;MS;262;205;RIBAS DO RIO PARDO;Ausência de reação do condutor;Saída de leito carroçável;Sem Vítimas;Anoitecer;Decrescente;Chuva;Simples;Reta;Não;1;0;0;0;0;0;1;1;-20,46674;-53,442771;SPRF-MS;DEL01/MS;UOP05-DEL01-MS
754055;22/02/2026;domingo;20:00:00;MA;222;657;ACAILANDIA;Entrada inopinada do pedestre;Atropelamento de Pedestre;Com Vítimas Feridas;Plena Noite;Crescente;Céu Claro;Simples;"Reta;Aclive";Não;1;0;0;1;1;0;0;1;-4,87991555;-47,31216442;SPRF-MA;DEL04-MA;UOP03-DEL04-MA
754058;22/02/2026;domingo;10:00:00;MS;463;100;PONTA PORA;Acessar a via sem observar a presença dos outros veículos;Colisão transversal;Com Vítimas Feridas;Pleno dia;Decrescente;Céu Claro;Simples;Reta;Não;2;0;0;1;1;1;0;2;-22,62115;-55,61573;SPRF-MS;DEL04/MS;UOP03-DEL04-MS
754059;22/02/2026;domingo;19:20:00;PB;427;37,5;POMBAL;Acessar a via sem observar a presença dos outros veículos;Colisão transversal;Com Vítimas Feridas;Plena Noite;Crescente;Nublado;Simples;Reta;Sim;3;0;2;0;2;1;0;2;-6,76902848;-37,79481411;SPRF-PB;DEL03-PB;UOP02-DEL03-PB
754060;22/02/2026;domingo;21:18:00;GO;452;41;SANTA HELENA DE GOIAS;Reação tardia ou ineficiente do condutor;Colisão com objeto;Com Vítimas Feridas;Plena Noite;Decrescente;Nublado;Simples;Reta;Não;1;0;1;0;1;0;0;1;-17,9324469;-50,547244;SPRF-GO;DEL04/GO;UOP01-DEL04-GO
754062;22/02/2026;domingo;21:15:00;PR;376;631;SAO JOSE DOS PINHAIS;Ultrapassagem Indevida;Colisão lateral mesmo sentido;Com Vítimas Feridas;Plena Noite;Decrescente;Garoa/Chuvisco;Dupla;"Declive;Reta";Sim;3;0;2;0;2;0;0;2;-25,712701;-49,139195;SPRF-PR;DEL01/PR;UOP04-DEL01-PR
754063;22/02/2026;domingo;19:50:00;MG;267;58,6;GUARARA;Pedestre andava na pista;Atropelamento de Pedestre;Com Vítimas Feridas;Plena Noite;Decrescente;Chuva;Simples;Reta;Não;2;0;0;1;1;1;0;2;-21,72747685;-43,04926291;SPRF-MG;DEL07/MG;UOP01-DEL07-MG
754067;22/02/2026;domingo;22:30:00;GO;153;512,5;APARECIDA DE GOIANIA;Ingestão de álcool pelo condutor;Saída de leito carroçável;Sem Vítimas;Plena Noite;Decrescente;Chuva;Simples;"Reta;Interseção de Vias";Sim;1;0;0;0;0;1;0;1;-16,82429056;-49,24166679;SPRF-GO;DEL01/GO;UOP03-DEL01-GO
754068;22/02/2026;domingo;23:50:00;ES;101;43,2;CONCEICAO DA BARRA;Animais na Pista;Atropelamento de Animal;Com Vítimas Feridas;Plena Noite;Decrescente;Céu Claro;Simples;Declive;Não;1;0;1;0;1;0;0;1;-18,526425;-39,9104911;SPRF-ES;DEL04-ES;UOP02-DEL04-ES
754069;22/02/2026;domingo;20:00:00;BA;235;84;JEREMOABO;Animais na Pista;Atropelamento de Animal;Com Vítimas Feridas;Plena Noite;Crescente;Nublado;Simples;Curva;Não;1;0;0;1;1;0;0;1;-10,103138;-38,381603;SPRF-BA;DEL07/BA;UOP01-DEL07-BA
754070;22/02/2026;domingo;22:30:00;RS;293;441;QUARAI;Animais na Pista;Atropelamento de Animal;Com Vítimas Feridas;Plena Noite;Crescente;Céu Claro;Simples;Curva;Não;4;0;4;0;4;0;0;1;-30,39859343;-56,42903678;SPRF-RS;DEL11/RS;UOP01-DEL11-RS
754071;23/02/2026;segunda-feira;00:05:00;RS;293;441;QUARAI;Velocidade Incompatível;Saída de leito carroçável;Com Vítimas Feridas;Plena Noite;Crescente;Céu Claro;Simples;Reta;Não;2;0;1;1;2;0;0;1;-30,3972088;-56,430351;SPRF-RS;DEL11/RS;UOP01-DEL11-RS
754072;22/02/2026;domingo;20:40:00;MA;230;322;SAO RAIMUNDO DAS MANGABEIRAS;Transitar na contramão;Colisão frontal;Com Vítimas Fatais;Plena Noite;Crescente;Céu Claro;Simples;Reta;Não;2;1;1;0;1;0;0;2;-7,05433;-45,537198;SPRF-MA;DEL05-MA;UOP01-DEL05-MA
754073;22/02/2026;domingo;22:10:00;RO;364;3;JI-PARANA;Ingestão de álcool pelo condutor;Colisão traseira;Com Vítimas Feridas;Plena Noite;Decrescente;Céu Claro;Simples;Reta;Não;3;0;0;2;2;1;0;2;-10,90927065;-61,96545951;SPRF-RO;DEL02-RO;UOP01-DEL02-RO
754075;22/02/2026;domingo;21:00:00;MS;262;349;CAMPO GRANDE;Animais na Pista;Atropelamento de Animal;Com Vítimas Feridas;Plena Noite;Decrescente;Céu Claro;Simples;Reta;Não;1;0;1;0;1;0;0;1;-20,56512525;-54,62189913;SPRF-MS;DEL01/MS;UOP03-DEL01-MS
754078;23/02/2026;segunda-feira;00:20:00;SP;153;63;SAO JOSE DO RIO PRETO;Condutor Dormindo;Saída de leito carroçável;Com Vítimas Feridas;Plena Noite;Decrescente;Chuva;Dupla;"Curva;Declive";Sim;1;0;1;0;1;0;0;1;-20,82299666;-49,35781112;SPRF-SP;DEL09/SP;UOP01-DEL09-SP
754081;23/02/2026;segunda-feira;00:40:00;PR;153;338,4;IRATI;Ausência de reação do condutor;Colisão com objeto;Sem Vítimas;Plena Noite;Crescente;Céu Claro;Simples;"Curva;Declive";Não;1;0;0;0;0;0;1;1;-25,525099;-50,653616;SPRF-PR;DEL08/PR;UOP02-DEL08-PR
754084;23/02/2026;segunda-feira;01:30:00;MT;163;902,6;CLAUDIA;Condutor Dormindo;Saída de leito carroçável;Com Vítimas Feridas;Plena Noite;Decrescente;Nublado;Simples;Reta;Não;1;0;1;0;1;0;0;1;-11,23326713;-55,30426168;SPRF-MT;DEL06/MT;UOP02-DEL06-MT
754085;23/02/2026;segunda-feira;03:30:00;DF;20;8;BRASILIA;Ausência de reação do condutor;Colisão com objeto;Com Vítimas Feridas;Plena Noite;Decrescente;Garoa/Chuvisco;Dupla;"Declive;Reta";Sim;3;0;2;0;2;1;0;1;-15,65192148;-47,77733803;SPRF-DF;DEL02-DF;UOP01-DEL02-DF
754091;23/02/2026;segunda-feira;04:25:00;PE;232;406,2;SERRA TALHADA;Animais na Pista;Atropelamento de Animal;Com Vítimas Fatais;Plena Noite;Decrescente;Céu Claro;Simples;"Declive;Reta";Sim;1;1;0;0;0;0;0;1;-7,986867;-38,264447;SPRF-PE;DEL04/PE;UOP01-DEL04-PE
754092;23/02/2026;segunda-feira;06:00:00;GO;153;443;ANAPOLIS;Condutor deixou de manter distância do veículo da frente;Colisão traseira;Com Vítimas Feridas;Pleno dia;Crescente;Céu Claro;Dupla;"Rotatória;Viaduto";Sim;2;0;1;0;1;1;0;2;-16,353401;-48,929621;SPRF-GO;DEL02/GO;UOP01-DEL02-GO
754094;23/02/2026;segunda-feira;00:30:00;RJ;101;39;CAMPOS DOS GOYTACAZES;Transitar na contramão;Colisão lateral sentido oposto;Com Vítimas Feridas;Plena Noite;Crescente;Céu Claro;Simples;Curva;Não;3;0;0;1;1;2;0;2;-21,54694214;-41,33799076;SPRF-RJ;DEL08/RJ;UOP01-DEL08-RJ
754095;23/02/2026;segunda-feira;06:18:00;PE;101;70;RECIFE;Reação tardia ou ineficiente do condutor;Colisão lateral mesmo sentido;Com Vítimas Feridas;Pleno dia;Decrescente;Céu Claro;Múltipla;"Reta;Retorno Regulamentado";Sim;3;0;1;0;1;2;0;2;-8,069952;-34,941928;SPRF-PE;DEL01/PE;UOP01-DEL01-PE
754096;23/02/2026;segunda-feira;06:37:00;RS;290;95;PORTO ALEGRE;Demais falhas mecânicas ou elétricas;Colisão traseira;Com Vítimas Feridas;Pleno dia;Crescente;Céu Claro;Múltipla;Reta;Sim;10;0;3;0;3;7;0;4;-29,987051;-51,20312759;SPRF-RS;DEL01/RS;UOP01-DEL01-RS
754097;23/02/2026;segunda-feira;07:00:00;SP;116;216;GUARULHOS;Reação tardia ou ineficiente do condutor;Colisão traseira;Com Vítimas Feridas;Pleno dia;Crescente;Céu Claro;Simples;Aclive;Não;2;0;1;0;1;1;0;2;-23,45251579;-46,46763468;SPRF-SP;DEL01/SP;UOP01-DEL01-SP
754100;23/02/2026;segunda-feira;01:28:00;PR;116;51,3;CAMPINA GRANDE DO SUL;Chuva;Capotamento;Com Vítimas Feridas;Pleno dia;Decrescente;Chuva;Dupla;Curva;Não;2;0;1;0;1;1;0;1;-25,2472304;-48,9048097;SPRF-PR;DEL01/PR;UOP02-DEL01-PR
754101;23/02/2026;segunda-feira;07:30:00;PB;101;87;JOAO PESSOA;Ausência de reação do condutor;Queda de ocupante de veículo;Com Vítimas Feridas;Pleno dia;Crescente;Sol;Múltipla;Reta;Sim;2;0;0;1;1;1;0;2;-7,158832;-34,906065;SPRF-PB;DEL01-PB;UOP01-DEL01-PB
754103;23/02/2026;segunda-feira;06:30:00;GO;452;1;RIO VERDE;Ausência de reação do condutor;Colisão com objeto;Sem Vítimas;Amanhecer;Crescente;Nublado;Dupla;Reta;Sim;1;0;0;0;0;0;1;1;-17,78945715;-50,89697096;SPRF-GO;DEL04/GO;UOP01-DEL04-GO
754104;23/02/2026;segunda-feira;07:20:00;RS;153;47;ERECHIM;Acessar a via sem observar a presença dos outros veículos;Colisão lateral mesmo sentido;Com Vítimas Feridas;Pleno dia;Crescente;Nublado;Simples;"Reta;Retorno Regulamentado;Rotatória";Sim;2;0;1;0;1;1;0;2;-27,64202555;-52,24506347;SPRF-RS;DEL08/RS;UOP04-DEL08-RS
754105;23/02/2026;segunda-feira;07:30:00;RN;101;109;PARNAMIRIM;Reação tardia ou ineficiente do condutor;Colisão traseira;Com Vítimas Feridas;Pleno dia;Decrescente;Céu Claro;Dupla;Reta;Não;2;0;1;0;1;1;0;2;-5,9383874;-35,26465265;SPRF-RN;DEL01-RN;UOP01-DEL01-RN
754106;23/02/2026;segunda-feira;06:55:00;PR;116;117;CURITIBA;Condutor deixou de manter distância do veículo da frente;Engavetamento;Com Vítimas Feridas;Pleno dia;Decrescente;Nublado;Dupla;Reta;Sim;6;0;2;0;2;4;0;4;-25,56684732;-49,30952517;SPRF-PR;DEL01/PR;UOP03-DEL01-PR
754107;23/02/2026;segunda-feira;07:25:00;RS;293;16,2;CAPAO DO LEAO;Afundamento ou ondulação no pavimento;Tombamento;Com Vítimas Feridas;Pleno dia;Crescente;Céu Claro;Simples;Reta;Não;35;0;2;0;2;33;0;1;-31,7493272;-52,4720304;SPRF-RS;DEL07/RS;UOP01-DEL07-RS
754110;22/02/2026;domingo;22:20:00;RO;364;423;JARU;Velocidade Incompatível;Colisão lateral mesmo sentido;Com Vítimas Feridas;Plena Noite;Crescente;Nublado;Simples;"Reta;Ponte";Sim;3;0;2;0;2;0;0;2;-10,44625484;-62,46475339;SPRF-RO;DEL03-RO;UOP02-DEL03-RO
754111;23/02/2026;segunda-feira;08:10:00;SP;116;104,9;TAUBATE;Trafegar com motocicleta (ou similar) entre as faixas;Tombamento;Com Vítimas Feridas;Pleno dia;Crescente;Céu Claro;Dupla;Reta;Não;1;0;1;0;1;0;0;1;-23,00754;-45,514938;SPRF-SP;DEL02/SP;UOP02-DEL02-SP
754112;23/02/2026;segunda-feira;06:55:00;RJ;101;323;NITEROI;Reação tardia ou ineficiente do condutor;Tombamento;Com Vítimas Feridas;Pleno dia;Decrescente;Céu Claro;Múltipla;Reta;Não;1;0;1;0;1;0;0;1;-22,87376324;-43,12726021;SPRF-RJ;DEL02/RJ;UOP01-DEL02-RJ
754113;23/02/2026;segunda-feira;07:05:00;SP;116;221,8;GUARULHOS;Reação tardia ou ineficiente do condutor;Colisão lateral mesmo sentido;Com Vítimas Feridas;Pleno dia;Crescente;Nublado;Múltipla;Reta;Sim;4;0;0;1;1;3;0;2;-23,470003;-46,514728;SPRF-SP;DEL01/SP;UOP01-DEL01-SP
754116;23/02/2026;segunda-feira;08:00:00;PB;230;18,2;JOAO PESSOA;Trafegar com motocicleta (ou similar) entre as faixas;Colisão lateral mesmo sentido;Com Vítimas Feridas;Pleno dia;Decrescente;Sol;Dupla;Reta;Sim;2;0;1;0;1;1;0;2;-7,1208681;-34,8453908;SPRF-PB;DEL01-PB;UOP01-DEL01-PB
754118;23/02/2026;segunda-feira;08:25:00;RN;110;45,5;MOSSORO;Ausência de reação do condutor;Colisão traseira;Com Vítimas Feridas;Pleno dia;Decrescente;Céu Claro;Simples;Reta;Sim;2;0;1;0;1;1;0;2;-5,19621;-37,31599;SPRF-RN;DEL04-RN;UOP01-DEL04-RN
754121;23/02/2026;segunda-feira;07:35:00;PR;376;245;APUCARANA;Acesso irregular;Colisão lateral mesmo sentido;Com Vítimas Feridas;Pleno dia;Crescente;Garoa/Chuvisco;Dupla;"Declive;Reta";Não;2;0;1;0;1;1;0;2;-23,59199195;-51,411134;SPRF-PR;DEL07/PR;UOP03-DEL07-PR
754122;23/02/2026;segunda-feira;07:00:00;MT;174;6;PONTES E LACERDA;Animais na Pista;Atropelamento de Animal;Com Vítimas Feridas;Pleno dia;Decrescente;Céu Claro;Simples;Reta;Sim;1;0;0;1;1;0;0;1;-15,2226624;-59,3511178;SPRF-MT;DEL04/MT;UOP01-DEL04-MT
754123;20/02/2026;sexta-feira;13:40:00;SP;153;260,6;MARILIA;Mal súbito do condutor;Tombamento;Com Vítimas Feridas;Pleno dia;Decrescente;Céu Claro;Simples;Reta;Não;1;0;1;0;1;0;0;1;-22,27051643;-49,92288861;SPRF-SP;DEL07/SP;UOP02-DEL07-SP
754124;23/02/2026;segunda-feira;07:50:00;RS;116;148;CAXIAS DO SUL;Condutor deixou de manter distância do veículo da frente;Engavetamento;Com Vítimas Feridas;Pleno dia;Crescente;Céu Claro;Dupla;Reta;Sim;3;0;1;0;1;2;0;3;-29,15125665;-51,14691345;SPRF-RS;DEL05/RS;UOP01-DEL05-RS
754126;23/02/2026;segunda-feira;05:30:00;MG;40;512;RIBEIRAO DAS NEVES;Trafegar com motocicleta (ou similar) entre as faixas;Colisão transversal;Com Vítimas Feridas;Amanhecer;Crescente;Céu Claro;Dupla;Reta;Não;2;0;0;1;1;1;0;2;-19,78378378;-44,11747686;SPRF-MG;DEL01/MG;UOP02-DEL01-MG
754128;23/02/2026;segunda-feira;09:00:00;SE;101;91;NOSSA SENHORA DO SOCORRO;Reação tardia ou ineficiente do condutor;Queda de ocupante de veículo;Com Vítimas Feridas;Pleno dia;Decrescente;Céu Claro;Múltipla;Reta;Sim;1;0;1;0;1;0;0;1;-10,90240853;-37,13353006;SPRF-SE;DEL01-SE;UOP01-DEL01-SE
754129;23/02/2026;segunda-feira;09:10:00;PE;101;48;ABREU E LIMA;Pedestre cruzava a pista fora da faixa;Atropelamento de Pedestre;Com Vítimas Feridas;Pleno dia;Crescente;Céu Claro;Múltipla;Reta;Sim;2;0;1;1;2;0;0;2;-7,89225379;-34,90349857;SPRF-PE;DEL01/PE;UOP02-DEL01-PE
754130;23/02/2026;segunda-feira;09:30:00;SC;101;32,9;JOINVILLE;Manobra de mudança de faixa;Colisão lateral mesmo sentido;Com Vítimas Feridas;Pleno dia;Crescente;Nublado;Múltipla;"Reta;Interseção de Vias";Não;2;0;0;1;1;1;0;2;-26,252213;-48,907383;SPRF-SC;DEL03/SC;UOP01-DEL03-SC
754131;23/02/2026;segunda-feira;07:40:00;SC;280;51,1;GUARAMIRIM;Acessar a via sem observar a presença dos outros veículos;Colisão transversal;Com Vítimas Feridas;Pleno dia;Crescente;Nublado;Dupla;Curva;Não;2;0;1;0;1;1;0;2;-26,463498;-48,951985;SPRF-SC;DEL03/SC;UOP03-DEL03-SC
754132;22/02/2026;domingo;20:10:00;SP;116;351;MIRACATU;Acumulo de água sobre o pavimento;Eventos atípicos;Sem Vítimas;Plena Noite;Decrescente;Chuva;Simples;"Curva;Retorno Regulamentado;Declive";Não;4;0;0;0;0;2;0;2;-24,06265853;-47,23067367;SPRF-SP;DEL04/SP;UOP03-DEL04-SP
754134;23/02/2026;segunda-feira;08:30:00;PR;369;209;APUCARANA;Manobra de mudança de faixa;Colisão lateral mesmo sentido;Com Vítimas Feridas;Pleno dia;Crescente;Céu Claro;Simples;Curva;Sim;2;0;0;1;1;1;0;2;-23,56605564;-51,50604293;SPRF-PR;DEL07/PR;UOP03-DEL07-PR
754135;23/02/2026;segunda-feira;03:02:00;BA;116;597;IRAJUBA;Reação tardia ou ineficiente do condutor;Tombamento;Com Vítimas Feridas;Plena Noite;Crescente;Chuva;Simples;"Declive;Curva";Não;40;0;17;1;18;22;0;1;-13,21999942;-40,02893974;SPRF-BA;DEL03/BA;UOP02-DEL03-BA
754136;23/02/2026;segunda-feira;08:50:00;SP;116;514;CAJATI;Reação tardia ou ineficiente do condutor;Colisão com objeto;Com Vítimas Feridas;Pleno dia;Decrescente;Garoa/Chuvisco;Dupla;"Curva;Declive";Não;2;0;1;0;1;1;0;1;-24,859;-48,211;SPRF-SP;DEL05/SP;UOP02-DEL05-SP