id;data_inversa;dia_semana;horario;uf;br;km;municipio;causa_acidente;tipo_acidente;classificacao_acidente;fase_dia;sentido_via;condicao_metereologica;tipo_pista;tracado_via;uso_solo;pessoas;mortos;feridos_leves;feridos_graves;feridos;ilesos;ignorados;veiculos;latitude;longitude;regional;delegacia;uop
754138;23/02/2026;segunda-feira;09:50:00;SP;153;60,4;SAO JOSE DO RIO PRETO;Condutor deixou de manter distância do veículo da frente;Colisão traseira;Com Vítimas Feridas;Pleno dia;Crescente;Céu Claro;Dupla;"Declive;Reta";Sim;2;0;1;0;1;1;0;2;-20,80021034;-49,35540318;SPRF-SP;DEL09/SP;UOP01-DEL09-SP
754141;23/02/2026;segunda-feira;08:05:00;MG;40;515,4;RIBEIRAO DAS NEVES;Trafegar com motocicleta (ou similar) entre as faixas;Colisão traseira;Sem Vítimas;Pleno dia;Crescente;Garoa/Chuvisco;Dupla;"Aclive;Reta";Sim;2;0;0;0;0;2;0;2;-19,8099359;-44,0920202;SPRF-MG;DEL01/MG;UOP02-DEL01-MG
754142;23/02/2026;segunda-feira;09:25:00;DF;20;15;BRASILIA;Velocidade Incompatível;Saída de leito carroçável;Com Vítimas Feridas;Pleno dia;Crescente;Nublado;Dupla;"Reta;Declive;Em Obras";Sim;1;0;1;0;1;0;0;1;-15,628905;-47,730185;SPRF-DF;DEL02-DF;UOP01-DEL02-DF
754143;23/02/2026;segunda-feira;09:00:00;RJ;101;520;PARATY;Conversão proibida;Colisão transversal;Com Vítimas Feridas;Pleno dia;Crescente;Céu Claro;Simples;Curva;Não;2;0;1;0;1;1;0;2;-23,03077111;-44,54613547;SPRF-RJ;DEL03/RJ;UOP03-DEL03-RJ
754144;23/02/2026;segunda-feira;09:50:00;SC;101;116,4;ITAJAI;Condutor deixou de manter distância do veículo da frente;Colisão traseira;Sem Vítimas;Pleno dia;Crescente;Céu Claro;Múltipla;Reta;Sim;2;0;0;0;0;0;1;2;-26,88312349;-48,72440486;SPRF-SC;DEL04/SC;UOP04-DEL04-SC
754145;22/02/2026;domingo;23:20:00;GO;60;390;RIO VERDE;Ausência de reação do condutor;Saída de leito carroçável;Sem Vítimas;Plena Noite;Crescente;Ignorado;Dupla;Curva;Não;1;0;0;0;0;0;1;1;-17,826605;-50,979963;SPRF-GO;DEL04/GO;UOP02-DEL04-GO
754146;23/02/2026;segunda-feira;07:45:00;SC;280;99,5;SAO BENTO DO SUL;Pista Escorregadia;Saída de leito carroçável;Sem Vítimas;Pleno dia;Decrescente;Nublado;Simples;"Curva;Declive";Não;1;0;0;0;0;0;1;1;-26,370813;-49,333712;SPRF-SC;DEL06/SC;UOP03-DEL06-SC
754147;23/02/2026;segunda-feira;07:50:00;RJ;101;313;SAO GONCALO;Condutor deixou de manter distância do veículo da frente;Colisão lateral mesmo sentido;Com Vítimas Feridas;Amanhecer;Crescente;Céu Claro;Dupla;Reta;Sim;3;0;2;0;2;1;0;2;-22,79485679;-43,03207397;SPRF-RJ;DEL02/RJ;UOP02-DEL02-RJ
754148;23/02/2026;segunda-feira;10:30:00;MG;116;415;GOVERNADOR VALADARES;Ausência de reação do condutor;Colisão transversal;Com Vítimas Feridas;Pleno dia;Decrescente;Céu Claro;Simples;Interseção de Vias;Sim;1;0;1;0;1;0;0;1;-18,89385681;-41,94738865;SPRF-MG;DEL06/MG;UOP01-DEL06-MG
754149;23/02/2026;segunda-feira;11:11:00;PE;101;65;RECIFE;Condutor deixou de manter distância do veículo da frente;Colisão traseira;Com Vítimas Feridas;Pleno dia;Crescente;Céu Claro;Dupla;Reta;Sim;2;0;0;1;1;1;0;2;-8,04542;-34,9444;SPRF-PE;DEL01/PE;UOP01-DEL01-PE
754150;23/02/2026;segunda-feira;10:40:00;RJ;116;130;MAGE;Ausência de reação do condutor;Colisão com objeto;Com Vítimas Feridas;Pleno dia;Decrescente;Céu Claro;Múltipla;Reta;Sim;1;0;1;0;1;0;0;1;-22,66217531;-43,1166172;SPRF-RJ;DEL04/RJ;UOP02-DEL04-RJ
754151;23/02/2026;segunda-feira;10:00:00;SC;282;461;PONTE SERRADA;Acessar a via sem observar a presença dos outros veículos;Colisão transversal;Com Vítimas Feridas;Pleno dia;Decrescente;Céu Claro;Simples;Interseção de Vias;Sim;3;0;2;0;2;1;0;2;-26,8662659;-52,0225875;SPRF-SC;DEL07/SC;UOP04-DEL07-SC
754153;15/02/2026;domingo;09:35:00;PR;277;6,9;FOZ DO IGUACU;Ultrapassagem Indevida;Colisão transversal;Com Vítimas Feridas;Pleno dia;Crescente;Nublado;Simples;Curva;Não;5;0;5;0;5;0;0;3;-25,54925976;-54,52888922;SPRF-PR;DEL05/PR;UOP04-DEL05-PR
754155;23/02/2026;segunda-feira;10:50:00;SC;101;103;BALNEARIO PICARRAS;Transitar no Acostamento;Colisão lateral mesmo sentido;Com Vítimas Feridas;Pleno dia;Crescente;Sol;Dupla;"Declive;Reta";Não;2;0;1;0;1;1;0;2;-26,78421957;-48,68291823;SPRF-SC;DEL03/SC;UOP02-DEL03-SC
754156;23/02/2026;segunda-feira;11:20:00;ES;101;297;CARIACICA;Avarias e/ou desgaste excessivo no pneu;Tombamento;Com Vítimas Feridas;Pleno dia;Decrescente;Sol;Múltipla;"Reta;Viaduto";Sim;1;0;1;0;1;0;0;1;-20,34652724;-40,41075882;SPRF-ES;DEL01-ES;UOP01-DEL01-ES
754157;23/02/2026;segunda-feira;07:46:00;RO;435;119,7;CEREJEIRAS;Ausência de reação do condutor;Queda de ocupante de veículo;Com Vítimas Feridas;Pleno dia;Crescente;Céu Claro;Simples;"Reta;Aclive";Não;1;0;0;1;1;0;0;1;-13,18562924;-60,78321022;SPRF-RO;DEL04-RO;UOP02-DEL04-RO
754158;23/02/2026;segunda-feira;11:30:00;GO;60;56;ABADIANIA;Acumulo de água sobre o pavimento;Saída de leito carroçável;Com Vítimas Feridas;Pleno dia;Crescente;Chuva;Dupla;Reta;Não;1;0;1;0;1;0;0;1;-16,187872;-48,66583;SPRF-GO;DEL02/GO;UOP01-DEL02-GO
754160;23/02/2026;segunda-feira;10:15:00;BA;235;249;JUAZEIRO;Desrespeitar a preferência no cruzamento;Colisão transversal;Com Vítimas Feridas;Pleno dia;Crescente;Céu Claro;Simples;"Reta;Interseção de Vias";Sim;2;0;1;0;1;1;0;2;-9,4432071;-40,4917497;SPRF-BA;DEL07/BA;UOP03-DEL07-BA
754161;23/02/2026;segunda-feira;09:30:00;PI;135;356,7;BOM JESUS;Acesso irregular;Colisão transversal;Com Vítimas Feridas;Pleno dia;Decrescente;Céu Claro;Simples;Reta;Não;3;0;1;0;1;2;0;2;-9,109332;-44,370205;SPRF-PI;DEL03-PI;UOP02-DEL03-PI
754162;23/02/2026;segunda-feira;11:10:00;MG;262;95;ABRE CAMPO;Acessar a via sem observar a presença dos outros veículos;Colisão transversal;Com Vítimas Feridas;Pleno dia;Decrescente;Céu Claro;Simples;"Reta;Retorno Regulamentado";Sim;2;0;1;0;1;1;0;2;-20,295465;-42,480467;SPRF-MG;DEL03/MG;UOP03-DEL03-MG
754164;23/02/2026;segunda-feira;11:00:00;GO;60;34,5;ALEXANIA;Reação tardia ou ineficiente do condutor;Saída de leito carroçável;Com Vítimas Fatais;Pleno dia;Decrescente;Chuva;Dupla;"Curva;Aclive";Não;1;1;0;0;0;0;0;1;-16,098708;-48,522195;SPRF-DF;DEL03-DF;UOP01-DEL03-DF
754167;23/02/2026;segunda-feira;12:32:00;TO;153;211;NOVA OLINDA;Reação tardia ou ineficiente do condutor;Saída de leito carroçável;Com Vítimas Feridas;Pleno dia;Crescente;Nublado;Simples;Curva;Não;3;0;1;0;1;2;0;1;-7,788967;-48,464967;SPRF-TO;DEL02-TO;UOP01-DEL02-TO
754168;23/02/2026;segunda-feira;11:00:00;MG;116;522;CARATINGA;Acessar a via sem observar a presença dos outros veículos;Colisão transversal;Com Vítimas Feridas;Pleno dia;Decrescente;Céu Claro;Simples;"Reta;Interseção de Vias";Sim;2;0;1;0;1;1;0;2;-19,746055;-42,132703;SPRF-MG;DEL06/MG;UOP02-DEL06-MG
754169;23/02/2026;segunda-feira;12:13:00;RJ;116;183;NOVA IGUACU;Manobra de mudança de faixa;Colisão lateral mesmo sentido;Com Vítimas Feridas;Pleno dia;Crescente;Nublado;Dupla;Reta;Não;2;0;1;0;1;1;0;2;-22,75514711;-43,43319766;SPRF-RJ;DEL06/RJ;UOP01-DEL06-RJ
754170;23/02/2026;segunda-feira;12:10:00;RJ;101;506;ANGRA DOS REIS;Reação tardia ou ineficiente do condutor;Colisão lateral mesmo sentido;Sem Vítimas;Pleno dia;Crescente;Nublado;Simples;Reta;Sim;2;0;0;0;0;2;0;2;-22,93608445;-44,40130807;SPRF-RJ;DEL03/RJ;UOP03-DEL03-RJ
754171;23/02/2026;segunda-feira;12:20:00;PE;116;26;SALGUEIRO;Desrespeitar a preferência no cruzamento;Colisão transversal;Com Vítimas Feridas;Pleno dia;Decrescente;Céu Claro;Simples;"Interseção de Vias;Reta";Sim;3;0;2;0;2;1;0;2;-8,071125;-39,133755;SPRF-PE;DEL05/PE;UOP01-DEL05-PE
754172;23/02/2026;segunda-feira;11:30:00;RJ;40;74;PETROPOLIS;Pedestre cruzava a pista fora da faixa;Atropelamento de Pedestre;Com Vítimas Feridas;Pleno dia;Decrescente;Nublado;Simples;Curva;Não;2;0;1;0;1;1;0;2;-22,5284295;-43,2228178;SPRF-RJ;DEL01/RJ;UOP01-DEL01-RJ
754174;23/02/2026;segunda-feira;06:10:00;RJ;116;118;MAGE;Reação tardia ou ineficiente do condutor;Colisão traseira;Sem Vítimas;Pleno dia;Crescente;Céu Claro;Dupla;Reta;Não;3;0;0;0;0;1;0;2;-22,60199994;-43,02509721;SPRF-RJ;DEL04/RJ;UOP02-DEL04-RJ
754175;23/02/2026;segunda-feira;12:15:00;RS;158;306;ITAARA;Afundamento ou ondulação no pavimento;Queda de ocupante de veículo;Com Vítimas Feridas;Pleno dia;Decrescente;Céu Claro;Simples;Reta;Não;1;0;1;0;1;0;0;1;-29,58399515;-53,76637872;SPRF-RS;DEL09/RS;UOP01-DEL09-RS
754176;23/02/2026;segunda-feira;13:00:00;ES;101;41,2;CONCEICAO DA BARRA;Avarias e/ou desgaste excessivo no pneu;Tombamento;Com Vítimas Feridas;Pleno dia;Crescente;Nublado;Simples;Reta;Não;2;0;2;0;2;0;0;1;-18,50451716;-39,91785765;SPRF-ES;DEL04-ES;UOP02-DEL04-ES
754177;17/02/2026;terça-feira;16:30:00;RJ;101;206;CASIMIRO DE ABREU;Conversão proibida;Colisão lateral sentido oposto;Sem Vítimas;Pleno dia;Crescente;Sol;Simples;Reta;Sim;3;0;0;0;0;3;0;2;-22,47610306;-42,19657509;SPRF-RJ;DEL08/RJ;UOP04-DEL08-RJ
754181;23/02/2026;segunda-feira;13:00:00;BA;116;513,7;FEIRA DE SANTANA;Área urbana sem a presença de local apropriado para a travessia de pedestres;Atropelamento de Pedestre;Com Vítimas Feridas;Pleno dia;Decrescente;Céu Claro;Simples;Reta;Sim;3;0;2;1;3;0;0;2;-12,23122098;-38,95984232;SPRF-BA;DEL02/BA;UOP01-DEL02-BA
754182;20/02/2026;sexta-feira;01:50:00;RJ;116;181;RIO DE JANEIRO;Manobra de mudança de faixa;Queda de ocupante de veículo;Com Vítimas Feridas;Plena Noite;Decrescente;Chuva;Dupla;Reta;Não;2;0;2;0;2;0;0;1;-22,80484584;-43,34526684;SPRF-RJ;DEL06/RJ;UOP01-DEL06-RJ
754183;23/02/2026;segunda-feira;13:10:00;GO;414;425;ABADIANIA;Reação tardia ou ineficiente do condutor;Tombamento;Com Vítimas Feridas;Pleno dia;Decrescente;Chuva;Simples;Declive;Não;1;0;1;0;1;0;0;1;-16,165215;-48,89407;SPRF-GO;DEL02/GO;UOP01-DEL02-GO
754185;23/02/2026;segunda-feira;13:30:00;PB;230;332;PATOS;Acessar a via sem observar a presença dos outros veículos;Colisão transversal;Com Vítimas Feridas;Pleno dia;Decrescente;Céu Claro;Simples;Reta;Sim;2;0;1;0;1;1;0;2;-7,014582;-37,2624;SPRF-PB;DEL03-PB;UOP01-DEL03-PB
754187;14/01/2026;quarta-feira;15:00:00;MA;135;4;SAO LUIS;Ausência de reação do condutor;Colisão transversal;Com Vítimas Feridas;Pleno dia;Crescente;Céu Claro;Dupla;"Retorno Regulamentado;Reta";Sim;2;0;0;1;1;1;0;2;-2,61686;-44,25461;SPRF-MA;DEL01-MA;UOP01-DEL01-MA
754188;23/02/2026;segunda-feira;13:50:00;MG;381;510;SAO JOAQUIM DE BICAS;Avarias e/ou desgaste excessivo no pneu;Tombamento;Com Vítimas Feridas;Pleno dia;Decrescente;Céu Claro;Dupla;Reta;Sim;1;0;1;0;1;0;0;1;-20,051476;-44,280544;SPRF-MG;DEL01/MG;UOP03-DEL01-MG
754189;23/02/2026;segunda-feira;13:30:00;CE;20;292,7;CANINDE;Condutor Dormindo;Saída de leito carroçável;Com Vítimas Feridas;Pleno dia;Decrescente;Chuva;Simples;Curva;Não;2;0;2;0;2;0;0;1;-4,471738;-39,355183;SPRF-CE;DEL02/CE;UOP01-DEL02-CE
754191;23/02/2026;segunda-feira;13:50:00;PE;101;50;ABREU E LIMA;Reação tardia ou ineficiente do condutor;Colisão transversal;Com Vítimas Feridas;Pleno dia;Decrescente;Céu Claro;Simples;"Interseção de Vias;Retorno Regulamentado";Sim;3;0;2;0;2;1;0;2;-7,914834;-34,898555;SPRF-PE;DEL01/PE;UOP02-DEL01-PE
754192;07/02/2026;sábado;21:10:00;SC;282;532,7;CORDILHEIRA ALTA;Ingestão de álcool pelo condutor;Colisão lateral sentido oposto;Com Vítimas Feridas;Plena Noite;Crescente;Nublado;Simples;"Reta;Declive";Não;11;0;2;5;7;4;0;4;-26,995733;-52,623628;SPRF-SC;DEL07/SC;UOP01-DEL07-SC
754196;23/02/2026;segunda-feira;04:15:00;PE;232;406,1;SERRA TALHADA;Animais na Pista;Atropelamento de Animal;Sem Vítimas;Plena Noite;Decrescente;Céu Claro;Simples;"Reta;Declive";Não;1;0;0;0;0;1;0;1;-7,986827;-38,262544;SPRF-PE;DEL04/PE;UOP01-DEL04-PE
754197;23/02/2026;segunda-feira;08:30:00;RJ;393;285;VOLTA REDONDA;Pedestre cruzava a pista fora da faixa;Atropelamento de Pedestre;Com Vítimas Feridas;Pleno dia;Decrescente;Céu Claro;Simples;Reta;Sim;2;0;0;1;1;1;0;2;-22,50659892;-44,07759973;SPRF-RJ;DEL05/RJ;UOP04-DEL05-RJ
754198;23/02/2026;segunda-feira;13:20:00;GO;80;149;SANTA RITA DO NOVO DESTINO;Velocidade Incompatível;Tombamento;Com Vítimas Feridas;Pleno dia;Crescente;Chuva;Simples;"Curva;Aclive";Não;2;0;2;0;2;0;0;1;-14,866698;-49,014923;SPRF-GO;DEL07/GO;UOP02-DEL07-GO
754200;23/02/2026;segunda-feira;12:45:00;SP;116;470;JACUPIRANGA;Chuva;Saída de leito carroçável;Com Vítimas Feridas;Pleno dia;Crescente;Chuva;Dupla;Reta;Sim;1;0;1;0;1;0;0;1;-24,65536406;-47,96390533;SPRF-SP;DEL05/SP;UOP01-DEL05-SP
754201;23/02/2026;segunda-feira;13:40:00;PR;116;92;SAO JOSE DOS PINHAIS;Manobra de mudança de faixa;Saída de leito carroçável;Sem Vítimas;Pleno dia;Crescente;Céu Claro;Dupla;Reta;Não;1;0;0;0;0;1;0;1;-25,51473153;-49,13062468;SPRF-PR;DEL01/PR;UOP08-DEL01-PR
754202;23/02/2026;segunda-feira;14:20:00;MG;116;269,9;TEOFILO OTONI;Retorno proibido;Colisão transversal;Com Vítimas Feridas;Pleno dia;Crescente;Chuva;Simples;Reta;Não;3;0;0;1;1;2;0;2;-17,80257;-41,497308;SPRF-MG;DEL11/MG;UOP01-DEL11-MG
754205;23/02/2026;segunda-feira;13:00:00;MG;116;589,9;MANHUACU;Pista Escorregadia;Tombamento;Com Vítimas Feridas;Pleno dia;Crescente;Chuva;Simples;Reta;Não;2;0;2;0;2;0;0;1;-20,260613;-42,142995;SPRF-MG;DEL06/MG;UOP03-DEL06-MG
754208;11/02/2026;quarta-feira;06:35:00;PB;101;91;JOAO PESSOA;Reação tardia ou ineficiente do condutor;Colisão traseira;Com Vítimas Feridas;Pleno dia;Decrescente;Nublado;Dupla;Reta;Sim;2;0;0;1;1;1;0;2;-7,1904073;-34,9056892;SPRF-PB;DEL01-PB;UOP01-DEL01-PB
754209;07/02/2026;sábado;23:40:00;MG;381;512;IGARAPE;Pista esburacada;Tombamento;Com Vítimas Feridas;Plena Noite;Decrescente;Ignorado;Múltipla;Reta;Sim;2;0;2;0;2;0;0;1;-20,07237806;-44,2999649;SPRF-MG;DEL01/MG;UOP03-DEL01-MG
754210;23/02/2026;segunda-feira;11:40:00;SC;282;83,4;ALFREDO WAGNER;Transitar na contramão;Colisão frontal;Com Vítimas Feridas;Pleno dia;Crescente;Céu Claro;Simples;"Declive;Reta";Não;3;0;0;1;1;2;0;2;-27,66771;-49,17762;SPRF-SC;DEL01/SC;UOP03-DEL01-SC
754213;23/02/2026;segunda-feira;15:00:00;MG;116;693,2;MURIAE;Chuva;Tombamento;Com Vítimas Feridas;Pleno dia;Crescente;Chuva;Simples;"Reta;Aclive";Não;2;0;2;0;2;0;0;1;-21,01208617;-42,35916138;SPRF-MG;DEL07/MG;UOP02-DEL07-MG
754214;19/02/2026;quinta-feira;08:20:00;BA;116;430;FEIRA DE SANTANA;Condutor deixou de manter distância do veículo da frente;Colisão traseira;Sem Vítimas;Pleno dia;Decrescente;Céu Claro;Dupla;Reta;Não;3;0;0;0;0;3;0;2;-12,28840014;-39,01061765;SPRF-BA;DEL02/BA;UOP01-DEL02-BA
754215;23/02/2026;segunda-feira;15:00:00;RJ;40;122;DUQUE DE CAXIAS;Condutor deixou de manter distância do veículo da frente;Colisão traseira;Com Vítimas Feridas;Pleno dia;Decrescente;Chuva;Dupla;Reta;Sim;2;0;1;0;1;1;0;2;-22,79200818;-43,28647614;SPRF-RJ;DEL01/RJ;UOP02-DEL01-RJ
754216;19/02/2026;quinta-feira;14:17:00;PR;163;350;GUAIRA;Afundamento ou ondulação no pavimento;Tombamento;Com Vítimas Feridas;Pleno dia;Decrescente;Céu Claro;Dupla;"Em Obras;Curva";Sim;1;0;1;0;1;0;0;1;-24,07502567;-54,24251525;SPRF-PR;DEL06/PR;UOP01-DEL06-PR
754217;23/02/2026;segunda-feira;15:30:00;RS;285;97;MONTE ALEGRE DOS CAMPOS;Objeto estático sobre o leito carroçável;Colisão com objeto;Sem Vítimas;Pleno dia;Crescente;Céu Claro;Simples;Curva;Não;1;0;0;0;0;1;0;1;-28,590957;-50,75404;SPRF-RS;DEL05/RS;UOP03-DEL05-RS
754218;23/02/2026;segunda-feira;15:30:00;GO;153;435;ANAPOLIS;Acesso irregular;Colisão transversal;Com Vítimas Feridas;Pleno dia;Crescente;Chuva;Dupla;Viaduto;Sim;2;0;1;0;1;1;0;2;-16,286518;-48,944872;SPRF-GO;DEL02/GO;UOP01-DEL02-GO
754221;23/02/2026;segunda-feira;15:10:00;SP;116;465;PARIQUERA-ACU;Pista Escorregadia;Tombamento;Com Vítimas Feridas;Pleno dia;Crescente;Chuva;Dupla;"Curva;Aclive";Não;2;0;1;0;1;0;0;1;-24,64446669;-47,91898219;SPRF-SP;DEL05/SP;UOP01-DEL05-SP
754222;23/02/2026;segunda-feira;16:20:00;MG;267;211,6;BOM JARDIM DE MINAS;Velocidade Incompatível;Saída de leito carroçável;Com Vítimas Feridas;Pleno dia;Crescente;Chuva;Simples;"Curva;Aclive";Não;4;0;2;2;4;0;0;1;-21,947411;-44,185606;SPRF-MG;DEL05/MG;UOP01-DEL05-MG
754223;23/02/2026;segunda-feira;15:50:00;PE;101;58;RECIFE;Velocidade Incompatível;Saída de leito carroçável;Com Vítimas Feridas;Pleno dia;Decrescente;Céu Claro;Dupla;Reta;Não;1;0;0;1;1;0;0;1;-7,973426;-34,92172;SPRF-PE;DEL01/PE;UOP02-DEL01-PE
754225;23/02/2026;segunda-feira;15:30:00;BA;324;563;SAO SEBASTIAO DO PASSE;Avarias e/ou desgaste excessivo no pneu;Saída de leito carroçável;Com Vítimas Feridas;Pleno dia;Crescente;Nublado;Dupla;"Aclive;Reta";Não;1;0;1;0;1;0;0;1;-12,51618643;-38,62223817;SPRF-BA;DEL01/BA;UOP01-DEL01-BA
754226;23/02/2026;segunda-feira;15:00:00;GO;60;434;RIO VERDE;Demais falhas mecânicas ou elétricas;Incêndio;Sem Vítimas;Pleno dia;Decrescente;Céu Claro;Dupla;Reta;Não;2;0;0;0;0;2;0;1;-17,833155;-51,384327;SPRF-GO;DEL04/GO;UOP02-DEL04-GO
754227;23/02/2026;segunda-feira;16:50:00;SP;116;202;ARUJA;Ausência de reação do condutor;Colisão traseira;Com Vítimas Feridas;Pleno dia;Decrescente;Céu Claro;Múltipla;"Aclive;Reta";Não;3;0;1;0;1;2;0;2;-23,40904;-46,340208;SPRF-SP;DEL01/SP;UOP01-DEL01-SP
754230;23/02/2026;segunda-feira;17:00:00;ES;101;315,9;VILA VELHA;Avarias e/ou desgaste excessivo no pneu;Tombamento;Com Vítimas Feridas;Anoitecer;Crescente;Nublado;Dupla;Curva;Não;2;0;2;0;2;0;0;1;-20,47606248;-40,47112942;SPRF-ES;DEL01-ES;UOP01-DEL01-ES
754231;23/02/2026;segunda-feira;16:00:00;ES;101;41,2;CONCEICAO DA BARRA;Ultrapassagem Indevida;Colisão lateral mesmo sentido;Com Vítimas Feridas;Pleno dia;Crescente;Nublado;Simples;"Reta;Aclive";Não;2;0;0;1;1;0;0;2;-18,51008503;-39,91539456;SPRF-ES;DEL04-ES;UOP02-DEL04-ES
754232;23/02/2026;segunda-feira;17:15:00;MG;262;372;JUATUBA;Suicídio (presumido);Saída de leito carroçável;Com Vítimas Feridas;Pleno dia;Crescente;Céu Claro;Dupla;"Reta;Aclive";Não;1;0;0;1;1;0;0;1;-19,93041793;-44,40658486;SPRF-MG;DEL01/MG;UOP03-DEL01-MG
754233;23/02/2026;segunda-feira;17:20:00;MG;381;484;BETIM;Ausência de reação do condutor;Colisão traseira;Com Vítimas Feridas;Pleno dia;Crescente;Nublado;Dupla;"Declive;Reta";Sim;3;0;0;1;1;1;0;3;-19,95932909;-44,08875553;SPRF-MG;DEL01/MG;UOP03-DEL01-MG
754235;23/02/2026;segunda-feira;16:00:00;MT;364;199;RONDONOPOLIS;Acessar a via sem observar a presença dos outros veículos;Colisão lateral mesmo sentido;Com Vítimas Feridas;Pleno dia;Decrescente;Nublado;Dupla;"Reta;Retorno Regulamentado";Não;2;0;0;1;1;1;0;2;-16,51052106;-54,61646028;SPRF-MT;DEL02/MT;UOP01-DEL02-MT
754236;23/02/2026;segunda-feira;16:30:00;MG;116;702,4;MURIAE;Desrespeitar a preferência no cruzamento;Colisão transversal;Com Vítimas Feridas;Pleno dia;Decrescente;Nublado;Simples;"Curva;Interseção de Vias";Sim;2;0;2;0;2;0;0;2;-21,12483712;-42,38141298;SPRF-MG;DEL07/MG;UOP02-DEL07-MG
754237;23/02/2026;segunda-feira;17:30:00;RS;116;33,4;VACARIA;Acessar a via sem observar a presença dos outros veículos;Colisão transversal;Sem Vítimas;Pleno dia;Decrescente;Céu Claro;Simples;Interseção de Vias;Não;2;0;0;0;0;2;0;2;-28,492667;-50,911197;SPRF-RS;DEL05/RS;UOP03-DEL05-RS
754239;23/02/2026;segunda-feira;14:50:00;MG;251;287;SALINAS;Mal súbito do condutor;Saída de leito carroçável;Com Vítimas Feridas;Pleno dia;Decrescente;Garoa/Chuvisco;Simples;Reta;Não;3;0;1;0;1;0;0;2;-16,0436408;-42,1432483;SPRF-MG;DEL12/MG;UOP02-DEL12-MG
754240;04/02/2026;quarta-feira;13:37:00;PR;277;727;FOZ DO IGUACU;Manobra de mudança de faixa;Colisão lateral mesmo sentido;Com Vítimas Feridas;Pleno dia;Crescente;Sol;Dupla;Reta;Sim;2;0;1;0;1;0;0;2;-25,51031149;-54,56160401;SPRF-PR;DEL05/PR;UOP03-DEL05-PR
754241;23/02/2026;segunda-feira;17:40:00;SC;101;118,6;ITAJAI;Condutor deixou de manter distância do veículo da frente;Colisão lateral mesmo sentido;Com Vítimas Feridas;Pleno dia;Crescente;Céu Claro;Múltipla;Reta;Não;2;0;1;0;1;0;0;2;-26,89422017;-48,71969819;SPRF-SC;DEL04/SC;UOP04-DEL04-SC
754242;23/02/2026;segunda-feira;17:19:00;RS;470;214;BENTO GONCALVES;Ausência de reação do condutor;Colisão traseira;Com Vítimas Feridas;Pleno dia;Decrescente;Chuva;Simples;Curva;Sim;5;0;3;0;3;2;0;2;-29,15620384;-51,53046934;SPRF-RS;DEL06/RS;UOP01-DEL06-RS
754243;23/02/2026;segunda-feira;10:45:00;MA;222;673,5;ACAILANDIA;Transitar no Acostamento;Colisão lateral mesmo sentido;Com Vítimas Feridas;Pleno dia;Decrescente;Céu Claro;Simples;Reta;Sim;2;0;1;0;1;1;0;2;-4,953533;-47,487518;SPRF-MA;DEL04-MA;UOP03-DEL04-MA
754244;23/02/2026;segunda-feira;18:00:00;PR;116;21;ANTONINA;Chuva;Saída de leito carroçável;Com Vítimas Feridas;Anoitecer;Crescente;Chuva;Dupla;Curva;Não;4;0;1;3;4;0;0;1;-25,10453556;-48,73876333;SPRF-PR;DEL01/PR;UOP02-DEL01-PR
754245;23/02/2026;segunda-feira;09:10:00;MT;174;233;FIGUEIROPOLIS DOESTE;Frear bruscamente;Saída de leito carroçável;Sem Vítimas;Pleno dia;Crescente;Nublado;Simples;Reta;Não;1;0;0;0;0;1;0;1;-15,61362558;-58,81778664;SPRF-MT;DEL04/MT;UOP01-DEL04-MT
754246;23/02/2026;segunda-feira;17:39:00;PE;104;66,4;CARUARU;Acumulo de areia ou detritos sobre o pavimento;Queda de ocupante de veículo;Com Vítimas Feridas;Anoitecer;Decrescente;Céu Claro;Dupla;Reta;Sim;2;0;2;0;2;0;0;1;-8,290425;-35,984958;SPRF-PE;DEL02/PE;UOP01-DEL02-PE
754247;23/02/2026;segunda-feira;17:00:00;SP;116;504;CAJATI;Acumulo de óleo sobre o pavimento;Saída de leito carroçável;Sem Vítimas;Pleno dia;Crescente;Chuva;Múltipla;Curva;Não;1;0;0;0;0;1;0;1;-24,78548776;-48,20869446;SPRF-SP;DEL05/SP;UOP02-DEL05-SP
754248;23/02/2026;segunda-feira;18:30:00;MG;262;431;NOVA SERRANA;Reação tardia ou ineficiente do condutor;Queda de ocupante de veículo;Com Vítimas Feridas;Anoitecer;Crescente;Nublado;Dupla;Reta;Sim;1;0;1;0;1;0;0;1;-19,8810012;-44,9126475;SPRF-MG;DEL08/MG;UOP03-DEL08-MG
754253;23/02/2026;segunda-feira;18:20:00;PE;232;10;JABOATAO DOS GUARARAPES;Acessar a via sem observar a presença dos outros veículos;Colisão transversal;Com Vítimas Feridas;Plena Noite;Crescente;Céu Claro;Múltipla;Curva;Sim;3;0;2;0;2;0;0;2;-8,079374;-34,989205;SPRF-PE;DEL01/PE;UOP01-DEL01-PE
754254;23/02/2026;segunda-feira;18:50:00;RJ;101;66;CAMPOS DOS GOYTACAZES;Reação tardia ou ineficiente do condutor;Colisão lateral mesmo sentido;Com Vítimas Feridas;Plena Noite;Crescente;Garoa/Chuvisco;Dupla;"Interseção de Vias;Curva";Sim;2;0;1;0;1;1;0;2;-21,765564;-41,345387;SPRF-RJ;DEL08/RJ;UOP02-DEL08-RJ