id;data_inversa;dia_semana;horario;uf;br;km;municipio;causa_acidente;tipo_acidente;classificacao_acidente;fase_dia;sentido_via;condicao_metereologica;tipo_pista;tracado_via;uso_solo;pessoas;mortos;feridos_leves;feridos_graves;feridos;ilesos;ignorados;veiculos;latitude;longitude;regional;delegacia;uop
754658;25/02/2026;quarta-feira;19:30:00;SP;116;225;GUARULHOS;Reação tardia ou ineficiente do condutor;Queda de ocupante de veículo;Com Vítimas Feridas;Plena Noite;Decrescente;Chuva;Múltipla;Reta;Sim;1;0;1;0;1;0;0;1;-23,488943;-46,545616;SPRF-SP;DEL01/SP;UOP01-DEL01-SP
754661;25/02/2026;quarta-feira;20:00:00;SC;101;195,1;BIGUACU;Acessar a via sem observar a presença dos outros veículos;Colisão transversal;Com Vítimas Feridas;Plena Noite;Crescente;Chuva;Simples;Reta;Sim;2;0;1;0;1;1;0;2;-27,50583532;-48,64939213;SPRF-SC;DEL01/SC;UOP01-DEL01-SC
754662;25/02/2026;quarta-feira;19:40:00;BA;101;177;SAO GONCALO DOS CAMPOS;Animais na Pista;Atropelamento de Animal;Com Vítimas Feridas;Plena Noite;Decrescente;Nublado;Simples;Reta;Não;3;0;3;0;3;0;0;1;-12,4034617;-38,8956333;SPRF-BA;DEL11/BA;UOP02-DEL11-BA
754665;31/01/2026;sábado;18:17:00;AL;104;93;RIO LARGO;Acessar a via sem observar a presença dos outros veículos;Colisão transversal;Com Vítimas Feridas;Plena Noite;Crescente;Céu Claro;Múltipla;Reta;Sim;2;0;0;1;1;1;0;2;-9,53055868;-35,79727499;SPRF-AL;DEL01-AL;UOP01-DEL01-AL
754666;25/02/2026;quarta-feira;20:20:00;SP;116;405;MIRACATU;Acessar a via sem observar a presença dos outros veículos;Atropelamento de Pedestre;Com Vítimas Fatais;Plena Noite;Crescente;Chuva;Dupla;Reta;Sim;2;1;0;0;0;1;0;2;-24,3220851;-47,5410472;SPRF-SP;DEL04/SP;UOP02-DEL04-SP
754669;25/02/2026;quarta-feira;18:10:00;RO;364;14;VILHENA;Acessar a via sem observar a presença dos outros veículos;Colisão lateral mesmo sentido;Com Vítimas Feridas;Pleno dia;Decrescente;Céu Claro;Simples;Reta;Sim;3;0;2;0;2;1;0;2;-12,73996541;-60,13778239;SPRF-RO;DEL04-RO;UOP01-DEL04-RO
754671;25/02/2026;quarta-feira;07:50:00;RJ;40;113;DUQUE DE CAXIAS;Reação tardia ou ineficiente do condutor;Colisão traseira;Com Vítimas Feridas;Plena Noite;Decrescente;Chuva;Múltipla;"Reta;Viaduto";Sim;2;0;1;0;1;1;0;2;-22,71228343;-43,28983131;SPRF-RJ;DEL01/RJ;UOP02-DEL01-RJ
754672;25/02/2026;quarta-feira;17:20:00;PB;405;8,5;UIRAUNA;Animais na Pista;Atropelamento de Animal;Com Vítimas Feridas;Pleno dia;Decrescente;Céu Claro;Simples;Curva;Sim;1;0;0;1;1;0;0;1;-6,517805;-38,416977;SPRF-PB;DEL03-PB;UOP03-DEL03-PB
754674;27/01/2026;terça-feira;06:10:00;RJ;101;491,8;ANGRA DOS REIS;Reação tardia ou ineficiente do condutor;Colisão frontal;Com Vítimas Feridas;Pleno dia;Crescente;Céu Claro;Dupla;Curva;Não;6;0;0;1;1;5;0;2;-22,92804167;-44,36279297;SPRF-RJ;DEL03/RJ;UOP03-DEL03-RJ
754676;25/02/2026;quarta-feira;21:15:00;SP;116;282;EMBU DAS ARTES;Ausência de reação do condutor;Colisão traseira;Com Vítimas Fatais;Plena Noite;Decrescente;Chuva;Dupla;Reta;Não;2;1;0;0;0;1;0;2;-23,6605309;-46,85175109;SPRF-SP;DEL04/SP;UOP01-DEL04-SP
754677;10/01/2026;sábado;08:10:00;RJ;101;472;ANGRA DOS REIS;Conversão proibida;Colisão transversal;Com Vítimas Feridas;Pleno dia;Decrescente;Céu Claro;Dupla;Reta;Não;2;0;0;1;1;1;0;2;-22,99000238;-44,23919678;SPRF-RJ;DEL03/RJ;UOP03-DEL03-RJ
754678;25/02/2026;quarta-feira;19:25:00;SC;101;312,3;LAGUNA;Ingestão de álcool pelo condutor;Colisão com objeto;Sem Vítimas;Plena Noite;Crescente;Chuva;Dupla;"Ponte;Reta";Não;1;0;0;0;0;1;0;1;-28,43850625;-48,8325119;SPRF-SC;DEL02/SC;UOP01-DEL02-SC
754679;25/02/2026;quarta-feira;20:10:00;PR;277;675;MEDIANEIRA;Ingestão de álcool pelo condutor;Colisão traseira;Sem Vítimas;Plena Noite;Crescente;Céu Claro;Dupla;"Reta;Em Obras";Sim;2;0;0;0;0;2;0;2;-25,295527;-54,11631;SPRF-PR;DEL05/PR;UOP01-DEL05-PR
754684;25/02/2026;quarta-feira;22:00:00;RJ;116;323,9;ITATIAIA;Acumulo de água sobre o pavimento;Colisão com objeto;Sem Vítimas;Plena Noite;Crescente;Chuva;Dupla;"Declive;Curva";Sim;2;0;0;0;0;2;0;1;-22,49053689;-44,56125347;SPRF-RJ;DEL07/RJ;UOP02-DEL07-RJ
754688;25/02/2026;quarta-feira;22:20:00;MG;116;532,2;CARATINGA;Velocidade Incompatível;Saída de leito carroçável;Com Vítimas Feridas;Plena Noite;Decrescente;Céu Claro;Simples;Curva;Não;1;0;0;1;1;0;0;1;-19,82872749;-42,13926137;SPRF-MG;DEL06/MG;UOP02-DEL06-MG
754689;25/02/2026;quarta-feira;22:30:00;SP;381;60;MAIRIPORA;Pista Escorregadia;Queda de ocupante de veículo;Com Vítimas Feridas;Plena Noite;Crescente;Chuva;Dupla;"Declive;Curva";Sim;1;0;1;0;1;0;0;1;-23,28609756;-46,59030245;SPRF-SP;DEL03/SP;UOP01-DEL03-SP
754690;25/02/2026;quarta-feira;22:05:00;PB;104;134,5;QUEIMADAS;Reação tardia ou ineficiente do condutor;Queda de ocupante de veículo;Com Vítimas Feridas;Plena Noite;Crescente;Céu Claro;Simples;Reta;Não;2;0;0;1;1;0;0;1;-7,3149;-35,8947;SPRF-PB;DEL02-PB;UOP03-DEL02-PB
754695;25/02/2026;quarta-feira;18:45:00;RO;364;345;JI-PARANA;Reação tardia ou ineficiente do condutor;Colisão traseira;Com Vítimas Feridas;Plena Noite;Decrescente;Céu Claro;Dupla;Reta;Sim;2;0;2;0;2;0;0;2;-10,86849144;-61,96243926;SPRF-RO;DEL02-RO;UOP01-DEL02-RO
754696;26/02/2026;quinta-feira;00:10:00;SC;101;210;SAO JOSE;Pista Escorregadia;Queda de ocupante de veículo;Com Vítimas Feridas;Plena Noite;Crescente;Garoa/Chuvisco;Múltipla;Viaduto;Sim;2;0;1;1;2;0;0;1;-27,61927751;-48,64709347;SPRF-SC;DEL01/SC;UOP01-DEL01-SC
754697;26/02/2026;quinta-feira;00:30:00;BA;324;514;FEIRA DE SANTANA;Acessar a via sem observar a presença dos outros veículos;Colisão transversal;Com Vítimas Feridas;Plena Noite;Crescente;Garoa/Chuvisco;Simples;"Reta;Interseção de Vias";Sim;4;0;3;0;3;1;0;2;-12,2329;-38,9486;SPRF-BA;DEL02/BA;UOP01-DEL02-BA
754700;26/02/2026;quinta-feira;02:20:00;GO;364;86,3;CACHOEIRA ALTA;Ausência de reação do condutor;Colisão com objeto;Com Vítimas Feridas;Plena Noite;Decrescente;Chuva;Simples;"Declive;Reta";Não;2;0;1;0;1;0;0;2;-18,530544;-51,05959;SPRF-GO;DEL05/GO;UOP02-DEL05-GO
754701;26/02/2026;quinta-feira;04:22:00;MG;381;490;BETIM;Ausência de reação do condutor;Capotamento;Sem Vítimas;Plena Noite;Crescente;Céu Claro;Múltipla;"Reta;Aclive";Não;1;0;0;0;0;0;1;1;-19,95603495;-44,14392149;SPRF-MG;DEL01/MG;UOP03-DEL01-MG
754704;26/02/2026;quinta-feira;03:00:00;GO;153;631;BELA VISTA DE GOIAS;Ingestão de álcool pelo condutor;Saída de leito carroçável;Sem Vítimas;Plena Noite;Crescente;Céu Claro;Dupla;Reta;Não;1;0;0;0;0;1;0;1;-17;-49;SPRF-GO;DEL03/GO;UOP01-DEL03-GO
754705;26/02/2026;quinta-feira;05:25:00;RS;392;118,1;CANGUCU;Demais falhas mecânicas ou elétricas;Tombamento;Com Vítimas Feridas;Amanhecer;Crescente;Céu Claro;Simples;"Aclive;Curva";Sim;1;0;0;1;1;0;0;1;-31,405907;-52,682112;SPRF-RS;DEL07/RS;UOP01-DEL07-RS
754706;26/02/2026;quinta-feira;04:00:00;PR;277;523,7;GUARANIACU;Transitar na contramão;Colisão frontal;Com Vítimas Feridas;Plena Noite;Decrescente;Céu Claro;Simples;"Declive;Reta";Sim;4;0;1;0;1;2;0;2;-25,10347658;-52,87931085;SPRF-PR;DEL04/PR;UOP04-DEL04-PR
754707;26/02/2026;quinta-feira;05:45:00;PE;101;72,1;RECIFE;Manobra de mudança de faixa;Colisão lateral mesmo sentido;Com Vítimas Feridas;Amanhecer;Crescente;Nublado;Dupla;Curva;Sim;3;0;0;3;3;0;0;2;-8,08603;-34,94608;SPRF-PE;DEL01/PE;UOP01-DEL01-PE
754708;26/02/2026;quinta-feira;05:45:00;MG;365;749,5;ITUIUTABA;Pista esburacada;Tombamento;Com Vítimas Feridas;Amanhecer;Crescente;Céu Claro;Simples;Retorno Regulamentado;Não;1;0;1;0;1;0;0;1;-18,94123648;-49,44813101;SPRF-MG;DEL15/MG;UOP03-DEL15-MG
754712;26/02/2026;quinta-feira;06:30:00;GO;60;0;SANTO ANTONIO DO DESCOBERTO;Demais falhas mecânicas ou elétricas;Incêndio;Sem Vítimas;Pleno dia;Crescente;Céu Claro;Dupla;Reta;Não;1;0;0;0;0;1;0;1;-16,0534021;-48,25950623;SPRF-DF;DEL03-DF;UOP01-DEL03-DF
754714;26/02/2026;quinta-feira;07:15:00;PR;376;161;MARINGA;Desrespeitar a preferência no cruzamento;Colisão transversal;Com Vítimas Feridas;Pleno dia;Crescente;Céu Claro;Dupla;"Rotatória;Aclive";Sim;2;0;1;0;1;1;0;2;-23,36678462;-52,06977652;SPRF-PR;DEL09/PR;UOP02-DEL09-PR
754715;26/02/2026;quinta-feira;06:30:00;PI;343;3,2;PARNAIBA;Ultrapassagem Indevida;Colisão lateral mesmo sentido;Com Vítimas Feridas;Pleno dia;Decrescente;Céu Claro;Simples;Curva;Não;3;0;1;0;1;2;0;2;-2,9025851;-41,68554783;SPRF-PI;DEL05-PI;UOP01-DEL05-PI
754717;26/02/2026;quinta-feira;07:15:00;RS;448;14;CANOAS;Ausência de reação do condutor;Colisão com objeto;Com Vítimas Feridas;Pleno dia;Decrescente;Céu Claro;Múltipla;Curva;Não;1;0;1;0;1;0;0;1;-29,948181;-51,203913;SPRF-RS;DEL01/RS;UOP01-DEL01-RS
754718;26/02/2026;quinta-feira;07:10:00;RS;448;13;CANOAS;Manobra de mudança de faixa;Colisão lateral mesmo sentido;Com Vítimas Feridas;Pleno dia;Crescente;Céu Claro;Dupla;Reta;Não;2;0;2;0;2;0;0;2;-29,91294231;-51,23707362;SPRF-RS;DEL01/RS;UOP01-DEL01-RS
754719;01/01/2026;quinta-feira;05:00:00;AL;316;259;PILAR;Manobra de mudança de faixa;Colisão lateral sentido oposto;Com Vítimas Fatais;Amanhecer;Crescente;Céu Claro;Simples;Reta;Não;2;1;0;0;0;0;0;2;-9,59115504;-35,92112482;SPRF-AL;DEL02-AL;UOP01-DEL02-AL
754720;26/02/2026;quinta-feira;07:10:00;SC;101;41,2;JOINVILLE;Desrespeitar a preferência no cruzamento;Colisão transversal;Com Vítimas Feridas;Pleno dia;Crescente;Céu Claro;Múltipla;Rotatória;Sim;2;0;1;0;1;1;0;2;-26,31864673;-48,87231437;SPRF-SC;DEL03/SC;UOP01-DEL03-SC
754721;26/02/2026;quinta-feira;07:29:00;RN;304;37;MOSSORO;Acessar a via sem observar a presença dos outros veículos;Colisão lateral mesmo sentido;Com Vítimas Feridas;Pleno dia;Decrescente;Céu Claro;Dupla;"Reta;Declive;Interseção de Vias";Sim;2;0;1;0;1;1;0;2;-5,17641;-37,36493;SPRF-RN;DEL04-RN;UOP02-DEL04-RN
754722;26/02/2026;quinta-feira;06:00:00;RJ;393;182;PARAIBA DO SUL;Acessar a via sem observar a presença dos outros veículos;Colisão transversal;Com Vítimas Feridas;Amanhecer;Decrescente;Nublado;Simples;Curva;Sim;2;0;1;0;1;1;0;2;-22,1433445;-43,2853791;SPRF-RJ;DEL05/RJ;UOP03-DEL05-RJ
754723;26/02/2026;quinta-feira;07:45:00;RJ;116;184;NOVA IGUACU;Acesso irregular;Colisão lateral mesmo sentido;Com Vítimas Feridas;Pleno dia;Decrescente;Céu Claro;Dupla;Reta;Não;4;0;3;0;3;1;0;2;-22,74895533;-43,44303131;SPRF-RJ;DEL06/RJ;UOP01-DEL06-RJ
754724;26/02/2026;quinta-feira;07:10:00;RS;471;168,2;RIO PARDO;Reação tardia ou ineficiente do condutor;Saída de leito carroçável;Com Vítimas Feridas;Pleno dia;Decrescente;Sol;Simples;Reta;Não;1;0;1;0;1;0;0;1;-29,93069;-52,38929;SPRF-RS;DEL02/RS;UOP03-DEL02-RS
754725;26/02/2026;quinta-feira;00:45:00;RO;364;422;JARU;Ausência de reação do condutor;Saída de leito carroçável;Com Vítimas Feridas;Plena Noite;Crescente;Garoa/Chuvisco;Múltipla;Reta;Sim;1;0;1;0;1;0;0;1;-10,46107607;-62,455424;SPRF-RO;DEL03-RO;UOP02-DEL03-RO
754726;26/02/2026;quinta-feira;07:28:00;SP;153;107,2;JOSE BONIFACIO;Acessar a via sem observar a presença dos outros veículos;Colisão lateral mesmo sentido;Com Vítimas Feridas;Pleno dia;Decrescente;Céu Claro;Simples;Reta;Sim;3;0;1;0;1;2;0;2;-21,065793;-49,663465;SPRF-SP;DEL09/SP;UOP01-DEL09-SP
754727;26/02/2026;quinta-feira;07:40:00;PR;369;161;CAMBE;Reação tardia ou ineficiente do condutor;Colisão traseira;Com Vítimas Feridas;Pleno dia;Crescente;Céu Claro;Dupla;Reta;Não;2;0;0;1;1;1;0;2;-23,286182;-51,25981;SPRF-PR;DEL07/PR;UOP01-DEL07-PR
754728;26/02/2026;quinta-feira;07:20:00;PR;369;161;CAMBE;Condutor deixou de manter distância do veículo da frente;Colisão traseira;Com Vítimas Feridas;Pleno dia;Crescente;Nublado;Dupla;Reta;Sim;3;0;1;0;1;2;0;3;-23,28630624;-51,25981299;SPRF-PR;DEL07/PR;UOP01-DEL07-PR
754729;26/02/2026;quinta-feira;05:15:00;SP;116;141;SAO JOSE DOS CAMPOS;Reação tardia ou ineficiente do condutor;Colisão com objeto;Sem Vítimas;Pleno dia;Crescente;Céu Claro;Dupla;Reta;Sim;2;0;0;0;0;1;0;2;-23,1694713;-45,82010369;SPRF-SP;DEL02/SP;UOP01-DEL02-SP
754730;26/02/2026;quinta-feira;08:00:00;RS;116;246;SAO LEOPOLDO;Condutor deixou de manter distância do veículo da frente;Colisão traseira;Sem Vítimas;Pleno dia;Crescente;Céu Claro;Dupla;"Ponte;Reta";Sim;3;0;0;0;0;3;0;2;-29,75842031;-51,15203011;SPRF-RS;DEL01/RS;UOP02-DEL01-RS
754733;26/02/2026;quinta-feira;06:40:00;MG;116;242;TEOFILO OTONI;Ingestão de álcool pelo condutor;Saída de leito carroçável;Sem Vítimas;Amanhecer;Decrescente;Céu Claro;Simples;"Curva;Declive";Não;2;0;0;0;0;2;0;1;-17,58224;-41,480298;SPRF-MG;DEL11/MG;UOP01-DEL11-MG
754734;26/02/2026;quinta-feira;08:44:00;MG;40;467,5;SETE LAGOAS;Chuva;Saída de leito carroçável;Sem Vítimas;Pleno dia;Crescente;Chuva;Dupla;"Declive;Reta";Sim;2;0;0;0;0;2;0;1;-19,4525048;-44,314162;SPRF-MG;DEL02/MG;UOP01-DEL02-MG
754738;26/02/2026;quinta-feira;07:30:00;BA;116;414;FEIRA DE SANTANA;Demais falhas mecânicas ou elétricas;Colisão com objeto;Com Vítimas Feridas;Pleno dia;Crescente;Nublado;Dupla;"Retorno Regulamentado;Reta";Sim;5;0;3;0;3;2;0;2;-12,1593569;-38,96511511;SPRF-BA;DEL02/BA;UOP01-DEL02-BA
754739;26/02/2026;quinta-feira;06:50:00;MG;40;577;ITABIRITO;Chuva;Saída de leito carroçável;Com Vítimas Feridas;Pleno dia;Crescente;Chuva;Simples;Reta;Sim;1;0;1;0;1;0;0;1;-20,270123;-43,953631;SPRF-MG;DEL01/MG;UOP02-DEL01-MG
754740;26/02/2026;quinta-feira;07:10:00;RS;116;112;SAO MARCOS;Reação tardia ou ineficiente do condutor;Tombamento;Com Vítimas Feridas;Pleno dia;Crescente;Céu Claro;Simples;Curva;Sim;2;0;1;0;1;1;0;1;-28,94925946;-51,08094905;SPRF-RS;DEL05/RS;UOP01-DEL05-RS
754742;26/02/2026;quinta-feira;08:05:00;BA;415;29;ILHEUS;Reação tardia ou ineficiente do condutor;Colisão transversal;Com Vítimas Feridas;Pleno dia;Crescente;Nublado;Simples;Interseção de Vias;Não;2;0;2;0;2;0;0;2;-14,785662;-39,222992;SPRF-BA;DEL05/BA;UOP01-DEL05-BA
754743;26/02/2026;quinta-feira;08:50:00;MG;381;532;ITATIAIUCU;Acumulo de água sobre o pavimento;Saída de leito carroçável;Com Vítimas Feridas;Pleno dia;Crescente;Chuva;Dupla;Curva;Não;2;0;2;0;2;0;0;1;-20,16461941;-44,36664248;SPRF-MG;DEL04/MG;UOP03-DEL04-MG
754744;26/02/2026;quinta-feira;08:30:00;SC;470;63;INDAIAL;Acessar a via sem observar a presença dos outros veículos;Colisão transversal;Com Vítimas Feridas;Pleno dia;Decrescente;Céu Claro;Simples;"Declive;Curva;Em Obras";Não;2;0;1;0;1;1;0;2;-26,87213785;-49,19363061;SPRF-SC;DEL04/SC;UOP01-DEL04-SC
754745;26/02/2026;quinta-feira;08:40:00;ES;101;294;CARIACICA;Avarias e/ou desgaste excessivo no pneu;Colisão transversal;Com Vítimas Feridas;Pleno dia;Decrescente;Nublado;Dupla;Curva;Não;5;0;1;0;1;4;0;2;-20,32294315;-40,39508564;SPRF-ES;DEL01-ES;UOP01-DEL01-ES
754746;26/02/2026;quinta-feira;08:50:00;SP;153;40;ONDA VERDE;Pista esburacada;Tombamento;Com Vítimas Feridas;Pleno dia;Crescente;Nublado;Simples;Reta;Não;1;0;1;0;1;0;0;1;-20,6203365;-49,3343716;SPRF-SP;DEL09/SP;UOP01-DEL09-SP
754747;26/02/2026;quinta-feira;07:55:00;PR;277;722;FOZ DO IGUACU;Reação tardia ou ineficiente do condutor;Saída de leito carroçável;Com Vítimas Feridas;Pleno dia;Crescente;Céu Claro;Dupla;"Declive;Reta";Sim;2;0;0;1;1;1;0;1;-25,490082;-54,5091;SPRF-PR;DEL05/PR;UOP03-DEL05-PR
754750;26/02/2026;quinta-feira;07:50:00;MA;230;1;BARAO DE GRAJAU;Acessar a via sem observar a presença dos outros veículos;Colisão transversal;Com Vítimas Feridas;Pleno dia;Crescente;Nublado;Simples;Reta;Sim;2;0;1;1;2;0;0;2;-6,755373;-43,020407;SPRF-PI;DEL03-PI;UOP01-DEL03-PI
754751;26/02/2026;quinta-feira;10:45:00;SP;116;220;GUARULHOS;Trafegar com motocicleta (ou similar) entre as faixas;Colisão lateral mesmo sentido;Com Vítimas Feridas;Pleno dia;Crescente;Chuva;Múltipla;Reta;Sim;2;0;1;0;1;1;0;2;-23,46444439;-46,49806166;SPRF-SP;DEL01/SP;UOP01-DEL01-SP
754752;26/02/2026;quinta-feira;09:00:00;SP;116;509;CAJATI;Reação tardia ou ineficiente do condutor;Colisão com objeto;Com Vítimas Feridas;Pleno dia;Crescente;Chuva;Simples;"Curva;Aclive";Não;3;0;2;0;2;1;0;1;-24,79285139;-48,17183018;SPRF-SP;DEL05/SP;UOP02-DEL05-SP
754753;26/02/2026;quinta-feira;07:15:00;RJ;101;540;PARATY;Chuva;Colisão frontal;Com Vítimas Feridas;Pleno dia;Crescente;Chuva;Simples;"Declive;Curva";Não;2;0;1;0;1;1;0;2;-23,05596246;-44,58955765;SPRF-RJ;DEL03/RJ;UOP04-DEL03-RJ
754754;26/02/2026;quinta-feira;08:55:00;MG;40;571;NOVA LIMA;Pista Escorregadia;Saída de leito carroçável;Com Vítimas Feridas;Pleno dia;Crescente;Chuva;Simples;Reta;Sim;1;0;1;0;1;0;0;1;-20,222;-43,971;SPRF-MG;DEL01/MG;UOP02-DEL01-MG
754755;26/02/2026;quinta-feira;08:20:00;SP;116;276;EMBU DAS ARTES;Trafegar com motocicleta (ou similar) entre as faixas;Engavetamento;Com Vítimas Feridas;Pleno dia;Decrescente;Chuva;Dupla;Reta;Sim;3;0;1;0;1;2;0;3;-23,62088741;-46,81224472;SPRF-SP;DEL04/SP;UOP01-DEL04-SP
754756;26/02/2026;quinta-feira;09:25:00;RS;290;96;PORTO ALEGRE;Condutor deixou de manter distância do veículo da frente;Colisão traseira;Com Vítimas Feridas;Pleno dia;Crescente;Céu Claro;Dupla;Reta;Sim;3;0;1;0;1;2;0;3;-29,97893413;-51,20074528;SPRF-RS;DEL01/RS;UOP01-DEL01-RS
754757;26/02/2026;quinta-feira;08:20:00;SC;101;56;JOINVILLE;Objeto estático sobre o leito carroçável;Queda de ocupante de veículo;Com Vítimas Feridas;Pleno dia;Crescente;Nublado;Dupla;"Reta;Declive";Não;1;0;1;0;1;0;0;1;-26,43222002;-48,82304639;SPRF-SC;DEL03/SC;UOP01-DEL03-SC
754759;26/02/2026;quinta-feira;08:40:00;SP;116;115;TAUBATE;Reação tardia ou ineficiente do condutor;Colisão com objeto;Com Vítimas Feridas;Pleno dia;Crescente;Nublado;Dupla;Reta;Não;1;0;1;0;1;0;0;1;-23,05098695;-45,60287476;SPRF-SP;DEL02/SP;UOP02-DEL02-SP
754760;23/02/2026;segunda-feira;09:10:00;RJ;40;111;DUQUE DE CAXIAS;Avarias e/ou desgaste excessivo no pneu;Tombamento;Com Vítimas Feridas;Pleno dia;Decrescente;Céu Claro;Dupla;"Declive;Reta";Sim;2;0;1;0;1;1;0;1;-22,69613884;-43,28859797;SPRF-RJ;DEL01/RJ;UOP02-DEL01-RJ
754762;26/02/2026;quinta-feira;09:30:00;CE;304;49;ARACATI;Retorno proibido;Colisão transversal;Com Vítimas Feridas;Pleno dia;Crescente;Céu Claro;Simples;Curva;Sim;3;0;1;0;1;1;0;3;-4,58033797;-37,77247578;SPRF-CE;DEL03/CE;UOP02-DEL03-CE
754763;26/02/2026;quinta-feira;10:45:00;BA;101;831;PRADO;Acessar a via sem observar a presença dos outros veículos;Colisão transversal;Com Vítimas Feridas;Pleno dia;Decrescente;Céu Claro;Simples;Reta;Não;4;0;2;0;2;2;0;2;-17,1919609;-39,5901812;SPRF-BA;DEL09/BA;UOP02-DEL09-BA
754767;26/02/2026;quinta-feira;09:30:00;MG;40;613,4;CONGONHAS;Reação tardia ou ineficiente do condutor;Colisão traseira;Com Vítimas Feridas;Pleno dia;Decrescente;Garoa/Chuvisco;Simples;Reta;Sim;3;0;1;0;1;2;0;3;-20,522077;-43,830333;SPRF-MG;DEL05/MG;UOP02-DEL05-MG
754770;26/01/2026;segunda-feira;04:20:00;RJ;465;22;RIO DE JANEIRO;Demais falhas mecânicas ou elétricas;Incêndio;Sem Vítimas;Amanhecer;Crescente;Céu Claro;Simples;Reta;Sim;1;0;0;0;0;1;0;1;-22,86060947;-43,60164341;SPRF-RJ;DEL03/RJ;UOP01-DEL03-RJ
754771;26/02/2026;quinta-feira;08:51:00;MT;163;835;SINOP;Avarias e/ou desgaste excessivo no pneu;Saída de leito carroçável;Com Vítimas Feridas;Pleno dia;Decrescente;Chuva;Simples;"Reta;Aclive;Viaduto";Sim;1;0;1;0;1;0;0;1;-11,85748223;-55,49406552;SPRF-MT;DEL06/MT;UOP02-DEL06-MT
754773;22/02/2026;domingo;21:30:00;PR;476;144;CURITIBA;Reação tardia ou ineficiente do condutor;Colisão traseira;Com Vítimas Feridas;Plena Noite;Crescente;Nublado;Dupla;Reta;Não;3;0;1;0;1;0;0;3;-25,54373862;-49,31466579;SPRF-PR;DEL01/PR;UOP06-DEL01-PR
754774;26/02/2026;quinta-feira;10:57:00;ES;101;148;LINHARES;Acessar a via sem observar a presença dos outros veículos;Colisão transversal;Com Vítimas Feridas;Pleno dia;Crescente;Céu Claro;Dupla;"Retorno Regulamentado;Rotatória";Sim;2;0;1;0;1;0;0;2;-19,38009609;-40,06691907;SPRF-ES;DEL04-ES;UOP01-DEL04-ES
754776;22/02/2026;domingo;18:00:00;RJ;116;145;DUQUE DE CAXIAS;Transitar no Acostamento;Colisão lateral mesmo sentido;Com Vítimas Feridas;Pleno dia;Decrescente;Chuva;Dupla;Reta;Sim;2;0;2;0;2;0;0;1;-22,664432;-43,258662;SPRF-RJ;DEL01/RJ;UOP02-DEL01-RJ
754780;26/02/2026;quinta-feira;10:49:00;GO;364;260;JATAI;Transitar na contramão;Colisão frontal;Com Vítimas Feridas;Pleno dia;Decrescente;Céu Claro;Simples;Curva;Não;3;0;3;0;3;0;0;2;-17,664405;-52,231742;SPRF-GO;DEL05/GO;UOP01-DEL05-GO
754781;26/02/2026;quinta-feira;07:30:00;ES;101;85;SAO MATEUS;Ausência de reação do condutor;Colisão lateral mesmo sentido;Com Vítimas Feridas;Pleno dia;Crescente;Céu Claro;Simples;"Reta;Interseção de Vias";Sim;2;0;1;0;1;1;0;2;-18,85911686;-39,9349279;SPRF-ES;DEL04-ES;UOP02-DEL04-ES
754783;26/02/2026;quinta-feira;11:15:00;PA;316;62;CASTANHAL;Reação tardia ou ineficiente do condutor;Colisão traseira;Com Vítimas Feridas;Pleno dia;Crescente;Nublado;Dupla;Reta;Sim;3;0;1;0;1;1;0;2;-1,29786;-47,937643;SPRF-PA;DEL01/PA;UOP01-DEL01-PA
754784;26/02/2026;quinta-feira;12:10:00;SC;470;51,9;BLUMENAU;Conversão proibida;Colisão transversal;Com Vítimas Feridas;Pleno dia;Crescente;Nublado;Simples;"Reta;Em Obras";Sim;2;0;1;0;1;1;0;2;-26,862266;-49,093506;SPRF-SC;DEL04/SC;UOP01-DEL04-SC
754785;26/02/2026;quinta-feira;12:30:00;PI;343;9,7;PARNAIBA;Ausência de reação do condutor;Colisão traseira;Com Vítimas Feridas;Pleno dia;Crescente;Sol;Simples;Reta;Sim;2;0;0;1;1;1;0;2;-2,901798;-41,739788;SPRF-PI;DEL05-PI;UOP01-DEL05-PI
754786;22/02/2026;domingo;15:20:00;BA;242;275;BOA VISTA DO TUPIM;Pista esburacada;Saída de leito carroçável;Com Vítimas Feridas;Pleno dia;Decrescente;Céu Claro;Simples;"Reta;Declive";Não;3;0;3;0;3;0;0;1;-12,44838;-40,66385;SPRF-BA;DEL06/BA;UOP02-DEL06-BA
754787;26/02/2026;quinta-feira;12:15:00;SE;235;6;NOSSA SENHORA DO SOCORRO;Condutor usando celular;Colisão traseira;Com Vítimas Feridas;Pleno dia;Crescente;Nublado;Dupla;Reta;Não;2;0;1;0;1;1;0;2;-10,90524529;-37,12330887;SPRF-SE;DEL01-SE;UOP01-DEL01-SE
754789;26/02/2026;quinta-feira;12:59:00;RS;290;86;PORTO ALEGRE;Acumulo de óleo sobre o pavimento;Tombamento;Com Vítimas Feridas;Pleno dia;Crescente;Céu Claro;Dupla;"Curva;Interseção de Vias;Aclive";Sim;1;0;1;0;1;0;0;1;-29,96814389;-51,11374514;SPRF-RS;DEL01/RS;UOP01-DEL01-RS
754791;26/02/2026;quinta-feira;09:50:00;SC;101;7;BIGUACU;Reação tardia ou ineficiente do condutor;Colisão com objeto;Com Vítimas Feridas;Pleno dia;Decrescente;Céu Claro;Dupla;Reta;Não;2;0;0;2;2;0;0;1;-27,38537;-48,68952;SPRF-SC;DEL01/SC;UOP01-DEL01-SC