id;data_inversa;dia_semana;horario;uf;br;km;municipio;causa_acidente;tipo_acidente;classificacao_acidente;fase_dia;sentido_via;condicao_metereologica;tipo_pista;tracado_via;uso_solo;pessoas;mortos;feridos_leves;feridos_graves;feridos;ilesos;ignorados;veiculos;latitude;longitude;regional;delegacia;uop
754793;25/02/2026;quarta-feira;15:00:00;SP;116;87;PINDAMONHANGABA;Velocidade Incompatível;Colisão traseira;Sem Vítimas;Pleno dia;Crescente;Céu Claro;Múltipla;Reta;Não;2;0;0;0;0;0;1;2;-22,9297737;-45,36090469;SPRF-SP;DEL08/SP;UOP01-DEL08-SP
754794;13/02/2026;sexta-feira;10:00:00;SC;282;223;LAGES;Acessar a via sem observar a presença dos outros veículos;Colisão transversal;Com Vítimas Feridas;Pleno dia;Decrescente;Céu Claro;Simples;Reta;Sim;2;0;1;0;1;1;0;2;-27,7996071;-50,3642438;SPRF-SC;DEL05/SC;UOP01-DEL05-SC
754796;26/02/2026;quinta-feira;13:20:00;MG;116;276;TEOFILO OTONI;Desrespeitar a preferência no cruzamento;Colisão transversal;Com Vítimas Feridas;Pleno dia;Decrescente;Céu Claro;Dupla;"Curva;Declive;Rotatória";Não;2;0;1;0;1;1;0;2;-17,852018;-41,514095;SPRF-MG;DEL11/MG;UOP01-DEL11-MG
754797;22/02/2026;domingo;21:20:00;PE;104;60,6;CARUARU;Conversão proibida;Colisão transversal;Sem Vítimas;Plena Noite;Crescente;Céu Claro;Simples;"Curva;Rotatória";Sim;3;0;0;0;0;3;0;2;-8,24041;-35,97575;SPRF-PE;DEL02/PE;UOP01-DEL02-PE
754798;26/02/2026;quinta-feira;13:35:00;SC;101;206,8;SAO JOSE;Acesso irregular;Colisão transversal;Com Vítimas Feridas;Pleno dia;Decrescente;Céu Claro;Múltipla;Reta;Sim;2;0;1;0;1;1;0;2;-27,59936;-48,62204;SPRF-SC;DEL01/SC;UOP01-DEL01-SC
754799;26/02/2026;quinta-feira;13:10:00;PE;101;44;IGARASSU;Ausência de reação do condutor;Colisão traseira;Sem Vítimas;Pleno dia;Crescente;Nublado;Múltipla;Reta;Sim;2;0;0;0;0;1;0;2;-7,85926;-34,908373;SPRF-PE;DEL01/PE;UOP02-DEL01-PE
754800;26/02/2026;quinta-feira;08:40:00;MG;40;527,8;CONTAGEM;Objeto estático sobre o leito carroçável;Engavetamento;Com Vítimas Feridas;Pleno dia;Decrescente;Chuva;Dupla;"Declive;Reta";Sim;4;0;2;0;2;2;0;3;-19,91150456;-44,04195786;SPRF-MG;DEL01/MG;UOP02-DEL01-MG
754801;26/02/2026;quinta-feira;10:00:00;MG;381;728;CARMO DA CACHOEIRA;Chuva;Colisão com objeto;Com Vítimas Feridas;Pleno dia;Crescente;Chuva;Dupla;Reta;Não;1;0;1;0;1;0;0;1;-21,40193384;-45,20874023;SPRF-MG;DEL04/MG;UOP02-DEL04-MG
754802;26/02/2026;quinta-feira;14:00:00;PR;369;505,8;CASCAVEL;Desrespeitar a preferência no cruzamento;Colisão transversal;Com Vítimas Feridas;Pleno dia;Decrescente;Céu Claro;Simples;"Aclive;Reta";Sim;3;0;0;1;1;2;0;2;-24,94619958;-53,39817464;SPRF-PR;DEL04/PR;UOP01-DEL04-PR
754804;26/02/2026;quinta-feira;14:05:00;MA;135;4,5;SAO LUIS;Frear bruscamente;Queda de ocupante de veículo;Com Vítimas Feridas;Pleno dia;Crescente;Nublado;Dupla;Reta;Sim;2;0;0;1;1;1;0;1;-2,618113;-44,2556;SPRF-MA;DEL01-MA;UOP01-DEL01-MA
754805;26/02/2026;quinta-feira;13:20:00;RO;364;444;JARU;Demais falhas mecânicas ou elétricas;Tombamento;Com Vítimas Feridas;Pleno dia;Decrescente;Sol;Simples;Reta;Não;1;0;1;0;1;0;0;1;-10,32931;-62,614105;SPRF-RO;DEL03-RO;UOP02-DEL03-RO
754806;26/02/2026;quinta-feira;10:36:00;MT;174;4;PONTES E LACERDA;Ultrapassagem Indevida;Colisão traseira;Com Vítimas Feridas;Pleno dia;Decrescente;Céu Claro;Simples;Reta;Sim;2;0;1;1;2;0;0;2;-15,23350853;-59,34486151;SPRF-MT;DEL04/MT;UOP01-DEL04-MT
754807;23/02/2026;segunda-feira;00:30:00;BA;116;342;TEOFILANDIA;Reação tardia ou ineficiente do condutor;Capotamento;Com Vítimas Feridas;Plena Noite;Crescente;Nublado;Simples;Aclive;Não;1;0;0;1;1;0;0;1;-11,523333;-38,993511;SPRF-BA;DEL02/BA;UOP01-DEL02-BA
754808;26/02/2026;quinta-feira;14:30:00;RS;290;79;GRAVATAI;Avarias e/ou desgaste excessivo no pneu;Queda de ocupante de veículo;Com Vítimas Feridas;Pleno dia;Decrescente;Céu Claro;Dupla;Reta;Não;1;0;1;0;1;0;0;1;-29,95301142;-51,05107801;SPRF-RS;DEL01/RS;UOP01-DEL01-RS
754813;26/02/2026;quinta-feira;15:00:00;SP;153;222,5;MARILIA;Ultrapassagem Indevida;Colisão lateral sentido oposto;Com Vítimas Feridas;Pleno dia;Decrescente;Nublado;Simples;Declive;Não;2;0;1;0;1;1;0;2;-22,018135;-49,908366;SPRF-SP;DEL07/SP;UOP02-DEL07-SP
754816;26/02/2026;quinta-feira;15:00:00;PE;232;128;CARUARU;Condutor deixou de manter distância do veículo da frente;Colisão traseira;Com Vítimas Feridas;Pleno dia;Decrescente;Céu Claro;Dupla;Reta;Sim;2;0;0;1;1;1;0;2;-8,30204;-35,98196;SPRF-PE;DEL02/PE;UOP03-DEL02-PE
754820;22/02/2026;domingo;17:40:00;AM;174;918;MANAUS;Velocidade Incompatível;Saída de leito carroçável;Com Vítimas Feridas;Plena Noite;Crescente;Nublado;Simples;Reta;Sim;2;0;1;0;1;0;0;2;-2,68024;-60,04693;SPRF-AM;DEL01-AM;UOP01-DEL01-AM
754824;26/02/2026;quinta-feira;15:35:00;GO;153;371,5;SAO FRANCISCO DE GOIAS;Desrespeitar a preferência no cruzamento;Colisão transversal;Com Vítimas Feridas;Pleno dia;Decrescente;Céu Claro;Simples;Retorno Regulamentado;Não;3;0;1;0;1;2;0;2;-15,85805068;-49,26283389;SPRF-GO;DEL02/GO;UOP02-DEL02-GO
754826;26/02/2026;quinta-feira;15:00:00;RO;364;13;VILHENA;Acessar a via sem observar a presença dos outros veículos;Colisão transversal;Com Vítimas Feridas;Pleno dia;Decrescente;Céu Claro;Simples;Retorno Regulamentado;Sim;4;0;1;0;1;3;0;2;-12,74087604;-60,13288949;SPRF-RO;DEL04-RO;UOP01-DEL04-RO
754827;26/02/2026;quinta-feira;15:50:00;ES;101;43,5;CONCEICAO DA BARRA;Velocidade Incompatível;Colisão com objeto;Com Vítimas Fatais;Pleno dia;Crescente;Chuva;Simples;Aclive;Não;2;1;1;0;1;0;0;1;-18,529832;-39,909423;SPRF-ES;DEL04-ES;UOP02-DEL04-ES
754829;23/02/2026;segunda-feira;08:30:00;RJ;493;22;MAGE;Ausência de reação do condutor;Colisão lateral mesmo sentido;Com Vítimas Feridas;Pleno dia;Decrescente;Céu Claro;Simples;Reta;Sim;2;0;1;0;1;0;0;2;-22,65956604;-43,05225341;SPRF-RJ;DEL04/RJ;UOP02-DEL04-RJ
754830;26/02/2026;quinta-feira;16:00:00;MG;459;75,1;SENADOR JOSE BENTO;Velocidade Incompatível;Saída de leito carroçável;Com Vítimas Feridas;Pleno dia;Crescente;Chuva;Simples;"Curva;Declive";Não;1;0;1;0;1;0;0;1;-22,135506;-46,147616;SPRF-MG;DEL09/MG;UOP01-DEL09-MG
754833;26/02/2026;quinta-feira;15:45:00;SP;116;109;TAUBATE;Reação tardia ou ineficiente do condutor;Engavetamento;Com Vítimas Feridas;Pleno dia;Crescente;Chuva;Dupla;Reta;Não;1;0;1;0;1;0;0;1;-23,02918735;-45,54553986;SPRF-SP;DEL02/SP;UOP02-DEL02-SP
754834;26/02/2026;quinta-feira;16:20:00;MG;381;528;BRUMADINHO;Ausência de reação do condutor;Queda de ocupante de veículo;Com Vítimas Feridas;Pleno dia;Decrescente;Nublado;Dupla;Curva;Não;1;0;0;1;1;0;0;1;-20,16812215;-44,33326721;SPRF-MG;DEL04/MG;UOP03-DEL04-MG
754835;26/02/2026;quinta-feira;15:30:00;RJ;101;318;SAO GONCALO;Carga excessiva e/ou mal acondicionada;Colisão com objeto;Com Vítimas Feridas;Pleno dia;Crescente;Céu Claro;Dupla;Reta;Sim;3;0;1;0;1;2;0;2;-22,8493447;-43,09934182;SPRF-RJ;DEL02/RJ;UOP02-DEL02-RJ
754837;26/02/2026;quinta-feira;17:17:00;PI;343;343,6;TERESINA;Acumulo de óleo sobre o pavimento;Tombamento;Com Vítimas Feridas;Pleno dia;Crescente;Céu Claro;Simples;Reta;Sim;1;0;0;1;1;0;0;1;-5,09196273;-42,76162058;SPRF-PI;DEL01-PI;UOP01-DEL01-PI
754838;26/02/2026;quinta-feira;16:30:00;SP;116;423;JUQUIA;Acumulo de água sobre o pavimento;Saída de leito carroçável;Com Vítimas Feridas;Pleno dia;Decrescente;Chuva;Dupla;Reta;Não;3;0;1;0;1;2;0;1;-24,35647996;-47,68143654;SPRF-SP;DEL05/SP;UOP01-DEL05-SP
754839;26/02/2026;quinta-feira;17:00:00;SC;101;237,1;PALHOCA;Reação tardia ou ineficiente do condutor;Saída de leito carroçável;Com Vítimas Feridas;Pleno dia;Crescente;Nublado;Dupla;Reta;Não;1;0;1;0;1;0;0;1;-27,83827917;-48,63271952;SPRF-SC;DEL01/SC;UOP02-DEL01-SC
754841;26/02/2026;quinta-feira;14:25:00;RJ;101;321;NITEROI;Reação tardia ou ineficiente do condutor;Colisão traseira;Sem Vítimas;Pleno dia;Crescente;Nublado;Dupla;Reta;Não;3;0;0;0;0;3;0;2;-22,875433;-43,11008;SPRF-RJ;DEL02/RJ;UOP01-DEL02-RJ
754842;26/02/2026;quinta-feira;16:00:00;PE;408;70;PAUDALHO;Ausência de reação do condutor;Tombamento;Com Vítimas Feridas;Pleno dia;Crescente;Céu Claro;Dupla;Reta;Não;1;0;0;1;1;0;0;1;-7,9234;-35,15578;SPRF-PE;DEL01/PE;UOP01-DEL01-PE
754844;26/02/2026;quinta-feira;17:13:00;RN;101;72,5;EXTREMOZ;Acessar a via sem observar a presença dos outros veículos;Colisão transversal;Com Vítimas Feridas;Anoitecer;Crescente;Céu Claro;Simples;"Reta;Declive";Não;2;0;0;1;1;1;0;2;-5,70379874;-35,26548982;SPRF-RN;DEL02-RN;UOP01-DEL02-RN
754845;26/02/2026;quinta-feira;16:00:00;PR;277;111,2;CAMPO LARGO;Manobra de mudança de faixa;Colisão lateral mesmo sentido;Sem Vítimas;Pleno dia;Crescente;Nublado;Dupla;"Declive;Curva";Sim;3;0;0;0;0;2;0;2;-25,43277647;-49,40176098;SPRF-PR;DEL01/PR;UOP07-DEL01-PR
754846;26/02/2026;quinta-feira;17:00:00;RO;364;225,9;CACOAL;Acessar a via sem observar a presença dos outros veículos;Colisão transversal;Com Vítimas Feridas;Pleno dia;Crescente;Garoa/Chuvisco;Simples;"Interseção de Vias;Reta";Sim;3;0;1;0;1;2;0;2;-11,503922;-61,367195;SPRF-RO;DEL02-RO;UOP02-DEL02-RO
754847;26/02/2026;quinta-feira;18:10:00;ES;101;298,4;VIANA;Frear bruscamente;Queda de ocupante de veículo;Com Vítimas Feridas;Anoitecer;Crescente;Chuva;Simples;Reta;Não;2;0;1;0;1;1;0;2;-20,35515544;-40,4172677;SPRF-ES;DEL01-ES;UOP01-DEL01-ES
754848;26/02/2026;quinta-feira;17:55:00;MG;40;268;SAO GONCALO DO ABAETE;Transitar na contramão;Colisão frontal;Com Vítimas Fatais;Anoitecer;Decrescente;Nublado;Simples;"Curva;Aclive";Não;4;2;1;1;2;0;0;3;-18,167;-45,286;SPRF-MG;DEL14/MG;UOP02-DEL14-MG
754849;26/02/2026;quinta-feira;17:35:00;PR;153;42;SANTO ANTONIO DA PLATINA;Desrespeitar a preferência no cruzamento;Colisão transversal;Sem Vítimas;Pleno dia;Crescente;Céu Claro;Simples;Interseção de Vias;Sim;2;0;0;0;0;2;0;2;-23,2972762;-50,0686208;SPRF-PR;DEL07/PR;UOP04-DEL07-PR
754850;26/02/2026;quinta-feira;17:30:00;PE;101;72;RECIFE;Ausência de reação do condutor;Colisão traseira;Com Vítimas Feridas;Anoitecer;Decrescente;Céu Claro;Dupla;"Curva;Retorno Regulamentado;Declive";Sim;1;0;1;0;1;0;0;1;-8,099094;-34,950011;SPRF-PE;DEL01/PE;UOP01-DEL01-PE
754851;26/02/2026;quinta-feira;17:40:00;BA;101;807;ITAMARAJU;Acessar a via sem observar a presença dos outros veículos;Colisão transversal;Com Vítimas Feridas;Anoitecer;Decrescente;Céu Claro;Simples;Reta;Sim;2;0;1;0;1;1;0;2;-17,0198;-39,541438;SPRF-BA;DEL09/BA;UOP01-DEL09-BA
754852;26/02/2026;quinta-feira;17:45:00;PR;116;126;FAZENDA RIO GRANDE;Ausência de reação do condutor;Colisão traseira;Com Vítimas Feridas;Anoitecer;Decrescente;Céu Claro;Dupla;Reta;Sim;3;0;2;0;2;1;0;2;-25,638494;-49,312731;SPRF-PR;DEL01/PR;UOP03-DEL01-PR
754853;26/02/2026;quinta-feira;16:35:00;MG;381;184;PERIQUITO;Chuva;Saída de leito carroçável;Com Vítimas Feridas;Pleno dia;Crescente;Chuva;Simples;Curva;Não;1;0;1;0;1;0;0;1;-19,06707178;-42,17050171;SPRF-MG;DEL06/MG;UOP01-DEL06-MG
754855;26/02/2026;quinta-feira;17:10:00;RS;116;303;GUAIBA;Falta de acostamento;Tombamento;Com Vítimas Feridas;Pleno dia;Crescente;Céu Claro;Simples;Reta;Sim;1;0;1;0;1;0;0;1;-30,14485494;-51,3632497;SPRF-RS;DEL02/RS;UOP01-DEL02-RS
754856;18/02/2026;quarta-feira;18:05:00;SC;282;516;XAXIM;Acessar a via sem observar a presença dos outros veículos;Queda de ocupante de veículo;Com Vítimas Feridas;Anoitecer;Decrescente;Céu Claro;Simples;Curva;Não;3;0;2;0;2;0;0;2;-26,916404;-52,492522;SPRF-SC;DEL07/SC;UOP01-DEL07-SC
754858;26/02/2026;quinta-feira;18:00:00;SC;280;275,7;IRINEOPOLIS;Ausência de reação do condutor;Saída de leito carroçável;Com Vítimas Feridas;Pleno dia;Decrescente;Céu Claro;Simples;"Aclive;Reta";Não;1;0;1;0;1;0;0;1;-26,29017;-50,788488;SPRF-SC;DEL06/SC;UOP04-DEL06-SC
754859;26/02/2026;quinta-feira;16:30:00;RJ;101;164;MACAE;Demais Fenômenos da natureza;Saída de leito carroçável;Com Vítimas Feridas;Anoitecer;Decrescente;Chuva;Simples;Curva;Não;5;0;1;0;1;4;0;1;-22,32427398;-41,90688193;SPRF-RJ;DEL08/RJ;UOP04-DEL08-RJ
754860;26/02/2026;quinta-feira;18:45:00;SC;470;45;GASPAR;Transitar na contramão;Colisão frontal;Com Vítimas Feridas;Plena Noite;Decrescente;Céu Claro;Dupla;"Viaduto;Curva;Interseção de Vias;Aclive";Não;2;0;0;1;1;1;0;2;-26,86581169;-49,03309319;SPRF-SC;DEL04/SC;UOP01-DEL04-SC
754861;26/02/2026;quinta-feira;18:10:00;PR;376;179;MARINGA;Manobra de mudança de faixa;Colisão transversal;Com Vítimas Feridas;Anoitecer;Crescente;Céu Claro;Dupla;Reta;Sim;2;0;0;1;1;1;0;2;-23,42975;-51,89142;SPRF-PR;DEL09/PR;UOP01-DEL09-PR
754862;26/02/2026;quinta-feira;18:40:00;PR;376;3,5;APUCARANA;Trafegar com motocicleta (ou similar) entre as faixas;Atropelamento de Pedestre;Com Vítimas Feridas;Anoitecer;Decrescente;Céu Claro;Simples;Interseção de Vias;Não;2;0;1;1;2;0;0;2;-23,55863072;-51,44018933;SPRF-PR;DEL07/PR;UOP03-DEL07-PR
754865;26/02/2026;quinta-feira;17:45:00;SP;116;112;TAUBATE;Manobra de mudança de faixa;Colisão lateral mesmo sentido;Com Vítimas Feridas;Anoitecer;Crescente;Garoa/Chuvisco;Dupla;Reta;Sim;2;0;1;0;1;1;0;2;-23,04160803;-45,57103157;SPRF-SP;DEL02/SP;UOP02-DEL02-SP
754866;26/02/2026;quinta-feira;19:00:00;GO;364;322;PORTELANDIA;Ultrapassagem Indevida;Colisão frontal;Com Vítimas Fatais;Plena Noite;Decrescente;Céu Claro;Simples;"Reta;Aclive";Não;4;1;3;0;3;0;0;2;-17,401883;-52,649552;SPRF-GO;DEL05/GO;UOP01-DEL05-GO
754867;26/02/2026;quinta-feira;18:29:00;PE;101;54,5;PAULISTA;Trafegar com motocicleta (ou similar) entre as faixas;Colisão lateral mesmo sentido;Com Vítimas Feridas;Plena Noite;Decrescente;Céu Claro;Simples;Reta;Sim;2;0;1;0;1;1;0;2;-7,945621;-34,904353;SPRF-PE;DEL01/PE;UOP02-DEL01-PE
754868;26/02/2026;quinta-feira;08:10:00;MG;381;244;SANTANA DO PARAISO;Conversão proibida;Colisão transversal;Com Vítimas Feridas;Pleno dia;Decrescente;Nublado;Simples;Curva;Sim;2;0;1;0;1;1;0;2;-19,45325752;-42,52061024;SPRF-MG;DEL06/MG;UOP01-DEL06-MG
754869;26/02/2026;quinta-feira;17:55:00;BA;367;23;PORTO SEGURO;Acesso irregular;Colisão transversal;Com Vítimas Feridas;Pleno dia;Crescente;Céu Claro;Simples;Reta;Sim;2;0;1;0;1;1;0;2;-16,43581142;-39,07472607;SPRF-BA;DEL09/BA;UOP03-DEL09-BA
754874;26/02/2026;quinta-feira;18:30:00;PA;316;142,9;PEIXE-BOI;Transitar na contramão;Saída de leito carroçável;Sem Vítimas;Anoitecer;Decrescente;Nublado;Simples;"Aclive;Reta";Não;2;0;0;0;0;1;0;2;-1,247662;-47,244537;SPRF-PA;DEL01/PA;UOP03-DEL01-PA
754875;26/02/2026;quinta-feira;18:45:00;GO;60;92;ANAPOLIS;Condutor deixou de manter distância do veículo da frente;Colisão traseira;Com Vítimas Feridas;Anoitecer;Crescente;Garoa/Chuvisco;Dupla;Reta;Sim;2;0;1;0;1;0;0;2;-16,35302433;-48,91732013;SPRF-GO;DEL02/GO;UOP01-DEL02-GO
754876;26/02/2026;quinta-feira;17:25:00;BA;101;381;NOVA IBIA;Ausência de reação do condutor;Tombamento;Com Vítimas Feridas;Anoitecer;Crescente;Céu Claro;Simples;Curva;Não;1;0;0;1;1;0;0;1;-13,878213;-39,48963;SPRF-BA;DEL05/BA;UOP03-DEL05-BA
754879;26/02/2026;quinta-feira;18:00:00;MA;135;4;SAO LUIS;Acessar a via sem observar a presença dos outros veículos;Colisão transversal;Com Vítimas Feridas;Anoitecer;Crescente;Céu Claro;Dupla;Reta;Sim;4;0;1;0;1;3;0;4;-2,61425;-44,2523;SPRF-MA;DEL01-MA;UOP01-DEL01-MA
754881;26/02/2026;quinta-feira;18:30:00;PE;232;10;JABOATAO DOS GUARARAPES;Ausência de reação do condutor;Saída de leito carroçável;Com Vítimas Feridas;Pleno dia;Crescente;Céu Claro;Dupla;Reta;Não;1;0;0;1;1;0;0;1;-8,07927;-34,9914;SPRF-PE;DEL01/PE;UOP01-DEL01-PE
754882;26/02/2026;quinta-feira;19:15:00;ES;259;39;COLATINA;Reação tardia ou ineficiente do condutor;Colisão com objeto;Com Vítimas Feridas;Plena Noite;Crescente;Céu Claro;Simples;Curva;Não;2;0;0;1;1;0;0;2;-19,55750464;-40,53121917;SPRF-ES;DEL02-ES;UOP01-DEL02-ES
754886;26/02/2026;quinta-feira;19:45:00;PI;343;0,8;TERESINA;Acessar a via sem observar a presença dos outros veículos;Colisão transversal;Com Vítimas Feridas;Plena Noite;Decrescente;Céu Claro;Dupla;Reta;Sim;2;0;0;1;1;1;0;2;-5,080185;-42,757457;SPRF-PI;DEL01-PI;UOP01-DEL01-PI
754887;26/02/2026;quinta-feira;19:00:00;DF;80;17;BRASILIA;Reação tardia ou ineficiente do condutor;Capotamento;Com Vítimas Feridas;Plena Noite;Crescente;Chuva;Simples;"Declive;Curva";Sim;1;0;1;0;1;0;0;1;-15,692038;-48,205065;SPRF-DF;DEL03-DF;UOP02-DEL03-DF
754888;26/02/2026;quinta-feira;20:29:00;RN;101;77,3;NATAL;Condutor deixou de manter distância do veículo da frente;Colisão traseira;Com Vítimas Feridas;Plena Noite;Crescente;Céu Claro;Dupla;Reta;Sim;2;0;1;0;1;1;0;2;-5,73344556;-35,29102296;SPRF-RN;DEL02-RN;UOP01-DEL02-RN
754889;26/02/2026;quinta-feira;20:00:00;PE;101;58,2;RECIFE;Manobra de mudança de faixa;Colisão lateral mesmo sentido;Com Vítimas Feridas;Plena Noite;Decrescente;Nublado;Dupla;Reta;Sim;3;0;2;0;2;1;0;2;-7,97441836;-34,92193222;SPRF-PE;DEL01/PE;UOP02-DEL01-PE
754890;26/02/2026;quinta-feira;19:00:00;MS;262;410,8;TERENOS;Ausência de reação do condutor;Tombamento;Com Vítimas Feridas;Plena Noite;Decrescente;Céu Claro;Simples;Reta;Não;1;0;1;0;1;0;0;1;-20,44136;-55,119557;SPRF-MS;DEL01/MS;UOP03-DEL01-MS
754891;26/02/2026;quinta-feira;12:30:00;RJ;101;243;SILVA JARDIM;Demais falhas mecânicas ou elétricas;Incêndio;Sem Vítimas;Pleno dia;Decrescente;Garoa/Chuvisco;Dupla;Reta;Não;1;0;0;0;0;1;0;1;-22,638519;-42,464557;SPRF-RJ;DEL02/RJ;UOP03-DEL02-RJ
754892;26/02/2026;quinta-feira;18:20:00;BA;415;50;ITABUNA;Condutor deixou de manter distância do veículo da frente;Colisão traseira;Com Vítimas Feridas;Plena Noite;Crescente;Céu Claro;Simples;Reta;Sim;4;0;2;1;3;1;0;3;-14,8274;-39,31512;SPRF-BA;DEL05/BA;UOP01-DEL05-BA
754893;26/02/2026;quinta-feira;20:50:00;RJ;101;312;SAO GONCALO;Trafegar com motocicleta (ou similar) entre as faixas;Colisão lateral mesmo sentido;Com Vítimas Feridas;Plena Noite;Decrescente;Chuva;Dupla;Reta;Sim;2;0;1;0;1;1;0;2;-22,80512854;-43,06074923;SPRF-RJ;DEL02/RJ;UOP02-DEL02-RJ
754894;26/02/2026;quinta-feira;18:00:00;RJ;116;184;NOVA IGUACU;Trafegar com motocicleta (ou similar) entre as faixas;Queda de ocupante de veículo;Com Vítimas Feridas;Plena Noite;Crescente;Chuva;Dupla;Reta;Sim;3;0;2;0;2;1;0;2;-22,74779229;-43,44413487;SPRF-RJ;DEL06/RJ;UOP01-DEL06-RJ
754895;26/02/2026;quinta-feira;17:30:00;GO;80;110,9;VILA PROPICIO;Acessar a via sem observar a presença dos outros veículos;Colisão transversal;Com Vítimas Feridas;Pleno dia;Decrescente;Céu Claro;Simples;"Aclive;Reta";Não;3;0;2;0;2;1;0;2;-15,138298;-48,82555;SPRF-GO;DEL07/GO;UOP02-DEL07-GO
754896;26/02/2026;quinta-feira;18:00:00;RJ;101;504;ANGRA DOS REIS;Conversão proibida;Colisão transversal;Com Vítimas Feridas;Plena Noite;Decrescente;Chuva;Simples;Reta;Sim;2;0;2;0;2;0;0;2;-22,9898455;-44,2400441;SPRF-RJ;DEL03/RJ;UOP03-DEL03-RJ
754898;26/02/2026;quinta-feira;20:23:00;RN;304;181;LAJES;Animais na Pista;Atropelamento de Animal;Sem Vítimas;Plena Noite;Decrescente;Céu Claro;Simples;"Reta;Declive";Não;3;0;0;0;0;3;0;1;-5,70602295;-36,2316306;SPRF-RN;DEL01-RN;UOP03-DEL01-RN
754899;26/02/2026;quinta-feira;21:25:00;MG;364;10,7;FRUTAL;Acessar a via sem observar a presença dos outros veículos;Colisão transversal;Com Vítimas Feridas;Plena Noite;Decrescente;Nublado;Simples;Reta;Não;4;0;0;4;4;0;0;2;-20,093966;-48,74859;SPRF-MG;DEL13/MG;UOP02-DEL13-MG
754900;26/02/2026;quinta-feira;19:40:00;MS;163;509,8;JARAGUARI;Reação tardia ou ineficiente do condutor;Tombamento;Com Vítimas Feridas;Plena Noite;Crescente;Céu Claro;Dupla;Reta;Não;1;0;0;1;1;0;0;1;-20,243368;-54,47996;SPRF-MS;DEL01/MS;UOP02-DEL01-MS
754902;26/02/2026;quinta-feira;20:15:00;SP;153;72;SAO JOSE DO RIO PRETO;Reação tardia ou ineficiente do condutor;Colisão com objeto;Sem Vítimas;Plena Noite;Crescente;Céu Claro;Simples;"Túnel;Curva";Não;1;0;0;0;0;0;1;1;-20,876;-49,421;SPRF-SP;DEL09/SP;UOP01-DEL09-SP
754905;26/02/2026;quinta-feira;19:40:00;MT;163;587;NOVA MUTUM;Ausência de reação do condutor;Colisão com objeto;Com Vítimas Feridas;Plena Noite;Decrescente;Chuva;Dupla;Reta;Não;1;0;0;1;1;0;0;1;-13,917;-56,093;SPRF-MT;DEL01/MT;UOP01-DEL01-MT
754906;26/02/2026;quinta-feira;22:45:00;PR;376;167,8;MARINGA;Retorno proibido;Colisão transversal;Com Vítimas Feridas;Plena Noite;Decrescente;Céu Claro;Dupla;Retorno Regulamentado;Não;2;0;0;1;1;1;0;2;-23,39343035;-52,00951338;SPRF-PR;DEL09/PR;UOP01-DEL09-PR
754909;27/02/2026;sexta-feira;00:00:00;SC;470;2;NAVEGANTES;Acessar a via sem observar a presença dos outros veículos;Colisão lateral mesmo sentido;Com Vítimas Feridas;Plena Noite;Decrescente;Nublado;Múltipla;"Reta;Em Obras;Interseção de Vias;Retorno Regulamentado";Sim;2;0;1;0;1;1;0;2;-26,8691626;-48,6751979;SPRF-SC;DEL04/SC;UOP04-DEL04-SC
754910;26/02/2026;quinta-feira;16:00:00;RJ;101;274;TANGUA;Ausência de reação do condutor;Colisão lateral sentido oposto;Com Vítimas Feridas;Pleno dia;Decrescente;Garoa/Chuvisco;Dupla;"Interseção de Vias;Reta";Sim;2;0;1;0;1;1;0;2;-22,735913;-42,725398;SPRF-RJ;DEL02/RJ;UOP03-DEL02-RJ
754911;26/02/2026;quinta-feira;23:50:00;PR;277;531,9;CAMPO BONITO;Acessar a via sem observar a presença dos outros veículos;Saída de leito carroçável;Com Vítimas Feridas;Plena Noite;Crescente;Céu Claro;Simples;"Interseção de Vias;Curva";Não;3;0;2;0;2;1;0;1;-25,0915257;-52,9500599;SPRF-PR;DEL04/PR;UOP04-DEL04-PR
754913;27/02/2026;sexta-feira;00:01:00;SC;101;132,7;BALNEARIO CAMBORIU;Velocidade Incompatível;Colisão lateral mesmo sentido;Com Vítimas Feridas;Plena Noite;Crescente;Céu Claro;Simples;Interseção de Vias;Sim;3;0;2;0;2;1;0;2;-26,998586;-48,649499;SPRF-SC;DEL04/SC;UOP03-DEL04-SC
754914;27/02/2026;sexta-feira;00:00:00;GO;20;4;FORMOSA;Ausência de reação do condutor;Colisão com objeto;Com Vítimas Feridas;Plena Noite;Crescente;Chuva;Simples;"Em Obras;Reta";Sim;1;0;1;0;1;0;0;1;-15,559663;-47,311782;SPRF-DF;DEL02-DF;UOP02-DEL02-DF
754915;26/02/2026;quinta-feira;20:10:00;RR;174;465;BOA VISTA;Transtornos Mentais (exceto suicidio);Atropelamento de Pedestre;Com Vítimas Feridas;Plena Noite;Decrescente;Céu Claro;Simples;Reta;Não;2;0;0;2;2;0;0;2;2,54457947;-60,87716242;SPRF-RR;DEL01-RR;UOP01-DEL01-RR