id;data_inversa;dia_semana;horario;uf;br;km;municipio;causa_acidente;tipo_acidente;classificacao_acidente;fase_dia;sentido_via;condicao_metereologica;tipo_pista;tracado_via;uso_solo;pessoas;mortos;feridos_leves;feridos_graves;feridos;ilesos;ignorados;veiculos;latitude;longitude;regional;delegacia;uop
756185;05/03/2026;quinta-feira;08:02:00;ES;262;17;VIANA;Conversão proibida;Colisão transversal;Com Vítimas Feridas;Pleno dia;Crescente;Céu Claro;Simples;Reta;Sim;2;0;0;1;1;1;0;2;-20,38656959;-40,47332168;SPRF-ES;DEL01-ES;UOP01-DEL01-ES
756186;05/03/2026;quinta-feira;06:00:00;RJ;40;105;DUQUE DE CAXIAS;Reação tardia ou ineficiente do condutor;Colisão com objeto;Com Vítimas Feridas;Pleno dia;Decrescente;Céu Claro;Dupla;Reta;Sim;1;0;1;0;1;0;0;1;-22,64651;-43,28361;SPRF-RJ;DEL01/RJ;UOP02-DEL01-RJ
756187;04/03/2026;quarta-feira;18:40:00;MG;40;524;CONTAGEM;Transitar no Acostamento;Atropelamento de Pedestre;Com Vítimas Feridas;Plena Noite;Decrescente;Céu Claro;Dupla;Reta;Sim;2;0;1;0;1;1;0;2;-19,88237078;-44,05042807;SPRF-MG;DEL01/MG;UOP02-DEL01-MG
756188;21/02/2026;sábado;16:30:00;SC;280;186;MAFRA;Ingestão de álcool pelo condutor;Saída de leito carroçável;Com Vítimas Feridas;Pleno dia;Decrescente;Nublado;Simples;Curva;Não;3;0;2;1;3;0;0;1;-26,168431;-49,9593905;SPRF-SC;DEL06/SC;UOP01-DEL06-SC
756189;05/03/2026;quinta-feira;06:30:00;SP;116;224;GUARULHOS;Reação tardia ou ineficiente do condutor;Colisão traseira;Sem Vítimas;Pleno dia;Crescente;Céu Claro;Múltipla;Reta;Sim;2;0;0;0;0;0;1;2;-23,48283135;-46,536738;SPRF-SP;DEL01/SP;UOP01-DEL01-SP
756190;05/03/2026;quinta-feira;07:40:00;PR;376;168,9;MARINGA;Reação tardia ou ineficiente do condutor;Colisão traseira;Sem Vítimas;Pleno dia;Crescente;Sol;Dupla;Reta;Não;2;0;0;0;0;2;0;2;-23,40005;-52,000687;SPRF-PR;DEL09/PR;UOP01-DEL09-PR
756191;05/03/2026;quinta-feira;05:55:00;RJ;40;103;DUQUE DE CAXIAS;Condutor deixou de manter distância do veículo da frente;Colisão traseira;Com Vítimas Feridas;Amanhecer;Crescente;Céu Claro;Dupla;Reta;Não;2;0;1;0;1;1;0;2;-22,62791;-43,286067;SPRF-RJ;DEL01/RJ;UOP02-DEL01-RJ
756192;05/03/2026;quinta-feira;05:03:00;MT;163;837;SINOP;Acessar a via sem observar a presença dos outros veículos;Colisão transversal;Com Vítimas Fatais;Amanhecer;Crescente;Céu Claro;Simples;Reta;Sim;5;1;0;0;0;4;0;2;-11,83662758;-55,48877835;SPRF-MT;DEL06/MT;UOP02-DEL06-MT
756193;05/03/2026;quinta-feira;09:00:00;PB;230;13;CABEDELO;Conversão proibida;Colisão lateral mesmo sentido;Com Vítimas Feridas;Pleno dia;Decrescente;Sol;Dupla;"Em Obras;Curva";Sim;2;0;1;0;1;1;0;2;-7,08267607;-34,84890866;SPRF-PB;DEL01-PB;UOP01-DEL01-PB
756194;05/03/2026;quinta-feira;09:00:00;DF;20;19,4;BRASILIA;Reação tardia ou ineficiente do condutor;Colisão lateral mesmo sentido;Sem Vítimas;Pleno dia;Decrescente;Céu Claro;Dupla;Reta;Sim;2;0;0;0;0;2;0;2;-15,609;-47,695;SPRF-DF;DEL02-DF;UOP01-DEL02-DF
756195;01/03/2026;domingo;14:10:00;PR;163;6;BARRACAO;Velocidade Incompatível;Colisão traseira;Com Vítimas Feridas;Pleno dia;Crescente;Céu Claro;Simples;"Reta;Declive";Não;6;0;4;1;5;1;0;2;-26,256915;-53,627273;SPRF-PR;DEL02/PR;UOP02-DEL02-PR
756196;05/03/2026;quinta-feira;08:15:00;PI;343;12;PARNAIBA;Desrespeitar a preferência no cruzamento;Colisão transversal;Com Vítimas Feridas;Pleno dia;Decrescente;Nublado;Dupla;Rotatória;Sim;3;0;2;0;2;0;0;2;-2,90978203;-41,75360441;SPRF-PI;DEL05-PI;UOP01-DEL05-PI
756197;05/03/2026;quinta-feira;08:10:00;BA;367;23;PORTO SEGURO;Acessar a via sem observar a presença dos outros veículos;Colisão lateral mesmo sentido;Com Vítimas Feridas;Pleno dia;Decrescente;Céu Claro;Simples;Reta;Sim;2;0;1;0;1;1;0;2;-16,435397;-39,073078;SPRF-BA;DEL09/BA;UOP03-DEL09-BA
756199;05/03/2026;quinta-feira;09:30:00;SP;116;230;SAO PAULO;Trafegar com motocicleta (ou similar) entre as faixas;Queda de ocupante de veículo;Com Vítimas Feridas;Pleno dia;Crescente;Céu Claro;Múltipla;Reta;Sim;1;0;1;0;1;0;0;1;-23,5164775;-46,57987945;SPRF-SP;DEL01/SP;UOP01-DEL01-SP
756202;05/03/2026;quinta-feira;09:10:00;SC;470;109,1;APIUNA;Acessar a via sem observar a presença dos outros veículos;Colisão transversal;Com Vítimas Feridas;Pleno dia;Decrescente;Céu Claro;Simples;Reta;Não;2;0;0;1;1;1;0;2;-27,08362512;-49,45202416;SPRF-SC;DEL04/SC;UOP02-DEL04-SC
756203;05/03/2026;quinta-feira;08:00:00;ES;262;104,7;VENDA NOVA DO IMIGRANTE;Conversão proibida;Colisão lateral mesmo sentido;Com Vítimas Feridas;Pleno dia;Crescente;Sol;Simples;Reta;Sim;3;0;1;1;2;1;0;2;-20,3276656;-41,13347769;SPRF-ES;DEL01-ES;UOP02-DEL01-ES
756204;05/03/2026;quinta-feira;09:30:00;RJ;393;281;VOLTA REDONDA;Transitar no Acostamento;Colisão transversal;Com Vítimas Feridas;Pleno dia;Crescente;Céu Claro;Simples;Reta;Sim;2;0;0;1;1;1;0;2;-22,4735067;-44,0580723;SPRF-RJ;DEL05/RJ;UOP04-DEL05-RJ
756205;05/03/2026;quinta-feira;09:10:00;DF;0;0;BRASILIA;Reação tardia ou ineficiente do condutor;Colisão traseira;Com Vítimas Feridas;Pleno dia;Não Informado;Céu Claro;Múltipla;Reta;Sim;3;0;1;0;1;2;0;2;-15,79495917;-48,19919165;SPRF-DF;DEL03-DF;UOP02-DEL03-DF
756207;05/03/2026;quinta-feira;09:45:00;PI;316;10,9;TERESINA;Desrespeitar a preferência no cruzamento;Colisão transversal;Com Vítimas Feridas;Pleno dia;Crescente;Sol;Múltipla;Reta;Sim;2;0;1;0;1;1;0;2;-5,19071;-42,76133;SPRF-PI;DEL01-PI;UOP02-DEL01-PI
756210;05/03/2026;quinta-feira;08:30:00;RJ;101;325;NITEROI;Condutor deixou de manter distância do veículo da frente;Colisão lateral mesmo sentido;Com Vítimas Feridas;Pleno dia;Crescente;Céu Claro;Simples;"Ponte;Reta";Sim;3;0;1;0;1;2;0;3;-22,87279932;-43,13725328;SPRF-RJ;DEL02/RJ;UOP01-DEL02-RJ
756211;05/03/2026;quinta-feira;12:05:00;RJ;116;183;NOVA IGUACU;Trafegar com motocicleta (ou similar) entre as faixas;Queda de ocupante de veículo;Com Vítimas Feridas;Pleno dia;Crescente;Céu Claro;Múltipla;Reta;Sim;3;0;1;0;1;2;0;2;-22,7512366;-43,4393434;SPRF-RJ;DEL06/RJ;UOP01-DEL06-RJ
756214;05/03/2026;quinta-feira;12:34:00;MT;70;150;GENERAL CARNEIRO;Transitar no Acostamento;Colisão lateral mesmo sentido;Com Vítimas Feridas;Pleno dia;Crescente;Céu Claro;Simples;"Interseção de Vias;Reta";Sim;2;0;1;0;1;1;0;2;-15,57210053;-53,40968369;SPRF-MT;DEL07/MT;UOP01-DEL07-MT
756215;05/03/2026;quinta-feira;10:30:00;MG;251;449,8;GRAO MOGOL;Condutor deixou de manter distância do veículo da frente;Colisão traseira;Com Vítimas Feridas;Pleno dia;Crescente;Nublado;Simples;Reta;Não;4;0;1;1;2;2;0;2;-16,25364635;-42,94692991;SPRF-MG;DEL12/MG;UOP01-DEL12-MG
756219;05/03/2026;quinta-feira;12:10:00;PR;158;507;CORONEL VIVIDA;Demais falhas mecânicas ou elétricas;Incêndio;Sem Vítimas;Pleno dia;Decrescente;Sol;Simples;"Declive;Reta";Não;1;0;0;0;0;1;0;1;-26,0294562;-52,588383;SPRF-PR;DEL02/PR;UOP01-DEL02-PR
756220;21/02/2026;sábado;11:00:00;MG;262;653;IBIA;Acumulo de areia ou detritos sobre o pavimento;Eventos atípicos;Com Vítimas Feridas;Pleno dia;Decrescente;Céu Claro;Simples;Reta;Não;3;0;1;0;1;2;0;2;-19,5616282;-46,75115459;SPRF-MG;DEL08/MG;UOP01-DEL08-MG
756221;05/03/2026;quinta-feira;11:20:00;BA;116;423;FEIRA DE SANTANA;Desrespeitar a preferência no cruzamento;Colisão transversal;Com Vítimas Feridas;Pleno dia;Decrescente;Sol;Múltipla;"Reta;Viaduto;Interseção de Vias";Sim;3;0;1;0;1;1;0;3;-12,232247;-38,9710477;SPRF-BA;DEL02/BA;UOP01-DEL02-BA
756222;05/03/2026;quinta-feira;11:48:00;MG;381;933;EXTREMA;Mal súbito do condutor;Saída de leito carroçável;Com Vítimas Feridas;Pleno dia;Decrescente;Céu Claro;Dupla;"Declive;Curva";Não;1;0;1;0;1;0;0;1;-22,799819;-46,257813;SPRF-MG;DEL16/MG;UOP03-DEL16-MG
756228;05/03/2026;quinta-feira;12:30:00;RJ;101;472,8;ANGRA DOS REIS;Condutor deixou de manter distância do veículo da frente;Colisão traseira;Com Vítimas Feridas;Pleno dia;Decrescente;Céu Claro;Simples;"Ponte;Reta";Não;2;0;1;0;1;1;0;2;-22,996793;-44,228994;SPRF-RJ;DEL03/RJ;UOP03-DEL03-RJ
756229;05/03/2026;quinta-feira;09:05:00;MG;116;430,9;ENGENHEIRO CALDAS;Conversão proibida;Colisão transversal;Com Vítimas Feridas;Pleno dia;Crescente;Sol;Simples;Curva;Não;2;0;1;0;1;1;0;2;-19,007151;-41,976501;SPRF-MG;DEL06/MG;UOP01-DEL06-MG
756230;05/03/2026;quinta-feira;12:10:00;BA;101;213,2;MURITIBA;Ausência de reação do condutor;Colisão frontal;Com Vítimas Feridas;Pleno dia;Decrescente;Sol;Simples;Reta;Não;3;0;2;0;2;1;0;2;-12,61569;-39,086008;SPRF-BA;DEL11/BA;UOP01-DEL11-BA
756234;05/03/2026;quinta-feira;13:15:00;SC;153;99,2;CONCORDIA;Conversão proibida;Colisão frontal;Com Vítimas Feridas;Pleno dia;Crescente;Nublado;Simples;Curva;Não;4;0;0;1;1;3;0;2;-27,24386529;-51,95171563;SPRF-SC;DEL07/SC;UOP04-DEL07-SC
756239;05/03/2026;quinta-feira;12:45:00;BA;324;516;FEIRA DE SANTANA;Desrespeitar a preferência no cruzamento;Colisão transversal;Com Vítimas Feridas;Pleno dia;Decrescente;Sol;Múltipla;Reta;Sim;2;0;2;0;2;0;0;2;-12,2570865;-38,93202603;SPRF-BA;DEL02/BA;UOP01-DEL02-BA
756240;05/03/2026;quinta-feira;14:40:00;MA;135;2;SAO LUIS;Acessar a via sem observar a presença dos outros veículos;Colisão traseira;Com Vítimas Feridas;Pleno dia;Crescente;Nublado;Dupla;"Reta;Retorno Regulamentado";Sim;2;0;1;0;1;1;0;2;-2,601271;-44,246106;SPRF-MA;DEL01-MA;UOP01-DEL01-MA
756241;05/03/2026;quinta-feira;14:52:00;PR;277;82;CURITIBA;Trafegar com motocicleta (ou similar) entre as faixas;Colisão lateral mesmo sentido;Com Vítimas Feridas;Pleno dia;Decrescente;Céu Claro;Dupla;Reta;Sim;3;0;0;1;1;1;0;3;-25,45677113;-49,223096;SPRF-PR;DEL01/PR;UOP03-DEL01-PR
756243;05/03/2026;quinta-feira;15:30:00;ES;101;211,4;IBIRACU;Reação tardia ou ineficiente do condutor;Tombamento;Com Vítimas Feridas;Pleno dia;Crescente;Céu Claro;Simples;Reta;Não;1;0;1;0;1;0;0;1;-19,810658;-40,366488;SPRF-ES;DEL02-ES;UOP01-DEL02-ES
756244;05/03/2026;quinta-feira;15:40:00;MG;381;357;JOAO MONLEVADE;Curva acentuada;Queda de ocupante de veículo;Com Vítimas Feridas;Pleno dia;Decrescente;Céu Claro;Simples;Reta;Não;1;0;1;0;1;0;0;1;-19,85016273;-43,15088502;SPRF-MG;DEL03/MG;UOP01-DEL03-MG
756246;05/03/2026;quinta-feira;15:00:00;DF;60;4,6;BRASILIA;Manobra de mudança de faixa;Colisão lateral mesmo sentido;Com Vítimas Feridas;Pleno dia;Crescente;Céu Claro;Dupla;Declive;Não;2;0;0;1;1;1;0;2;-15,89479;-48,102382;SPRF-DF;DEL03-DF;UOP01-DEL03-DF
756247;05/03/2026;quinta-feira;15:00:00;BA;116;407;FEIRA DE SANTANA;Demais falhas mecânicas ou elétricas;Queda de ocupante de veículo;Com Vítimas Feridas;Pleno dia;Decrescente;Céu Claro;Dupla;Reta;Não;2;0;2;0;2;0;0;1;-12,093889;-38,968994;SPRF-BA;DEL02/BA;UOP01-DEL02-BA
756248;05/03/2026;quinta-feira;08:05:00;RJ;101;219;SILVA JARDIM;Reação tardia ou ineficiente do condutor;Atropelamento de Pedestre;Com Vítimas Feridas;Pleno dia;Decrescente;Céu Claro;Dupla;Reta;Não;3;0;0;2;2;1;0;2;-22,50875098;-42,28500366;SPRF-RJ;DEL02/RJ;UOP03-DEL02-RJ
756249;05/03/2026;quinta-feira;15:30:00;BA;367;73,3;EUNAPOLIS;Ausência de reação do condutor;Colisão traseira;Com Vítimas Feridas;Pleno dia;Crescente;Céu Claro;Simples;Reta;Não;4;0;2;0;2;2;0;2;-16,383837;-39,492139;SPRF-BA;DEL09/BA;UOP03-DEL09-BA
756250;05/03/2026;quinta-feira;13:26:00;RS;470;159;NOVA PRATA;Acessar a via sem observar a presença dos outros veículos;Colisão transversal;Com Vítimas Feridas;Pleno dia;Crescente;Céu Claro;Simples;"Declive;Reta";Não;2;0;0;1;1;1;0;2;-28,80792;-51,60358;SPRF-RS;DEL06/RS;UOP02-DEL06-RS
756251;05/03/2026;quinta-feira;10:30:00;MA;135;24,3;SAO LUIS;Reação tardia ou ineficiente do condutor;Engavetamento;Com Vítimas Feridas;Pleno dia;Decrescente;Nublado;Dupla;Reta;Sim;4;0;0;1;1;2;0;3;-2,54888;-44,30486;SPRF-MA;DEL01-MA;UOP01-DEL01-MA
756252;05/03/2026;quinta-feira;15:45:00;SC;101;214,1;PALHOCA;Demais falhas mecânicas ou elétricas;Incêndio;Sem Vítimas;Pleno dia;Crescente;Céu Claro;Simples;Reta;Sim;1;0;0;0;0;1;0;1;-27,64565;-48,671602;SPRF-SC;DEL01/SC;UOP02-DEL01-SC
756254;05/03/2026;quinta-feira;16:20:00;MG;365;625;UBERLANDIA;Ausência de reação do condutor;Colisão traseira;Sem Vítimas;Pleno dia;Crescente;Céu Claro;Dupla;Reta;Não;2;0;0;0;0;1;0;2;-18,90999121;-48,30644488;SPRF-MG;DEL15/MG;UOP01-DEL15-MG
756255;05/03/2026;quinta-feira;15:50:00;BA;367;31,3;PORTO SEGURO;Desrespeitar a preferência no cruzamento;Colisão transversal;Com Vítimas Feridas;Pleno dia;Decrescente;Céu Claro;Simples;Interseção de Vias;Sim;2;0;0;1;1;1;0;2;-16,4199352;-39,13710862;SPRF-BA;DEL09/BA;UOP03-DEL09-BA
756256;05/03/2026;quinta-feira;08:00:00;MT;70;704;CACERES;Acumulo de água sobre o pavimento;Saída de leito carroçável;Com Vítimas Feridas;Pleno dia;Crescente;Chuva;Simples;"Declive;Curva";Não;1;0;1;0;1;0;0;1;-16,244061;-57,543902;SPRF-MT;DEL03/MT;UOP01-DEL03-MT
756257;05/03/2026;quinta-feira;16:00:00;RS;392;19,4;RIO GRANDE;Animais na Pista;Atropelamento de Animal;Com Vítimas Feridas;Pleno dia;Decrescente;Céu Claro;Dupla;Reta;Sim;2;0;2;0;2;0;0;1;-32,0865648;-52,1918834;SPRF-RS;DEL07/RS;UOP02-DEL07-RS
756259;05/03/2026;quinta-feira;13:00:00;RO;364;10;VILHENA;Acessar a via sem observar a presença dos outros veículos;Colisão transversal;Com Vítimas Feridas;Pleno dia;Crescente;Céu Claro;Simples;Interseção de Vias;Sim;2;0;1;0;1;1;0;2;-12,74329072;-60,12335444;SPRF-RO;DEL04-RO;UOP01-DEL04-RO
756260;05/03/2026;quinta-feira;15:50:00;SC;101;337;TUBARAO;Acessar a via sem observar a presença dos outros veículos;Colisão lateral mesmo sentido;Com Vítimas Feridas;Pleno dia;Crescente;Céu Claro;Dupla;Declive;Não;2;0;1;0;1;1;0;2;-28,49403683;-49,04265611;SPRF-SC;DEL02/SC;UOP01-DEL02-SC
756261;05/03/2026;quinta-feira;16:15:00;PR;369;184;ARAPONGAS;Reação tardia ou ineficiente do condutor;Colisão frontal;Com Vítimas Feridas;Pleno dia;Decrescente;Céu Claro;Dupla;"Interseção de Vias;Reta";Não;2;0;1;0;1;1;0;2;-23,38463;-51,418878;SPRF-PR;DEL07/PR;UOP03-DEL07-PR
756262;05/03/2026;quinta-feira;13:00:00;RJ;101;277;TANGUA;Entrada inopinada do pedestre;Atropelamento de Pedestre;Com Vítimas Feridas;Pleno dia;Crescente;Céu Claro;Dupla;Reta;Não;3;0;2;0;2;1;0;3;-22,73979;-42,75459;SPRF-RJ;DEL02/RJ;UOP03-DEL02-RJ
756263;05/03/2026;quinta-feira;17:30:00;PE;101;29,8;ITAPISSUMA;Objeto estático sobre o leito carroçável;Queda de ocupante de veículo;Com Vítimas Feridas;Anoitecer;Crescente;Nublado;Dupla;Curva;Não;2;0;1;1;2;0;0;1;-7,7354987;-34,94164815;SPRF-PE;DEL01/PE;UOP02-DEL01-PE
756264;05/03/2026;quinta-feira;17:50:00;PB;230;463;SOUSA;Ausência de reação do condutor;Queda de ocupante de veículo;Com Vítimas Feridas;Plena Noite;Crescente;Céu Claro;Simples;Reta;Sim;1;0;1;0;1;0;0;1;-6,7787708;-38,24051356;SPRF-PB;DEL03-PB;UOP03-DEL03-PB
756265;05/03/2026;quinta-feira;13:10:00;RS;392;27;RIO GRANDE;Demais falhas mecânicas ou elétricas;Engavetamento;Com Vítimas Feridas;Pleno dia;Crescente;Céu Claro;Simples;"Rotatória;Aclive";Sim;4;0;1;0;1;3;0;3;-32,0718;-52,2616;SPRF-RS;DEL07/RS;UOP02-DEL07-RS
756266;05/03/2026;quinta-feira;17:50:00;RS;116;231;IVOTI;Condutor deixou de manter distância do veículo da frente;Colisão traseira;Sem Vítimas;Pleno dia;Decrescente;Céu Claro;Dupla;"Reta;Declive";Sim;2;0;0;0;0;2;0;2;-29,6244507;-51,13537;SPRF-RS;DEL01/RS;UOP02-DEL01-RS
756267;05/03/2026;quinta-feira;17:20:00;BA;116;820;VITORIA DA CONQUISTA;Desrespeitar a preferência no cruzamento;Colisão transversal;Com Vítimas Feridas;Anoitecer;Crescente;Nevoeiro/Neblina;Simples;Declive;Não;2;0;0;1;1;1;0;2;-14,82968187;-40,83096325;SPRF-BA;DEL08/BA;UOP01-DEL08-BA
756271;05/03/2026;quinta-feira;17:42:00;DF;60;5,4;BRASILIA;Reação tardia ou ineficiente do condutor;Tombamento;Com Vítimas Feridas;Anoitecer;Crescente;Céu Claro;Dupla;"Declive;Reta";Sim;1;0;0;1;1;0;0;1;-15,896626;-48,10904;SPRF-DF;DEL03-DF;UOP01-DEL03-DF
756272;05/03/2026;quinta-feira;17:40:00;BA;418;86,6;NOVA VICOSA;Ingestão de álcool pelo condutor;Colisão traseira;Sem Vítimas;Anoitecer;Crescente;Nublado;Simples;Reta;Sim;3;0;0;0;0;1;0;3;-17,886077;-39,836402;SPRF-BA;DEL09/BA;UOP02-DEL09-BA
756273;05/03/2026;quinta-feira;18:00:00;SC;101;153;PORTO BELO;Ultrapassagem Indevida;Colisão traseira;Com Vítimas Feridas;Anoitecer;Crescente;Céu Claro;Dupla;Reta;Sim;2;0;1;0;1;1;0;2;-27,145998;-48,6105155;SPRF-SC;DEL04/SC;UOP03-DEL04-SC
756274;05/03/2026;quinta-feira;17:05:00;PR;376;177,9;MARINGA;Acessar a via sem observar a presença dos outros veículos;Colisão lateral mesmo sentido;Com Vítimas Feridas;Pleno dia;Crescente;Céu Claro;Múltipla;"Reta;Retorno Regulamentado";Sim;2;0;1;0;1;1;0;2;-23,41583295;-51,92326353;SPRF-PR;DEL09/PR;UOP01-DEL09-PR
756275;05/03/2026;quinta-feira;16:30:00;SC;101;443;SANTA ROSA DO SUL;Demais falhas na via;Tombamento;Com Vítimas Feridas;Pleno dia;Decrescente;Nublado;Simples;Interseção de Vias;Sim;2;0;2;0;2;0;0;1;-29,13261079;-49,69922869;SPRF-SC;DEL02/SC;UOP02-DEL02-SC
756276;05/03/2026;quinta-feira;16:20:00;RJ;40;109;DUQUE DE CAXIAS;Reação tardia ou ineficiente do condutor;Colisão lateral mesmo sentido;Com Vítimas Feridas;Pleno dia;Decrescente;Nublado;Múltipla;Reta;Sim;2;0;1;0;1;1;0;2;-22,680219;-43,285679;SPRF-RJ;DEL01/RJ;UOP02-DEL01-RJ
756280;05/03/2026;quinta-feira;15:25:00;PE;423;94,9;GARANHUNS;Acessar a via sem observar a presença dos outros veículos;Colisão lateral sentido oposto;Com Vítimas Feridas;Pleno dia;Crescente;Céu Claro;Simples;Reta;Sim;2;0;0;1;1;1;0;2;-8,878868;-36,477988;SPRF-PE;DEL03/PE;UOP01-DEL03-PE
756282;05/03/2026;quinta-feira;17:40:00;SP;116;134;SAO JOSE DOS CAMPOS;Manobra de mudança de faixa;Colisão lateral mesmo sentido;Com Vítimas Feridas;Anoitecer;Crescente;Céu Claro;Dupla;Reta;Não;1;0;1;0;1;0;0;1;-23,14323703;-45,76705679;SPRF-SP;DEL02/SP;UOP02-DEL02-SP
756283;05/03/2026;quinta-feira;18:30:00;PR;116;127;FAZENDA RIO GRANDE;Pedestre cruzava a pista fora da faixa;Atropelamento de Pedestre;Com Vítimas Feridas;Anoitecer;Crescente;Céu Claro;Múltipla;"Reta;Interseção de Vias";Sim;3;0;1;0;1;2;0;2;-25,65439854;-49,31232389;SPRF-PR;DEL01/PR;UOP03-DEL01-PR
756285;05/03/2026;quinta-feira;14:30:00;BA;324;561;AMELIA RODRIGUES;Ausência de reação do condutor;Colisão traseira;Com Vítimas Feridas;Pleno dia;Decrescente;Céu Claro;Dupla;Reta;Não;3;0;1;0;1;1;0;3;-12,49910148;-38,64442527;SPRF-BA;DEL01/BA;UOP01-DEL01-BA
756286;05/03/2026;quinta-feira;17:30:00;RO;364;344,8;JI-PARANA;Chuva;Atropelamento de Pedestre;Com Vítimas Feridas;Anoitecer;Crescente;Chuva;Múltipla;"Reta;Rotatória";Sim;2;0;1;0;1;1;0;2;-10,86884153;-61,96055744;SPRF-RO;DEL02-RO;UOP01-DEL02-RO
756287;05/03/2026;quinta-feira;18:40:00;PR;376;595,9;CURITIBA;Condutor deixou de manter distância do veículo da frente;Colisão traseira;Com Vítimas Feridas;Anoitecer;Decrescente;Céu Claro;Dupla;Reta;Sim;2;0;1;0;1;1;0;2;-25,46955869;-49,35458568;SPRF-PR;DEL01/PR;UOP03-DEL01-PR
756288;05/03/2026;quinta-feira;18:23:00;AP;210;2;MACAPA;Conversão proibida;Colisão traseira;Com Vítimas Feridas;Anoitecer;Crescente;Céu Claro;Dupla;"Retorno Regulamentado;Reta";Sim;4;0;2;0;2;1;0;3;0,08388874;-51,07936621;SPRF-AP;DEL01-AP;UOP01-DEL01-AP
756289;05/03/2026;quinta-feira;17:30:00;PB;230;460;SOUSA;Condutor deixou de manter distância do veículo da frente;Colisão lateral mesmo sentido;Com Vítimas Feridas;Anoitecer;Decrescente;Céu Claro;Simples;"Reta;Interseção de Vias";Sim;2;0;1;0;1;1;0;2;-6,778533;-38,231433;SPRF-PB;DEL03-PB;UOP03-DEL03-PB
756291;05/03/2026;quinta-feira;19:00:00;PR;376;258;CALIFORNIA;Condutor Dormindo;Colisão traseira;Sem Vítimas;Plena Noite;Crescente;Céu Claro;Simples;"Interseção de Vias;Reta";Sim;3;0;0;0;0;3;0;2;-23,66864029;-51,35816574;SPRF-PR;DEL07/PR;UOP03-DEL07-PR
756295;16/01/2026;sexta-feira;02:20:00;PA;163;310,7;NOVO PROGRESSO;Ausência de reação do condutor;Colisão com objeto;Sem Vítimas;Plena Noite;Decrescente;Ignorado;Simples;Reta;Sim;1;0;0;0;0;0;1;1;-7,0405441;-55,41478157;SPRF-PA;DEL05/PA;UOP03-DEL05-PA
756296;05/03/2026;quinta-feira;19:30:00;PR;369;137,4;IBIPORA;Acessar a via sem observar a presença dos outros veículos;Colisão transversal;Com Vítimas Feridas;Plena Noite;Crescente;Céu Claro;Simples;Reta;Sim;2;0;1;0;1;1;0;2;-23,27040614;-51,04713269;SPRF-PR;DEL07/PR;UOP01-DEL07-PR
756297;05/03/2026;quinta-feira;18:20:00;SC;280;27;ARAQUARI;Retorno proibido;Colisão lateral mesmo sentido;Com Vítimas Feridas;Anoitecer;Crescente;Nublado;Simples;Reta;Não;2;0;1;0;1;1;0;2;-26,39932202;-48,74181954;SPRF-SC;DEL03/SC;UOP03-DEL03-SC
756298;16/01/2026;sexta-feira;13:00:00;PB;230;19;JOAO PESSOA;Reação tardia ou ineficiente do condutor;Colisão traseira;Com Vítimas Feridas;Pleno dia;Decrescente;Céu Claro;Dupla;Reta;Sim;5;0;1;0;1;3;0;4;-7,13025601;-34,85107809;SPRF-PB;DEL01-PB;UOP01-DEL01-PB
756299;05/03/2026;quinta-feira;18:50:00;MT;70;528;VARZEA GRANDE;Conversão proibida;Colisão transversal;Com Vítimas Feridas;Plena Noite;Decrescente;Céu Claro;Simples;Reta;Sim;2;0;1;0;1;1;0;2;-15,65226577;-56,20147026;SPRF-MT;DEL01/MT;UOP02-DEL01-MT
756301;05/03/2026;quinta-feira;19:00:00;PR;376;400;TIBAGI;Reação tardia ou ineficiente do condutor;Saída de leito carroçável;Com Vítimas Feridas;Anoitecer;Crescente;Nublado;Dupla;"Reta;Declive";Não;1;0;1;0;1;0;0;1;-24,59102778;-50,67563889;SPRF-PR;DEL03/PR;UOP02-DEL03-PR
756302;05/03/2026;quinta-feira;20:10:00;CE;116;48;PACAJUS;Retorno proibido;Queda de ocupante de veículo;Com Vítimas Feridas;Plena Noite;Decrescente;Céu Claro;Múltipla;Retorno Regulamentado;Sim;1;0;1;0;1;0;0;1;-4,164583;-38,488366;SPRF-CE;DEL01/CE;UOP02-DEL01-CE
756303;05/03/2026;quinta-feira;18:00:00;MG;116;373,4;FREI INOCENCIO;Ingestão de álcool pelo condutor;Colisão traseira;Com Vítimas Feridas;Anoitecer;Crescente;Nublado;Múltipla;Reta;Sim;6;0;0;1;1;5;0;5;-18,56784;-41,907527;SPRF-MG;DEL11/MG;UOP01-DEL11-MG
756305;05/03/2026;quinta-feira;19:45:00;MG;40;360;FELIXLANDIA;Animais na Pista;Atropelamento de Animal;Com Vítimas Feridas;Plena Noite;Decrescente;Céu Claro;Simples;Reta;Não;1;0;0;1;1;0;0;1;-18,75096002;-44,85202789;SPRF-MG;DEL02/MG;UOP01-DEL02-MG
756306;05/03/2026;quinta-feira;19:59:00;SP;381;50;ATIBAIA;Reação tardia ou ineficiente do condutor;Colisão transversal;Com Vítimas Feridas;Plena Noite;Crescente;Nublado;Múltipla;Reta;Não;3;0;0;1;1;2;0;3;-23,21593417;-46,59285665;SPRF-SP;DEL03/SP;UOP01-DEL03-SP