id;data_inversa;dia_semana;horario;uf;br;km;municipio;causa_acidente;tipo_acidente;classificacao_acidente;fase_dia;sentido_via;condicao_metereologica;tipo_pista;tracado_via;uso_solo;pessoas;mortos;feridos_leves;feridos_graves;feridos;ilesos;ignorados;veiculos;latitude;longitude;regional;delegacia;uop
756675;07/03/2026;sábado;10:25:00;SC;101;118,2;ITAJAI;Manobra de mudança de faixa;Colisão lateral mesmo sentido;Com Vítimas Feridas;Pleno dia;Crescente;Céu Claro;Dupla;Reta;Não;3;0;2;0;2;0;0;2;-26,896058;-48,719015;SPRF-SC;DEL04/SC;UOP04-DEL04-SC
756677;07/03/2026;sábado;11:10:00;BA;324;583;CANDEIAS;Manobra de mudança de faixa;Saída de leito carroçável;Com Vítimas Feridas;Pleno dia;Decrescente;Céu Claro;Dupla;Reta;Não;5;0;2;1;3;2;0;1;-12,6230483;-38,481695;SPRF-BA;DEL01/BA;UOP01-DEL01-BA
756678;07/03/2026;sábado;11:40:00;SC;282;18,8;PALHOCA;Acesso irregular;Colisão lateral mesmo sentido;Com Vítimas Feridas;Pleno dia;Decrescente;Céu Claro;Simples;Reta;Sim;2;0;1;0;1;1;0;2;-27,678295;-48,701696;SPRF-SC;DEL01/SC;UOP02-DEL01-SC
756679;07/03/2026;sábado;09:45:00;MG;262;416;IGARATINGA;Manobra de mudança de faixa;Colisão lateral mesmo sentido;Com Vítimas Feridas;Pleno dia;Crescente;Nublado;Dupla;Reta;Não;2;0;0;1;1;1;0;2;-19,88554441;-44,77887137;SPRF-MG;DEL08/MG;UOP03-DEL08-MG
756681;07/03/2026;sábado;07:00:00;RS;470;241;BARAO;Reação tardia ou ineficiente do condutor;Saída de leito carroçável;Sem Vítimas;Pleno dia;Decrescente;Nublado;Simples;"Declive;Reta";Não;1;0;0;0;0;0;1;1;-29,35657323;-51,51943557;SPRF-RS;DEL06/RS;UOP01-DEL06-RS
756682;07/03/2026;sábado;10:30:00;MG;381;337;BELA VISTA DE MINAS;Velocidade Incompatível;Queda de ocupante de veículo;Com Vítimas Feridas;Pleno dia;Decrescente;Céu Claro;Simples;"Declive;Curva";Sim;1;0;1;0;1;0;0;1;-19,8320287;-43,09611869;SPRF-MG;DEL03/MG;UOP01-DEL03-MG
756683;07/03/2026;sábado;11:50:00;RJ;116;183;NOVA IGUACU;Manobra de mudança de faixa;Colisão lateral mesmo sentido;Com Vítimas Feridas;Pleno dia;Decrescente;Céu Claro;Dupla;Reta;Não;2;0;1;0;1;0;0;2;-22,75078482;-43,44043192;SPRF-RJ;DEL06/RJ;UOP01-DEL06-RJ
756689;07/03/2026;sábado;12:00:00;SC;101;213,2;PALHOCA;Manobra de mudança de faixa;Colisão com objeto;Com Vítimas Feridas;Pleno dia;Crescente;Céu Claro;Múltipla;"Declive;Viaduto;Reta";Sim;2;0;1;0;1;0;0;2;-27,6370452;-48,66533367;SPRF-SC;DEL01/SC;UOP02-DEL01-SC
756690;07/03/2026;sábado;10:50:00;PR;369;372,1;MAMBORE;Transitar na contramão;Colisão lateral sentido oposto;Com Vítimas Fatais;Pleno dia;Decrescente;Céu Claro;Simples;Reta;Não;2;1;0;0;0;1;0;2;-24,27765215;-52,52303537;SPRF-PR;DEL04/PR;UOP03-DEL04-PR
756691;07/03/2026;sábado;11:30:00;MG;116;525;CARATINGA;Reação tardia ou ineficiente do condutor;Saída de leito carroçável;Com Vítimas Feridas;Pleno dia;Decrescente;Céu Claro;Simples;Reta;Sim;1;0;1;0;1;0;0;1;-19,773165;-42,132248;SPRF-MG;DEL06/MG;UOP02-DEL06-MG
756692;07/03/2026;sábado;10:40:00;SC;101;67,9;ARAQUARI;Avarias e/ou desgaste excessivo no pneu;Saída de leito carroçável;Com Vítimas Feridas;Pleno dia;Crescente;Nublado;Dupla;Curva;Não;2;0;2;0;2;0;0;1;-26,49556008;-48,7327981;SPRF-SC;DEL03/SC;UOP02-DEL03-SC
756694;07/03/2026;sábado;12:11:00;PI;343;348;TERESINA;Acesso irregular;Colisão transversal;Com Vítimas Feridas;Pleno dia;Crescente;Céu Claro;Dupla;Reta;Sim;2;0;0;1;1;1;0;2;-5,121485;-42,792538;SPRF-PI;DEL01-PI;UOP01-DEL01-PI
756695;07/03/2026;sábado;09:30:00;PA;163;980;SANTAREM;Reação tardia ou ineficiente do condutor;Colisão frontal;Com Vítimas Feridas;Pleno dia;Decrescente;Chuva;Simples;Reta;Não;2;0;0;1;1;1;0;2;-2,61718288;-54,73017454;SPRF-PA;DEL05/PA;UOP01-DEL05-PA
756697;07/03/2026;sábado;11:20:00;PR;277;725;FOZ DO IGUACU;Condutor deixou de manter distância do veículo da frente;Colisão traseira;Sem Vítimas;Pleno dia;Crescente;Céu Claro;Dupla;Reta;Sim;3;0;0;0;0;3;0;2;-25,506117;-54,543889;SPRF-PR;DEL05/PR;UOP03-DEL05-PR
756698;07/03/2026;sábado;12:15:00;PI;343;592;FLORIANO;Retorno proibido;Colisão lateral mesmo sentido;Com Vítimas Feridas;Pleno dia;Decrescente;Céu Claro;Simples;Reta;Sim;2;0;0;1;1;1;0;2;-6,7790718;-43,0350608;SPRF-PI;DEL03-PI;UOP01-DEL03-PI
756699;07/03/2026;sábado;12:50:00;BA;367;80;EUNAPOLIS;Acessar a via sem observar a presença dos outros veículos;Colisão transversal;Com Vítimas Fatais;Pleno dia;Crescente;Sol;Simples;"Reta;Interseção de Vias";Não;2;1;0;0;0;1;0;2;-16,369542;-39,544103;SPRF-BA;DEL09/BA;UOP03-DEL09-BA
756702;07/03/2026;sábado;13:30:00;SP;381;71;MAIRIPORA;Reação tardia ou ineficiente do condutor;Saída de leito carroçável;Com Vítimas Feridas;Pleno dia;Crescente;Garoa/Chuvisco;Múltipla;"Curva;Aclive";Não;2;0;2;0;2;0;0;1;-23,354321;-46,550388;SPRF-SP;DEL03/SP;UOP01-DEL03-SP
756703;07/03/2026;sábado;09:40:00;SC;116;143,1;SANTA CECILIA;Acessar a via sem observar a presença dos outros veículos;Colisão transversal;Com Vítimas Feridas;Pleno dia;Crescente;Sol;Simples;"Interseção de Vias;Curva";Não;3;0;2;0;2;1;0;2;-26,98592454;-50,39369702;SPRF-SC;DEL06/SC;UOP02-DEL06-SC
756704;07/03/2026;sábado;13:30:00;PR;376;2,5;APUCARANA;Retorno proibido;Colisão transversal;Com Vítimas Feridas;Pleno dia;Decrescente;Nublado;Simples;Reta;Sim;2;0;1;0;1;0;0;2;-23,56259878;-51,43433136;SPRF-PR;DEL07/PR;UOP03-DEL07-PR
756705;07/03/2026;sábado;14:30:00;RS;392;68,1;PELOTAS;Demais falhas na via;Colisão com objeto;Com Vítimas Feridas;Pleno dia;Crescente;Céu Claro;Simples;Curva;Sim;1;0;1;0;1;0;0;1;-31,74591357;-52,4042457;SPRF-RS;DEL07/RS;UOP01-DEL07-RS
756706;07/02/2026;sábado;04:30:00;PB;230;137,8;MASSARANDUBA;Condutor Dormindo;Saída de leito carroçável;Com Vítimas Feridas;Plena Noite;Decrescente;Garoa/Chuvisco;Dupla;"Reta;Declive";Não;2;0;1;0;1;1;0;1;-7,271553;-35,786132;SPRF-PB;DEL02-PB;UOP01-DEL02-PB
756708;07/03/2026;sábado;12:30:00;MG;262;787;UBERABA;Ausência de reação do condutor;Colisão traseira;Sem Vítimas;Pleno dia;Crescente;Chuva;Dupla;Reta;Não;3;0;0;0;0;3;0;2;-19,77683476;-47,92148201;SPRF-MG;DEL13/MG;UOP01-DEL13-MG
756709;07/03/2026;sábado;14:05:00;SC;280;51,1;GUARAMIRIM;Ausência de reação do condutor;Colisão lateral mesmo sentido;Com Vítimas Feridas;Pleno dia;Decrescente;Céu Claro;Simples;Reta;Não;2;0;1;0;1;0;0;2;-26,463853;-48,951533;SPRF-SC;DEL03/SC;UOP03-DEL03-SC
756710;07/03/2026;sábado;10:45:00;SC;280;27;ARAQUARI;Trafegar com motocicleta (ou similar) entre as faixas;Colisão transversal;Com Vítimas Feridas;Pleno dia;Crescente;Céu Claro;Simples;Reta;Não;2;0;1;0;1;1;0;2;-26,39928523;-48,74186262;SPRF-SC;DEL03/SC;UOP03-DEL03-SC
756711;07/03/2026;sábado;13:25:00;PR;277;703;SAO MIGUEL DO IGUACU;Avarias e/ou desgaste excessivo no pneu;Saída de leito carroçável;Com Vítimas Feridas;Pleno dia;Crescente;Céu Claro;Dupla;Reta;Não;3;0;0;2;2;1;0;1;-25,4077;-54,3312;SPRF-PR;DEL05/PR;UOP01-DEL05-PR
756713;07/03/2026;sábado;12:30:00;MS;60;341;CAMPO GRANDE;Ausência de reação do condutor;Capotamento;Com Vítimas Feridas;Pleno dia;Crescente;Céu Claro;Simples;"Aclive;Reta";Não;5;0;2;3;5;0;0;1;-20,39466166;-54,68574643;SPRF-MS;DEL01/MS;UOP02-DEL01-MS
756714;07/03/2026;sábado;07:30:00;SC;101;132,6;BALNEARIO CAMBORIU;Reação tardia ou ineficiente do condutor;Tombamento;Com Vítimas Feridas;Pleno dia;Crescente;Garoa/Chuvisco;Múltipla;Reta;Sim;1;0;1;0;1;0;0;1;-26,998143;-48,649865;SPRF-SC;DEL04/SC;UOP03-DEL04-SC
756715;07/03/2026;sábado;14:15:00;MG;381;732,5;CARMO DA CACHOEIRA;Ausência de reação do condutor;Tombamento;Com Vítimas Feridas;Pleno dia;Decrescente;Chuva;Dupla;Curva;Não;1;0;1;0;1;0;0;1;-21,54709242;-45,24108081;SPRF-MG;DEL16/MG;UOP02-DEL16-MG
756716;07/03/2026;sábado;14:40:00;RS;116;263;CANOAS;Ingestão de álcool pelo condutor;Colisão traseira;Com Vítimas Feridas;Pleno dia;Decrescente;Céu Claro;Dupla;Reta;Sim;4;0;1;0;1;3;0;2;-29,9055985;-51,17660539;SPRF-RS;DEL01/RS;UOP01-DEL01-RS
756717;07/03/2026;sábado;13:00:00;RJ;40;74;PETROPOLIS;Reação tardia ou ineficiente do condutor;Queda de ocupante de veículo;Com Vítimas Feridas;Pleno dia;Decrescente;Céu Claro;Simples;Curva;Não;1;0;1;0;1;0;0;1;-22,5284262;-43,2228183;SPRF-RJ;DEL01/RJ;UOP01-DEL01-RJ
756718;21/02/2026;sábado;06:08:00;PE;408;96;SAO LOURENCO DA MATA;Ausência de reação do condutor;Saída de leito carroçável;Sem Vítimas;Pleno dia;Crescente;Céu Claro;Dupla;Reta;Não;4;0;0;0;0;4;0;1;-8,021;-35,041;SPRF-PE;DEL01/PE;UOP01-DEL01-PE
756720;07/03/2026;sábado;13:50:00;SC;470;53,5;BLUMENAU;Ingestão de álcool pelo condutor;Capotamento;Com Vítimas Feridas;Pleno dia;Crescente;Céu Claro;Simples;Curva;Não;1;0;1;0;1;0;0;1;-26,869074;-49,1056548;SPRF-SC;DEL04/SC;UOP01-DEL04-SC
756721;07/03/2026;sábado;14:59:00;PR;277;144;BALSA NOVA;Reação tardia ou ineficiente do condutor;Saída de leito carroçável;Com Vítimas Feridas;Pleno dia;Decrescente;Nublado;Dupla;"Aclive;Reta";Não;3;0;2;1;3;0;0;1;-25,47614874;-49,7172424;SPRF-PR;DEL01/PR;UOP07-DEL01-PR
756723;07/03/2026;sábado;14:50:00;PR;376;231;APUCARANA;Desrespeitar a preferência no cruzamento;Colisão transversal;Com Vítimas Fatais;Pleno dia;Crescente;Nublado;Dupla;"Interseção de Vias;Reta";Sim;4;1;0;0;0;1;0;3;-23,56676477;-51,5238651;SPRF-PR;DEL07/PR;UOP03-DEL07-PR
756724;07/03/2026;sábado;15:10:00;PE;232;129;CARUARU;Ingestão de álcool pelo condutor;Colisão com objeto;Com Vítimas Fatais;Pleno dia;Decrescente;Céu Claro;Simples;Viaduto;Sim;1;1;0;0;0;0;0;1;-8,30008;-35,98688;SPRF-PE;DEL02/PE;UOP03-DEL02-PE
756725;07/03/2026;sábado;13:30:00;MG;153;23,9;CENTRALINA;Pista esburacada;Saída de leito carroçável;Com Vítimas Feridas;Pleno dia;Decrescente;Nublado;Dupla;"Declive;Curva";Não;2;0;0;1;1;1;0;1;-18,62463241;-49,18630583;SPRF-MG;DEL15/MG;UOP03-DEL15-MG
756726;07/03/2026;sábado;10:35:00;PR;277;345;GUARAPUAVA;Ausência de reação do condutor;Saída de leito carroçável;Com Vítimas Feridas;Pleno dia;Decrescente;Céu Claro;Dupla;Reta;Não;2;0;1;0;1;1;0;1;-25,34523854;-51,44341385;SPRF-PR;DEL08/PR;UOP01-DEL08-PR
756728;07/03/2026;sábado;15:50:00;RN;101;81,7;NATAL;Trafegar com motocicleta (ou similar) entre as faixas;Colisão traseira;Com Vítimas Feridas;Pleno dia;Decrescente;Sol;Dupla;Reta;Sim;3;0;1;0;1;2;0;3;-5,76608429;-35,2793097;SPRF-RN;DEL02-RN;UOP01-DEL02-RN
756729;07/03/2026;sábado;13:15:00;MT;163;539;DIAMANTINO;Chuva;Saída de leito carroçável;Com Vítimas Feridas;Pleno dia;Crescente;Chuva;Dupla;"Declive;Curva";Não;1;0;1;0;1;0;0;1;-14,30464076;-56,13910675;SPRF-MT;DEL01/MT;UOP01-DEL01-MT
756732;07/03/2026;sábado;16:00:00;BA;324;546;AMELIA RODRIGUES;Demais falhas na via;Queda de ocupante de veículo;Com Vítimas Feridas;Pleno dia;Crescente;Chuva;Dupla;"Declive;Reta";Não;1;0;0;1;1;0;0;1;-12,4518004;-38,7081764;SPRF-BA;DEL11/BA;UOP02-DEL11-BA
756733;07/03/2026;sábado;16:00:00;SC;101;193,2;BIGUACU;Reação tardia ou ineficiente do condutor;Colisão traseira;Com Vítimas Feridas;Pleno dia;Crescente;Nublado;Múltipla;Reta;Sim;2;0;1;0;1;1;0;2;-27,491568;-48,656737;SPRF-SC;DEL01/SC;UOP01-DEL01-SC
756737;07/03/2026;sábado;14:10:00;MG;251;507,6;FRANCISCO SA;Demais falhas mecânicas ou elétricas;Incêndio;Sem Vítimas;Pleno dia;Decrescente;Céu Claro;Simples;Reta;Não;1;0;0;0;0;1;0;1;-16,61661824;-43,67784262;SPRF-MG;DEL12/MG;UOP01-DEL12-MG
756738;07/03/2026;sábado;10:45:00;CE;116;162;RUSSAS;Ingestão de álcool pelo condutor;Colisão transversal;Sem Vítimas;Pleno dia;Decrescente;Céu Claro;Simples;Reta;Não;2;0;0;0;0;2;0;2;-4,94848803;-37,99275041;SPRF-CE;DEL03/CE;UOP01-DEL03-CE
756739;03/03/2026;terça-feira;10:00:00;RJ;101;274;TANGUA;Avarias e/ou desgaste excessivo no pneu;Queda de ocupante de veículo;Com Vítimas Feridas;Pleno dia;Decrescente;Céu Claro;Dupla;Curva;Sim;1;0;1;0;1;0;0;1;-22,72854006;-42,70017173;SPRF-RJ;DEL02/RJ;UOP03-DEL02-RJ
756740;07/03/2026;sábado;10:05:00;SC;280;93,8;CORUPA;Reação tardia ou ineficiente do condutor;Queda de ocupante de veículo;Com Vítimas Feridas;Pleno dia;Crescente;Céu Claro;Simples;"Curva;Aclive";Não;1;0;1;0;1;0;0;1;-26,385637;-49,303515;SPRF-SC;DEL06/SC;UOP03-DEL06-SC
756741;07/03/2026;sábado;14:30:00;MS;163;308;RIO BRILHANTE;Ingestão de álcool pelo condutor;Tombamento;Com Vítimas Feridas;Pleno dia;Crescente;Céu Claro;Simples;Curva;Não;1;0;1;0;1;0;0;1;-21,90114273;-54,52782333;SPRF-MS;DEL02/MS;UOP02-DEL02-MS
756742;07/03/2026;sábado;17:00:00;SC;101;384;ICARA;Reação tardia ou ineficiente do condutor;Tombamento;Com Vítimas Feridas;Pleno dia;Crescente;Céu Claro;Múltipla;"Aclive;Curva";Não;1;0;1;0;1;0;0;1;-28,77610842;-49,31908457;SPRF-SC;DEL02/SC;UOP02-DEL02-SC
756744;31/01/2026;sábado;04:00:00;RJ;101;475;ANGRA DOS REIS;Reação tardia ou ineficiente do condutor;Saída de leito carroçável;Sem Vítimas;Plena Noite;Crescente;Nublado;Simples;Declive;Não;1;0;0;0;0;0;1;1;-22,99754425;-44,25283179;SPRF-RJ;DEL03/RJ;UOP03-DEL03-RJ
756745;07/03/2026;sábado;16:50:00;SC;116;227,7;CORREIA PINTO;Acessar a via sem observar a presença dos outros veículos;Colisão transversal;Com Vítimas Feridas;Pleno dia;Crescente;Céu Claro;Simples;Reta;Não;3;0;0;2;2;1;0;2;-27,65855389;-50,33625349;SPRF-SC;DEL05/SC;UOP03-DEL05-SC
756746;07/03/2026;sábado;16:30:00;SC;282;412;CATANDUVAS;Ausência de reação do condutor;Tombamento;Com Vítimas Feridas;Pleno dia;Decrescente;Céu Claro;Simples;Curva;Não;2;0;2;0;2;0;0;1;-27,059803;-51,677835;SPRF-SC;DEL07/SC;UOP05-DEL07-SC
756747;07/03/2026;sábado;16:50:00;MG;116;702,4;MURIAE;Conversão proibida;Colisão lateral mesmo sentido;Com Vítimas Feridas;Pleno dia;Decrescente;Nublado;Simples;"Curva;Interseção de Vias";Sim;2;0;1;0;1;1;0;2;-21,12431671;-42,38113403;SPRF-MG;DEL07/MG;UOP02-DEL07-MG
756748;07/03/2026;sábado;17:20:00;PA;163;992;SANTAREM;Manobra de mudança de faixa;Colisão traseira;Sem Vítimas;Pleno dia;Decrescente;Nublado;Simples;Reta;Sim;2;0;0;0;0;2;0;2;-2,50507586;-54,72674387;SPRF-PA;DEL05/PA;UOP01-DEL05-PA
756749;25/01/2026;domingo;05:00:00;RJ;101;477,9;ANGRA DOS REIS;Ausência de sinalização;Queda de ocupante de veículo;Com Vítimas Feridas;Amanhecer;Crescente;Céu Claro;Simples;Curva;Não;2;0;1;0;1;1;0;2;-22,99809;-44,26466;SPRF-RJ;DEL03/RJ;UOP03-DEL03-RJ
756750;07/03/2026;sábado;16:00:00;SC;101;106,7;PENHA;Ingestão de álcool pelo condutor;Colisão com objeto;Com Vítimas Feridas;Pleno dia;Crescente;Nublado;Dupla;Curva;Não;2;0;1;0;1;0;0;1;-26,81917727;-48,68438657;SPRF-SC;DEL03/SC;UOP02-DEL03-SC
756751;07/03/2026;sábado;17:20:00;MG;262;123;RIO CASCA;Velocidade Incompatível;Saída de leito carroçável;Com Vítimas Feridas;Anoitecer;Crescente;Céu Claro;Simples;Curva;Não;1;0;0;1;1;0;0;1;-20,206677;-42,6744537;SPRF-MG;DEL03/MG;UOP03-DEL03-MG
756752;07/03/2026;sábado;16:35:00;RS;468;52,6;CORONEL BICACO;Ausência de reação do condutor;Saída de leito carroçável;Com Vítimas Feridas;Pleno dia;Decrescente;Nublado;Simples;Reta;Não;2;0;2;0;2;0;0;1;-27,750289;-53,724628;SPRF-RS;DEL08/RS;UOP02-DEL08-RS
756753;07/03/2026;sábado;17:45:00;PR;369;464,2;CORBELIA;Acessar a via sem observar a presença dos outros veículos;Colisão lateral mesmo sentido;Com Vítimas Feridas;Pleno dia;Decrescente;Céu Claro;Simples;Curva;Não;6;0;3;2;5;0;0;2;-24,64512538;-53,21700096;SPRF-PR;DEL04/PR;UOP03-DEL04-PR
756755;07/03/2026;sábado;17:10:00;MS;163;18;MUNDO NOVO;Acessar a via sem observar a presença dos outros veículos;Colisão transversal;Com Vítimas Feridas;Pleno dia;Crescente;Céu Claro;Simples;Reta;Sim;3;0;2;0;2;1;0;2;-23,938049;-54,281088;SPRF-MS;DEL09/MS;UOP02-DEL09-MS
756756;07/03/2026;sábado;08:00:00;SC;101;142;ITAPEMA;Reação tardia ou ineficiente do condutor;Colisão lateral mesmo sentido;Com Vítimas Feridas;Pleno dia;Crescente;Garoa/Chuvisco;Múltipla;Curva;Não;2;0;1;0;1;0;0;2;-27,13163956;-48,61046791;SPRF-SC;DEL04/SC;UOP03-DEL04-SC
756757;07/03/2026;sábado;16:30:00;MG;267;172,9;LIMA DUARTE;Pista Escorregadia;Saída de leito carroçável;Sem Vítimas;Pleno dia;Decrescente;Chuva;Simples;Curva;Não;1;0;0;0;0;1;0;1;-21,864211;-43,876508;SPRF-MG;DEL05/MG;UOP01-DEL05-MG
756760;07/03/2026;sábado;19:00:00;MG;381;876,6;ESTIVA;Acumulo de água sobre o pavimento;Capotamento;Com Vítimas Feridas;Plena Noite;Decrescente;Nublado;Dupla;Reta;Não;4;0;1;0;1;3;0;1;-22,438502;-45,984209;SPRF-MG;DEL16/MG;UOP01-DEL16-MG
756761;07/03/2026;sábado;19:15:00;RJ;101;66;CAMPOS DOS GOYTACAZES;Manobra de mudança de faixa;Colisão lateral mesmo sentido;Com Vítimas Feridas;Plena Noite;Decrescente;Céu Claro;Dupla;"Interseção de Vias;Curva";Sim;2;0;1;0;1;1;0;2;-21,765984;-41,345194;SPRF-RJ;DEL08/RJ;UOP02-DEL08-RJ
756762;07/03/2026;sábado;16:45:00;RS;290;302,6;CACHOEIRA DO SUL;Acostamento em desnível;Queda de ocupante de veículo;Com Vítimas Feridas;Pleno dia;Crescente;Céu Claro;Simples;"Em Obras;Reta";Não;1;0;1;0;1;0;0;1;-30,32336816;-53,23944267;SPRF-RS;DEL09/RS;UOP02-DEL09-RS
756763;07/03/2026;sábado;19:10:00;ES;101;242;SERRA;Acessar a via sem observar a presença dos outros veículos;Colisão transversal;Com Vítimas Feridas;Plena Noite;Crescente;Céu Claro;Simples;"Retorno Regulamentado;Reta";Sim;4;0;2;0;2;2;0;2;-20,0488216;-40,38648583;SPRF-ES;DEL02-ES;UOP01-DEL02-ES
756764;07/03/2026;sábado;18:15:00;GO;153;582,4;PIRACANJUBA;Pista esburacada;Saída de leito carroçável;Com Vítimas Feridas;Anoitecer;Crescente;Nublado;Dupla;Reta;Não;1;0;1;0;1;0;0;1;-17,38888;-49,2288;SPRF-GO;DEL03/GO;UOP01-DEL03-GO
756766;07/03/2026;sábado;19:10:00;RS;158;332;SANTA MARIA;Manobra de mudança de faixa;Colisão lateral mesmo sentido;Com Vítimas Feridas;Anoitecer;Crescente;Nublado;Dupla;Reta;Sim;4;0;0;1;1;3;0;2;-29,704246;-53,846022;SPRF-RS;DEL09/RS;UOP01-DEL09-RS
756768;07/03/2026;sábado;17:45:00;PR;277;671,8;MEDIANEIRA;Demais falhas mecânicas ou elétricas;Tombamento;Com Vítimas Feridas;Plena Noite;Decrescente;Céu Claro;Dupla;Reta;Sim;2;0;2;0;2;0;0;1;-25,2829736;-54,0832006;SPRF-PR;DEL05/PR;UOP02-DEL05-PR
756769;07/03/2026;sábado;18:10:00;SP;153;220,1;MARILIA;Demais falhas na via;Tombamento;Com Vítimas Feridas;Pleno dia;Crescente;Céu Claro;Simples;"Declive;Reta";Não;1;0;1;0;1;0;0;1;-21,99602;-49,91314;SPRF-SP;DEL07/SP;UOP02-DEL07-SP
756770;07/03/2026;sábado;19:40:00;TO;226;70;WANDERLANDIA;Acessar a via sem observar a presença dos outros veículos;Colisão transversal;Sem Vítimas;Plena Noite;Decrescente;Nublado;Simples;Reta;Não;3;0;0;0;0;2;0;2;-6,8491389;-47,9640556;SPRF-TO;DEL02-TO;UOP03-DEL02-TO
756772;07/03/2026;sábado;19:15:00;PR;369;449,7;CORBELIA;Ingestão de álcool pelo condutor;Colisão transversal;Com Vítimas Feridas;Plena Noite;Crescente;Céu Claro;Simples;"Curva;Aclive";Não;3;0;1;1;2;1;0;2;-24,5722935;-53,14041551;SPRF-PR;DEL04/PR;UOP03-DEL04-PR
756774;07/03/2026;sábado;19:20:00;MA;222;667;ACAILANDIA;Afundamento ou ondulação no pavimento;Queda de ocupante de veículo;Com Vítimas Feridas;Plena Noite;Decrescente;Céu Claro;Simples;Reta;Não;2;0;1;1;2;0;0;1;-4,923988;-47,436184;SPRF-MA;DEL04-MA;UOP03-DEL04-MA
756775;07/03/2026;sábado;19:50:00;BA;116;425;FEIRA DE SANTANA;Pedestre - Ingestão de álcool/ substâncias psicoativas;Atropelamento de Pedestre;Com Vítimas Feridas;Plena Noite;Decrescente;Nublado;Dupla;Reta;Sim;2;0;1;0;1;1;0;2;-12,2463;-38,986807;SPRF-BA;DEL02/BA;UOP01-DEL02-BA
756776;07/03/2026;sábado;18:00:00;RO;364;605;ITAPUA DO OESTE;Ingestão de álcool pelo condutor;Saída de leito carroçável;Sem Vítimas;Pleno dia;Crescente;Céu Claro;Simples;Reta;Não;3;0;0;0;0;2;0;2;-9,1847501;-63,19622397;SPRF-RO;DEL01-RO;UOP04-DEL01-RO
756777;07/03/2026;sábado;20:15:00;MG;40;666,9;CARANDAI;Transitar na contramão;Colisão frontal;Com Vítimas Feridas;Plena Noite;Crescente;Céu Claro;Simples;Reta;Não;2;0;1;0;1;1;0;2;-20,9460306;-43,8046385;SPRF-MG;DEL05/MG;UOP02-DEL05-MG
756778;07/03/2026;sábado;20:00:00;PA;316;67;CASTANHAL;Ingestão de álcool pelo condutor;Tombamento;Com Vítimas Feridas;Anoitecer;Decrescente;Céu Claro;Simples;Reta;Sim;1;0;1;0;1;0;0;1;-1,294476;-47,887165;SPRF-PA;DEL01/PA;UOP01-DEL01-PA
756780;07/03/2026;sábado;20:10:00;SC;101;192,4;BIGUACU;Avarias e/ou desgaste excessivo no pneu;Queda de ocupante de veículo;Com Vítimas Feridas;Plena Noite;Decrescente;Céu Claro;Dupla;Reta;Não;2;0;2;0;2;0;0;1;-27,48730073;-48,6503884;SPRF-SC;DEL01/SC;UOP01-DEL01-SC
756781;07/03/2026;sábado;20:00:00;ES;101;144;LINHARES;Condutor deixou de manter distância do veículo da frente;Colisão traseira;Com Vítimas Feridas;Plena Noite;Decrescente;Céu Claro;Simples;Curva;Não;4;0;1;0;1;3;0;2;-19,352848;-40,063708;SPRF-ES;DEL04-ES;UOP01-DEL04-ES
756782;07/03/2026;sábado;20:10:00;PA;308;151;CAPANEMA;Acessar a via sem observar a presença dos outros veículos;Colisão lateral sentido oposto;Sem Vítimas;Plena Noite;Crescente;Nublado;Dupla;Reta;Não;2;0;0;0;0;2;0;2;-1,206867;-47,176433;SPRF-PA;DEL01/PA;UOP03-DEL01-PA
756783;07/03/2026;sábado;19:40:00;RS;285;108,5;VACARIA;Reação tardia ou ineficiente do condutor;Colisão traseira;Com Vítimas Feridas;Plena Noite;Crescente;Nublado;Simples;Reta;Não;3;0;1;0;1;2;0;2;-28,519388;-50,824273;SPRF-RS;DEL05/RS;UOP03-DEL05-RS
756784;07/03/2026;sábado;19:30:00;RJ;116;39;SAO JOSE DO VALE DO RIO PRETO;Chuva;Colisão traseira;Com Vítimas Feridas;Plena Noite;Decrescente;Chuva;Simples;Reta;Não;1;0;0;1;1;0;0;1;-22,12050695;-42,77954802;SPRF-RJ;DEL05/RJ;UOP01-DEL05-RJ
756785;07/03/2026;sábado;19:50:00;CE;222;15;CAUCAIA;Ausência de reação do condutor;Tombamento;Com Vítimas Feridas;Plena Noite;Crescente;Nublado;Dupla;"Desvio Temporário;Reta;Em Obras";Não;1;0;0;1;1;0;0;1;-3,75874511;-38,70105743;SPRF-CE;DEL01/CE;UOP01-DEL01-CE
756786;07/03/2026;sábado;20:45:00;AL;104;90,5;RIO LARGO;Acostamento em desnível;Queda de ocupante de veículo;Com Vítimas Feridas;Plena Noite;Decrescente;Céu Claro;Dupla;Reta;Não;1;0;1;0;1;0;0;1;-9,501017;-35,810807;SPRF-AL;DEL01-AL;UOP01-DEL01-AL
756788;07/03/2026;sábado;16:10:00;MG;381;248;SANTANA DO PARAISO;Conversão proibida;Colisão transversal;Com Vítimas Feridas;Pleno dia;Decrescente;Nublado;Simples;Reta;Não;3;0;2;0;2;1;0;2;-19,44353729;-42,51299143;SPRF-MG;DEL06/MG;UOP01-DEL06-MG
756789;07/03/2026;sábado;21:00:00;ES;101;222;IBIRACU;Transitar na contramão;Colisão frontal;Com Vítimas Feridas;Plena Noite;Crescente;Céu Claro;Simples;Curva;Não;2;0;1;0;1;1;0;2;-19,86524174;-40,39483309;SPRF-ES;DEL02-ES;UOP01-DEL02-ES