id;data_inversa;dia_semana;horario;uf;br;km;municipio;causa_acidente;tipo_acidente;classificacao_acidente;fase_dia;sentido_via;condicao_metereologica;tipo_pista;tracado_via;uso_solo;pessoas;mortos;feridos_leves;feridos_graves;feridos;ilesos;ignorados;veiculos;latitude;longitude;regional;delegacia;uop
757526;10/03/2026;terça-feira;21:35:00;RJ;40;47,9;TRES RIOS;Reação tardia ou ineficiente do condutor;Saída de leito carroçável;Com Vítimas Feridas;Plena Noite;Crescente;Chuva;Dupla;Curva;Não;4;0;1;0;1;3;0;1;-22,17218;-43,07073;SPRF-RJ;DEL05/RJ;UOP02-DEL05-RJ
757528;10/03/2026;terça-feira;23:00:00;SC;101;98,6;BALNEARIO PICARRAS;Reação tardia ou ineficiente do condutor;Saída de leito carroçável;Com Vítimas Feridas;Plena Noite;Decrescente;Nublado;Dupla;Curva;Sim;2;0;1;0;1;1;0;1;-26,74650103;-48,69663826;SPRF-SC;DEL03/SC;UOP02-DEL03-SC
757529;10/03/2026;terça-feira;21:50:00;SP;116;465;PARIQUERA-ACU;Chuva;Colisão com objeto;Sem Vítimas;Plena Noite;Crescente;Chuva;Dupla;Curva;Não;3;0;0;0;0;3;0;1;-24,64648525;-47,92105285;SPRF-SP;DEL05/SP;UOP01-DEL05-SP
757530;10/03/2026;terça-feira;16:30:00;MT;364;629,4;NOVA MUTUM;Ausência de reação do condutor;Saída de leito carroçável;Com Vítimas Feridas;Plena Noite;Decrescente;Céu Claro;Dupla;Curva;Não;1;0;0;1;1;0;0;1;-13,52236821;-56,03131324;SPRF-MT;DEL01/MT;UOP01-DEL01-MT
757534;10/03/2026;terça-feira;21:00:00;MA;10;238;IMPERATRIZ;Objeto estático sobre o leito carroçável;Colisão com objeto;Com Vítimas Fatais;Plena Noite;Decrescente;Chuva;Simples;Reta;Não;4;2;1;0;1;1;0;3;-5,634207;-47,40337;SPRF-MA;DEL04-MA;UOP01-DEL04-MA
757536;11/03/2026;quarta-feira;00:00:00;RS;116;136,5;CAXIAS DO SUL;Reação tardia ou ineficiente do condutor;Colisão lateral mesmo sentido;Com Vítimas Feridas;Plena Noite;Crescente;Céu Claro;Simples;Reta;Não;2;0;1;0;1;1;0;2;-29,077963;-51,109522;SPRF-RS;DEL05/RS;UOP01-DEL05-RS
757537;10/03/2026;terça-feira;23:50:00;MG;267;128,8;JUIZ DE FORA;Chuva;Colisão lateral sentido oposto;Sem Vítimas;Plena Noite;Crescente;Chuva;Simples;Reta;Não;3;0;0;0;0;2;0;2;-21,72091;-43,53555;SPRF-MG;DEL05/MG;UOP01-DEL05-MG
757542;11/03/2026;quarta-feira;02:10:00;SC;101;216,2;PALHOCA;Acumulo de água sobre o pavimento;Tombamento;Sem Vítimas;Plena Noite;Decrescente;Nublado;Múltipla;Reta;Sim;1;0;0;0;0;0;1;1;-27,662018;-48,676095;SPRF-SC;DEL01/SC;UOP02-DEL01-SC
757543;11/03/2026;quarta-feira;01:20:00;BA;324;607;SIMOES FILHO;Entrada inopinada do pedestre;Atropelamento de Pedestre;Com Vítimas Feridas;Plena Noite;Crescente;Nublado;Dupla;Reta;Não;2;0;1;0;1;0;0;2;-12,815723;-38,406303;SPRF-BA;DEL01/BA;UOP01-DEL01-BA
757547;11/03/2026;quarta-feira;06:10:00;SC;282;20;PALHOCA;Acessar a via sem observar a presença dos outros veículos;Colisão transversal;Com Vítimas Feridas;Amanhecer;Crescente;Nublado;Simples;Reta;Sim;3;0;3;0;3;0;0;2;-27,68401;-48,71006;SPRF-SC;DEL01/SC;UOP02-DEL01-SC
757549;10/03/2026;terça-feira;23:00:00;SC;280;42;ARAQUARI;Ausência de reação do condutor;Tombamento;Com Vítimas Feridas;Plena Noite;Decrescente;Chuva;Dupla;Reta;Não;1;0;1;0;1;0;0;1;-26,450805;-48,868946;SPRF-SC;DEL03/SC;UOP03-DEL03-SC
757550;11/03/2026;quarta-feira;06:00:00;SC;280;46;GUARAMIRIM;Reação tardia ou ineficiente do condutor;Saída de leito carroçável;Com Vítimas Feridas;Amanhecer;Crescente;Garoa/Chuvisco;Dupla;"Desvio Temporário;Em Obras";Sim;1;0;1;0;1;0;0;1;-26,453144;-48,913342;SPRF-SC;DEL03/SC;UOP03-DEL03-SC
757552;11/03/2026;quarta-feira;05:34:00;MT;70;200;GENERAL CARNEIRO;Reação tardia ou ineficiente do condutor;Saída de leito carroçável;Com Vítimas Feridas;Amanhecer;Crescente;Céu Claro;Simples;Reta;Não;4;0;4;0;4;0;0;1;-15,71308;-53,755985;SPRF-MT;DEL05/MT;UOP01-DEL05-MT
757553;11/03/2026;quarta-feira;06:37:00;PE;101;119;ESCADA;Demais falhas mecânicas ou elétricas;Capotamento;Com Vítimas Feridas;Pleno dia;Crescente;Céu Claro;Dupla;Reta;Sim;2;0;2;0;2;0;0;1;-8,35303;-35,1717;SPRF-PE;DEL01/PE;UOP03-DEL01-PE
757557;11/03/2026;quarta-feira;07:00:00;SE;235;6;NOSSA SENHORA DO SOCORRO;Condutor deixou de manter distância do veículo da frente;Colisão traseira;Com Vítimas Feridas;Pleno dia;Decrescente;Céu Claro;Múltipla;"Reta;Viaduto";Sim;2;0;1;0;1;1;0;2;-10,90328871;-37,13061333;SPRF-SE;DEL01-SE;UOP01-DEL01-SE
757558;10/03/2026;terça-feira;23:50:00;BA;415;20;ILHEUS;Pedestre andava na pista;Atropelamento de Pedestre;Com Vítimas Feridas;Plena Noite;Decrescente;Céu Claro;Dupla;Reta;Não;3;0;0;1;1;2;0;2;-14,80135557;-39,1292882;SPRF-BA;DEL05/BA;UOP01-DEL05-BA
757559;11/03/2026;quarta-feira;07:44:00;GO;40;2;VALPARAISO DE GOIAS;Trafegar com motocicleta (ou similar) entre as faixas;Colisão traseira;Com Vítimas Feridas;Pleno dia;Decrescente;Céu Claro;Dupla;Reta;Sim;2;0;1;0;1;1;0;2;-16,07676422;-47,97802448;SPRF-DF;DEL01-DF;UOP01-DEL01-DF
757561;11/03/2026;quarta-feira;07:15:00;MG;40;276,8;TRES MARIAS;Reação tardia ou ineficiente do condutor;Tombamento;Com Vítimas Feridas;Pleno dia;Decrescente;Céu Claro;Simples;"Declive;Reta";Sim;1;0;1;0;1;0;0;1;-18,212974;-45,224509;SPRF-MG;DEL14/MG;UOP02-DEL14-MG
757562;11/03/2026;quarta-feira;05:00:00;RO;364;202;PIMENTA BUENO;Animais na Pista;Saída de leito carroçável;Com Vítimas Feridas;Amanhecer;Decrescente;Nublado;Simples;"Declive;Reta";Não;2;0;1;0;1;1;0;2;-11,636538;-61,200382;SPRF-RO;DEL02-RO;UOP02-DEL02-RO
757564;11/03/2026;quarta-feira;07:20:00;SP;116;481;JACUPIRANGA;Reação tardia ou ineficiente do condutor;Saída de leito carroçável;Com Vítimas Feridas;Pleno dia;Crescente;Chuva;Dupla;Reta;Não;1;0;1;0;1;0;0;1;-24,72270023;-48,04465994;SPRF-SP;DEL05/SP;UOP01-DEL05-SP
757565;11/03/2026;quarta-feira;00:20:00;MG;381;303;ANTONIO DIAS;Condutor Dormindo;Tombamento;Com Vítimas Feridas;Plena Noite;Decrescente;Nublado;Simples;"Desvio Temporário;Curva";Não;1;0;1;0;1;0;0;1;-19,64418;-42,92215;SPRF-MG;DEL03/MG;UOP02-DEL03-MG
757566;11/03/2026;quarta-feira;08:00:00;SC;101;210;SAO JOSE;Trafegar com motocicleta (ou similar) entre as faixas;Colisão lateral mesmo sentido;Com Vítimas Feridas;Pleno dia;Decrescente;Nublado;Múltipla;Reta;Sim;2;0;2;0;2;0;0;1;-27,61864667;-48,6473793;SPRF-SC;DEL01/SC;UOP01-DEL01-SC
757568;11/03/2026;quarta-feira;07:40:00;AL;316;84;PALMEIRA DOS INDIOS;Ingestão de álcool pelo condutor;Colisão transversal;Com Vítimas Feridas;Pleno dia;Crescente;Céu Claro;Simples;Aclive;Sim;2;0;1;0;1;1;0;2;-9,4302431;-36,6402933;SPRF-AL;DEL03-AL;UOP02-DEL03-AL
757569;11/03/2026;quarta-feira;07:50:00;RJ;101;68;CAMPOS DOS GOYTACAZES;Desrespeitar a preferência no cruzamento;Colisão transversal;Com Vítimas Feridas;Pleno dia;Decrescente;Céu Claro;Simples;Reta;Sim;3;0;1;0;1;2;0;2;-21,77914271;-41,37013284;SPRF-RJ;DEL08/RJ;UOP02-DEL08-RJ
757572;10/03/2026;terça-feira;16:00:00;AC;364;122;RIO BRANCO;Manobra de mudança de faixa;Colisão lateral mesmo sentido;Com Vítimas Feridas;Pleno dia;Crescente;Nublado;Dupla;Reta;Sim;4;0;0;1;1;2;0;3;-10,01177033;-67,78004408;SPRF-AC;DEL01-AC;UOP01-DEL01-AC
757573;11/03/2026;quarta-feira;08:45:00;SC;282;606,7;MARAVILHA;Acessar a via sem observar a presença dos outros veículos;Colisão transversal;Com Vítimas Feridas;Pleno dia;Decrescente;Céu Claro;Simples;"Reta;Em Obras";Sim;2;0;1;0;1;1;0;2;-26,77417732;-53,20424438;SPRF-SC;DEL07/SC;UOP02-DEL07-SC
757574;11/03/2026;quarta-feira;08:30:00;RS;116;225;DOIS IRMAOS;Reação tardia ou ineficiente do condutor;Queda de ocupante de veículo;Com Vítimas Feridas;Pleno dia;Crescente;Céu Claro;Simples;Curva;Não;1;0;1;0;1;0;0;1;-29,59112493;-51,10984442;SPRF-RS;DEL01/RS;UOP02-DEL01-RS
757575;11/03/2026;quarta-feira;07:40:00;RJ;101;516;ANGRA DOS REIS;Chuva;Colisão traseira;Com Vítimas Feridas;Pleno dia;Decrescente;Chuva;Simples;"Declive;Reta";Não;2;0;1;0;1;1;0;2;-22,99297128;-44,44529826;SPRF-RJ;DEL03/RJ;UOP03-DEL03-RJ
757577;11/03/2026;quarta-feira;08:50:00;RJ;116;187;NOVA IGUACU;Ausência de reação do condutor;Colisão traseira;Com Vítimas Feridas;Pleno dia;Decrescente;Nublado;Dupla;Reta;Sim;3;0;1;0;1;2;0;3;-22,7389935;-43,4704954;SPRF-RJ;DEL06/RJ;UOP01-DEL06-RJ
757579;11/03/2026;quarta-feira;08:45:00;PB;230;25,4;JOAO PESSOA;Reação tardia ou ineficiente do condutor;Colisão traseira;Com Vítimas Feridas;Pleno dia;Crescente;Céu Claro;Simples;Viaduto;Sim;2;0;1;0;1;1;0;2;-7,16964402;-34,87320095;SPRF-PB;DEL01-PB;UOP01-DEL01-PB
757581;11/03/2026;quarta-feira;07:00:00;MT;174;0;PONTES E LACERDA;Acessar a via sem observar a presença dos outros veículos;Colisão lateral mesmo sentido;Com Vítimas Feridas;Pleno dia;Decrescente;Céu Claro;Simples;Rotatória;Sim;2;0;1;0;1;1;0;2;-15,2439533;-59,31478858;SPRF-MT;DEL04/MT;UOP01-DEL04-MT
757584;11/03/2026;quarta-feira;07:36:00;MT;163;835;SINOP;Manobra de mudança de faixa;Colisão lateral mesmo sentido;Com Vítimas Feridas;Pleno dia;Decrescente;Céu Claro;Simples;"Reta;Viaduto";Sim;2;0;1;0;1;1;0;2;-11,85896642;-55,494642;SPRF-MT;DEL06/MT;UOP02-DEL06-MT
757585;11/03/2026;quarta-feira;09:35:00;TO;153;665;GURUPI;Demais falhas mecânicas ou elétricas;Queda de ocupante de veículo;Com Vítimas Feridas;Pleno dia;Decrescente;Chuva;Dupla;Declive;Não;1;0;1;0;1;0;0;1;-11,69645152;-49,07149458;SPRF-TO;DEL01-TO;UOP02-DEL01-TO
757586;11/03/2026;quarta-feira;09:00:00;AL;316;262;SATUBA;Retorno proibido;Colisão lateral mesmo sentido;Com Vítimas Feridas;Pleno dia;Decrescente;Céu Claro;Simples;"Rotatória;Desvio Temporário;Em Obras";Não;3;0;1;0;1;2;0;2;-9,58795442;-35,88039128;SPRF-AL;DEL02-AL;UOP01-DEL02-AL
757589;11/03/2026;quarta-feira;08:30:00;RJ;101;310;SAO GONCALO;Manobra de mudança de faixa;Colisão lateral mesmo sentido;Com Vítimas Feridas;Pleno dia;Crescente;Garoa/Chuvisco;Dupla;Reta;Não;2;0;1;0;1;1;0;2;-22,79928783;-43,05027008;SPRF-RJ;DEL02/RJ;UOP02-DEL02-RJ
757590;11/03/2026;quarta-feira;08:40:00;RO;319;143,4;PORTO VELHO;Acessar a via sem observar a presença dos outros veículos;Colisão lateral mesmo sentido;Sem Vítimas;Pleno dia;Decrescente;Céu Claro;Dupla;Interseção de Vias;Sim;4;0;0;0;0;4;0;2;-8,76020063;-63,8854491;SPRF-RO;DEL01-RO;UOP01-DEL01-RO
757591;11/03/2026;quarta-feira;09:25:00;RS;290;74,7;GRAVATAI;Velocidade Incompatível;Saída de leito carroçável;Com Vítimas Feridas;Pleno dia;Decrescente;Nublado;Múltipla;Curva;Não;2;0;1;0;1;1;0;1;-29,95478582;-51,0021615;SPRF-RS;DEL01/RS;UOP01-DEL01-RS
757595;08/03/2026;domingo;06:20:00;BA;116;17;VITORIA DA CONQUISTA;Ingestão de álcool pelo condutor;Colisão traseira;Com Vítimas Feridas;Pleno dia;Crescente;Céu Claro;Simples;Reta;Não;2;0;1;0;1;1;0;2;-14,90240529;-40,84146278;SPRF-BA;DEL08/BA;UOP01-DEL08-BA
757596;11/03/2026;quarta-feira;09:55:00;CE;116;23,3;AQUIRAZ;Manobra de mudança de faixa;Colisão transversal;Com Vítimas Feridas;Pleno dia;Decrescente;Sol;Dupla;"Declive;Retorno Regulamentado;Reta";Não;3;0;1;1;2;1;0;2;-3,9538825;-38,51244148;SPRF-CE;DEL01/CE;UOP02-DEL01-CE
757597;11/03/2026;quarta-feira;10:15:00;BA;101;718;EUNAPOLIS;Acessar a via sem observar a presença dos outros veículos;Colisão lateral mesmo sentido;Com Vítimas Feridas;Pleno dia;Crescente;Sol;Simples;"Interseção de Vias;Reta";Sim;2;0;1;0;1;1;0;2;-16,37308607;-39,58099186;SPRF-BA;DEL09/BA;UOP01-DEL09-BA
757598;11/03/2026;quarta-feira;09:20:00;MG;381;925;ITAPEVA;Velocidade Incompatível;Capotamento;Com Vítimas Feridas;Pleno dia;Crescente;Nublado;Dupla;Curva;Não;2;0;2;0;2;0;0;1;-22,77110772;-46,19961172;SPRF-MG;DEL16/MG;UOP03-DEL16-MG
757599;11/03/2026;quarta-feira;09:00:00;MG;381;929,5;ITAPEVA;Velocidade Incompatível;Tombamento;Com Vítimas Feridas;Pleno dia;Crescente;Chuva;Dupla;Curva;Não;1;0;1;0;1;0;0;1;-22,770811;-46,200051;SPRF-MG;DEL16/MG;UOP03-DEL16-MG
757600;11/03/2026;quarta-feira;10:20:00;RS;392;350;SANTA MARIA;Acessar a via sem observar a presença dos outros veículos;Colisão transversal;Com Vítimas Feridas;Pleno dia;Decrescente;Céu Claro;Simples;"Reta;Em Obras";Sim;3;0;3;0;3;0;0;2;-29,7326271;-53,80023692;SPRF-RS;DEL09/RS;UOP01-DEL09-RS
757604;11/03/2026;quarta-feira;04:30:00;GO;153;554,5;PIRACANJUBA;Velocidade Incompatível;Saída de leito carroçável;Com Vítimas Feridas;Plena Noite;Decrescente;Céu Claro;Dupla;Reta;Não;1;0;1;0;1;0;0;1;-17,166538;-49,211698;SPRF-GO;DEL03/GO;UOP01-DEL03-GO
757606;11/03/2026;quarta-feira;09:45:00;PR;277;725;FOZ DO IGUACU;Reação tardia ou ineficiente do condutor;Colisão lateral mesmo sentido;Com Vítimas Feridas;Pleno dia;Crescente;Céu Claro;Dupla;Reta;Sim;2;0;1;0;1;1;0;2;-25,5020918;-54,5375291;SPRF-PR;DEL05/PR;UOP03-DEL05-PR
757607;11/03/2026;quarta-feira;10:00:00;SC;282;72;RANCHO QUEIMADO;Velocidade Incompatível;Capotamento;Com Vítimas Feridas;Pleno dia;Crescente;Chuva;Simples;"Aclive;Curva";Não;1;0;1;0;1;0;0;1;-27,683435;-49,105495;SPRF-SC;DEL01/SC;UOP03-DEL01-SC
757610;11/03/2026;quarta-feira;11:10:00;MG;381;414,6;CAETE;Ausência de reação do condutor;Saída de leito carroçável;Com Vítimas Feridas;Pleno dia;Crescente;Céu Claro;Dupla;Reta;Não;1;0;0;1;1;0;0;1;-19,756923;-43,633721;SPRF-MG;DEL01/MG;UOP01-DEL01-MG
757611;11/03/2026;quarta-feira;10:45:00;SP;116;516;CAJATI;Reação tardia ou ineficiente do condutor;Saída de leito carroçável;Com Vítimas Feridas;Pleno dia;Decrescente;Garoa/Chuvisco;Dupla;"Declive;Curva";Não;2;0;2;0;2;0;0;1;-24,87865017;-48,2093811;SPRF-SP;DEL05/SP;UOP02-DEL05-SP
757614;21/02/2026;sábado;19:15:00;RJ;101;461;ANGRA DOS REIS;Demais Fenômenos da natureza;Colisão transversal;Com Vítimas Feridas;Plena Noite;Crescente;Chuva;Simples;Curva;Não;2;0;2;0;2;0;0;2;-23,02948;-44,19985;SPRF-RJ;DEL03/RJ;UOP03-DEL03-RJ
757617;11/03/2026;quarta-feira;10:20:00;BA;110;202,7;CIPO;Conversão proibida;Colisão transversal;Com Vítimas Feridas;Pleno dia;Decrescente;Céu Claro;Simples;Reta;Sim;2;0;0;1;1;0;0;2;-11,08904371;-38,50800846;SPRF-BA;DEL07/BA;UOP02-DEL07-BA
757618;11/01/2026;domingo;18:50:00;RJ;465;20;NOVA IGUACU;Ausência de reação do condutor;Colisão traseira;Com Vítimas Feridas;Plena Noite;Crescente;Céu Claro;Simples;Reta;Sim;3;0;1;0;1;2;0;3;-22,85527488;-43,6016833;SPRF-RJ;DEL06/RJ;UOP02-DEL06-RJ
757620;11/03/2026;quarta-feira;06:20:00;BA;101;264;SANTO ANTONIO DE JESUS;Ausência de reação do condutor;Colisão traseira;Sem Vítimas;Pleno dia;Crescente;Céu Claro;Simples;"Reta;Aclive";Sim;3;0;0;0;0;3;0;3;-12,98340137;-39,28935288;SPRF-BA;DEL11/BA;UOP01-DEL11-BA
757621;11/03/2026;quarta-feira;12:30:00;RS;158;563;SANTANA DO LIVRAMENTO;Condutor deixou de manter distância do veículo da frente;Colisão traseira;Com Vítimas Feridas;Pleno dia;Crescente;Nublado;Simples;"Reta;Rotatória";Sim;3;0;1;0;1;2;0;2;-30,8619604;-55,5051391;SPRF-RS;DEL11/RS;UOP01-DEL11-RS
757622;26/02/2026;quinta-feira;15:00:00;MS;163;39,6;ELDORADO;Reação tardia ou ineficiente do condutor;Colisão frontal;Com Vítimas Feridas;Pleno dia;Crescente;Céu Claro;Simples;"Reta;Em Obras;Interseção de Vias";Sim;2;0;1;0;1;1;0;2;-23,791137;-54,282199;SPRF-MS;DEL09/MS;UOP02-DEL09-MS
757624;11/03/2026;quarta-feira;12:50:00;SP;381;52;ATIBAIA;Pista Escorregadia;Queda de ocupante de veículo;Com Vítimas Feridas;Pleno dia;Decrescente;Chuva;Dupla;Curva;Não;1;0;1;0;1;0;0;1;-23,23575052;-46,60112652;SPRF-SP;DEL03/SP;UOP01-DEL03-SP
757625;11/03/2026;quarta-feira;12:16:00;PB;230;13;CABEDELO;Demais falhas mecânicas ou elétricas;Colisão lateral mesmo sentido;Com Vítimas Feridas;Pleno dia;Crescente;Céu Claro;Dupla;Reta;Sim;4;0;2;0;2;2;0;2;-7,08454134;-34,84890791;SPRF-PB;DEL01-PB;UOP01-DEL01-PB
757626;11/03/2026;quarta-feira;10:25:00;PI;343;341;TERESINA;Desrespeitar a preferência no cruzamento;Colisão transversal;Com Vítimas Feridas;Pleno dia;Decrescente;Céu Claro;Dupla;Rotatória;Não;2;0;1;0;1;1;0;2;-5,07865483;-42,7498835;SPRF-PI;DEL01-PI;UOP01-DEL01-PI
757627;11/03/2026;quarta-feira;08:30:00;GO;153;318;RIANAPOLIS;Avarias e/ou desgaste excessivo no pneu;Incêndio;Sem Vítimas;Pleno dia;Crescente;Céu Claro;Simples;"Reta;Declive";Não;1;0;0;0;0;0;1;1;-15,453904;-49,50357;SPRF-GO;DEL02/GO;UOP02-DEL02-GO
757628;11/03/2026;quarta-feira;10:20:00;SP;116;363;MIRACATU;Objeto estático sobre o leito carroçável;Eventos atípicos;Sem Vítimas;Pleno dia;Decrescente;Garoa/Chuvisco;Dupla;Reta;Sim;1;0;0;0;0;1;0;1;-24,14410829;-47,282753;SPRF-SP;DEL04/SP;UOP02-DEL04-SP
757630;07/03/2026;sábado;02:50:00;PR;277;2,8;PARANAGUA;Ausência de reação do condutor;Capotamento;Sem Vítimas;Plena Noite;Crescente;Nublado;Simples;Reta;Sim;1;0;0;0;0;0;1;1;-25,54220188;-48,55920285;SPRF-PR;DEL01/PR;UOP05-DEL01-PR
757631;11/03/2026;quarta-feira;13:00:00;SC;101;198,5;SAO JOSE;Condutor Dormindo;Saída de leito carroçável;Com Vítimas Feridas;Pleno dia;Crescente;Nublado;Múltipla;Reta;Sim;2;0;1;0;1;1;0;2;-27,5307;-48,63248;SPRF-SC;DEL01/SC;UOP01-DEL01-SC
757633;11/03/2026;quarta-feira;12:40:00;MG;381;490,2;BETIM;Pista Escorregadia;Tombamento;Com Vítimas Feridas;Pleno dia;Crescente;Céu Claro;Simples;Reta;Sim;1;0;1;0;1;0;0;1;-19,9557385;-44,1452078;SPRF-MG;DEL01/MG;UOP03-DEL01-MG
757634;11/03/2026;quarta-feira;13:25:00;TO;153;167,9;ARAGUAINA;Avarias e/ou desgaste excessivo no pneu;Tombamento;Com Vítimas Feridas;Pleno dia;Decrescente;Sol;Simples;Reta;Não;2;0;1;1;2;0;0;1;-7,376942;-48,35025;SPRF-TO;DEL02-TO;UOP01-DEL02-TO
757636;11/03/2026;quarta-feira;13:50:00;SC;116;194;PONTE ALTA;Condutor deixou de manter distância do veículo da frente;Atropelamento de Pedestre;Com Vítimas Feridas;Pleno dia;Crescente;Céu Claro;Simples;Reta;Sim;2;0;0;1;1;1;0;2;-27,378627;-50,43007851;SPRF-SC;DEL05/SC;UOP03-DEL05-SC
757637;11/03/2026;quarta-feira;12:00:00;MS;267;111;NOVA ANDRADINA;Acessar a via sem observar a presença dos outros veículos;Colisão traseira;Com Vítimas Feridas;Pleno dia;Crescente;Garoa/Chuvisco;Simples;"Declive;Reta";Não;3;0;1;0;1;2;0;2;-21,804093;-53,146928;SPRF-MS;DEL02/MS;UOP03-DEL02-MS
757640;11/03/2026;quarta-feira;14:30:00;MG;50;73;UBERLANDIA;Reação tardia ou ineficiente do condutor;Colisão traseira;Com Vítimas Feridas;Pleno dia;Decrescente;Nublado;Dupla;Reta;Não;3;0;2;0;2;1;0;2;-18,90411248;-48,23413722;SPRF-MG;DEL15/MG;UOP01-DEL15-MG
757641;11/03/2026;quarta-feira;14:40:00;TO;153;648;DUERE;Reação tardia ou ineficiente do condutor;Colisão traseira;Sem Vítimas;Pleno dia;Decrescente;Nublado;Simples;Reta;Não;2;0;0;0;0;2;0;2;-11,52083583;-49,01360862;SPRF-TO;DEL01-TO;UOP02-DEL01-TO
757642;11/03/2026;quarta-feira;14:50:00;ES;101;299;VIANA;Reação tardia ou ineficiente do condutor;Tombamento;Com Vítimas Feridas;Pleno dia;Decrescente;Céu Claro;Múltipla;Retorno Regulamentado;Sim;2;0;2;0;2;0;0;1;-20,357757;-40,429313;SPRF-ES;DEL01-ES;UOP01-DEL01-ES
757643;19/02/2026;quinta-feira;11:30:00;PR;369;178,7;ARAPONGAS;Manobra de mudança de faixa;Colisão lateral mesmo sentido;Com Vítimas Feridas;Pleno dia;Decrescente;Céu Claro;Dupla;Reta;Não;3;0;0;1;1;2;0;2;-23,36241224;-51,40064284;SPRF-PR;DEL07/PR;UOP03-DEL07-PR
757645;11/03/2026;quarta-feira;13:10:00;MG;262;29,3;REDUTO;Acessar a via sem observar a presença dos outros veículos;Colisão frontal;Com Vítimas Feridas;Pleno dia;Crescente;Nublado;Simples;"Aclive;Curva";Não;4;0;1;0;1;3;0;2;-20,247853;-41,984073;SPRF-MG;DEL06/MG;UOP03-DEL06-MG
757646;11/03/2026;quarta-feira;13:50:00;RO;364;13;VILHENA;Desrespeitar a preferência no cruzamento;Colisão transversal;Com Vítimas Feridas;Pleno dia;Decrescente;Chuva;Dupla;Rotatória;Sim;2;0;1;0;1;1;0;2;-12,74082944;-60,13298035;SPRF-RO;DEL04-RO;UOP01-DEL04-RO
757649;11/03/2026;quarta-feira;14:02:00;SP;116;542;BARRA DO TURVO;Reação tardia ou ineficiente do condutor;Colisão com objeto;Sem Vítimas;Pleno dia;Crescente;Chuva;Dupla;Curva;Não;1;0;0;0;0;1;0;1;-24,97257329;-48,40144372;SPRF-SP;DEL05/SP;UOP02-DEL05-SP
757650;11/03/2026;quarta-feira;15:30:00;RN;304;48,2;MOSSORO;Ingestão de álcool pelo condutor;Colisão transversal;Com Vítimas Feridas;Pleno dia;Decrescente;Céu Claro;Dupla;Retorno Regulamentado;Sim;2;0;1;0;1;1;0;2;-5,2306;-37,320825;SPRF-RN;DEL04-RN;UOP01-DEL04-RN
757651;11/03/2026;quarta-feira;14:38:00;MA;135;21;SAO LUIS;Ausência de reação do condutor;Colisão traseira;Sem Vítimas;Pleno dia;Crescente;Céu Claro;Dupla;Reta;Sim;2;0;0;0;0;2;0;2;-2,56635;-44,32307;SPRF-MA;DEL01-MA;UOP01-DEL01-MA
757653;11/03/2026;quarta-feira;13:25:00;MG;40;41,7;PARACATU;Condutor deixou de manter distância do veículo da frente;Colisão traseira;Com Vítimas Feridas;Pleno dia;Decrescente;Céu Claro;Simples;Curva;Sim;3;0;1;0;1;2;0;2;-17,21647792;-46,86769724;SPRF-MG;DEL14/MG;UOP01-DEL14-MG
757655;08/03/2026;domingo;00:40:00;MG;116;497,8;INHAPIM;Ausência de reação do condutor;Saída de leito carroçável;Com Vítimas Feridas;Plena Noite;Decrescente;Céu Claro;Simples;Curva;Não;1;0;0;1;1;0;0;1;-19,53389416;-42,12602198;SPRF-MG;DEL06/MG;UOP02-DEL06-MG
757656;11/03/2026;quarta-feira;15:00:00;MS;163;7,9;MUNDO NOVO;Ultrapassagem Indevida;Tombamento;Com Vítimas Feridas;Pleno dia;Decrescente;Sol;Simples;Reta;Não;1;0;0;1;1;0;0;1;-23,996084;-54,327957;SPRF-MS;DEL09/MS;UOP02-DEL09-MS
757657;11/03/2026;quarta-feira;16:00:00;ES;101;222;IBIRACU;Demais falhas mecânicas ou elétricas;Incêndio;Sem Vítimas;Pleno dia;Crescente;Céu Claro;Simples;Reta;Não;2;0;0;0;0;2;0;1;-19,8703735;-40,41041273;SPRF-ES;DEL02-ES;UOP01-DEL02-ES
757658;07/02/2026;sábado;16:30:00;PR;476;84;BOCAIUVA DO SUL;Ausência de reação do condutor;Colisão com objeto;Com Vítimas Feridas;Pleno dia;Decrescente;Céu Claro;Simples;Curva;Não;2;0;2;0;2;0;0;1;-25,150163;-49,108983;SPRF-PR;DEL01/PR;UOP01-DEL01-PR
757659;11/03/2026;quarta-feira;12:40:00;MT;163;816;SINOP;Acessar a via sem observar a presença dos outros veículos;Colisão lateral mesmo sentido;Com Vítimas Feridas;Pleno dia;Decrescente;Céu Claro;Dupla;Reta;Não;2;0;1;0;1;1;0;2;-12,02720559;-55,51730114;SPRF-MT;DEL06/MT;UOP02-DEL06-MT
757660;11/03/2026;quarta-feira;14:20:00;PR;277;727;FOZ DO IGUACU;Condutor deixou de manter distância do veículo da frente;Colisão traseira;Com Vítimas Feridas;Pleno dia;Crescente;Céu Claro;Simples;Reta;Sim;2;0;2;0;2;0;0;2;-25,51066261;-54,55289219;SPRF-PR;DEL05/PR;UOP03-DEL05-PR