id;data_inversa;dia_semana;horario;uf;br;km;municipio;causa_acidente;tipo_acidente;classificacao_acidente;fase_dia;sentido_via;condicao_metereologica;tipo_pista;tracado_via;uso_solo;pessoas;mortos;feridos_leves;feridos_graves;feridos;ilesos;ignorados;veiculos;latitude;longitude;regional;delegacia;uop
757661;10/01/2026;sábado;08:35:00;RJ;101;528;ANGRA DOS REIS;Velocidade Incompatível;Colisão com objeto;Com Vítimas Feridas;Pleno dia;Crescente;Sol;Simples;"Curva;Declive";Sim;5;0;4;1;5;0;0;2;-23,02602769;-44,50561523;SPRF-RJ;DEL03/RJ;UOP03-DEL03-RJ
757662;11/03/2026;quarta-feira;16:00:00;MG;381;479;CONTAGEM;Condutor deixou de manter distância do veículo da frente;Colisão traseira;Com Vítimas Feridas;Pleno dia;Crescente;Garoa/Chuvisco;Dupla;Reta;Sim;3;0;1;0;1;1;0;3;-19,96387;-44,04367447;SPRF-MG;DEL01/MG;UOP03-DEL01-MG
757663;10/01/2026;sábado;11:36:00;RJ;116;299;PORTO REAL;Restrição de visibilidade em curvas verticais;Engavetamento;Com Vítimas Feridas;Pleno dia;Crescente;Céu Claro;Dupla;Declive;Não;7;0;1;0;1;5;0;6;-22,44999667;-44,33027;SPRF-RJ;DEL07/RJ;UOP02-DEL07-RJ
757664;11/03/2026;quarta-feira;11:30:00;SP;116;515;CAJATI;Ausência de reação do condutor;Colisão com objeto;Sem Vítimas;Pleno dia;Decrescente;Chuva;Simples;Curva;Não;1;0;0;0;0;1;0;1;-24,85653434;-48,21212769;SPRF-SP;DEL05/SP;UOP02-DEL05-SP
757667;11/03/2026;quarta-feira;08:50:00;BA;116;673;JEQUIE;Acessar a via sem observar a presença dos outros veículos;Colisão transversal;Com Vítimas Feridas;Pleno dia;Decrescente;Sol;Simples;"Interseção de Vias;Retorno Regulamentado";Sim;3;0;2;0;2;1;0;2;-13,861048;-40,11343;SPRF-BA;DEL03/BA;UOP01-DEL03-BA
757668;11/03/2026;quarta-feira;15:40:00;RS;386;255;SOLEDADE;Ausência de reação do condutor;Saída de leito carroçável;Com Vítimas Feridas;Pleno dia;Crescente;Nublado;Simples;"Curva;Em Obras";Não;1;0;1;0;1;0;0;1;-28,86169743;-52,44477019;SPRF-RS;DEL04/RS;UOP03-DEL04-RS
757669;11/03/2026;quarta-feira;17:15:00;SC;282;2,5;FLORIANOPOLIS;Trafegar com motocicleta (ou similar) entre as faixas;Colisão lateral mesmo sentido;Com Vítimas Feridas;Pleno dia;Crescente;Céu Claro;Múltipla;Reta;Sim;2;0;1;0;1;1;0;2;-27,60061;-48,59924;SPRF-SC;DEL01/SC;UOP01-DEL01-SC
757670;11/03/2026;quarta-feira;17:30:00;MG;381;936,3;EXTREMA;Velocidade Incompatível;Colisão com objeto;Sem Vítimas;Pleno dia;Crescente;Chuva;Dupla;"Declive;Curva";Não;1;0;0;0;0;1;0;1;-22,8082546;-46,2772201;SPRF-MG;DEL16/MG;UOP03-DEL16-MG
757671;11/03/2026;quarta-feira;17:20:00;SP;116;147;SAO JOSE DOS CAMPOS;Manobra de mudança de faixa;Colisão lateral mesmo sentido;Com Vítimas Feridas;Pleno dia;Crescente;Garoa/Chuvisco;Dupla;Reta;Sim;2;0;1;0;1;1;0;2;-23,19525942;-45,87162409;SPRF-SP;DEL02/SP;UOP01-DEL02-SP
757672;11/03/2026;quarta-feira;15:00:00;PE;232;66,4;GRAVATA;Condutor Dormindo;Saída de leito carroçável;Com Vítimas Feridas;Pleno dia;Crescente;Sol;Simples;Reta;Não;1;0;1;0;1;0;0;1;-8,166446;-35,461362;SPRF-PE;DEL02/PE;UOP02-DEL02PE
757674;11/03/2026;quarta-feira;16:10:00;SP;116;562;BARRA DO TURVO;Ausência de reação do condutor;Colisão com objeto;Com Vítimas Feridas;Pleno dia;Decrescente;Chuva;Simples;"Declive;Curva";Não;2;0;1;1;2;0;0;1;-25,00783949;-48,50738525;SPRF-SP;DEL05/SP;UOP02-DEL05-SP
757677;11/03/2026;quarta-feira;15:40:00;PR;476;155,3;ARAUCARIA;Pedestre cruzava a pista fora da faixa;Atropelamento de Pedestre;Com Vítimas Feridas;Pleno dia;Crescente;Nublado;Dupla;Reta;Sim;2;0;1;0;1;1;0;2;-25,59038243;-49,41008127;SPRF-PR;DEL01/PR;UOP06-DEL01-PR
757678;11/03/2026;quarta-feira;17:50:00;PR;369;193;ARAPONGAS;Avarias e/ou desgaste excessivo no pneu;Colisão com objeto;Com Vítimas Feridas;Pleno dia;Decrescente;Céu Claro;Dupla;Reta;Não;3;0;1;0;1;2;0;1;-23,467482;-51,423546;SPRF-PR;DEL07/PR;UOP03-DEL07-PR
757679;11/03/2026;quarta-feira;18:12:00;RJ;101;442;MANGARATIBA;Curva acentuada;Colisão frontal;Com Vítimas Feridas;Anoitecer;Crescente;Chuva;Simples;Curva;Não;5;0;3;0;3;2;0;2;-22,98007055;-44,08307998;SPRF-RJ;DEL03/RJ;UOP02-DEL03-RJ
757681;11/03/2026;quarta-feira;17:45:00;SP;116;133;CACAPAVA;Reação tardia ou ineficiente do condutor;Colisão traseira;Com Vítimas Feridas;Pleno dia;Decrescente;Céu Claro;Dupla;Reta;Sim;2;0;1;0;1;0;0;2;-23,13625669;-45,75435352;SPRF-SP;DEL02/SP;UOP02-DEL02-SP
757682;11/03/2026;quarta-feira;18:20:00;SP;116;133;CACAPAVA;Reação tardia ou ineficiente do condutor;Queda de ocupante de veículo;Com Vítimas Feridas;Anoitecer;Crescente;Céu Claro;Dupla;Reta;Sim;1;0;1;0;1;0;0;1;-23,13509028;-45,75242303;SPRF-SP;DEL02/SP;UOP02-DEL02-SP
757688;11/03/2026;quarta-feira;18:30:00;RN;101;101;PARNAMIRIM;Manobra de mudança de faixa;Engavetamento;Com Vítimas Feridas;Plena Noite;Crescente;Céu Claro;Múltipla;Reta;Não;4;0;2;0;2;2;0;3;-5,881893;-35,22592;SPRF-RN;DEL01-RN;UOP01-DEL01-RN
757689;11/03/2026;quarta-feira;18:06:00;RN;405;3;MOSSORO;Retorno proibido;Colisão transversal;Com Vítimas Feridas;Plena Noite;Crescente;Céu Claro;Simples;Reta;Sim;4;0;1;1;2;0;0;3;-5,193984;-37,380162;SPRF-RN;DEL04-RN;UOP02-DEL04-RN
757690;11/03/2026;quarta-feira;19:00:00;SC;470;42,8;GASPAR;Ausência de reação do condutor;Colisão traseira;Com Vítimas Fatais;Plena Noite;Crescente;Céu Claro;Dupla;Reta;Não;3;1;0;0;0;2;0;2;-26,8746588;-49,0110299;SPRF-SC;DEL04/SC;UOP01-DEL04-SC
757692;11/03/2026;quarta-feira;17:10:00;RJ;493;19;GUAPIMIRIM;Acessar a via sem observar a presença dos outros veículos;Colisão transversal;Com Vítimas Feridas;Anoitecer;Crescente;Chuva;Simples;Reta;Sim;2;0;0;1;1;1;0;2;-22,66876702;-43,02202575;SPRF-RJ;DEL04/RJ;UOP02-DEL04-RJ
757694;11/03/2026;quarta-feira;18:26:00;PR;376;85,8;GUAIRACA;Chuva;Saída de leito carroçável;Sem Vítimas;Pleno dia;Decrescente;Chuva;Simples;"Declive;Reta";Não;1;0;0;0;0;1;0;1;-22,96231;-52,6449;SPRF-PR;DEL09/PR;UOP02-DEL09-PR
757696;11/03/2026;quarta-feira;18:40:00;PR;163;239;TOLEDO;Objeto estático sobre o leito carroçável;Queda de ocupante de veículo;Com Vítimas Feridas;Anoitecer;Decrescente;Nublado;Dupla;"Aclive;Reta";Não;1;0;1;0;1;0;0;1;-24,7355387;-53,6987916;SPRF-PR;DEL04/PR;UOP01-DEL04-PR
757697;11/03/2026;quarta-feira;20:00:00;RJ;116;183;NOVA IGUACU;Ausência de reação do condutor;Colisão lateral mesmo sentido;Com Vítimas Feridas;Plena Noite;Crescente;Garoa/Chuvisco;Dupla;Reta;Sim;3;0;1;0;1;2;0;2;-22,75565355;-43,43260288;SPRF-RJ;DEL06/RJ;UOP01-DEL06-RJ
757698;11/03/2026;quarta-feira;20:00:00;MG;262;365,1;JUATUBA;Animais na Pista;Atropelamento de Animal;Com Vítimas Feridas;Plena Noite;Decrescente;Chuva;Dupla;"Declive;Reta";Não;2;0;0;2;2;0;0;1;-19,956637;-44,350172;SPRF-MG;DEL01/MG;UOP03-DEL01-MG
757699;11/03/2026;quarta-feira;14:20:00;RS;290;409,9;SANTA MARGARIDA DO SUL;Acessar a via sem observar a presença dos outros veículos;Colisão transversal;Com Vítimas Feridas;Pleno dia;Crescente;Céu Claro;Simples;Reta;Não;3;0;1;2;3;0;0;2;-30,36379849;-54,247708;SPRF-RS;DEL09/RS;UOP02-DEL09-RS
757700;07/03/2026;sábado;03:30:00;MS;262;549;MIRANDA;Condutor Dormindo;Saída de leito carroçável;Com Vítimas Feridas;Plena Noite;Crescente;Céu Claro;Simples;Reta;Não;1;0;1;0;1;0;0;1;-20,281263;-56,306801;SPRF-MS;DEL03/MS;UOP02-DEL03-MS
757705;11/03/2026;quarta-feira;19:00:00;PR;277;694;SAO MIGUEL DO IGUACU;Desrespeitar a preferência no cruzamento;Colisão transversal;Com Vítimas Feridas;Plena Noite;Decrescente;Céu Claro;Dupla;"Retorno Regulamentado;Reta";Sim;4;0;2;2;4;0;0;2;-25,39343427;-54,30624453;SPRF-PR;DEL05/PR;UOP01-DEL05-PR
757707;11/03/2026;quarta-feira;20:10:00;RS;285;338,7;CARAZINHO;Ausência de reação do condutor;Colisão traseira;Com Vítimas Feridas;Plena Noite;Decrescente;Garoa/Chuvisco;Simples;Reta;Sim;8;0;6;0;6;2;0;3;-28,31353268;-52,78659996;SPRF-RS;DEL08/RS;UOP03-DEL08-RS
757708;11/03/2026;quarta-feira;20:25:00;RJ;101;59;CAMPOS DOS GOYTACAZES;Reação tardia ou ineficiente do condutor;Colisão traseira;Com Vítimas Feridas;Plena Noite;Decrescente;Céu Claro;Simples;Reta;Sim;2;0;1;0;1;1;0;2;-21,717093;-41,310712;SPRF-RJ;DEL08/RJ;UOP01-DEL08-RJ
757709;11/03/2026;quarta-feira;18:30:00;RJ;116;221;PARACAMBI;Velocidade Incompatível;Colisão traseira;Com Vítimas Feridas;Plena Noite;Crescente;Chuva;Dupla;Reta;Não;4;0;3;0;3;1;0;2;-22,69029972;-43,79025936;SPRF-RJ;DEL06/RJ;UOP02-DEL06-RJ
757711;11/03/2026;quarta-feira;19:00:00;RJ;393;198;PARAIBA DO SUL;Demais falhas mecânicas ou elétricas;Incêndio;Sem Vítimas;Plena Noite;Decrescente;Chuva;Simples;Reta;Não;1;0;0;0;0;1;0;1;-22,21029199;-43,40045929;SPRF-RJ;DEL05/RJ;UOP03-DEL05-RJ
757712;11/03/2026;quarta-feira;16:25:00;RJ;393;235,6;VASSOURAS;Conversão proibida;Colisão transversal;Com Vítimas Feridas;Pleno dia;Crescente;Garoa/Chuvisco;Simples;Reta;Sim;2;0;1;1;2;0;0;2;-22,41245678;-43,67423773;SPRF-RJ;DEL05/RJ;UOP03-DEL05-RJ
757713;11/03/2026;quarta-feira;20:15:00;SP;101;38;UBATUBA;Condutor deixou de manter distância do veículo da frente;Colisão traseira;Com Vítimas Feridas;Plena Noite;Crescente;Chuva;Simples;Curva;Sim;2;0;1;0;1;1;0;2;-23,40756978;-45,01875401;SPRF-SP;DEL06/SP;UOP01-DEL06-SP
757714;11/03/2026;quarta-feira;20:30:00;PE;101;67;RECIFE;Manobra de mudança de faixa;Colisão lateral mesmo sentido;Com Vítimas Feridas;Plena Noite;Crescente;Céu Claro;Múltipla;Reta;Sim;5;0;3;0;3;2;0;3;-8,042;-34,94332;SPRF-PE;DEL01/PE;UOP01-DEL01-PE
757716;11/03/2026;quarta-feira;20:10:00;PR;163;94,9;CAPANEMA;Reação tardia ou ineficiente do condutor;Saída de leito carroçável;Com Vítimas Feridas;Plena Noite;Decrescente;Céu Claro;Simples;Curva;Não;3;0;0;3;3;0;0;1;-25,622783;-53,80237;SPRF-PR;DEL02/PR;UOP02-DEL02-PR
757717;11/03/2026;quarta-feira;20:15:00;PR;476;110,5;COLOMBO;Acessar a via sem observar a presença dos outros veículos;Colisão transversal;Com Vítimas Feridas;Plena Noite;Crescente;Garoa/Chuvisco;Dupla;Reta;Não;2;0;0;1;1;0;0;2;-25,3135;-49,1493;SPRF-PR;DEL01/PR;UOP01-DEL01-PR
757719;11/03/2026;quarta-feira;17:00:00;AC;364;660;TARAUACA;Pista esburacada;Saída de leito carroçável;Com Vítimas Feridas;Anoitecer;Crescente;Céu Claro;Simples;Declive;Não;3;0;3;0;3;0;0;1;-7,849803;-71,811975;SPRF-AC;DEL01-AC;UOP03-DEL01-AC
757720;11/03/2026;quarta-feira;17:20:00;AC;364;139;RIO BRANCO;Manobra de mudança de faixa;Colisão traseira;Com Vítimas Feridas;Anoitecer;Crescente;Chuva;Dupla;Reta;Não;3;0;2;0;2;1;0;2;-9,95479061;-67,85986159;SPRF-AC;DEL01-AC;UOP01-DEL01-AC
757721;11/03/2026;quarta-feira;21:10:00;SP;381;85;SAO PAULO;Entrada inopinada do pedestre;Atropelamento de Pedestre;Com Vítimas Feridas;Plena Noite;Decrescente;Nublado;Múltipla;Reta;Sim;2;0;0;1;1;1;0;2;-23,457263;-46,5745229;SPRF-SP;DEL03/SP;UOP01-DEL03-SP
757722;11/03/2026;quarta-feira;20:48:00;MA;135;8;SAO LUIS;Pista esburacada;Tombamento;Com Vítimas Feridas;Plena Noite;Crescente;Céu Claro;Dupla;Reta;Não;1;0;1;0;1;0;0;1;-2,60549;-44,32461;SPRF-MA;DEL01-MA;UOP01-DEL01-MA
757724;11/03/2026;quarta-feira;21:50:00;PR;277;77;SAO JOSE DOS PINHAIS;Pedestre andava na pista;Atropelamento de Pedestre;Com Vítimas Fatais;Plena Noite;Decrescente;Nublado;Dupla;Reta;Não;4;1;0;0;0;1;0;2;-25,4877741;-49,181399;SPRF-PR;DEL01/PR;UOP08-DEL01-PR
757725;11/03/2026;quarta-feira;21:55:00;RJ;116;173;SAO JOAO DE MERITI;Manobra de mudança de faixa;Colisão traseira;Com Vítimas Feridas;Plena Noite;Crescente;Chuva;Múltipla;Reta;Sim;2;0;1;0;1;1;0;2;-22,79846151;-43,35639445;SPRF-RJ;DEL06/RJ;UOP01-DEL06-RJ
757726;11/03/2026;quarta-feira;20:00:00;MG;356;273,3;PATROCINIO DO MURIAE;Ultrapassagem Indevida;Colisão frontal;Com Vítimas Feridas;Plena Noite;Crescente;Chuva;Simples;"Declive;Reta";Não;3;0;3;0;3;0;0;2;-21,13831706;-42,30557084;SPRF-MG;DEL07/MG;UOP02-DEL07-MG
757727;11/03/2026;quarta-feira;20:50:00;MG;153;213;FRUTAL;Pista esburacada;Saída de leito carroçável;Com Vítimas Feridas;Plena Noite;Crescente;Garoa/Chuvisco;Simples;Curva;Não;1;0;1;0;1;0;0;1;-20,04999414;-49,05148443;SPRF-MG;DEL13/MG;UOP02-DEL13-MG
757730;11/03/2026;quarta-feira;22:15:00;BA;101;161;CONCEICAO DO JACUIPE;Acessar a via sem observar a presença dos outros veículos;Colisão transversal;Com Vítimas Feridas;Plena Noite;Decrescente;Céu Claro;Dupla;"Interseção de Vias;Reta";Sim;3;0;3;0;3;0;0;2;-12,35502691;-38,78918099;SPRF-BA;DEL11/BA;UOP02-DEL11-BA
757732;11/03/2026;quarta-feira;21:55:00;TO;10;457,3;PALMAS;Condutor deixou de manter distância do veículo da frente;Colisão traseira;Com Vítimas Feridas;Plena Noite;Crescente;Céu Claro;Múltipla;"Reta;Aclive";Sim;3;0;0;1;1;2;0;2;-10,28585;-48,297382;SPRF-TO;DEL01-TO;UOP03-DEL01-TO
757733;11/03/2026;quarta-feira;23:20:00;SC;101;154,4;PORTO BELO;Ausência de reação do condutor;Colisão traseira;Com Vítimas Feridas;Plena Noite;Decrescente;Garoa/Chuvisco;Dupla;Reta;Não;3;0;2;0;2;1;0;2;-27,1576;-48,61079;SPRF-SC;DEL04/SC;UOP03-DEL04-SC
757735;11/03/2026;quarta-feira;12:30:00;MG;262;35;MANHUACU;Reação tardia ou ineficiente do condutor;Atropelamento de Pedestre;Com Vítimas Feridas;Pleno dia;Decrescente;Céu Claro;Simples;Reta;Sim;2;0;1;0;1;1;0;2;-20,25842379;-42,03110486;SPRF-MG;DEL06/MG;UOP03-DEL06-MG
757738;11/03/2026;quarta-feira;20:10:00;SC;470;321,2;CAMPOS NOVOS;Velocidade Incompatível;Saída de leito carroçável;Com Vítimas Fatais;Plena Noite;Crescente;Céu Claro;Simples;Curva;Não;2;2;0;0;0;0;0;1;-27,423923;-51,240495;SPRF-SC;DEL07/SC;UOP06-DEL07-SC
757739;12/03/2026;quinta-feira;00:15:00;RS;116;251;SAO LEOPOLDO;Acumulo de areia ou detritos sobre o pavimento;Queda de ocupante de veículo;Com Vítimas Feridas;Plena Noite;Decrescente;Céu Claro;Múltipla;Reta;Sim;1;0;1;0;1;0;0;1;-29,79243416;-51,16416108;SPRF-RS;DEL01/RS;UOP02-DEL01-RS
757740;11/03/2026;quarta-feira;23:08:00;SC;470;37,9;GASPAR;Acessar a via sem observar a presença dos outros veículos;Colisão transversal;Com Vítimas Fatais;Plena Noite;Crescente;Nublado;Dupla;Reta;Sim;2;1;0;0;0;1;0;2;-26,903547;-48,980485;SPRF-SC;DEL04/SC;UOP01-DEL04-SC
757741;12/03/2026;quinta-feira;00:20:00;PR;277;121,9;CAMPO LARGO;Ingestão de álcool pelo condutor;Saída de leito carroçável;Sem Vítimas;Plena Noite;Crescente;Céu Claro;Dupla;Curva;Sim;1;0;0;0;0;1;0;1;-25,44411219;-49,50153915;SPRF-PR;DEL01/PR;UOP07-DEL01-PR
757747;12/03/2026;quinta-feira;00:05:00;GO;80;148;SANTA RITA DO NOVO DESTINO;Animais na Pista;Atropelamento de Animal;Sem Vítimas;Plena Noite;Decrescente;Nublado;Simples;"Declive;Reta";Não;1;0;0;0;0;1;0;1;-14,87011648;-49,00663018;SPRF-GO;DEL07/GO;UOP02-DEL07-GO
757750;11/03/2026;quarta-feira;22:00:00;GO;364;310,2;MINEIROS;Reação tardia ou ineficiente do condutor;Saída de leito carroçável;Com Vítimas Feridas;Plena Noite;Crescente;Céu Claro;Dupla;Interseção de Vias;Não;2;0;2;0;2;0;0;1;-17,486882;-52,555008;SPRF-GO;DEL05/GO;UOP01-DEL05-GO
757751;12/03/2026;quinta-feira;02:40:00;SC;101;96,5;BALNEARIO PICARRAS;Ingestão de álcool pelo condutor;Colisão traseira;Com Vítimas Feridas;Plena Noite;Decrescente;Nublado;Múltipla;Curva;Não;2;0;1;0;1;1;0;2;-26,72851136;-48,70194046;SPRF-SC;DEL03/SC;UOP02-DEL03-SC
757757;12/03/2026;quinta-feira;05:30:00;SP;153;0,1;ICEM;Desrespeitar a preferência no cruzamento;Colisão transversal;Com Vítimas Feridas;Amanhecer;Crescente;Nublado;Simples;Reta;Não;2;0;1;0;1;1;0;2;-20,307978;-49,207943;SPRF-SP;DEL09/SP;UOP01-DEL09-SP
757761;12/03/2026;quinta-feira;05:50:00;GO;70;315;JUSSARA;Ausência de reação do condutor;Colisão lateral mesmo sentido;Com Vítimas Feridas;Amanhecer;Decrescente;Céu Claro;Simples;"Interseção de Vias;Reta";Sim;2;0;2;0;2;0;0;2;-15,8740982;-50,8418823;SPRF-GO;DEL04/GO;UOP02-DEL04-GO
757763;12/03/2026;quinta-feira;06:20:00;GO;60;76;ANAPOLIS;Condutor Dormindo;Saída de leito carroçável;Com Vítimas Feridas;Pleno dia;Crescente;Céu Claro;Dupla;Reta;Não;3;0;2;0;2;1;0;1;-16,28126;-48,79232;SPRF-GO;DEL02/GO;UOP01-DEL02-GO
757764;12/03/2026;quinta-feira;06:45:00;MG;381;636;SANTO ANTONIO DO AMPARO;Reação tardia ou ineficiente do condutor;Colisão lateral mesmo sentido;Com Vítimas Feridas;Pleno dia;Crescente;Céu Claro;Dupla;"Curva;Declive;Viaduto";Não;3;0;2;0;2;0;0;2;-20,8667318;-44,84157801;SPRF-MG;DEL04/MG;UOP01-DEL04-MG
757766;15/01/2026;quinta-feira;07:40:00;RJ;116;187;NOVA IGUACU;Ausência de reação do condutor;Colisão lateral mesmo sentido;Com Vítimas Feridas;Amanhecer;Decrescente;Céu Claro;Dupla;Reta;Não;2;0;1;0;1;1;0;2;-22,73948531;-43,46884187;SPRF-RJ;DEL06/RJ;UOP01-DEL06-RJ
757768;12/03/2026;quinta-feira;06:30:00;PR;116;208,3;RIO NEGRO;Ausência de reação do condutor;Tombamento;Com Vítimas Feridas;Amanhecer;Crescente;Garoa/Chuvisco;Simples;Reta;Sim;1;0;1;0;1;0;0;1;-26,08194305;-49,77279631;SPRF-SC;DEL06/SC;UOP01-DEL06-SC
757770;11/01/2026;domingo;23:06:00;GO;153;514,5;APARECIDA DE GOIANIA;Velocidade Incompatível;Colisão transversal;Com Vítimas Feridas;Plena Noite;Crescente;Nublado;Dupla;Interseção de Vias;Sim;2;0;0;1;1;1;0;2;-16,82493755;-49,24210668;SPRF-GO;DEL01/GO;UOP03-DEL01-GO
757773;12/03/2026;quinta-feira;06:15:00;PR;277;120,2;CAMPO LARGO;Acessar a via sem observar a presença dos outros veículos;Colisão frontal;Sem Vítimas;Amanhecer;Crescente;Chuva;Dupla;"Interseção de Vias;Curva";Sim;2;0;0;0;0;2;0;2;-25,44662573;-49,48354518;SPRF-PR;DEL01/PR;UOP07-DEL01-PR
757775;12/03/2026;quinta-feira;06:00:00;SC;101;255;PAULO LOPES;Acessar a via sem observar a presença dos outros veículos;Colisão frontal;Com Vítimas Fatais;Plena Noite;Crescente;Nublado;Dupla;Reta;Não;2;1;0;0;0;1;0;2;-27,98451474;-48,67930269;SPRF-SC;DEL02/SC;UOP03-DEL02-SC
757776;12/03/2026;quinta-feira;08:00:00;PB;230;19,2;JOAO PESSOA;Condutor deixou de manter distância do veículo da frente;Colisão traseira;Com Vítimas Feridas;Pleno dia;Crescente;Céu Claro;Dupla;Curva;Sim;3;0;0;1;1;2;0;3;-7,12887655;-34,84902368;SPRF-PB;DEL01-PB;UOP01-DEL01-PB
757777;11/03/2026;quarta-feira;10:00:00;MT;364;614;DIAMANTINO;Demais falhas mecânicas ou elétricas;Incêndio;Sem Vítimas;Pleno dia;Decrescente;Céu Claro;Simples;"Reta;Aclive";Não;1;0;0;0;0;0;1;1;-14,453567;-56,27786;SPRF-MT;DEL01/MT;UOP01-DEL01-MT
757782;12/03/2026;quinta-feira;08:00:00;MG;40;516;RIBEIRAO DAS NEVES;Reação tardia ou ineficiente do condutor;Colisão traseira;Com Vítimas Feridas;Pleno dia;Crescente;Céu Claro;Dupla;Reta;Sim;2;0;1;0;1;1;0;2;-19,8164384;-44,0891049;SPRF-MG;DEL01/MG;UOP02-DEL01-MG
757783;11/03/2026;quarta-feira;13:26:00;MG;381;646;SANTO ANTONIO DO AMPARO;Reação tardia ou ineficiente do condutor;Saída de leito carroçável;Com Vítimas Feridas;Pleno dia;Crescente;Chuva;Dupla;Curva;Não;1;0;1;0;1;0;0;1;-20,94861698;-44,88583231;SPRF-MG;DEL04/MG;UOP02-DEL04-MG
757784;12/03/2026;quinta-feira;06:40:00;RJ;101;413;ITAGUAI;Acumulo de água sobre o pavimento;Saída de leito carroçável;Com Vítimas Feridas;Pleno dia;Decrescente;Chuva;Dupla;Curva;Sim;1;0;1;0;1;0;0;1;-22,902683;-43,86968;SPRF-RJ;DEL03/RJ;UOP01-DEL03-RJ
757785;02/03/2026;segunda-feira;21:00:00;PB;104;131,4;QUEIMADAS;Acumulo de areia ou detritos sobre o pavimento;Tombamento;Com Vítimas Feridas;Plena Noite;Decrescente;Céu Claro;Simples;"Interseção de Vias;Reta";Sim;2;0;2;0;2;0;0;1;-7,287489;-35,8898322;SPRF-PB;DEL02-PB;UOP03-DEL02-PB
757787;12/03/2026;quinta-feira;08:20:00;PR;153;360,4;RIO AZUL;Transitar na contramão;Colisão frontal;Com Vítimas Feridas;Pleno dia;Crescente;Garoa/Chuvisco;Simples;"Aclive;Reta";Não;2;0;0;1;1;1;0;2;-25,68133072;-50,7586813;SPRF-PR;DEL08/PR;UOP02-DEL08-PR
757789;12/03/2026;quinta-feira;06:25:00;PA;316;28;BENEVIDES;Reação tardia ou ineficiente do condutor;Tombamento;Com Vítimas Feridas;Pleno dia;Crescente;Céu Claro;Dupla;Reta;Não;1;0;1;0;1;0;0;1;-1,312537;-48,222176;SPRF-PA;DEL01/PA;UOP01-DEL01-PA
757794;12/03/2026;quinta-feira;08:55:00;PE;101;144,1;RIBEIRAO;Reação tardia ou ineficiente do condutor;Saída de leito carroçável;Sem Vítimas;Pleno dia;Crescente;Nublado;Dupla;Reta;Não;1;0;0;0;0;1;0;1;-8,45336;-35,357542;SPRF-PE;DEL01/PE;UOP03-DEL01-PE
757797;03/01/2026;sábado;22:10:00;GO;40;96;CRISTALINA;Transitar na contramão;Colisão frontal;Com Vítimas Feridas;Plena Noite;Decrescente;Nevoeiro/Neblina;Simples;Viaduto;Sim;2;0;1;0;1;1;0;2;-16,754588;-47,60416;SPRF-DF;DEL01-DF;UOP02-DEL01-DF
757798;12/03/2026;quinta-feira;10:15:00;RS;116;267;CANOAS;Reação tardia ou ineficiente do condutor;Colisão traseira;Sem Vítimas;Pleno dia;Crescente;Céu Claro;Múltipla;Reta;Sim;3;0;0;0;0;3;0;3;-29,94283086;-51,17696643;SPRF-RS;DEL01/RS;UOP01-DEL01-RS
757800;12/03/2026;quinta-feira;07:20:00;RO;364;341;JI-PARANA;Ausência de reação do condutor;Colisão traseira;Com Vítimas Feridas;Pleno dia;Crescente;Nublado;Dupla;Reta;Sim;2;0;1;0;1;1;0;2;-10,88493409;-61,93566369;SPRF-RO;DEL02-RO;UOP01-DEL02-RO
757801;12/03/2026;quinta-feira;07:00:00;BA;101;752,1;ITABELA;Velocidade Incompatível;Saída de leito carroçável;Com Vítimas Feridas;Pleno dia;Decrescente;Céu Claro;Simples;"Declive;Curva";Não;1;0;1;0;1;0;0;1;-16,620588;-39,530867;SPRF-BA;DEL09/BA;UOP01-DEL09-BA
757803;12/03/2026;quinta-feira;08:30:00;RS;290;424,9;SAO GABRIEL;Ausência de reação do condutor;Colisão traseira;Sem Vítimas;Pleno dia;Decrescente;Céu Claro;Simples;Reta;Não;2;0;0;0;0;2;0;2;-30,3237854;-54,3854093;SPRF-RS;DEL11/RS;UOP02-DEL11-RS
757804;12/03/2026;quinta-feira;10:00:00;DF;70;2;BRASILIA;Acessar a via sem observar a presença dos outros veículos;Colisão lateral mesmo sentido;Com Vítimas Feridas;Pleno dia;Decrescente;Nublado;Dupla;Reta;Sim;2;0;1;0;1;0;0;2;-15,798528;-48,074067;SPRF-DF;DEL03-DF;UOP02-DEL03-DF
757805;12/03/2026;quinta-feira;09:20:00;GO;60;31;ALEXANIA;Pedestre cruzava a pista fora da faixa;Atropelamento de Pedestre;Com Vítimas Feridas;Pleno dia;Crescente;Nublado;Dupla;Reta;Sim;2;0;0;1;1;1;0;2;-16,091417;-48,494835;SPRF-DF;DEL03-DF;UOP01-DEL03-DF
757806;12/03/2026;quinta-feira;10:20:00;BA;116;828;VITORIA DA CONQUISTA;Acessar a via sem observar a presença dos outros veículos;Colisão lateral mesmo sentido;Com Vítimas Feridas;Pleno dia;Decrescente;Céu Claro;Simples;"Curva;Retorno Regulamentado";Não;2;0;1;0;1;1;0;2;-14,9020644;-40,8689263;SPRF-BA;DEL08/BA;UOP01-DEL08-BA
757807;12/03/2026;quinta-feira;05:30:00;BA;242;229;ITABERABA;Acessar a via sem observar a presença dos outros veículos;Colisão transversal;Com Vítimas Fatais;Amanhecer;Decrescente;Sol;Simples;Curva;Sim;2;1;0;1;1;0;0;2;-12,51000439;-40,30259728;SPRF-BA;DEL06/BA;UOP02-DEL06-BA