id;data_inversa;dia_semana;horario;uf;br;km;municipio;causa_acidente;tipo_acidente;classificacao_acidente;fase_dia;sentido_via;condicao_metereologica;tipo_pista;tracado_via;uso_solo;pessoas;mortos;feridos_leves;feridos_graves;feridos;ilesos;ignorados;veiculos;latitude;longitude;regional;delegacia;uop
758085;05/02/2026;quinta-feira;17:05:00;PR;277;692;SAO MIGUEL DO IGUACU;Acessar a via sem observar a presença dos outros veículos;Colisão lateral mesmo sentido;Com Vítimas Feridas;Pleno dia;Decrescente;Sol;Dupla;"Retorno Regulamentado;Reta";Sim;3;0;2;0;2;1;0;2;-25,36018;-54,2488;SPRF-PR;DEL05/PR;UOP01-DEL05-PR
758086;13/03/2026;sexta-feira;16:30:00;MG;40;553,3;NOVA LIMA;Transitar na contramão;Colisão transversal;Com Vítimas Feridas;Pleno dia;Crescente;Céu Claro;Simples;Interseção de Vias;Sim;2;0;1;0;1;1;0;2;-20,06509667;-43,98022262;SPRF-MG;DEL01/MG;UOP02-DEL01-MG
758087;13/03/2026;sexta-feira;16:45:00;PB;101;88;JOAO PESSOA;Reação tardia ou ineficiente do condutor;Colisão lateral mesmo sentido;Com Vítimas Feridas;Pleno dia;Decrescente;Céu Claro;Dupla;Reta;Sim;2;0;1;0;1;1;0;2;-7,1685406;-34,8972449;SPRF-PB;DEL01-PB;UOP01-DEL01-PB
758088;13/03/2026;sexta-feira;16:00:00;SC;101;207,4;SAO JOSE;Condutor Dormindo;Saída de leito carroçável;Com Vítimas Feridas;Pleno dia;Decrescente;Céu Claro;Múltipla;"Declive;Reta";Sim;1;0;1;0;1;0;0;1;-27,60172428;-48,62524923;SPRF-SC;DEL01/SC;UOP01-DEL01-SC
758089;13/03/2026;sexta-feira;13:45:00;RJ;101;306;SAO GONCALO;Condutor deixou de manter distância do veículo da frente;Colisão traseira;Com Vítimas Feridas;Pleno dia;Crescente;Nublado;Dupla;Reta;Sim;2;0;1;0;1;1;0;2;-22,78948345;-43,00786679;SPRF-RJ;DEL02/RJ;UOP02-DEL02-RJ
758090;13/03/2026;sexta-feira;16:30:00;ES;101;294,5;CARIACICA;Reação tardia ou ineficiente do condutor;Tombamento;Com Vítimas Feridas;Pleno dia;Crescente;Nublado;Dupla;"Declive;Reta";Sim;1;0;1;0;1;0;0;1;-20,33039;-40,398823;SPRF-ES;DEL01-ES;UOP01-DEL01-ES
758091;13/03/2026;sexta-feira;16:15:00;SC;101;207;SAO JOSE;Reação tardia ou ineficiente do condutor;Colisão com objeto;Com Vítimas Feridas;Pleno dia;Decrescente;Nublado;Dupla;"Reta;Declive";Não;2;0;1;0;1;1;0;2;-27,6018267;-48,6260483;SPRF-SC;DEL01/SC;UOP01-DEL01-SC
758094;01/02/2026;domingo;11:00:00;RJ;116;230;PIRAI;Mal súbito do condutor;Queda de ocupante de veículo;Com Vítimas Feridas;Pleno dia;Decrescente;Céu Claro;Simples;"Curva;Declive";Não;3;0;1;0;1;0;0;2;-22,6696504;-43,8296255;SPRF-RJ;DEL07/RJ;UOP01-DEL07-RJ
758095;13/03/2026;sexta-feira;16:40:00;RJ;101;395;ITAGUAI;Chuva;Colisão com objeto;Com Vítimas Feridas;Pleno dia;Crescente;Chuva;Dupla;Reta;Não;2;0;1;0;1;1;0;1;-22,87575;-43,739473;SPRF-RJ;DEL03/RJ;UOP01-DEL03-RJ
758096;13/03/2026;sexta-feira;16:00:00;RJ;40;90;PETROPOLIS;Demais Fenômenos da natureza;Eventos atípicos;Com Vítimas Feridas;Pleno dia;Decrescente;Chuva;Dupla;Reta;Sim;2;0;1;0;1;1;0;1;-22,55699635;-43,23057739;SPRF-RJ;DEL01/RJ;UOP01-DEL01-RJ
758097;13/03/2026;sexta-feira;16:24:00;RN;226;2;NATAL;Ausência de reação do condutor;Colisão transversal;Com Vítimas Feridas;Pleno dia;Decrescente;Céu Claro;Simples;Reta;Sim;2;0;1;0;1;1;0;2;-5,816007;-35,24899;SPRF-RN;DEL01-RN;UOP02-DEL01-RN
758098;13/03/2026;sexta-feira;11:45:00;AC;364;154;RIO BRANCO;Reação tardia ou ineficiente do condutor;Saída de leito carroçável;Com Vítimas Feridas;Pleno dia;Crescente;Céu Claro;Simples;Reta;Não;2;0;2;0;2;0;0;2;-10,0132203;-67,7138106;SPRF-AC;DEL01-AC;UOP01-DEL01-AC
758099;13/03/2026;sexta-feira;17:18:00;SC;101;144;ITAPEMA;Condutor deixou de manter distância do veículo da frente;Colisão lateral mesmo sentido;Com Vítimas Feridas;Pleno dia;Decrescente;Nublado;Dupla;Reta;Sim;2;0;1;0;1;0;0;2;-27,07876081;-48,59937161;SPRF-SC;DEL04/SC;UOP03-DEL04-SC
758101;09/03/2026;segunda-feira;21:59:00;RO;364;371,5;OURO PRETO DO OESTE;Animais na Pista;Atropelamento de Animal;Com Vítimas Feridas;Plena Noite;Decrescente;Nublado;Simples;Reta;Não;1;0;1;0;1;0;0;1;-10,754963;-62,159612;SPRF-RO;DEL02-RO;UOP01-DEL02-RO
758103;13/03/2026;sexta-feira;16:50:00;RJ;393;268;BARRA DO PIRAI;Acessar a via sem observar a presença dos outros veículos;Colisão transversal;Com Vítimas Feridas;Pleno dia;Crescente;Chuva;Simples;"Reta;Interseção de Vias";Não;2;0;1;0;1;1;0;2;-22,47639598;-43,94359589;SPRF-RJ;DEL05/RJ;UOP04-DEL05-RJ
758105;13/03/2026;sexta-feira;15:50:00;SC;101;39,8;JOINVILLE;Ausência de reação do condutor;Colisão traseira;Com Vítimas Feridas;Pleno dia;Crescente;Céu Claro;Dupla;Reta;Sim;2;0;1;0;1;1;0;2;-26,30736143;-48,87982607;SPRF-SC;DEL03/SC;UOP01-DEL03-SC
758106;13/03/2026;sexta-feira;16:21:00;PE;232;39;VITORIA DE SANTO ANTAO;Reação tardia ou ineficiente do condutor;Colisão lateral mesmo sentido;Com Vítimas Feridas;Pleno dia;Decrescente;Céu Claro;Dupla;Reta;Não;2;0;1;0;1;1;0;2;-8,117825;-35,228907;SPRF-PE;DEL02/PE;UOP02-DEL02PE
758108;13/03/2026;sexta-feira;17:10:00;PR;376;174,2;MARINGA;Estacionar ou parar em local proibido;Colisão lateral mesmo sentido;Com Vítimas Feridas;Pleno dia;Crescente;Céu Claro;Dupla;Reta;Sim;3;0;1;0;1;1;0;3;-23,41675877;-51,95653893;SPRF-PR;DEL09/PR;UOP01-DEL09-PR
758109;13/03/2026;sexta-feira;16:30:00;RJ;101;143;CARAPEBUS;Ausência de reação do condutor;Capotamento;Com Vítimas Feridas;Pleno dia;Crescente;Chuva;Simples;Reta;Não;1;0;1;0;1;0;0;1;-22,19129026;-41,74778938;SPRF-RJ;DEL08/RJ;UOP04-DEL08-RJ
758110;13/03/2026;sexta-feira;14:50:00;RS;386;356,1;ESTRELA;Acessar a via sem observar a presença dos outros veículos;Colisão transversal;Com Vítimas Feridas;Pleno dia;Decrescente;Sol;Dupla;"Retorno Regulamentado;Curva";Sim;9;0;1;0;1;8;0;2;-29,52370061;-51,93449736;SPRF-RS;DEL04/RS;UOP01-DEL04-RS
758111;13/03/2026;sexta-feira;17:00:00;GO;60;182;ABADIA DE GOIAS;Avarias e/ou desgaste excessivo no pneu;Saída de leito carroçável;Sem Vítimas;Pleno dia;Crescente;Chuva;Dupla;Reta;Não;1;0;0;0;0;1;0;1;-16,78800456;-49,49924469;SPRF-GO;DEL01/GO;UOP02-DEL01-GO
758113;26/02/2026;quinta-feira;09:28:00;RJ;40;109;DUQUE DE CAXIAS;Manobra de mudança de faixa;Colisão lateral mesmo sentido;Sem Vítimas;Pleno dia;Crescente;Céu Claro;Múltipla;Reta;Sim;1;0;0;0;0;1;0;1;-22,67588086;-43,28653461;SPRF-RJ;DEL01/RJ;UOP02-DEL01-RJ
758114;13/03/2026;sexta-feira;17:45:00;SP;116;212;GUARULHOS;Avarias e/ou desgaste excessivo no pneu;Queda de ocupante de veículo;Com Vítimas Feridas;Anoitecer;Decrescente;Nublado;Dupla;"Reta;Aclive";Sim;1;0;1;0;1;0;0;1;-23,43655;-46,429614;SPRF-SP;DEL01/SP;UOP01-DEL01-SP
758115;13/03/2026;sexta-feira;16:30:00;SP;116;215;GUARULHOS;Trafegar com motocicleta (ou similar) entre as faixas;Colisão traseira;Com Vítimas Feridas;Pleno dia;Decrescente;Nublado;Múltipla;Reta;Não;2;0;1;0;1;1;0;2;-23,450615;-46,463086;SPRF-SP;DEL01/SP;UOP01-DEL01-SP
758116;09/03/2026;segunda-feira;19:00:00;RJ;116;210;SEROPEDICA;Ausência de reação do condutor;Queda de ocupante de veículo;Com Vítimas Feridas;Plena Noite;Decrescente;Nublado;Dupla;Reta;Não;1;0;1;0;1;0;0;1;-22,71651485;-43,71579807;SPRF-RJ;DEL06/RJ;UOP02-DEL06-RJ
758117;13/03/2026;sexta-feira;18:30:00;SC;101;46;JOINVILLE;Ausência de reação do condutor;Tombamento;Com Vítimas Feridas;Anoitecer;Decrescente;Céu Claro;Simples;Reta;Sim;2;0;2;0;2;0;0;1;-26,362;-48,858;SPRF-SC;DEL03/SC;UOP01-DEL03-SC
758118;13/03/2026;sexta-feira;18:00:00;PI;343;10;PARNAIBA;Pista esburacada;Queda de ocupante de veículo;Com Vítimas Feridas;Anoitecer;Decrescente;Chuva;Simples;Reta;Sim;1;0;1;0;1;0;0;1;-2,90299941;-41,74099446;SPRF-PI;DEL05-PI;UOP01-DEL05-PI
758119;06/03/2026;sexta-feira;07:00:00;PB;104;132,5;QUEIMADAS;Conversão proibida;Colisão traseira;Com Vítimas Feridas;Pleno dia;Decrescente;Céu Claro;Simples;Reta;Sim;2;0;0;1;1;1;0;2;-7,297273;-35,89152;SPRF-PB;DEL02-PB;UOP03-DEL02-PB
758120;13/03/2026;sexta-feira;18:00:00;AL;104;35,7;UNIAO DOS PALMARES;Acessar a via sem observar a presença dos outros veículos;Colisão transversal;Com Vítimas Feridas;Anoitecer;Crescente;Céu Claro;Simples;Interseção de Vias;Sim;2;0;1;0;1;1;0;2;-9,16653743;-36,0211858;SPRF-AL;DEL01-AL;UOP02-DEL01-AL
758121;13/03/2026;sexta-feira;18:15:00;MG;381;504;BETIM;Entrada inopinada do pedestre;Atropelamento de Pedestre;Com Vítimas Feridas;Plena Noite;Decrescente;Nublado;Dupla;"Reta;Aclive";Não;2;0;0;1;1;1;0;2;-20,03219761;-44,23869503;SPRF-MG;DEL01/MG;UOP03-DEL01-MG
758123;13/03/2026;sexta-feira;18:44:00;PB;230;41;SANTA RITA;Acessar a via sem observar a presença dos outros veículos;Colisão transversal;Com Vítimas Feridas;Plena Noite;Crescente;Céu Claro;Dupla;Retorno Regulamentado;Não;3;0;0;2;2;1;0;3;-7,142763;-34,989422;SPRF-PB;DEL01-PB;UOP02-DEL01-PB
758125;13/03/2026;sexta-feira;18:20:00;PI;343;342;TERESINA;Ausência de reação do condutor;Colisão traseira;Sem Vítimas;Anoitecer;Decrescente;Nublado;Dupla;Reta;Sim;7;0;0;0;0;7;0;2;-5,083422;-42,751885;SPRF-PI;DEL01-PI;UOP01-DEL01-PI
758129;13/03/2026;sexta-feira;18:35:00;PE;101;52;PAULISTA;Pedestre cruzava a pista fora da faixa;Atropelamento de Pedestre;Com Vítimas Feridas;Plena Noite;Decrescente;Céu Claro;Dupla;"Declive;Reta";Sim;2;0;1;1;2;0;0;2;-7,928315;-34,89819;SPRF-PE;DEL01/PE;UOP02-DEL01-PE
758130;13/03/2026;sexta-feira;19:20:00;SC;101;132;BALNEARIO CAMBORIU;Manobra de mudança de faixa;Colisão lateral mesmo sentido;Com Vítimas Feridas;Plena Noite;Crescente;Céu Claro;Dupla;Reta;Sim;2;0;1;0;1;1;0;2;-26,99705;-48,653946;SPRF-SC;DEL04/SC;UOP03-DEL04-SC
758131;13/03/2026;sexta-feira;19:00:00;MG;381;482;BETIM;Ausência de reação do condutor;Tombamento;Com Vítimas Feridas;Plena Noite;Crescente;Chuva;Múltipla;Reta;Sim;2;0;1;0;1;1;0;1;-19,95809626;-44,0766534;SPRF-MG;DEL01/MG;UOP03-DEL01-MG
758133;13/03/2026;sexta-feira;18:10:00;MG;365;601;UBERLANDIA;Ultrapassagem Indevida;Colisão lateral sentido oposto;Com Vítimas Feridas;Pleno dia;Crescente;Céu Claro;Simples;"Declive;Reta";Não;3;0;0;1;1;1;0;3;-18,890159;-48,121693;SPRF-MG;DEL15/MG;UOP01-DEL15-MG
758134;13/03/2026;sexta-feira;19:15:00;RJ;116;185;NOVA IGUACU;Acessar a via sem observar a presença dos outros veículos;Colisão traseira;Com Vítimas Feridas;Plena Noite;Crescente;Chuva;Múltipla;Reta;Não;2;0;1;0;1;1;0;2;-22,73983704;-43,46044991;SPRF-RJ;DEL06/RJ;UOP01-DEL06-RJ
758135;13/03/2026;sexta-feira;19:00:00;PR;277;4;PARANAGUA;Acessar a via sem observar a presença dos outros veículos;Colisão transversal;Com Vítimas Feridas;Plena Noite;Crescente;Céu Claro;Simples;Reta;Sim;2;0;1;0;1;1;0;2;-25,53588;-48,530775;SPRF-PR;DEL01/PR;UOP05-DEL01-PR
758137;13/03/2026;sexta-feira;19:00:00;PI;402;13;PARNAIBA;Ingestão de álcool pelo condutor;Queda de ocupante de veículo;Com Vítimas Feridas;Plena Noite;Crescente;Céu Claro;Simples;Reta;Não;1;0;0;1;1;0;0;1;-3,10025335;-41,78785801;SPRF-PI;DEL05-PI;UOP01-DEL05-PI
758138;13/03/2026;sexta-feira;19:25:00;ES;262;159,1;IBATIBA;Deficiência do Sistema de Iluminação/Sinalização;Colisão transversal;Com Vítimas Feridas;Plena Noite;Crescente;Nublado;Simples;Reta;Sim;2;0;0;1;1;1;0;2;-20,23463695;-41,50689483;SPRF-ES;DEL01-ES;UOP02-DEL01-ES
758139;13/03/2026;sexta-feira;19:35:00;RS;116;254,4;SAPUCAIA DO SUL;Reação tardia ou ineficiente do condutor;Colisão com objeto;Com Vítimas Feridas;Plena Noite;Crescente;Céu Claro;Múltipla;Reta;Sim;1;0;1;0;1;0;0;1;-29,827883;-51,173019;SPRF-RS;DEL01/RS;UOP02-DEL01-RS
758140;13/03/2026;sexta-feira;19:49:00;CE;116;19,2;EUSEBIO;Pedestre cruzava a pista fora da faixa;Atropelamento de Pedestre;Com Vítimas Feridas;Plena Noite;Decrescente;Céu Claro;Dupla;Reta;Sim;2;0;0;2;2;0;0;2;-3,914878;-38,506786;SPRF-CE;DEL01/CE;UOP02-DEL01-CE
758142;13/03/2026;sexta-feira;20:00:00;PR;277;37,4;MORRETES;Reação tardia ou ineficiente do condutor;Saída de leito carroçável;Com Vítimas Feridas;Plena Noite;Decrescente;Nublado;Dupla;"Declive;Curva";Não;1;0;1;0;1;0;0;1;-25,574589;-48,847757;SPRF-PR;DEL01/PR;UOP05-DEL01-PR
758147;13/03/2026;sexta-feira;19:00:00;BA;367;28;PORTO SEGURO;Ultrapassagem Indevida;Colisão transversal;Com Vítimas Feridas;Plena Noite;Crescente;Céu Claro;Simples;Interseção de Vias;Sim;3;0;2;1;3;0;0;2;-16,417294;-39,109873;SPRF-BA;DEL09/BA;UOP03-DEL09-BA
758148;13/03/2026;sexta-feira;19:40:00;MG;40;49,7;PARACATU;Ausência de reação do condutor;Colisão com objeto;Com Vítimas Feridas;Plena Noite;Decrescente;Chuva;Simples;Reta;Não;2;0;1;0;1;1;0;1;-17,238864;-46,805019;SPRF-MG;DEL14/MG;UOP01-DEL14-MG
758149;13/03/2026;sexta-feira;19:20:00;RS;116;140,3;CAXIAS DO SUL;Acesso irregular;Colisão frontal;Com Vítimas Feridas;Plena Noite;Decrescente;Céu Claro;Simples;Reta;Não;3;0;1;0;1;1;0;3;-29,10774;-51,11071;SPRF-RS;DEL05/RS;UOP01-DEL05-RS
758150;13/03/2026;sexta-feira;19:53:00;PE;232;8,5;RECIFE;Reação tardia ou ineficiente do condutor;Colisão traseira;Sem Vítimas;Plena Noite;Crescente;Céu Claro;Múltipla;Reta;Sim;2;0;0;0;0;2;0;2;-8,0769478;-34,9753858;SPRF-PE;DEL01/PE;UOP01-DEL01-PE
758151;13/03/2026;sexta-feira;20:15:00;SC;101;196,2;BIGUACU;Transitar na contramão;Colisão frontal;Com Vítimas Feridas;Plena Noite;Crescente;Garoa/Chuvisco;Múltipla;Reta;Não;2;0;0;1;1;1;0;2;-27,48689884;-48,64874254;SPRF-SC;DEL01/SC;UOP01-DEL01-SC
758152;13/03/2026;sexta-feira;19:20:00;SC;282;506,9;XANXERE;Acessar a via sem observar a presença dos outros veículos;Colisão transversal;Com Vítimas Feridas;Plena Noite;Crescente;Céu Claro;Simples;Reta;Sim;2;0;0;2;2;0;0;2;-26,88603308;-52,437174;SPRF-SC;DEL07/SC;UOP01-DEL07-SC
758153;13/03/2026;sexta-feira;20:45:00;SC;101;211,3;PALHOCA;Condutor deixou de manter distância do veículo da frente;Colisão traseira;Com Vítimas Feridas;Plena Noite;Decrescente;Céu Claro;Dupla;Reta;Sim;2;0;0;1;1;1;0;2;-27,62520925;-48,65395993;SPRF-SC;DEL01/SC;UOP02-DEL01-SC
758154;13/03/2026;sexta-feira;20:30:00;PR;277;722;FOZ DO IGUACU;Manobra de mudança de faixa;Colisão transversal;Com Vítimas Feridas;Plena Noite;Decrescente;Céu Claro;Dupla;Interseção de Vias;Sim;1;0;1;0;1;0;0;1;-25,491801;-54,512845;SPRF-PR;DEL05/PR;UOP03-DEL05-PR
758155;13/03/2026;sexta-feira;20:30:00;PR;277;3;PARANAGUA;Ausência de reação do condutor;Colisão com objeto;Com Vítimas Feridas;Plena Noite;Decrescente;Céu Claro;Simples;Reta;Sim;1;0;1;0;1;0;0;1;-25,535875;-48,530762;SPRF-PR;DEL01/PR;UOP05-DEL01-PR
758157;13/03/2026;sexta-feira;19:00:00;MG;40;377;FELIXLANDIA;Velocidade Incompatível;Colisão traseira;Com Vítimas Feridas;Plena Noite;Crescente;Céu Claro;Simples;Reta;Não;2;0;1;0;1;1;0;2;-18,7977071;-44,80434895;SPRF-MG;DEL02/MG;UOP01-DEL02-MG
758158;13/03/2026;sexta-feira;19:35:00;SP;116;107,5;TAUBATE;Condutor deixou de manter distância do veículo da frente;Engavetamento;Com Vítimas Feridas;Plena Noite;Crescente;Nublado;Dupla;"Declive;Reta";Sim;4;0;1;0;1;3;0;3;-23,02094901;-45,5344528;SPRF-SP;DEL02/SP;UOP02-DEL02-SP
758159;13/03/2026;sexta-feira;20:10:00;MG;262;390;PARA DE MINAS;Ausência de reação do condutor;Saída de leito carroçável;Sem Vítimas;Plena Noite;Decrescente;Garoa/Chuvisco;Dupla;Reta;Não;1;0;0;0;0;1;0;1;-19,90364018;-44,54206753;SPRF-MG;DEL01/MG;UOP03-DEL01-MG
758160;13/03/2026;sexta-feira;19:20:00;RS;116;302;GUAIBA;Ausência de reação do condutor;Atropelamento de Pedestre;Com Vítimas Feridas;Plena Noite;Crescente;Céu Claro;Dupla;"Reta;Retorno Regulamentado";Sim;2;0;0;1;1;0;0;2;-30,14244078;-51,36133645;SPRF-RS;DEL02/RS;UOP01-DEL02-RS
758161;13/03/2026;sexta-feira;19:10:00;GO;452;187;ITUMBIARA;Ausência de reação do condutor;Saída de leito carroçável;Sem Vítimas;Plena Noite;Crescente;Chuva;Simples;"Declive;Curva";Não;2;0;0;0;0;2;0;1;-18,397667;-49,298214;SPRF-GO;DEL03/GO;UOP02-DEL03-GO
758162;13/03/2026;sexta-feira;19:20:00;RO;364;436;JARU;Condutor deixou de manter distância do veículo da frente;Colisão traseira;Com Vítimas Feridas;Plena Noite;Crescente;Nublado;Simples;"Reta;Aclive";Não;2;0;1;0;1;1;0;2;-10,37353676;-62,55657546;SPRF-RO;DEL03-RO;UOP02-DEL03-RO
758163;13/03/2026;sexta-feira;18:16:00;RJ;101;487;ANGRA DOS REIS;Pedestre cruzava a pista fora da faixa;Atropelamento de Pedestre;Sem Vítimas;Plena Noite;Decrescente;Chuva;Simples;Reta;Sim;1;0;0;0;0;1;0;1;-22,95791913;-44,29859161;SPRF-RJ;DEL03/RJ;UOP03-DEL03-RJ
758164;13/03/2026;sexta-feira;19:30:00;MG;262;434,7;NOVA SERRANA;Condutor deixou de manter distância do veículo da frente;Colisão traseira;Com Vítimas Feridas;Plena Noite;Decrescente;Nublado;Dupla;Reta;Sim;2;0;1;0;1;1;0;2;-19,87694;-44,94495;SPRF-MG;DEL08/MG;UOP03-DEL08-MG
758165;13/03/2026;sexta-feira;21:15:00;PR;376;231;APUCARANA;Reação tardia ou ineficiente do condutor;Tombamento;Com Vítimas Feridas;Plena Noite;Crescente;Céu Claro;Dupla;Reta;Não;1;0;1;0;1;0;0;1;-23,566957;-51,520472;SPRF-PR;DEL07/PR;UOP03-DEL07-PR
758166;13/03/2026;sexta-feira;20:10:00;RJ;101;484,7;ANGRA DOS REIS;Condutor deixou de manter distância do veículo da frente;Colisão traseira;Com Vítimas Feridas;Plena Noite;Crescente;Chuva;Dupla;"Rotatória;Retorno Regulamentado";Sim;2;0;1;0;1;1;0;2;-22,98438309;-44,29652977;SPRF-RJ;DEL03/RJ;UOP03-DEL03-RJ
758167;13/03/2026;sexta-feira;19:15:00;GO;80;139;SANTA RITA DO NOVO DESTINO;Demais falhas mecânicas ou elétricas;Saída de leito carroçável;Sem Vítimas;Plena Noite;Crescente;Céu Claro;Simples;Reta;Não;1;0;0;0;0;1;0;1;-14,88208258;-48,98872375;SPRF-GO;DEL07/GO;UOP02-DEL07-GO
758169;13/03/2026;sexta-feira;17:22:00;RO;364;340,8;JI-PARANA;Condutor deixou de manter distância do veículo da frente;Colisão lateral mesmo sentido;Com Vítimas Feridas;Pleno dia;Crescente;Céu Claro;Dupla;Interseção de Vias;Não;1;0;1;0;1;0;0;1;-10,892559;-61,930616;SPRF-RO;DEL02-RO;UOP01-DEL02-RO
758170;13/03/2026;sexta-feira;21:30:00;SC;101;225;PALHOCA;Transtornos Mentais (exceto suicidio);Colisão com objeto;Com Vítimas Feridas;Plena Noite;Crescente;Céu Claro;Dupla;Reta;Sim;2;0;1;0;1;0;0;2;-27,74180155;-48,63833874;SPRF-SC;DEL01/SC;UOP02-DEL01-SC
758172;13/03/2026;sexta-feira;17:50:00;MT;174;1;PONTES E LACERDA;Ingestão de álcool pelo condutor;Colisão transversal;Com Vítimas Feridas;Anoitecer;Decrescente;Céu Claro;Simples;Reta;Sim;2;0;1;0;1;1;0;2;-15,24682168;-59,31983024;SPRF-MT;DEL03/MT;UOP01-DEL03-MT
758174;13/03/2026;sexta-feira;09:30:00;PR;476;269;SAO MATEUS DO SUL;Ultrapassagem Indevida;Colisão traseira;Com Vítimas Feridas;Pleno dia;Crescente;Sol;Simples;Curva;Não;3;0;1;0;1;2;0;3;-25,89905992;-50,32549202;SPRF-PR;DEL02/PR;UOP03-DEL02-PR
758177;13/03/2026;sexta-feira;20:30:00;BA;407;47,8;JUAZEIRO;Condutor Dormindo;Colisão frontal;Sem Vítimas;Plena Noite;Decrescente;Céu Claro;Simples;Reta;Não;2;0;0;0;0;2;0;2;-9,7980458;-40,32463074;SPRF-BA;DEL04/BA;UOP01-DEL04-BA
758178;13/03/2026;sexta-feira;21:50:00;PI;343;348;TERESINA;Ausência de reação do condutor;Colisão traseira;Com Vítimas Feridas;Plena Noite;Crescente;Nublado;Simples;Reta;Sim;2;0;1;0;1;1;0;2;-5,1177369;-42,7847985;SPRF-PI;DEL01-PI;UOP01-DEL01-PI
758179;13/03/2026;sexta-feira;21:00:00;PR;277;435,6;VIRMOND;Acessar a via sem observar a presença dos outros veículos;Colisão transversal;Com Vítimas Feridas;Plena Noite;Crescente;Nublado;Simples;Curva;Sim;4;0;2;1;3;1;0;2;-25,37846478;-52,21055802;SPRF-PR;DEL04/PR;UOP02-DEL04-PR
758181;13/03/2026;sexta-feira;20:30:00;MG;381;568,4;ITAGUARA;Ausência de reação do condutor;Saída de leito carroçável;Com Vítimas Feridas;Plena Noite;Crescente;Chuva;Dupla;Curva;Não;1;0;1;0;1;0;0;1;-20,4080954;-44,5252128;SPRF-MG;DEL04/MG;UOP03-DEL04-MG
758183;13/03/2026;sexta-feira;21:05:00;MT;163;750;SORRISO;Reação tardia ou ineficiente do condutor;Queda de ocupante de veículo;Com Vítimas Feridas;Plena Noite;Crescente;Nublado;Dupla;Reta;Sim;2;0;1;0;1;1;0;1;-12,570661;-55,72589;SPRF-MT;DEL06/MT;UOP01-DEL06-MT
758184;13/03/2026;sexta-feira;22:50:00;SC;116;55,6;PAPANDUVA;Acessar a via sem observar a presença dos outros veículos;Colisão transversal;Com Vítimas Feridas;Plena Noite;Decrescente;Nublado;Simples;Reta;Não;2;0;1;1;2;0;0;2;-26,391148;-50,180503;SPRF-SC;DEL06/SC;UOP02-DEL06-SC
758187;13/03/2026;sexta-feira;22:50:00;SP;381;20,4;BRAGANCA PAULISTA;Frear bruscamente;Capotamento;Com Vítimas Feridas;Plena Noite;Decrescente;Céu Claro;Dupla;Curva;Sim;1;0;1;0;1;0;0;1;-22,98357868;-46,50008708;SPRF-SP;DEL03/SP;UOP02-DEL03-SP
758189;14/03/2026;sábado;00:41:00;PR;373;271;PRUDENTOPOLIS;Reação tardia ou ineficiente do condutor;Saída de leito carroçável;Com Vítimas Feridas;Plena Noite;Crescente;Céu Claro;Simples;Reta;Não;3;0;3;0;3;0;0;1;-25,2302729;-51,0338818;SPRF-PR;DEL08/PR;UOP01-DEL08-PR
758191;13/03/2026;sexta-feira;09:30:00;BA;324;586;CANDEIAS;Manobra de mudança de faixa;Queda de ocupante de veículo;Com Vítimas Feridas;Pleno dia;Decrescente;Céu Claro;Dupla;Reta;Não;1;0;1;0;1;0;0;1;-12,67613517;-38,4685877;SPRF-BA;DEL01/BA;UOP01-DEL01-BA
758192;14/03/2026;sábado;01:20:00;SP;101;32,5;UBATUBA;Ausência de reação do condutor;Saída de leito carroçável;Com Vítimas Feridas;Plena Noite;Decrescente;Céu Claro;Simples;"Aclive;Curva";Não;1;0;1;0;1;0;0;1;-23,38979586;-44,98735841;SPRF-SP;DEL06/SP;UOP01-DEL06-SP
758194;13/03/2026;sexta-feira;23:40:00;RS;285;313,6;PASSO FUNDO;Ausência de reação do condutor;Saída de leito carroçável;Com Vítimas Fatais;Plena Noite;Decrescente;Céu Claro;Simples;Reta;Não;1;1;0;0;0;0;0;1;-28,2477;-52,574961;SPRF-RS;DEL08/RS;UOP03-DEL08-RS
758195;14/03/2026;sábado;01:30:00;RS;285;330,2;CARAZINHO;Ausência de reação do condutor;Saída de leito carroçável;Com Vítimas Feridas;Plena Noite;Crescente;Céu Claro;Simples;"Aclive;Reta";Não;2;0;2;0;2;0;0;1;-28,288184;-52,713482;SPRF-RS;DEL08/RS;UOP03-DEL08-RS
758196;14/03/2026;sábado;02:20:00;BA;116;23,1;VITORIA DA CONQUISTA;Transitar no Acostamento;Colisão traseira;Com Vítimas Feridas;Plena Noite;Crescente;Ignorado;Simples;Reta;Não;4;0;1;0;1;3;0;2;-14,87445983;-40,79964399;SPRF-BA;DEL08/BA;UOP01-DEL08-BA
758197;14/03/2026;sábado;02:50:00;MG;116;527,9;CARATINGA;Ingestão de álcool pelo condutor;Colisão com objeto;Com Vítimas Feridas;Plena Noite;Crescente;Chuva;Dupla;Reta;Sim;1;0;1;0;1;0;0;1;-19,7960885;-42,1377005;SPRF-MG;DEL06/MG;UOP02-DEL06-MG