id;data_inversa;dia_semana;horario;uf;br;km;municipio;causa_acidente;tipo_acidente;classificacao_acidente;fase_dia;sentido_via;condicao_metereologica;tipo_pista;tracado_via;uso_solo;pessoas;mortos;feridos_leves;feridos_graves;feridos;ilesos;ignorados;veiculos;latitude;longitude;regional;delegacia;uop
759064;18/03/2026;quarta-feira;01:27:00;SP;116;226;GUARULHOS;Pedestre andava na pista;Atropelamento de Pedestre;Com Vítimas Feridas;Plena Noite;Decrescente;Céu Claro;Múltipla;Reta;Sim;2;0;0;1;1;0;0;2;-23,49442125;-46,55405045;SPRF-SP;DEL01/SP;UOP01-DEL01-SP
759065;18/03/2026;quarta-feira;01:20:00;RS;285;472;CORONEL BARROS;Ingestão de álcool pelo condutor;Queda de ocupante de veículo;Com Vítimas Feridas;Plena Noite;Decrescente;Nublado;Simples;Reta;Não;1;0;1;0;1;0;0;1;-28,38367302;-54,03277572;SPRF-RS;DEL10/RS;UOP01-DEL10-RS
759066;18/03/2026;quarta-feira;01:30:00;RJ;116;183;NOVA IGUACU;Acessar a via sem observar a presença dos outros veículos;Queda de ocupante de veículo;Com Vítimas Feridas;Amanhecer;Decrescente;Céu Claro;Dupla;Reta;Não;3;0;2;0;2;1;0;2;-22,74642239;-43,4444046;SPRF-RJ;DEL06/RJ;UOP01-DEL06-RJ
759068;17/03/2026;terça-feira;20:30:00;MT;174;199;PORTO ESPERIDIAO;Ausência de sinalização;Colisão traseira;Com Vítimas Feridas;Pleno dia;Decrescente;Ignorado;Simples;Reta;Não;2;0;0;1;1;1;0;2;-15,714168;-58,700358;SPRF-MT;DEL03/MT;UOP01-DEL03-MT
759069;18/03/2026;quarta-feira;01:30:00;RS;285;200;LAGOA VERMELHA;Demais falhas mecânicas ou elétricas;Incêndio;Sem Vítimas;Plena Noite;Crescente;Nublado;Simples;"Declive;Reta";Não;4;0;0;0;0;4;0;1;-28,205649;-51,535032;SPRF-RS;DEL08/RS;UOP05-DEL08-RS
759070;18/03/2026;quarta-feira;01:30:00;MS;60;384,3;CAMPO GRANDE;Reação tardia ou ineficiente do condutor;Saída de leito carroçável;Com Vítimas Feridas;Plena Noite;Decrescente;Céu Claro;Simples;Reta;Não;2;0;0;1;1;0;0;1;-20,66460398;-54,75568414;SPRF-MS;DEL01/MS;UOP04-DEL01-MS
759071;18/03/2026;quarta-feira;04:40:00;SC;470;59,5;BLUMENAU;Conversão proibida;Colisão transversal;Com Vítimas Feridas;Plena Noite;Decrescente;Nublado;Simples;Reta;Sim;3;0;2;0;2;1;0;2;-26,88224887;-49,16008472;SPRF-SC;DEL04/SC;UOP01-DEL04-SC
759072;18/03/2026;quarta-feira;05:00:00;SC;282;15,5;PALHOCA;Acessar a via sem observar a presença dos outros veículos;Colisão transversal;Com Vítimas Feridas;Plena Noite;Crescente;Céu Claro;Simples;Interseção de Vias;Sim;2;0;1;0;1;1;0;2;-27,65564435;-48,67907731;SPRF-SC;DEL01/SC;UOP02-DEL01-SC
759073;18/03/2026;quarta-feira;05:20:00;BA;101;845;PRADO;Ausência de reação do condutor;Saída de leito carroçável;Com Vítimas Feridas;Amanhecer;Decrescente;Céu Claro;Simples;"Curva;Declive";Não;2;0;1;1;2;0;0;1;-17,2258;-39,619343;SPRF-BA;DEL09/BA;UOP02-DEL09-BA
759074;18/03/2026;quarta-feira;02:00:00;PA;230;119;MARABA;Condutor desrespeitou a iluminação vermelha do semáforo;Colisão transversal;Com Vítimas Feridas;Plena Noite;Crescente;Ignorado;Dupla;"Reta;Interseção de Vias";Sim;2;0;0;1;1;1;0;2;-5,350217;-49,102318;SPRF-PA;DEL03/PA;UOP01-DEL03-PA
759075;18/03/2026;quarta-feira;06:06:00;SP;116;220;GUARULHOS;Trafegar com motocicleta (ou similar) entre as faixas;Queda de ocupante de veículo;Com Vítimas Feridas;Pleno dia;Crescente;Céu Claro;Múltipla;Reta;Sim;2;0;1;0;1;1;0;2;-23,463889;-46,496791;SPRF-SP;DEL01/SP;UOP01-DEL01-SP
759076;18/03/2026;quarta-feira;05:00:00;PI;402;52;BOM PRINCIPIO DO PIAUI;Animais na Pista;Atropelamento de Animal;Com Vítimas Feridas;Amanhecer;Decrescente;Nublado;Simples;"Declive;Reta";Não;5;0;1;0;1;4;0;2;-3,02704085;-41,64539337;SPRF-PI;DEL05-PI;UOP01-DEL05-PI
759078;17/03/2026;terça-feira;19:45:00;RS;470;270;SAO JOSE DO SUL;Acessar a via sem observar a presença dos outros veículos;Colisão transversal;Com Vítimas Feridas;Pleno dia;Crescente;Chuva;Simples;Reta;Não;3;0;1;0;1;2;0;2;-29,52723368;-51,48636309;SPRF-RS;DEL06/RS;UOP01-DEL06-RS
759080;18/03/2026;quarta-feira;05:44:00;RO;364;239;CACOAL;Ingestão de álcool pelo condutor;Colisão traseira;Com Vítimas Feridas;Pleno dia;Crescente;Nublado;Simples;"Declive;Reta";Sim;6;0;3;0;3;3;0;2;-11,433207;-61,465805;SPRF-RO;DEL02-RO;UOP02-DEL02-RO
759081;18/03/2026;quarta-feira;00:05:00;PR;373;199;IPIRANGA;Ausência de reação do condutor;Saída de leito carroçável;Sem Vítimas;Pleno dia;Crescente;Ignorado;Simples;Reta;Não;1;0;0;0;0;1;0;1;-25,0848547;-50,4089575;SPRF-PR;DEL03/PR;UOP01-DEL03-PR
759082;10/03/2026;terça-feira;22:30:00;GO;153;505;APARECIDA DE GOIANIA;Pista esburacada;Queda de ocupante de veículo;Com Vítimas Feridas;Plena Noite;Crescente;Céu Claro;Dupla;Reta;Não;2;0;1;1;2;0;0;1;-16,75682682;-49,24101301;SPRF-GO;DEL01/GO;UOP01-DEL01-GO
759084;18/03/2026;quarta-feira;06:15:00;PB;230;20;JOAO PESSOA;Acessar a via sem observar a presença dos outros veículos;Colisão lateral mesmo sentido;Com Vítimas Feridas;Pleno dia;Crescente;Nublado;Dupla;Reta;Não;3;0;2;0;2;1;0;2;-7,137422;-34,853723;SPRF-PB;DEL01-PB;UOP01-DEL01-PB
759085;18/03/2026;quarta-feira;07:00:00;PE;101;68,2;RECIFE;Acessar a via sem observar a presença dos outros veículos;Colisão transversal;Com Vítimas Feridas;Pleno dia;Decrescente;Céu Claro;Dupla;Rotatória;Sim;2;0;1;0;1;1;0;2;-8,0524;-34,94534;SPRF-PE;DEL01/PE;UOP01-DEL01-PE
759088;18/03/2026;quarta-feira;05:05:00;RJ;40;110;DUQUE DE CAXIAS;Pedestre cruzava a pista fora da faixa;Atropelamento de Pedestre;Com Vítimas Feridas;Amanhecer;Crescente;Nublado;Dupla;"Aclive;Reta";Sim;2;0;1;0;1;1;0;2;-22,690623;-43,287304;SPRF-RJ;DEL01/RJ;UOP02-DEL01-RJ
759090;18/03/2026;quarta-feira;07:10:00;PR;277;686,3;SAO MIGUEL DO IGUACU;Chuva;Saída de leito carroçável;Com Vítimas Feridas;Pleno dia;Crescente;Chuva;Dupla;Curva;Não;3;0;2;0;2;1;0;1;-25,335784;-54,207279;SPRF-PR;DEL05/PR;UOP01-DEL05-PR
759092;18/03/2026;quarta-feira;05:15:00;RO;364;382,2;OURO PRETO DO OESTE;Condutor Dormindo;Saída de leito carroçável;Sem Vítimas;Plena Noite;Decrescente;Céu Claro;Simples;Curva;Não;1;0;0;0;0;1;0;1;-10,725564;-62,238222;SPRF-RO;DEL02-RO;UOP01-DEL02-RO
759093;17/03/2026;terça-feira;21:00:00;MG;381;186,9;PERIQUITO;Velocidade Incompatível;Saída de leito carroçável;Com Vítimas Feridas;Plena Noite;Decrescente;Nublado;Simples;Reta;Não;1;0;1;0;1;0;0;1;-19,07769299;-42,17960358;SPRF-MG;DEL06/MG;UOP01-DEL06-MG
759094;18/03/2026;quarta-feira;07:20:00;BA;324;609;SIMOES FILHO;Trafegar com motocicleta (ou similar) entre as faixas;Colisão lateral mesmo sentido;Com Vítimas Feridas;Pleno dia;Decrescente;Sol;Dupla;Reta;Não;3;0;1;0;1;2;0;3;-12,83728954;-38,41379855;SPRF-BA;DEL01/BA;UOP01-DEL01-BA
759097;18/03/2026;quarta-feira;08:30:00;SC;282;4;BIGUACU;Demais falhas mecânicas ou elétricas;Queda de ocupante de veículo;Com Vítimas Feridas;Pleno dia;Crescente;Nublado;Múltipla;"Declive;Reta";Sim;1;0;1;0;1;0;0;1;-27,47004266;-48,64126877;SPRF-SC;DEL01/SC;UOP01-DEL01-SC
759098;18/03/2026;quarta-feira;08:15:00;SC;101;210;SAO JOSE;Ausência de reação do condutor;Colisão traseira;Com Vítimas Feridas;Pleno dia;Decrescente;Céu Claro;Dupla;Reta;Sim;2;0;1;0;1;0;0;2;-27,61861;-48,64701;SPRF-SC;DEL01/SC;UOP01-DEL01-SC
759099;10/03/2026;terça-feira;17:50:00;RS;392;4,6;RIO GRANDE;Ultrapassagem Indevida;Colisão transversal;Com Vítimas Feridas;Pleno dia;Decrescente;Chuva;Simples;Reta;Não;2;0;1;0;1;1;0;2;-32,073995;-52,099325;SPRF-RS;DEL07/RS;UOP02-DEL07-RS
759101;18/03/2026;quarta-feira;07:50:00;RJ;116;279;BARRA MANSA;Velocidade Incompatível;Tombamento;Com Vítimas Feridas;Pleno dia;Crescente;Céu Claro;Dupla;"Declive;Curva";Não;2;0;1;0;1;1;0;2;-22,54969662;-44,18295194;SPRF-RJ;DEL07/RJ;UOP02-DEL07-RJ
759102;18/03/2026;quarta-feira;08:30:00;MG;40;512;RIBEIRAO DAS NEVES;Acesso irregular;Engavetamento;Com Vítimas Feridas;Pleno dia;Decrescente;Nublado;Dupla;Reta;Não;4;0;2;0;2;2;0;3;-19,7891011;-44,11280467;SPRF-MG;DEL01/MG;UOP02-DEL01-MG
759104;18/03/2026;quarta-feira;08:30:00;RJ;101;300;SAO GONCALO;Reação tardia ou ineficiente do condutor;Colisão com objeto;Com Vítimas Feridas;Pleno dia;Decrescente;Céu Claro;Dupla;"Reta;Declive";Sim;2;0;2;0;2;0;0;1;-22,77718152;-42,95098738;SPRF-RJ;DEL02/RJ;UOP02-DEL02-RJ
759106;18/03/2026;quarta-feira;09:10:00;SC;101;204;SAO JOSE;Trafegar com motocicleta (ou similar) entre as faixas;Colisão traseira;Com Vítimas Feridas;Pleno dia;Crescente;Céu Claro;Dupla;Reta;Sim;3;0;2;0;2;1;0;3;-27,57574;-48,61357;SPRF-SC;DEL01/SC;UOP01-DEL01-SC
759107;18/03/2026;quarta-feira;08:10:00;PR;116;94;SAO JOSE DOS PINHAIS;Estacionar ou parar em local proibido;Colisão lateral mesmo sentido;Sem Vítimas;Pleno dia;Decrescente;Nublado;Dupla;"Reta;Aclive";Não;2;0;0;0;0;2;0;2;-25,5232774;-49,13691966;SPRF-PR;DEL01/PR;UOP08-DEL01-PR
759108;18/03/2026;quarta-feira;07:30:00;PI;343;589;FLORIANO;Ausência de reação do condutor;Colisão traseira;Com Vítimas Feridas;Pleno dia;Crescente;Céu Claro;Dupla;Reta;Sim;2;0;1;0;1;1;0;2;-6,78285777;-43,01431453;SPRF-PI;DEL03-PI;UOP01-DEL03-PI
759110;18/03/2026;quarta-feira;07:20:00;PR;163;139;CAPITAO LEONIDAS MARQUES;Ausência de reação do condutor;Saída de leito carroçável;Sem Vítimas;Pleno dia;Crescente;Céu Claro;Simples;Curva;Não;1;0;0;0;0;0;1;1;-25,51022122;-53,59130859;SPRF-PR;DEL05/PR;UOP05-DEL05-PR
759111;18/03/2026;quarta-feira;07:15:00;PR;369;74;SANTA MARIANA;Demais falhas mecânicas ou elétricas;Tombamento;Com Vítimas Feridas;Amanhecer;Crescente;Nublado;Simples;Curva;Sim;1;0;1;0;1;0;0;1;-23,15145838;-50,52482486;SPRF-PR;DEL07/PR;UOP05-DEL07-PR
759113;17/03/2026;terça-feira;19:00:00;RJ;101;471;ANGRA DOS REIS;Reação tardia ou ineficiente do condutor;Tombamento;Com Vítimas Feridas;Plena Noite;Crescente;Nublado;Simples;Reta;Sim;1;0;1;0;1;0;0;1;-22,9959;-44,2293;SPRF-RJ;DEL03/RJ;UOP03-DEL03-RJ
759114;18/03/2026;quarta-feira;09:00:00;PE;232;126,7;CARUARU;Transitar na contramão;Colisão frontal;Com Vítimas Feridas;Pleno dia;Decrescente;Céu Claro;Dupla;"Curva;Aclive";Sim;2;0;0;2;2;0;0;2;-8,30566;-35,96705;SPRF-PE;DEL02/PE;UOP03-DEL02-PE
759117;17/01/2026;sábado;12:45:00;PR;116;115;CURITIBA;Trafegar com motocicleta (ou similar) entre as faixas;Colisão traseira;Com Vítimas Feridas;Pleno dia;Crescente;Céu Claro;Dupla;Reta;Não;2;0;0;1;1;1;0;2;-25,544358;-49,30227;SPRF-PR;DEL01/PR;UOP03-DEL01-PR
759118;18/03/2026;quarta-feira;08:00:00;RJ;40;111;DUQUE DE CAXIAS;Reação tardia ou ineficiente do condutor;Colisão lateral mesmo sentido;Com Vítimas Feridas;Pleno dia;Decrescente;Céu Claro;Múltipla;Reta;Sim;2;0;1;0;1;1;0;2;-22,69906406;-43,28948943;SPRF-RJ;DEL01/RJ;UOP02-DEL01-RJ
759119;18/03/2026;quarta-feira;09:30:00;MG;381;730;CARMO DA CACHOEIRA;Condutor deixou de manter distância do veículo da frente;Colisão traseira;Sem Vítimas;Pleno dia;Decrescente;Céu Claro;Dupla;Curva;Não;5;0;0;0;0;5;0;2;-21,508596;-45,215197;SPRF-MG;DEL16/MG;UOP02-DEL16-MG
759120;18/03/2026;quarta-feira;09:00:00;PB;230;53,3;CRUZ DO ESPIRITO SANTO;Ausência de reação do condutor;Saída de leito carroçável;Com Vítimas Feridas;Pleno dia;Decrescente;Sol;Dupla;Reta;Não;1;0;1;0;1;0;0;1;-7,200918;-35,083072;SPRF-PB;DEL01-PB;UOP02-DEL01-PB
759121;18/03/2026;quarta-feira;10:40:00;SC;280;35;ARAQUARI;Conversão proibida;Colisão transversal;Com Vítimas Feridas;Pleno dia;Crescente;Nublado;Simples;Curva;Sim;2;0;1;0;1;1;0;2;-26,440481;-48,807787;SPRF-SC;DEL03/SC;UOP03-DEL03-SC
759123;18/03/2026;quarta-feira;07:25:00;PB;361;3;PATOS;Ausência de reação do condutor;Atropelamento de Pedestre;Com Vítimas Feridas;Pleno dia;Crescente;Céu Claro;Simples;Reta;Não;2;0;0;1;1;1;0;2;-7,031103;-37,289697;SPRF-PB;DEL03-PB;UOP01-DEL03-PB
759124;18/03/2026;quarta-feira;11:00:00;PB;230;18,9;JOAO PESSOA;Ausência de reação do condutor;Tombamento;Com Vítimas Feridas;Pleno dia;Crescente;Céu Claro;Dupla;Curva;Sim;1;0;1;0;1;0;0;1;-7,12710172;-34,84517947;SPRF-PB;DEL01-PB;UOP01-DEL01-PB
759125;10/02/2026;terça-feira;14:56:00;PA;163;407;ITAITUBA;Reação tardia ou ineficiente do condutor;Saída de leito carroçável;Sem Vítimas;Pleno dia;Crescente;Nublado;Simples;Reta;Não;2;0;0;0;0;0;1;1;-6,246321;-55,618915;SPRF-PA;DEL05/PA;UOP03-DEL05-PA
759126;18/03/2026;quarta-feira;07:00:00;GO;70;474;ARAGARCAS;Reação tardia ou ineficiente do condutor;Tombamento;Com Vítimas Feridas;Amanhecer;Decrescente;Chuva;Dupla;Reta;Não;1;0;0;1;1;0;0;1;-15,89662384;-52,24200481;SPRF-GO;DEL04/GO;UOP02-DEL04-GO
759128;18/03/2026;quarta-feira;11:00:00;GO;40;2;VALPARAISO DE GOIAS;Acessar a via sem observar a presença dos outros veículos;Colisão lateral mesmo sentido;Sem Vítimas;Pleno dia;Crescente;Chuva;Dupla;"Reta;Retorno Regulamentado";Sim;2;0;0;0;0;2;0;2;-16,074585;-47,985445;SPRF-DF;DEL01-DF;UOP01-DEL01-DF
759129;18/03/2026;quarta-feira;11:20:00;BA;101;718;EUNAPOLIS;Ultrapassagem Indevida;Colisão lateral mesmo sentido;Com Vítimas Feridas;Pleno dia;Crescente;Céu Claro;Múltipla;Reta;Não;2;0;0;1;1;1;0;2;-16,37415416;-39,5814464;SPRF-BA;DEL09/BA;UOP01-DEL09-BA
759133;18/03/2026;quarta-feira;11:40:00;SC;101;205;SAO JOSE;Reação tardia ou ineficiente do condutor;Queda de ocupante de veículo;Com Vítimas Feridas;Pleno dia;Crescente;Nublado;Dupla;"Viaduto;Curva";Sim;1;0;1;0;1;0;0;1;-27,58479481;-48,61793367;SPRF-SC;DEL01/SC;UOP01-DEL01-SC
759138;18/03/2026;quarta-feira;11:05:00;BA;367;26;PORTO SEGURO;Acesso irregular;Colisão transversal;Com Vítimas Feridas;Pleno dia;Decrescente;Céu Claro;Simples;Reta;Sim;3;0;1;0;1;1;0;3;-16,42617992;-39,09877036;SPRF-BA;DEL09/BA;UOP03-DEL09-BA
759139;18/03/2026;quarta-feira;11:40:00;MG;116;776,4;LEOPOLDINA;Ausência de reação do condutor;Saída de leito carroçável;Com Vítimas Feridas;Pleno dia;Decrescente;Céu Claro;Simples;"Aclive;Curva";Não;1;0;1;0;1;0;0;1;-21,60061961;-42,69699097;SPRF-MG;DEL07/MG;UOP01-DEL07-MG
759142;18/03/2026;quarta-feira;12:00:00;SC;280;4,2;SAO FRANCISCO DO SUL;Reação tardia ou ineficiente do condutor;Colisão traseira;Com Vítimas Feridas;Pleno dia;Decrescente;Nublado;Simples;Reta;Sim;2;0;0;1;1;1;0;2;-26,2552536;-48,6204365;SPRF-SC;DEL03/SC;UOP03-DEL03-SC
759143;18/03/2026;quarta-feira;12:30:00;ES;101;242;SERRA;Condutor deixou de manter distância do veículo da frente;Colisão traseira;Com Vítimas Feridas;Pleno dia;Crescente;Nublado;Dupla;Reta;Não;2;0;1;0;1;1;0;2;-20,03534333;-40,39450667;SPRF-ES;DEL02-ES;UOP01-DEL02-ES
759144;18/03/2026;quarta-feira;12:00:00;RJ;40;111;DUQUE DE CAXIAS;Demais falhas mecânicas ou elétricas;Colisão traseira;Sem Vítimas;Pleno dia;Decrescente;Céu Claro;Dupla;Reta;Não;2;0;0;0;0;2;0;2;-22,69329364;-43,28673363;SPRF-RJ;DEL01/RJ;UOP02-DEL01-RJ
759145;18/03/2026;quarta-feira;13:00:00;RN;110;45,7;MOSSORO;Acessar a via sem observar a presença dos outros veículos;Colisão lateral mesmo sentido;Com Vítimas Feridas;Pleno dia;Crescente;Nublado;Simples;Reta;Sim;2;0;1;0;1;1;0;2;-5,19662;-37,31666;SPRF-RN;DEL04-RN;UOP01-DEL04-RN
759146;16/02/2026;segunda-feira;14:48:00;PB;101;36,8;MAMANGUAPE;Reação tardia ou ineficiente do condutor;Colisão com objeto;Sem Vítimas;Pleno dia;Crescente;Céu Claro;Dupla;Reta;Não;1;0;0;0;0;0;1;1;-6,81012;-35,139866;SPRF-PB;DEL01-PB;UOP03-DEL01-PB
759147;18/03/2026;quarta-feira;11:55:00;GO;153;634;MORRINHOS;Velocidade Incompatível;Colisão traseira;Com Vítimas Feridas;Pleno dia;Decrescente;Céu Claro;Dupla;Reta;Não;3;0;0;3;3;0;0;2;-17,819491;-49,211558;SPRF-GO;DEL03/GO;UOP01-DEL03-GO
759149;18/03/2026;quarta-feira;13:00:00;BA;116;921;ENCRUZILHADA;Acostamento em desnível;Tombamento;Com Vítimas Feridas;Pleno dia;Decrescente;Céu Claro;Simples;Curva;Não;1;0;1;0;1;0;0;1;-15,610472;-41,287741;SPRF-BA;DEL08/BA;UOP03-DEL08-BA
759150;18/03/2026;quarta-feira;11:10:00;RO;364;421,1;JARU;Transitar no Acostamento;Colisão transversal;Com Vítimas Feridas;Pleno dia;Crescente;Nublado;Simples;Reta;Sim;4;0;1;0;1;3;0;2;-10,46531644;-62,45219453;SPRF-RO;DEL03-RO;UOP02-DEL03-RO
759152;18/03/2026;quarta-feira;12:30:00;BA;116;749;POCOES;Velocidade Incompatível;Queda de ocupante de veículo;Com Vítimas Fatais;Pleno dia;Crescente;Céu Claro;Simples;Declive;Não;2;1;0;0;0;1;0;2;-14,463154;-40,34432;SPRF-BA;DEL08/BA;UOP02-DEL08-BA
759153;18/03/2026;quarta-feira;13:25:00;SC;101;335,3;TUBARAO;Desrespeitar a preferência no cruzamento;Colisão transversal;Com Vítimas Feridas;Pleno dia;Decrescente;Céu Claro;Dupla;Rotatória;Sim;2;0;1;0;1;1;0;2;-28,4767;-49,0297;SPRF-SC;DEL02/SC;UOP01-DEL02-SC
759154;18/03/2026;quarta-feira;14:15:00;MG;381;369;SAO GONCALO DO RIO ABAIXO;Velocidade Incompatível;Saída de leito carroçável;Sem Vítimas;Pleno dia;Crescente;Chuva;Simples;Curva;Não;1;0;0;0;0;1;0;1;-19,8367333;-43,33634946;SPRF-MG;DEL03/MG;UOP01-DEL03-MG
759155;18/03/2026;quarta-feira;13:40:00;RN;101;122,4;SAO JOSE DE MIPIBU;Pedestre andava na pista;Atropelamento de Pedestre;Com Vítimas Feridas;Pleno dia;Crescente;Sol;Múltipla;Reta;Não;4;0;0;1;1;1;0;2;-6,051957;-35,243802;SPRF-RN;DEL01-RN;UOP01-DEL01-RN
759156;18/03/2026;quarta-feira;12:00:00;RJ;116;310;RESENDE;Avarias e/ou desgaste excessivo no pneu;Tombamento;Com Vítimas Feridas;Pleno dia;Crescente;Céu Claro;Múltipla;Reta;Sim;1;0;1;0;1;0;0;1;-22,45906396;-44,43669152;SPRF-RJ;DEL07/RJ;UOP02-DEL07-RJ
759157;18/03/2026;quarta-feira;13:55:00;BA;324;514;FEIRA DE SANTANA;Condutor deixou de manter distância do veículo da frente;Colisão lateral mesmo sentido;Com Vítimas Feridas;Pleno dia;Crescente;Sol;Simples;Rotatória;Sim;3;0;1;1;2;1;0;2;-12,23304489;-38,94882774;SPRF-BA;DEL02/BA;UOP01-DEL02-BA
759159;18/03/2026;quarta-feira;11:00:00;MG;40;205;JOAO PINHEIRO;Ultrapassagem Indevida;Saída de leito carroçável;Sem Vítimas;Pleno dia;Crescente;Nublado;Simples;Aclive;Não;2;0;0;0;0;1;0;2;-17,992703;-45,771889;SPRF-MG;DEL14/MG;UOP02-DEL14-MG
759162;10/03/2026;terça-feira;17:37:00;RJ;40;109;DUQUE DE CAXIAS;Manobra de mudança de faixa;Colisão lateral mesmo sentido;Com Vítimas Feridas;Pleno dia;Decrescente;Céu Claro;Dupla;Reta;Sim;2;0;0;1;1;1;0;2;-22,6842164;-43,2851838;SPRF-RJ;DEL01/RJ;UOP02-DEL01-RJ
759165;18/03/2026;quarta-feira;12:48:00;AC;307;189;CRUZEIRO DO SUL;Ausência de reação do condutor;Colisão traseira;Com Vítimas Feridas;Pleno dia;Crescente;Sol;Dupla;Reta;Sim;3;0;1;0;1;2;0;2;-7,6442658;-72,6627253;SPRF-AC;DEL01-AC;UOP03-DEL01-AC
759166;18/03/2026;quarta-feira;12:00:00;PR;153;42,6;SANTO ANTONIO DA PLATINA;Acessar a via sem observar a presença dos outros veículos;Colisão transversal;Com Vítimas Feridas;Pleno dia;Decrescente;Céu Claro;Simples;"Reta;Interseção de Vias";Sim;3;0;2;0;2;1;0;2;-23,30159027;-50,07027475;SPRF-PR;DEL07/PR;UOP04-DEL07-PR
759170;18/03/2026;quarta-feira;13:30:00;SC;163;3,4;DIONISIO CERQUEIRA;Condutor deixou de manter distância do veículo da frente;Colisão traseira;Com Vítimas Feridas;Pleno dia;Crescente;Nublado;Simples;"Declive;Curva";Sim;2;0;2;0;2;0;0;2;-26,26840342;-53,63630533;SPRF-SC;DEL07/SC;UOP03-DEL07-SC
759171;27/02/2026;sexta-feira;06:10:00;RS;392;338;SANTA MARIA;Demais falhas mecânicas ou elétricas;Colisão lateral sentido oposto;Com Vítimas Feridas;Amanhecer;Decrescente;Céu Claro;Simples;Reta;Não;3;0;1;0;1;2;0;2;-29,83463009;-53,7600886;SPRF-RS;DEL09/RS;UOP01-DEL09-RS
759172;14/02/2026;sábado;22:38:00;MA;316;582;TIMON;Reação tardia ou ineficiente do condutor;Colisão transversal;Com Vítimas Fatais;Plena Noite;Decrescente;Chuva;Simples;Reta;Não;4;1;2;0;2;1;0;3;-4,975742;-43;SPRF-MA;DEL03-MA;UOP02-DEL03-MA
759174;18/03/2026;quarta-feira;16:10:00;DF;40;5,4;BRASILIA;Ingestão de álcool pelo condutor;Atropelamento de Pedestre;Com Vítimas Feridas;Pleno dia;Crescente;Céu Claro;Dupla;Reta;Não;3;0;1;0;1;1;0;2;-16,02384809;-47,97991912;SPRF-DF;DEL01-DF;UOP01-DEL01-DF
759175;18/03/2026;quarta-feira;16:00:00;RJ;116;172;SAO JOAO DE MERITI;Demais falhas na via;Colisão com objeto;Com Vítimas Feridas;Pleno dia;Crescente;Sol;Múltipla;Reta;Não;1;0;1;0;1;0;0;1;-22,8026104;-43,3502186;SPRF-RJ;DEL06/RJ;UOP01-DEL06-RJ
759178;18/03/2026;quarta-feira;16:10:00;RJ;40;102;DUQUE DE CAXIAS;Acessar a via sem observar a presença dos outros veículos;Colisão traseira;Com Vítimas Feridas;Pleno dia;Crescente;Céu Claro;Simples;Reta;Não;3;0;1;0;1;2;0;2;-22,60466122;-43,28467369;SPRF-RJ;DEL01/RJ;UOP02-DEL01-RJ
759179;18/03/2026;quarta-feira;11:30:00;GO;70;433;ARAGARCAS;Chuva;Saída de leito carroçável;Com Vítimas Feridas;Pleno dia;Decrescente;Chuva;Simples;"Declive;Curva";Não;1;0;1;0;1;0;0;1;-15,885892;-51,87707;SPRF-GO;DEL04/GO;UOP02-DEL04-GO
759181;14/02/2026;sábado;10:41:00;PA;163;310;NOVO PROGRESSO;Ultrapassagem Indevida;Colisão lateral mesmo sentido;Com Vítimas Feridas;Pleno dia;Decrescente;Ignorado;Simples;Reta;Sim;2;0;1;0;1;1;0;2;-7,14463;-55,3786;SPRF-PA;DEL05/PA;UOP03-DEL05-PA
759182;18/03/2026;quarta-feira;16:40:00;SC;101;206;SAO JOSE;Reação tardia ou ineficiente do condutor;Colisão lateral mesmo sentido;Com Vítimas Feridas;Pleno dia;Crescente;Céu Claro;Múltipla;Reta;Sim;3;0;2;0;2;0;0;2;-27,59215041;-48,6182785;SPRF-SC;DEL01/SC;UOP01-DEL01-SC
759188;18/03/2026;quarta-feira;16:57:00;SP;153;216,5;MARILIA;Manobra de mudança de faixa;Colisão frontal;Com Vítimas Fatais;Pleno dia;Crescente;Nublado;Simples;Declive;Não;3;2;0;1;1;0;0;2;-21,962529;-49,921575;SPRF-SP;DEL07/SP;UOP02-DEL07-SP
759191;18/03/2026;quarta-feira;16:00:00;SC;116;53,9;PAPANDUVA;Acessar a via sem observar a presença dos outros veículos;Colisão transversal;Sem Vítimas;Pleno dia;Decrescente;Céu Claro;Simples;Rotatória;Não;2;0;0;0;0;2;0;2;-26,3951;-50,1629;SPRF-SC;DEL06/SC;UOP02-DEL06-SC
759192;18/03/2026;quarta-feira;17:15:00;RJ;101;491;ANGRA DOS REIS;Acessar a via sem observar a presença dos outros veículos;Colisão transversal;Com Vítimas Feridas;Pleno dia;Decrescente;Céu Claro;Simples;Curva;Não;2;0;1;0;1;1;0;2;-22,95456;-44,31866;SPRF-RJ;DEL03/RJ;UOP03-DEL03-RJ
759193;18/03/2026;quarta-feira;17:20:00;RS;285;271,5;MATO CASTELHANO;Condutor deixou de manter distância do veículo da frente;Colisão traseira;Com Vítimas Feridas;Pleno dia;Decrescente;Céu Claro;Simples;"Interseção de Vias;Reta";Sim;6;0;3;0;3;3;0;3;-28,27945376;-52,18462793;SPRF-RS;DEL08/RS;UOP03-DEL08-RS