id;data_inversa;dia_semana;horario;uf;br;km;municipio;causa_acidente;tipo_acidente;classificacao_acidente;fase_dia;sentido_via;condicao_metereologica;tipo_pista;tracado_via;uso_solo;pessoas;mortos;feridos_leves;feridos_graves;feridos;ilesos;ignorados;veiculos;latitude;longitude;regional;delegacia;uop
759194;18/03/2026;quarta-feira;16:30:00;SP;101;50;UBATUBA;Trafegar com motocicleta (ou similar) entre as faixas;Tombamento;Com Vítimas Feridas;Pleno dia;Decrescente;Céu Claro;Simples;Interseção de Vias;Sim;2;0;1;0;1;1;0;2;-23,44887;-45,078823;SPRF-SP;DEL06/SP;UOP01-DEL06-SP
759197;18/03/2026;quarta-feira;11:20:00;PR;376;527;PALMEIRA;Reação tardia ou ineficiente do condutor;Saída de leito carroçável;Com Vítimas Feridas;Pleno dia;Decrescente;Céu Claro;Dupla;Reta;Não;2;0;2;0;2;0;0;1;-25,32245;-49,86847758;SPRF-PR;DEL03/PR;UOP03-DEL03-PR
759198;18/03/2026;quarta-feira;18:00:00;ES;101;145;LINHARES;Reação tardia ou ineficiente do condutor;Colisão traseira;Com Vítimas Feridas;Plena Noite;Crescente;Céu Claro;Simples;Reta;Sim;4;0;1;0;1;3;0;2;-19,36671;-40,065585;SPRF-ES;DEL04-ES;UOP01-DEL04-ES
759202;18/03/2026;quarta-feira;17:44:00;RS;392;351;SANTA MARIA;Desrespeitar a preferência no cruzamento;Colisão transversal;Com Vítimas Feridas;Pleno dia;Crescente;Céu Claro;Dupla;"Rotatória;Interseção de Vias";Sim;2;0;1;0;1;1;0;2;-29,72834147;-53,80329816;SPRF-RS;DEL09/RS;UOP01-DEL09-RS
759203;11/03/2026;quarta-feira;18:30:00;RN;101;83;SAO GONCALO DO AMARANTE;Ausência de reação do condutor;Colisão traseira;Com Vítimas Feridas;Plena Noite;Crescente;Céu Claro;Dupla;Rotatória;Sim;3;0;2;0;2;1;0;2;-5,749879;-35,326247;SPRF-RN;DEL02-RN;UOP01-DEL02-RN
759205;18/03/2026;quarta-feira;18:40:00;RN;101;102;PARNAMIRIM;Ausência de reação do condutor;Colisão transversal;Com Vítimas Feridas;Plena Noite;Decrescente;Ignorado;Múltipla;Reta;Sim;4;0;2;0;2;2;0;4;-5,8878361;-35,2387167;SPRF-RN;DEL01-RN;UOP01-DEL01-RN
759206;18/03/2026;quarta-feira;18:30:00;CE;116;15;FORTALEZA;Ausência de reação do condutor;Colisão traseira;Com Vítimas Feridas;Plena Noite;Decrescente;Céu Claro;Dupla;Reta;Sim;2;0;0;1;1;1;0;2;-3,88371561;-38,50116165;SPRF-CE;DEL01/CE;UOP02-DEL01-CE
759208;14/03/2026;sábado;19:30:00;RS;386;412;TRIUNFO;Acessar a via sem observar a presença dos outros veículos;Colisão transversal;Com Vítimas Feridas;Plena Noite;Crescente;Céu Claro;Simples;"Reta;Interseção de Vias";Sim;2;0;1;0;1;0;0;2;-29,80941772;-51,49815413;SPRF-RS;DEL04/RS;UOP02-DEL04-RS
759210;18/03/2026;quarta-feira;17:10:00;PE;423;91,1;GARANHUNS;Conversão proibida;Colisão transversal;Com Vítimas Feridas;Anoitecer;Crescente;Céu Claro;Simples;Reta;Não;3;0;0;2;2;1;0;2;-8,85337;-36,46267;SPRF-PE;DEL03/PE;UOP01-DEL03-PE
759211;18/03/2026;quarta-feira;17:20:00;RO;364;429;JARU;Ausência de reação do condutor;Colisão traseira;Com Vítimas Feridas;Pleno dia;Decrescente;Céu Claro;Simples;Declive;Não;3;0;0;1;1;2;0;2;-10,416607;-62,502308;SPRF-RO;DEL03-RO;UOP02-DEL03-RO
759213;18/03/2026;quarta-feira;18:35:00;PR;277;0,4;PARANAGUA;Desrespeitar a preferência no cruzamento;Colisão transversal;Com Vítimas Feridas;Anoitecer;Crescente;Nublado;Simples;"Interseção de Vias;Reta";Sim;2;0;1;0;1;1;0;2;-25,518614;-48,542016;SPRF-PR;DEL01/PR;UOP05-DEL01-PR
759216;18/03/2026;quarta-feira;19:15:00;MG;381;487;BETIM;Trafegar com motocicleta (ou similar) entre as faixas;Colisão traseira;Com Vítimas Feridas;Plena Noite;Crescente;Céu Claro;Múltipla;"Declive;Curva";Sim;3;0;0;1;1;2;0;3;-19,95705;-44,12114;SPRF-MG;DEL01/MG;UOP03-DEL01-MG
759217;18/03/2026;quarta-feira;18:00:00;MA;230;1;BARAO DE GRAJAU;Ausência de reação do condutor;Colisão traseira;Com Vítimas Feridas;Anoitecer;Decrescente;Ignorado;Simples;Reta;Sim;2;0;1;0;1;0;0;2;-6,75546;-43,022;SPRF-PI;DEL03-PI;UOP01-DEL03-PI
759218;18/03/2026;quarta-feira;18:00:00;RN;101;83,4;SAO GONCALO DO AMARANTE;Condutor deixou de manter distância do veículo da frente;Colisão traseira;Com Vítimas Feridas;Anoitecer;Decrescente;Nublado;Dupla;Reta;Sim;3;0;1;0;1;2;0;2;-5,772446;-35,262754;SPRF-RN;DEL02-RN;UOP01-DEL02-RN
759219;18/03/2026;quarta-feira;08:05:00;BA;235;350;JUAZEIRO;Manobra de mudança de faixa;Colisão lateral mesmo sentido;Com Vítimas Feridas;Pleno dia;Crescente;Céu Claro;Simples;"Curva;Em Obras";Sim;2;0;1;0;1;1;0;2;-9,43253;-40,502573;SPRF-PE;DEL06/PE;UOP01-DEL06-PE
759220;18/03/2026;quarta-feira;18:56:00;TO;235;163;PEDRO AFONSO;Acessar a via sem observar a presença dos outros veículos;Colisão transversal;Com Vítimas Feridas;Plena Noite;Decrescente;Céu Claro;Simples;"Reta;Interseção de Vias";Não;2;0;2;0;2;0;0;2;-8,994927;-48,17347;SPRF-TO;DEL02-TO;UOP02-DEL02-TO
759221;18/03/2026;quarta-feira;18:40:00;PE;232;7;RECIFE;Manobra de mudança de faixa;Colisão lateral mesmo sentido;Com Vítimas Feridas;Plena Noite;Crescente;Céu Claro;Múltipla;"Retorno Regulamentado;Reta";Sim;3;0;2;0;2;1;0;2;-8,07465615;-34,9662952;SPRF-PE;DEL01/PE;UOP01-DEL01-PE
759222;18/03/2026;quarta-feira;17:30:00;BA;101;262;SANTO ANTONIO DE JESUS;Acessar a via sem observar a presença dos outros veículos;Colisão transversal;Com Vítimas Feridas;Pleno dia;Crescente;Céu Claro;Simples;"Reta;Interseção de Vias";Sim;2;0;1;0;1;1;0;2;-12,97553109;-39,27589482;SPRF-BA;DEL11/BA;UOP01-DEL11-BA
759225;18/03/2026;quarta-feira;18:51:00;MG;40;454,2;CAETANOPOLIS;Acessar a via sem observar a presença dos outros veículos;Atropelamento de Pedestre;Com Vítimas Fatais;Plena Noite;Decrescente;Céu Claro;Dupla;Reta;Sim;6;1;0;0;0;5;0;3;-19,38576371;-44,33603022;SPRF-MG;DEL02/MG;UOP01-DEL02-MG
759226;18/03/2026;quarta-feira;19:10:00;SP;116;149;SAO JOSE DOS CAMPOS;Ausência de reação do condutor;Colisão lateral mesmo sentido;Com Vítimas Feridas;Plena Noite;Decrescente;Céu Claro;Dupla;"Em Obras;Reta";Sim;2;0;0;1;1;1;0;2;-23,20798159;-45,88714566;SPRF-SP;DEL02/SP;UOP01-DEL02-SP
759227;18/03/2026;quarta-feira;19:30:00;SC;470;57,6;BLUMENAU;Acessar a via sem observar a presença dos outros veículos;Colisão lateral mesmo sentido;Com Vítimas Feridas;Plena Noite;Crescente;Céu Claro;Múltipla;Rotatória;Sim;2;0;0;1;1;1;0;2;-26,8826;-49,14199;SPRF-SC;DEL04/SC;UOP01-DEL04-SC
759229;18/03/2026;quarta-feira;18:10:00;MT;163;1067;GUARANTA DO NORTE;Acessar a via sem observar a presença dos outros veículos;Atropelamento de Pedestre;Com Vítimas Feridas;Plena Noite;Crescente;Céu Claro;Simples;Reta;Não;2;0;0;1;1;1;0;2;-9,93070909;-54,90433216;SPRF-MT;DEL06/MT;UOP03-DEL06-MT
759230;08/03/2026;domingo;12:00:00;GO;40;12;LUZIANIA;Acessar a via sem observar a presença dos outros veículos;Colisão traseira;Com Vítimas Feridas;Pleno dia;Decrescente;Chuva;Dupla;Reta;Sim;5;0;2;0;2;3;0;2;-16,15390879;-47,93948114;SPRF-DF;DEL01-DF;UOP01-DEL01-DF
759231;18/03/2026;quarta-feira;16:30:00;MG;381;238;SANTANA DO PARAISO;Acumulo de areia ou detritos sobre o pavimento;Queda de ocupante de veículo;Com Vítimas Feridas;Anoitecer;Decrescente;Ignorado;Simples;Reta;Não;2;0;1;1;2;0;0;1;-19,421072;-42,494511;SPRF-MG;DEL06/MG;UOP01-DEL06-MG
759232;18/03/2026;quarta-feira;19:13:00;BA;367;29;PORTO SEGURO;Acessar a via sem observar a presença dos outros veículos;Colisão transversal;Com Vítimas Feridas;Plena Noite;Decrescente;Ignorado;Simples;"Interseção de Vias;Curva";Não;3;0;1;1;2;1;0;2;-16,4155579;-39,1196447;SPRF-BA;DEL09/BA;UOP03-DEL09-BA
759236;18/03/2026;quarta-feira;17:30:00;PB;104;143,7;QUEIMADAS;Reação tardia ou ineficiente do condutor;Colisão frontal;Com Vítimas Fatais;Anoitecer;Crescente;Céu Claro;Simples;Reta;Não;3;1;1;0;1;1;0;2;-7,40477903;-35,89667929;SPRF-PB;DEL02-PB;UOP03-DEL02-PB
759238;18/03/2026;quarta-feira;19:00:00;RN;226;366;ANTONIO MARTINS;Retorno proibido;Colisão transversal;Com Vítimas Feridas;Plena Noite;Decrescente;Nublado;Simples;Declive;Não;4;0;1;0;1;3;0;2;-6,19301387;-37,85862923;SPRF-RN;DEL04-RN;UOP01-DEL04-RN
759240;18/03/2026;quarta-feira;18:40:00;MG;356;287,9;PATROCINIO DO MURIAE;Conversão proibida;Colisão transversal;Com Vítimas Feridas;Plena Noite;Crescente;Nublado;Simples;Reta;Não;3;0;3;0;3;0;0;2;-21,1359454;-42,1838522;SPRF-MG;DEL07/MG;UOP02-DEL07-MG
759242;18/03/2026;quarta-feira;19:40:00;RS;101;6,1;TORRES;Conversão proibida;Colisão transversal;Com Vítimas Feridas;Plena Noite;Crescente;Garoa/Chuvisco;Simples;Reta;Sim;2;0;0;1;1;1;0;2;-29,347942;-49,793157;SPRF-RS;DEL03/RS;UOP02-DEL03-RS
759246;18/03/2026;quarta-feira;20:35:00;PR;376;625;SAO JOSE DOS PINHAIS;Reação tardia ou ineficiente do condutor;Saída de leito carroçável;Com Vítimas Feridas;Plena Noite;Crescente;Nublado;Dupla;Reta;Não;1;0;1;0;1;0;0;1;-25,660373;-49,154881;SPRF-PR;DEL01/PR;UOP04-DEL01-PR
759247;18/03/2026;quarta-feira;21:50:00;PR;116;103,7;SAO JOSE DOS PINHAIS;Demais falhas mecânicas ou elétricas;Incêndio;Sem Vítimas;Plena Noite;Crescente;Nublado;Dupla;Reta;Sim;2;0;0;0;0;2;0;1;-25,571537;-49,19781;SPRF-PR;DEL01/PR;UOP08-DEL01-PR
759249;18/03/2026;quarta-feira;22:30:00;PE;232;59;POMBOS;Transitar na contramão;Colisão frontal;Com Vítimas Fatais;Plena Noite;Decrescente;Céu Claro;Dupla;Declive;Sim;3;2;0;1;1;0;0;2;-8,1467468;-35,39576976;SPRF-PE;DEL02/PE;UOP02-DEL02PE
759250;18/03/2026;quarta-feira;22:22:00;PE;101;157;GAMELEIRA;Acessar a via sem observar a presença dos outros veículos;Colisão lateral mesmo sentido;Com Vítimas Feridas;Plena Noite;Crescente;Céu Claro;Dupla;Retorno Regulamentado;Não;2;0;0;1;1;1;0;2;-8,55325;-35,40026;SPRF-PE;DEL01/PE;UOP03-DEL01-PE
759251;18/03/2026;quarta-feira;21:35:00;MG;381;892,5;CAMBUI;Demais falhas mecânicas ou elétricas;Incêndio;Sem Vítimas;Plena Noite;Crescente;Garoa/Chuvisco;Dupla;Reta;Não;1;0;0;0;0;1;0;1;-22,57297924;-46,042943;SPRF-MG;DEL16/MG;UOP01-DEL16-MG
759253;18/03/2026;quarta-feira;17:09:00;RN;101;145;GOIANINHA;Velocidade Incompatível;Tombamento;Com Vítimas Feridas;Pleno dia;Decrescente;Céu Claro;Dupla;Reta;Sim;2;0;2;0;2;0;0;1;-6,24835853;-35,21632826;SPRF-RN;DEL01-RN;UOP01-DEL01-RN
759255;18/03/2026;quarta-feira;22:45:00;AP;156;462;TARTARUGALZINHO;Curva acentuada;Saída de leito carroçável;Com Vítimas Feridas;Plena Noite;Decrescente;Nublado;Simples;Curva;Não;4;0;2;1;3;1;0;1;1,422778;-50,909561;SPRF-AP;DEL01-AP;UOP02-DEL01-AP
759256;18/03/2026;quarta-feira;21:45:00;SC;101;51;JOINVILLE;Reação tardia ou ineficiente do condutor;Saída de leito carroçável;Com Vítimas Feridas;Plena Noite;Decrescente;Nublado;Simples;"Viaduto;Curva;Retorno Regulamentado";Sim;3;0;2;0;2;1;0;2;-26,39889482;-48,83871317;SPRF-SC;DEL03/SC;UOP01-DEL03-SC
759259;18/03/2026;quarta-feira;23:15:00;SP;153;98;JOSE BONIFACIO;Animais na Pista;Atropelamento de Animal;Sem Vítimas;Plena Noite;Decrescente;Céu Claro;Dupla;"Declive;Reta";Não;1;0;0;0;0;1;0;1;-20,99686195;-49,62747574;SPRF-SP;DEL09/SP;UOP01-DEL09-SP
759260;18/03/2026;quarta-feira;23:45:00;MG;381;479,1;CONTAGEM;Manobra de mudança de faixa;Colisão lateral mesmo sentido;Com Vítimas Feridas;Plena Noite;Decrescente;Céu Claro;Múltipla;"Aclive;Curva";Sim;3;0;1;0;1;1;0;3;-19,9644166;-44,043781;SPRF-MG;DEL01/MG;UOP03-DEL01-MG
759263;18/03/2026;quarta-feira;22:50:00;DF;20;9;BRASILIA;Ingestão de álcool pelo condutor;Colisão com objeto;Sem Vítimas;Anoitecer;Decrescente;Céu Claro;Dupla;Reta;Sim;2;0;0;0;0;2;0;2;-15,658386;-47,791534;SPRF-DF;DEL02-DF;UOP01-DEL02-DF
759264;19/03/2026;quinta-feira;00:20:00;RS;116;153,8;CAXIAS DO SUL;Reação tardia ou ineficiente do condutor;Queda de ocupante de veículo;Com Vítimas Feridas;Plena Noite;Crescente;Céu Claro;Simples;Reta;Sim;1;0;1;0;1;0;0;1;-29,189775;-51,181668;SPRF-RS;DEL05/RS;UOP01-DEL05-RS
759265;18/03/2026;quarta-feira;23:35:00;MG;381;6;BETIM;Animais na Pista;Atropelamento de Animal;Com Vítimas Feridas;Plena Noite;Crescente;Céu Claro;Dupla;Reta;Não;4;0;2;0;2;2;0;2;-19,98872;-44,1958333;SPRF-MG;DEL01/MG;UOP03-DEL01-MG
759267;19/03/2026;quinta-feira;00:30:00;RJ;356;114;CARDOSO MOREIRA;Animais na Pista;Atropelamento de Animal;Com Vítimas Feridas;Plena Noite;Decrescente;Nublado;Simples;Reta;Não;1;0;1;0;1;0;0;1;-21,5905142;-41,43492579;SPRF-RJ;DEL08/RJ;UOP03-DEL08-RJ
759268;19/03/2026;quinta-feira;02:00:00;MG;262;398,9;PARA DE MINAS;Pedestre andava na pista;Atropelamento de Pedestre;Com Vítimas Feridas;Plena Noite;Decrescente;Céu Claro;Dupla;Curva;Não;2;0;0;1;1;0;0;2;-19,888157;-44,630052;SPRF-MG;DEL01/MG;UOP03-DEL01-MG
759269;19/03/2026;quinta-feira;02:35:00;SP;116;116;TAUBATE;Ausência de reação do condutor;Colisão com objeto;Com Vítimas Feridas;Plena Noite;Crescente;Céu Claro;Dupla;Reta;Não;1;0;0;1;1;0;0;1;-23,053358;-45,608608;SPRF-SP;DEL02/SP;UOP02-DEL02-SP
759279;19/03/2026;quinta-feira;03:20:00;MA;10;261,2;IMPERATRIZ;Animais na Pista;Atropelamento de Animal;Com Vítimas Feridas;Amanhecer;Crescente;Garoa/Chuvisco;Simples;Reta;Não;3;0;1;0;1;2;0;1;-5,45142;-47,47233;SPRF-MA;DEL04-MA;UOP01-DEL04-MA
759280;19/03/2026;quinta-feira;05:00:00;SC;282;419;VARGEM BONITA;Reação tardia ou ineficiente do condutor;Saída de leito carroçável;Com Vítimas Feridas;Amanhecer;Crescente;Nevoeiro/Neblina;Simples;Curva;Não;2;0;2;0;2;0;0;1;-27,01605;-51,73567;SPRF-SC;DEL07/SC;UOP05-DEL07-SC
759281;19/03/2026;quinta-feira;06:30:00;MG;40;518;RIBEIRAO DAS NEVES;Velocidade Incompatível;Colisão traseira;Com Vítimas Feridas;Pleno dia;Crescente;Nublado;Dupla;Reta;Não;5;0;2;0;2;3;0;5;-19,8305596;-44,0822143;SPRF-MG;DEL01/MG;UOP02-DEL01-MG
759282;19/03/2026;quinta-feira;06:40:00;PR;277;730;FOZ DO IGUACU;Reação tardia ou ineficiente do condutor;Colisão traseira;Com Vítimas Feridas;Pleno dia;Crescente;Céu Claro;Dupla;Reta;Sim;3;0;1;0;1;2;0;3;-25,5070848;-54,5851093;SPRF-PR;DEL05/PR;UOP03-DEL05-PR
759283;19/03/2026;quinta-feira;07:05:00;MG;381;490;BETIM;Demais falhas mecânicas ou elétricas;Tombamento;Com Vítimas Feridas;Pleno dia;Decrescente;Céu Claro;Múltipla;Reta;Sim;1;0;0;1;1;0;0;1;-19,95616;-44,14535;SPRF-MG;DEL01/MG;UOP03-DEL01-MG
759284;19/03/2026;quinta-feira;06:34:00;SP;116;207;GUARULHOS;Transitar no Acostamento;Colisão com objeto;Com Vítimas Feridas;Pleno dia;Decrescente;Chuva;Múltipla;Reta;Sim;2;0;1;0;1;0;0;2;-23,41889632;-46,38070321;SPRF-SP;DEL01/SP;UOP01-DEL01-SP
759286;19/03/2026;quinta-feira;07:00:00;MG;381;486,4;BETIM;Trafegar com motocicleta (ou similar) entre as faixas;Tombamento;Com Vítimas Feridas;Pleno dia;Decrescente;Nublado;Múltipla;"Aclive;Reta";Sim;1;0;1;0;1;0;0;1;-19,9557704;-44,1112358;SPRF-MG;DEL01/MG;UOP03-DEL01-MG
759287;19/03/2026;quinta-feira;06:45:00;MG;262;827;UBERABA;Acumulo de água sobre o pavimento;Tombamento;Com Vítimas Feridas;Pleno dia;Decrescente;Garoa/Chuvisco;Dupla;"Reta;Viaduto";Não;1;0;1;0;1;0;0;1;-19,761739;-48,137261;SPRF-MG;DEL13/MG;UOP01-DEL13-MG
759288;19/03/2026;quinta-feira;05:10:00;ES;259;57;COLATINA;Ausência de reação do condutor;Atropelamento de Pedestre;Sem Vítimas;Pleno dia;Crescente;Céu Claro;Simples;Reta;Não;2;0;0;0;0;0;1;2;-19,52169649;-40,66636205;SPRF-ES;DEL02-ES;UOP01-DEL02-ES
759289;19/03/2026;quinta-feira;06:50:00;SC;101;203,6;SAO JOSE;Trafegar com motocicleta (ou similar) entre as faixas;Colisão lateral mesmo sentido;Com Vítimas Feridas;Pleno dia;Crescente;Sol;Múltipla;Reta;Sim;2;0;1;0;1;1;0;2;-27,57127;-48,61394;SPRF-SC;DEL01/SC;UOP01-DEL01-SC
759292;19/03/2026;quinta-feira;07:45:00;PR;116;122,1;CURITIBA;Manobra de mudança de faixa;Tombamento;Com Vítimas Feridas;Pleno dia;Decrescente;Céu Claro;Dupla;"Reta;Aclive";Não;3;0;2;0;2;0;0;2;-25,604298;-49,318208;SPRF-PR;DEL01/PR;UOP03-DEL01-PR
759294;19/03/2026;quinta-feira;06:25:00;PR;376;217;JANDAIA DO SUL;Acessar a via sem observar a presença dos outros veículos;Colisão transversal;Com Vítimas Feridas;Pleno dia;Decrescente;Céu Claro;Simples;"Reta;Rotatória";Não;3;0;1;0;1;2;0;2;-23,59538;-51,64176;SPRF-PR;DEL09/PR;UOP01-DEL09-PR
759295;19/03/2026;quinta-feira;07:50:00;SC;280;28,8;ARAQUARI;Trafegar com motocicleta (ou similar) entre as faixas;Colisão transversal;Com Vítimas Feridas;Pleno dia;Decrescente;Nublado;Simples;Reta;Não;2;0;1;0;1;1;0;2;-26,40972483;-48,75178814;SPRF-SC;DEL03/SC;UOP03-DEL03-SC
759296;19/03/2026;quinta-feira;07:20:00;PA;316;56;CASTANHAL;Ingestão de álcool pelo condutor;Saída de leito carroçável;Sem Vítimas;Pleno dia;Crescente;Nublado;Dupla;"Declive;Reta";Sim;2;0;0;0;0;2;0;1;-1,30205;-47,98797;SPRF-PA;DEL01/PA;UOP01-DEL01-PA
759297;19/03/2026;quinta-feira;08:10:00;ES;101;299,2;VIANA;Ausência de reação do condutor;Colisão lateral mesmo sentido;Com Vítimas Feridas;Pleno dia;Crescente;Sol;Dupla;Reta;Não;2;0;1;0;1;1;0;2;-20,3579458;-40,4258523;SPRF-ES;DEL01-ES;UOP01-DEL01-ES
759299;19/03/2026;quinta-feira;07:21:00;RO;364;711;PORTO VELHO;Acessar a via sem observar a presença dos outros veículos;Colisão lateral mesmo sentido;Com Vítimas Feridas;Pleno dia;Crescente;Céu Claro;Dupla;"Reta;Retorno Regulamentado";Sim;3;0;1;0;1;1;0;3;-8,783165;-63,86226;SPRF-RO;DEL01-RO;UOP01-DEL01-RO
759301;19/03/2026;quinta-feira;08:30:00;PE;232;5;RECIFE;Manobra de mudança de faixa;Colisão frontal;Com Vítimas Feridas;Pleno dia;Decrescente;Sol;Múltipla;Reta;Sim;3;0;1;0;1;2;0;2;-8,06865682;-34,94664995;SPRF-PE;DEL01/PE;UOP01-DEL01-PE
759303;19/03/2026;quinta-feira;08:30:00;DF;20;1;BRASILIA;Manobra de mudança de faixa;Colisão traseira;Com Vítimas Feridas;Pleno dia;Decrescente;Céu Claro;Dupla;Reta;Sim;3;0;1;0;1;2;0;2;-15,684988;-47,848212;SPRF-DF;DEL02-DF;UOP01-DEL02-DF
759306;19/03/2026;quinta-feira;08:05:00;RS;285;293,1;PASSO FUNDO;Ausência de reação do condutor;Colisão traseira;Com Vítimas Feridas;Pleno dia;Crescente;Céu Claro;Múltipla;Interseção de Vias;Sim;12;0;2;0;2;10;0;2;-28,2367577;-52,37434594;SPRF-RS;DEL08/RS;UOP03-DEL08-RS
759307;19/03/2026;quinta-feira;08:12:00;PE;232;5,5;RECIFE;Reação tardia ou ineficiente do condutor;Colisão traseira;Com Vítimas Feridas;Pleno dia;Decrescente;Céu Claro;Múltipla;Reta;Sim;3;0;1;0;1;2;0;2;-8,06933;-34,94832;SPRF-PE;DEL01/PE;UOP01-DEL01-PE
759308;19/03/2026;quinta-feira;07:15:00;PR;376;244;APUCARANA;Manobra de mudança de faixa;Colisão lateral mesmo sentido;Com Vítimas Feridas;Pleno dia;Crescente;Céu Claro;Dupla;Interseção de Vias;Não;2;0;1;0;1;1;0;2;-23,581437;-51,417836;SPRF-PR;DEL07/PR;UOP03-DEL07-PR
759310;19/03/2026;quinta-feira;08:00:00;GO;60;259,4;INDIARA;Velocidade Incompatível;Saída de leito carroçável;Com Vítimas Fatais;Pleno dia;Crescente;Céu Claro;Dupla;"Declive;Reta";Não;2;1;0;0;0;0;0;2;-17,16554804;-50,04766524;SPRF-GO;DEL01/GO;UOP02-DEL01-GO
759311;19/03/2026;quinta-feira;07:50:00;RO;364;517;ARIQUEMES;Reação tardia ou ineficiente do condutor;Colisão frontal;Com Vítimas Feridas;Pleno dia;Decrescente;Garoa/Chuvisco;Dupla;Reta;Sim;2;0;1;0;1;1;0;2;-9,905065;-63,056218;SPRF-RO;DEL03-RO;UOP01-DEL03-RO
759313;19/03/2026;quinta-feira;09:15:00;PE;232;130;CARUARU;Demais falhas mecânicas ou elétricas;Incêndio;Sem Vítimas;Pleno dia;Decrescente;Céu Claro;Dupla;"Reta;Viaduto";Não;1;0;0;0;0;1;0;1;-8,300835;-35,9866467;SPRF-PE;DEL02/PE;UOP03-DEL02-PE
759314;19/03/2026;quinta-feira;09:00:00;RS;472;581;URUGUAIANA;Acessar a via sem observar a presença dos outros veículos;Colisão lateral sentido oposto;Com Vítimas Feridas;Pleno dia;Decrescente;Sol;Simples;Reta;Sim;2;0;1;0;1;1;0;2;-29,793734;-57,090912;SPRF-RS;DEL13/RS;UOP01-DEL13-RS
759319;19/03/2026;quinta-feira;07:20:00;RO;364;710;PORTO VELHO;Condutor deixou de manter distância do veículo da frente;Colisão traseira;Sem Vítimas;Pleno dia;Decrescente;Céu Claro;Dupla;Reta;Sim;3;0;0;0;0;3;0;2;-8,78650941;-63,85672331;SPRF-RO;DEL01-RO;UOP01-DEL01-RO
759320;19/03/2026;quinta-feira;09:45:00;SC;101;203;BIGUACU;Reação tardia ou ineficiente do condutor;Tombamento;Com Vítimas Feridas;Pleno dia;Crescente;Nublado;Múltipla;Reta;Sim;1;0;1;0;1;0;0;1;-27,491978;-48,656692;SPRF-SC;DEL01/SC;UOP01-DEL01-SC
759322;19/03/2026;quinta-feira;09:20:00;SC;101;161;TIJUCAS;Avarias e/ou desgaste excessivo no pneu;Queda de ocupante de veículo;Com Vítimas Feridas;Pleno dia;Decrescente;Nublado;Dupla;Reta;Não;2;0;2;0;2;0;0;1;-27,21592816;-48,62374289;SPRF-SC;DEL04/SC;UOP03-DEL04-SC
759324;07/02/2026;sábado;13:00:00;RJ;493;19;MAGE;Acumulo de óleo sobre o pavimento;Tombamento;Com Vítimas Feridas;Pleno dia;Crescente;Nublado;Simples;Retorno Regulamentado;Sim;2;0;2;0;2;0;0;1;-22,66371436;-43,03371046;SPRF-RJ;DEL04/RJ;UOP02-DEL04-RJ
759325;19/03/2026;quinta-feira;08:50:00;MG;116;601;SAO JOAO DO MANHUACU;Reação tardia ou ineficiente do condutor;Saída de leito carroçável;Com Vítimas Feridas;Pleno dia;Crescente;Nublado;Simples;Reta;Não;1;0;1;0;1;0;0;1;-20,347172;-42,146797;SPRF-MG;DEL06/MG;UOP03-DEL06-MG
759326;19/03/2026;quinta-feira;08:30:00;PR;376;176,3;MARINGA;Ausência de reação do condutor;Colisão traseira;Com Vítimas Feridas;Pleno dia;Decrescente;Céu Claro;Múltipla;"Reta;Interseção de Vias";Não;4;0;2;0;2;1;0;2;-23,41114041;-51,93634499;SPRF-PR;DEL09/PR;UOP01-DEL09-PR
759327;19/03/2026;quinta-feira;08:25:00;BA;116;3;VITORIA DA CONQUISTA;Acessar a via sem observar a presença dos outros veículos;Colisão transversal;Com Vítimas Feridas;Pleno dia;Decrescente;Sol;Simples;Rotatória;Não;3;0;0;2;2;1;0;2;-14,82511744;-40,8619637;SPRF-BA;DEL08/BA;UOP01-DEL08-BA
759328;19/03/2026;quinta-feira;08:10:00;MG;40;604,6;CONGONHAS;Acumulo de água sobre o pavimento;Saída de leito carroçável;Com Vítimas Feridas;Pleno dia;Decrescente;Chuva;Simples;"Curva;Aclive";Não;5;0;4;0;4;1;0;1;-20,45055;-43,84066;SPRF-MG;DEL05/MG;UOP02-DEL05-MG
759330;22/01/2026;quinta-feira;10:30:00;RJ;40;83;PETROPOLIS;Pista Escorregadia;Colisão com objeto;Com Vítimas Feridas;Pleno dia;Crescente;Garoa/Chuvisco;Dupla;Curva;Não;3;0;1;0;1;2;0;2;-22,53097854;-43,2361065;SPRF-RJ;DEL01/RJ;UOP01-DEL01-RJ
759331;19/03/2026;quinta-feira;09:55:00;MG;381;529;BRUMADINHO;Velocidade Incompatível;Saída de leito carroçável;Com Vítimas Feridas;Pleno dia;Decrescente;Chuva;Dupla;Curva;Não;2;0;2;0;2;0;0;1;-20,16216495;-44,34257389;SPRF-MG;DEL04/MG;UOP03-DEL04-MG
759332;27/02/2026;sexta-feira;11:30:00;PB;230;78;SOBRADO;Acumulo de água sobre o pavimento;Tombamento;Com Vítimas Feridas;Pleno dia;Decrescente;Chuva;Dupla;Reta;Sim;2;0;2;0;2;0;0;1;-7,184078;-35,299845;SPRF-PB;DEL01-PB;UOP02-DEL01-PB