id;data_inversa;dia_semana;horario;uf;br;km;municipio;causa_acidente;tipo_acidente;classificacao_acidente;fase_dia;sentido_via;condicao_metereologica;tipo_pista;tracado_via;uso_solo;pessoas;mortos;feridos_leves;feridos_graves;feridos;ilesos;ignorados;veiculos;latitude;longitude;regional;delegacia;uop
759961;22/03/2026;domingo;03:50:00;MG;262;22,5;REDUTO;Transitar na contramão;Colisão lateral sentido oposto;Com Vítimas Feridas;Plena Noite;Decrescente;Nevoeiro/Neblina;Simples;Curva;Não;10;0;1;0;1;9;0;2;-20,2493163;-41,9288901;SPRF-MG;DEL06/MG;UOP03-DEL06-MG
759962;21/03/2026;sábado;23:40:00;SP;116;145;SAO JOSE DOS CAMPOS;Reação tardia ou ineficiente do condutor;Colisão frontal;Com Vítimas Feridas;Plena Noite;Crescente;Céu Claro;Dupla;Reta;Sim;2;0;1;0;1;0;0;2;-23,18707554;-45,85496888;SPRF-SP;DEL02/SP;UOP01-DEL02-SP
759964;21/03/2026;sábado;22:10:00;MT;163;853;SINOP;Avarias e/ou desgaste excessivo no pneu;Colisão lateral sentido oposto;Com Vítimas Feridas;Plena Noite;Decrescente;Nublado;Simples;Reta;Não;4;0;1;1;2;2;0;2;-11,70167718;-55,45441819;SPRF-MT;DEL06/MT;UOP02-DEL06-MT
759965;22/03/2026;domingo;05:50:00;PR;369;12;CAMBARA;Transitar na contramão;Colisão frontal;Com Vítimas Fatais;Amanhecer;Crescente;Céu Claro;Simples;Reta;Não;2;1;0;1;1;0;0;2;-23,012182;-50,011443;SPRF-PR;DEL07/PR;UOP05-DEL07-PR
759966;22/03/2026;domingo;07:31:00;PE;101;66,5;RECIFE;Condutor deixou de manter distância do veículo da frente;Colisão traseira;Com Vítimas Feridas;Pleno dia;Crescente;Céu Claro;Dupla;Reta;Sim;5;0;0;1;1;4;0;2;-8,04007514;-34,94237836;SPRF-PE;DEL01/PE;UOP01-DEL01-PE
759967;22/03/2026;domingo;07:30:00;RJ;393;252,2;BARRA DO PIRAI;Acessar a via sem observar a presença dos outros veículos;Colisão transversal;Com Vítimas Feridas;Pleno dia;Crescente;Céu Claro;Simples;Reta;Sim;2;0;0;1;1;1;0;2;-22,451341;-43,801019;SPRF-RJ;DEL05/RJ;UOP04-DEL05-RJ
759971;22/03/2026;domingo;01:50:00;RJ;465;20;NOVA IGUACU;Ausência de reação do condutor;Queda de ocupante de veículo;Com Vítimas Feridas;Plena Noite;Crescente;Céu Claro;Simples;Reta;Não;1;0;1;0;1;0;0;1;-22,85551849;-43,6017916;SPRF-RJ;DEL06/RJ;UOP02-DEL06-RJ
759973;22/03/2026;domingo;05:50:00;SC;280;67,7;JARAGUA DO SUL;Ingestão de álcool pelo condutor;Colisão com objeto;Com Vítimas Feridas;Amanhecer;Crescente;Garoa/Chuvisco;Simples;Rotatória;Sim;1;0;1;0;1;0;0;1;-26,47354064;-49,10985231;SPRF-SC;DEL03/SC;UOP03-DEL03-SC
759974;14/03/2026;sábado;09:30:00;SC;470;62;BLUMENAU;Ingestão de substâncias psicoativas pelo condutor;Colisão lateral sentido oposto;Sem Vítimas;Pleno dia;Decrescente;Céu Claro;Simples;Desvio Temporário;Não;5;0;0;0;0;4;0;2;-26,87927513;-49,17306393;SPRF-SC;DEL04/SC;UOP01-DEL04-SC
759975;22/03/2026;domingo;08:10:00;RN;110;49,3;MOSSORO;Ausência de reação do condutor;Colisão com objeto;Sem Vítimas;Pleno dia;Crescente;Céu Claro;Dupla;Retorno Regulamentado;Sim;1;0;0;0;0;0;1;1;-5,21919614;-37,32772887;SPRF-RN;DEL04-RN;UOP01-DEL04-RN
759977;22/03/2026;domingo;07:35:00;MG;381;439,7;SANTA LUZIA;Ausência de reação do condutor;Colisão com objeto;Com Vítimas Feridas;Pleno dia;Decrescente;Sol;Simples;"Declive;Curva";Sim;8;0;8;0;8;0;0;1;-19,82517271;-43,82240295;SPRF-MG;DEL01/MG;UOP01-DEL01-MG
759978;22/03/2026;domingo;05:30:00;MS;163;205;CAARAPO;Ingestão de álcool pelo condutor;Colisão lateral sentido oposto;Sem Vítimas;Amanhecer;Crescente;Céu Claro;Simples;Reta;Não;2;0;0;0;0;1;0;2;-22,65401706;-54,80675697;SPRF-MS;DEL04/MS;UOP02-DEL04-MS
759979;22/03/2026;domingo;09:25:00;PE;101;50,8;ABREU E LIMA;Ausência de reação do condutor;Colisão traseira;Com Vítimas Feridas;Pleno dia;Decrescente;Sol;Múltipla;Reta;Sim;2;0;1;0;1;1;0;2;-7,915;-34,898;SPRF-PE;DEL01/PE;UOP02-DEL01-PE
759981;22/03/2026;domingo;07:40:00;BA;101;412;IBIRAPITANGA;Condutor Dormindo;Capotamento;Com Vítimas Feridas;Pleno dia;Crescente;Céu Claro;Simples;Reta;Não;3;0;0;2;2;1;0;1;-14,0469132;-39,3886511;SPRF-BA;DEL05/BA;UOP03-DEL05-BA
759982;22/03/2026;domingo;07:30:00;SC;101;57,8;ARAQUARI;Manobra de mudança de faixa;Colisão lateral mesmo sentido;Com Vítimas Feridas;Pleno dia;Decrescente;Nublado;Dupla;"Declive;Reta";Não;6;0;1;0;1;5;0;2;-26,43940798;-48,80198685;SPRF-SC;DEL03/SC;UOP01-DEL03-SC
759984;22/03/2026;domingo;09:30:00;ES;101;296;CARIACICA;Ausência de reação do condutor;Colisão com objeto;Com Vítimas Feridas;Pleno dia;Crescente;Céu Claro;Dupla;"Declive;Curva";Sim;1;0;0;1;1;0;0;1;-20,34243395;-40,40511847;SPRF-ES;DEL01-ES;UOP01-DEL01-ES
759985;22/03/2026;domingo;08:26:00;MT;163;773;SORRISO;Ausência de reação do condutor;Queda de ocupante de veículo;Com Vítimas Feridas;Pleno dia;Decrescente;Céu Claro;Dupla;Reta;Não;3;0;1;0;1;2;0;1;-12,389816;-55,616996;SPRF-MT;DEL06/MT;UOP01-DEL06-MT
759987;22/03/2026;domingo;09:50:00;RJ;116;171;RIO DE JANEIRO;Condutor deixou de manter distância do veículo da frente;Colisão traseira;Com Vítimas Feridas;Pleno dia;Decrescente;Céu Claro;Múltipla;Reta;Não;2;0;1;0;1;1;0;2;-22,80481;-43,3452685;SPRF-RJ;DEL06/RJ;UOP01-DEL06-RJ
759988;21/03/2026;sábado;23:15:00;BA;116;20,4;VITORIA DA CONQUISTA;Reação tardia ou ineficiente do condutor;Capotamento;Sem Vítimas;Plena Noite;Crescente;Nublado;Simples;"Declive;Reta";Não;1;0;0;0;0;0;1;1;-14,88857;-40,81488;SPRF-BA;DEL08/BA;UOP01-DEL08-BA
759989;22/03/2026;domingo;09:40:00;BA;324;552;AMELIA RODRIGUES;Condutor deixou de manter distância do veículo da frente;Colisão traseira;Com Vítimas Feridas;Pleno dia;Crescente;Céu Claro;Dupla;Reta;Não;2;0;1;0;1;1;0;2;-12,4512294;-38,7098134;SPRF-BA;DEL11/BA;UOP02-DEL11-BA
759990;06/02/2026;sexta-feira;06:45:00;PB;230;105,7;MOGEIRO;Reação tardia ou ineficiente do condutor;Capotamento;Com Vítimas Feridas;Pleno dia;Decrescente;Chuva;Dupla;"Retorno Regulamentado;Curva";Não;2;0;1;1;2;0;0;1;-7,204755;-35,53755;SPRF-PB;DEL01-PB;UOP02-DEL01-PB
759991;22/03/2026;domingo;09:50:00;GO;50;248;CATALAO;Ausência de reação do condutor;Colisão com objeto;Com Vítimas Feridas;Pleno dia;Crescente;Céu Claro;Dupla;Curva;Não;1;0;1;0;1;0;0;1;-17,950782;-47,787557;SPRF-GO;DEL06/GO;UOP01-DEL06-GO
759992;22/03/2026;domingo;10:18:00;PI;343;268;CAMPO MAIOR;Manobra de mudança de faixa;Colisão transversal;Com Vítimas Feridas;Pleno dia;Decrescente;Céu Claro;Simples;Reta;Sim;3;0;0;1;1;2;0;3;-4,84025685;-42,18568521;SPRF-PI;DEL01-PI;UOP03-DEL01-PI
759996;22/03/2026;domingo;08:00:00;BA;407;119;SENHOR DO BONFIM;Demais falhas na via;Colisão traseira;Sem Vítimas;Pleno dia;Crescente;Nublado;Simples;Reta;Não;2;0;0;0;0;2;0;2;-10,40745575;-40,18215179;SPRF-BA;DEL04/BA;UOP01-DEL04-BA
759998;06/03/2026;sexta-feira;20:50:00;CE;222;125,5;ITAPAJE;Acesso irregular;Colisão traseira;Com Vítimas Feridas;Plena Noite;Decrescente;Céu Claro;Simples;Reta;Não;4;0;1;0;1;3;0;2;-3,69716;-39,60058;SPRF-CE;DEL04/CE;UOP03-DEL04-CE
760000;22/03/2026;domingo;10:45:00;GO;153;492,7;GOIANIA;Animais na Pista;Colisão com objeto;Sem Vítimas;Pleno dia;Crescente;Sol;Dupla;Declive;Sim;2;0;0;0;0;2;0;1;-16,64333617;-49,209373;SPRF-GO;DEL01/GO;UOP01-DEL01-GO
760001;22/03/2026;domingo;11:20:00;MG;381;487,6;BETIM;Ausência de reação do condutor;Colisão lateral mesmo sentido;Com Vítimas Feridas;Pleno dia;Crescente;Sol;Dupla;Curva;Sim;2;0;1;0;1;1;0;2;-19,958;-44,12;SPRF-MG;DEL01/MG;UOP03-DEL01-MG
760004;22/03/2026;domingo;12:00:00;MG;381;380,9;BARAO DE COCAIS;Ausência de reação do condutor;Colisão traseira;Com Vítimas Feridas;Pleno dia;Decrescente;Céu Claro;Simples;Reta;Sim;3;0;1;0;1;2;0;2;-19,80213702;-43,41185465;SPRF-MG;DEL01/MG;UOP01-DEL01-MG
760005;22/03/2026;domingo;11:11:00;DF;251;37,9;BRASILIA;Frear bruscamente;Colisão lateral mesmo sentido;Com Vítimas Feridas;Pleno dia;Crescente;Sol;Simples;"Reta;Aclive";Não;3;0;1;0;1;2;0;3;-15,94316;-47,79763;SPRF-DF;DEL01-DF;UOP01-DEL01-DF
760006;22/03/2026;domingo;12:30:00;SP;101;43;UBATUBA;Mal súbito do condutor;Colisão com objeto;Com Vítimas Feridas;Pleno dia;Crescente;Sol;Simples;Rotatória;Não;1;0;1;0;1;0;0;1;-23,40938587;-45,05922167;SPRF-SP;DEL06/SP;UOP01-DEL06-SP
760007;22/03/2026;domingo;12:23:00;PE;407;129,8;PETROLINA;Reação tardia ou ineficiente do condutor;Tombamento;Com Vítimas Feridas;Pleno dia;Decrescente;Céu Claro;Dupla;Reta;Sim;6;0;4;0;4;2;0;3;-9,40263735;-40,50372569;SPRF-PE;DEL06/PE;UOP01-DEL06-PE
760009;22/03/2026;domingo;12:39:00;SP;116;44,3;CANAS;Sinalização mal posicionada;Colisão traseira;Com Vítimas Feridas;Pleno dia;Crescente;Céu Claro;Dupla;"Reta;Em Obras";Não;5;0;2;0;2;3;0;4;-22,704598;-45,040575;SPRF-SP;DEL08/SP;UOP02-DEL08-SP
760010;19/03/2026;quinta-feira;07:00:00;RJ;116;267;BARRA MANSA;Reação tardia ou ineficiente do condutor;Saída de leito carroçável;Com Vítimas Feridas;Amanhecer;Decrescente;Céu Claro;Dupla;Curva;Não;1;0;1;0;1;0;0;1;-22,54363;-44,08965;SPRF-RJ;DEL07/RJ;UOP02-DEL07-RJ
760011;22/03/2026;domingo;11:40:00;BA;242;499;OLIVEIRA DOS BREJINHOS;Reação tardia ou ineficiente do condutor;Colisão traseira;Com Vítimas Feridas;Pleno dia;Crescente;Céu Claro;Simples;Reta;Não;2;0;1;0;1;1;0;2;-12,37626346;-42,42688179;SPRF-BA;DEL06/BA;UOP01-DEL06-BA
760013;22/03/2026;domingo;12:25:00;BA;407;101;JAGUARARI;Reação tardia ou ineficiente do condutor;Capotamento;Com Vítimas Feridas;Pleno dia;Crescente;Céu Claro;Simples;Reta;Não;2;0;1;1;2;0;0;1;-10,246357;-40,197627;SPRF-BA;DEL04/BA;UOP01-DEL04-BA
760015;22/03/2026;domingo;12:30:00;PR;277;71;SAO JOSE DOS PINHAIS;Desrespeitar a preferência no cruzamento;Colisão lateral mesmo sentido;Com Vítimas Feridas;Pleno dia;Decrescente;Céu Claro;Dupla;Reta;Não;3;0;1;0;1;1;0;2;-25,51049637;-49,13145661;SPRF-PR;DEL01/PR;UOP08-DEL01-PR
760017;22/03/2026;domingo;11:45:00;PR;277;130,5;CAMPO LARGO;Pista Escorregadia;Saída de leito carroçável;Com Vítimas Feridas;Pleno dia;Crescente;Garoa/Chuvisco;Dupla;"Aclive;Reta";Não;2;0;1;0;1;1;0;1;-25,44699108;-49,57768821;SPRF-PR;DEL01/PR;UOP07-DEL01-PR
760018;18/01/2026;domingo;13:00:00;PE;424;69;CAETES;Ausência de reação do condutor;Colisão traseira;Com Vítimas Feridas;Pleno dia;Crescente;Céu Claro;Simples;"Reta;Declive";Sim;1;0;0;1;1;0;0;1;-8,77628;-36,62456;SPRF-PE;DEL03/PE;UOP01-DEL03-PE
760019;22/03/2026;domingo;14:00:00;PI;343;267;CAMPO MAIOR;Conversão proibida;Colisão lateral mesmo sentido;Com Vítimas Feridas;Pleno dia;Decrescente;Céu Claro;Simples;Reta;Sim;2;0;1;0;1;1;0;2;-4,83836729;-42,17108337;SPRF-PI;DEL01-PI;UOP03-DEL01-PI
760020;22/03/2026;domingo;14:30:00;PR;376;249;APUCARANA;Chuva;Saída de leito carroçável;Com Vítimas Feridas;Pleno dia;Decrescente;Chuva;Dupla;Reta;Não;2;0;1;0;1;1;0;1;-23,599372;-51,409928;SPRF-PR;DEL07/PR;UOP03-DEL07-PR
760021;22/03/2026;domingo;14:10:00;SP;116;335,8;JUQUITIBA;Pedestre andava na pista;Atropelamento de Pedestre;Com Vítimas Feridas;Pleno dia;Decrescente;Céu Claro;Dupla;Reta;Não;3;0;0;1;1;2;0;2;-23,9747093;-47,1394155;SPRF-SP;DEL04/SP;UOP03-DEL04-SP
760022;22/03/2026;domingo;14:20:00;SC;101;158;PORTO BELO;Ausência de reação do condutor;Colisão traseira;Sem Vítimas;Pleno dia;Crescente;Céu Claro;Dupla;Retorno Regulamentado;Sim;2;0;0;0;0;2;0;2;-27,19083993;-48,61235033;SPRF-SC;DEL04/SC;UOP03-DEL04-SC
760023;22/03/2026;domingo;14:42:00;BA;116;419;FEIRA DE SANTANA;Pedestre cruzava a pista fora da faixa;Atropelamento de Pedestre;Com Vítimas Feridas;Pleno dia;Crescente;Sol;Dupla;Reta;Sim;2;0;1;1;2;0;0;2;-12,22145636;-38,96541595;SPRF-BA;DEL02/BA;UOP01-DEL02-BA
760024;22/03/2026;domingo;12:40:00;RJ;493;6;ITABORAI;Conversão proibida;Colisão lateral mesmo sentido;Sem Vítimas;Pleno dia;Crescente;Céu Claro;Simples;Reta;Sim;2;0;0;0;0;1;0;2;-22,72268253;-42,95134728;SPRF-RJ;DEL02/RJ;UOP02-DEL02-RJ
760026;22/03/2026;domingo;11:00:00;RN;110;45,9;MOSSORO;Conversão proibida;Colisão transversal;Com Vítimas Feridas;Pleno dia;Crescente;Céu Claro;Simples;Reta;Sim;2;0;1;0;1;1;0;2;-5,19744776;-37,31760621;SPRF-RN;DEL04-RN;UOP01-DEL04-RN
760027;22/03/2026;domingo;13:50:00;ES;262;145,9;IBATIBA;Reação tardia ou ineficiente do condutor;Saída de leito carroçável;Com Vítimas Feridas;Pleno dia;Crescente;Chuva;Simples;"Declive;Reta";Não;1;0;1;0;1;0;0;1;-20,227725;-41,415285;SPRF-ES;DEL01-ES;UOP02-DEL01-ES
760029;22/03/2026;domingo;14:20:00;DF;70;18;BRASILIA;Acessar a via sem observar a presença dos outros veículos;Colisão traseira;Sem Vítimas;Pleno dia;Crescente;Céu Claro;Dupla;"Reta;Aclive;Retorno Regulamentado";Não;2;0;0;0;0;2;0;2;-15,78917703;-48,21748137;SPRF-DF;DEL03-DF;UOP02-DEL03-DF
760030;22/03/2026;domingo;14:35:00;CE;20;308,5;CANINDE;Ausência de reação do condutor;Colisão frontal;Com Vítimas Feridas;Pleno dia;Decrescente;Nublado;Simples;"Reta;Interseção de Vias";Não;4;0;3;0;3;1;0;2;-4,3436938;-39,2951417;SPRF-CE;DEL02/CE;UOP01-DEL02-CE
760031;22/03/2026;domingo;14:10:00;PR;376;466,1;PONTA GROSSA;Reação tardia ou ineficiente do condutor;Saída de leito carroçável;Com Vítimas Feridas;Pleno dia;Decrescente;Nublado;Dupla;"Curva;Aclive";Não;5;0;4;0;4;1;0;1;-25,025047;-50,3190985;SPRF-PR;DEL03/PR;UOP01-DEL03-PR
760032;22/03/2026;domingo;14:10:00;ES;101;84,7;SAO MATEUS;Reação tardia ou ineficiente do condutor;Colisão traseira;Com Vítimas Feridas;Pleno dia;Crescente;Nublado;Simples;Reta;Não;2;0;1;0;1;0;0;2;-18,8620695;-39,93721708;SPRF-ES;DEL04-ES;UOP02-DEL04-ES
760033;22/03/2026;domingo;13:30:00;MT;364;402;CUIABA;Acostamento em desnível;Colisão com objeto;Com Vítimas Feridas;Pleno dia;Crescente;Sol;Dupla;Reta;Sim;1;0;0;1;1;0;0;1;-15,65118;-55,996672;SPRF-MT;DEL01/MT;UOP02-DEL01-MT
760034;22/03/2026;domingo;15:00:00;PI;343;185;PIRIPIRI;Frear bruscamente;Tombamento;Com Vítimas Feridas;Pleno dia;Decrescente;Céu Claro;Simples;Reta;Sim;1;0;1;0;1;0;0;1;-4,2881612;-41,7698209;SPRF-PI;DEL02-PI;UOP01-DEL02-PI
760035;22/03/2026;domingo;12:45:00;PR;277;438,9;VIRMOND;Acumulo de água sobre o pavimento;Saída de leito carroçável;Com Vítimas Feridas;Pleno dia;Crescente;Chuva;Simples;Curva;Não;1;0;1;0;1;0;0;1;-25,37777985;-52,23392375;SPRF-PR;DEL04/PR;UOP02-DEL04-PR
760036;22/03/2026;domingo;15:35:00;RJ;116;77,9;TERESOPOLIS;Acumulo de areia ou detritos sobre o pavimento;Queda de ocupante de veículo;Com Vítimas Feridas;Pleno dia;Decrescente;Céu Claro;Simples;Curva;Sim;1;0;1;0;1;0;0;1;-22,371705;-42,950925;SPRF-RJ;DEL04/RJ;UOP01-DEL04-RJ
760038;22/03/2026;domingo;14:40:00;MS;262;61;TRES LAGOAS;Condutor deixou de manter distância do veículo da frente;Colisão traseira;Com Vítimas Feridas;Pleno dia;Crescente;Céu Claro;Simples;Reta;Não;5;0;3;0;3;2;0;2;-20,711101;-52,1565752;SPRF-MS;DEL07/MS;UOP01-DEL07-MS
760039;22/03/2026;domingo;15:55:00;ES;101;202,4;JOAO NEIVA;Reação tardia ou ineficiente do condutor;Tombamento;Com Vítimas Feridas;Pleno dia;Crescente;Céu Claro;Simples;"Curva;Viaduto";Não;2;0;2;0;2;0;0;1;-19,74383245;-40,3659253;SPRF-ES;DEL04-ES;UOP01-DEL04-ES
760040;22/03/2026;domingo;13:30:00;RJ;40;111;DUQUE DE CAXIAS;Avarias e/ou desgaste excessivo no pneu;Queda de ocupante de veículo;Com Vítimas Feridas;Pleno dia;Crescente;Céu Claro;Múltipla;Reta;Sim;2;0;1;0;1;0;0;1;-22,69147763;-43,28759193;SPRF-RJ;DEL01/RJ;UOP02-DEL01-RJ
760043;22/03/2026;domingo;14:30:00;PI;230;264,2;NAZARE DO PIAUI;Demais falhas mecânicas ou elétricas;Colisão com objeto;Sem Vítimas;Pleno dia;Crescente;Céu Claro;Simples;"Reta;Ponte";Não;1;0;0;0;0;1;0;1;-6,976882;-42,663572;SPRF-PI;DEL03-PI;UOP01-DEL03-PI
760044;22/03/2026;domingo;16:25:00;MG;381;352;JOAO MONLEVADE;Ausência de reação do condutor;Colisão frontal;Com Vítimas Feridas;Pleno dia;Crescente;Céu Claro;Simples;"Aclive;Curva";Sim;5;0;3;1;4;1;0;3;-19,83960125;-43,19171056;SPRF-MG;DEL03/MG;UOP01-DEL03-MG
760045;22/03/2026;domingo;15:15:00;RO;364;725;PORTO VELHO;Ultrapassagem Indevida;Colisão frontal;Com Vítimas Fatais;Pleno dia;Decrescente;Céu Claro;Simples;Reta;Não;4;1;1;0;1;2;0;2;-8,85149884;-63,94030589;SPRF-RO;DEL01-RO;UOP01-DEL01-RO
760046;18/01/2026;domingo;03:20:00;PR;277;591;CASCAVEL;Condutor Dormindo;Saída de leito carroçável;Sem Vítimas;Plena Noite;Crescente;Céu Claro;Simples;"Reta;Declive";Sim;1;0;0;0;0;0;1;1;-24,97533598;-53,44192025;SPRF-PR;DEL04/PR;UOP01-DEL04-PR
760047;22/03/2026;domingo;15:20:00;RJ;116;290;BARRA MANSA;Reação tardia ou ineficiente do condutor;Tombamento;Com Vítimas Feridas;Pleno dia;Crescente;Céu Claro;Dupla;Reta;Sim;2;0;2;0;2;0;0;1;-22,483;-44,26;SPRF-RJ;DEL07/RJ;UOP02-DEL07-RJ
760048;22/03/2026;domingo;16:40:00;GO;60;101;ANAPOLIS;Condutor deixou de manter distância do veículo da frente;Colisão traseira;Sem Vítimas;Pleno dia;Decrescente;Céu Claro;Dupla;Reta;Sim;5;0;0;0;0;5;0;2;-16,402751;-48,976037;SPRF-GO;DEL02/GO;UOP01-DEL02-GO
760049;22/03/2026;domingo;16:20:00;MG;262;383;FLORESTAL;Desrespeitar a preferência no cruzamento;Colisão lateral mesmo sentido;Com Vítimas Feridas;Pleno dia;Decrescente;Céu Claro;Dupla;Reta;Sim;2;0;1;0;1;1;0;2;-19,91590264;-44,49703217;SPRF-MG;DEL01/MG;UOP03-DEL01-MG
760050;22/03/2026;domingo;15:40:00;BA;116;785;POCOES;Ausência de reação do condutor;Colisão frontal;Com Vítimas Fatais;Pleno dia;Decrescente;Céu Claro;Simples;Reta;Não;4;2;0;2;2;0;0;2;-14,5429549;-40,3952171;SPRF-BA;DEL08/BA;UOP02-DEL08-BA
760051;22/03/2026;domingo;10:00:00;RO;364;398,3;OURO PRETO DO OESTE;Reação tardia ou ineficiente do condutor;Colisão com objeto;Com Vítimas Feridas;Pleno dia;Crescente;Céu Claro;Simples;Reta;Não;1;0;1;0;1;0;0;1;-10,615062;-62,333609;SPRF-RO;DEL03-RO;UOP02-DEL03-RO
760052;22/03/2026;domingo;16:25:00;BA;324;513;FEIRA DE SANTANA;Acesso irregular;Colisão transversal;Sem Vítimas;Pleno dia;Crescente;Sol;Simples;Reta;Sim;3;0;0;0;0;3;0;3;-12,23209912;-38,95381808;SPRF-BA;DEL02/BA;UOP01-DEL02-BA
760053;22/03/2026;domingo;16:50:00;RS;386;365;FAZENDA VILANOVA;Acessar a via sem observar a presença dos outros veículos;Colisão transversal;Com Vítimas Feridas;Pleno dia;Crescente;Nublado;Dupla;"Reta;Retorno Regulamentado;Interseção de Vias";Não;4;0;1;1;2;2;0;2;-29,57489285;-51,85018182;SPRF-RS;DEL04/RS;UOP01-DEL04-RS
760055;22/03/2026;domingo;17:16:00;GO;60;96,9;ANAPOLIS;Condutor deixou de manter distância do veículo da frente;Colisão traseira;Com Vítimas Feridas;Pleno dia;Crescente;Céu Claro;Dupla;"Interseção de Vias;Reta";Sim;4;0;1;0;1;3;0;2;-16,37607252;-48,94727826;SPRF-GO;DEL02/GO;UOP01-DEL02-GO
760056;22/03/2026;domingo;15:25:00;MG;40;699,4;ALFREDO VASCONCELOS;Ausência de reação do condutor;Colisão lateral mesmo sentido;Com Vítimas Feridas;Pleno dia;Crescente;Nublado;Simples;Curva;Não;2;0;1;0;1;1;0;2;-21,16745;-43,756715;SPRF-MG;DEL05/MG;UOP02-DEL05-MG
760057;22/03/2026;domingo;16:44:00;MG;40;484,5;SETE LAGOAS;Ausência de reação do condutor;Capotamento;Com Vítimas Feridas;Pleno dia;Decrescente;Céu Claro;Dupla;"Reta;Declive";Não;1;0;1;0;1;0;0;1;-19,57684336;-44,22931619;SPRF-MG;DEL02/MG;UOP01-DEL02-MG
760058;22/03/2026;domingo;15:30:00;MS;163;256;DOURADOS;Ausência de reação do condutor;Colisão com objeto;Com Vítimas Feridas;Pleno dia;Decrescente;Céu Claro;Dupla;Reta;Sim;1;0;1;0;1;0;0;1;-22,25887926;-54,79261134;SPRF-MS;DEL04/MS;UOP01-DEL04-MS
760060;22/03/2026;domingo;17:10:00;PR;277;26;MORRETES;Condutor deixou de manter distância do veículo da frente;Colisão traseira;Com Vítimas Feridas;Anoitecer;Crescente;Chuva;Simples;Reta;Não;3;0;1;0;1;2;0;2;-25,53593616;-48,76213074;SPRF-PR;DEL01/PR;UOP05-DEL01-PR
760061;22/03/2026;domingo;17:15:00;PR;277;587;CASCAVEL;Demais falhas mecânicas ou elétricas;Saída de leito carroçável;Com Vítimas Feridas;Amanhecer;Decrescente;Nublado;Múltipla;"Reta;Declive;Interseção de Vias";Sim;3;0;3;0;3;0;0;1;-24,9644;-53,4083;SPRF-PR;DEL04/PR;UOP01-DEL04-PR
760062;22/03/2026;domingo;16:55:00;PR;163;174,6;LINDOESTE;Velocidade Incompatível;Saída de leito carroçável;Com Vítimas Feridas;Pleno dia;Crescente;Chuva;Dupla;"Aclive;Curva";Não;4;0;3;0;3;1;0;1;-25,201481;-53,600006;SPRF-PR;DEL05/PR;UOP05-DEL05-PR
760063;22/03/2026;domingo;16:37:00;SP;116;191,5;SANTA ISABEL;Manobra de mudança de faixa;Colisão traseira;Com Vítimas Feridas;Pleno dia;Crescente;Sol;Dupla;Curva;Não;3;0;1;0;1;2;0;2;-23,374442;-46,245455;SPRF-SP;DEL01/SP;UOP01-DEL01-SP
760064;22/03/2026;domingo;16:50:00;PB;101;28;MAMANGUAPE;Ingestão de álcool pelo condutor;Saída de leito carroçável;Com Vítimas Feridas;Anoitecer;Decrescente;Céu Claro;Dupla;Reta;Não;1;0;0;1;1;0;0;1;-6,72969213;-35,12389183;SPRF-PB;DEL01-PB;UOP03-DEL01-PB
760066;22/03/2026;domingo;16:10:00;PR;163;172;LINDOESTE;Chuva;Saída de leito carroçável;Com Vítimas Feridas;Pleno dia;Decrescente;Chuva;Dupla;Reta;Não;3;0;1;0;1;2;0;1;-25,222421;-53,594394;SPRF-PR;DEL05/PR;UOP05-DEL05-PR
760067;22/03/2026;domingo;17:20:00;PI;316;312;PICOS;Reação tardia ou ineficiente do condutor;Tombamento;Com Vítimas Feridas;Pleno dia;Crescente;Céu Claro;Dupla;Curva;Sim;1;0;1;0;1;0;0;1;-7,080888;-41,457858;SPRF-PI;DEL04-PI;UOP01-DEL04-PI
760070;22/03/2026;domingo;18:00:00;PR;369;129;JATAIZINHO;Retorno proibido;Tombamento;Com Vítimas Feridas;Anoitecer;Crescente;Garoa/Chuvisco;Simples;Reta;Sim;2;0;1;0;1;1;0;2;-23,259766;-50,980186;SPRF-PR;DEL07/PR;UOP01-DEL07-PR
760071;22/03/2026;domingo;17:10:00;BA;135;184;BARREIRAS;Condutor deixou de manter distância do veículo da frente;Colisão traseira;Com Vítimas Feridas;Pleno dia;Decrescente;Céu Claro;Simples;Reta;Não;3;0;0;1;1;2;0;2;-12,178597;-45,010414;SPRF-BA;DEL10/BA;UOP01-DEL10-BA
760072;22/03/2026;domingo;15:30:00;BA;135;186;BARREIRAS;Manobra de mudança de faixa;Colisão lateral mesmo sentido;Com Vítimas Feridas;Pleno dia;Decrescente;Céu Claro;Simples;Reta;Não;2;0;1;0;1;1;0;2;-12,2150073;-45,0183057;SPRF-BA;DEL10/BA;UOP01-DEL10-BA
760073;18/02/2026;quarta-feira;14:00:00;RJ;116;136;MAGE;Ausência de reação do condutor;Colisão traseira;Com Vítimas Feridas;Pleno dia;Crescente;Céu Claro;Dupla;Reta;Não;2;0;1;1;2;0;0;2;-22,650557;-43,169039;SPRF-RJ;DEL04/RJ;UOP02-DEL04-RJ
760075;22/03/2026;domingo;17:30:00;PB;230;151,9;CAMPINA GRANDE;Condutor deixou de manter distância do veículo da frente;Colisão traseira;Com Vítimas Feridas;Anoitecer;Crescente;Chuva;Simples;"Declive;Reta";Não;4;0;1;0;1;3;0;3;-7,26795;-35,88328;SPRF-PB;DEL02-PB;UOP01-DEL02-PB