id;data_inversa;dia_semana;horario;uf;br;km;municipio;causa_acidente;tipo_acidente;classificacao_acidente;fase_dia;sentido_via;condicao_metereologica;tipo_pista;tracado_via;uso_solo;pessoas;mortos;feridos_leves;feridos_graves;feridos;ilesos;ignorados;veiculos;latitude;longitude;regional;delegacia;uop
760181;23/03/2026;segunda-feira;06:43:00;MS;60;513,5;NIOAQUE;Ausência de reação do condutor;Saída de leito carroçável;Com Vítimas Fatais;Amanhecer;Crescente;Céu Claro;Dupla;"Reta;Aclive";Não;1;1;0;0;0;0;0;1;-21,1819333;-55,61717;SPRF-MS;DEL05/MS;UOP01-DEL05-MS
760182;23/03/2026;segunda-feira;07:30:00;SC;101;149;ITAPEMA;Manobra de mudança de faixa;Tombamento;Com Vítimas Feridas;Pleno dia;Crescente;Céu Claro;Múltipla;Interseção de Vias;Sim;3;0;1;0;1;2;0;2;-27,11375337;-48,61039348;SPRF-SC;DEL04/SC;UOP03-DEL04-SC
760183;21/03/2026;sábado;23:00:00;MG;381;177;GOVERNADOR VALADARES;Transitar na contramão;Colisão frontal;Sem Vítimas;Plena Noite;Decrescente;Nublado;Simples;Reta;Não;2;0;0;0;0;1;0;2;-18,99785511;-42,12226868;SPRF-MG;DEL06/MG;UOP01-DEL06-MG
760184;23/03/2026;segunda-feira;07:00:00;SE;101;91;NOSSA SENHORA DO SOCORRO;Ausência de reação do condutor;Engavetamento;Sem Vítimas;Pleno dia;Decrescente;Céu Claro;Dupla;Reta;Sim;3;0;0;0;0;3;0;3;-10,90174482;-37,13612644;SPRF-SE;DEL01-SE;UOP01-DEL01-SE
760185;23/03/2026;segunda-feira;06:30:00;ES;262;16;VIANA;Retorno proibido;Colisão transversal;Com Vítimas Feridas;Pleno dia;Crescente;Sol;Simples;Curva;Sim;2;0;2;0;2;0;0;2;-20,38402173;-40,46607971;SPRF-ES;DEL01-ES;UOP01-DEL01-ES
760186;23/03/2026;segunda-feira;07:23:00;MG;40;646,7;CRISTIANO OTONI;Conversão proibida;Colisão transversal;Com Vítimas Feridas;Pleno dia;Decrescente;Céu Claro;Simples;Reta;Não;3;0;2;0;2;0;0;3;-20,79491546;-43,81008267;SPRF-MG;DEL05/MG;UOP02-DEL05-MG
760188;23/03/2026;segunda-feira;08:05:00;SP;153;60,8;SAO JOSE DO RIO PRETO;Trafegar com motocicleta (ou similar) entre as faixas;Colisão lateral mesmo sentido;Com Vítimas Feridas;Pleno dia;Crescente;Céu Claro;Dupla;"Ponte;Reta";Sim;2;0;1;0;1;1;0;2;-20,80236;-49,35572;SPRF-SP;DEL09/SP;UOP01-DEL09-SP
760190;23/03/2026;segunda-feira;08:20:00;MG;40;525,5;CONTAGEM;Trafegar com motocicleta (ou similar) entre as faixas;Atropelamento de Pedestre;Com Vítimas Feridas;Pleno dia;Crescente;Céu Claro;Dupla;Reta;Sim;2;0;1;1;2;0;0;2;-19,8820958;-44,0503289;SPRF-MG;DEL01/MG;UOP02-DEL01-MG
760191;23/03/2026;segunda-feira;07:20:00;MG;381;482;CONTAGEM;Condutor deixou de manter distância do veículo da frente;Colisão traseira;Com Vítimas Feridas;Plena Noite;Crescente;Céu Claro;Múltipla;Reta;Não;3;0;2;0;2;1;0;2;-19,958938;-44,063271;SPRF-MG;DEL01/MG;UOP03-DEL01-MG
760192;23/03/2026;segunda-feira;06:25:00;PR;277;125,8;CAMPO LARGO;Ausência de reação do condutor;Saída de leito carroçável;Com Vítimas Fatais;Amanhecer;Crescente;Nublado;Simples;Curva;Sim;1;1;0;0;0;0;0;1;-25,43490034;-49,53362558;SPRF-PR;DEL01/PR;UOP07-DEL01-PR
760196;23/03/2026;segunda-feira;07:15:00;PR;376;197;MARIALVA;Reação tardia ou ineficiente do condutor;Engavetamento;Com Vítimas Feridas;Pleno dia;Decrescente;Céu Claro;Dupla;Curva;Não;5;0;1;0;1;4;0;5;-23,499932;-51,765269;SPRF-PR;DEL09/PR;UOP01-DEL09-PR
760198;23/03/2026;segunda-feira;08:10:00;MG;381;447;BELO HORIZONTE;Reação tardia ou ineficiente do condutor;Colisão traseira;Com Vítimas Feridas;Pleno dia;Crescente;Céu Claro;Simples;Reta;Sim;3;0;1;0;1;2;0;3;-19,841251;-43,871711;SPRF-MG;DEL01/MG;UOP01-DEL01-MG
760199;22/03/2026;domingo;23:20:00;RJ;465;21;NOVA IGUACU;Ausência de reação do condutor;Colisão lateral mesmo sentido;Com Vítimas Feridas;Plena Noite;Decrescente;Céu Claro;Simples;Reta;Sim;3;0;2;0;2;1;0;2;-22,84882816;-43,60363889;SPRF-RJ;DEL06/RJ;UOP02-DEL06-RJ
760200;23/03/2026;segunda-feira;08:30:00;PE;407;124,9;PETROLINA;Reação tardia ou ineficiente do condutor;Colisão traseira;Sem Vítimas;Pleno dia;Crescente;Céu Claro;Dupla;Interseção de Vias;Sim;3;0;0;0;0;3;0;2;-9,3771079;-40,5366358;SPRF-PE;DEL06/PE;UOP01-DEL06-PE
760203;23/03/2026;segunda-feira;09:37:00;SP;116;223;GUARULHOS;Ausência de reação do condutor;Colisão traseira;Com Vítimas Feridas;Pleno dia;Decrescente;Sol;Múltipla;Reta;Sim;5;0;2;0;2;3;0;3;-23,48084863;-46,53303115;SPRF-SP;DEL01/SP;UOP01-DEL01-SP
760204;23/03/2026;segunda-feira;08:34:00;SP;116;208;GUARULHOS;Acessar a via sem observar a presença dos outros veículos;Colisão lateral mesmo sentido;Com Vítimas Feridas;Pleno dia;Decrescente;Céu Claro;Múltipla;Reta;Não;2;0;1;0;1;1;0;2;-23,42251944;-46,39388887;SPRF-SP;DEL01/SP;UOP01-DEL01-SP
760205;23/03/2026;segunda-feira;02:35:00;PR;277;138;BALSA NOVA;Animais na Pista;Tombamento;Com Vítimas Feridas;Plena Noite;Decrescente;Céu Claro;Dupla;"Curva;Declive";Não;1;0;0;1;1;0;0;1;-25,47313231;-49,63640079;SPRF-PR;DEL01/PR;UOP07-DEL01-PR
760206;23/03/2026;segunda-feira;08:45:00;GO;153;669;GOIATUBA;Pista esburacada;Tombamento;Com Vítimas Feridas;Pleno dia;Crescente;Céu Claro;Dupla;Reta;Não;1;0;1;0;1;0;0;1;-18,11928304;-49,28103983;SPRF-GO;DEL03/GO;UOP02-DEL03-GO
760207;23/03/2026;segunda-feira;09:30:00;SC;101;20,4;BIGUACU;Velocidade Incompatível;Colisão com objeto;Com Vítimas Feridas;Pleno dia;Decrescente;Céu Claro;Simples;Rotatória;Sim;1;0;1;0;1;0;0;1;-27,494235;-48,712035;SPRF-SC;DEL01/SC;UOP01-DEL01-SC
760208;23/03/2026;segunda-feira;07:20:00;MG;116;525,6;CARATINGA;Pista Escorregadia;Tombamento;Com Vítimas Feridas;Pleno dia;Crescente;Garoa/Chuvisco;Simples;"Curva;Aclive";Sim;2;0;1;0;1;0;0;2;-19,77681457;-42,13357184;SPRF-MG;DEL06/MG;UOP02-DEL06-MG
760209;23/03/2026;segunda-feira;08:00:00;SC;101;204;SAO JOSE;Demais falhas mecânicas ou elétricas;Tombamento;Com Vítimas Feridas;Pleno dia;Decrescente;Céu Claro;Múltipla;Reta;Sim;2;0;2;0;2;0;0;1;-27,57255;-48,61368;SPRF-SC;DEL01/SC;UOP01-DEL01-SC
760210;23/03/2026;segunda-feira;10:00:00;GO;60;94,8;ANAPOLIS;Afundamento ou ondulação no pavimento;Tombamento;Com Vítimas Feridas;Pleno dia;Decrescente;Céu Claro;Dupla;Reta;Não;1;0;0;1;1;0;0;1;-16,366181;-48,936994;SPRF-GO;DEL02/GO;UOP01-DEL02-GO
760213;23/03/2026;segunda-feira;10:29:00;SC;101;333,7;TUBARAO;Acessar a via sem observar a presença dos outros veículos;Colisão transversal;Com Vítimas Feridas;Pleno dia;Decrescente;Nublado;Múltipla;Reta;Não;2;0;1;0;1;1;0;2;-28,46970989;-49,01504159;SPRF-SC;DEL02/SC;UOP01-DEL02-SC
760214;13/03/2026;sexta-feira;18:15:00;PR;277;692;SAO MIGUEL DO IGUACU;Acessar a via sem observar a presença dos outros veículos;Colisão traseira;Sem Vítimas;Pleno dia;Crescente;Céu Claro;Dupla;"Reta;Aclive;Rotatória;Interseção de Vias";Não;3;0;0;0;0;3;0;3;-25,361043;-54,248663;SPRF-PR;DEL05/PR;UOP01-DEL05-PR
760216;23/03/2026;segunda-feira;08:05:00;MG;116;520,2;CARATINGA;Acessar a via sem observar a presença dos outros veículos;Colisão transversal;Com Vítimas Feridas;Pleno dia;Crescente;Céu Claro;Simples;Reta;Não;2;0;1;0;1;1;0;2;-19,72983047;-42,13355184;SPRF-MG;DEL06/MG;UOP02-DEL06-MG
760217;22/03/2026;domingo;06:50:00;MA;10;145,9;PORTO FRANCO;Transitar na contramão;Colisão frontal;Com Vítimas Feridas;Pleno dia;Decrescente;Céu Claro;Simples;Reta;Não;3;0;2;1;3;0;0;2;-6,443308;-47,39696;SPRF-MA;DEL04-MA;UOP02-DEL04-MA
760218;23/03/2026;segunda-feira;10:05:00;SC;101;273,6;IMBITUBA;Reação tardia ou ineficiente do condutor;Colisão lateral mesmo sentido;Com Vítimas Feridas;Pleno dia;Crescente;Céu Claro;Múltipla;Reta;Não;2;0;1;0;1;1;0;2;-28,13658472;-48,69239038;SPRF-SC;DEL02/SC;UOP03-DEL02-SC
760219;23/03/2026;segunda-feira;09:56:00;PE;101;70;RECIFE;Trafegar com motocicleta (ou similar) entre as faixas;Colisão traseira;Com Vítimas Feridas;Pleno dia;Crescente;Céu Claro;Dupla;Reta;Sim;2;0;0;1;1;1;0;2;-8,07555666;-34,93631959;SPRF-PE;DEL01/PE;UOP01-DEL01-PE
760220;23/03/2026;segunda-feira;07:30:00;MT;364;204;RONDONOPOLIS;Acessar a via sem observar a presença dos outros veículos;Colisão transversal;Com Vítimas Feridas;Pleno dia;Crescente;Céu Claro;Dupla;"Aclive;Reta;Interseção de Vias";Sim;2;0;1;1;2;0;0;2;-16,45579032;-54,66252923;SPRF-MT;DEL02/MT;UOP01-DEL02-MT
760221;23/03/2026;segunda-feira;10:00:00;PR;369;398;CANDOI;Acessar a via sem observar a presença dos outros veículos;Colisão lateral mesmo sentido;Com Vítimas Feridas;Pleno dia;Crescente;Céu Claro;Simples;Aclive;Não;2;0;1;0;1;1;0;2;-25,54462967;-52,01725638;SPRF-PR;DEL04/PR;UOP03-DEL04-PR
760223;23/03/2026;segunda-feira;09:20:00;GO;153;563;PROFESSOR JAMIL;Condutor deixou de manter distância do veículo da frente;Colisão traseira;Com Vítimas Feridas;Pleno dia;Crescente;Céu Claro;Dupla;Reta;Não;3;0;1;1;2;1;0;2;-17,23399944;-49,23509471;SPRF-GO;DEL03/GO;UOP01-DEL03-GO
760224;23/03/2026;segunda-feira;10:40:00;BA;367;83;EUNAPOLIS;Acessar a via sem observar a presença dos outros veículos;Colisão transversal;Com Vítimas Feridas;Pleno dia;Crescente;Nublado;Simples;Reta;Sim;3;0;0;1;1;2;0;2;-16,372962;-39,572687;SPRF-BA;DEL09/BA;UOP03-DEL09-BA
760226;23/03/2026;segunda-feira;10:00:00;MG;50;55,9;UBERLANDIA;Reação tardia ou ineficiente do condutor;Colisão traseira;Com Vítimas Feridas;Pleno dia;Crescente;Sol;Dupla;"Aclive;Curva";Não;3;0;1;0;1;1;0;3;-18,78171837;-48,23697016;SPRF-MG;DEL15/MG;UOP02-DEL15-MG
760228;23/03/2026;segunda-feira;10:00:00;MT;174;280;PONTES E LACERDA;Condutor deixou de manter distância do veículo da frente;Engavetamento;Sem Vítimas;Pleno dia;Decrescente;Céu Claro;Simples;"Reta;Aclive";Sim;3;0;0;0;0;3;0;3;-15,30090901;-59,26214218;SPRF-MT;DEL04/MT;UOP01-DEL04-MT
760229;23/03/2026;segunda-feira;10:00:00;RJ;101;314;SAO GONCALO;Ausência de reação do condutor;Colisão traseira;Com Vítimas Feridas;Pleno dia;Crescente;Sol;Dupla;Reta;Sim;2;0;1;0;1;1;0;2;-22,81859286;-43,07962418;SPRF-RJ;DEL02/RJ;UOP02-DEL02-RJ
760230;23/03/2026;segunda-feira;10:50:00;PE;101;177;JOAQUIM NABUCO;Ausência de reação do condutor;Saída de leito carroçável;Com Vítimas Feridas;Pleno dia;Crescente;Céu Claro;Dupla;Curva;Não;4;0;4;0;4;0;0;1;-8,619872;-35,548538;SPRF-PE;DEL01/PE;UOP03-DEL01-PE
760232;14/03/2026;sábado;21:37:00;RN;304;295;MACAIBA;Sinalização encoberta;Colisão com objeto;Com Vítimas Feridas;Plena Noite;Decrescente;Céu Claro;Simples;"Reta;Em Obras;Interseção de Vias;Desvio Temporário;Declive";Não;3;0;1;2;3;0;0;1;-5,86525241;-35,35195319;SPRF-RN;DEL01-RN;UOP02-DEL01-RN
760234;23/03/2026;segunda-feira;10:20:00;MG;153;189;FRUTAL;Pista esburacada;Saída de leito carroçável;Com Vítimas Feridas;Pleno dia;Crescente;Céu Claro;Simples;"Curva;Declive";Não;1;0;1;0;1;0;0;1;-19,92043262;-48,96081775;SPRF-MG;DEL13/MG;UOP02-DEL13-MG
760235;23/03/2026;segunda-feira;10:30:00;PR;277;40;MORRETES;Reação tardia ou ineficiente do condutor;Capotamento;Com Vítimas Feridas;Pleno dia;Decrescente;Céu Claro;Dupla;"Declive;Curva";Não;3;0;2;0;2;1;0;1;-25,58005089;-48,87352526;SPRF-PR;DEL01/PR;UOP05-DEL01-PR
760236;23/03/2026;segunda-feira;11:35:00;MS;163;41;ELDORADO;Ingestão de álcool pelo condutor;Colisão lateral sentido oposto;Com Vítimas Feridas;Pleno dia;Crescente;Nublado;Simples;"Aclive;Reta";Sim;2;0;0;1;1;1;0;2;-23,77741642;-54,27677242;SPRF-MS;DEL09/MS;UOP02-DEL09-MS
760237;23/03/2026;segunda-feira;07:45:00;SP;116;112,4;TAUBATE;Condutor deixou de manter distância do veículo da frente;Engavetamento;Com Vítimas Feridas;Pleno dia;Crescente;Céu Claro;Dupla;Reta;Não;6;0;1;0;1;5;0;3;-23,04293;-45,57589;SPRF-SP;DEL02/SP;UOP02-DEL02-SP
760238;23/03/2026;segunda-feira;12:00:00;MG;40;700,8;BARBACENA;Acesso irregular;Colisão traseira;Com Vítimas Feridas;Pleno dia;Decrescente;Céu Claro;Simples;Curva;Não;5;0;0;1;1;4;0;2;-21,1782406;-43,7568437;SPRF-MG;DEL05/MG;UOP02-DEL05-MG
760239;23/03/2026;segunda-feira;11:30:00;SP;116;443;REGISTRO;Reação tardia ou ineficiente do condutor;Tombamento;Com Vítimas Feridas;Pleno dia;Crescente;Sol;Dupla;"Reta;Aclive";Sim;1;0;1;0;1;0;0;1;-24,48643397;-47,83433788;SPRF-SP;DEL05/SP;UOP01-DEL05-SP
760241;23/03/2026;segunda-feira;10:30:00;RS;116;250;SAO LEOPOLDO;Ausência de reação do condutor;Colisão traseira;Com Vítimas Feridas;Pleno dia;Crescente;Céu Claro;Múltipla;Reta;Sim;2;0;1;0;1;1;0;2;-29,79312802;-51,16439072;SPRF-RS;DEL01/RS;UOP02-DEL01-RS
760243;23/03/2026;segunda-feira;12:10:00;RS;116;269,8;PORTO ALEGRE;Manobra de mudança de faixa;Engavetamento;Sem Vítimas;Pleno dia;Crescente;Nublado;Múltipla;Reta;Sim;3;0;0;0;0;3;0;3;-29,96850021;-51,17647139;SPRF-RS;DEL01/RS;UOP01-DEL01-RS
760244;23/03/2026;segunda-feira;08:15:00;RJ;101;577,3;PARATY;Condutor deixou de manter distância do veículo da frente;Colisão traseira;Com Vítimas Feridas;Pleno dia;Decrescente;Céu Claro;Simples;Reta;Sim;3;0;2;0;2;1;0;2;-23,233812;-44,714298;SPRF-RJ;DEL03/RJ;UOP04-DEL03-RJ
760245;23/03/2026;segunda-feira;11:40:00;MT;70;521;VARZEA GRANDE;Conversão proibida;Colisão transversal;Com Vítimas Feridas;Pleno dia;Decrescente;Sol;Simples;Reta;Sim;2;0;0;1;1;1;0;2;-15,67151311;-56,17923081;SPRF-MT;DEL01/MT;UOP02-DEL01-MT
760246;23/03/2026;segunda-feira;13:00:00;SC;101;206,3;SAO JOSE;Trafegar com motocicleta (ou similar) entre as faixas;Colisão traseira;Com Vítimas Feridas;Pleno dia;Crescente;Céu Claro;Múltipla;Reta;Sim;2;0;1;0;1;1;0;2;-27,5941832;-48,618948;SPRF-SC;DEL01/SC;UOP01-DEL01-SC
760248;23/03/2026;segunda-feira;09:00:00;MG;381;495;BETIM;Demais falhas na via;Colisão com objeto;Com Vítimas Feridas;Pleno dia;Crescente;Nublado;Dupla;"Reta;Aclive";Não;1;0;1;0;1;0;0;1;-19,96931583;-44,18138659;SPRF-MG;DEL01/MG;UOP03-DEL01-MG
760249;23/03/2026;segunda-feira;13:09:00;SP;116;279;EMBU DAS ARTES;Objeto estático sobre o leito carroçável;Queda de ocupante de veículo;Com Vítimas Feridas;Pleno dia;Crescente;Céu Claro;Dupla;Reta;Sim;1;0;1;0;1;0;0;1;-23,66820302;-46,85557768;SPRF-SP;DEL04/SP;UOP01-DEL04-SP
760250;23/03/2026;segunda-feira;13:20:00;RJ;40;111;DUQUE DE CAXIAS;Reação tardia ou ineficiente do condutor;Colisão traseira;Com Vítimas Feridas;Pleno dia;Crescente;Céu Claro;Dupla;Reta;Sim;3;0;1;0;1;2;0;2;-22,6935475;-43,2882081;SPRF-RJ;DEL01/RJ;UOP02-DEL01-RJ
760251;23/03/2026;segunda-feira;12:30:00;RS;290;46;GLORINHA;Condutor Dormindo;Saída de leito carroçável;Com Vítimas Feridas;Pleno dia;Crescente;Céu Claro;Dupla;Reta;Não;1;0;1;0;1;0;0;1;-29,898938;-50,739879;SPRF-RS;DEL03/RS;UOP01-DEL03-RS
760252;23/03/2026;segunda-feira;13:20:00;RS;116;153,4;CAXIAS DO SUL;Conversão proibida;Colisão lateral mesmo sentido;Com Vítimas Feridas;Pleno dia;Crescente;Sol;Simples;Curva;Sim;2;0;1;0;1;1;0;2;-29,1876264;-51,1818932;SPRF-RS;DEL05/RS;UOP01-DEL05-RS
760254;23/03/2026;segunda-feira;08:50:00;RS;116;38,8;VACARIA;Reação tardia ou ineficiente do condutor;Colisão traseira;Com Vítimas Feridas;Pleno dia;Crescente;Céu Claro;Simples;Interseção de Vias;Sim;2;0;1;0;1;1;0;2;-28,5107158;-50,93109218;SPRF-RS;DEL05/RS;UOP03-DEL05-RS
760256;23/03/2026;segunda-feira;13:35:00;SP;153;174;GUAICARA;Desrespeitar a preferência no cruzamento;Colisão transversal;Com Vítimas Feridas;Pleno dia;Crescente;Sol;Simples;Interseção de Vias;Não;2;0;1;0;1;1;0;2;-21,63341945;-49,78787033;SPRF-SP;DEL07/SP;UOP01-DEL07-SP
760257;03/03/2026;terça-feira;14:10:00;MS;60;562;NIOAQUE;Condutor usando celular;Saída de leito carroçável;Com Vítimas Feridas;Pleno dia;Crescente;Céu Claro;Simples;Reta;Não;1;0;1;0;1;0;0;1;-21,280257;-55,977965;SPRF-MS;DEL05/MS;UOP01-DEL05-MS
760258;23/03/2026;segunda-feira;13:00:00;MG;40;50,6;PARACATU;Reação tardia ou ineficiente do condutor;Colisão traseira;Com Vítimas Feridas;Pleno dia;Crescente;Céu Claro;Simples;Reta;Não;2;0;1;0;1;1;0;2;-17,2412152;-46,79622173;SPRF-MG;DEL14/MG;UOP01-DEL14-MG
760259;23/03/2026;segunda-feira;13:15:00;PR;277;716;SANTA TEREZINHA DE ITAIPU;Acessar a via sem observar a presença dos outros veículos;Colisão transversal;Com Vítimas Feridas;Pleno dia;Decrescente;Céu Claro;Dupla;"Declive;Reta";Não;4;0;3;0;3;1;0;2;-25,474172;-54,4707129;SPRF-PR;DEL05/PR;UOP01-DEL05-PR
760260;23/03/2026;segunda-feira;13:30:00;MG;116;524,4;CARATINGA;Ingestão de álcool pelo condutor;Colisão traseira;Com Vítimas Feridas;Pleno dia;Decrescente;Céu Claro;Simples;Reta;Sim;2;0;1;0;1;1;0;2;-19,76674814;-42,13123441;SPRF-MG;DEL06/MG;UOP02-DEL06-MG
760262;20/03/2026;sexta-feira;17:20:00;RJ;493;6;ITABORAI;Retorno proibido;Colisão transversal;Com Vítimas Feridas;Pleno dia;Crescente;Nublado;Simples;"Em Obras;Reta";Não;2;0;1;0;1;1;0;2;-22,73804064;-42,95327134;SPRF-RJ;DEL02/RJ;UOP02-DEL02-RJ
760263;23/03/2026;segunda-feira;13:30:00;RS;293;1;PELOTAS;Acessar a via sem observar a presença dos outros veículos;Colisão transversal;Com Vítimas Feridas;Pleno dia;Crescente;Chuva;Simples;Curva;Sim;3;0;1;0;1;2;0;3;-31,7588418;-52,35618353;SPRF-RS;DEL07/RS;UOP01-DEL07-RS
760264;23/03/2026;segunda-feira;11:18:00;PB;230;20,3;JOAO PESSOA;Condutor deixou de manter distância do veículo da frente;Colisão traseira;Com Vítimas Feridas;Pleno dia;Crescente;Nublado;Dupla;"Reta;Viaduto";Sim;3;0;2;0;2;0;0;2;-7,138205;-34,852993;SPRF-PB;DEL01-PB;UOP01-DEL01-PB
760265;23/03/2026;segunda-feira;11:30:00;SC;470;61;BLUMENAU;Demais falhas mecânicas ou elétricas;Incêndio;Sem Vítimas;Pleno dia;Crescente;Céu Claro;Simples;"Em Obras;Reta";Sim;1;0;0;0;0;0;1;1;-26,86249184;-49,09180582;SPRF-SC;DEL04/SC;UOP01-DEL04-SC
760266;19/02/2026;quinta-feira;20:00:00;MG;381;828,8;SAO SEBASTIAO DA BELA VISTA;Acessar a via sem observar a presença dos outros veículos;Atropelamento de Pedestre;Com Vítimas Fatais;Plena Noite;Crescente;Chuva;Dupla;Reta;Não;2;1;0;0;0;1;0;2;-22,11886297;-45,75474342;SPRF-MG;DEL16/MG;UOP01-DEL16-MG
760269;23/03/2026;segunda-feira;13:15:00;BA;116;818;VITORIA DA CONQUISTA;Conversão proibida;Colisão transversal;Com Vítimas Feridas;Pleno dia;Decrescente;Céu Claro;Dupla;"Declive;Reta";Sim;2;0;1;0;1;1;0;2;-14,82678;-40,82473;SPRF-BA;DEL08/BA;UOP01-DEL08-BA
760270;15/03/2026;domingo;15:20:00;MG;50;25;ARAGUARI;Pista Escorregadia;Colisão com objeto;Com Vítimas Feridas;Pleno dia;Crescente;Chuva;Dupla;"Declive;Reta";Não;2;0;2;0;2;0;0;1;-18,61537158;-48,08265209;SPRF-MG;DEL15/MG;UOP02-DEL15-MG
760271;23/03/2026;segunda-feira;14:29:00;TO;153;136;ARAGUAINA;Ausência de reação do condutor;Queda de ocupante de veículo;Com Vítimas Feridas;Pleno dia;Crescente;Céu Claro;Dupla;Reta;Sim;2;0;0;1;1;1;0;2;-7,15341595;-48,20380121;SPRF-TO;DEL02-TO;UOP01-DEL02-TO
760274;23/03/2026;segunda-feira;15:40:00;RS;290;89;PORTO ALEGRE;Condutor deixou de manter distância do veículo da frente;Colisão traseira;Com Vítimas Feridas;Pleno dia;Decrescente;Céu Claro;Múltipla;Em Obras;Não;2;0;1;0;1;1;0;2;-29,96849792;-51,15390592;SPRF-RS;DEL01/RS;UOP01-DEL01-RS
760276;23/03/2026;segunda-feira;07:54:00;RO;364;424;JARU;Reação tardia ou ineficiente do condutor;Colisão transversal;Com Vítimas Feridas;Pleno dia;Crescente;Céu Claro;Simples;"Reta;Interseção de Vias;Ponte";Sim;1;0;1;0;1;0;0;1;-10,444537;-62,46581;SPRF-RO;DEL03-RO;UOP02-DEL03-RO
760277;23/03/2026;segunda-feira;15:00:00;RS;290;292,8;CACHOEIRA DO SUL;Reação tardia ou ineficiente do condutor;Saída de leito carroçável;Com Vítimas Feridas;Pleno dia;Decrescente;Chuva;Simples;"Curva;Aclive";Não;4;0;4;0;4;0;0;1;-30,289494;-53,14406;SPRF-RS;DEL02/RS;UOP03-DEL02-RS
760278;27/02/2026;sexta-feira;01:30:00;PR;163;285;MARECHAL CANDIDO RONDON;Ausência de reação do condutor;Queda de ocupante de veículo;Com Vítimas Feridas;Plena Noite;Crescente;Ignorado;Dupla;Reta;Sim;1;0;0;1;1;0;0;1;-24,54142591;-54,04620512;SPRF-PR;DEL06/PR;UOP02-DEL06-PR
760279;23/03/2026;segunda-feira;15:20:00;PR;277;604;CASCAVEL;Ausência de reação do condutor;Colisão traseira;Com Vítimas Feridas;Pleno dia;Crescente;Céu Claro;Simples;"Aclive;Curva;Interseção de Vias";Não;3;0;1;0;1;2;0;2;-25,02412785;-53,55223624;SPRF-PR;DEL05/PR;UOP02-DEL05-PR
760280;23/03/2026;segunda-feira;15:40:00;DF;70;6,8;BRASILIA;Acessar a via sem observar a presença dos outros veículos;Colisão traseira;Com Vítimas Feridas;Pleno dia;Decrescente;Céu Claro;Dupla;Reta;Não;5;0;1;0;1;4;0;2;-15,79496044;-48,19919054;SPRF-DF;DEL03-DF;UOP02-DEL03-DF
760281;23/03/2026;segunda-feira;14:18:00;MA;135;65;BACABEIRA;Pista Escorregadia;Saída de leito carroçável;Com Vítimas Feridas;Pleno dia;Crescente;Nublado;Dupla;Reta;Não;4;0;1;0;1;3;0;1;-3,096958;-44,322182;SPRF-MA;DEL01-MA;UOP02-DEL01-MA
760282;23/03/2026;segunda-feira;14:06:00;RJ;116;304;PORTO REAL;Acumulo de areia ou detritos sobre o pavimento;Tombamento;Com Vítimas Feridas;Pleno dia;Crescente;Nublado;Dupla;Reta;Não;1;0;1;0;1;0;0;1;-22,45356701;-44,36984031;SPRF-RJ;DEL07/RJ;UOP02-DEL07-RJ
760283;23/03/2026;segunda-feira;15:00:00;SC;101;207;SAO JOSE;Ingestão de álcool pelo condutor;Colisão traseira;Sem Vítimas;Pleno dia;Decrescente;Sol;Múltipla;"Reta;Interseção de Vias";Sim;2;0;0;0;0;2;0;2;-27,5995902;-48,62188188;SPRF-SC;DEL01/SC;UOP01-DEL01-SC
760286;19/03/2026;quinta-feira;22:40:00;MG;50;177,7;UBERABA;Condutor Dormindo;Saída de leito carroçável;Com Vítimas Feridas;Plena Noite;Decrescente;Céu Claro;Dupla;Curva;Sim;1;0;1;0;1;0;0;1;-19,77917791;-47,94748843;SPRF-MG;DEL13/MG;UOP01-DEL13-MG
760288;23/03/2026;segunda-feira;13:10:00;MS;60;423,6;SIDROLANDIA;Ausência de reação do condutor;Tombamento;Com Vítimas Feridas;Pleno dia;Decrescente;Céu Claro;Simples;Reta;Sim;1;0;1;0;1;0;0;1;-20,919046;-54,950518;SPRF-MS;DEL01/MS;UOP04-DEL01-MS
760289;06/03/2026;sexta-feira;18:23:00;ES;101;145,3;LINHARES;Manobra de mudança de faixa;Queda de ocupante de veículo;Com Vítimas Feridas;Plena Noite;Decrescente;Céu Claro;Dupla;Reta;Sim;2;0;2;0;2;0;0;1;-19,3652092;-40,0649192;SPRF-ES;DEL04-ES;UOP01-DEL04-ES
760290;23/03/2026;segunda-feira;16:30:00;PE;101;51;ABREU E LIMA;Trafegar com motocicleta (ou similar) entre as faixas;Colisão lateral mesmo sentido;Com Vítimas Feridas;Pleno dia;Crescente;Céu Claro;Dupla;Reta;Sim;2;0;1;0;1;1;0;2;-7,913779;-34,899502;SPRF-PE;DEL01/PE;UOP02-DEL01-PE
760291;23/03/2026;segunda-feira;15:15:00;PR;153;351;REBOUCAS;Acessar a via sem observar a presença dos outros veículos;Colisão transversal;Com Vítimas Feridas;Pleno dia;Crescente;Nublado;Simples;Curva;Não;5;0;2;0;2;3;0;2;-25,608;-50,699;SPRF-PR;DEL08/PR;UOP02-DEL08-PR