id;data_inversa;dia_semana;horario;uf;br;km;municipio;causa_acidente;tipo_acidente;classificacao_acidente;fase_dia;sentido_via;condicao_metereologica;tipo_pista;tracado_via;uso_solo;pessoas;mortos;feridos_leves;feridos_graves;feridos;ilesos;ignorados;veiculos;latitude;longitude;regional;delegacia;uop
760293;23/03/2026;segunda-feira;08:01:00;SP;381;56;MAIRIPORA;Trafegar com motocicleta (ou similar) entre as faixas;Colisão lateral mesmo sentido;Com Vítimas Feridas;Pleno dia;Crescente;Céu Claro;Múltipla;Reta;Sim;2;0;0;1;1;1;0;2;-23,26244197;-46,58672551;SPRF-SP;DEL03/SP;UOP01-DEL03-SP
760294;23/03/2026;segunda-feira;16:30:00;PR;369;161;CAMBE;Trafegar com motocicleta (ou similar) entre as faixas;Colisão lateral mesmo sentido;Com Vítimas Feridas;Pleno dia;Crescente;Garoa/Chuvisco;Dupla;Reta;Sim;2;0;1;0;1;1;0;2;-23,28809981;-51,2613043;SPRF-PR;DEL07/PR;UOP01-DEL07-PR
760295;23/03/2026;segunda-feira;16:15:00;SC;101;204;SAO JOSE;Reação tardia ou ineficiente do condutor;Tombamento;Com Vítimas Feridas;Pleno dia;Decrescente;Céu Claro;Dupla;Reta;Sim;1;0;1;0;1;0;0;1;-27,57425;-48,61325;SPRF-SC;DEL01/SC;UOP01-DEL01-SC
760296;23/03/2026;segunda-feira;16:50:00;DF;20;5,2;BRASILIA;Reação tardia ou ineficiente do condutor;Saída de leito carroçável;Com Vítimas Feridas;Pleno dia;Decrescente;Nublado;Múltipla;"Aclive;Reta";Sim;1;0;1;0;1;0;0;1;-15,669238;-47,814532;SPRF-DF;DEL02-DF;UOP01-DEL02-DF
760298;23/03/2026;segunda-feira;14:26:00;PE;423;36;SAO CAITANO;Reação tardia ou ineficiente do condutor;Queda de ocupante de veículo;Com Vítimas Feridas;Pleno dia;Decrescente;Céu Claro;Simples;Reta;Sim;1;0;1;0;1;0;0;1;-8,470964;-36,220059;SPRF-PE;DEL03/PE;UOP02-DEL03-PE
760299;23/03/2026;segunda-feira;17:10:00;PE;101;45;IGARASSU;Pedestre cruzava a pista fora da faixa;Atropelamento de Pedestre;Com Vítimas Feridas;Anoitecer;Crescente;Céu Claro;Múltipla;Reta;Sim;2;0;2;0;2;0;0;2;-7,87341;-34,905967;SPRF-PE;DEL01/PE;UOP02-DEL01-PE
760300;23/03/2026;segunda-feira;15:35:00;BA;101;856,7;TEIXEIRA DE FREITAS;Reação tardia ou ineficiente do condutor;Colisão traseira;Com Vítimas Feridas;Pleno dia;Crescente;Céu Claro;Simples;Reta;Não;3;0;1;0;1;2;0;2;-17,376465;-39,657702;SPRF-BA;DEL09/BA;UOP02-DEL09-BA
760301;21/03/2026;sábado;23:30:00;AM;230;611;HUMAITA;Ingestão de álcool pelo condutor;Colisão traseira;Sem Vítimas;Plena Noite;Decrescente;Céu Claro;Dupla;"Interseção de Vias;Reta";Sim;4;0;0;0;0;4;0;2;-7,500952;-63,028191;SPRF-AM;DEL02-AM;UOP01-DEL02-AM
760302;03/03/2026;terça-feira;22:20:00;SC;282;605;MARAVILHA;Ingestão de álcool pelo condutor;Colisão frontal;Com Vítimas Feridas;Plena Noite;Crescente;Ignorado;Simples;"Curva;Declive";Sim;2;0;0;1;1;1;0;2;-26,78602451;-53,19551881;SPRF-SC;DEL07/SC;UOP02-DEL07-SC
760305;01/02/2026;domingo;20:12:00;PA;163;233;NOVO PROGRESSO;Reação tardia ou ineficiente do condutor;Colisão traseira;Sem Vítimas;Plena Noite;Crescente;Ignorado;Simples;Reta;Não;2;0;0;0;0;0;1;2;-7,65879684;-55,22018194;SPRF-PA;DEL05/PA;UOP03-DEL05-PA
760306;23/03/2026;segunda-feira;17:45:00;GO;40;2;VALPARAISO DE GOIAS;Reação tardia ou ineficiente do condutor;Engavetamento;Sem Vítimas;Pleno dia;Decrescente;Céu Claro;Dupla;Reta;Sim;4;0;0;0;0;3;0;4;-16,07603;-47,98544;SPRF-DF;DEL01-DF;UOP01-DEL01-DF
760307;23/03/2026;segunda-feira;17:10:00;RO;364;142,2;PORTO VELHO;Condutor deixou de manter distância do veículo da frente;Colisão traseira;Com Vítimas Feridas;Pleno dia;Decrescente;Céu Claro;Múltipla;Reta;Sim;1;0;1;0;1;0;0;1;-8,7647118;-63,88478726;SPRF-RO;DEL02-RO;UOP02-DEL02-RO
760308;23/03/2026;segunda-feira;17:30:00;RN;101;103;PARNAMIRIM;Ausência de reação do condutor;Colisão traseira;Com Vítimas Feridas;Anoitecer;Decrescente;Céu Claro;Dupla;Reta;Sim;2;0;1;0;1;0;0;2;-5,890497;-35,250725;SPRF-RN;DEL01-RN;UOP01-DEL01-RN
760310;23/03/2026;segunda-feira;17:15:00;SC;280;129,6;RIO NEGRINHO;Condutor deixou de manter distância do veículo da frente;Colisão traseira;Com Vítimas Feridas;Pleno dia;Decrescente;Céu Claro;Simples;"Aclive;Reta";Sim;3;0;1;0;1;2;0;2;-26,250305;-49,52638;SPRF-SC;DEL06/SC;UOP03-DEL06-SC
760311;23/03/2026;segunda-feira;18:25:00;PE;116;25;SALGUEIRO;Desrespeitar a preferência no cruzamento;Colisão transversal;Com Vítimas Feridas;Plena Noite;Decrescente;Céu Claro;Simples;Interseção de Vias;Não;2;0;0;1;1;1;0;2;-8,071369;-39,133597;SPRF-PE;DEL05/PE;UOP01-DEL05-PE
760312;07/03/2026;sábado;13:40:00;PR;376;328,5;ORTIGUEIRA;Ausência de reação do condutor;Saída de leito carroçável;Com Vítimas Feridas;Pleno dia;Crescente;Céu Claro;Dupla;Curva;Sim;1;0;1;0;1;0;0;1;-24,100327;-51,043255;SPRF-PR;DEL07/PR;UOP02-DEL07-PR
760313;16/03/2026;segunda-feira;20:10:00;RJ;101;295;RIO DE JANEIRO;Transitar na contramão;Colisão frontal;Com Vítimas Feridas;Plena Noite;Decrescente;Céu Claro;Dupla;Reta;Sim;2;0;1;0;1;1;0;2;-22,911;-43,2093;SPRF-RJ;DEL02/RJ;UOP02-DEL02-RJ
760314;23/03/2026;segunda-feira;15:30:00;GO;80;2;PADRE BERNARDO;Condutor Dormindo;Saída de leito carroçável;Com Vítimas Feridas;Pleno dia;Decrescente;Céu Claro;Simples;"Declive;Reta";Não;1;0;1;0;1;0;0;1;-15,50353827;-48,20560455;SPRF-DF;DEL03-DF;UOP02-DEL03-DF
760316;23/03/2026;segunda-feira;16:45:00;SC;101;287,1;IMBITUBA;Demais falhas mecânicas ou elétricas;Tombamento;Com Vítimas Feridas;Pleno dia;Decrescente;Sol;Dupla;Reta;Não;1;0;1;0;1;0;0;1;-28,257384;-48,702139;SPRF-SC;DEL02/SC;UOP03-DEL02-SC
760319;23/03/2026;segunda-feira;19:12:00;SP;116;278;EMBU DAS ARTES;Manobra de mudança de faixa;Colisão lateral mesmo sentido;Com Vítimas Feridas;Plena Noite;Crescente;Céu Claro;Dupla;Curva;Sim;2;0;1;0;1;1;0;2;-23,63592983;-46,83179883;SPRF-SP;DEL04/SP;UOP01-DEL04-SP
760320;23/03/2026;segunda-feira;19:00:00;RJ;116;171;RIO DE JANEIRO;Manobra de mudança de faixa;Queda de ocupante de veículo;Com Vítimas Feridas;Plena Noite;Crescente;Céu Claro;Múltipla;Reta;Sim;1;0;1;0;1;0;0;1;-22,80483204;-43,34526089;SPRF-RJ;DEL06/RJ;UOP01-DEL06-RJ
760321;23/03/2026;segunda-feira;15:40:00;GO;153;31;PORANGATU;Ingestão de álcool pelo condutor;Queda de ocupante de veículo;Com Vítimas Feridas;Pleno dia;Decrescente;Nublado;Simples;"Declive;Reta";Não;1;0;1;0;1;0;0;1;-13;-49;SPRF-GO;DEL07/GO;UOP01-DEL07-GO
760323;23/03/2026;segunda-feira;08:00:00;RS;293;340;SANTANA DO LIVRAMENTO;Acumulo de água sobre o pavimento;Saída de leito carroçável;Sem Vítimas;Pleno dia;Crescente;Chuva;Simples;Reta;Sim;1;0;0;0;0;1;0;1;-30,8558069;-55,53842068;SPRF-RS;DEL11/RS;UOP01-DEL11-RS
760324;23/03/2026;segunda-feira;14:30:00;MA;222;664;ACAILANDIA;Ultrapassagem Indevida;Colisão transversal;Sem Vítimas;Pleno dia;Crescente;Céu Claro;Simples;Declive;Sim;5;0;0;0;0;2;0;4;-4,909535;-47,411582;SPRF-MA;DEL04-MA;UOP03-DEL04-MA
760325;23/03/2026;segunda-feira;19:15:00;SP;116;500;CAJATI;Entrada inopinada do pedestre;Atropelamento de Pedestre;Com Vítimas Feridas;Plena Noite;Decrescente;Céu Claro;Simples;Reta;Não;3;0;1;0;1;2;0;2;-24,78572153;-48,17547798;SPRF-SP;DEL05/SP;UOP02-DEL05-SP
760326;23/03/2026;segunda-feira;19:20:00;MG;40;298;TRES MARIAS;Animais na Pista;Atropelamento de Animal;Com Vítimas Feridas;Plena Noite;Decrescente;Céu Claro;Simples;"Aclive;Reta";Não;5;0;3;0;3;0;0;1;-18,338316;-45,102886;SPRF-MG;DEL14/MG;UOP02-DEL14-MG
760327;23/03/2026;segunda-feira;19:20:00;SC;280;165,8;MAFRA;Conversão proibida;Colisão transversal;Com Vítimas Feridas;Plena Noite;Decrescente;Céu Claro;Simples;Reta;Não;3;0;1;0;1;2;0;2;-26,178137;-49,815095;SPRF-SC;DEL06/SC;UOP01-DEL06-SC
760328;10/03/2026;terça-feira;02:00:00;MS;163;303;DOURADINA;Velocidade Incompatível;Capotamento;Com Vítimas Fatais;Plena Noite;Crescente;Céu Claro;Simples;Reta;Não;2;1;0;0;0;0;0;2;-21,97143996;-54,5321524;SPRF-MS;DEL02/MS;UOP02-DEL02-MS
760329;23/03/2026;segunda-feira;18:15:00;RJ;101;323;NITEROI;Trafegar com motocicleta (ou similar) entre as faixas;Colisão lateral mesmo sentido;Com Vítimas Feridas;Plena Noite;Decrescente;Céu Claro;Múltipla;Reta;Não;2;0;1;0;1;1;0;2;-22,874;-43,1245;SPRF-RJ;DEL02/RJ;UOP01-DEL02-RJ
760330;23/03/2026;segunda-feira;17:45:00;MT;70;522;VARZEA GRANDE;Acesso irregular;Colisão transversal;Com Vítimas Feridas;Anoitecer;Crescente;Nublado;Simples;Reta;Sim;2;0;1;0;1;1;0;2;-15,65933055;-56,18782707;SPRF-MT;DEL01/MT;UOP02-DEL01-MT
760331;23/03/2026;segunda-feira;19:40:00;MG;381;510;SAO JOAQUIM DE BICAS;Reação tardia ou ineficiente do condutor;Tombamento;Com Vítimas Feridas;Plena Noite;Decrescente;Céu Claro;Simples;Reta;Não;1;0;0;1;1;0;0;1;-20,056809;-44,286188;SPRF-MG;DEL01/MG;UOP03-DEL01-MG
760333;23/03/2026;segunda-feira;19:18:00;TO;153;718;FIGUEIROPOLIS;Ausência de reação do condutor;Saída de leito carroçável;Com Vítimas Feridas;Plena Noite;Crescente;Céu Claro;Simples;Reta;Não;1;0;1;0;1;0;0;1;-12,10844;-49,18289;SPRF-TO;DEL01-TO;UOP02-DEL01-TO
760334;23/03/2026;segunda-feira;19:15:00;SP;116;134;SAO JOSE DOS CAMPOS;Objeto estático sobre o leito carroçável;Queda de ocupante de veículo;Com Vítimas Feridas;Plena Noite;Decrescente;Céu Claro;Dupla;Reta;Não;1;0;0;1;1;0;0;1;-23,15384162;-45,78783989;SPRF-SP;DEL02/SP;UOP02-DEL02-SP
760335;23/03/2026;segunda-feira;19:45:00;SC;282;3,5;FLORIANOPOLIS;Reação tardia ou ineficiente do condutor;Colisão traseira;Com Vítimas Feridas;Plena Noite;Decrescente;Céu Claro;Múltipla;Reta;Sim;3;0;0;1;1;2;0;3;-27,59506432;-48,60152928;SPRF-SC;DEL01/SC;UOP01-DEL01-SC
760336;23/03/2026;segunda-feira;19:30:00;MG;262;784,7;UBERABA;Mal súbito do condutor;Saída de leito carroçável;Com Vítimas Feridas;Plena Noite;Decrescente;Céu Claro;Dupla;"Declive;Reta";Sim;1;0;1;0;1;0;0;1;-19,768907;-47,893756;SPRF-MG;DEL13/MG;UOP01-DEL13-MG
760337;23/03/2026;segunda-feira;17:30:00;MG;116;762;LEOPOLDINA;Ultrapassagem Indevida;Colisão lateral mesmo sentido;Com Vítimas Feridas;Pleno dia;Crescente;Céu Claro;Simples;Aclive;Sim;3;0;0;2;2;1;0;2;-21,52826116;-42,62195975;SPRF-MG;DEL07/MG;UOP01-DEL07-MG
760338;23/03/2026;segunda-feira;17:40:00;RJ;493;106;SEROPEDICA;Reação tardia ou ineficiente do condutor;Colisão traseira;Com Vítimas Fatais;Pleno dia;Crescente;Chuva;Dupla;Reta;Não;4;2;2;0;2;0;0;2;-22,78504467;-43,76369476;SPRF-RJ;DEL01/RJ;UOP03-DEL01-RJ
760339;23/03/2026;segunda-feira;16:30:00;MG;116;237,5;TEOFILO OTONI;Ultrapassagem Indevida;Colisão lateral sentido oposto;Com Vítimas Feridas;Anoitecer;Crescente;Nublado;Simples;Reta;Não;4;0;2;1;3;1;0;2;-17,55126;-41,4751;SPRF-MG;DEL11/MG;UOP01-DEL11-MG
760341;23/03/2026;segunda-feira;20:30:00;RJ;116;183;NOVA IGUACU;Ausência de reação do condutor;Queda de ocupante de veículo;Com Vítimas Feridas;Plena Noite;Crescente;Céu Claro;Dupla;Reta;Não;3;0;0;1;1;1;0;2;-22,75376;-43,43532;SPRF-RJ;DEL06/RJ;UOP01-DEL06-RJ
760342;23/03/2026;segunda-feira;17:35:00;MG;116;669,2;MIRADOURO;Transitar na contramão;Colisão frontal;Com Vítimas Fatais;Pleno dia;Decrescente;Nublado;Simples;Curva;Não;2;1;0;0;0;1;0;2;-20,864;-42,328;SPRF-MG;DEL07/MG;UOP02-DEL07-MG
760343;23/03/2026;segunda-feira;17:30:00;PB;230;364;MALTA;Ingestão de álcool pelo condutor;Colisão transversal;Com Vítimas Feridas;Anoitecer;Decrescente;Céu Claro;Simples;Reta;Sim;2;0;0;1;1;1;0;2;-6,904727;-37,516755;SPRF-PB;DEL03-PB;UOP02-DEL03-PB
760344;23/03/2026;segunda-feira;19:15:00;MS;463;103;PONTA PORA;Reação tardia ou ineficiente do condutor;Colisão transversal;Com Vítimas Feridas;Plena Noite;Crescente;Nublado;Simples;Reta;Sim;2;0;1;0;1;1;0;2;-22,60030311;-55,66077232;SPRF-MS;DEL04/MS;UOP03-DEL04-MS
760345;23/03/2026;segunda-feira;18:20:00;RJ;465;15;SEROPEDICA;Acesso irregular;Colisão transversal;Com Vítimas Feridas;Plena Noite;Crescente;Céu Claro;Simples;Reta;Sim;3;0;0;1;1;1;0;3;-22,811011;-43,631453;SPRF-RJ;DEL06/RJ;UOP02-DEL06-RJ
760346;23/03/2026;segunda-feira;20:30:00;SC;282;220,7;LAGES;Chuva;Colisão com objeto;Com Vítimas Feridas;Plena Noite;Decrescente;Chuva;Simples;Rotatória;Sim;1;0;1;0;1;0;0;1;-27,79515138;-50,33845961;SPRF-SC;DEL05/SC;UOP01-DEL05-SC
760351;23/03/2026;segunda-feira;21:20:00;MA;10;169;CAMPESTRE DO MARANHAO;Pista Escorregadia;Saída de leito carroçável;Com Vítimas Feridas;Plena Noite;Crescente;Ignorado;Simples;Aclive;Não;1;0;1;0;1;0;0;1;-6,232115;-47,351552;SPRF-MA;DEL04-MA;UOP02-DEL04-MA
760355;23/03/2026;segunda-feira;22:20:00;GO;50;122,4;IPAMERI;Avarias e/ou desgaste excessivo no pneu;Incêndio;Sem Vítimas;Plena Noite;Crescente;Céu Claro;Dupla;Reta;Não;36;0;0;0;0;36;0;1;-16,96124776;-47,73765564;SPRF-GO;DEL06/GO;UOP01-DEL06-GO
760356;23/03/2026;segunda-feira;23:20:00;SC;101;68,4;ARAQUARI;Reação tardia ou ineficiente do condutor;Colisão traseira;Sem Vítimas;Plena Noite;Decrescente;Nublado;Dupla;Reta;Não;2;0;0;0;0;2;0;2;-26,47801529;-48,73962021;SPRF-SC;DEL03/SC;UOP02-DEL03-SC
760361;24/03/2026;terça-feira;02:25:00;MS;262;417;TERENOS;Animais na Pista;Atropelamento de Animal;Com Vítimas Feridas;Plena Noite;Decrescente;Céu Claro;Simples;Reta;Não;1;0;1;0;1;0;0;1;-20,42888288;-55,06420612;SPRF-MS;DEL01/MS;UOP03-DEL01-MS
760363;23/03/2026;segunda-feira;20:50:00;MG;40;275;TRES MARIAS;Animais na Pista;Atropelamento de Animal;Com Vítimas Feridas;Plena Noite;Crescente;Nublado;Simples;"Curva;Interseção de Vias;Aclive";Sim;1;0;1;0;1;0;0;1;-18,221;-45,221;SPRF-MG;DEL14/MG;UOP02-DEL14-MG
760365;24/03/2026;terça-feira;04:40:00;MT;158;677,5;BARRA DO GARCAS;Condutor Dormindo;Saída de leito carroçável;Com Vítimas Fatais;Plena Noite;Decrescente;Céu Claro;Simples;Curva;Não;10;2;4;0;4;4;0;1;-14,87668029;-52,28497624;SPRF-MT;DEL07/MT;UOP01-DEL07-MT
760366;24/03/2026;terça-feira;06:00:00;SC;282;3,4;SAO JOSE;Condutor deixou de manter distância do veículo da frente;Colisão traseira;Com Vítimas Feridas;Pleno dia;Crescente;Céu Claro;Múltipla;Reta;Sim;4;0;1;0;1;2;0;4;-27,58893;-48,6117;SPRF-SC;DEL01/SC;UOP01-DEL01-SC
760367;24/03/2026;terça-feira;05:50:00;MG;50;170;UBERABA;Reação tardia ou ineficiente do condutor;Colisão traseira;Com Vítimas Feridas;Amanhecer;Decrescente;Nublado;Dupla;"Reta;Declive;Viaduto";Sim;2;0;1;0;1;1;0;2;-19,734491;-47,982557;SPRF-MG;DEL13/MG;UOP01-DEL13-MG
760369;24/03/2026;terça-feira;06:40:00;SC;101;207,7;SAO JOSE;Trafegar com motocicleta (ou similar) entre as faixas;Colisão traseira;Com Vítimas Feridas;Pleno dia;Decrescente;Céu Claro;Múltipla;Reta;Sim;2;0;1;0;1;1;0;2;-27,60229043;-48,62943498;SPRF-SC;DEL01/SC;UOP01-DEL01-SC
760371;24/03/2026;terça-feira;06:00:00;RJ;40;98;DUQUE DE CAXIAS;Acesso irregular;Colisão traseira;Com Vítimas Feridas;Pleno dia;Crescente;Céu Claro;Dupla;Reta;Sim;3;0;2;0;2;1;0;2;-22,58031161;-43,27456847;SPRF-RJ;DEL01/RJ;UOP01-DEL01-RJ
760373;24/03/2026;terça-feira;07:00:00;SC;101;206,6;SAO JOSE;Condutor deixou de manter distância do veículo da frente;Colisão traseira;Com Vítimas Feridas;Pleno dia;Decrescente;Céu Claro;Múltipla;Reta;Sim;1;0;1;0;1;0;0;1;-27,59870235;-48,62111786;SPRF-SC;DEL01/SC;UOP01-DEL01-SC
760374;23/03/2026;segunda-feira;21:10:00;PR;476;146,9;ARAUCARIA;Iluminação deficiente;Atropelamento de Pedestre;Com Vítimas Feridas;Plena Noite;Decrescente;Céu Claro;Dupla;Reta;Sim;2;0;0;1;1;0;0;2;-25,55605954;-49,34321237;SPRF-PR;DEL01/PR;UOP06-DEL01-PR
760375;24/03/2026;terça-feira;06:00:00;ES;101;17,4;SERRA;Ausência de reação do condutor;Tombamento;Com Vítimas Feridas;Pleno dia;Decrescente;Chuva;Dupla;Curva;Não;1;0;1;0;1;0;0;1;-20,19471151;-40,33398271;SPRF-ES;DEL02-ES;UOP01-DEL02-ES
760376;24/03/2026;terça-feira;06:40:00;MG;381;487;BETIM;Trafegar com motocicleta (ou similar) entre as faixas;Colisão traseira;Com Vítimas Feridas;Amanhecer;Decrescente;Céu Claro;Dupla;"Declive;Reta";Sim;2;0;1;0;1;1;0;2;-19,9576994;-44,12198854;SPRF-MG;DEL01/MG;UOP03-DEL01-MG
760378;24/03/2026;terça-feira;07:30:00;DF;70;10;BRASILIA;Manobra de mudança de faixa;Colisão lateral mesmo sentido;Sem Vítimas;Pleno dia;Decrescente;Céu Claro;Dupla;Reta;Sim;7;0;0;0;0;7;0;3;-15,78867;-48,145282;SPRF-DF;DEL03-DF;UOP02-DEL03-DF
760382;24/03/2026;terça-feira;07:30:00;MA;135;4;SAO LUIS;Acessar a via sem observar a presença dos outros veículos;Colisão transversal;Com Vítimas Feridas;Pleno dia;Crescente;Céu Claro;Dupla;Reta;Sim;2;0;1;0;1;1;0;2;-2,616567;-44,254487;SPRF-MA;DEL01-MA;UOP01-DEL01-MA
760383;24/03/2026;terça-feira;07:30:00;RJ;116;176;SAO JOAO DE MERITI;Ausência de reação do condutor;Colisão traseira;Com Vítimas Feridas;Pleno dia;Crescente;Céu Claro;Dupla;Reta;Sim;3;0;1;1;2;0;0;2;-22,78547449;-43,37902157;SPRF-RJ;DEL06/RJ;UOP01-DEL06-RJ
760384;24/03/2026;terça-feira;06:40:00;GO;70;0;AGUAS LINDAS DE GOIAS;Manobra de mudança de faixa;Colisão lateral mesmo sentido;Com Vítimas Feridas;Amanhecer;Decrescente;Nublado;Dupla;"Reta;Declive";Não;2;0;1;0;1;1;0;2;-15,78196041;-48,23414326;SPRF-DF;DEL03-DF;UOP02-DEL03-DF
760385;24/03/2026;terça-feira;07:30:00;RJ;116;187;NOVA IGUACU;Avarias e/ou desgaste excessivo no pneu;Queda de ocupante de veículo;Com Vítimas Feridas;Pleno dia;Crescente;Céu Claro;Dupla;Reta;Sim;1;0;1;0;1;0;0;1;-22,75036958;-43,44072646;SPRF-RJ;DEL06/RJ;UOP01-DEL06-RJ
760386;24/03/2026;terça-feira;07:35:00;PE;408;74,9;PAUDALHO;Animais na Pista;Atropelamento de Animal;Com Vítimas Feridas;Pleno dia;Crescente;Sol;Dupla;Reta;Sim;2;0;0;2;2;0;0;1;-7,94393;-35,1201;SPRF-PE;DEL01/PE;UOP01-DEL01-PE
760387;24/03/2026;terça-feira;07:45:00;GO;40;8,2;VALPARAISO DE GOIAS;Pedestre cruzava a pista fora da faixa;Atropelamento de Pedestre;Com Vítimas Feridas;Pleno dia;Crescente;Céu Claro;Dupla;Reta;Sim;2;0;0;1;1;1;0;2;-16,11883;-47,966;SPRF-DF;DEL01-DF;UOP01-DEL01-DF
760389;24/03/2026;terça-feira;07:45:00;ES;101;292,5;CARIACICA;Acumulo de areia ou detritos sobre o pavimento;Tombamento;Com Vítimas Feridas;Pleno dia;Decrescente;Sol;Dupla;"Aclive;Reta";Sim;2;0;2;0;2;0;0;1;-20,311372;-40,395106;SPRF-ES;DEL01-ES;UOP01-DEL01-ES
760391;24/03/2026;terça-feira;08:10:00;PB;230;20;JOAO PESSOA;Condutor deixou de manter distância do veículo da frente;Queda de ocupante de veículo;Com Vítimas Feridas;Pleno dia;Decrescente;Nublado;Dupla;Curva;Sim;1;0;0;1;1;0;0;1;-7,134528;-34,85448;SPRF-PB;DEL01-PB;UOP01-DEL01-PB
760392;24/03/2026;terça-feira;06:00:00;RO;364;378;OURO PRETO DO OESTE;Objeto estático sobre o leito carroçável;Colisão com objeto;Com Vítimas Feridas;Amanhecer;Crescente;Nublado;Simples;Reta;Não;2;0;1;0;1;0;0;2;-10,74226;-62,20958;SPRF-RO;DEL02-RO;UOP01-DEL02-RO
760393;04/03/2026;quarta-feira;16:15:00;BA;324;618;SALVADOR;Condutor deixou de manter distância do veículo da frente;Engavetamento;Com Vítimas Feridas;Pleno dia;Decrescente;Céu Claro;Múltipla;Reta;Sim;6;0;2;0;2;4;0;3;-12,909678;-38,458063;SPRF-BA;DEL01/BA;UOP01-DEL01-BA
760394;24/03/2026;terça-feira;08:25:00;PB;230;26,3;JOAO PESSOA;Manobra de mudança de faixa;Colisão lateral mesmo sentido;Com Vítimas Feridas;Pleno dia;Crescente;Céu Claro;Múltipla;Reta;Sim;2;0;1;0;1;1;0;2;-7,169063;-34,881812;SPRF-PB;DEL01-PB;UOP01-DEL01-PB
760397;24/03/2026;terça-feira;07:00:00;RO;364;708;PORTO VELHO;Manobra de mudança de faixa;Colisão lateral mesmo sentido;Com Vítimas Feridas;Pleno dia;Crescente;Céu Claro;Dupla;Reta;Sim;4;0;1;0;1;3;0;2;-8,79498;-63,84183;SPRF-RO;DEL01-RO;UOP01-DEL01-RO
760399;24/03/2026;terça-feira;07:30:00;MT;163;1032;PEIXOTO DE AZEVEDO;Acessar a via sem observar a presença dos outros veículos;Colisão transversal;Com Vítimas Feridas;Pleno dia;Crescente;Céu Claro;Simples;Reta;Sim;3;0;2;0;2;1;0;2;-10,229566;-54,976756;SPRF-MT;DEL06/MT;UOP03-DEL06-MT
760400;24/03/2026;terça-feira;08:47:00;PB;230;18;JOAO PESSOA;Ausência de reação do condutor;Colisão traseira;Com Vítimas Feridas;Pleno dia;Crescente;Céu Claro;Dupla;Reta;Sim;3;0;1;0;1;2;0;3;-7,12172441;-34,84522438;SPRF-PB;DEL01-PB;UOP01-DEL01-PB
760401;24/03/2026;terça-feira;09:20:00;BA;324;616;SALVADOR;Pista Escorregadia;Queda de ocupante de veículo;Com Vítimas Feridas;Pleno dia;Crescente;Chuva;Múltipla;Curva;Sim;1;0;1;0;1;0;0;1;-12,8905775;-38,4453751;SPRF-BA;DEL01/BA;UOP01-DEL01-BA
760402;24/03/2026;terça-feira;09:08:00;SP;116;219;GUARULHOS;Manobra de mudança de faixa;Colisão traseira;Com Vítimas Feridas;Pleno dia;Crescente;Sol;Múltipla;Reta;Sim;3;0;2;0;2;0;0;2;-23,46261646;-46,49353981;SPRF-SP;DEL01/SP;UOP01-DEL01-SP
760403;13/03/2026;sexta-feira;07:45:00;PR;376;605;CURITIBA;Ausência de reação do condutor;Tombamento;Com Vítimas Feridas;Amanhecer;Crescente;Céu Claro;Dupla;Reta;Não;1;0;1;0;1;0;0;1;-25,54215787;-49,30980412;SPRF-PR;DEL01/PR;UOP03-DEL01-PR
760404;24/03/2026;terça-feira;06:45:00;MT;163;821;SINOP;Acessar a via sem observar a presença dos outros veículos;Colisão transversal;Com Vítimas Feridas;Pleno dia;Decrescente;Céu Claro;Dupla;Reta;Sim;3;0;1;0;1;2;0;3;-11,98771176;-55,51711321;SPRF-MT;DEL06/MT;UOP02-DEL06-MT
760406;23/03/2026;segunda-feira;23:10:00;MT;163;827,8;SINOP;Ausência de reação do condutor;Saída de leito carroçável;Com Vítimas Feridas;Plena Noite;Decrescente;Céu Claro;Simples;Reta;Sim;1;0;1;0;1;0;0;1;-11,9261473;-55,5123266;SPRF-MT;DEL06/MT;UOP02-DEL06-MT
760407;24/03/2026;terça-feira;09:20:00;SC;101;203,3;SAO JOSE;Ausência de reação do condutor;Colisão traseira;Com Vítimas Feridas;Pleno dia;Crescente;Céu Claro;Múltipla;Reta;Sim;2;0;1;0;1;1;0;2;-27,568283;-48,613983;SPRF-SC;DEL01/SC;UOP01-DEL01-SC
760408;21/03/2026;sábado;01:30:00;SC;101;211;PALHOCA;Chuva;Capotamento;Sem Vítimas;Plena Noite;Crescente;Nublado;Múltipla;Reta;Não;1;0;0;0;0;0;1;1;-27,62356284;-48,65271203;SPRF-SC;DEL01/SC;UOP02-DEL01-SC
760409;27/02/2026;sexta-feira;17:10:00;SC;282;231,3;LAGES;Desrespeitar a preferência no cruzamento;Colisão transversal;Com Vítimas Feridas;Pleno dia;Crescente;Céu Claro;Simples;Curva;Não;4;0;3;0;3;1;0;2;-27,78697581;-50,43895906;SPRF-SC;DEL05/SC;UOP02-DEL05-SC
760413;24/03/2026;terça-feira;10:30:00;PR;277;12,9;PARANAGUA;Avarias e/ou desgaste excessivo no pneu;Saída de leito carroçável;Com Vítimas Feridas;Pleno dia;Decrescente;Céu Claro;Múltipla;Reta;Não;1;0;1;0;1;0;0;1;-25,55233868;-48,66462557;SPRF-PR;DEL01/PR;UOP05-DEL01-PR
760416;24/03/2026;terça-feira;10:40:00;PR;277;678;MEDIANEIRA;Sinalização mal posicionada;Atropelamento de Pedestre;Com Vítimas Feridas;Pleno dia;Crescente;Céu Claro;Dupla;Reta;Não;2;0;0;1;1;1;0;2;-25,30033907;-54,13031191;SPRF-PR;DEL05/PR;UOP01-DEL05-PR