id;data_inversa;dia_semana;horario;uf;br;km;municipio;causa_acidente;tipo_acidente;classificacao_acidente;fase_dia;sentido_via;condicao_metereologica;tipo_pista;tracado_via;uso_solo;pessoas;mortos;feridos_leves;feridos_graves;feridos;ilesos;ignorados;veiculos;latitude;longitude;regional;delegacia;uop
760418;24/03/2026;terça-feira;09:55:00;PR;369;479,6;CORBELIA;Avarias e/ou desgaste excessivo no pneu;Queda de ocupante de veículo;Com Vítimas Feridas;Pleno dia;Decrescente;Sol;Simples;Reta;Não;1;0;1;0;1;0;0;1;-24,75512;-53,285958;SPRF-PR;DEL04/PR;UOP03-DEL04-PR
760419;24/03/2026;terça-feira;10:35:00;GO;153;507,8;APARECIDA DE GOIANIA;Condutor deixou de manter distância do veículo da frente;Colisão traseira;Sem Vítimas;Pleno dia;Decrescente;Nublado;Dupla;Aclive;Não;2;0;0;0;0;2;0;2;-16,770183;-49,238989;SPRF-GO;DEL01/GO;UOP03-DEL01-GO
760420;24/03/2026;terça-feira;08:10:00;RJ;40;25;TRES RIOS;Avarias e/ou desgaste excessivo no pneu;Tombamento;Com Vítimas Feridas;Pleno dia;Decrescente;Sol;Dupla;Curva;Não;2;0;2;0;2;0;0;1;-22,15422467;-43,15761779;SPRF-RJ;DEL05/RJ;UOP02-DEL05-RJ
760421;24/03/2026;terça-feira;08:15:00;PI;135;311,9;CRISTINO CASTRO;Ausência de reação do condutor;Colisão traseira;Com Vítimas Feridas;Pleno dia;Decrescente;Nublado;Simples;Reta;Não;2;0;0;1;1;1;0;2;-8,781113;-44,195007;SPRF-PI;DEL03-PI;UOP02-DEL03-PI
760423;24/03/2026;terça-feira;11:10:00;PA;230;116;MARABA;Acessar a via sem observar a presença dos outros veículos;Colisão transversal;Com Vítimas Feridas;Pleno dia;Decrescente;Céu Claro;Dupla;"Reta;Retorno Regulamentado";Sim;2;0;1;0;1;1;0;2;-5,359432;-49,083558;SPRF-PA;DEL03/PA;UOP01-DEL03-PA
760424;24/03/2026;terça-feira;10:30:00;MG;381;238,5;SANTANA DO PARAISO;Ultrapassagem Indevida;Saída de leito carroçável;Com Vítimas Feridas;Pleno dia;Decrescente;Nublado;Simples;Reta;Não;1;0;0;1;1;0;0;1;-19,419631;-42,494024;SPRF-MG;DEL06/MG;UOP01-DEL06-MG
760425;13/02/2026;sexta-feira;19:14:00;ES;262;39,4;DOMINGOS MARTINS;Reação tardia ou ineficiente do condutor;Tombamento;Com Vítimas Feridas;Plena Noite;Decrescente;Céu Claro;Simples;Reta;Não;1;0;0;1;1;0;0;1;-20,38053538;-40,63353539;SPRF-ES;DEL01-ES;UOP01-DEL01-ES
760426;24/03/2026;terça-feira;08:30:00;AL;101;83;RIO LARGO;Demais falhas mecânicas ou elétricas;Incêndio;Sem Vítimas;Pleno dia;Crescente;Céu Claro;Dupla;"Reta;Aclive";Não;1;0;0;0;0;0;1;1;-9,45070488;-35,86581767;SPRF-AL;DEL01-AL;UOP01-DEL01-AL
760427;24/03/2026;terça-feira;10:50:00;PR;476;178,8;CONTENDA;Velocidade Incompatível;Colisão transversal;Com Vítimas Fatais;Pleno dia;Decrescente;Céu Claro;Simples;"Curva;Aclive";Não;3;1;0;1;1;1;0;2;-25,70404109;-49,58751082;SPRF-PR;DEL01/PR;UOP06-DEL01-PR
760428;24/03/2026;terça-feira;12:05:00;PE;101;69,9;RECIFE;Condutor deixou de manter distância do veículo da frente;Colisão traseira;Com Vítimas Feridas;Pleno dia;Decrescente;Céu Claro;Dupla;Reta;Sim;6;0;2;0;2;4;0;2;-8,067402;-34,941812;SPRF-PE;DEL01/PE;UOP01-DEL01-PE
760431;24/03/2026;terça-feira;12:25:00;PR;277;675;MEDIANEIRA;Demais falhas mecânicas ou elétricas;Tombamento;Com Vítimas Feridas;Pleno dia;Crescente;Céu Claro;Dupla;Reta;Sim;2;0;2;0;2;0;0;1;-25,29501744;-54,1165857;SPRF-PR;DEL05/PR;UOP01-DEL05-PR
760432;24/03/2026;terça-feira;12:50:00;MG;381;617;OLIVEIRA;Ausência de reação do condutor;Colisão com objeto;Com Vítimas Feridas;Pleno dia;Decrescente;Céu Claro;Simples;Curva;Não;2;0;1;0;1;1;0;1;-20,72949529;-44,77228045;SPRF-MG;DEL04/MG;UOP01-DEL04-MG
760440;24/03/2026;terça-feira;10:41:00;MA;402;144;SANTO AMARO DO MARANHAO;Acessar a via sem observar a presença dos outros veículos;Colisão transversal;Com Vítimas Feridas;Pleno dia;Decrescente;Céu Claro;Simples;Reta;Não;2;0;1;0;1;1;0;2;-2,82304658;-43,20412135;SPRF-MA;DEL01-MA;UOP01-DEL01-MA
760441;24/03/2026;terça-feira;13:45:00;GO;153;433;ANAPOLIS;Condutor usando celular;Saída de leito carroçável;Com Vítimas Feridas;Pleno dia;Decrescente;Céu Claro;Dupla;Reta;Sim;1;0;1;0;1;0;0;1;-16,2844745;-48,95009518;SPRF-GO;DEL02/GO;UOP01-DEL02-GO
760442;24/03/2026;terça-feira;11:10:00;RO;364;341;JI-PARANA;Reação tardia ou ineficiente do condutor;Colisão transversal;Com Vítimas Feridas;Pleno dia;Decrescente;Céu Claro;Dupla;Reta;Sim;2;0;1;0;1;1;0;2;-10,88906882;-61,9319344;SPRF-RO;DEL02-RO;UOP01-DEL02-RO
760445;24/03/2026;terça-feira;14:20:00;MG;381;487;BETIM;Demais falhas mecânicas ou elétricas;Queda de ocupante de veículo;Com Vítimas Feridas;Pleno dia;Crescente;Céu Claro;Dupla;Reta;Sim;2;0;1;0;1;1;0;1;-19,95624622;-44,11594391;SPRF-MG;DEL01/MG;UOP03-DEL01-MG
760446;07/02/2026;sábado;10:40:00;RJ;101;53;CAMPOS DOS GOYTACAZES;Acessar a via sem observar a presença dos outros veículos;Colisão transversal;Com Vítimas Feridas;Pleno dia;Crescente;Céu Claro;Simples;"Interseção de Vias;Reta";Não;2;0;0;1;1;1;0;2;-21,661202;-41,311455;SPRF-RJ;DEL08/RJ;UOP01-DEL08-RJ
760447;24/03/2026;terça-feira;13:00:00;SP;381;43;ATIBAIA;Demais falhas mecânicas ou elétricas;Incêndio;Sem Vítimas;Pleno dia;Decrescente;Céu Claro;Dupla;Reta;Sim;1;0;0;0;0;1;0;1;-23,16550424;-46,57410331;SPRF-SP;DEL03/SP;UOP01-DEL03-SP
760448;24/03/2026;terça-feira;12:45:00;RO;364;11;VILHENA;Reação tardia ou ineficiente do condutor;Colisão transversal;Com Vítimas Feridas;Pleno dia;Decrescente;Sol;Simples;Interseção de Vias;Sim;3;0;2;0;2;1;0;2;-12,74620822;-60,11548162;SPRF-RO;DEL04-RO;UOP01-DEL04-RO
760449;24/03/2026;terça-feira;09:45:00;RJ;493;62;NOVA IGUACU;Transitar no Acostamento;Colisão lateral mesmo sentido;Com Vítimas Feridas;Pleno dia;Decrescente;Céu Claro;Dupla;Reta;Não;2;0;1;0;1;0;0;2;-22,67553846;-43,39221351;SPRF-RJ;DEL01/RJ;UOP03-DEL01-RJ
760451;24/03/2026;terça-feira;14:30:00;PE;232;77;GRAVATA;Transitar na contramão;Colisão frontal;Com Vítimas Feridas;Pleno dia;Crescente;Sol;Simples;Reta;Sim;2;0;0;1;1;1;0;2;-8,19285863;-35,5451688;SPRF-PE;DEL02/PE;UOP02-DEL02PE
760453;24/03/2026;terça-feira;14:40:00;PR;277;4,9;FOZ DO IGUACU;Reação tardia ou ineficiente do condutor;Saída de leito carroçável;Com Vítimas Feridas;Pleno dia;Decrescente;Céu Claro;Simples;"Interseção de Vias;Reta";Não;5;0;2;0;2;2;0;2;-25,533572;-54,528692;SPRF-PR;DEL05/PR;UOP04-DEL05-PR
760455;24/03/2026;terça-feira;12:50:00;PI;230;310;FLORIANO;Reação tardia ou ineficiente do condutor;Colisão traseira;Sem Vítimas;Pleno dia;Decrescente;Céu Claro;Simples;"Aclive;Reta";Sim;2;0;0;0;0;2;0;2;-6,76484;-43,009848;SPRF-PI;DEL03-PI;UOP01-DEL03-PI
760456;24/03/2026;terça-feira;14:20:00;MG;262;22;REDUTO;Acesso irregular;Colisão transversal;Com Vítimas Feridas;Pleno dia;Crescente;Céu Claro;Simples;Curva;Não;2;0;1;0;1;1;0;2;-20,245712;-41,924939;SPRF-MG;DEL06/MG;UOP03-DEL06-MG
760457;24/03/2026;terça-feira;15:00:00;MG;40;567;NOVA LIMA;Mal súbito do condutor;Saída de leito carroçável;Com Vítimas Fatais;Pleno dia;Decrescente;Céu Claro;Simples;Reta;Não;1;1;0;0;0;0;0;1;-20,1924987;-43,9730261;SPRF-MG;DEL01/MG;UOP02-DEL01-MG
760458;24/03/2026;terça-feira;14:20:00;MT;364;220;RONDONOPOLIS;Reação tardia ou ineficiente do condutor;Saída de leito carroçável;Com Vítimas Feridas;Pleno dia;Decrescente;Céu Claro;Dupla;Reta;Não;1;0;1;0;1;0;0;1;-16,37017035;-54,72360447;SPRF-MT;DEL02/MT;UOP01-DEL02-MT
760460;24/03/2026;terça-feira;14:00:00;MG;365;62,8;JEQUITAI;Velocidade Incompatível;Tombamento;Sem Vítimas;Pleno dia;Crescente;Chuva;Simples;"Curva;Declive";Não;1;0;0;0;0;1;0;1;-17,017618;-44,29673;SPRF-MG;DEL12/MG;UOP01-DEL12-MG
760462;08/03/2026;domingo;20:30:00;PB;104;138,5;QUEIMADAS;Acessar a via sem observar a presença dos outros veículos;Colisão transversal;Com Vítimas Feridas;Plena Noite;Decrescente;Céu Claro;Simples;Reta;Sim;2;0;0;1;1;1;0;2;-7,366211;-35,901077;SPRF-PB;DEL02-PB;UOP03-DEL02-PB
760463;24/03/2026;terça-feira;14:15:00;MG;50;3;ARAGUARI;Chuva;Saída de leito carroçável;Com Vítimas Feridas;Pleno dia;Decrescente;Chuva;Dupla;Reta;Não;1;0;0;1;1;0;0;1;-18,435389;-48,058711;SPRF-MG;DEL15/MG;UOP02-DEL15-MG
760464;24/03/2026;terça-feira;15:57:00;PE;232;133,2;CARUARU;Ausência de reação do condutor;Colisão traseira;Com Vítimas Feridas;Pleno dia;Crescente;Céu Claro;Dupla;Reta;Sim;2;0;1;0;1;1;0;2;-8,30842;-36,0241;SPRF-PE;DEL02/PE;UOP03-DEL02-PE
760465;24/03/2026;terça-feira;15:50:00;GO;60;101,9;GOIANAPOLIS;Reação tardia ou ineficiente do condutor;Saída de leito carroçável;Sem Vítimas;Pleno dia;Decrescente;Chuva;Dupla;Reta;Sim;1;0;0;0;0;1;0;1;-16,40547297;-48,98165412;SPRF-GO;DEL02/GO;UOP01-DEL02-GO
760466;24/03/2026;terça-feira;15:30:00;PR;153;49;SANTO ANTONIO DA PLATINA;Acessar a via sem observar a presença dos outros veículos;Colisão transversal;Com Vítimas Feridas;Pleno dia;Crescente;Céu Claro;Simples;Reta;Não;4;0;2;0;2;2;0;2;-23,35713453;-50,06330788;SPRF-PR;DEL07/PR;UOP04-DEL07-PR
760469;24/03/2026;terça-feira;12:44:00;MT;364;261;JUSCIMEIRA;Manobra de mudança de faixa;Saída de leito carroçável;Com Vítimas Feridas;Pleno dia;Decrescente;Céu Claro;Dupla;Curva;Não;1;0;1;0;1;0;0;1;-16,031619;-54,887268;SPRF-MT;DEL02/MT;UOP01-DEL02-MT
760471;24/03/2026;terça-feira;11:55:00;RJ;40;125;RIO DE JANEIRO;Reação tardia ou ineficiente do condutor;Tombamento;Com Vítimas Feridas;Pleno dia;Crescente;Céu Claro;Dupla;Reta;Sim;1;0;1;0;1;0;0;1;-22,81562608;-43,2886219;SPRF-RJ;DEL01/RJ;UOP02-DEL01-RJ
760473;12/03/2026;quinta-feira;15:10:00;BA;324;515;FEIRA DE SANTANA;Condutor deixou de manter distância do veículo da frente;Colisão transversal;Com Vítimas Feridas;Pleno dia;Crescente;Céu Claro;Simples;Reta;Sim;2;0;1;0;1;1;0;2;-12,239302;-38,939593;SPRF-BA;DEL02/BA;UOP01-DEL02-BA
760474;24/03/2026;terça-feira;16:30:00;SC;470;83,3;RODEIO;Acessar a via sem observar a presença dos outros veículos;Colisão lateral mesmo sentido;Com Vítimas Feridas;Pleno dia;Crescente;Céu Claro;Simples;Reta;Não;3;0;0;2;2;1;0;2;-26,96284274;-49,3362844;SPRF-SC;DEL04/SC;UOP01-DEL04-SC
760475;24/03/2026;terça-feira;09:50:00;SC;470;57;BLUMENAU;Demais falhas mecânicas ou elétricas;Incêndio;Com Vítimas Feridas;Pleno dia;Decrescente;Nublado;Dupla;Reta;Sim;2;0;1;0;1;1;0;1;-26,8809;-49,1366;SPRF-SC;DEL04/SC;UOP01-DEL04-SC
760476;24/03/2026;terça-feira;14:10:00;PR;277;299,5;PRUDENTOPOLIS;Ausência de reação do condutor;Colisão com objeto;Sem Vítimas;Pleno dia;Decrescente;Céu Claro;Simples;Curva;Não;1;0;0;0;0;1;0;1;-25,310658;-51,09438;SPRF-PR;DEL08/PR;UOP01-DEL08-PR
760477;24/03/2026;terça-feira;17:00:00;SC;101;136,8;BALNEARIO CAMBORIU;Manobra de mudança de faixa;Colisão lateral mesmo sentido;Com Vítimas Feridas;Pleno dia;Decrescente;Nublado;Dupla;Reta;Sim;3;0;2;0;2;1;0;2;-27,01431611;-48,61252785;SPRF-SC;DEL04/SC;UOP03-DEL04-SC
760478;24/03/2026;terça-feira;16:00:00;PR;277;220,7;TEIXEIRA SOARES;Ausência de reação do condutor;Colisão com objeto;Sem Vítimas;Pleno dia;Crescente;Céu Claro;Simples;Reta;Não;1;0;0;0;0;1;0;1;-25,469;-50,397;SPRF-PR;DEL08/PR;UOP02-DEL08-PR
760480;24/03/2026;terça-feira;17:50:00;PB;101;103;ALHANDRA;Demais falhas na via;Queda de ocupante de veículo;Com Vítimas Feridas;Plena Noite;Decrescente;Céu Claro;Dupla;Reta;Não;1;0;1;0;1;0;0;1;-7,29356917;-34,93761733;SPRF-PB;DEL01-PB;UOP01-DEL01-PB
760482;24/03/2026;terça-feira;18:00:00;PB;230;144,4;CAMPINA GRANDE;Animais na Pista;Atropelamento de Animal;Com Vítimas Feridas;Plena Noite;Decrescente;Nublado;Dupla;"Declive;Reta";Sim;1;0;1;0;1;0;0;1;-7,251548;-35,839403;SPRF-PB;DEL02-PB;UOP01-DEL02-PB
760483;24/03/2026;terça-feira;17:00:00;SP;116;445;REGISTRO;Reação tardia ou ineficiente do condutor;Atropelamento de Pedestre;Com Vítimas Feridas;Pleno dia;Crescente;Céu Claro;Dupla;Reta;Sim;2;0;1;0;1;1;0;2;-24,4971627;-47,8419651;SPRF-SP;DEL05/SP;UOP01-DEL05-SP
760485;24/03/2026;terça-feira;16:50:00;RS;116;246;SAO LEOPOLDO;Velocidade Incompatível;Colisão traseira;Com Vítimas Feridas;Pleno dia;Decrescente;Nublado;Dupla;"Retorno Regulamentado;Reta";Sim;4;0;1;0;1;3;0;2;-29,7501022;-51,15119174;SPRF-RS;DEL01/RS;UOP02-DEL01-RS
760486;24/03/2026;terça-feira;18:00:00;MG;116;420,3;ALPERCATA;Demais falhas mecânicas ou elétricas;Tombamento;Com Vítimas Feridas;Anoitecer;Decrescente;Nublado;Simples;Reta;Não;1;0;0;1;1;0;0;1;-18,933627;-41,945165;SPRF-MG;DEL06/MG;UOP01-DEL06-MG
760488;24/03/2026;terça-feira;18:30:00;ES;259;62,6;COLATINA;Ausência de reação do condutor;Colisão traseira;Com Vítimas Feridas;Plena Noite;Decrescente;Céu Claro;Simples;Reta;Sim;3;0;2;0;2;0;0;2;-19,52681;-40,700297;SPRF-ES;DEL02-ES;UOP01-DEL02-ES
760489;24/03/2026;terça-feira;17:05:00;RO;364;238,1;CACOAL;Ultrapassagem Indevida;Colisão lateral mesmo sentido;Com Vítimas Feridas;Pleno dia;Crescente;Céu Claro;Simples;Reta;Sim;3;0;2;0;2;1;0;2;-11,437359;-61,45643;SPRF-RO;DEL02-RO;UOP02-DEL02-RO
760490;24/03/2026;terça-feira;18:42:00;SP;116;218;GUARULHOS;Velocidade Incompatível;Colisão lateral mesmo sentido;Com Vítimas Feridas;Plena Noite;Crescente;Céu Claro;Múltipla;Reta;Sim;4;0;2;0;2;2;0;3;-23,46094903;-46,48849416;SPRF-SP;DEL01/SP;UOP01-DEL01-SP
760491;24/03/2026;terça-feira;15:30:00;SP;381;19;BRAGANCA PAULISTA;Ausência de reação do condutor;Colisão com objeto;Sem Vítimas;Pleno dia;Crescente;Céu Claro;Dupla;Reta;Não;1;0;0;0;0;1;0;1;-22,98254331;-46,49782562;SPRF-SP;DEL03/SP;UOP02-DEL03-SP
760492;24/03/2026;terça-feira;18:48:00;TO;235;162,7;PEDRO AFONSO;Acessar a via sem observar a presença dos outros veículos;Colisão transversal;Com Vítimas Fatais;Plena Noite;Crescente;Céu Claro;Simples;"Reta;Interseção de Vias";Sim;2;1;0;0;0;1;0;2;-8,99488269;-48,1737721;SPRF-TO;DEL02-TO;UOP02-DEL02-TO
760494;24/03/2026;terça-feira;18:20:00;ES;101;284;CARIACICA;Manobra de mudança de faixa;Colisão lateral mesmo sentido;Com Vítimas Feridas;Plena Noite;Crescente;Céu Claro;Dupla;"Declive;Reta";Sim;2;0;1;0;1;0;0;2;-20,24323;-40,369846;SPRF-ES;DEL01-ES;UOP01-DEL01-ES
760497;24/03/2026;terça-feira;18:45:00;PR;116;123;CURITIBA;Reação tardia ou ineficiente do condutor;Colisão traseira;Sem Vítimas;Plena Noite;Crescente;Nublado;Dupla;"Aclive;Reta";Não;2;0;0;0;0;2;0;2;-25,6014994;-49,3177295;SPRF-PR;DEL01/PR;UOP03-DEL01-PR
760498;24/03/2026;terça-feira;17:00:00;PR;163;217,6;CASCAVEL;Velocidade Incompatível;Saída de leito carroçável;Com Vítimas Feridas;Anoitecer;Decrescente;Céu Claro;Dupla;Reta;Não;1;0;1;0;1;0;0;1;-24,8671759;-53,5745486;SPRF-PR;DEL04/PR;UOP01-DEL04-PR
760499;24/03/2026;terça-feira;19:19:00;PE;101;61,4;RECIFE;Entrada inopinada do pedestre;Atropelamento de Pedestre;Com Vítimas Feridas;Plena Noite;Decrescente;Céu Claro;Dupla;Reta;Sim;2;0;1;0;1;1;0;2;-7,994277;-34,937988;SPRF-PE;DEL01/PE;UOP02-DEL01-PE
760501;12/03/2026;quinta-feira;20:00:00;RS;116;396;CAMAQUA;Ausência de reação do condutor;Colisão traseira;Com Vítimas Feridas;Plena Noite;Crescente;Nublado;Dupla;Reta;Não;2;0;1;0;1;1;0;2;-30,84301944;-51,75236313;SPRF-RS;DEL02/RS;UOP02-DEL02-RS
760504;24/03/2026;terça-feira;14:00:00;MG;381;244,2;SANTANA DO PARAISO;Acessar a via sem observar a presença dos outros veículos;Colisão transversal;Com Vítimas Feridas;Pleno dia;Crescente;Céu Claro;Simples;"Retorno Regulamentado;Reta";Sim;2;0;1;0;1;1;0;2;-19,45515116;-42,52281904;SPRF-MG;DEL06/MG;UOP01-DEL06-MG
760505;24/03/2026;terça-feira;19:00:00;RO;425;82;NOVA MAMORE;Ausência de reação do condutor;Colisão frontal;Com Vítimas Feridas;Plena Noite;Crescente;Céu Claro;Simples;Reta;Sim;4;0;3;0;3;1;0;2;-10,41667835;-65,33296824;SPRF-RO;DEL01-RO;UOP03-DEL01-RO
760506;13/03/2026;sexta-feira;21:30:00;MS;463;0,2;DOURADOS;Acesso irregular;Colisão frontal;Com Vítimas Feridas;Plena Noite;Decrescente;Céu Claro;Simples;Reta;Sim;2;0;0;1;1;1;0;2;-22,25910363;-54,80613148;SPRF-MS;DEL04/MS;UOP01-DEL04-MS
760508;24/03/2026;terça-feira;18:00:00;MS;267;29,8;BATAGUASSU;Acessar a via sem observar a presença dos outros veículos;Colisão transversal;Com Vítimas Feridas;Anoitecer;Crescente;Céu Claro;Dupla;"Reta;Retorno Regulamentado";Sim;2;0;1;0;1;1;0;2;-21,719593;-52,423166;SPRF-MS;DEL02/MS;UOP04-DEL02-MS
760509;24/03/2026;terça-feira;19:30:00;PR;376;618;SAO JOSE DOS PINHAIS;Trafegar com motocicleta (ou similar) entre as faixas;Colisão transversal;Com Vítimas Feridas;Plena Noite;Crescente;Céu Claro;Múltipla;Aclive;Sim;2;0;1;0;1;1;0;2;-25,60230334;-49,17341916;SPRF-PR;DEL01/PR;UOP04-DEL01-PR
760512;24/03/2026;terça-feira;18:50:00;GO;80;45;PADRE BERNARDO;Acessar a via sem observar a presença dos outros veículos;Colisão transversal;Com Vítimas Feridas;Plena Noite;Decrescente;Nublado;Simples;"Interseção de Vias;Reta";Sim;3;0;0;1;1;2;0;3;-15,170762;-48,284923;SPRF-DF;DEL03-DF;UOP02-DEL03-DF
760513;24/03/2026;terça-feira;18:40:00;PR;272;531;FRANCISCO ALVES;Reação tardia ou ineficiente do condutor;Atropelamento de Pedestre;Com Vítimas Feridas;Plena Noite;Decrescente;Céu Claro;Simples;Reta;Não;3;0;1;0;1;1;0;2;-24,066221;-53,888931;SPRF-PR;DEL06/PR;UOP01-DEL06-PR
760515;24/03/2026;terça-feira;06:30:00;PR;376;174,5;MARINGA;Desrespeitar a preferência no cruzamento;Colisão lateral mesmo sentido;Com Vítimas Feridas;Pleno dia;Decrescente;Céu Claro;Dupla;Interseção de Vias;Sim;2;0;1;0;1;1;0;2;-23,41591882;-51,95458174;SPRF-PR;DEL09/PR;UOP01-DEL09-PR
760516;24/03/2026;terça-feira;18:00:00;BA;235;269;CURACA;Animais na Pista;Saída de leito carroçável;Com Vítimas Fatais;Anoitecer;Decrescente;Céu Claro;Simples;Reta;Não;1;1;0;0;0;0;0;1;-9,61302118;-39,83122719;SPRF-BA;DEL07/BA;UOP03-DEL07-BA
760517;24/03/2026;terça-feira;20:15:00;PR;376;200,9;MARIALVA;Ingestão de álcool pelo condutor;Saída de leito carroçável;Sem Vítimas;Plena Noite;Crescente;Nublado;Dupla;Curva;Não;1;0;0;0;0;0;1;1;-23,50578527;-51,73974752;SPRF-PR;DEL09/PR;UOP01-DEL09-PR
760518;24/03/2026;terça-feira;20:15:00;SC;101;131;CAMBORIU;Reação tardia ou ineficiente do condutor;Colisão traseira;Com Vítimas Feridas;Plena Noite;Crescente;Céu Claro;Simples;Reta;Sim;2;0;0;1;1;1;0;2;-26,99520755;-48,65879059;SPRF-SC;DEL04/SC;UOP03-DEL04-SC
760521;24/03/2026;terça-feira;20:20:00;PB;104;92,6;ESPERANCA;Velocidade Incompatível;Colisão com objeto;Com Vítimas Feridas;Plena Noite;Decrescente;Céu Claro;Simples;Reta;Não;1;0;1;0;1;0;0;1;-6,991433;-35,833228;SPRF-PB;DEL02-PB;UOP04-DEL02-PB
760522;24/03/2026;terça-feira;20:45:00;PR;277;348;GUARAPUAVA;Ausência de reação do condutor;Saída de leito carroçável;Sem Vítimas;Plena Noite;Decrescente;Chuva;Dupla;Reta;Sim;1;0;0;0;0;1;0;1;-25,364;-51,47511;SPRF-PR;DEL08/PR;UOP01-DEL08-PR
760525;24/03/2026;terça-feira;18:40:00;SP;459;22,7;LORENA;Conversão proibida;Colisão transversal;Com Vítimas Feridas;Plena Noite;Decrescente;Céu Claro;Simples;Declive;Não;2;0;0;1;1;1;0;2;-22,66976;-45,14003;SPRF-SP;DEL08/SP;UOP02-DEL08-SP
760527;24/03/2026;terça-feira;21:15:00;GO;414;373;COCALZINHO DE GOIAS;Ausência de reação do condutor;Saída de leito carroçável;Com Vítimas Feridas;Plena Noite;Crescente;Céu Claro;Dupla;Reta;Sim;1;0;1;0;1;0;0;1;-15,7712707;-48,76211834;SPRF-GO;DEL02/GO;UOP01-DEL02-GO
760528;24/03/2026;terça-feira;18:00:00;RJ;116;96;GUAPIMIRIM;Ultrapassagem Indevida;Colisão lateral sentido oposto;Com Vítimas Feridas;Anoitecer;Crescente;Céu Claro;Simples;"Declive;Reta";Não;6;0;4;0;4;2;0;3;-22,47742098;-42,99756207;SPRF-RJ;DEL04/RJ;UOP01-DEL04-RJ
760531;24/03/2026;terça-feira;19:40:00;DF;60;9,9;BRASILIA;Pedestre andava na pista;Atropelamento de Pedestre;Com Vítimas Feridas;Plena Noite;Crescente;Nublado;Dupla;Reta;Não;3;0;1;0;1;2;0;2;-15,909228;-48,149838;SPRF-DF;DEL03-DF;UOP01-DEL03-DF
760532;24/03/2026;terça-feira;14:40:00;MG;381;728;CARMO DA CACHOEIRA;Ausência de reação do condutor;Colisão com objeto;Com Vítimas Feridas;Pleno dia;Crescente;Chuva;Dupla;Curva;Não;4;0;1;0;1;3;0;1;-21,489354;-45,207498;SPRF-MG;DEL04/MG;UOP02-DEL04-MG
760533;24/03/2026;terça-feira;21:50:00;RJ;116;311;RESENDE;Condutor Dormindo;Colisão com objeto;Com Vítimas Feridas;Plena Noite;Decrescente;Céu Claro;Simples;Reta;Não;1;0;1;0;1;0;0;1;-22,46089885;-44,44192585;SPRF-RJ;DEL07/RJ;UOP02-DEL07-RJ
760535;24/03/2026;terça-feira;20:30:00;SC;280;6,9;SAO FRANCISCO DO SUL;Acessar a via sem observar a presença dos outros veículos;Colisão traseira;Com Vítimas Feridas;Plena Noite;Decrescente;Céu Claro;Simples;"Rotatória;Reta";Sim;2;0;1;0;1;1;0;2;-26,27027422;-48,64038913;SPRF-SC;DEL03/SC;UOP03-DEL03-SC
760536;24/03/2026;terça-feira;22:47:00;SP;116;222;GUARULHOS;Reação tardia ou ineficiente do condutor;Colisão traseira;Com Vítimas Feridas;Plena Noite;Crescente;Céu Claro;Múltipla;Reta;Sim;3;0;1;0;1;2;0;2;-23,4749549;-46,52343798;SPRF-SP;DEL01/SP;UOP01-DEL01-SP
760537;24/03/2026;terça-feira;22:27:00;AP;210;0;MACAPA;Condutor deixou de manter distância do veículo da frente;Colisão lateral mesmo sentido;Com Vítimas Feridas;Plena Noite;Crescente;Céu Claro;Múltipla;Reta;Sim;3;0;2;0;2;1;0;2;0,0784;-51,07;SPRF-AP;DEL01-AP;UOP01-DEL01-AP
760538;24/03/2026;terça-feira;22:55:00;SC;101;150,1;ITAPEMA;Manobra de mudança de faixa;Colisão lateral mesmo sentido;Com Vítimas Feridas;Plena Noite;Crescente;Nublado;Simples;Reta;Sim;2;0;1;0;1;1;0;2;-27,11747;-48,60941;SPRF-SC;DEL04/SC;UOP03-DEL04-SC
760539;24/03/2026;terça-feira;22:30:00;RO;364;425,1;JARU;Pista esburacada;Tombamento;Com Vítimas Feridas;Plena Noite;Decrescente;Chuva;Simples;Reta;Sim;1;0;1;0;1;0;0;1;-10,43635962;-62,47379168;SPRF-RO;DEL03-RO;UOP02-DEL03-RO
760541;25/03/2026;quarta-feira;01:30:00;MS;163;610;SAO GABRIEL DO OESTE;Avarias e/ou desgaste excessivo no pneu;Tombamento;Com Vítimas Feridas;Plena Noite;Crescente;Nublado;Simples;Reta;Não;1;0;1;0;1;0;0;1;-19,427338;-54,543452;SPRF-MS;DEL06/MS;UOP02-DEL06-MS
760543;24/03/2026;terça-feira;22:30:00;RJ;101;321;NITEROI;Ausência de reação do condutor;Tombamento;Com Vítimas Feridas;Plena Noite;Decrescente;Céu Claro;Dupla;Curva;Sim;1;0;1;0;1;0;0;1;-22,86778252;-43,11032031;SPRF-RJ;DEL02/RJ;UOP01-DEL02-RJ
760546;25/03/2026;quarta-feira;06:01:00;PB;230;21,5;JOAO PESSOA;Reação tardia ou ineficiente do condutor;Colisão lateral mesmo sentido;Com Vítimas Feridas;Pleno dia;Crescente;Sol;Dupla;Reta;Sim;2;0;1;0;1;1;0;2;-7,14944403;-34,85181618;SPRF-PB;DEL01-PB;UOP01-DEL01-PB