id;data_inversa;dia_semana;horario;uf;br;km;municipio;causa_acidente;tipo_acidente;classificacao_acidente;fase_dia;sentido_via;condicao_metereologica;tipo_pista;tracado_via;uso_solo;pessoas;mortos;feridos_leves;feridos_graves;feridos;ilesos;ignorados;veiculos;latitude;longitude;regional;delegacia;uop
760548;25/03/2026;quarta-feira;06:20:00;ES;101;174,5;ARACRUZ;Acessar a via sem observar a presença dos outros veículos;Colisão transversal;Com Vítimas Feridas;Pleno dia;Decrescente;Nublado;Simples;Reta;Sim;2;0;1;0;1;0;0;2;-19,58524032;-40,18993783;SPRF-ES;DEL04-ES;UOP01-DEL04-ES
760550;25/03/2026;quarta-feira;06:33:00;SP;116;276;EMBU DAS ARTES;Reação tardia ou ineficiente do condutor;Colisão traseira;Com Vítimas Feridas;Pleno dia;Decrescente;Céu Claro;Dupla;Reta;Não;1;0;1;0;1;0;0;1;-23,62335302;-46,81473107;SPRF-SP;DEL04/SP;UOP01-DEL04-SP
760553;25/03/2026;quarta-feira;07:05:00;RJ;116;316;ITATIAIA;Ausência de reação do condutor;Atropelamento de Pedestre;Com Vítimas Feridas;Amanhecer;Decrescente;Céu Claro;Simples;Curva;Não;2;0;1;0;1;0;0;2;-22,49200687;-44,56325283;SPRF-RJ;DEL07/RJ;UOP02-DEL07-RJ
760554;25/03/2026;quarta-feira;06:30:00;RJ;101;321;NITEROI;Condutor deixou de manter distância do veículo da frente;Colisão traseira;Com Vítimas Feridas;Pleno dia;Crescente;Céu Claro;Dupla;Reta;Sim;2;0;1;0;1;1;0;2;-22,87230022;-43,11043739;SPRF-RJ;DEL02/RJ;UOP01-DEL02-RJ
760555;25/03/2026;quarta-feira;06:30:00;PE;232;7;RECIFE;Condutor deixou de manter distância do veículo da frente;Engavetamento;Sem Vítimas;Pleno dia;Decrescente;Céu Claro;Dupla;Reta;Sim;10;0;0;0;0;6;0;4;-8,07305;-34,96081;SPRF-PE;DEL01/PE;UOP01-DEL01-PE
760558;24/03/2026;terça-feira;19:03:00;RJ;465;20;SEROPEDICA;Condutor deixou de manter distância do veículo da frente;Colisão lateral mesmo sentido;Com Vítimas Feridas;Plena Noite;Decrescente;Céu Claro;Simples;Reta;Não;2;0;1;0;1;1;0;2;-22,7421331;-43,70562494;SPRF-RJ;DEL06/RJ;UOP02-DEL06-RJ
760559;25/03/2026;quarta-feira;06:00:00;PE;232;5,6;RECIFE;Reação tardia ou ineficiente do condutor;Colisão traseira;Sem Vítimas;Pleno dia;Decrescente;Céu Claro;Múltipla;Reta;Sim;2;0;0;0;0;1;0;2;-8,0694777;-34,9481263;SPRF-PE;DEL01/PE;UOP01-DEL01-PE
760560;25/03/2026;quarta-feira;07:40:00;DF;40;1;BRASILIA;Condutor deixou de manter distância do veículo da frente;Colisão traseira;Com Vítimas Feridas;Pleno dia;Decrescente;Céu Claro;Dupla;Reta;Sim;2;0;1;0;1;1;0;2;-15,99456428;-47,98571991;SPRF-DF;DEL01-DF;UOP01-DEL01-DF
760562;25/03/2026;quarta-feira;07:30:00;PR;376;187,8;MARIALVA;Reação tardia ou ineficiente do condutor;Colisão traseira;Com Vítimas Feridas;Pleno dia;Decrescente;Céu Claro;Dupla;"Reta;Retorno Regulamentado";Não;2;0;1;0;1;1;0;2;-23,45944445;-51,84014646;SPRF-PR;DEL09/PR;UOP01-DEL09-PR
760563;25/03/2026;quarta-feira;07:50:00;SC;280;25,4;ARAQUARI;Trafegar com motocicleta (ou similar) entre as faixas;Colisão transversal;Com Vítimas Feridas;Pleno dia;Crescente;Céu Claro;Simples;Reta;Não;2;0;0;1;1;1;0;2;-26,386037;-48,729685;SPRF-SC;DEL03/SC;UOP03-DEL03-SC
760564;25/03/2026;quarta-feira;06:50:00;SC;101;149,7;ITAPEMA;Reação tardia ou ineficiente do condutor;Colisão lateral mesmo sentido;Com Vítimas Feridas;Pleno dia;Crescente;Céu Claro;Dupla;"Interseção de Vias;Reta";Não;2;0;1;0;1;1;0;2;-27,11408;-48,61027;SPRF-SC;DEL04/SC;UOP03-DEL04-SC
760567;25/03/2026;quarta-feira;07:40:00;RJ;101;240;SILVA JARDIM;Condutor deixou de manter distância do veículo da frente;Colisão traseira;Com Vítimas Feridas;Pleno dia;Decrescente;Céu Claro;Dupla;Reta;Não;2;0;2;0;2;0;0;2;-22,65108631;-42,48756409;SPRF-RJ;DEL02/RJ;UOP03-DEL02-RJ
760569;25/03/2026;quarta-feira;05:55:00;RO;364;685;CANDEIAS DO JAMARI;Ausência de reação do condutor;Colisão traseira;Com Vítimas Feridas;Pleno dia;Decrescente;Nublado;Simples;Reta;Não;2;0;1;0;1;1;0;2;-8,79071928;-63,63357103;SPRF-RO;DEL01-RO;UOP01-DEL01-RO
760570;25/03/2026;quarta-feira;08:00:00;BA;324;620;SALVADOR;Trafegar com motocicleta (ou similar) entre as faixas;Tombamento;Com Vítimas Feridas;Pleno dia;Crescente;Nublado;Dupla;Reta;Não;2;0;1;0;1;1;0;1;-12,91699841;-38,4628461;SPRF-BA;DEL01/BA;UOP01-DEL01-BA
760571;25/03/2026;quarta-feira;08:20:00;RJ;101;333;RIO DE JANEIRO;Ausência de reação do condutor;Tombamento;Com Vítimas Feridas;Pleno dia;Crescente;Céu Claro;Dupla;"Reta;Ponte";Não;1;0;1;0;1;0;0;1;-22,88155252;-43,21399212;SPRF-RJ;DEL02/RJ;UOP01-DEL02-RJ
760572;25/03/2026;quarta-feira;07:25:00;MS;163;484;CAMPO GRANDE;Acessar a via sem observar a presença dos outros veículos;Colisão transversal;Com Vítimas Feridas;Pleno dia;Decrescente;Céu Claro;Simples;Reta;Sim;2;0;1;0;1;1;0;2;-20,44769916;-54,54091495;SPRF-MS;DEL01/MS;UOP02-DEL01-MS
760573;21/03/2026;sábado;22:30:00;BA;324;603;SIMOES FILHO;Demais falhas mecânicas ou elétricas;Incêndio;Sem Vítimas;Plena Noite;Crescente;Nublado;Dupla;Reta;Não;1;0;0;0;0;0;1;1;-12,78557714;-38,41062281;SPRF-BA;DEL01/BA;UOP01-DEL01-BA
760574;09/03/2026;segunda-feira;23:50:00;MG;40;368;FELIXLANDIA;Condutor deixou de manter distância do veículo da frente;Colisão traseira;Com Vítimas Feridas;Plena Noite;Decrescente;Nublado;Simples;Reta;Não;1;0;1;0;1;0;0;1;-18,8020082;-44,7987346;SPRF-MG;DEL02/MG;UOP01-DEL02-MG
760575;25/03/2026;quarta-feira;07:50:00;MA;135;4,2;SAO LUIS;Acessar a via sem observar a presença dos outros veículos;Colisão transversal;Com Vítimas Feridas;Pleno dia;Crescente;Sol;Dupla;Reta;Sim;2;0;1;0;1;1;0;2;-2,616597;-44,254399;SPRF-MA;DEL01-MA;UOP01-DEL01-MA
760578;25/03/2026;quarta-feira;05:30:00;MG;364;1,9;PLANURA;Acessar a via sem observar a presença dos outros veículos;Colisão transversal;Com Vítimas Feridas;Amanhecer;Crescente;Nublado;Simples;Interseção de Vias;Sim;2;0;0;1;1;0;0;2;-20,14832587;-48,68814318;SPRF-MG;DEL13/MG;UOP02-DEL13-MG
760579;25/03/2026;quarta-feira;09:10:00;SC;101;131;CAMBORIU;Acessar a via sem observar a presença dos outros veículos;Colisão frontal;Com Vítimas Feridas;Pleno dia;Crescente;Céu Claro;Simples;Reta;Sim;2;0;1;0;1;1;0;2;-26,99317562;-48,66120307;SPRF-SC;DEL04/SC;UOP03-DEL04-SC
760580;25/03/2026;quarta-feira;09:30:00;MG;40;352,5;FELIXLANDIA;Avarias e/ou desgaste excessivo no pneu;Capotamento;Com Vítimas Feridas;Pleno dia;Decrescente;Céu Claro;Simples;Reta;Não;5;0;3;2;5;0;0;1;-18,728631;-44,914322;SPRF-MG;DEL02/MG;UOP01-DEL02-MG
760581;25/03/2026;quarta-feira;08:05:00;SC;470;139;RIO DO SUL;Acessar a via sem observar a presença dos outros veículos;Colisão lateral mesmo sentido;Sem Vítimas;Pleno dia;Decrescente;Céu Claro;Dupla;"Reta;Rotatória";Não;2;0;0;0;0;2;0;2;-27,20220223;-49,63355748;SPRF-SC;DEL04/SC;UOP02-DEL04-SC
760582;25/03/2026;quarta-feira;08:30:00;DF;60;21;BRASILIA;Acostamento em desnível;Queda de ocupante de veículo;Com Vítimas Feridas;Pleno dia;Decrescente;Céu Claro;Dupla;Curva;Não;1;0;1;0;1;0;0;1;-15,977167;-48,200772;SPRF-DF;DEL03-DF;UOP01-DEL03-DF
760584;09/02/2026;segunda-feira;06:45:00;SC;280;50;GUARAMIRIM;Avarias e/ou desgaste excessivo no pneu;Saída de leito carroçável;Com Vítimas Feridas;Pleno dia;Decrescente;Céu Claro;Simples;Curva;Não;2;0;2;0;2;0;0;1;-26,46263318;-48,94834805;SPRF-SC;DEL03/SC;UOP03-DEL03-SC
760585;25/03/2026;quarta-feira;09:35:00;SC;101;210,6;SAO JOSE;Condutor deixou de manter distância do veículo da frente;Colisão traseira;Com Vítimas Feridas;Pleno dia;Crescente;Céu Claro;Múltipla;Reta;Sim;4;0;1;2;3;1;0;2;-27,61615228;-48,64294946;SPRF-SC;DEL01/SC;UOP01-DEL01-SC
760586;25/03/2026;quarta-feira;09:40:00;GO;40;12,7;LUZIANIA;Condutor deixou de manter distância do veículo da frente;Colisão traseira;Com Vítimas Feridas;Pleno dia;Decrescente;Céu Claro;Dupla;Reta;Sim;3;0;2;0;2;1;0;2;-16,15002;-47,94035;SPRF-DF;DEL01-DF;UOP01-DEL01-DF
760587;25/03/2026;quarta-feira;10:30:00;PR;369;144;LONDRINA;Frear bruscamente;Colisão com objeto;Sem Vítimas;Pleno dia;Decrescente;Céu Claro;Dupla;"Declive;Reta";Não;1;0;0;0;0;1;0;1;-23,29327345;-51,10401956;SPRF-PR;DEL07/PR;UOP01-DEL07-PR
760588;25/03/2026;quarta-feira;10:20:00;SP;381;57;MAIRIPORA;Reação tardia ou ineficiente do condutor;Colisão lateral mesmo sentido;Com Vítimas Feridas;Pleno dia;Decrescente;Céu Claro;Dupla;Reta;Não;3;0;1;0;1;2;0;2;-23,26875894;-46,58376932;SPRF-SP;DEL03/SP;UOP01-DEL03-SP
760589;25/03/2026;quarta-feira;07:50:00;MG;116;555,1;MANHUACU;Velocidade Incompatível;Saída de leito carroçável;Com Vítimas Feridas;Pleno dia;Crescente;Nublado;Simples;"Declive;Curva";Não;1;0;1;0;1;0;0;1;-20,00844391;-42,15101481;SPRF-MG;DEL06/MG;UOP02-DEL06-MG
760590;25/03/2026;quarta-feira;08:50:00;RO;364;430;JARU;Acessar a via sem observar a presença dos outros veículos;Colisão transversal;Com Vítimas Feridas;Pleno dia;Decrescente;Nublado;Simples;"Reta;Interseção de Vias";Não;3;0;1;1;2;1;0;2;-10,40669598;-62,5163269;SPRF-RO;DEL03-RO;UOP02-DEL03-RO
760594;25/03/2026;quarta-feira;11:15:00;PB;230;9;CABEDELO;Manobra de mudança de faixa;Colisão transversal;Com Vítimas Feridas;Pleno dia;Crescente;Céu Claro;Simples;Reta;Sim;3;0;1;1;2;0;0;3;-7,04597562;-34,8478201;SPRF-PB;DEL01-PB;UOP01-DEL01-PB
760598;25/03/2026;quarta-feira;11:15:00;PE;232;408;SERRA TALHADA;Pista Escorregadia;Queda de ocupante de veículo;Com Vítimas Feridas;Pleno dia;Decrescente;Céu Claro;Simples;Reta;Sim;3;0;1;0;1;0;0;2;-7,983402;-38,283705;SPRF-PE;DEL04/PE;UOP01-DEL04-PE
760599;25/03/2026;quarta-feira;11:10:00;PR;469;13;FOZ DO IGUACU;Ausência de reação do condutor;Colisão traseira;Com Vítimas Feridas;Pleno dia;Decrescente;Céu Claro;Dupla;Reta;Sim;2;0;1;0;1;1;0;2;-25,57881107;-54,53847397;SPRF-PR;DEL05/PR;UOP04-DEL05-PR
760601;25/03/2026;quarta-feira;09:40:00;MG;40;633,4;CONSELHEIRO LAFAIETE;Avarias e/ou desgaste excessivo no pneu;Colisão com objeto;Sem Vítimas;Pleno dia;Decrescente;Sol;Simples;Curva;Sim;1;0;0;0;0;1;0;1;-20,67991754;-43,79420456;SPRF-MG;DEL05/MG;UOP02-DEL05-MG
760602;25/03/2026;quarta-feira;12:10:00;MG;116;524,8;CARATINGA;Retorno proibido;Colisão transversal;Com Vítimas Feridas;Pleno dia;Decrescente;Nublado;Simples;Curva;Sim;2;0;0;1;1;1;0;2;-19,769895;-42,131922;SPRF-MG;DEL06/MG;UOP02-DEL06-MG
760603;25/03/2026;quarta-feira;12:00:00;PR;277;0,7;PARANAGUA;Acessar a via sem observar a presença dos outros veículos;Colisão transversal;Com Vítimas Feridas;Amanhecer;Crescente;Sol;Dupla;Interseção de Vias;Sim;2;0;1;0;1;1;0;2;-25,55497;-48,557905;SPRF-PR;DEL01/PR;UOP05-DEL01-PR
760604;25/03/2026;quarta-feira;07:30:00;MG;40;528;CONTAGEM;Entrada inopinada do pedestre;Atropelamento de Pedestre;Com Vítimas Feridas;Pleno dia;Crescente;Céu Claro;Dupla;"Aclive;Reta";Sim;2;0;1;0;1;1;0;2;-19,91195051;-44,04162705;SPRF-MG;DEL01/MG;UOP02-DEL01-MG
760613;25/03/2026;quarta-feira;13:20:00;SC;101;198,4;BIGUACU;Ausência de reação do condutor;Colisão lateral mesmo sentido;Com Vítimas Feridas;Pleno dia;Crescente;Céu Claro;Múltipla;Reta;Sim;2;0;1;0;1;0;0;2;-27,53039792;-48,63286821;SPRF-SC;DEL01/SC;UOP01-DEL01-SC
760616;25/03/2026;quarta-feira;12:40:00;SP;116;2;GUARULHOS;Reação tardia ou ineficiente do condutor;Saída de leito carroçável;Com Vítimas Feridas;Pleno dia;Decrescente;Céu Claro;Dupla;Reta;Sim;1;0;1;0;1;0;0;1;-23,44088403;-46,49456978;SPRF-SP;DEL01/SP;UOP01-DEL01-SP
760617;25/03/2026;quarta-feira;12:33:00;RS;392;3,7;RIO GRANDE;Acessar a via sem observar a presença dos outros veículos;Colisão transversal;Com Vítimas Feridas;Pleno dia;Crescente;Céu Claro;Simples;Reta;Sim;2;0;1;0;1;1;0;2;-32,0670841;-52,0933614;SPRF-RS;DEL07/RS;UOP02-DEL07-RS
760618;25/03/2026;quarta-feira;13:00:00;SC;101;205,8;SAO JOSE;Ausência de reação do condutor;Colisão traseira;Com Vítimas Feridas;Pleno dia;Crescente;Céu Claro;Simples;Reta;Não;2;0;1;0;1;1;0;2;-27,588378;-48,617196;SPRF-SC;DEL01/SC;UOP01-DEL01-SC
760620;25/03/2026;quarta-feira;13:55:00;PB;230;15,2;JOAO PESSOA;Ausência de reação do condutor;Colisão traseira;Com Vítimas Feridas;Pleno dia;Decrescente;Céu Claro;Dupla;Curva;Sim;2;0;1;0;1;1;0;2;-7,1021026;-34,84714061;SPRF-PB;DEL01-PB;UOP01-DEL01-PB
760622;25/03/2026;quarta-feira;09:00:00;AL;423;49,6;INHAPI;Acesso irregular;Colisão traseira;Com Vítimas Feridas;Pleno dia;Crescente;Céu Claro;Simples;Reta;Não;5;0;1;0;1;4;0;2;-9,26161225;-37,72403665;SPRF-AL;DEL03-AL;UOP02-DEL03-AL
760623;25/03/2026;quarta-feira;13:14:00;TO;153;677,6;GURUPI;Transitar no Acostamento;Colisão transversal;Com Vítimas Feridas;Pleno dia;Crescente;Céu Claro;Simples;Reta;Não;2;0;1;0;1;1;0;2;-11,68148839;-49,06768799;SPRF-TO;DEL01-TO;UOP02-DEL01-TO
760624;25/03/2026;quarta-feira;12:20:00;SP;116;94;PINDAMONHANGABA;Reação tardia ou ineficiente do condutor;Colisão traseira;Com Vítimas Feridas;Pleno dia;Crescente;Céu Claro;Dupla;Reta;Não;6;0;1;0;1;5;0;2;-22,956237;-45,413347;SPRF-SP;DEL08/SP;UOP01-DEL08-SP
760628;25/03/2026;quarta-feira;12:15:00;SC;163;117;DIONISIO CERQUEIRA;Acumulo de água sobre o pavimento;Saída de leito carroçável;Com Vítimas Feridas;Pleno dia;Crescente;Chuva;Simples;Curva;Não;1;0;1;0;1;0;0;1;-26,35492906;-53,54285424;SPRF-SC;DEL07/SC;UOP03-DEL07-SC
760629;25/03/2026;quarta-feira;13:35:00;SC;280;46,3;GUARAMIRIM;Velocidade Incompatível;Colisão com objeto;Com Vítimas Feridas;Pleno dia;Crescente;Céu Claro;Dupla;"Viaduto;Declive;Interseção de Vias;Em Obras";Não;1;0;0;1;1;0;0;1;-26,45286;-48,91074;SPRF-SC;DEL03/SC;UOP03-DEL03-SC
760632;25/03/2026;quarta-feira;14:45:00;SC;280;210;TRES BARRAS;Condutor Dormindo;Colisão lateral sentido oposto;Com Vítimas Feridas;Pleno dia;Decrescente;Céu Claro;Simples;Reta;Não;5;0;2;0;2;3;0;2;-26,17261039;-50,16195484;SPRF-SC;DEL06/SC;UOP04-DEL06-SC
760633;25/03/2026;quarta-feira;15:00:00;MG;381;482;BETIM;Ausência de reação do condutor;Colisão traseira;Com Vítimas Feridas;Pleno dia;Crescente;Céu Claro;Dupla;Reta;Sim;5;0;2;0;2;2;0;3;-19,95886416;-44,07188821;SPRF-MG;DEL01/MG;UOP03-DEL01-MG
760634;25/03/2026;quarta-feira;15:35:00;RJ;116;183;NOVA IGUACU;Ultrapassagem Indevida;Colisão traseira;Com Vítimas Feridas;Pleno dia;Crescente;Céu Claro;Múltipla;Reta;Sim;3;0;1;0;1;2;0;2;-22,75029352;-43,43991727;SPRF-RJ;DEL06/RJ;UOP01-DEL06-RJ
760636;25/03/2026;quarta-feira;14:30:00;MG;381;483;BETIM;Reação tardia ou ineficiente do condutor;Capotamento;Com Vítimas Feridas;Pleno dia;Crescente;Céu Claro;Múltipla;"Declive;Reta";Sim;1;0;1;0;1;0;0;1;-19,9581394;-44,0802286;SPRF-MG;DEL01/MG;UOP03-DEL01-MG
760637;25/03/2026;quarta-feira;15:30:00;SE;101;148,8;ESTANCIA;Manobra de mudança de faixa;Colisão transversal;Com Vítimas Feridas;Pleno dia;Decrescente;Céu Claro;Simples;Reta;Sim;3;0;1;0;1;2;0;2;-11,242472;-37,432011;SPRF-SE;DEL02-SE;UOP01-DEL02-SE
760639;17/03/2026;terça-feira;12:35:00;SC;280;28,5;ARAQUARI;Acessar a via sem observar a presença dos outros veículos;Colisão transversal;Com Vítimas Feridas;Pleno dia;Decrescente;Céu Claro;Simples;Reta;Sim;2;0;0;1;1;1;0;2;-26,407897;-48,749353;SPRF-SC;DEL03/SC;UOP03-DEL03-SC
760640;12/03/2026;quinta-feira;03:48:00;PR;116;108,9;CURITIBA;Deficiência do Sistema de Iluminação/Sinalização;Colisão traseira;Com Vítimas Feridas;Plena Noite;Crescente;Nublado;Dupla;Reta;Não;2;0;1;1;2;0;0;2;-25,56561;-49,244303;SPRF-PR;DEL01/PR;UOP03-DEL01-PR
760641;25/03/2026;quarta-feira;13:12:00;RJ;393;297,9;BARRA MANSA;Acessar a via sem observar a presença dos outros veículos;Colisão lateral mesmo sentido;Com Vítimas Feridas;Pleno dia;Decrescente;Sol;Simples;"Declive;Reta";Sim;2;0;0;1;1;1;0;2;-22,542317;-44,113522;SPRF-RJ;DEL07/RJ;UOP02-DEL07-RJ
760642;25/03/2026;quarta-feira;16:05:00;RN;101;93,8;NATAL;Condutor deixou de manter distância do veículo da frente;Colisão traseira;Sem Vítimas;Pleno dia;Decrescente;Céu Claro;Múltipla;Reta;Sim;2;0;0;0;0;2;0;2;-5,82802812;-35,21040607;SPRF-RN;DEL01-RN;UOP01-DEL01-RN
760643;25/03/2026;quarta-feira;15:45:00;RS;392;667,8;CERRO LARGO;Transitar na contramão;Colisão lateral sentido oposto;Com Vítimas Feridas;Pleno dia;Decrescente;Céu Claro;Simples;Reta;Não;3;0;0;1;1;2;0;2;-28,121245;-54,791049;SPRF-RS;DEL10/RS;UOP01-DEL10-RS
760644;25/03/2026;quarta-feira;14:20:00;MG;116;508,9;UBAPORANGA;Desrespeitar a preferência no cruzamento;Colisão transversal;Com Vítimas Feridas;Pleno dia;Crescente;Nublado;Simples;"Declive;Reta";Sim;2;0;1;0;1;1;0;2;-19,63862652;-42,10634708;SPRF-MG;DEL06/MG;UOP02-DEL06-MG
760645;25/03/2026;quarta-feira;15:10:00;SC;101;132,5;BALNEARIO CAMBORIU;Manobra de mudança de faixa;Colisão lateral mesmo sentido;Com Vítimas Feridas;Pleno dia;Crescente;Céu Claro;Dupla;"Interseção de Vias;Reta";Sim;2;0;1;0;1;1;0;2;-26,99817;-48,65034;SPRF-SC;DEL04/SC;UOP03-DEL04-SC
760646;25/03/2026;quarta-feira;15:00:00;PR;116;92;SAO JOSE DOS PINHAIS;Pedestre cruzava a pista fora da faixa;Atropelamento de Pedestre;Com Vítimas Feridas;Pleno dia;Crescente;Sol;Dupla;"Reta;Viaduto";Não;2;0;0;1;1;1;0;2;-25,510928;-49,128098;SPRF-PR;DEL01/PR;UOP08-DEL01-PR
760647;25/03/2026;quarta-feira;15:00:00;MG;40;439;PARAOPEBA;Velocidade Incompatível;Saída de leito carroçável;Com Vítimas Feridas;Pleno dia;Decrescente;Chuva;Dupla;Curva;Não;1;0;1;0;1;0;0;1;-19,241975;-44,427769;SPRF-MG;DEL02/MG;UOP01-DEL02-MG
760648;25/03/2026;quarta-feira;15:46:00;SC;101;154;PORTO BELO;Trafegar com motocicleta (ou similar) entre as faixas;Colisão lateral mesmo sentido;Com Vítimas Feridas;Pleno dia;Crescente;Céu Claro;Dupla;Reta;Sim;2;0;1;0;1;1;0;2;-27,15226619;-48,61078827;SPRF-SC;DEL04/SC;UOP03-DEL04-SC
760650;25/03/2026;quarta-feira;11:10:00;RS;290;274;CACHOEIRA DO SUL;Reação tardia ou ineficiente do condutor;Saída de leito carroçável;Com Vítimas Feridas;Pleno dia;Decrescente;Chuva;Simples;"Reta;Declive";Não;2;0;1;1;2;0;0;1;-30,26076538;-52,98343152;SPRF-RS;DEL02/RS;UOP03-DEL02-RS
760651;25/03/2026;quarta-feira;15:50:00;MG;381;603,2;OLIVEIRA;Ausência de reação do condutor;Saída de leito carroçável;Com Vítimas Feridas;Pleno dia;Decrescente;Céu Claro;Dupla;Reta;Não;2;0;2;0;2;0;0;1;-20,6223005;-44,73338197;SPRF-MG;DEL04/MG;UOP01-DEL04-MG
760652;25/03/2026;quarta-feira;13:20:00;RJ;116;176;SAO JOAO DE MERITI;Acessar a via sem observar a presença dos outros veículos;Queda de ocupante de veículo;Com Vítimas Feridas;Pleno dia;Crescente;Céu Claro;Dupla;Reta;Não;2;0;2;0;2;0;0;1;-22,7809297;-43,39393616;SPRF-RJ;DEL06/RJ;UOP01-DEL06-RJ
760653;25/03/2026;quarta-feira;15:00:00;SC;280;158;MAFRA;Velocidade Incompatível;Saída de leito carroçável;Com Vítimas Feridas;Pleno dia;Decrescente;Sol;Simples;"Declive;Reta";Não;1;0;1;0;1;0;0;1;-26,201952;-49,755801;SPRF-SC;DEL06/SC;UOP03-DEL06-SC
760656;25/03/2026;quarta-feira;16:00:00;ES;101;146;LINHARES;Reação tardia ou ineficiente do condutor;Colisão traseira;Com Vítimas Feridas;Anoitecer;Decrescente;Céu Claro;Múltipla;Reta;Sim;2;0;1;0;1;0;0;2;-19,375592;-40,065925;SPRF-ES;DEL04-ES;UOP01-DEL04-ES
760658;25/03/2026;quarta-feira;16:30:00;MG;40;532,9;BELO HORIZONTE;Condutor deixou de manter distância do veículo da frente;Colisão traseira;Sem Vítimas;Pleno dia;Crescente;Céu Claro;Dupla;Reta;Sim;2;0;0;0;0;2;0;2;-19,92609642;-44,00899577;SPRF-MG;DEL01/MG;UOP02-DEL01-MG
760659;25/03/2026;quarta-feira;17:50:00;MG;116;408,9;GOVERNADOR VALADARES;Chuva;Tombamento;Com Vítimas Feridas;Anoitecer;Crescente;Chuva;Dupla;"Interseção de Vias;Reta";Não;1;0;1;0;1;0;0;1;-18,845107;-41,981233;SPRF-MG;DEL06/MG;UOP01-DEL06-MG
760660;25/03/2026;quarta-feira;13:40:00;AC;364;136;RIO BRANCO;Desrespeitar a preferência no cruzamento;Colisão transversal;Com Vítimas Feridas;Pleno dia;Decrescente;Céu Claro;Dupla;"Declive;Rotatória";Sim;2;0;1;0;1;1;0;2;-9,97731766;-67,84937085;SPRF-AC;DEL01-AC;UOP01-DEL01-AC
760661;25/03/2026;quarta-feira;16:50:00;PE;428;184,1;PETROLINA;Acessar a via sem observar a presença dos outros veículos;Colisão lateral mesmo sentido;Com Vítimas Feridas;Pleno dia;Decrescente;Sol;Dupla;"Reta;Retorno Regulamentado;Rotatória";Sim;2;0;1;0;1;0;0;2;-9,345498;-40,472803;SPRF-PE;DEL06/PE;UOP01-DEL06-PE
760664;25/03/2026;quarta-feira;17:55:00;GO;153;494,2;GOIANIA;Demais falhas mecânicas ou elétricas;Tombamento;Com Vítimas Feridas;Anoitecer;Decrescente;Céu Claro;Múltipla;Reta;Sim;1;0;0;1;1;0;0;1;-16,659344;-49,220164;SPRF-GO;DEL01/GO;UOP01-DEL01-GO
760665;25/03/2026;quarta-feira;15:10:00;RS;116;446,9;SAO LOURENCO DO SUL;Condutor Dormindo;Saída de leito carroçável;Com Vítimas Feridas;Pleno dia;Decrescente;Nublado;Dupla;Reta;Não;2;0;2;0;2;0;0;1;-31,17537047;-52,02811182;SPRF-RS;DEL02/RS;UOP02-DEL02-RS
760666;25/03/2026;quarta-feira;18:00:00;PB;101;87,8;JOAO PESSOA;Ausência de reação do condutor;Colisão lateral mesmo sentido;Com Vítimas Feridas;Plena Noite;Decrescente;Céu Claro;Dupla;Reta;Sim;2;0;0;1;1;0;0;2;-7,16398126;-34,90087789;SPRF-PB;DEL01-PB;UOP01-DEL01-PB
760667;03/03/2026;terça-feira;22:10:00;RS;392;30;RIO GRANDE;Ausência de reação do condutor;Saída de leito carroçável;Sem Vítimas;Plena Noite;Decrescente;Céu Claro;Dupla;Reta;Sim;3;0;0;0;0;3;0;1;-32,04766089;-52,27912903;SPRF-RS;DEL07/RS;UOP02-DEL07-RS
760670;25/03/2026;quarta-feira;18:05:00;AL;104;59;MURICI;Ausência de reação do condutor;Atropelamento de Pedestre;Com Vítimas Feridas;Plena Noite;Decrescente;Céu Claro;Simples;Reta;Sim;2;0;1;0;1;0;0;2;-9,308355;-35,937807;SPRF-AL;DEL01-AL;UOP02-DEL01-AL
760672;25/03/2026;quarta-feira;18:20:00;SC;101;137;BALNEARIO CAMBORIU;Transitar no Acostamento;Colisão lateral mesmo sentido;Com Vítimas Feridas;Anoitecer;Crescente;Céu Claro;Múltipla;Reta;Sim;3;0;1;0;1;1;0;2;-27,02059048;-48,60951154;SPRF-SC;DEL04/SC;UOP03-DEL04-SC
760673;25/02/2026;quarta-feira;17:15:00;RJ;116;22;SAPUCAIA;Acessar a via sem observar a presença dos outros veículos;Colisão frontal;Com Vítimas Feridas;Anoitecer;Crescente;Céu Claro;Simples;Reta;Não;3;0;1;0;1;2;0;2;-22,0170733;-42,7698067;SPRF-RJ;DEL05/RJ;UOP01-DEL05-RJ
760675;25/03/2026;quarta-feira;18:35:00;RS;472;156,9;SANTA ROSA;Acessar a via sem observar a presença dos outros veículos;Atropelamento de Pedestre;Com Vítimas Feridas;Anoitecer;Crescente;Céu Claro;Simples;"Declive;Curva";Sim;2;0;0;1;1;1;0;2;-27,84676;-54,436114;SPRF-RS;DEL10/RS;UOP01-DEL10-RS