id;data_inversa;dia_semana;horario;uf;br;km;municipio;causa_acidente;tipo_acidente;classificacao_acidente;fase_dia;sentido_via;condicao_metereologica;tipo_pista;tracado_via;uso_solo;pessoas;mortos;feridos_leves;feridos_graves;feridos;ilesos;ignorados;veiculos;latitude;longitude;regional;delegacia;uop
760676;25/03/2026;quarta-feira;17:28:00;PI;316;9,4;TERESINA;Condutor deixou de manter distância do veículo da frente;Colisão traseira;Com Vítimas Feridas;Anoitecer;Decrescente;Céu Claro;Múltipla;"Reta;Aclive";Sim;2;0;1;0;1;1;0;2;-5,17793;-42,76474;SPRF-PI;DEL01-PI;UOP02-DEL01-PI
760677;25/03/2026;quarta-feira;19:10:00;BA;367;30;PORTO SEGURO;Ausência de reação do condutor;Colisão lateral mesmo sentido;Com Vítimas Feridas;Plena Noite;Crescente;Nublado;Simples;Reta;Sim;2;0;1;0;1;1;0;2;-16,418138;-39,107549;SPRF-BA;DEL09/BA;UOP03-DEL09-BA
760678;25/03/2026;quarta-feira;16:40:00;RO;174;15;VILHENA;Acessar a via sem observar a presença dos outros veículos;Colisão lateral mesmo sentido;Com Vítimas Feridas;Pleno dia;Crescente;Céu Claro;Dupla;Rotatória;Não;1;0;1;0;1;0;0;1;-12,73620454;-60,1307348;SPRF-RO;DEL04-RO;UOP01-DEL04-RO
760681;25/03/2026;quarta-feira;17:10:00;PR;277;141;BALSA NOVA;Mal súbito do condutor;Saída de leito carroçável;Com Vítimas Fatais;Anoitecer;Crescente;Céu Claro;Dupla;Reta;Não;1;1;0;0;0;0;0;1;-25,470843;-49,67708;SPRF-PR;DEL01/PR;UOP07-DEL01-PR
760682;25/03/2026;quarta-feira;18:00:00;RO;364;340,7;JI-PARANA;Condutor deixou de manter distância do veículo da frente;Colisão traseira;Sem Vítimas;Anoitecer;Decrescente;Céu Claro;Dupla;Reta;Sim;2;0;0;0;0;2;0;2;-10,892165;-61,930702;SPRF-RO;DEL02-RO;UOP01-DEL02-RO
760683;25/03/2026;quarta-feira;17:01:00;MT;163;745;SORRISO;Ausência de reação do condutor;Colisão traseira;Com Vítimas Feridas;Anoitecer;Decrescente;Céu Claro;Simples;Reta;Sim;2;0;1;0;1;0;0;2;-12,60346833;-55,75180333;SPRF-MT;DEL06/MT;UOP01-DEL06-MT
760684;25/03/2026;quarta-feira;17:10:00;PE;110;124,5;IBIMIRIM;Reação tardia ou ineficiente do condutor;Saída de leito carroçável;Com Vítimas Feridas;Plena Noite;Crescente;Nublado;Simples;Aclive;Não;1;0;1;0;1;0;0;1;-8,471675;-37,507335;SPRF-PE;DEL04/PE;UOP02-DEL04-PE
760687;25/03/2026;quarta-feira;19:10:00;SC;101;117;ITAJAI;Mal súbito do condutor;Saída de leito carroçável;Com Vítimas Feridas;Plena Noite;Crescente;Nublado;Dupla;Curva;Não;1;0;0;1;1;0;0;1;-26,88645756;-48,72315757;SPRF-SC;DEL04/SC;UOP04-DEL04-SC
760688;25/03/2026;quarta-feira;17:50:00;RO;435;123;CEREJEIRAS;Desrespeitar a preferência no cruzamento;Colisão transversal;Com Vítimas Feridas;Pleno dia;Decrescente;Céu Claro;Dupla;Interseção de Vias;Sim;3;0;2;0;2;1;0;2;-13,18904933;-60,82378775;SPRF-RO;DEL04-RO;UOP02-DEL04-RO
760690;25/03/2026;quarta-feira;07:10:00;MG;356;269;MURIAE;Desrespeitar a preferência no cruzamento;Colisão transversal;Com Vítimas Feridas;Pleno dia;Decrescente;Céu Claro;Simples;"Interseção de Vias;Reta";Não;3;0;1;0;1;1;0;3;-21,12675661;-42,34057593;SPRF-MG;DEL07/MG;UOP02-DEL07-MG
760691;25/03/2026;quarta-feira;18:35:00;RJ;465;1;SEROPEDICA;Ultrapassagem Indevida;Colisão transversal;Com Vítimas Feridas;Plena Noite;Crescente;Céu Claro;Simples;Reta;Não;2;0;1;0;1;1;0;2;-22,71705265;-43,72876167;SPRF-RJ;DEL06/RJ;UOP02-DEL06-RJ
760692;25/03/2026;quarta-feira;20:00:00;MG;459;23,9;CALDAS;Condutor deixou de manter distância do veículo da frente;Colisão traseira;Com Vítimas Feridas;Plena Noite;Crescente;Céu Claro;Simples;Curva;Não;3;0;2;0;2;1;0;2;-21,8689344;-46,3968156;SPRF-MG;DEL09/MG;UOP01-DEL09-MG
760695;08/01/2026;quinta-feira;13:38:00;PR;272;407,4;JANIOPOLIS;Desrespeitar a preferência no cruzamento;Colisão transversal;Com Vítimas Feridas;Pleno dia;Crescente;Sol;Simples;Reta;Não;3;0;0;1;1;2;0;2;-24,1235808;-52,7605849;SPRF-PR;DEL09/PR;UOP03-DEL09-PR
760696;25/03/2026;quarta-feira;19:30:00;PR;373;276,2;PRUDENTOPOLIS;Ausência de reação do condutor;Saída de leito carroçável;Sem Vítimas;Plena Noite;Crescente;Céu Claro;Simples;Curva;Não;1;0;0;0;0;1;0;1;-25,24119573;-51,04155779;SPRF-PR;DEL08/PR;UOP01-DEL08-PR
760698;25/03/2026;quarta-feira;19:00:00;MG;116;408;GOVERNADOR VALADARES;Ultrapassagem Indevida;Colisão frontal;Com Vítimas Feridas;Plena Noite;Decrescente;Céu Claro;Simples;Curva;Sim;2;0;0;1;1;1;0;2;-18,83451;-41,99066;SPRF-MG;DEL06/MG;UOP01-DEL06-MG
760699;25/03/2026;quarta-feira;18:40:00;PI;316;259,9;IPIRANGA DO PIAUI;Entrada inopinada do pedestre;Atropelamento de Pedestre;Com Vítimas Feridas;Plena Noite;Crescente;Nublado;Simples;Reta;Sim;2;0;0;1;1;1;0;2;-6,81995;-41,73776;SPRF-PI;DEL04-PI;UOP02-DEL04-PI
760700;25/03/2026;quarta-feira;20:00:00;DF;40;2;BRASILIA;Manobra de mudança de faixa;Colisão lateral mesmo sentido;Com Vítimas Feridas;Plena Noite;Crescente;Céu Claro;Dupla;Reta;Sim;4;0;2;0;2;2;0;3;-15,9950644;-47,9857796;SPRF-DF;DEL01-DF;UOP01-DEL01-DF
760701;25/03/2026;quarta-feira;18:20:00;PR;163;185,2;SANTA TEREZA DO OESTE;Avarias e/ou desgaste excessivo no pneu;Saída de leito carroçável;Com Vítimas Feridas;Anoitecer;Crescente;Garoa/Chuvisco;Dupla;Curva;Não;1;0;1;0;1;0;0;1;-25,116457;-53,584936;SPRF-PR;DEL05/PR;UOP05-DEL05-PR
760702;25/03/2026;quarta-feira;17:45:00;RS;287;482,7;SAO BORJA;Ausência de reação do condutor;Saída de leito carroçável;Com Vítimas Feridas;Pleno dia;Decrescente;Céu Claro;Simples;Reta;Não;1;0;1;0;1;0;0;1;-28,93703;-55,572376;SPRF-RS;DEL12/RS;UOP01-DEL12-RS
760703;25/03/2026;quarta-feira;19:30:00;MT;163;829;SINOP;Ausência de reação do condutor;Colisão lateral mesmo sentido;Com Vítimas Feridas;Plena Noite;Crescente;Céu Claro;Dupla;Rotatória;Sim;3;0;1;1;2;1;0;2;-11,91341;-55,50884;SPRF-MT;DEL06/MT;UOP02-DEL06-MT
760704;25/03/2026;quarta-feira;21:50:00;SC;282;1;FLORIANOPOLIS;Velocidade Incompatível;Colisão traseira;Com Vítimas Feridas;Plena Noite;Decrescente;Céu Claro;Dupla;Reta;Sim;2;0;1;0;1;1;0;2;-27,60345605;-48,58182943;SPRF-SC;DEL01/SC;UOP01-DEL01-SC
760706;25/03/2026;quarta-feira;22:00:00;SP;116;277,5;EMBU DAS ARTES;Reação tardia ou ineficiente do condutor;Queda de ocupante de veículo;Com Vítimas Feridas;Plena Noite;Crescente;Céu Claro;Múltipla;Reta;Sim;1;0;1;0;1;0;0;1;-23,633468;-46,823463;SPRF-SP;DEL04/SP;UOP01-DEL04-SP
760708;25/03/2026;quarta-feira;22:40:00;BA;367;83;EUNAPOLIS;Acessar a via sem observar a presença dos outros veículos;Colisão transversal;Com Vítimas Feridas;Plena Noite;Crescente;Nublado;Simples;Rotatória;Sim;2;0;2;0;2;0;0;2;-16,372233;-39,563083;SPRF-BA;DEL09/BA;UOP03-DEL09-BA
760709;25/03/2026;quarta-feira;22:05:00;PI;316;2,3;TERESINA;Reação tardia ou ineficiente do condutor;Colisão traseira;Com Vítimas Feridas;Plena Noite;Crescente;Nublado;Dupla;Viaduto;Sim;3;0;1;0;1;2;0;2;-5,12317;-42,79545;SPRF-PI;DEL01-PI;UOP02-DEL01-PI
760710;25/03/2026;quarta-feira;23:05:00;MG;381;354;JOAO MONLEVADE;Acessar a via sem observar a presença dos outros veículos;Atropelamento de Pedestre;Com Vítimas Feridas;Plena Noite;Crescente;Céu Claro;Simples;Reta;Não;2;0;0;2;2;0;0;2;-19,8501677;-43,15092139;SPRF-MG;DEL03/MG;UOP01-DEL03-MG
760711;25/03/2026;quarta-feira;22:15:00;MG;116;527,4;CARATINGA;Reação tardia ou ineficiente do condutor;Colisão traseira;Com Vítimas Feridas;Plena Noite;Crescente;Nublado;Múltipla;Curva;Sim;2;0;1;0;1;1;0;2;-19,791788;-42,1374;SPRF-MG;DEL06/MG;UOP02-DEL06-MG
760712;25/03/2026;quarta-feira;17:31:00;PI;230;197;OEIRAS;Retorno proibido;Colisão lateral mesmo sentido;Com Vítimas Feridas;Pleno dia;Crescente;Céu Claro;Dupla;Reta;Sim;3;0;2;0;2;1;0;3;-7,010657;-42,129917;SPRF-PI;DEL04-PI;UOP01-DEL04-PI
760716;16/03/2026;segunda-feira;06:50:00;DF;40;6,5;BRASILIA;Condutor deixou de manter distância do veículo da frente;Colisão traseira;Com Vítimas Feridas;Amanhecer;Decrescente;Céu Claro;Dupla;Reta;Sim;2;0;1;0;1;1;0;2;-16,03417474;-47,97881573;SPRF-DF;DEL01-DF;UOP01-DEL01-DF
760717;25/03/2026;quarta-feira;23:10:00;RJ;465;5;SEROPEDICA;Transitar no Acostamento;Eventos atípicos;Com Vítimas Feridas;Plena Noite;Crescente;Ignorado;Simples;Reta;Sim;3;0;1;2;3;0;0;2;-22,7440644;-43,70272434;SPRF-RJ;DEL06/RJ;UOP02-DEL06-RJ
760718;25/03/2026;quarta-feira;23:00:00;ES;101;457;MIMOSO DO SUL;Ausência de reação do condutor;Queda de ocupante de veículo;Com Vítimas Feridas;Plena Noite;Crescente;Nublado;Simples;Curva;Não;1;0;1;0;1;0;0;1;-21,1888934;-41,29417419;SPRF-ES;DEL03-ES;UOP02-DEL03-ES
760719;25/03/2026;quarta-feira;19:00:00;PR;153;379;MALLET;Ultrapassagem Indevida;Colisão frontal;Com Vítimas Fatais;Plena Noite;Crescente;Céu Claro;Simples;"Declive;Reta";Não;3;2;1;0;1;0;0;2;-25,81926;-50,84039;SPRF-PR;DEL08/PR;UOP02-DEL08-PR
760720;25/03/2026;quarta-feira;23:40:00;DF;20;16;BRASILIA;Ingestão de álcool pelo condutor;Colisão traseira;Sem Vítimas;Plena Noite;Decrescente;Céu Claro;Dupla;Reta;Sim;3;0;0;0;0;3;0;2;-15,624095;-47,721817;SPRF-DF;DEL02-DF;UOP01-DEL02-DF
760723;25/03/2026;quarta-feira;23:30:00;BA;235;350;JUAZEIRO;Iluminação deficiente;Colisão traseira;Sem Vítimas;Plena Noite;Decrescente;Céu Claro;Simples;Reta;Sim;3;0;0;0;0;1;0;3;-9,42578265;-40,50548522;SPRF-PE;DEL06/PE;UOP01-DEL06-PE
760724;26/03/2026;quinta-feira;00:30:00;RS;287;402;SANTIAGO;Ingestão de álcool pelo condutor;Colisão com objeto;Com Vítimas Feridas;Plena Noite;Crescente;Nevoeiro/Neblina;Simples;"Interseção de Vias;Aclive";Não;1;0;1;0;1;0;0;1;-29,14985116;-54,88594148;SPRF-RS;DEL12/RS;UOP02-DEL12-RS
760728;26/03/2026;quinta-feira;03:56:00;SP;116;194;SANTA ISABEL;Condutor Dormindo;Colisão com objeto;Com Vítimas Feridas;Plena Noite;Crescente;Céu Claro;Dupla;Reta;Não;2;0;2;0;2;0;0;1;-23,387963;-46,273898;SPRF-SP;DEL01/SP;UOP01-DEL01-SP
760729;26/03/2026;quinta-feira;03:45:00;SC;470;146;RIO DO SUL;Conversão proibida;Colisão lateral mesmo sentido;Com Vítimas Feridas;Plena Noite;Crescente;Céu Claro;Simples;"Reta;Rotatória";Sim;3;0;2;0;2;1;0;2;-27,2396234;-49,68465734;SPRF-SC;DEL04/SC;UOP02-DEL04-SC
760732;26/03/2026;quinta-feira;03:00:00;PE;232;146;SAO CAITANO;Animais na Pista;Atropelamento de Animal;Com Vítimas Feridas;Plena Noite;Decrescente;Chuva;Dupla;Reta;Não;2;0;0;1;1;1;0;2;-8,332872;-36,139014;SPRF-PE;DEL03/PE;UOP02-DEL03-PE
760733;26/03/2026;quinta-feira;05:00:00;DF;20;20,7;BRASILIA;Animais na Pista;Colisão traseira;Com Vítimas Feridas;Amanhecer;Decrescente;Nublado;Dupla;"Declive;Reta";Sim;4;0;1;0;1;3;0;2;-15,60376642;-47,68572485;SPRF-DF;DEL02-DF;UOP01-DEL02-DF
760735;26/03/2026;quinta-feira;06:30:00;RJ;101;54;CAMPOS DOS GOYTACAZES;Ausência de reação do condutor;Colisão transversal;Com Vítimas Feridas;Pleno dia;Crescente;Céu Claro;Simples;Reta;Não;4;0;3;0;3;1;0;2;-21,675679;-41,31086;SPRF-RJ;DEL08/RJ;UOP01-DEL08-RJ
760738;26/03/2026;quinta-feira;05:50:00;PR;277;10,8;FOZ DO IGUACU;Ingestão de álcool pelo condutor;Saída de leito carroçável;Sem Vítimas;Amanhecer;Crescente;Céu Claro;Simples;"Curva;Em Obras;Interseção de Vias";Sim;1;0;0;0;0;1;0;1;-25,5747692;-54,55302838;SPRF-PR;DEL05/PR;UOP04-DEL05-PR
760741;26/03/2026;quinta-feira;07:00:00;PB;230;26,5;JOAO PESSOA;Reação tardia ou ineficiente do condutor;Colisão lateral mesmo sentido;Com Vítimas Feridas;Pleno dia;Decrescente;Sol;Dupla;Reta;Sim;3;0;2;1;3;0;0;2;-7,1685263;-34,88392979;SPRF-PB;DEL01-PB;UOP01-DEL01-PB
760743;26/03/2026;quinta-feira;07:20:00;SC;101;135;BALNEARIO CAMBORIU;Acessar a via sem observar a presença dos outros veículos;Colisão transversal;Com Vítimas Feridas;Pleno dia;Decrescente;Céu Claro;Dupla;"Reta;Interseção de Vias";Não;2;0;1;0;1;1;0;2;-27,00353822;-48,63047568;SPRF-SC;DEL04/SC;UOP03-DEL04-SC
760746;26/03/2026;quinta-feira;07:10:00;SP;153;62,1;SAO JOSE DO RIO PRETO;Condutor deixou de manter distância do veículo da frente;Engavetamento;Com Vítimas Feridas;Pleno dia;Crescente;Céu Claro;Dupla;"Aclive;Reta";Sim;3;0;2;0;2;1;0;3;-20,8130997;-49,3568288;SPRF-SP;DEL09/SP;UOP01-DEL09-SP
760747;26/03/2026;quinta-feira;07:45:00;SC;101;132,2;CAMBORIU;Mal súbito do condutor;Engavetamento;Com Vítimas Feridas;Pleno dia;Crescente;Céu Claro;Simples;Aclive;Sim;4;0;1;0;1;2;0;4;-26,99746;-48,65333;SPRF-SC;DEL04/SC;UOP03-DEL04-SC
760748;26/03/2026;quinta-feira;07:00:00;PR;163;193;SANTA TEREZA DO OESTE;Ausência de reação do condutor;Saída de leito carroçável;Com Vítimas Feridas;Pleno dia;Crescente;Céu Claro;Dupla;Curva;Não;1;0;1;0;1;0;0;1;-25,03726708;-53,55400397;SPRF-PR;DEL05/PR;UOP05-DEL05-PR
760750;26/03/2026;quinta-feira;00:50:00;AC;364;123;RIO BRANCO;Acumulo de água sobre o pavimento;Colisão com objeto;Com Vítimas Feridas;Plena Noite;Crescente;Nublado;Dupla;"Reta;Rotatória";Não;1;0;0;1;1;0;0;1;-10,01142646;-67,79311029;SPRF-AC;DEL01-AC;UOP01-DEL01-AC
760751;26/03/2026;quinta-feira;08:10:00;SP;116;144;SAO JOSE DOS CAMPOS;Ausência de reação do condutor;Colisão traseira;Com Vítimas Feridas;Pleno dia;Crescente;Nublado;Dupla;Reta;Sim;2;0;1;0;1;1;0;2;-23,19099412;-45,86309239;SPRF-SP;DEL02/SP;UOP01-DEL02-SP
760756;26/03/2026;quinta-feira;07:30:00;PR;277;611,9;SANTA TEREZA DO OESTE;Acessar a via sem observar a presença dos outros veículos;Colisão transversal;Com Vítimas Feridas;Pleno dia;Decrescente;Céu Claro;Simples;"Interseção de Vias;Reta";Sim;2;0;0;1;1;1;0;2;-25,04970402;-53,61714212;SPRF-PR;DEL05/PR;UOP02-DEL05-PR
760757;26/03/2026;quinta-feira;07:30:00;RN;304;86;ACU;Reação tardia ou ineficiente do condutor;Colisão traseira;Com Vítimas Feridas;Pleno dia;Crescente;Céu Claro;Simples;Reta;Não;2;0;1;0;1;1;0;2;-5,50966192;-37,13061333;SPRF-RN;DEL04-RN;UOP01-DEL04-RN
760758;26/03/2026;quinta-feira;08:20:00;PE;232;9;RECIFE;Condutor deixou de manter distância do veículo da frente;Colisão traseira;Com Vítimas Feridas;Pleno dia;Decrescente;Céu Claro;Dupla;"Reta;Viaduto";Sim;2;0;0;1;1;1;0;2;-8,07779;-34,97821;SPRF-PE;DEL01/PE;UOP01-DEL01-PE
760759;26/03/2026;quinta-feira;07:20:00;RJ;101;386;RIO DE JANEIRO;Ausência de reação do condutor;Queda de ocupante de veículo;Com Vítimas Feridas;Pleno dia;Decrescente;Céu Claro;Múltipla;Reta;Não;2;0;2;0;2;0;0;1;-22,88163159;-43,63366127;SPRF-RJ;DEL03/RJ;UOP01-DEL03-RJ
760760;26/03/2026;quinta-feira;06:40:00;MT;70;707;CACERES;Ausência de reação do condutor;Saída de leito carroçável;Com Vítimas Feridas;Pleno dia;Decrescente;Chuva;Simples;"Curva;Aclive";Não;1;0;0;1;1;0;0;1;-16,224537;-57,571878;SPRF-MT;DEL03/MT;UOP01-DEL03-MT
760761;26/03/2026;quinta-feira;08:00:00;PR;369;156,1;LONDRINA;Trafegar com motocicleta (ou similar) entre as faixas;Atropelamento de Pedestre;Com Vítimas Feridas;Pleno dia;Crescente;Céu Claro;Dupla;"Declive;Reta";Sim;2;0;1;1;2;0;0;2;-23,2921319;-51,218004;SPRF-PR;DEL07/PR;UOP01-DEL07-PR
760763;26/03/2026;quinta-feira;07:50:00;SE;235;9,5;NOSSA SENHORA DO SOCORRO;Acessar a via sem observar a presença dos outros veículos;Colisão transversal;Com Vítimas Feridas;Pleno dia;Decrescente;Céu Claro;Simples;Reta;Não;6;0;3;2;5;0;0;4;-10,88104817;-37,14379907;SPRF-SE;DEL01-SE;UOP01-DEL01-SE
760764;26/03/2026;quinta-feira;07:05:00;MS;262;327;CAMPO GRANDE;Ausência de reação do condutor;Engavetamento;Sem Vítimas;Pleno dia;Crescente;Céu Claro;Simples;Reta;Não;3;0;0;0;0;3;0;3;-20,4636;-54,5565;SPRF-MS;DEL01/MS;UOP01-DEL01-MS
760766;26/03/2026;quinta-feira;05:40:00;RJ;40;112;DUQUE DE CAXIAS;Demais falhas mecânicas ou elétricas;Tombamento;Com Vítimas Feridas;Amanhecer;Crescente;Céu Claro;Múltipla;"Reta;Aclive";Sim;1;0;1;0;1;0;0;1;-22,7053777;-43,2903958;SPRF-RJ;DEL01/RJ;UOP02-DEL01-RJ
760767;26/03/2026;quinta-feira;09:00:00;SP;116;219;GUARULHOS;Manobra de mudança de faixa;Colisão lateral mesmo sentido;Com Vítimas Feridas;Pleno dia;Crescente;Céu Claro;Múltipla;Reta;Sim;2;0;1;0;1;0;0;2;-23,45978751;-46,48659333;SPRF-SP;DEL01/SP;UOP01-DEL01-SP
760768;15/03/2026;domingo;00:55:00;PR;277;84;CURITIBA;Ausência de reação do condutor;Colisão com objeto;Com Vítimas Feridas;Plena Noite;Decrescente;Céu Claro;Dupla;Reta;Sim;1;0;1;0;1;0;0;1;-25,44536208;-49,23222249;SPRF-PR;DEL01/PR;UOP03-DEL01-PR
760770;26/03/2026;quinta-feira;07:50:00;GO;60;291;ACREUNA;Acumulo de água sobre o pavimento;Colisão com objeto;Com Vítimas Feridas;Pleno dia;Crescente;Chuva;Dupla;Reta;Não;1;0;1;0;1;0;0;1;-17,323587;-50,298177;SPRF-GO;DEL04/GO;UOP02-DEL04-GO
760771;26/03/2026;quinta-feira;07:00:00;RJ;465;21;SEROPEDICA;Reação tardia ou ineficiente do condutor;Colisão lateral mesmo sentido;Sem Vítimas;Pleno dia;Decrescente;Céu Claro;Simples;Reta;Sim;2;0;0;0;0;2;0;2;-22,71654213;-43,71567771;SPRF-RJ;DEL06/RJ;UOP02-DEL06-RJ
760773;08/03/2026;domingo;03:20:00;SC;101;337,7;TUBARAO;Acessar a via sem observar a presença dos outros veículos;Atropelamento de Pedestre;Com Vítimas Fatais;Plena Noite;Crescente;Céu Claro;Múltipla;"Reta;Declive";Sim;2;1;0;0;0;0;0;2;-28,4936943;-49,0421479;SPRF-SC;DEL02/SC;UOP01-DEL02-SC
760774;26/03/2026;quinta-feira;06:35:00;MT;70;561,8;NOSSA SENHORA DO LIVRAMENTO;Acumulo de água sobre o pavimento;Saída de leito carroçável;Com Vítimas Feridas;Pleno dia;Decrescente;Chuva;Simples;Curva;Não;3;0;0;3;3;0;0;1;-15,7030357;-56,4068985;SPRF-MT;DEL03/MT;UOP02-DEL03-MT
760775;26/03/2026;quinta-feira;08:20:00;MG;365;800;GURINHATA;Reação tardia ou ineficiente do condutor;Saída de leito carroçável;Com Vítimas Feridas;Pleno dia;Crescente;Céu Claro;Simples;Reta;Não;2;0;2;0;2;0;0;1;-18,9067;-49,9061;SPRF-MG;DEL15/MG;UOP03-DEL15-MG
760776;06/03/2026;sexta-feira;22:20:00;MG;116;759,6;LEOPOLDINA;Desrespeitar a preferência no cruzamento;Colisão transversal;Com Vítimas Feridas;Plena Noite;Decrescente;Nublado;Simples;"Declive;Reta";Não;3;0;1;2;3;0;0;2;-21,51153207;-42,6115036;SPRF-MG;DEL07/MG;UOP01-DEL07-MG
760778;26/03/2026;quinta-feira;09:05:00;RS;116;100;SAO MARCOS;Reação tardia ou ineficiente do condutor;Colisão com objeto;Com Vítimas Feridas;Pleno dia;Decrescente;Sol;Simples;Curva;Não;2;0;2;0;2;0;0;1;-28,92480355;-51,09474532;SPRF-RS;DEL05/RS;UOP01-DEL05-RS
760779;26/03/2026;quinta-feira;03:00:00;RS;290;107;ELDORADO DO SUL;Condutor Dormindo;Saída de leito carroçável;Sem Vítimas;Plena Noite;Decrescente;Ignorado;Dupla;"Declive;Curva";Sim;1;0;0;0;0;0;1;1;-30,004002;-51,309734;SPRF-RS;DEL02/RS;UOP01-DEL02-RS
760780;26/03/2026;quinta-feira;10:00:00;RJ;116;195;QUEIMADOS;Manobra de mudança de faixa;Colisão lateral mesmo sentido;Com Vítimas Feridas;Pleno dia;Decrescente;Sol;Dupla;Reta;Não;2;0;2;0;2;0;0;2;-22,7357174;-43,5453166;SPRF-RJ;DEL06/RJ;UOP01-DEL06-RJ
760781;26/03/2026;quinta-feira;09:15:00;RO;174;13;VILHENA;Acessar a via sem observar a presença dos outros veículos;Colisão transversal;Com Vítimas Feridas;Pleno dia;Crescente;Céu Claro;Dupla;"Interseção de Vias;Reta";Sim;2;0;1;0;1;1;0;2;-12,73628826;-60,13074553;SPRF-RO;DEL04-RO;UOP01-DEL04-RO
760784;26/03/2026;quinta-feira;07:00:00;SC;101;66;ARAQUARI;Falta de elemento de contenção que evite a saída do leito carroçável;Saída de leito carroçável;Com Vítimas Feridas;Amanhecer;Crescente;Céu Claro;Simples;Curva;Não;2;0;1;1;2;0;0;1;-26,47781246;-48,73976581;SPRF-SC;DEL03/SC;UOP02-DEL03-SC
760787;26/03/2026;quinta-feira;10:05:00;RJ;493;22;MAGE;Transitar na contramão;Colisão transversal;Com Vítimas Feridas;Pleno dia;Crescente;Céu Claro;Simples;Reta;Não;2;0;0;1;1;0;0;2;-22,65693785;-43,06074142;SPRF-RJ;DEL04/RJ;UOP02-DEL04-RJ
760789;19/03/2026;quinta-feira;07:10:00;RJ;40;117;DUQUE DE CAXIAS;Avarias e/ou desgaste excessivo no pneu;Tombamento;Com Vítimas Feridas;Pleno dia;Decrescente;Céu Claro;Dupla;Reta;Sim;1;0;1;0;1;0;0;1;-22,75859111;-43,286935;SPRF-RJ;DEL01/RJ;UOP02-DEL01-RJ
760790;26/03/2026;quinta-feira;07:25:00;AL;316;256,2;PILAR;Ausência de reação do condutor;Colisão transversal;Com Vítimas Feridas;Pleno dia;Crescente;Céu Claro;Simples;Reta;Não;2;0;1;0;1;1;0;2;-9,589667;-35,939271;SPRF-AL;DEL02-AL;UOP01-DEL02-AL
760793;26/03/2026;quinta-feira;11:30:00;RN;304;304,6;PARNAMIRIM;Manobra de mudança de faixa;Colisão lateral mesmo sentido;Com Vítimas Feridas;Pleno dia;Decrescente;Céu Claro;Dupla;Retorno Regulamentado;Não;3;0;0;1;1;1;0;3;-5,88586095;-35,2777311;SPRF-RN;DEL01-RN;UOP02-DEL01-RN
760797;26/03/2026;quinta-feira;09:20:00;RJ;465;21;NOVA IGUACU;Ausência de reação do condutor;Atropelamento de Pedestre;Com Vítimas Feridas;Pleno dia;Decrescente;Céu Claro;Simples;Reta;Sim;4;0;3;0;3;1;0;2;-22,84026756;-43,60944404;SPRF-RJ;DEL06/RJ;UOP02-DEL06-RJ
760798;26/03/2026;quinta-feira;12:00:00;SP;381;33;ATIBAIA;Ausência de reação do condutor;Queda de ocupante de veículo;Com Vítimas Feridas;Pleno dia;Crescente;Céu Claro;Dupla;Reta;Sim;2;0;0;1;1;1;0;2;-23,07201038;-46,5668583;SPRF-SP;DEL03/SP;UOP02-DEL03-SP
760800;22/03/2026;domingo;21:00:00;AM;174;900;MANAUS;Condutor Dormindo;Saída de leito carroçável;Com Vítimas Feridas;Plena Noite;Decrescente;Céu Claro;Simples;Reta;Não;1;0;1;0;1;0;0;1;-2,84131;-60,03282;SPRF-AM;DEL01-AM;UOP01-DEL01-AM
760801;26/03/2026;quinta-feira;11:03:00;RO;174;14;VILHENA;Ingestão de álcool pelo condutor;Colisão transversal;Com Vítimas Feridas;Pleno dia;Decrescente;Garoa/Chuvisco;Dupla;Interseção de Vias;Sim;3;0;1;0;1;2;0;2;-12,7362946;-60,13081161;SPRF-RO;DEL04-RO;UOP01-DEL04-RO
760802;26/03/2026;quinta-feira;11:55:00;PE;101;56,8;RECIFE;Trafegar com motocicleta (ou similar) entre as faixas;Colisão lateral mesmo sentido;Com Vítimas Feridas;Pleno dia;Crescente;Céu Claro;Dupla;Retorno Regulamentado;Não;2;0;2;0;2;0;0;2;-7,962808;-34,915275;SPRF-PE;DEL01/PE;UOP02-DEL01-PE
760803;26/03/2026;quinta-feira;11:55:00;SC;163;71,5;SAO MIGUEL DO OESTE;Acessar a via sem observar a presença dos outros veículos;Colisão traseira;Com Vítimas Feridas;Pleno dia;Decrescente;Sol;Dupla;"Interseção de Vias;Reta";Sim;2;0;1;0;1;1;0;2;-26,72420922;-53,51377666;SPRF-SC;DEL07/SC;UOP03-DEL07-SC
760805;26/03/2026;quinta-feira;12:20:00;PR;277;20,1;MORRETES;Reação tardia ou ineficiente do condutor;Tombamento;Com Vítimas Feridas;Pleno dia;Decrescente;Sol;Dupla;Reta;Não;2;0;2;0;2;0;0;1;-25,534142;-48,708302;SPRF-PR;DEL01/PR;UOP05-DEL01-PR
760810;26/03/2026;quinta-feira;07:00:00;RJ;101;217;SILVA JARDIM;Condutor Dormindo;Saída de leito carroçável;Com Vítimas Feridas;Pleno dia;Crescente;Céu Claro;Dupla;Reta;Não;1;0;1;0;1;0;0;1;-22,549333;-42,350653;SPRF-RJ;DEL02/RJ;UOP03-DEL02-RJ