id;data_inversa;dia_semana;horario;uf;br;km;municipio;causa_acidente;tipo_acidente;classificacao_acidente;fase_dia;sentido_via;condicao_metereologica;tipo_pista;tracado_via;uso_solo;pessoas;mortos;feridos_leves;feridos_graves;feridos;ilesos;ignorados;veiculos;latitude;longitude;regional;delegacia;uop
760929;26/03/2026;quinta-feira;20:15:00;MG;262;434;NOVA SERRANA;Ingestão de álcool pelo condutor;Saída de leito carroçável;Sem Vítimas;Plena Noite;Decrescente;Céu Claro;Dupla;Reta;Não;1;0;0;0;0;1;0;1;-19,8786071;-44,9398718;SPRF-MG;DEL08/MG;UOP03-DEL08-MG
760930;26/03/2026;quinta-feira;20:20:00;RS;116;144;CAXIAS DO SUL;Reação tardia ou ineficiente do condutor;Colisão com objeto;Sem Vítimas;Plena Noite;Crescente;Céu Claro;Dupla;Curva;Não;1;0;0;0;0;1;0;1;-29,12822289;-51,12722604;SPRF-RS;DEL05/RS;UOP01-DEL05-RS
760931;26/03/2026;quinta-feira;19:20:00;MG;116;635,8;DIVINO;Ausência de reação do condutor;Atropelamento de Pedestre;Com Vítimas Feridas;Plena Noite;Crescente;Céu Claro;Simples;Reta;Não;2;0;0;1;1;0;0;2;-20,629828;-42,228107;SPRF-MG;DEL07/MG;UOP02-DEL07-MG
760932;26/03/2026;quinta-feira;22:00:00;PI;343;12,9;PARNAIBA;Ingestão de álcool pelo condutor;Colisão traseira;Sem Vítimas;Plena Noite;Crescente;Chuva;Dupla;Reta;Sim;2;0;0;0;0;2;0;2;-2,91859241;-41,75422413;SPRF-PI;DEL05-PI;UOP01-DEL05-PI
760933;26/03/2026;quinta-feira;17:50:00;SC;282;644,1;SAO MIGUEL DO OESTE;Ausência de reação do condutor;Colisão traseira;Com Vítimas Feridas;Anoitecer;Decrescente;Céu Claro;Simples;"Reta;Declive";Não;2;0;2;0;2;0;0;2;-26,76758706;-53,48158479;SPRF-SC;DEL07/SC;UOP03-DEL07-SC
760934;26/03/2026;quinta-feira;21:00:00;BA;415;19;ILHEUS;Chuva;Tombamento;Com Vítimas Feridas;Plena Noite;Decrescente;Chuva;Dupla;Reta;Não;4;0;1;0;1;3;0;1;-14,802472;-39,131518;SPRF-BA;DEL05/BA;UOP01-DEL05-BA
760935;26/03/2026;quinta-feira;22:02:00;TO;153;187,6;NOVA OLINDA;Ausência de reação do condutor;Colisão traseira;Com Vítimas Fatais;Plena Noite;Crescente;Nublado;Simples;Reta;Não;4;2;0;0;0;2;0;2;-7,54093;-48,41093;SPRF-TO;DEL02-TO;UOP01-DEL02-TO
760936;26/03/2026;quinta-feira;19:20:00;PI;230;189;OEIRAS;Ausência de reação do condutor;Colisão traseira;Com Vítimas Feridas;Plena Noite;Crescente;Céu Claro;Simples;Reta;Não;3;0;0;3;3;0;0;2;-6,99015533;-42,09823608;SPRF-PI;DEL04-PI;UOP01-DEL04-PI
760937;26/03/2026;quinta-feira;20:00:00;RJ;116;189;NOVA IGUACU;Ausência de reação do condutor;Colisão traseira;Com Vítimas Feridas;Plena Noite;Crescente;Céu Claro;Dupla;Reta;Sim;2;0;1;0;1;1;0;2;-22,73814271;-43,49341167;SPRF-RJ;DEL06/RJ;UOP01-DEL06-RJ
760939;26/03/2026;quinta-feira;21:40:00;PR;376;626;SAO JOSE DOS PINHAIS;Velocidade Incompatível;Capotamento;Com Vítimas Feridas;Plena Noite;Decrescente;Céu Claro;Simples;"Declive;Curva";Não;1;0;1;0;1;0;0;1;-25,665892;-49,154219;SPRF-PR;DEL01/PR;UOP04-DEL01-PR
760940;26/03/2026;quinta-feira;22:40:00;GO;20;183;SIMOLANDIA;Condutor deixou de manter distância do veículo da frente;Colisão traseira;Com Vítimas Feridas;Plena Noite;Decrescente;Céu Claro;Dupla;Reta;Sim;2;0;1;0;1;1;0;2;-14,46694731;-46,4829281;SPRF-DF;DEL02-DF;UOP03-DEL02-DF
760941;26/03/2026;quinta-feira;23:00:00;MG;40;506,9;RIBEIRAO DAS NEVES;Reação tardia ou ineficiente do condutor;Tombamento;Com Vítimas Feridas;Plena Noite;Crescente;Céu Claro;Dupla;Reta;Sim;2;0;2;0;2;0;0;1;-19,7542617;-44,143479;SPRF-MG;DEL02/MG;UOP01-DEL02-MG
760942;26/03/2026;quinta-feira;23:35:00;PR;277;532,9;GUARANIACU;Ingestão de álcool pelo condutor;Saída de leito carroçável;Com Vítimas Feridas;Plena Noite;Crescente;Céu Claro;Simples;"Reta;Declive";Não;2;0;1;1;2;0;0;1;-25,094402;-52,959513;SPRF-PR;DEL04/PR;UOP04-DEL04-PR
760950;26/03/2026;quinta-feira;16:00:00;RJ;101;310;SAO GONCALO;Carga excessiva e/ou mal acondicionada;Colisão lateral mesmo sentido;Com Vítimas Feridas;Pleno dia;Crescente;Céu Claro;Dupla;Reta;Não;2;0;1;0;1;1;0;2;-22,80602578;-43,06036377;SPRF-RJ;DEL02/RJ;UOP02-DEL02-RJ
760952;27/03/2026;sexta-feira;01:40:00;RS;116;239;NOVO HAMBURGO;Acessar a via sem observar a presença dos outros veículos;Colisão transversal;Com Vítimas Feridas;Plena Noite;Decrescente;Céu Claro;Múltipla;"Declive;Interseção de Vias";Sim;2;0;1;0;1;1;0;2;-29,69171215;-51,14319986;SPRF-RS;DEL01/RS;UOP02-DEL01-RS
760954;27/03/2026;sexta-feira;01:40:00;PR;277;721,5;FOZ DO IGUACU;Ingestão de álcool pelo condutor;Saída de leito carroçável;Sem Vítimas;Plena Noite;Decrescente;Céu Claro;Dupla;Reta;Sim;1;0;0;0;0;1;0;1;-25,48804677;-54,50395522;SPRF-PR;DEL05/PR;UOP03-DEL05-PR
760957;27/03/2026;sexta-feira;01:15:00;DF;70;19;BRASILIA;Ingestão de álcool pelo condutor;Colisão com objeto;Sem Vítimas;Plena Noite;Crescente;Céu Claro;Dupla;"Reta;Ponte";Sim;1;0;0;0;0;1;0;1;-15,78402995;-48,23216764;SPRF-DF;DEL03-DF;UOP02-DEL03-DF
760958;27/03/2026;sexta-feira;02:05:00;MT;364;203;RONDONOPOLIS;Ingestão de álcool pelo condutor;Saída de leito carroçável;Sem Vítimas;Plena Noite;Decrescente;Nublado;Dupla;Reta;Sim;1;0;0;0;0;1;0;1;-16,4655;-54,658;SPRF-MT;DEL02/MT;UOP01-DEL02-MT
760959;27/03/2026;sexta-feira;02:00:00;MG;381;422;CAETE;Ausência de reação do condutor;Saída de leito carroçável;Com Vítimas Feridas;Plena Noite;Decrescente;Céu Claro;Dupla;"Reta;Declive";Sim;1;0;1;0;1;0;0;1;-19,79545626;-43,6782074;SPRF-MG;DEL01/MG;UOP01-DEL01-MG
760965;27/03/2026;sexta-feira;05:35:00;MG;364;0,4;PLANURA;Ingestão de álcool pelo condutor;Colisão lateral sentido oposto;Com Vítimas Feridas;Plena Noite;Crescente;Nevoeiro/Neblina;Simples;"Reta;Ponte";Não;2;0;1;0;1;1;0;2;-20,161998;-48,689534;SPRF-MG;DEL13/MG;UOP02-DEL13-MG
760967;27/03/2026;sexta-feira;05:45:00;RO;364;640;ITAPUA DO OESTE;Ausência de reação do condutor;Queda de ocupante de veículo;Com Vítimas Feridas;Pleno dia;Crescente;Ignorado;Simples;Reta;Não;1;0;1;0;1;0;0;1;-9,218342;-63,17174;SPRF-RO;DEL01-RO;UOP04-DEL01-RO
760969;27/03/2026;sexta-feira;06:30:00;PR;376;658;TIJUCAS DO SUL;Reação tardia ou ineficiente do condutor;Saída de leito carroçável;Com Vítimas Feridas;Pleno dia;Decrescente;Nublado;Dupla;Curva;Não;1;0;1;0;1;0;0;1;-25,85291769;-48,97752141;SPRF-PR;DEL01/PR;UOP04-DEL01-PR
760970;27/03/2026;sexta-feira;06:45:00;MG;40;731;OLIVEIRA FORTES;Reação tardia ou ineficiente do condutor;Saída de leito carroçável;Com Vítimas Feridas;Pleno dia;Crescente;Chuva;Dupla;"Declive;Curva";Não;2;0;2;0;2;0;0;1;-21,34638855;-43,58237386;SPRF-MG;DEL05/MG;UOP01-DEL05-MG
760972;27/03/2026;sexta-feira;06:55:00;BA;101;715;EUNAPOLIS;Acessar a via sem observar a presença dos outros veículos;Colisão transversal;Com Vítimas Feridas;Amanhecer;Crescente;Céu Claro;Simples;Reta;Não;2;0;1;0;1;0;0;2;-16,34042257;-39,58100438;SPRF-BA;DEL09/BA;UOP01-DEL09-BA
760974;27/03/2026;sexta-feira;01:30:00;MG;251;506;FRANCISCO SA;Velocidade Incompatível;Tombamento;Sem Vítimas;Plena Noite;Decrescente;Nublado;Simples;"Reta;Aclive";Não;1;0;0;0;0;1;0;1;-16,63692495;-43,69800981;SPRF-MG;DEL12/MG;UOP01-DEL12-MG
760975;27/03/2026;sexta-feira;07:20:00;PR;376;163,2;MARINGA;Frear bruscamente;Engavetamento;Com Vítimas Feridas;Amanhecer;Crescente;Céu Claro;Dupla;Reta;Não;8;0;2;0;2;5;0;6;-23,375504;-52,050227;SPRF-PR;DEL09/PR;UOP02-DEL09-PR
760976;27/03/2026;sexta-feira;07:50:00;PB;101;106,7;ALHANDRA;Manobra de mudança de faixa;Colisão lateral mesmo sentido;Com Vítimas Feridas;Pleno dia;Decrescente;Sol;Múltipla;Reta;Não;3;0;2;0;2;1;0;2;-7,33466595;-34,94739588;SPRF-PB;DEL01-PB;UOP01-DEL01-PB
760977;27/03/2026;sexta-feira;05:50:00;RO;319;139;PORTO VELHO;Condutor desrespeitou a iluminação vermelha do semáforo;Colisão transversal;Com Vítimas Feridas;Amanhecer;Decrescente;Céu Claro;Dupla;"Reta;Interseção de Vias";Sim;4;0;3;0;3;1;0;2;-8,74249865;-63,90269136;SPRF-RO;DEL01-RO;UOP01-DEL01-RO
760978;27/03/2026;sexta-feira;07:31:00;SP;116;223,5;GUARULHOS;Trafegar com motocicleta (ou similar) entre as faixas;Colisão traseira;Com Vítimas Feridas;Pleno dia;Crescente;Sol;Múltipla;Reta;Sim;4;0;1;0;1;2;0;3;-23,484018;-46,538582;SPRF-SP;DEL01/SP;UOP01-DEL01-SP
760980;27/03/2026;sexta-feira;07:03:00;PE;407;126;PETROLINA;Acessar a via sem observar a presença dos outros veículos;Colisão traseira;Com Vítimas Feridas;Pleno dia;Crescente;Sol;Simples;Rotatória;Sim;5;0;3;0;3;2;0;2;-9,387532;-40,525824;SPRF-PE;DEL06/PE;UOP01-DEL06-PE
760983;27/03/2026;sexta-feira;08:00:00;RS;116;146;CAXIAS DO SUL;Reação tardia ou ineficiente do condutor;Colisão traseira;Sem Vítimas;Pleno dia;Crescente;Céu Claro;Dupla;Reta;Sim;2;0;0;0;0;2;0;2;-29,14;-51,136;SPRF-RS;DEL05/RS;UOP01-DEL05-RS
760986;26/03/2026;quinta-feira;21:20:00;BA;407;180;PONTO NOVO;Manobra de mudança de faixa;Colisão frontal;Com Vítimas Feridas;Plena Noite;Decrescente;Céu Claro;Simples;Reta;Não;2;0;0;1;1;1;0;2;-10,93137;-40,10624;SPRF-BA;DEL04/BA;UOP02-DEL04-BA
760987;27/03/2026;sexta-feira;07:45:00;RS;285;300;PASSO FUNDO;Ausência de reação do condutor;Colisão traseira;Com Vítimas Feridas;Pleno dia;Decrescente;Sol;Simples;Reta;Não;3;0;1;0;1;2;0;2;-28,23083538;-52,43913694;SPRF-RS;DEL08/RS;UOP03-DEL08-RS
760990;27/03/2026;sexta-feira;08:15:00;GO;60;97;ANAPOLIS;Ausência de reação do condutor;Colisão traseira;Com Vítimas Feridas;Pleno dia;Decrescente;Céu Claro;Dupla;"Retorno Regulamentado;Reta";Sim;2;0;0;1;1;1;0;2;-16,3779749;-48,9488782;SPRF-GO;DEL02/GO;UOP01-DEL02-GO
760992;19/03/2026;quinta-feira;16:40:00;BA;242;262;BOA VISTA DO TUPIM;Reação tardia ou ineficiente do condutor;Colisão traseira;Sem Vítimas;Pleno dia;Crescente;Ignorado;Simples;Aclive;Não;2;0;0;0;0;2;0;2;-12,45509126;-40,59083923;SPRF-BA;DEL06/BA;UOP02-DEL06-BA
760993;27/03/2026;sexta-feira;08:07:00;RN;304;37;MOSSORO;Acumulo de areia ou detritos sobre o pavimento;Queda de ocupante de veículo;Com Vítimas Feridas;Pleno dia;Decrescente;Céu Claro;Dupla;Reta;Sim;1;0;0;1;1;0;0;1;-5,1808692;-37,3683306;SPRF-RN;DEL04-RN;UOP02-DEL04-RN
760995;27/03/2026;sexta-feira;07:20:00;GO;364;149;JATAI;Objeto estático sobre o leito carroçável;Colisão com objeto;Com Vítimas Feridas;Pleno dia;Crescente;Céu Claro;Simples;"Aclive;Ponte;Curva";Não;4;0;0;1;1;3;0;1;-18,159093;-51,435561;SPRF-GO;DEL05/GO;UOP02-DEL05-GO
760996;13/01/2026;terça-feira;18:17:00;SC;101;232,9;PALHOCA;Reação tardia ou ineficiente do condutor;Colisão traseira;Com Vítimas Feridas;Anoitecer;Decrescente;Nublado;Dupla;"Reta;Aclive";Não;3;0;1;0;1;2;0;2;-27,80221835;-48,63772184;SPRF-SC;DEL01/SC;UOP02-DEL01-SC
760997;27/03/2026;sexta-feira;07:40:00;MA;135;3,8;SAO LUIS;Reação tardia ou ineficiente do condutor;Atropelamento de Pedestre;Com Vítimas Feridas;Pleno dia;Decrescente;Nublado;Dupla;"Reta;Aclive";Sim;2;0;0;1;1;0;0;2;-2,613275;-44,251538;SPRF-MA;DEL01-MA;UOP01-DEL01-MA
760998;27/03/2026;sexta-feira;08:00:00;PR;116;89;PIRAQUARA;Ausência de reação do condutor;Colisão traseira;Com Vítimas Feridas;Pleno dia;Crescente;Céu Claro;Dupla;Reta;Sim;2;0;1;0;1;0;0;2;-25,4848;-49,1085;SPRF-PR;DEL01/PR;UOP08-DEL01-PR
760999;27/03/2026;sexta-feira;08:02:00;RN;101;96,3;NATAL;Condutor deixou de manter distância do veículo da frente;Colisão traseira;Com Vítimas Feridas;Pleno dia;Decrescente;Céu Claro;Múltipla;Reta;Não;2;0;0;1;1;1;0;2;-5,851377;-35,20984;SPRF-RN;DEL01-RN;UOP01-DEL01-RN
761000;23/03/2026;segunda-feira;07:40:00;BA;324;543;AMELIA RODRIGUES;Manobra de mudança de faixa;Colisão lateral mesmo sentido;Com Vítimas Feridas;Pleno dia;Crescente;Céu Claro;Dupla;Curva;Sim;3;0;2;0;2;1;0;2;-12,4042049;-38,7532844;SPRF-BA;DEL11/BA;UOP02-DEL11-BA
761002;27/03/2026;sexta-feira;08:15:00;PR;116;125;FAZENDA RIO GRANDE;Trafegar com motocicleta (ou similar) entre as faixas;Colisão lateral mesmo sentido;Com Vítimas Feridas;Pleno dia;Decrescente;Céu Claro;Dupla;Reta;Sim;2;0;1;0;1;1;0;2;-25,634441;-49,31316;SPRF-PR;DEL01/PR;UOP03-DEL01-PR
761003;27/03/2026;sexta-feira;08:30:00;RJ;116;193;NOVA IGUACU;Objeto estático sobre o leito carroçável;Colisão com objeto;Com Vítimas Feridas;Pleno dia;Decrescente;Céu Claro;Dupla;"Em Obras;Reta";Sim;1;0;1;0;1;0;0;1;-22,73898809;-43,53159785;SPRF-RJ;DEL06/RJ;UOP01-DEL06-RJ
761004;25/03/2026;quarta-feira;22:20:00;RS;116;413,4;CAMAQUA;Chuva;Saída de leito carroçável;Sem Vítimas;Plena Noite;Crescente;Chuva;Simples;"Desvio Temporário;Em Obras";Não;1;0;0;0;0;0;1;1;-30,926395;-51,909026;SPRF-RS;DEL02/RS;UOP02-DEL02-RS
761006;27/03/2026;sexta-feira;09:00:00;CE;20;306,9;CANINDE;Acessar a via sem observar a presença dos outros veículos;Colisão transversal;Sem Vítimas;Pleno dia;Decrescente;Céu Claro;Simples;Reta;Sim;2;0;0;0;0;1;0;2;-4,35831;-39,30178;SPRF-CE;DEL02/CE;UOP01-DEL02-CE
761007;09/02/2026;segunda-feira;18:20:00;PA;163;306;NOVO PROGRESSO;Reação tardia ou ineficiente do condutor;Colisão frontal;Sem Vítimas;Anoitecer;Crescente;Céu Claro;Simples;Reta;Não;2;0;0;0;0;0;1;2;-7,07749097;-55,40705681;SPRF-PA;DEL05/PA;UOP03-DEL05-PA
761009;27/03/2026;sexta-feira;09:00:00;DF;20;9;BRASILIA;Frear bruscamente;Colisão com objeto;Com Vítimas Feridas;Pleno dia;Decrescente;Nublado;Dupla;Reta;Sim;1;0;1;0;1;0;0;1;-15,654285;-47,783513;SPRF-DF;DEL02-DF;UOP01-DEL02-DF
761010;05/03/2026;quinta-feira;23:40:00;BA;324;517;FEIRA DE SANTANA;Demais falhas mecânicas ou elétricas;Incêndio;Sem Vítimas;Plena Noite;Decrescente;Céu Claro;Dupla;Reta;Sim;1;0;0;0;0;1;0;1;-12,251925;-38,932773;SPRF-BA;DEL02/BA;UOP01-DEL02-BA
761011;27/03/2026;sexta-feira;09:15:00;MG;40;524,8;CONTAGEM;Trafegar com motocicleta (ou similar) entre as faixas;Atropelamento de Pedestre;Com Vítimas Feridas;Pleno dia;Decrescente;Céu Claro;Dupla;Reta;Sim;2;0;1;1;2;0;0;2;-19,8814924;-44,0504136;SPRF-MG;DEL01/MG;UOP02-DEL01-MG
761012;27/03/2026;sexta-feira;09:25:00;RS;392;62,2;PELOTAS;Demais falhas mecânicas ou elétricas;Incêndio;Sem Vítimas;Pleno dia;Crescente;Céu Claro;Dupla;Curva;Sim;1;0;0;0;0;1;0;1;-31,7793813;-52,35895157;SPRF-RS;DEL07/RS;UOP01-DEL07-RS
761013;27/03/2026;sexta-feira;08:51:00;SC;101;114,9;ITAJAI;Condutor deixou de manter distância do veículo da frente;Colisão lateral mesmo sentido;Com Vítimas Feridas;Pleno dia;Crescente;Céu Claro;Simples;Interseção de Vias;Não;2;0;2;0;2;0;0;2;-26,86927993;-48,73021187;SPRF-SC;DEL04/SC;UOP04-DEL04-SC
761014;27/03/2026;sexta-feira;08:55:00;SC;101;139;BALNEARIO CAMBORIU;Reação tardia ou ineficiente do condutor;Colisão traseira;Sem Vítimas;Pleno dia;Crescente;Céu Claro;Múltipla;Curva;Não;2;0;0;0;0;2;0;2;-27,03007133;-48,60099284;SPRF-SC;DEL04/SC;UOP03-DEL04-SC
761015;27/03/2026;sexta-feira;09:44:00;MG;381;477,6;CONTAGEM;Condutor deixou de manter distância do veículo da frente;Colisão traseira;Com Vítimas Feridas;Pleno dia;Decrescente;Sol;Dupla;"Aclive;Reta";Sim;2;0;1;0;1;1;0;2;-19,95986647;-44,03430892;SPRF-MG;DEL01/MG;UOP03-DEL01-MG
761016;27/03/2026;sexta-feira;09:35:00;RS;470;226;GARIBALDI;Manobra de mudança de faixa;Colisão lateral mesmo sentido;Com Vítimas Feridas;Pleno dia;Crescente;Céu Claro;Simples;"Reta;Aclive";Não;4;0;2;0;2;2;0;3;-29,2517033;-51,51339009;SPRF-RS;DEL06/RS;UOP01-DEL06-RS
761022;27/03/2026;sexta-feira;11:00:00;MG;381;478;CONTAGEM;Manobra de mudança de faixa;Colisão lateral mesmo sentido;Sem Vítimas;Pleno dia;Crescente;Céu Claro;Dupla;"Reta;Declive";Sim;2;0;0;0;0;2;0;2;-19,96181282;-44,03852463;SPRF-MG;DEL01/MG;UOP03-DEL01-MG
761023;27/03/2026;sexta-feira;10:35:00;SP;116;223;GUARULHOS;Manobra de mudança de faixa;Colisão lateral mesmo sentido;Com Vítimas Feridas;Pleno dia;Crescente;Céu Claro;Múltipla;Reta;Sim;3;0;2;0;2;1;0;2;-23,48192374;-46,53535199;SPRF-SP;DEL01/SP;UOP01-DEL01-SP
761024;27/03/2026;sexta-feira;08:00:00;BA;101;117;ALAGOINHAS;Acessar a via sem observar a presença dos outros veículos;Colisão transversal;Com Vítimas Feridas;Pleno dia;Crescente;Céu Claro;Simples;"Interseção de Vias;Reta";Não;3;0;3;0;3;0;0;2;-12,16538822;-38,47550008;SPRF-BA;DEL01/BA;UOP04-DEL01-BA
761025;27/03/2026;sexta-feira;09:15:00;RJ;465;22;RIO DE JANEIRO;Trafegar com motocicleta (ou similar) entre as faixas;Atropelamento de Pedestre;Com Vítimas Feridas;Pleno dia;Decrescente;Céu Claro;Simples;Reta;Sim;3;0;2;0;2;1;0;3;-22,8620589;-43,60141253;SPRF-RJ;DEL03/RJ;UOP01-DEL03-RJ
761026;27/03/2026;sexta-feira;09:50:00;MS;262;239;RIBAS DO RIO PARDO;Condutor desrespeitou a iluminação vermelha do semáforo;Colisão transversal;Com Vítimas Feridas;Pleno dia;Crescente;Céu Claro;Simples;Interseção de Vias;Sim;2;0;1;0;1;1;0;2;-20,45726994;-53,76056168;SPRF-MS;DEL01/MS;UOP05-DEL01-MS
761029;27/03/2026;sexta-feira;11:15:00;SP;101;48;UBATUBA;Reação tardia ou ineficiente do condutor;Colisão traseira;Com Vítimas Feridas;Pleno dia;Decrescente;Céu Claro;Simples;Rotatória;Sim;2;0;1;0;1;1;0;2;-23,43389949;-45,0855789;SPRF-SP;DEL06/SP;UOP01-DEL06-SP
761030;27/03/2026;sexta-feira;10:39:00;TO;153;234;COLINAS DO TOCANTINS;Ausência de reação do condutor;Tombamento;Com Vítimas Feridas;Pleno dia;Decrescente;Nublado;Simples;Reta;Não;1;0;1;0;1;0;0;1;-8,01515193;-48,46534666;SPRF-TO;DEL02-TO;UOP01-DEL02-TO
761032;19/03/2026;quinta-feira;16:40:00;BA;242;262;BOA VISTA DO TUPIM;Reação tardia ou ineficiente do condutor;Colisão traseira;Sem Vítimas;Pleno dia;Crescente;Céu Claro;Simples;Aclive;Não;2;0;0;0;0;2;0;2;-12,45486364;-40,5911082;SPRF-BA;DEL06/BA;UOP02-DEL06-BA
761033;27/03/2026;sexta-feira;11:50:00;SP;116;131;CACAPAVA;Transitar na contramão;Colisão frontal;Com Vítimas Feridas;Pleno dia;Crescente;Céu Claro;Simples;Curva;Sim;2;0;1;0;1;1;0;2;-23,12415422;-45,73071454;SPRF-SP;DEL02/SP;UOP02-DEL02-SP
761034;27/03/2026;sexta-feira;10:13:00;RO;319;144;PORTO VELHO;Acessar a via sem observar a presença dos outros veículos;Colisão lateral mesmo sentido;Sem Vítimas;Pleno dia;Crescente;Céu Claro;Dupla;Reta;Sim;4;0;0;0;0;4;0;2;-8,76561045;-63,88471484;SPRF-RO;DEL01-RO;UOP01-DEL01-RO
761035;27/03/2026;sexta-feira;11:29:00;ES;101;339;GUARAPARI;Acesso irregular;Colisão transversal;Sem Vítimas;Pleno dia;Crescente;Céu Claro;Dupla;"Retorno Regulamentado;Reta";Não;3;0;0;0;0;3;0;2;-20,649824;-40,570143;SPRF-ES;DEL03-ES;UOP01-DEL03-ES
761036;26/03/2026;quinta-feira;07:55:00;SC;101;213;PALHOCA;Manobra de mudança de faixa;Colisão lateral mesmo sentido;Com Vítimas Feridas;Pleno dia;Decrescente;Céu Claro;Múltipla;Reta;Sim;3;0;1;0;1;2;0;2;-27,63603769;-48,66423933;SPRF-SC;DEL01/SC;UOP02-DEL01-SC
761037;27/03/2026;sexta-feira;10:15:00;CE;116;94;MORADA NOVA;Acessar a via sem observar a presença dos outros veículos;Colisão transversal;Com Vítimas Feridas;Pleno dia;Decrescente;Céu Claro;Simples;"Reta;Interseção de Vias";Sim;5;0;2;0;2;3;0;2;-4,50580967;-38,35808722;SPRF-CE;DEL03/CE;UOP01-DEL03-CE
761038;26/03/2026;quinta-feira;10:00:00;PR;369;149;LONDRINA;Ausência de reação do condutor;Colisão traseira;Com Vítimas Feridas;Pleno dia;Crescente;Céu Claro;Dupla;"Interseção de Vias;Reta";Sim;2;0;1;0;1;1;0;2;-23,29290838;-51,15214761;SPRF-PR;DEL07/PR;UOP01-DEL07-PR
761041;27/03/2026;sexta-feira;12:05:00;SC;101;122;ITAJAI;Condutor deixou de manter distância do veículo da frente;Colisão traseira;Com Vítimas Feridas;Pleno dia;Decrescente;Sol;Dupla;Reta;Sim;2;0;1;0;1;1;0;2;-26,93781937;-48,69891107;SPRF-SC;DEL04/SC;UOP04-DEL04-SC
761044;27/03/2026;sexta-feira;12:35:00;ES;101;281;SERRA;Manobra de mudança de faixa;Colisão lateral mesmo sentido;Com Vítimas Feridas;Pleno dia;Crescente;Céu Claro;Dupla;Reta;Sim;2;0;1;0;1;1;0;2;-20,21658334;-40,35800656;SPRF-ES;DEL02-ES;UOP01-DEL02-ES
761045;27/03/2026;sexta-feira;12:00:00;PR;277;110,7;CURITIBA;Condutor deixou de manter distância do veículo da frente;Colisão traseira;Sem Vítimas;Pleno dia;Crescente;Céu Claro;Dupla;"Reta;Aclive";Não;2;0;0;0;0;2;0;2;-25,43091;-49,33177;SPRF-PR;DEL01/PR;UOP06-DEL01-PR
761047;27/03/2026;sexta-feira;10:44:00;AM;174;886;MANAUS;Acessar a via sem observar a presença dos outros veículos;Colisão transversal;Com Vítimas Feridas;Pleno dia;Crescente;Céu Claro;Simples;Reta;Sim;3;0;2;0;2;1;0;2;-2,9591729;-60,0326809;SPRF-AM;DEL01-AM;UOP01-DEL01-AM
761049;27/03/2026;sexta-feira;12:45:00;MG;40;792,5;JUIZ DE FORA;Condutor deixou de manter distância do veículo da frente;Colisão traseira;Com Vítimas Feridas;Pleno dia;Crescente;Céu Claro;Dupla;"Declive;Reta";Não;8;0;1;0;1;7;0;4;-21,771142;-43,436365;SPRF-MG;DEL05/MG;UOP01-DEL05-MG
761051;27/03/2026;sexta-feira;11:30:00;MA;316;545;CAXIAS;Acumulo de água sobre o pavimento;Saída de leito carroçável;Com Vítimas Feridas;Pleno dia;Crescente;Chuva;Simples;Reta;Sim;1;0;1;0;1;0;0;1;-4,8709029;-43,4051751;SPRF-MA;DEL03-MA;UOP02-DEL03-MA
761052;27/03/2026;sexta-feira;13:04:00;PE;104;37,5;CARUARU;Pista Escorregadia;Colisão com objeto;Com Vítimas Feridas;Pleno dia;Decrescente;Chuva;Simples;"Declive;Curva";Não;2;0;1;0;1;1;0;1;-8,06866;-36,04648;SPRF-PE;DEL02/PE;UOP01-DEL02-PE
761054;27/03/2026;sexta-feira;13:09:00;SC;470;50,6;BLUMENAU;Acessar a via sem observar a presença dos outros veículos;Colisão lateral mesmo sentido;Sem Vítimas;Pleno dia;Decrescente;Céu Claro;Dupla;"Reta;Viaduto";Sim;2;0;0;0;0;2;0;2;-26,8629119;-49,0791081;SPRF-SC;DEL04/SC;UOP01-DEL04-SC
761055;27/03/2026;sexta-feira;07:40:00;PR;153;223,9;TIBAGI;Condutor Dormindo;Colisão com objeto;Com Vítimas Feridas;Pleno dia;Decrescente;Céu Claro;Simples;"Reta;Ponte";Não;1;0;1;0;1;0;0;1;-24,65325256;-50,45318691;SPRF-PR;DEL03/PR;UOP02-DEL03-PR
761057;27/03/2026;sexta-feira;12:45:00;PB;230;8,5;CABEDELO;Manobra de mudança de faixa;Colisão lateral mesmo sentido;Com Vítimas Feridas;Pleno dia;Decrescente;Céu Claro;Dupla;Reta;Sim;2;0;1;0;1;1;0;2;-7,0399685;-34,8451442;SPRF-PB;DEL01-PB;UOP01-DEL01-PB
761058;27/03/2026;sexta-feira;13:35:00;PR;369;200;APUCARANA;Ausência de reação do condutor;Colisão traseira;Com Vítimas Feridas;Pleno dia;Crescente;Céu Claro;Simples;"Em Obras;Reta";Sim;2;0;0;1;1;1;0;2;-23,54201747;-51,41242634;SPRF-PR;DEL07/PR;UOP03-DEL07-PR
761059;19/03/2026;quinta-feira;06:10:00;GO;153;203;URUACU;Reação tardia ou ineficiente do condutor;Colisão traseira;Sem Vítimas;Pleno dia;Crescente;Sol;Simples;Interseção de Vias;Sim;2;0;0;0;0;2;0;2;-14,53269175;-49,16028214;SPRF-GO;DEL07/GO;UOP02-DEL07-GO