id;data_inversa;dia_semana;horario;uf;br;km;municipio;causa_acidente;tipo_acidente;classificacao_acidente;fase_dia;sentido_via;condicao_metereologica;tipo_pista;tracado_via;uso_solo;pessoas;mortos;feridos_leves;feridos_graves;feridos;ilesos;ignorados;veiculos;latitude;longitude;regional;delegacia;uop
761415;28/03/2026;sábado;20:15:00;PE;116;32,5;SALGUEIRO;Reação tardia ou ineficiente do condutor;Queda de ocupante de veículo;Com Vítimas Feridas;Plena Noite;Crescente;Garoa/Chuvisco;Simples;Curva;Não;1;0;0;1;1;0;0;1;-8,122957;-39,116648;SPRF-PE;DEL05/PE;UOP01-DEL05-PE
761416;28/03/2026;sábado;22:30:00;BA;101;263,3;SANTO ANTONIO DE JESUS;Acessar a via sem observar a presença dos outros veículos;Colisão transversal;Sem Vítimas;Plena Noite;Crescente;Céu Claro;Múltipla;Interseção de Vias;Sim;2;0;0;0;0;2;0;2;-12,96949172;-39,27362792;SPRF-BA;DEL11/BA;UOP01-DEL11-BA
761417;28/03/2026;sábado;21:30:00;RJ;101;408,9;ITAGUAI;Reação tardia ou ineficiente do condutor;Colisão traseira;Sem Vítimas;Plena Noite;Decrescente;Céu Claro;Dupla;Reta;Não;3;0;0;0;0;2;0;2;-22,88608;-43,835359;SPRF-RJ;DEL03/RJ;UOP01-DEL03-RJ
761418;28/03/2026;sábado;19:46:00;MG;381;243,8;SANTANA DO PARAISO;Desrespeitar a preferência no cruzamento;Colisão transversal;Com Vítimas Feridas;Plena Noite;Decrescente;Nublado;Simples;"Reta;Declive;Retorno Regulamentado";Sim;3;0;2;0;2;1;0;2;-19,45384;-42,52118;SPRF-MG;DEL06/MG;UOP01-DEL06-MG
761419;28/03/2026;sábado;18:50:00;RO;364;196;PIMENTA BUENO;Ultrapassagem Indevida;Colisão lateral mesmo sentido;Com Vítimas Feridas;Plena Noite;Crescente;Nublado;Simples;Reta;Sim;2;0;2;0;2;0;0;2;-11,68561;-61,183895;SPRF-RO;DEL02-RO;UOP02-DEL02-RO
761420;28/03/2026;sábado;19:55:00;RS;116;149,1;CAXIAS DO SUL;Manobra de mudança de faixa;Colisão lateral mesmo sentido;Com Vítimas Feridas;Plena Noite;Crescente;Céu Claro;Dupla;Curva;Não;2;0;1;0;1;1;0;2;-29,162083;-51,156685;SPRF-RS;DEL05/RS;UOP01-DEL05-RS
761421;28/03/2026;sábado;21:30:00;PR;369;197;ARAPONGAS;Ingestão de álcool pelo condutor;Saída de leito carroçável;Com Vítimas Feridas;Plena Noite;Decrescente;Céu Claro;Dupla;Reta;Não;4;0;0;3;3;0;0;2;-23,504578;-51,425015;SPRF-PR;DEL07/PR;UOP03-DEL07-PR
761422;28/03/2026;sábado;23:15:00;GO;414;325;COCALZINHO DE GOIAS;Condutor Dormindo;Saída de leito carroçável;Com Vítimas Feridas;Plena Noite;Decrescente;Ignorado;Simples;Reta;Não;1;0;1;0;1;0;0;1;-15,418793;-48,623847;SPRF-GO;DEL02/GO;UOP01-DEL02-GO
761424;28/03/2026;sábado;23:00:00;SC;101;320;PESCARIA BRAVA;Ausência de reação do condutor;Colisão traseira;Com Vítimas Feridas;Plena Noite;Crescente;Céu Claro;Múltipla;Curva;Sim;2;0;1;0;1;1;0;2;-28,42434888;-48,89693705;SPRF-SC;DEL02/SC;UOP01-DEL02-SC
761425;28/03/2026;sábado;22:40:00;PR;277;25;MORRETES;Ingestão de álcool pelo condutor;Colisão com objeto;Sem Vítimas;Plena Noite;Crescente;Céu Claro;Múltipla;Reta;Não;1;0;0;0;0;1;0;1;-25,53562637;-48,76316071;SPRF-PR;DEL01/PR;UOP05-DEL01-PR
761426;28/03/2026;sábado;22:45:00;ES;259;60,5;COLATINA;Ausência de reação do condutor;Colisão lateral mesmo sentido;Com Vítimas Feridas;Plena Noite;Crescente;Nublado;Simples;Reta;Não;2;0;1;0;1;1;0;2;-19,514467;-40,660786;SPRF-ES;DEL02-ES;UOP01-DEL02-ES
761427;28/03/2026;sábado;22:50:00;SC;101;12,7;GARUVA;Demais falhas mecânicas ou elétricas;Incêndio;Sem Vítimas;Plena Noite;Decrescente;Céu Claro;Dupla;Aclive;Não;1;0;0;0;0;1;0;1;-26,08870511;-48,86262624;SPRF-SC;DEL03/SC;UOP01-DEL03-SC
761429;28/03/2026;sábado;23:00:00;RN;101;95,6;NATAL;Manobra de mudança de faixa;Queda de ocupante de veículo;Com Vítimas Feridas;Plena Noite;Crescente;Céu Claro;Múltipla;Reta;Sim;1;0;1;0;1;0;0;1;-5,846058;-35,208517;SPRF-RN;DEL01-RN;UOP01-DEL01-RN
761430;29/03/2026;domingo;00:20:00;MG;381;484;BETIM;Reação tardia ou ineficiente do condutor;Tombamento;Com Vítimas Feridas;Plena Noite;Crescente;Nublado;Dupla;Curva;Sim;1;0;1;0;1;0;0;1;-19,95848499;-44,09140706;SPRF-MG;DEL01/MG;UOP03-DEL01-MG
761431;28/03/2026;sábado;22:50:00;SC;101;39,8;JOINVILLE;Demais falhas mecânicas ou elétricas;Queda de ocupante de veículo;Com Vítimas Feridas;Plena Noite;Crescente;Céu Claro;Dupla;Reta;Sim;2;0;2;0;2;0;0;1;-26,30222189;-48,88305411;SPRF-SC;DEL03/SC;UOP01-DEL03-SC
761433;29/03/2026;domingo;00:30:00;CE;116;46;PACAJUS;Acessar a via sem observar a presença dos outros veículos;Colisão traseira;Sem Vítimas;Plena Noite;Crescente;Céu Claro;Dupla;"Retorno Regulamentado;Aclive;Reta";Sim;2;0;0;0;0;2;0;2;-4,14831056;-38,47749732;SPRF-CE;DEL01/CE;UOP02-DEL01-CE
761435;29/03/2026;domingo;01:30:00;DF;40;0,3;BRASILIA;Velocidade Incompatível;Colisão com objeto;Com Vítimas Feridas;Plena Noite;Decrescente;Céu Claro;Simples;Viaduto;Sim;1;0;1;0;1;0;0;1;-15,98112407;-47,98898846;SPRF-DF;DEL01-DF;UOP01-DEL01-DF
761436;28/03/2026;sábado;23:10:00;RJ;356;148,3;CAMPOS DOS GOYTACAZES;Condutor Dormindo;Colisão frontal;Com Vítimas Feridas;Plena Noite;Crescente;Céu Claro;Simples;Curva;Sim;3;0;0;1;1;1;0;3;-21,773372;-41,281777;SPRF-RJ;DEL08/RJ;UOP02-DEL08-RJ
761437;29/03/2026;domingo;01:20:00;GO;60;225,1;CEZARINA;Animais na Pista;Atropelamento de Animal;Com Vítimas Feridas;Plena Noite;Decrescente;Ignorado;Simples;Reta;Não;1;0;0;1;1;0;0;1;-17,027888;-49,777573;SPRF-GO;DEL01/GO;UOP02-DEL01-GO
761439;29/03/2026;domingo;00:50:00;PI;343;340,8;TERESINA;Ingestão de álcool pelo condutor;Colisão com objeto;Com Vítimas Feridas;Plena Noite;Crescente;Nublado;Dupla;Curva;Sim;1;0;1;0;1;0;0;1;-5,077698;-42,743184;SPRF-PI;DEL01-PI;UOP01-DEL01-PI
761440;29/03/2026;domingo;02:00:00;RJ;101;277;TANGUA;Demais falhas mecânicas ou elétricas;Incêndio;Sem Vítimas;Plena Noite;Decrescente;Céu Claro;Dupla;Reta;Não;2;0;0;0;0;2;0;1;-22,73993021;-42,75296656;SPRF-RJ;DEL02/RJ;UOP03-DEL02-RJ
761441;29/03/2026;domingo;00:22:00;MS;463;107;PONTA PORA;Ingestão de álcool pelo condutor;Capotamento;Com Vítimas Feridas;Plena Noite;Decrescente;Céu Claro;Dupla;"Reta;Interseção de Vias";Não;1;0;1;0;1;0;0;1;-22,59360178;-55,66916076;SPRF-MS;DEL04/MS;UOP03-DEL04-MS
761444;29/03/2026;domingo;02:40:00;MG;40;560;NOVA LIMA;Condutor Dormindo;Saída de leito carroçável;Sem Vítimas;Plena Noite;Crescente;Céu Claro;Simples;Reta;Não;1;0;0;0;0;1;0;1;-20,189924;-43,970269;SPRF-MG;DEL01/MG;UOP02-DEL01-MG
761445;29/03/2026;domingo;02:00:00;MG;267;37;ARGIRITA;Reação tardia ou ineficiente do condutor;Colisão com objeto;Com Vítimas Feridas;Plena Noite;Crescente;Céu Claro;Simples;Curva;Não;1;0;1;0;1;0;0;1;-21,6721852;-42,89225578;SPRF-MG;DEL07/MG;UOP01-DEL07-MG
761446;29/03/2026;domingo;03:00:00;RJ;116;320;ITATIAIA;Ingestão de álcool pelo condutor;Capotamento;Com Vítimas Feridas;Plena Noite;Decrescente;Céu Claro;Dupla;Reta;Não;3;0;1;0;1;2;0;3;-22,477352;-44,5281714;SPRF-RJ;DEL07/RJ;UOP02-DEL07-RJ
761447;29/03/2026;domingo;02:05:00;PE;423;90,3;SAO JOAO;Transitar na contramão;Colisão lateral sentido oposto;Com Vítimas Feridas;Plena Noite;Crescente;Céu Claro;Simples;Reta;Não;3;0;0;2;2;0;0;2;-8,848858;-36,460975;SPRF-PE;DEL03/PE;UOP01-DEL03-PE
761448;29/03/2026;domingo;03:40:00;RS;116;239,5;NOVO HAMBURGO;Velocidade Incompatível;Colisão transversal;Com Vítimas Feridas;Plena Noite;Crescente;Céu Claro;Simples;Reta;Sim;5;0;1;0;1;4;0;2;-29,70004244;-51,14618389;SPRF-RS;DEL01/RS;UOP02-DEL01-RS
761449;29/03/2026;domingo;00:25:00;PI;343;320;ALTOS;Condutor deixou de manter distância do veículo da frente;Colisão traseira;Com Vítimas Feridas;Plena Noite;Crescente;Céu Claro;Dupla;Reta;Não;2;0;1;0;1;1;0;2;-5,05032146;-42,57363215;SPRF-PI;DEL01-PI;UOP01-DEL01-PI
761450;29/03/2026;domingo;04:00:00;SC;101;201,1;SAO JOSE;Ausência de reação do condutor;Colisão com objeto;Com Vítimas Feridas;Plena Noite;Decrescente;Céu Claro;Múltipla;Reta;Não;1;0;1;0;1;0;0;1;-27,54816336;-48,61959882;SPRF-SC;DEL01/SC;UOP01-DEL01-SC
761451;29/03/2026;domingo;03:10:00;CE;222;149;IRAUCUBA;Transitar na contramão;Colisão frontal;Com Vítimas Fatais;Plena Noite;Crescente;Nublado;Simples;"Interseção de Vias;Reta";Sim;3;1;1;1;2;0;0;2;-3,74718282;-39,79059219;SPRF-CE;DEL04/CE;UOP03-DEL04-CE
761452;29/03/2026;domingo;03:00:00;RJ;116;284;BARRA MANSA;Condutor Dormindo;Colisão com objeto;Com Vítimas Feridas;Plena Noite;Crescente;Céu Claro;Dupla;Curva;Não;1;0;1;0;1;0;0;1;-22,52975438;-44,19557065;SPRF-RJ;DEL07/RJ;UOP02-DEL07-RJ
761454;29/03/2026;domingo;03:45:00;SC;470;63,7;INDAIAL;Ausência de reação do condutor;Saída de leito carroçável;Com Vítimas Feridas;Plena Noite;Crescente;Ignorado;Dupla;"Em Obras;Curva";Não;1;0;0;1;1;0;0;1;-26,8692141;-49,2027409;SPRF-SC;DEL04/SC;UOP01-DEL04-SC
761455;29/03/2026;domingo;04:32:00;SP;116;216;GUARULHOS;Condutor Dormindo;Colisão com objeto;Com Vítimas Fatais;Plena Noite;Crescente;Céu Claro;Múltipla;Reta;Sim;1;1;0;0;0;0;0;1;-23,45220295;-46,46741893;SPRF-SP;DEL01/SP;UOP01-DEL01-SP
761457;28/03/2026;sábado;23:00:00;RS;116;84,7;CAMPESTRE DA SERRA;Ingestão de álcool pelo condutor;Saída de leito carroçável;Com Vítimas Feridas;Plena Noite;Crescente;Céu Claro;Simples;Curva;Sim;1;0;1;0;1;0;0;1;-28,83275;-51,1208;SPRF-RS;DEL05/RS;UOP03-DEL05-RS
761458;28/03/2026;sábado;23:10:00;RJ;493;9;GUAPIMIRIM;Animais na Pista;Atropelamento de Animal;Com Vítimas Feridas;Plena Noite;Crescente;Céu Claro;Simples;Reta;Não;1;0;0;1;1;0;0;1;-22,700322;-42,9557;SPRF-RJ;DEL04/RJ;UOP02-DEL04-RJ
761461;29/03/2026;domingo;04:50:00;RO;364;381;OURO PRETO DO OESTE;Acumulo de água sobre o pavimento;Saída de leito carroçável;Sem Vítimas;Amanhecer;Decrescente;Garoa/Chuvisco;Simples;"Curva;Aclive";Não;2;0;0;0;0;2;0;1;-10,7272733;-62,2314667;SPRF-RO;DEL02-RO;UOP01-DEL02-RO
761462;29/03/2026;domingo;05:00:00;MG;50;79;UBERLANDIA;Condutor Dormindo;Saída de leito carroçável;Sem Vítimas;Amanhecer;Decrescente;Céu Claro;Dupla;Aclive;Sim;1;0;0;0;0;1;0;1;-18,9508778;-48,21731441;SPRF-MG;DEL15/MG;UOP01-DEL15-MG
761463;29/03/2026;domingo;05:06:00;SC;101;31,1;JOINVILLE;Condutor deixou de manter distância do veículo da frente;Colisão com objeto;Com Vítimas Feridas;Amanhecer;Decrescente;Céu Claro;Dupla;"Reta;Declive";Não;4;0;1;0;1;2;0;3;-26,23589429;-48,91515462;SPRF-SC;DEL03/SC;UOP01-DEL03-SC
761464;29/03/2026;domingo;06:13:00;PI;343;1,3;TERESINA;Ausência de reação do condutor;Colisão transversal;Sem Vítimas;Pleno dia;Decrescente;Céu Claro;Dupla;"Reta;Retorno Regulamentado";Sim;2;0;0;0;0;2;0;2;-5,080875;-42,7616;SPRF-PI;DEL01-PI;UOP01-DEL01-PI
761465;29/03/2026;domingo;06:30:00;GO;153;64;PORANGATU;Ausência de reação do condutor;Tombamento;Com Vítimas Feridas;Pleno dia;Decrescente;Céu Claro;Simples;Reta;Não;1;0;1;0;1;0;0;1;-13,38385927;-49,12779003;SPRF-GO;DEL07/GO;UOP01-DEL07-GO
761467;29/03/2026;domingo;05:45:00;SC;101;109;PENHA;Demais falhas mecânicas ou elétricas;Incêndio;Sem Vítimas;Amanhecer;Decrescente;Céu Claro;Múltipla;Reta;Não;1;0;0;0;0;0;1;1;-26,83495109;-48,70666115;SPRF-SC;DEL03/SC;UOP02-DEL03-SC
761468;29/03/2026;domingo;06:30:00;PE;101;3;GOIANA;Manobra de mudança de faixa;Colisão lateral mesmo sentido;Com Vítimas Feridas;Pleno dia;Decrescente;Céu Claro;Dupla;"Retorno Regulamentado;Reta";Não;3;0;3;0;3;0;0;2;-7,53153153;-34,98651761;SPRF-PE;DEL01/PE;UOP02-DEL01-PE
761469;29/03/2026;domingo;06:42:00;SC;101;321,5;PESCARIA BRAVA;Ausência de reação do condutor;Colisão traseira;Com Vítimas Feridas;Amanhecer;Decrescente;Céu Claro;Múltipla;"Declive;Curva";Sim;4;0;2;0;2;2;0;2;-28,429378;-48,918815;SPRF-SC;DEL02/SC;UOP01-DEL02-SC
761470;29/03/2026;domingo;05:00:00;SC;101;90;BARRA VELHA;Reação tardia ou ineficiente do condutor;Colisão com objeto;Sem Vítimas;Amanhecer;Crescente;Céu Claro;Dupla;Reta;Sim;1;0;0;0;0;1;0;1;-26,66816961;-48,68951797;SPRF-SC;DEL03/SC;UOP02-DEL03-SC
761471;29/03/2026;domingo;07:00:00;PR;277;78;CURITIBA;Ingestão de álcool pelo condutor;Colisão com objeto;Com Vítimas Feridas;Pleno dia;Decrescente;Sol;Dupla;Aclive;Sim;2;0;2;0;2;0;0;1;-25,48244422;-49,19349281;SPRF-PR;DEL01/PR;UOP08-DEL01-PR
761472;29/03/2026;domingo;06:00:00;RN;304;28;MOSSORO;Ausência de reação do condutor;Saída de leito carroçável;Sem Vítimas;Pleno dia;Decrescente;Céu Claro;Simples;Reta;Não;1;0;0;0;0;0;1;1;-5,102315;-37,337719;SPRF-RN;DEL04-RN;UOP02-DEL04-RN
761475;28/03/2026;sábado;19:00:00;BA;418;66;NOVA VICOSA;Pedestre - Ingestão de álcool/ substâncias psicoativas;Atropelamento de Pedestre;Com Vítimas Feridas;Plena Noite;Crescente;Chuva;Simples;Reta;Não;2;0;0;1;1;0;0;2;-17,816457;-39,653143;SPRF-BA;DEL09/BA;UOP02-DEL09-BA
761476;29/03/2026;domingo;06:30:00;RS;386;166;CARAZINHO;Demais falhas na via;Queda de ocupante de veículo;Com Vítimas Feridas;Pleno dia;Crescente;Céu Claro;Simples;Reta;Não;2;0;2;0;2;0;0;1;-28,21236;-52,82742;SPRF-RS;DEL08/RS;UOP01-DEL08-RS
761477;29/03/2026;domingo;07:40:00;PB;230;86,5;JOAO PESSOA;Ingestão de álcool pelo condutor;Colisão com objeto;Com Vítimas Feridas;Pleno dia;Crescente;Nublado;Dupla;Aclive;Sim;1;0;0;1;1;0;0;1;-7,15467;-34,907863;SPRF-PB;DEL01-PB;UOP02-DEL01-PB
761478;29/03/2026;domingo;07:00:00;GO;414;338;COCALZINHO DE GOIAS;Ausência de reação do condutor;Tombamento;Com Vítimas Feridas;Pleno dia;Decrescente;Céu Claro;Simples;Reta;Não;1;0;0;1;1;0;0;1;-15,532937;-48,624592;SPRF-GO;DEL02/GO;UOP01-DEL02-GO
761480;13/02/2026;sexta-feira;15:30:00;SP;381;81;SAO PAULO;Ausência de reação do condutor;Colisão traseira;Sem Vítimas;Pleno dia;Decrescente;Céu Claro;Dupla;Reta;Sim;2;0;0;0;0;2;0;2;-23,43321488;-46,56876035;SPRF-SP;DEL03/SP;UOP01-DEL03-SP
761482;29/03/2026;domingo;08:05:00;SC;470;43,5;GASPAR;Ausência de reação do condutor;Colisão com objeto;Sem Vítimas;Pleno dia;Decrescente;Céu Claro;Dupla;Reta;Não;1;0;0;0;0;1;0;1;-26,87118604;-49,01941359;SPRF-SC;DEL04/SC;UOP01-DEL04-SC
761483;29/03/2026;domingo;08:40:00;BA;324;590;CANDEIAS;Manobra de mudança de faixa;Colisão lateral mesmo sentido;Com Vítimas Feridas;Pleno dia;Crescente;Chuva;Dupla;Reta;Não;7;0;1;0;1;6;0;3;-12,662195;-38,471128;SPRF-BA;DEL01/BA;UOP01-DEL01-BA
761484;29/03/2026;domingo;08:35:00;RJ;40;117;DUQUE DE CAXIAS;Manobra de mudança de faixa;Colisão traseira;Com Vítimas Feridas;Pleno dia;Crescente;Céu Claro;Dupla;Reta;Sim;3;0;1;0;1;2;0;2;-22,74758348;-43,28797493;SPRF-RJ;DEL01/RJ;UOP02-DEL01-RJ
761485;29/03/2026;domingo;06:50:00;RO;421;17;MONTE NEGRO;Pista esburacada;Colisão lateral mesmo sentido;Com Vítimas Feridas;Amanhecer;Crescente;Nublado;Simples;"Reta;Em Obras";Não;3;0;0;1;1;1;0;3;-10,018905;-63,16826;SPRF-RO;DEL03-RO;UOP01-DEL03-RO
761486;28/03/2026;sábado;04:00:00;RO;364;712;PORTO VELHO;Reação tardia ou ineficiente do condutor;Saída de leito carroçável;Sem Vítimas;Plena Noite;Crescente;Céu Claro;Simples;"Reta;Rotatória;Interseção de Vias";Não;1;0;0;0;0;0;1;1;-8,776197;-63,87375;SPRF-RO;DEL01-RO;UOP01-DEL01-RO
761489;28/01/2026;quarta-feira;11:45:00;PR;277;5;PARANAGUA;Avarias e/ou desgaste excessivo no pneu;Colisão com objeto;Com Vítimas Feridas;Pleno dia;Decrescente;Sol;Dupla;Reta;Não;2;0;2;0;2;0;0;1;-25,559652;-48,578097;SPRF-PR;DEL01/PR;UOP05-DEL01-PR
761490;29/03/2026;domingo;08:19:00;CE;116;428,3;IPAUMIRIM;Curva acentuada;Colisão com objeto;Sem Vítimas;Pleno dia;Crescente;Nublado;Simples;"Curva;Rotatória";Não;1;0;0;0;0;0;1;1;-6,84104;-38,7375;SPRF-CE;DEL05/CE;UOP01-DEL05-CE
761491;29/03/2026;domingo;09:00:00;RS;116;248;SAO LEOPOLDO;Ausência de reação do condutor;Colisão lateral mesmo sentido;Com Vítimas Feridas;Pleno dia;Decrescente;Céu Claro;Dupla;Curva;Sim;4;0;2;0;2;1;0;3;-29,7689879;-51,1528162;SPRF-RS;DEL01/RS;UOP02-DEL01-RS
761493;26/03/2026;quinta-feira;07:50:00;SP;101;43;UBATUBA;Condutor deixou de manter distância do veículo da frente;Colisão lateral mesmo sentido;Com Vítimas Feridas;Pleno dia;Crescente;Céu Claro;Simples;Reta;Não;2;0;1;0;1;0;0;2;-23,41032609;-45,058686;SPRF-SP;DEL06/SP;UOP01-DEL06-SP
761494;26/03/2026;quinta-feira;07:50:00;SP;101;43;UBATUBA;Reação tardia ou ineficiente do condutor;Colisão transversal;Sem Vítimas;Amanhecer;Crescente;Céu Claro;Simples;Curva;Sim;2;0;0;0;0;2;0;2;-23,41686842;-45,06752227;SPRF-SP;DEL06/SP;UOP01-DEL06-SP
761496;29/03/2026;domingo;09:15:00;PR;153;24,6;JACAREZINHO;Acessar a via sem observar a presença dos outros veículos;Colisão transversal;Com Vítimas Feridas;Pleno dia;Crescente;Céu Claro;Simples;Interseção de Vias;Não;2;0;1;0;1;1;0;2;-23,18904797;-49,98586178;SPRF-PR;DEL07/PR;UOP04-DEL07-PR
761497;29/03/2026;domingo;09:00:00;SC;282;537;CHAPECO;Acumulo de areia ou detritos sobre o pavimento;Queda de ocupante de veículo;Com Vítimas Feridas;Pleno dia;Decrescente;Céu Claro;Simples;Curva;Não;1;0;1;0;1;0;0;1;-27,000225;-52,668705;SPRF-SC;DEL07/SC;UOP01-DEL07-SC
761498;29/03/2026;domingo;07:00:00;RO;364;695;PORTO VELHO;Ausência de reação do condutor;Queda de ocupante de veículo;Com Vítimas Feridas;Pleno dia;Crescente;Garoa/Chuvisco;Dupla;Reta;Não;2;0;1;0;1;0;0;2;-8,80040383;-63,76176196;SPRF-RO;DEL01-RO;UOP01-DEL01-RO
761499;29/03/2026;domingo;09:45:00;BA;324;515;FEIRA DE SANTANA;Condutor deixou de manter distância do veículo da frente;Colisão traseira;Com Vítimas Feridas;Pleno dia;Decrescente;Nublado;Simples;"Reta;Interseção de Vias";Sim;3;0;1;0;1;2;0;2;-12,24096639;-38,93830268;SPRF-BA;DEL02/BA;UOP01-DEL02-BA
761500;29/03/2026;domingo;08:00:00;RO;364;748;PORTO VELHO;Ausência de reação do condutor;Saída de leito carroçável;Com Vítimas Feridas;Pleno dia;Crescente;Nublado;Simples;Curva;Não;1;0;0;1;1;0;0;1;-9,04818015;-64,00653072;SPRF-RO;DEL01-RO;UOP02-DEL01-RO
761501;29/03/2026;domingo;08:15:00;MG;262;24,3;REDUTO;Condutor Dormindo;Saída de leito carroçável;Com Vítimas Feridas;Pleno dia;Decrescente;Céu Claro;Simples;Curva;Não;3;0;2;0;2;1;0;1;-20,242422;-41,963343;SPRF-MG;DEL06/MG;UOP03-DEL06-MG
761504;29/03/2026;domingo;10:25:00;SC;282;483,9;FAXINAL DOS GUEDES;Manobra de mudança de faixa;Tombamento;Com Vítimas Feridas;Pleno dia;Crescente;Céu Claro;Simples;Reta;Não;2;0;1;0;1;1;0;2;-26,86251;-52,225038;SPRF-SC;DEL07/SC;UOP01-DEL07-SC
761506;29/03/2026;domingo;11:20:00;GO;60;338;SANTO ANTONIO DA BARRA;Reação tardia ou ineficiente do condutor;Tombamento;Com Vítimas Feridas;Pleno dia;Crescente;Céu Claro;Dupla;"Ponte;Reta";Não;2;0;1;0;1;0;0;2;-17,552765;-50,607562;SPRF-GO;DEL04/GO;UOP02-DEL04-GO
761507;29/03/2026;domingo;11:00:00;PR;277;53;MORRETES;Ausência de reação do condutor;Queda de ocupante de veículo;Com Vítimas Feridas;Pleno dia;Crescente;Céu Claro;Dupla;Reta;Não;1;0;1;0;1;0;0;1;-25,59261346;-48,92623901;SPRF-PR;DEL01/PR;UOP05-DEL01-PR
761509;06/02/2026;sexta-feira;15:30:00;PB;230;125;RIACHAO DO BACAMARTE;Velocidade Incompatível;Saída de leito carroçável;Sem Vítimas;Anoitecer;Crescente;Céu Claro;Simples;"Aclive;Reta";Não;1;0;0;0;0;0;1;1;-7,247615;-35,679318;SPRF-PB;DEL02-PB;UOP01-DEL02-PB
761510;29/03/2026;domingo;12:30:00;MG;262;185;SAO DOMINGOS DO PRATA;Ausência de reação do condutor;Colisão frontal;Com Vítimas Feridas;Pleno dia;Crescente;Céu Claro;Simples;Reta;Não;5;0;2;0;2;3;0;2;-19,89459;-43,04096;SPRF-MG;DEL03/MG;UOP01-DEL03-MG
761511;29/03/2026;domingo;11:53:00;MG;40;496,8;ESMERALDAS;Demais falhas mecânicas ou elétricas;Queda de ocupante de veículo;Com Vítimas Feridas;Pleno dia;Crescente;Céu Claro;Dupla;"Declive;Curva";Sim;2;0;1;1;2;0;0;1;-19,676667;-44,190278;SPRF-MG;DEL02/MG;UOP01-DEL02-MG
761512;29/03/2026;domingo;11:50:00;SP;116;445;REGISTRO;Acessar a via sem observar a presença dos outros veículos;Colisão transversal;Com Vítimas Feridas;Pleno dia;Crescente;Céu Claro;Dupla;Interseção de Vias;Não;4;0;2;0;2;2;0;2;-24,49746759;-47,84223732;SPRF-SP;DEL05/SP;UOP01-DEL05-SP
761513;29/03/2026;domingo;12:53:00;RJ;101;330;RIO DE JANEIRO;Ausência de reação do condutor;Colisão traseira;Com Vítimas Feridas;Pleno dia;Decrescente;Céu Claro;Dupla;"Reta;Ponte";Não;2;0;1;0;1;1;0;2;-22,86925553;-43,17738533;SPRF-RJ;DEL02/RJ;UOP01-DEL02-RJ
761515;29/03/2026;domingo;12:15:00;PR;376;248,6;APUCARANA;Velocidade Incompatível;Capotamento;Com Vítimas Feridas;Pleno dia;Decrescente;Céu Claro;Dupla;"Curva;Declive";Sim;2;0;2;0;2;0;0;1;-23,61623367;-51,39607218;SPRF-PR;DEL07/PR;UOP03-DEL07-PR
761516;21/02/2026;sábado;05:45:00;SC;101;225,8;PALHOCA;Velocidade Incompatível;Colisão traseira;Com Vítimas Feridas;Amanhecer;Decrescente;Nublado;Dupla;"Reta;Declive";Não;2;0;1;0;1;1;0;2;-27,73669613;-48,6404152;SPRF-SC;DEL01/SC;UOP02-DEL01-SC
761520;29/03/2026;domingo;10:10:00;MT;174;78;CACERES;Ultrapassagem Indevida;Colisão frontal;Com Vítimas Feridas;Pleno dia;Decrescente;Sol;Simples;Reta;Não;2;0;1;1;2;0;0;2;-15,983255;-57,75836;SPRF-MT;DEL03/MT;UOP01-DEL03-MT
761521;29/03/2026;domingo;13:10:00;PE;424;91,2;GARANHUNS;Pedestre - Ingestão de álcool/ substâncias psicoativas;Atropelamento de Pedestre;Com Vítimas Feridas;Pleno dia;Decrescente;Chuva;Simples;Reta;Não;2;0;1;1;2;0;0;2;-8,906487;-36,49801;SPRF-PE;DEL03/PE;UOP01-DEL03-PE
761522;29/03/2026;domingo;10:30:00;RJ;101;392,7;RIO DE JANEIRO;Reação tardia ou ineficiente do condutor;Tombamento;Com Vítimas Feridas;Pleno dia;Decrescente;Sol;Dupla;Reta;Sim;1;0;1;0;1;0;0;1;-22,89097668;-43,69960992;SPRF-RJ;DEL03/RJ;UOP01-DEL03-RJ
761523;29/03/2026;domingo;11:10:00;GO;80;42,1;PADRE BERNARDO;Falta de elemento de contenção que evite a saída do leito carroçável;Saída de leito carroçável;Com Vítimas Fatais;Pleno dia;Crescente;Céu Claro;Dupla;Reta;Não;2;1;0;1;1;0;0;1;-15,202336;-48,28325;SPRF-DF;DEL03-DF;UOP02-DEL03-DF
761524;29/03/2026;domingo;14:55:00;RS;101;86,9;OSORIO;Acessar a via sem observar a presença dos outros veículos;Colisão lateral mesmo sentido;Com Vítimas Feridas;Pleno dia;Decrescente;Céu Claro;Simples;Reta;Sim;2;0;1;0;1;1;0;2;-29,8833136;-50,26720405;SPRF-RS;DEL03/RS;UOP01-DEL03-RS
761527;29/03/2026;domingo;10:40:00;PE;316;5;ARARIPINA;Reação tardia ou ineficiente do condutor;Saída de leito carroçável;Com Vítimas Fatais;Pleno dia;Crescente;Garoa/Chuvisco;Simples;Reta;Não;1;1;0;0;0;0;0;1;-7,473445;-40,617628;SPRF-PE;DEL05/PE;UOP02-DEL05-PE
761528;14/02/2026;sábado;10:41:00;PA;163;310;NOVO PROGRESSO;Velocidade Incompatível;Colisão lateral mesmo sentido;Sem Vítimas;Pleno dia;Decrescente;Céu Claro;Simples;Reta;Sim;2;0;0;0;0;0;1;2;-7,05453436;-55,40909529;SPRF-PA;DEL05/PA;UOP03-DEL05-PA