id;data_inversa;dia_semana;horario;uf;br;km;municipio;causa_acidente;tipo_acidente;classificacao_acidente;fase_dia;sentido_via;condicao_metereologica;tipo_pista;tracado_via;uso_solo;pessoas;mortos;feridos_leves;feridos_graves;feridos;ilesos;ignorados;veiculos;latitude;longitude;regional;delegacia;uop
761529;29/03/2026;domingo;15:15:00;RJ;40;116;DUQUE DE CAXIAS;Reação tardia ou ineficiente do condutor;Colisão traseira;Com Vítimas Feridas;Pleno dia;Crescente;Céu Claro;Dupla;Reta;Sim;3;0;2;0;2;1;0;3;-22,740015;-43,28839;SPRF-RJ;DEL01/RJ;UOP02-DEL01-RJ
761530;29/03/2026;domingo;15:30:00;AL;101;55,9;MESSIAS;Demais falhas mecânicas ou elétricas;Incêndio;Sem Vítimas;Pleno dia;Crescente;Nublado;Dupla;Reta;Não;4;0;0;0;0;1;0;2;-9,30377021;-35,82179038;SPRF-AL;DEL01-AL;UOP02-DEL01-AL
761531;25/03/2026;quarta-feira;18:00:00;RJ;101;502;ANGRA DOS REIS;Mal súbito do condutor;Colisão frontal;Com Vítimas Feridas;Plena Noite;Crescente;Céu Claro;Simples;Curva;Não;3;0;3;0;3;0;0;2;-22,91425;-44,347669;SPRF-RJ;DEL03/RJ;UOP03-DEL03-RJ
761532;29/03/2026;domingo;15:40:00;MG;50;171;UBERABA;Acumulo de areia ou detritos sobre o pavimento;Tombamento;Com Vítimas Feridas;Pleno dia;Crescente;Céu Claro;Dupla;"Curva;Interseção de Vias;Retorno Regulamentado";Não;2;0;2;0;2;0;0;1;-19,750991;-47,982459;SPRF-MG;DEL13/MG;UOP01-DEL13-MG
761533;29/03/2026;domingo;16:20:00;PR;373;396;CANDOI;Ingestão de álcool pelo condutor;Colisão traseira;Sem Vítimas;Pleno dia;Decrescente;Céu Claro;Simples;Reta;Sim;4;0;0;0;0;4;0;2;-25,55515377;-52,034799;SPRF-PR;DEL08/PR;UOP01-DEL08-PR
761535;29/03/2026;domingo;10:25:00;GO;251;30;CRISTALINA;Acessar a via sem observar a presença dos outros veículos;Colisão transversal;Com Vítimas Feridas;Pleno dia;Crescente;Céu Claro;Dupla;Reta;Sim;2;0;0;2;2;0;0;2;-16,087117;-47,516632;SPRF-DF;DEL01-DF;UOP01-DEL01-DF
761536;29/03/2026;domingo;16:45:00;PB;230;44,6;SANTA RITA;Ausência de reação do condutor;Saída de leito carroçável;Com Vítimas Feridas;Pleno dia;Decrescente;Céu Claro;Dupla;Reta;Não;1;0;0;1;1;0;0;1;-7,159017;-35,018412;SPRF-PB;DEL01-PB;UOP02-DEL01-PB
761537;29/03/2026;domingo;15:40:00;SC;101;104;BALNEARIO PICARRAS;Acessar a via sem observar a presença dos outros veículos;Colisão transversal;Com Vítimas Feridas;Pleno dia;Crescente;Sol;Múltipla;"Interseção de Vias;Viaduto";Não;3;0;2;0;2;1;0;2;-26,79701636;-48,67964141;SPRF-SC;DEL03/SC;UOP02-DEL03-SC
761538;29/03/2026;domingo;15:45:00;ES;262;96;DOMINGOS MARTINS;Ingestão de álcool pelo condutor;Colisão traseira;Sem Vítimas;Pleno dia;Crescente;Chuva;Simples;Reta;Não;2;0;0;0;0;2;0;2;-20,36303939;-41,07033346;SPRF-ES;DEL01-ES;UOP02-DEL01-ES
761541;29/03/2026;domingo;17:10:00;PR;277;82;CURITIBA;Ausência de reação do condutor;Colisão lateral mesmo sentido;Com Vítimas Feridas;Pleno dia;Decrescente;Sol;Dupla;Reta;Sim;2;0;2;0;2;0;0;2;-25,458558;-49,221885;SPRF-PR;DEL01/PR;UOP08-DEL01-PR
761542;29/03/2026;domingo;17:20:00;ES;101;213,6;IBIRACU;Condutor deixou de manter distância do veículo da frente;Colisão traseira;Com Vítimas Feridas;Anoitecer;Crescente;Céu Claro;Simples;Interseção de Vias;Sim;2;0;1;0;1;1;0;2;-19,82493889;-40,36934138;SPRF-ES;DEL02-ES;UOP01-DEL02-ES
761544;29/03/2026;domingo;17:30:00;SC;101;144,9;ITAPEMA;Condutor deixou de manter distância do veículo da frente;Colisão traseira;Com Vítimas Feridas;Pleno dia;Decrescente;Céu Claro;Dupla;Reta;Sim;2;0;1;0;1;1;0;2;-27,07992818;-48,60022036;SPRF-SC;DEL04/SC;UOP03-DEL04-SC
761545;29/03/2026;domingo;17:45:00;SE;235;2;ARACAJU;Chuva;Tombamento;Com Vítimas Feridas;Anoitecer;Crescente;Chuva;Dupla;"Curva;Declive";Sim;2;0;1;1;2;0;0;1;-10,907425;-37,091852;SPRF-SE;DEL01-SE;UOP01-DEL01-SE
761547;29/03/2026;domingo;16:38:00;AP;210;19;MACAPA;Reação tardia ou ineficiente do condutor;Colisão lateral mesmo sentido;Com Vítimas Feridas;Pleno dia;Decrescente;Garoa/Chuvisco;Simples;Reta;Não;6;0;2;0;2;4;0;2;0,1903616;-51,1172183;SPRF-AP;DEL01-AP;UOP01-DEL01-AP
761550;29/03/2026;domingo;16:20:00;DF;20;5,5;BRASILIA;Demais falhas mecânicas ou elétricas;Colisão lateral mesmo sentido;Sem Vítimas;Pleno dia;Crescente;Nublado;Dupla;"Declive;Reta";Sim;2;0;0;0;0;2;0;2;-15,66932529;-47,81412721;SPRF-DF;DEL02-DF;UOP01-DEL02-DF
761551;29/03/2026;domingo;17:40:00;PE;101;43;IGARASSU;Pedestre cruzava a pista fora da faixa;Atropelamento de Pedestre;Com Vítimas Feridas;Anoitecer;Crescente;Céu Claro;Múltipla;Reta;Não;2;0;1;0;1;0;0;2;-7,8458202;-34,9099313;SPRF-PE;DEL01/PE;UOP02-DEL01-PE
761552;29/03/2026;domingo;06:00:00;SC;282;571,3;NOVA ERECHIM;Ausência de reação do condutor;Saída de leito carroçável;Sem Vítimas;Amanhecer;Decrescente;Céu Claro;Simples;Reta;Não;1;0;0;0;0;0;1;1;-26,892285;-52,929907;SPRF-SC;DEL07/SC;UOP02-DEL07-SC
761555;29/03/2026;domingo;18:00:00;SP;381;32;ATIBAIA;Ausência de reação do condutor;Queda de ocupante de veículo;Com Vítimas Feridas;Anoitecer;Decrescente;Céu Claro;Dupla;Reta;Sim;2;0;1;0;1;1;0;1;-23,06661283;-46,56964716;SPRF-SP;DEL03/SP;UOP02-DEL03-SP
761556;29/03/2026;domingo;18:30:00;GO;414;435;ANAPOLIS;Conversão proibida;Colisão transversal;Com Vítimas Feridas;Anoitecer;Decrescente;Céu Claro;Simples;Reta;Sim;2;0;0;1;1;1;0;2;-16,2365431;-48,9329903;SPRF-GO;DEL02/GO;UOP01-DEL02-GO
761557;29/03/2026;domingo;16:00:00;MG;50;205;DELTA;Reação tardia ou ineficiente do condutor;Saída de leito carroçável;Sem Vítimas;Pleno dia;Crescente;Sol;Dupla;"Aclive;Curva";Não;1;0;0;0;0;1;0;1;-19,96766158;-47,7938962;SPRF-MG;DEL13/MG;UOP01-DEL13-MG
761558;29/03/2026;domingo;14:10:00;RJ;393;155;TRES RIOS;Velocidade Incompatível;Colisão com objeto;Com Vítimas Feridas;Pleno dia;Decrescente;Céu Claro;Simples;Rotatória;Não;2;0;0;2;2;0;0;1;-22,10637109;-43,07768075;SPRF-RJ;DEL05/RJ;UOP01-DEL05-RJ
761559;05/03/2026;quinta-feira;12:40:00;BA;324;527;FEIRA DE SANTANA;Reação tardia ou ineficiente do condutor;Colisão lateral mesmo sentido;Com Vítimas Feridas;Pleno dia;Decrescente;Céu Claro;Dupla;Reta;Não;3;0;1;0;1;2;0;2;-12,31198734;-38,88231978;SPRF-BA;DEL11/BA;UOP02-DEL11-BA
761560;29/03/2026;domingo;18:27:00;TO;10;446;PALMAS;Acessar a via sem observar a presença dos outros veículos;Colisão transversal;Com Vítimas Feridas;Amanhecer;Crescente;Céu Claro;Simples;Reta;Não;2;0;0;1;1;1;0;2;-10,3791532;-48,3052715;SPRF-TO;DEL01-TO;UOP03-DEL01-TO
761561;29/03/2026;domingo;18:30:00;BA;324;517;FEIRA DE SANTANA;Acesso irregular;Colisão transversal;Com Vítimas Feridas;Plena Noite;Crescente;Chuva;Simples;"Reta;Viaduto";Sim;3;0;1;0;1;2;0;2;-12,25665446;-38,93218875;SPRF-BA;DEL02/BA;UOP01-DEL02-BA
761562;29/03/2026;domingo;18:40:00;RS;116;563,5;PEDRO OSORIO;Entrada inopinada do pedestre;Atropelamento de Pedestre;Com Vítimas Fatais;Anoitecer;Crescente;Nublado;Simples;"Reta;Rotatória";Não;4;1;0;0;0;2;0;3;-31,92654607;-52,72572605;SPRF-RS;DEL07/RS;UOP03-DEL07-RS
761564;29/03/2026;domingo;18:20:00;MG;116;634,7;DIVINO;Acessar a via sem observar a presença dos outros veículos;Colisão transversal;Com Vítimas Feridas;Plena Noite;Crescente;Nublado;Simples;Rotatória;Não;3;0;2;0;2;1;0;2;-20,624;-42,221;SPRF-MG;DEL07/MG;UOP02-DEL07-MG
761566;29/03/2026;domingo;18:15:00;PR;116;142;MANDIRITUBA;Reação tardia ou ineficiente do condutor;Colisão traseira;Sem Vítimas;Plena Noite;Decrescente;Céu Claro;Simples;Interseção de Vias;Sim;2;0;0;0;0;2;0;2;-25,777563;-49,32542;SPRF-PR;DEL01/PR;UOP03-DEL01-PR
761567;29/03/2026;domingo;18:58:00;CE;116;164,4;RUSSAS;Acessar a via sem observar a presença dos outros veículos;Atropelamento de Pedestre;Com Vítimas Fatais;Plena Noite;Crescente;Céu Claro;Simples;Reta;Não;2;1;1;0;1;0;0;2;-4,95438825;-37,99797535;SPRF-CE;DEL03/CE;UOP01-DEL03-CE
761568;29/03/2026;domingo;18:35:00;PR;376;286,2;MAUA DA SERRA;Ausência de reação do condutor;Saída de leito carroçável;Com Vítimas Feridas;Anoitecer;Decrescente;Céu Claro;Dupla;Reta;Não;1;0;1;0;1;0;0;1;-23,88418962;-51,24040604;SPRF-PR;DEL07/PR;UOP02-DEL07-PR
761569;29/03/2026;domingo;18:15:00;MG;116;573;MANHUACU;Transitar na contramão;Colisão frontal;Com Vítimas Feridas;Plena Noite;Crescente;Céu Claro;Simples;Curva;Não;4;0;1;1;2;2;0;2;-20,14330725;-42,18156481;SPRF-MG;DEL06/MG;UOP03-DEL06-MG
761571;29/03/2026;domingo;18:45:00;MG;40;595;OURO PRETO;Transitar na contramão;Colisão frontal;Com Vítimas Fatais;Plena Noite;Decrescente;Nublado;Simples;Reta;Não;3;1;0;2;2;0;0;2;-20,39969972;-43,9007891;SPRF-MG;DEL05/MG;UOP02-DEL05-MG
761572;29/03/2026;domingo;19:05:00;RS;116;260;CANOAS;Condutor deixou de manter distância do veículo da frente;Engavetamento;Sem Vítimas;Plena Noite;Crescente;Céu Claro;Múltipla;Reta;Não;7;0;0;0;0;7;0;3;-29,87617757;-51,1804647;SPRF-RS;DEL01/RS;UOP01-DEL01-RS
761573;29/03/2026;domingo;18:50:00;SC;101;205,1;SAO JOSE;Reação tardia ou ineficiente do condutor;Colisão traseira;Sem Vítimas;Plena Noite;Crescente;Céu Claro;Múltipla;Reta;Sim;2;0;0;0;0;2;0;2;-27,58462;-48,61588;SPRF-SC;DEL01/SC;UOP01-DEL01-SC
761574;29/03/2026;domingo;16:00:00;MS;163;621;SAO GABRIEL DO OESTE;Ausência de reação do condutor;Colisão com objeto;Sem Vítimas;Pleno dia;Decrescente;Sol;Dupla;Reta;Não;1;0;0;0;0;0;1;1;-19,34027778;-54,60277778;SPRF-MS;DEL06/MS;UOP02-DEL06-MS
761575;29/03/2026;domingo;17:50:00;RJ;101;438;MANGARATIBA;Ausência de reação do condutor;Colisão lateral mesmo sentido;Com Vítimas Feridas;Anoitecer;Decrescente;Céu Claro;Simples;Reta;Não;2;0;1;0;1;1;0;2;-22,950721;-44,07705;SPRF-RJ;DEL03/RJ;UOP02-DEL03-RJ
761577;29/03/2026;domingo;19:30:00;RS;116;260;CANOAS;Trafegar com motocicleta (ou similar) entre as faixas;Colisão lateral mesmo sentido;Com Vítimas Feridas;Plena Noite;Crescente;Céu Claro;Dupla;Reta;Sim;3;0;1;0;1;2;0;2;-29,88152579;-51,18051901;SPRF-RS;DEL01/RS;UOP01-DEL01-RS
761578;29/03/2026;domingo;19:20:00;SC;101;144;ITAPEMA;Trafegar com motocicleta (ou similar) entre as faixas;Colisão lateral mesmo sentido;Com Vítimas Feridas;Plena Noite;Decrescente;Nublado;Dupla;Reta;Não;2;0;0;1;1;1;0;2;-27,07763803;-48,59934924;SPRF-SC;DEL04/SC;UOP03-DEL04-SC
761579;29/03/2026;domingo;18:30:00;SP;116;283;EMBU DAS ARTES;Reação tardia ou ineficiente do condutor;Tombamento;Sem Vítimas;Plena Noite;Crescente;Céu Claro;Dupla;Reta;Sim;2;0;0;0;0;2;0;2;-23,66824106;-46,85544748;SPRF-SP;DEL04/SP;UOP01-DEL04-SP
761580;29/03/2026;domingo;17:05:00;PR;467;102;CASCAVEL;Avarias e/ou desgaste excessivo no pneu;Tombamento;Com Vítimas Feridas;Pleno dia;Decrescente;Céu Claro;Dupla;"Declive;Reta";Não;2;0;2;0;2;0;0;1;-24,90107721;-53,5228306;SPRF-PR;DEL04/PR;UOP01-DEL04-PR
761581;29/03/2026;domingo;16:50:00;MG;381;525,6;BRUMADINHO;Pista Escorregadia;Saída de leito carroçável;Com Vítimas Feridas;Pleno dia;Decrescente;Chuva;Dupla;"Curva;Aclive";Não;6;0;1;0;1;5;0;1;-20,14850212;-44,32397603;SPRF-MG;DEL04/MG;UOP03-DEL04-MG
761582;29/03/2026;domingo;18:40:00;GO;80;36;PADRE BERNARDO;Manobra de mudança de faixa;Colisão lateral mesmo sentido;Com Vítimas Feridas;Anoitecer;Crescente;Chuva;Dupla;Reta;Sim;3;0;1;1;2;1;0;2;-15,22936775;-48,27753067;SPRF-DF;DEL03-DF;UOP02-DEL03-DF
761585;25/03/2026;quarta-feira;07:30:00;RJ;101;309;SAO GONCALO;Reação tardia ou ineficiente do condutor;Colisão traseira;Com Vítimas Feridas;Pleno dia;Crescente;Céu Claro;Dupla;Reta;Sim;3;0;2;0;2;1;0;2;-22,79331599;-43,02660154;SPRF-RJ;DEL02/RJ;UOP02-DEL02-RJ
761587;29/03/2026;domingo;19:50:00;SP;153;174;GUAICARA;Desrespeitar a preferência no cruzamento;Colisão transversal;Com Vítimas Feridas;Plena Noite;Crescente;Céu Claro;Simples;Rotatória;Não;3;0;2;0;2;1;0;2;-21,63337956;-49,78779171;SPRF-SP;DEL07/SP;UOP01-DEL07-SP
761588;29/03/2026;domingo;19:15:00;RS;293;221,4;DOM PEDRITO;Manobra de mudança de faixa;Colisão frontal;Com Vítimas Fatais;Plena Noite;Crescente;Céu Claro;Simples;"Declive;Reta";Não;5;2;0;3;3;0;0;2;-31,118518;-54,41672;SPRF-RS;DEL11/RS;UOP03-DEL11-RS
761589;29/03/2026;domingo;17:45:00;SC;101;380,2;ICARA;Ingestão de álcool pelo condutor;Saída de leito carroçável;Com Vítimas Feridas;Anoitecer;Decrescente;Céu Claro;Múltipla;"Reta;Aclive";Sim;1;0;1;0;1;0;0;1;-28,75973493;-49,28498833;SPRF-SC;DEL02/SC;UOP02-DEL02-SC
761590;29/03/2026;domingo;19:00:00;MG;262;785;UBERABA;Ingestão de álcool pelo condutor;Colisão traseira;Sem Vítimas;Plena Noite;Crescente;Céu Claro;Dupla;Reta;Sim;7;0;0;0;0;7;0;2;-19,76453;-47,89199;SPRF-MG;DEL13/MG;UOP01-DEL13-MG
761591;29/03/2026;domingo;19:00:00;GO;251;10,6;CRISTALINA;Ausência de reação do condutor;Queda de ocupante de veículo;Com Vítimas Feridas;Plena Noite;Crescente;Nublado;Simples;Reta;Não;2;0;1;1;2;0;0;1;-16,210167;-47,418738;SPRF-DF;DEL01-DF;UOP01-DEL01-DF
761592;29/03/2026;domingo;19:45:00;PR;277;3,7;FOZ DO IGUACU;Ingestão de álcool pelo condutor;Colisão traseira;Com Vítimas Feridas;Plena Noite;Decrescente;Céu Claro;Simples;Reta;Sim;4;0;2;1;3;1;0;3;-25,5788132;-54,5581588;SPRF-PR;DEL05/PR;UOP04-DEL05-PR
761596;29/03/2026;domingo;21:00:00;RN;101;160;CANGUARETAMA;Ingestão de álcool pelo condutor;Colisão frontal;Com Vítimas Feridas;Plena Noite;Decrescente;Céu Claro;Simples;Reta;Sim;2;0;0;2;2;0;0;2;-6,36966559;-35,15373039;SPRF-RN;DEL01-RN;UOP01-DEL01-RN
761597;29/03/2026;domingo;19:45:00;MG;381;937;EXTREMA;Reação tardia ou ineficiente do condutor;Tombamento;Com Vítimas Feridas;Plena Noite;Crescente;Céu Claro;Dupla;"Declive;Curva";Não;2;0;1;0;1;0;0;2;-22,810261;-46,281296;SPRF-MG;DEL16/MG;UOP03-DEL16-MG
761599;29/03/2026;domingo;19:59:00;PA;308;162,7;CAPANEMA;Reação tardia ou ineficiente do condutor;Colisão traseira;Com Vítimas Fatais;Plena Noite;Crescente;Céu Claro;Simples;Reta;Não;2;1;0;0;0;0;0;2;-1,20717296;-47,093786;SPRF-PA;DEL01/PA;UOP03-DEL01-PA
761600;29/03/2026;domingo;19:50:00;RS;472;576;URUGUAIANA;Animais na Pista;Tombamento;Com Vítimas Feridas;Plena Noite;Crescente;Céu Claro;Simples;Curva;Sim;1;0;1;0;1;0;0;1;-29,776677;-57,059897;SPRF-RS;DEL13/RS;UOP01-DEL13-RS
761602;29/03/2026;domingo;21:40:00;RJ;116;190;NOVA IGUACU;Acesso irregular;Atropelamento de Pedestre;Com Vítimas Fatais;Plena Noite;Crescente;Céu Claro;Múltipla;Reta;Sim;2;1;0;0;0;1;0;2;-22,7451559;-43,5137558;SPRF-RJ;DEL06/RJ;UOP01-DEL06-RJ
761603;29/03/2026;domingo;19:30:00;MG;381;671;PERDOES;Ausência de reação do condutor;Colisão traseira;Sem Vítimas;Plena Noite;Decrescente;Céu Claro;Dupla;Reta;Não;2;0;0;0;0;2;0;2;-21,05887087;-45,04909515;SPRF-MG;DEL04/MG;UOP02-DEL04-MG
761605;29/03/2026;domingo;16:26:00;AL;101;25;JOAQUIM GOMES;Ausência de reação do condutor;Colisão frontal;Sem Vítimas;Pleno dia;Crescente;Garoa/Chuvisco;Simples;Reta;Sim;2;0;0;0;0;0;1;2;-9,05689;-35,71785;SPRF-AL;DEL01-AL;UOP02-DEL01-AL
761606;29/03/2026;domingo;21:15:00;SC;470;33,8;GASPAR;Reação tardia ou ineficiente do condutor;Colisão lateral mesmo sentido;Com Vítimas Feridas;Plena Noite;Crescente;Céu Claro;Dupla;Reta;Não;3;0;2;0;2;1;0;2;-26,90977;-48,94825;SPRF-SC;DEL04/SC;UOP01-DEL04-SC
761607;29/03/2026;domingo;14:00:00;RS;285;0,2;SAO JOSE DOS AUSENTES;Reação tardia ou ineficiente do condutor;Queda de ocupante de veículo;Com Vítimas Feridas;Pleno dia;Crescente;Céu Claro;Simples;Reta;Não;2;0;0;2;2;0;0;1;-28,799351;-49,953732;SPRF-RS;DEL05/RS;UOP03-DEL05-RS
761608;29/03/2026;domingo;20:26:00;RJ;116;145;DUQUE DE CAXIAS;Ausência de reação do condutor;Colisão com objeto;Sem Vítimas;Plena Noite;Crescente;Céu Claro;Dupla;Reta;Sim;1;0;0;0;0;0;1;1;-22,66490782;-43,26002955;SPRF-RJ;DEL01/RJ;UOP02-DEL01-RJ
761609;29/03/2026;domingo;14:48:00;SC;101;338;TUBARAO;Ausência de reação do condutor;Tombamento;Com Vítimas Feridas;Pleno dia;Crescente;Céu Claro;Dupla;Declive;Não;1;0;1;0;1;0;0;1;-28,49741484;-49,04486609;SPRF-SC;DEL02/SC;UOP01-DEL02-SC
761610;29/03/2026;domingo;19:01:00;SC;101;372;ICARA;Demais falhas mecânicas ou elétricas;Incêndio;Sem Vítimas;Plena Noite;Decrescente;Céu Claro;Dupla;Reta;Não;2;0;0;0;0;2;0;1;-28,7443463;-49,25492048;SPRF-SC;DEL02/SC;UOP01-DEL02-SC
761611;29/03/2026;domingo;21:20:00;PR;369;347,7;CAMPO MOURAO;Ingestão de álcool pelo condutor;Saída de leito carroçável;Com Vítimas Feridas;Plena Noite;Crescente;Céu Claro;Simples;"Curva;Aclive";Não;5;0;3;0;3;0;0;1;-24,102613;-52,432106;SPRF-PR;DEL09/PR;UOP03-DEL09-PR
761613;29/03/2026;domingo;21:00:00;RJ;116;2;SAPUCAIA;Ingestão de álcool pelo condutor;Colisão lateral sentido oposto;Sem Vítimas;Plena Noite;Decrescente;Céu Claro;Simples;Reta;Sim;4;0;0;0;0;2;0;3;-21,88270005;-42,68030424;SPRF-RJ;DEL05/RJ;UOP01-DEL05-RJ
761614;29/03/2026;domingo;20:33:00;PA;10;206;IPIXUNA DO PARA;Acessar a via sem observar a presença dos outros veículos;Colisão lateral mesmo sentido;Com Vítimas Feridas;Plena Noite;Decrescente;Céu Claro;Simples;Reta;Não;4;0;0;1;1;1;0;3;-2,62302;-47,482433;SPRF-PA;DEL02/PA;UOP01-DEL02-PA
761615;29/03/2026;domingo;22:16:00;RN;304;295;MACAIBA;Acesso irregular;Colisão transversal;Com Vítimas Feridas;Plena Noite;Crescente;Céu Claro;Simples;Reta;Não;2;0;1;0;1;1;0;2;-5,8660077;-35,3527531;SPRF-RN;DEL01-RN;UOP02-DEL01-RN
761616;29/03/2026;domingo;21:30:00;PB;230;22;JOAO PESSOA;Condutor Dormindo;Saída de leito carroçável;Sem Vítimas;Plena Noite;Decrescente;Céu Claro;Dupla;Reta;Sim;1;0;0;0;0;1;0;1;-7,154298;-34,855588;SPRF-PB;DEL01-PB;UOP01-DEL01-PB
761617;29/03/2026;domingo;20:00:00;RO;364;395;OURO PRETO DO OESTE;Transitar na contramão;Colisão lateral sentido oposto;Com Vítimas Feridas;Plena Noite;Decrescente;Céu Claro;Simples;"Aclive;Reta";Não;4;0;3;1;4;0;0;2;-10,63757468;-62,31521934;SPRF-RO;DEL03-RO;UOP02-DEL03-RO
761618;29/03/2026;domingo;19:45:00;SC;470;167,8;POUSO REDONDO;Reação tardia ou ineficiente do condutor;Saída de leito carroçável;Com Vítimas Feridas;Plena Noite;Crescente;Céu Claro;Simples;Curva;Não;1;0;1;0;1;0;0;1;-27,27284335;-49,85839717;SPRF-SC;DEL04/SC;UOP02-DEL04-SC
761619;29/03/2026;domingo;19:15:00;BA;116;29,7;VITORIA DA CONQUISTA;Ingestão de álcool pelo condutor;Tombamento;Com Vítimas Feridas;Plena Noite;Decrescente;Nublado;Simples;Retorno Regulamentado;Sim;1;0;1;0;1;0;0;1;-14,82742415;-40,82860261;SPRF-BA;DEL08/BA;UOP01-DEL08-BA
761621;29/03/2026;domingo;21:10:00;PR;277;132;CAMPO LARGO;Ingestão de álcool pelo condutor;Colisão com objeto;Sem Vítimas;Plena Noite;Decrescente;Céu Claro;Dupla;"Reta;Declive";Não;1;0;0;0;0;1;0;1;-25,456299;-49,573512;SPRF-PR;DEL01/PR;UOP07-DEL01-PR
761622;29/03/2026;domingo;22:00:00;PR;277;78;CURITIBA;Ingestão de álcool pelo condutor;Colisão com objeto;Sem Vítimas;Plena Noite;Crescente;Nublado;Dupla;"Em Obras;Reta";Sim;2;0;0;0;0;2;0;2;-25,482378;-49,193097;SPRF-PR;DEL01/PR;UOP08-DEL01-PR
761624;29/03/2026;domingo;21:50:00;MG;365;626;UBERLANDIA;Transitar na contramão;Colisão frontal;Com Vítimas Feridas;Plena Noite;Decrescente;Céu Claro;Dupla;"Viaduto;Curva;Interseção de Vias";Sim;3;0;0;2;2;1;0;2;-18,9066801;-48,3335546;SPRF-MG;DEL15/MG;UOP01-DEL15-MG
761625;29/03/2026;domingo;23:10:00;ES;101;165,7;LINHARES;Pedestre andava na pista;Atropelamento de Pedestre;Com Vítimas Feridas;Plena Noite;Crescente;Céu Claro;Simples;Reta;Não;3;0;0;1;1;2;0;2;-19,518358;-40,143223;SPRF-ES;DEL04-ES;UOP01-DEL04-ES
761627;29/03/2026;domingo;23:40:00;RN;101;94,4;NATAL;Ausência de reação do condutor;Colisão traseira;Com Vítimas Feridas;Plena Noite;Decrescente;Céu Claro;Múltipla;"Reta;Viaduto";Sim;2;0;2;0;2;0;0;2;-5,835839;-35,211774;SPRF-RN;DEL01-RN;UOP01-DEL01-RN
761628;29/03/2026;domingo;23:00:00;MG;153;245,1;FRONTEIRA;Reação tardia ou ineficiente do condutor;Colisão traseira;Com Vítimas Feridas;Plena Noite;Crescente;Céu Claro;Simples;"Declive;Reta";Sim;5;0;2;2;4;1;0;2;-20,29081359;-49,20209734;SPRF-MG;DEL13/MG;UOP02-DEL13-MG
761629;29/03/2026;domingo;19:40:00;SC;101;318;PESCARIA BRAVA;Ausência de reação do condutor;Tombamento;Com Vítimas Feridas;Plena Noite;Crescente;Céu Claro;Simples;Reta;Não;1;0;1;0;1;0;0;1;-28,42934011;-48,87732474;SPRF-SC;DEL02/SC;UOP01-DEL02-SC
761630;29/03/2026;domingo;22:30:00;ES;262;161;IBATIBA;Ingestão de álcool pelo condutor;Colisão transversal;Sem Vítimas;Plena Noite;Decrescente;Nublado;Simples;Reta;Não;2;0;0;0;0;2;0;2;-20,236264;-41,522813;SPRF-ES;DEL01-ES;UOP02-DEL01-ES
761631;29/03/2026;domingo;21:10:00;SC;280;14,1;SAO FRANCISCO DO SUL;Ultrapassagem Indevida;Colisão frontal;Com Vítimas Feridas;Plena Noite;Decrescente;Céu Claro;Dupla;Reta;Sim;2;0;1;0;1;1;0;2;-26,33122;-48,65177;SPRF-SC;DEL03/SC;UOP03-DEL03-SC
761632;29/03/2026;domingo;22:40:00;MG;50;29;ARAGUARI;Ingestão de álcool pelo condutor;Saída de leito carroçável;Sem Vítimas;Plena Noite;Decrescente;Céu Claro;Dupla;"Declive;Curva";Não;1;0;0;0;0;0;1;1;-18,62006;-48,111053;SPRF-MG;DEL15/MG;UOP02-DEL15-MG
761634;29/03/2026;domingo;22:05:00;MT;364;200;RONDONOPOLIS;Transitar na contramão;Colisão transversal;Com Vítimas Feridas;Plena Noite;Decrescente;Nublado;Dupla;Reta;Sim;4;0;0;1;1;3;0;2;-16,49820874;-54,63563204;SPRF-MT;DEL02/MT;UOP01-DEL02-MT
761635;29/03/2026;domingo;23:20:00;CE;116;42;HORIZONTE;Ingestão de álcool pelo condutor;Colisão frontal;Com Vítimas Feridas;Plena Noite;Decrescente;Céu Claro;Simples;Reta;Sim;3;0;2;1;3;0;0;2;-4,11257832;-38,49020362;SPRF-CE;DEL01/CE;UOP02-DEL01-CE
761636;30/03/2026;segunda-feira;00:10:00;PR;277;604,8;CASCAVEL;Velocidade Incompatível;Saída de leito carroçável;Com Vítimas Feridas;Plena Noite;Crescente;Céu Claro;Dupla;"Curva;Declive";Não;2;0;1;1;2;0;0;1;-25,02;-53,544;SPRF-PR;DEL05/PR;UOP02-DEL05-PR
761637;30/03/2026;segunda-feira;00:38:00;RN;101;85;NATAL;Ausência de reação do condutor;Colisão com objeto;Com Vítimas Feridas;Plena Noite;Decrescente;Céu Claro;Dupla;"Reta;Ponte";Sim;1;0;1;0;1;0;0;1;-5,779857;-35,248325;SPRF-RN;DEL02-RN;UOP01-DEL02-RN
761638;30/03/2026;segunda-feira;01:15:00;SC;470;139;RIO DO SUL;Ingestão de álcool pelo condutor;Tombamento;Com Vítimas Feridas;Plena Noite;Decrescente;Nublado;Dupla;Reta;Sim;1;0;1;0;1;0;0;1;-27,20187347;-49,63315666;SPRF-SC;DEL04/SC;UOP02-DEL04-SC
761639;30/03/2026;segunda-feira;00:37:00;CE;116;218;TABULEIRO DO NORTE;Animais na Pista;Atropelamento de Animal;Com Vítimas Feridas;Plena Noite;Crescente;Céu Claro;Simples;Reta;Não;1;0;1;0;1;0;0;1;-5,22348188;-38,20159659;SPRF-CE;DEL03/CE;UOP01-DEL03-CE