id;data_inversa;dia_semana;horario;uf;br;km;municipio;causa_acidente;tipo_acidente;classificacao_acidente;fase_dia;sentido_via;condicao_metereologica;tipo_pista;tracado_via;uso_solo;pessoas;mortos;feridos_leves;feridos_graves;feridos;ilesos;ignorados;veiculos;latitude;longitude;regional;delegacia;uop
761640;30/03/2026;segunda-feira;01:40:00;SC;282;385,7;JOACABA;Condutor Dormindo;Saída de leito carroçável;Sem Vítimas;Plena Noite;Crescente;Céu Claro;Simples;"Declive;Reta";Não;2;0;0;0;0;2;0;1;-27,192207;-51,516976;SPRF-SC;DEL07/SC;UOP05-DEL07-SC
761641;29/03/2026;domingo;22:00:00;MA;135;0,4;SAO LUIS;Condutor deixou de manter distância do veículo da frente;Colisão traseira;Sem Vítimas;Plena Noite;Crescente;Céu Claro;Dupla;Curva;Sim;3;0;0;0;0;2;0;2;-2,584128;-44,242918;SPRF-MA;DEL01-MA;UOP01-DEL01-MA
761642;30/03/2026;segunda-feira;01:50:00;RS;290;97;PORTO ALEGRE;Ausência de reação do condutor;Saída de leito carroçável;Sem Vítimas;Plena Noite;Decrescente;Céu Claro;Dupla;"Ponte;Reta";Sim;1;0;0;0;0;0;1;1;-29,99704613;-51,20985031;SPRF-RS;DEL01/RS;UOP01-DEL01-RS
761645;30/03/2026;segunda-feira;02:45:00;SC;101;348;JAGUARUNA;Ausência de reação do condutor;Saída de leito carroçável;Sem Vítimas;Plena Noite;Crescente;Céu Claro;Simples;Aclive;Não;1;0;0;0;0;1;0;1;-28,58094258;-49,05156355;SPRF-SC;DEL02/SC;UOP01-DEL02-SC
761646;29/03/2026;domingo;21:05:00;MA;316;605,1;TIMON;Demais falhas mecânicas ou elétricas;Colisão traseira;Com Vítimas Feridas;Plena Noite;Crescente;Nublado;Simples;"Declive;Reta";Não;4;0;1;0;1;3;0;2;-5,047355;-42,916185;SPRF-MA;DEL03-MA;UOP02-DEL03-MA
761647;30/03/2026;segunda-feira;03:30:00;RN;406;169,2;SAO GONCALO DO AMARANTE;Animais na Pista;Atropelamento de Animal;Sem Vítimas;Plena Noite;Decrescente;Céu Claro;Dupla;Reta;Não;2;0;0;0;0;2;0;1;-5,756442;-35,305388;SPRF-RN;DEL02-RN;UOP01-DEL02-RN
761648;30/03/2026;segunda-feira;02:30:00;MT;163;818;SINOP;Desvio temporário;Queda de ocupante de veículo;Com Vítimas Feridas;Plena Noite;Crescente;Nublado;Simples;Desvio Temporário;Não;1;0;0;1;1;0;0;1;-12,00977106;-55,51734924;SPRF-MT;DEL06/MT;UOP02-DEL06-MT
761650;30/03/2026;segunda-feira;03:50:00;AL;316;151;PALMEIRA DOS INDIOS;Animais na Pista;Atropelamento de Animal;Com Vítimas Feridas;Plena Noite;Decrescente;Garoa/Chuvisco;Simples;"Declive;Reta";Não;2;0;2;0;2;0;0;1;-9,423459;-36,662384;SPRF-AL;DEL03-AL;UOP01-DEL03-AL
761653;29/03/2026;domingo;19:03:00;PA;316;217;VISEU;Ultrapassagem Indevida;Colisão lateral sentido oposto;Sem Vítimas;Plena Noite;Crescente;Nublado;Simples;Aclive;Não;9;0;0;0;0;6;0;3;-1,649353;-46,779568;SPRF-PA;DEL01/PA;UOP03-DEL01-PA
761654;30/03/2026;segunda-feira;06:00:00;PE;101;72,2;RECIFE;Reação tardia ou ineficiente do condutor;Colisão traseira;Com Vítimas Feridas;Amanhecer;Decrescente;Nublado;Dupla;Reta;Sim;3;0;1;1;2;1;0;2;-8,08656;-34,94621;SPRF-PE;DEL01/PE;UOP01-DEL01-PE
761655;30/03/2026;segunda-feira;05:20:00;SC;470;63;INDAIAL;Acessar a via sem observar a presença dos outros veículos;Colisão transversal;Com Vítimas Feridas;Plena Noite;Decrescente;Nublado;Simples;"Em Obras;Reta";Sim;2;0;1;0;1;1;0;2;-26,87213351;-49,19365525;SPRF-SC;DEL04/SC;UOP01-DEL04-SC
761657;30/03/2026;segunda-feira;05:30:00;SP;116;139;SAO JOSE DOS CAMPOS;Ausência de reação do condutor;Queda de ocupante de veículo;Com Vítimas Fatais;Amanhecer;Decrescente;Nublado;Dupla;Reta;Não;3;2;0;0;0;1;0;2;-23,1648885;-45,8038087;SPRF-SP;DEL02/SP;UOP01-DEL02-SP
761660;30/03/2026;segunda-feira;06:30:00;SP;381;89;GUARULHOS;Ausência de reação do condutor;Colisão traseira;Com Vítimas Feridas;Pleno dia;Crescente;Sol;Dupla;Reta;Sim;2;0;1;0;1;1;0;2;-23,49432101;-46,55953757;SPRF-SP;DEL03/SP;UOP01-DEL03-SP
761661;30/03/2026;segunda-feira;06:10:00;MG;365;687;MONTE ALEGRE DE MINAS;Animais na Pista;Atropelamento de Animal;Com Vítimas Feridas;Pleno dia;Crescente;Céu Claro;Dupla;Curva;Sim;1;0;1;0;1;0;0;1;-18,87672705;-48,87645721;SPRF-MG;DEL15/MG;UOP01-DEL15-MG
761664;30/03/2026;segunda-feira;06:30:00;ES;101;233;FUNDAO;Frear bruscamente;Saída de leito carroçável;Com Vítimas Feridas;Pleno dia;Crescente;Céu Claro;Dupla;"Aclive;Reta";Não;2;0;1;0;1;1;0;1;-19,9623821;-40,4066229;SPRF-ES;DEL02-ES;UOP01-DEL02-ES
761665;30/03/2026;segunda-feira;05:50:00;DF;40;7;BRASILIA;Reação tardia ou ineficiente do condutor;Queda de ocupante de veículo;Com Vítimas Feridas;Amanhecer;Decrescente;Céu Claro;Dupla;Reta;Não;1;0;1;0;1;0;0;1;-16,039322;-47,979595;SPRF-DF;DEL01-DF;UOP01-DEL01-DF
761666;30/03/2026;segunda-feira;00:15:00;SP;381;85;SAO PAULO;Reação tardia ou ineficiente do condutor;Colisão traseira;Sem Vítimas;Plena Noite;Decrescente;Céu Claro;Dupla;Reta;Sim;1;0;0;0;0;0;1;1;-23,46101224;-46,57072306;SPRF-SP;DEL03/SP;UOP01-DEL03-SP
761668;29/03/2026;domingo;16:30:00;MG;116;438;ENGENHEIRO CALDAS;Acumulo de água sobre o pavimento;Saída de leito carroçável;Com Vítimas Feridas;Pleno dia;Decrescente;Chuva;Simples;Curva;Não;1;0;1;0;1;0;0;1;-19,03843932;-41,98855442;SPRF-MG;DEL06/MG;UOP01-DEL06-MG
761669;30/03/2026;segunda-feira;07:00:00;GO;153;440;ANAPOLIS;Condutor deixou de manter distância do veículo da frente;Colisão lateral mesmo sentido;Com Vítimas Feridas;Pleno dia;Crescente;Céu Claro;Dupla;Reta;Sim;2;0;1;0;1;1;0;2;-16,329844;-48,922439;SPRF-GO;DEL02/GO;UOP01-DEL02-GO
761670;30/03/2026;segunda-feira;07:15:00;PE;101;76;RECIFE;Acostamento em desnível;Queda de ocupante de veículo;Com Vítimas Feridas;Pleno dia;Decrescente;Nublado;Dupla;Reta;Sim;2;0;2;0;2;0;0;1;-8,11985;-34,94275;SPRF-PE;DEL01/PE;UOP01-DEL01-PE
761673;30/03/2026;segunda-feira;07:35:00;SC;280;170;MAFRA;Condutor deixou de manter distância do veículo da frente;Colisão traseira;Sem Vítimas;Pleno dia;Crescente;Nublado;Simples;Reta;Sim;2;0;0;0;0;2;0;2;-26,14413591;-49,81190292;SPRF-SC;DEL06/SC;UOP01-DEL06-SC
761674;29/03/2026;domingo;23:42:00;MT;163;552;ROSARIO OESTE;Reação tardia ou ineficiente do condutor;Saída de leito carroçável;Sem Vítimas;Plena Noite;Decrescente;Nublado;Dupla;Reta;Não;1;0;0;0;0;0;1;1;-14,782395;-56,379127;SPRF-MT;DEL01/MT;UOP01-DEL01-MT
761676;30/03/2026;segunda-feira;07:00:00;BA;116;24,5;VITORIA DA CONQUISTA;Acessar a via sem observar a presença dos outros veículos;Colisão lateral mesmo sentido;Com Vítimas Feridas;Pleno dia;Decrescente;Nublado;Dupla;Retorno Regulamentado;Sim;3;0;2;0;2;1;0;2;-14,86081088;-40,79920207;SPRF-BA;DEL08/BA;UOP01-DEL08-BA
761677;30/03/2026;segunda-feira;04:45:00;RJ;493;84;JAPERI;Ausência de reação do condutor;Saída de leito carroçável;Com Vítimas Fatais;Plena Noite;Crescente;Céu Claro;Dupla;"Viaduto;Curva";Sim;1;1;0;0;0;0;0;1;-22,65543936;-43,61054114;SPRF-RJ;DEL01/RJ;UOP03-DEL01-RJ
761679;30/03/2026;segunda-feira;06:26:00;BA;324;582;CANDEIAS;Chuva;Queda de ocupante de veículo;Com Vítimas Feridas;Pleno dia;Crescente;Chuva;Dupla;Reta;Não;1;0;1;0;1;0;0;1;-12,613342;-38,487923;SPRF-BA;DEL01/BA;UOP01-DEL01-BA
761682;30/03/2026;segunda-feira;07:40:00;PB;230;25,4;JOAO PESSOA;Condutor deixou de manter distância do veículo da frente;Colisão traseira;Com Vítimas Feridas;Pleno dia;Decrescente;Céu Claro;Dupla;"Reta;Viaduto";Sim;4;0;1;1;2;2;0;2;-7,17031291;-34,87184988;SPRF-PB;DEL01-PB;UOP01-DEL01-PB
761683;08/03/2026;domingo;11:50:00;GO;153;496;GOIANIA;Reação tardia ou ineficiente do condutor;Engavetamento;Com Vítimas Feridas;Pleno dia;Crescente;Céu Claro;Dupla;Reta;Sim;3;0;1;0;1;2;0;3;-16,673015;-49,229021;SPRF-GO;DEL01/GO;UOP01-DEL01-GO
761684;30/03/2026;segunda-feira;06:00:00;PB;230;38,7;SANTA RITA;Ausência de reação do condutor;Colisão com objeto;Com Vítimas Feridas;Pleno dia;Decrescente;Sol;Dupla;"Aclive;Reta";Não;1;0;0;1;1;0;0;1;-7,13807373;-34,9702212;SPRF-PB;DEL01-PB;UOP02-DEL01-PB
761685;30/03/2026;segunda-feira;07:40:00;RS;290;103;PORTO ALEGRE;Ingestão de álcool pelo condutor;Colisão com objeto;Sem Vítimas;Pleno dia;Decrescente;Nublado;Dupla;Reta;Não;2;0;0;0;0;2;0;1;-29,988904;-51,262628;SPRF-RS;DEL01/RS;UOP01-DEL01-RS
761686;30/03/2026;segunda-feira;07:30:00;PR;116;208;RIO NEGRO;Ingestão de álcool pelo condutor;Saída de leito carroçável;Sem Vítimas;Pleno dia;Decrescente;Céu Claro;Simples;"Reta;Interseção de Vias";Não;2;0;0;0;0;2;0;1;-26,08068;-49,77032;SPRF-SC;DEL06/SC;UOP01-DEL06-SC
761688;30/03/2026;segunda-feira;08:20:00;SP;381;56;MAIRIPORA;Reação tardia ou ineficiente do condutor;Colisão traseira;Sem Vítimas;Pleno dia;Crescente;Céu Claro;Dupla;Reta;Sim;3;0;0;0;0;3;0;2;-23,25920796;-46,58974528;SPRF-SP;DEL03/SP;UOP01-DEL03-SP
761689;29/03/2026;domingo;17:20:00;MA;135;347;PRESIDENTE DUTRA;Transitar na contramão;Colisão frontal;Com Vítimas Fatais;Pleno dia;Crescente;Chuva;Simples;Reta;Não;2;1;1;0;1;0;0;2;-5,356627;-44,47141;SPRF-MA;DEL06-MA;UOP01-DEL06-MA
761690;30/03/2026;segunda-feira;07:50:00;PR;277;722;FOZ DO IGUACU;Ausência de reação do condutor;Engavetamento;Com Vítimas Feridas;Pleno dia;Crescente;Sol;Dupla;"Reta;Em Obras";Sim;6;0;1;0;1;5;0;3;-25,493368;-54,51717;SPRF-PR;DEL05/PR;UOP03-DEL05-PR
761691;30/03/2026;segunda-feira;07:15:00;MG;40;796,2;JUIZ DE FORA;Velocidade Incompatível;Saída de leito carroçável;Sem Vítimas;Pleno dia;Decrescente;Céu Claro;Dupla;Curva;Não;1;0;0;0;0;1;0;1;-21,81018957;-43,39805603;SPRF-MG;DEL05/MG;UOP01-DEL05-MG
761692;30/03/2026;segunda-feira;08:10:00;SP;116;170,7;JACAREI;Reação tardia ou ineficiente do condutor;Colisão com objeto;Com Vítimas Feridas;Pleno dia;Decrescente;Sol;Dupla;Reta;Não;5;0;5;0;5;0;0;1;-23,30880748;-46,05783876;SPRF-SP;DEL02/SP;UOP01-DEL02-SP
761693;30/03/2026;segunda-feira;07:50:00;PR;476;147;ARAUCARIA;Reação tardia ou ineficiente do condutor;Engavetamento;Com Vítimas Feridas;Pleno dia;Crescente;Céu Claro;Dupla;Reta;Sim;5;0;1;0;1;4;0;5;-25,55581885;-49,34280753;SPRF-PR;DEL01/PR;UOP06-DEL01-PR
761694;30/03/2026;segunda-feira;08:30:00;SC;282;5;SAO JOSE;Trafegar com motocicleta (ou similar) entre as faixas;Colisão lateral mesmo sentido;Com Vítimas Feridas;Pleno dia;Decrescente;Nublado;Múltipla;Reta;Sim;3;0;1;0;1;2;0;2;-27,58787576;-48,6140391;SPRF-SC;DEL01/SC;UOP01-DEL01-SC
761695;30/03/2026;segunda-feira;07:15:00;GO;60;388;RIO VERDE;Condutor deixou de manter distância do veículo da frente;Colisão traseira;Com Vítimas Feridas;Pleno dia;Crescente;Céu Claro;Dupla;Reta;Não;3;0;2;0;2;1;0;2;-17,82447825;-50,95821317;SPRF-GO;DEL04/GO;UOP02-DEL04-GO
761697;22/03/2026;domingo;14:40:00;PR;116;8,5;CAMPINA GRANDE DO SUL;Manobra de mudança de faixa;Colisão lateral mesmo sentido;Com Vítimas Feridas;Pleno dia;Crescente;Céu Claro;Dupla;Reta;Sim;2;0;1;0;1;1;0;2;-25,369325;-49,114645;SPRF-PR;DEL01/PR;UOP02-DEL01-PR
761698;30/03/2026;segunda-feira;08:00:00;GO;153;507;PIRENOPOLIS;Ausência de reação do condutor;Colisão traseira;Com Vítimas Feridas;Pleno dia;Decrescente;Céu Claro;Dupla;"Reta;Viaduto";Não;5;0;1;0;1;4;0;3;-16;-49;SPRF-GO;DEL01/GO;UOP03-DEL01-GO
761699;30/03/2026;segunda-feira;07:30:00;RO;319;141;PORTO VELHO;Ausência de reação do condutor;Colisão traseira;Sem Vítimas;Pleno dia;Crescente;Nublado;Múltipla;Rotatória;Sim;2;0;0;0;0;2;0;2;-8,74000259;-63,89038718;SPRF-RO;DEL01-RO;UOP01-DEL01-RO
761700;30/03/2026;segunda-feira;07:30:00;RO;364;15;VILHENA;Condutor deixou de manter distância do veículo da frente;Colisão lateral mesmo sentido;Com Vítimas Feridas;Pleno dia;Decrescente;Céu Claro;Simples;Reta;Sim;4;0;2;0;2;2;0;4;-12,73606438;-60,1515362;SPRF-RO;DEL04-RO;UOP01-DEL04-RO
761703;22/02/2026;domingo;18:00:00;RJ;393;268,4;BARRA DO PIRAI;Desrespeitar a preferência no cruzamento;Colisão transversal;Com Vítimas Feridas;Plena Noite;Crescente;Céu Claro;Simples;"Declive;Reta";Sim;2;0;1;0;1;1;0;2;-22,47675737;-43,94413082;SPRF-RJ;DEL05/RJ;UOP04-DEL05-RJ
761704;30/03/2026;segunda-feira;08:40:00;MG;356;266;MURIAE;Acessar a via sem observar a presença dos outros veículos;Colisão transversal;Com Vítimas Feridas;Pleno dia;Decrescente;Céu Claro;Simples;"Interseção de Vias;Reta";Sim;2;0;1;0;1;1;0;2;-21,128528;-42,362935;SPRF-MG;DEL07/MG;UOP02-DEL07-MG
761705;30/03/2026;segunda-feira;09:55:00;BA;116;817,1;VITORIA DA CONQUISTA;Condutor deixou de manter distância do veículo da frente;Engavetamento;Com Vítimas Feridas;Pleno dia;Crescente;Nublado;Simples;Reta;Sim;5;0;3;0;3;2;0;4;-14,820388;-40,812698;SPRF-BA;DEL08/BA;UOP01-DEL08-BA
761706;30/03/2026;segunda-feira;07:05:00;RJ;40;111;DUQUE DE CAXIAS;Reação tardia ou ineficiente do condutor;Colisão lateral mesmo sentido;Com Vítimas Feridas;Pleno dia;Crescente;Céu Claro;Múltipla;Reta;Sim;4;0;2;0;2;2;0;2;-22,697163;-43,28931;SPRF-RJ;DEL01/RJ;UOP02-DEL01-RJ
761707;30/03/2026;segunda-feira;08:45:00;PR;277;604,9;SANTA TEREZA DO OESTE;Reação tardia ou ineficiente do condutor;Tombamento;Com Vítimas Feridas;Pleno dia;Crescente;Céu Claro;Dupla;"Curva;Declive";Não;2;0;1;0;1;1;0;1;-25,02794502;-53,55993748;SPRF-PR;DEL05/PR;UOP02-DEL05-PR
761708;30/03/2026;segunda-feira;09:25:00;BA;20;184;LUIS EDUARDO MAGALHAES;Ausência de reação do condutor;Colisão traseira;Com Vítimas Feridas;Pleno dia;Decrescente;Céu Claro;Simples;Reta;Sim;3;0;1;0;1;2;0;2;-12,3308303;-45,8559493;SPRF-BA;DEL10/BA;UOP01-DEL10-BA
761710;30/03/2026;segunda-feira;06:40:00;MT;364;1188;CAMPOS DE JULIO;Acessar a via sem observar a presença dos outros veículos;Colisão transversal;Com Vítimas Feridas;Pleno dia;Crescente;Céu Claro;Simples;"Interseção de Vias;Reta";Não;2;0;1;0;1;1;0;2;-13,71888443;-59,27232385;SPRF-MT;DEL04/MT;UOP02-DEL04-MT
761712;30/03/2026;segunda-feira;07:10:00;AC;307;188;CRUZEIRO DO SUL;Ultrapassagem Indevida;Colisão lateral mesmo sentido;Com Vítimas Feridas;Pleno dia;Crescente;Céu Claro;Simples;Curva;Sim;3;0;2;0;2;0;0;2;-7,64522559;-72,65602849;SPRF-AC;DEL01-AC;UOP03-DEL01-AC
761713;30/03/2026;segunda-feira;10:30:00;SC;101;138;BALNEARIO CAMBORIU;Ausência de reação do condutor;Colisão lateral mesmo sentido;Com Vítimas Feridas;Pleno dia;Crescente;Nublado;Dupla;Reta;Sim;1;0;1;0;1;0;0;1;-27,02098234;-48,60916469;SPRF-SC;DEL04/SC;UOP03-DEL04-SC
761715;30/03/2026;segunda-feira;10:25:00;SP;116;386;MIRACATU;Avarias e/ou desgaste excessivo no pneu;Queda de ocupante de veículo;Com Vítimas Feridas;Pleno dia;Crescente;Nublado;Dupla;Reta;Não;2;0;2;0;2;0;0;1;-24,2684519;-47,3955969;SPRF-SP;DEL04/SP;UOP02-DEL04-SP
761718;28/03/2026;sábado;23:00:00;PR;369;202;APUCARANA;Ingestão de álcool pelo condutor;Colisão frontal;Sem Vítimas;Plena Noite;Crescente;Céu Claro;Dupla;"Declive;Interseção de Vias;Reta";Sim;2;0;0;0;0;1;0;2;-23,5402612;-51,45703062;SPRF-PR;DEL07/PR;UOP03-DEL07-PR
761720;30/03/2026;segunda-feira;09:15:00;RJ;393;195;PARAIBA DO SUL;Pista esburacada;Colisão lateral mesmo sentido;Com Vítimas Feridas;Pleno dia;Decrescente;Céu Claro;Simples;Reta;Sim;2;0;0;1;1;1;0;2;-22,207788;-43,379623;SPRF-RJ;DEL05/RJ;UOP03-DEL05-RJ
761721;30/03/2026;segunda-feira;10:45:00;RJ;101;310;SAO GONCALO;Objeto estático sobre o leito carroçável;Tombamento;Com Vítimas Feridas;Pleno dia;Crescente;Nublado;Dupla;Reta;Sim;1;0;1;0;1;0;0;1;-22,801643;-43,055556;SPRF-RJ;DEL02/RJ;UOP02-DEL02-RJ
761722;30/03/2026;segunda-feira;10:35:00;SC;101;332;TUBARAO;Pista Escorregadia;Tombamento;Com Vítimas Feridas;Pleno dia;Crescente;Céu Claro;Múltipla;"Viaduto;Curva;Rotatória;Interseção de Vias";Sim;1;0;1;0;1;0;0;1;-28,46556;-48,99579406;SPRF-SC;DEL02/SC;UOP01-DEL02-SC
761723;30/03/2026;segunda-feira;08:50:00;BA;367;23;PORTO SEGURO;Reação tardia ou ineficiente do condutor;Colisão transversal;Com Vítimas Feridas;Pleno dia;Decrescente;Céu Claro;Simples;Reta;Sim;2;0;1;1;2;0;0;2;-16,4374607;-39,0885562;SPRF-BA;DEL09/BA;UOP03-DEL09-BA
761724;30/03/2026;segunda-feira;09:00:00;RO;364;663;CANDEIAS DO JAMARI;Avarias e/ou desgaste excessivo no pneu;Tombamento;Com Vítimas Feridas;Pleno dia;Crescente;Céu Claro;Simples;Reta;Não;1;0;1;0;1;0;0;1;-8,79266;-63,46895;SPRF-RO;DEL01-RO;UOP01-DEL01-RO
761725;30/03/2026;segunda-feira;06:00:00;GO;60;332;ACREUNA;Demais falhas mecânicas ou elétricas;Incêndio;Sem Vítimas;Pleno dia;Decrescente;Nublado;Dupla;"Reta;Aclive";Não;4;0;0;0;0;4;0;1;-17,54521;-50,55326;SPRF-GO;DEL04/GO;UOP02-DEL04-GO
761727;30/03/2026;segunda-feira;11:15:00;SC;101;415;ARARANGUA;Ultrapassagem Indevida;Colisão transversal;Com Vítimas Feridas;Pleno dia;Crescente;Céu Claro;Simples;"Reta;Interseção de Vias";Sim;2;0;1;0;1;1;0;2;-28,96718266;-49,52314778;SPRF-SC;DEL02/SC;UOP02-DEL02-SC
761728;30/03/2026;segunda-feira;11:00:00;RS;116;304;GUAIBA;Reação tardia ou ineficiente do condutor;Colisão traseira;Com Vítimas Feridas;Pleno dia;Crescente;Céu Claro;Simples;Reta;Não;7;0;2;0;2;5;0;3;-30,15608115;-51,37108787;SPRF-RS;DEL02/RS;UOP01-DEL02-RS
761730;30/03/2026;segunda-feira;11:18:00;ES;101;295;CARIACICA;Ausência de reação do condutor;Queda de ocupante de veículo;Com Vítimas Feridas;Pleno dia;Crescente;Céu Claro;Dupla;Aclive;Sim;1;0;1;0;1;0;0;1;-20,33699;-40,402858;SPRF-ES;DEL01-ES;UOP01-DEL01-ES
761735;30/03/2026;segunda-feira;11:20:00;SP;116;157,6;JACAREI;Ausência de reação do condutor;Tombamento;Com Vítimas Feridas;Pleno dia;Crescente;Céu Claro;Dupla;Curva;Sim;2;0;1;1;2;0;0;1;-23,258103;-45,948248;SPRF-SP;DEL02/SP;UOP01-DEL02-SP
761736;30/03/2026;segunda-feira;07:25:00;SC;282;535,8;CHAPECO;Reação tardia ou ineficiente do condutor;Saída de leito carroçável;Com Vítimas Feridas;Pleno dia;Crescente;Sol;Simples;Interseção de Vias;Sim;1;0;1;0;1;0;0;1;-27,00064;-52,65154;SPRF-SC;DEL07/SC;UOP01-DEL07-SC
761738;30/03/2026;segunda-feira;12:26:00;ES;101;287,5;CARIACICA;Manobra de mudança de faixa;Colisão lateral mesmo sentido;Com Vítimas Feridas;Pleno dia;Crescente;Céu Claro;Dupla;Reta;Sim;2;0;2;0;2;0;0;2;-20,267938;-40,388315;SPRF-ES;DEL01-ES;UOP01-DEL01-ES
761740;30/03/2026;segunda-feira;12:00:00;PB;230;16;JOAO PESSOA;Trafegar com motocicleta (ou similar) entre as faixas;Colisão lateral mesmo sentido;Com Vítimas Feridas;Pleno dia;Decrescente;Céu Claro;Dupla;"Reta;Aclive";Sim;3;0;0;1;1;2;0;3;-7,1107832;-34,84279633;SPRF-PB;DEL01-PB;UOP01-DEL01-PB
761741;30/03/2026;segunda-feira;12:38:00;ES;101;176,4;ARACRUZ;Conversão proibida;Colisão frontal;Com Vítimas Feridas;Pleno dia;Crescente;Céu Claro;Simples;Interseção de Vias;Sim;2;0;0;1;1;1;0;2;-19,6008082;-40,20218723;SPRF-ES;DEL04-ES;UOP01-DEL04-ES
761742;30/03/2026;segunda-feira;09:00:00;RN;101;98,2;NATAL;Reação tardia ou ineficiente do condutor;Colisão traseira;Com Vítimas Feridas;Pleno dia;Decrescente;Sol;Múltipla;Reta;Sim;4;0;2;0;2;2;0;2;-5,866012;-35,216458;SPRF-RN;DEL01-RN;UOP01-DEL01-RN
761743;30/03/2026;segunda-feira;09:15:00;MG;365;828;SANTA VITORIA;Avarias e/ou desgaste excessivo no pneu;Queda de ocupante de veículo;Com Vítimas Feridas;Pleno dia;Crescente;Céu Claro;Dupla;Reta;Não;1;0;0;1;1;0;0;1;-18,898103;-50,155472;SPRF-MG;DEL15/MG;UOP03-DEL15-MG
761745;30/03/2026;segunda-feira;06:30:00;RJ;101;322;NITEROI;Ausência de reação do condutor;Queda de ocupante de veículo;Com Vítimas Feridas;Pleno dia;Crescente;Céu Claro;Dupla;"Ponte;Reta";Sim;1;0;1;0;1;0;0;1;-22,87907446;-43,11368371;SPRF-RJ;DEL02/RJ;UOP01-DEL02-RJ
761747;30/03/2026;segunda-feira;12:50:00;ES;101;143;LINHARES;Condutor deixou de manter distância do veículo da frente;Colisão traseira;Com Vítimas Feridas;Pleno dia;Decrescente;Céu Claro;Simples;Reta;Não;3;0;2;0;2;1;0;2;-19,35454336;-40,06374534;SPRF-ES;DEL04-ES;UOP01-DEL04-ES
761749;30/03/2026;segunda-feira;08:30:00;MT;174;183,9;GLORIA DOESTE;Reação tardia ou ineficiente do condutor;Colisão traseira;Com Vítimas Feridas;Pleno dia;Crescente;Céu Claro;Simples;Reta;Não;4;0;0;1;1;3;0;2;-15,848;-58,46313;SPRF-MT;DEL03/MT;UOP01-DEL03-MT
761751;30/03/2026;segunda-feira;13:30:00;SP;116;118;TAUBATE;Ausência de reação do condutor;Colisão lateral mesmo sentido;Com Vítimas Feridas;Pleno dia;Crescente;Céu Claro;Dupla;Reta;Sim;2;0;0;1;1;1;0;2;-23,06171314;-45,62531931;SPRF-SP;DEL02/SP;UOP02-DEL02-SP
761752;30/03/2026;segunda-feira;13:40:00;SP;381;84;SAO PAULO;Condutor deixou de manter distância do veículo da frente;Colisão traseira;Com Vítimas Feridas;Pleno dia;Crescente;Céu Claro;Múltipla;Reta;Sim;3;0;2;0;2;1;0;2;-23,4412706;-46,5679536;SPRF-SP;DEL03/SP;UOP01-DEL03-SP
761753;30/03/2026;segunda-feira;12:35:00;SE;101;133,5;ESTANCIA;Velocidade Incompatível;Colisão transversal;Sem Vítimas;Pleno dia;Decrescente;Céu Claro;Dupla;"Declive;Reta";Não;5;0;0;0;0;5;0;4;-11,126525;-37,380718;SPRF-SE;DEL02-SE;UOP01-DEL02-SE
761755;30/03/2026;segunda-feira;13:35:00;MG;40;530;CONTAGEM;Condutor deixou de manter distância do veículo da frente;Colisão traseira;Com Vítimas Feridas;Pleno dia;Crescente;Céu Claro;Dupla;"Reta;Aclive";Sim;4;0;1;0;1;3;0;2;-19,9546505;-44,0249029;SPRF-MG;DEL01/MG;UOP02-DEL01-MG
761756;23/03/2026;segunda-feira;19:15:00;RJ;101;313;SAO GONCALO;Condutor deixou de manter distância do veículo da frente;Colisão traseira;Com Vítimas Feridas;Plena Noite;Decrescente;Céu Claro;Dupla;Reta;Não;2;0;1;0;1;1;0;2;-22,79307;-43,024872;SPRF-RJ;DEL02/RJ;UOP02-DEL02-RJ
761757;30/03/2026;segunda-feira;13:47:00;RJ;40;62;PETROPOLIS;Conversão proibida;Colisão transversal;Com Vítimas Feridas;Pleno dia;Crescente;Sol;Dupla;Curva;Sim;3;0;1;0;1;2;0;2;-22,40855336;-43,14632384;SPRF-RJ;DEL05/RJ;UOP02-DEL05-RJ
761758;30/03/2026;segunda-feira;13:00:00;PE;428;191;PETROLINA;Ingestão de álcool pelo condutor;Colisão lateral mesmo sentido;Com Vítimas Feridas;Pleno dia;Crescente;Céu Claro;Dupla;"Reta;Interseção de Vias";Sim;3;0;1;0;1;1;0;3;-9,377785;-40,50407;SPRF-PE;DEL06/PE;UOP01-DEL06-PE
761760;30/03/2026;segunda-feira;11:40:00;MG;262;496;LUZ;Demais falhas mecânicas ou elétricas;Saída de leito carroçável;Com Vítimas Feridas;Pleno dia;Crescente;Céu Claro;Simples;Reta;Não;1;0;1;0;1;0;0;1;-19,770827;-45,50737;SPRF-MG;DEL08/MG;UOP03-DEL08-MG
761762;30/03/2026;segunda-feira;13:33:00;PE;232;5,5;RECIFE;Reação tardia ou ineficiente do condutor;Colisão traseira;Com Vítimas Feridas;Pleno dia;Decrescente;Céu Claro;Dupla;Reta;Sim;2;0;1;0;1;1;0;2;-8,07077;-34,94774;SPRF-PE;DEL01/PE;UOP01-DEL01-PE