id;data_inversa;dia_semana;horario;uf;br;km;municipio;causa_acidente;tipo_acidente;classificacao_acidente;fase_dia;sentido_via;condicao_metereologica;tipo_pista;tracado_via;uso_solo;pessoas;mortos;feridos_leves;feridos_graves;feridos;ilesos;ignorados;veiculos;latitude;longitude;regional;delegacia;uop
761763;30/03/2026;segunda-feira;13:30:00;ES;259;52,3;COLATINA;Retorno proibido;Colisão transversal;Com Vítimas Fatais;Pleno dia;Decrescente;Sol;Dupla;Curva;Não;3;1;1;0;1;1;0;2;-19,501823;-40,62734;SPRF-ES;DEL02-ES;UOP01-DEL02-ES
761764;11/02/2026;quarta-feira;01:20:00;RJ;101;386;RIO DE JANEIRO;Retorno proibido;Colisão transversal;Com Vítimas Feridas;Plena Noite;Crescente;Céu Claro;Simples;Reta;Não;2;0;0;1;1;1;0;2;-22,88583;-43,65085;SPRF-RJ;DEL03/RJ;UOP01-DEL03-RJ
761767;30/03/2026;segunda-feira;14:20:00;BA;324;517,5;FEIRA DE SANTANA;Manobra de mudança de faixa;Colisão lateral mesmo sentido;Com Vítimas Feridas;Pleno dia;Decrescente;Nublado;Dupla;Reta;Sim;3;0;1;0;1;2;0;2;-12,253583;-38,932418;SPRF-BA;DEL02/BA;UOP01-DEL02-BA
761768;30/03/2026;segunda-feira;10:20:00;BA;20;111,5;SAO DESIDERIO;Reação tardia ou ineficiente do condutor;Colisão lateral mesmo sentido;Com Vítimas Fatais;Pleno dia;Decrescente;Céu Claro;Simples;"Declive;Reta";Não;3;1;0;2;2;0;0;2;-12,9613729;-45,9885661;SPRF-BA;DEL10/BA;UOP01-DEL10-BA
761771;30/03/2026;segunda-feira;13:05:00;RJ;101;309;SAO GONCALO;Objeto estático sobre o leito carroçável;Queda de ocupante de veículo;Com Vítimas Feridas;Pleno dia;Decrescente;Céu Claro;Dupla;Reta;Não;1;0;1;0;1;0;0;1;-22,79307;-43,024872;SPRF-RJ;DEL02/RJ;UOP02-DEL02-RJ
761772;30/03/2026;segunda-feira;14:00:00;PE;232;5,8;RECIFE;Reação tardia ou ineficiente do condutor;Colisão traseira;Com Vítimas Feridas;Pleno dia;Decrescente;Céu Claro;Dupla;Reta;Não;3;0;1;1;2;1;0;2;-8,07077;-34,94774;SPRF-PE;DEL01/PE;UOP01-DEL01-PE
761773;30/03/2026;segunda-feira;10:00:00;RJ;40;105;DUQUE DE CAXIAS;Acessar a via sem observar a presença dos outros veículos;Colisão transversal;Com Vítimas Feridas;Pleno dia;Crescente;Céu Claro;Simples;Reta;Sim;3;0;1;1;2;1;0;2;-22,6373857;-43,28402672;SPRF-RJ;DEL01/RJ;UOP02-DEL01-RJ
761774;30/03/2026;segunda-feira;14:15:00;PR;476;143;CURITIBA;Velocidade Incompatível;Tombamento;Com Vítimas Feridas;Pleno dia;Decrescente;Nublado;Dupla;Curva;Sim;1;0;0;1;1;0;0;1;-25,537947;-49,311102;SPRF-PR;DEL01/PR;UOP03-DEL01-PR
761775;30/03/2026;segunda-feira;14:00:00;PE;408;45;NAZARE DA MATA;Reação tardia ou ineficiente do condutor;Colisão lateral mesmo sentido;Com Vítimas Feridas;Pleno dia;Crescente;Céu Claro;Simples;Reta;Sim;4;0;2;0;2;2;0;2;-7,74597;-35,23455;SPRF-PE;DEL01/PE;UOP01-DEL01-PE
761777;30/03/2026;segunda-feira;14:30:00;BA;101;507;ITABUNA;Animais na Pista;Atropelamento de Animal;Com Vítimas Feridas;Pleno dia;Crescente;Sol;Simples;Reta;Sim;1;0;1;0;1;0;0;1;-14,810374;-39,296896;SPRF-BA;DEL05/BA;UOP01-DEL05-BA
761779;30/03/2026;segunda-feira;14:35:00;PB;101;36,2;MAMANGUAPE;Avarias e/ou desgaste excessivo no pneu;Saída de leito carroçável;Com Vítimas Feridas;Pleno dia;Crescente;Chuva;Dupla;Curva;Não;2;0;1;1;2;0;0;1;-6,80575;-35,14041;SPRF-PB;DEL01-PB;UOP03-DEL01-PB
761782;30/03/2026;segunda-feira;15:00:00;PE;101;78;JABOATAO DOS GUARARAPES;Condutor deixou de manter distância do veículo da frente;Tombamento;Com Vítimas Feridas;Pleno dia;Decrescente;Céu Claro;Dupla;Curva;Não;1;0;1;0;1;0;0;1;-8,140497;-34,946392;SPRF-PE;DEL01/PE;UOP01-DEL01-PE
761783;30/03/2026;segunda-feira;14:58:00;SC;101;208,1;SAO JOSE;Acessar a via sem observar a presença dos outros veículos;Colisão lateral mesmo sentido;Com Vítimas Feridas;Pleno dia;Decrescente;Céu Claro;Múltipla;Interseção de Vias;Sim;2;0;1;0;1;0;0;2;-27,60473389;-48,63313643;SPRF-SC;DEL01/SC;UOP01-DEL01-SC
761784;30/03/2026;segunda-feira;11:50:00;PR;153;1,7;IMBITUVA;Acessar a via sem observar a presença dos outros veículos;Colisão transversal;Com Vítimas Feridas;Pleno dia;Decrescente;Céu Claro;Simples;"Reta;Aclive;Interseção de Vias";Sim;2;0;1;0;1;1;0;2;-25,196013;-50,59857;SPRF-PR;DEL03/PR;UOP01-DEL03-PR
761786;30/03/2026;segunda-feira;10:00:00;RJ;116;172;SAO JOAO DE MERITI;Pedestre cruzava a pista fora da faixa;Atropelamento de Pedestre;Com Vítimas Feridas;Pleno dia;Crescente;Céu Claro;Dupla;Retorno Regulamentado;Sim;2;0;1;0;1;1;0;2;-22,79988575;-43,35386965;SPRF-RJ;DEL06/RJ;UOP01-DEL06-RJ
761787;30/03/2026;segunda-feira;14:09:00;PE;101;86;JABOATAO DOS GUARARAPES;Manobra de mudança de faixa;Colisão lateral mesmo sentido;Com Vítimas Feridas;Pleno dia;Decrescente;Céu Claro;Dupla;Reta;Não;2;0;1;0;1;0;0;2;-8,18485856;-34,96838856;SPRF-PE;DEL01/PE;UOP01-DEL01-PE
761789;30/03/2026;segunda-feira;15:40:00;SC;101;205;SAO JOSE;Reação tardia ou ineficiente do condutor;Colisão lateral mesmo sentido;Com Vítimas Feridas;Pleno dia;Decrescente;Nublado;Múltipla;Curva;Sim;2;0;1;0;1;1;0;2;-27,58465;-48,61674;SPRF-SC;DEL01/SC;UOP01-DEL01-SC
761790;30/03/2026;segunda-feira;15:45:00;MG;381;518,5;IGARAPE;Velocidade Incompatível;Colisão com objeto;Com Vítimas Feridas;Pleno dia;Decrescente;Nublado;Dupla;"Declive;Curva";Sim;2;0;2;0;2;0;0;1;-20,1109713;-44,3220251;SPRF-MG;DEL01/MG;UOP03-DEL01-MG
761792;30/03/2026;segunda-feira;16:10:00;PR;116;209;RIO NEGRO;Ausência de reação do condutor;Queda de ocupante de veículo;Com Vítimas Feridas;Pleno dia;Crescente;Céu Claro;Simples;Rotatória;Não;1;0;1;0;1;0;0;1;-26,0886034;-49,782302;SPRF-SC;DEL06/SC;UOP01-DEL06-SC
761793;30/03/2026;segunda-feira;13:30:00;RS;287;340,6;SAO VICENTE DO SUL;Velocidade Incompatível;Saída de leito carroçável;Com Vítimas Feridas;Pleno dia;Crescente;Nublado;Simples;Curva;Não;1;0;1;0;1;0;0;1;-29,59584928;-54,68526363;SPRF-RS;DEL12/RS;UOP02-DEL12-RS
761794;30/03/2026;segunda-feira;16:20:00;SC;470;158;TROMBUDO CENTRAL;Ausência de reação do condutor;Colisão lateral sentido oposto;Com Vítimas Feridas;Pleno dia;Crescente;Chuva;Simples;Reta;Não;2;0;1;0;1;1;0;2;-27,290488;-49,7813433;SPRF-SC;DEL04/SC;UOP02-DEL04-SC
761795;30/03/2026;segunda-feira;12:30:00;MA;226;0,7;TIMON;Retorno proibido;Colisão transversal;Com Vítimas Feridas;Pleno dia;Decrescente;Chuva;Dupla;Reta;Sim;2;0;1;0;1;1;0;2;-5,13471463;-42,87689209;SPRF-MA;DEL03-MA;UOP02-DEL03-MA
761796;20/03/2026;sexta-feira;15:30:00;MG;381;508;SAO JOAQUIM DE BICAS;Condutor deixou de manter distância do veículo da frente;Engavetamento;Sem Vítimas;Pleno dia;Decrescente;Chuva;Dupla;Reta;Não;4;0;0;0;0;4;0;3;-20,03980528;-44,25739288;SPRF-MG;DEL01/MG;UOP03-DEL01-MG
761797;07/02/2026;sábado;16:30:00;BA;324;622;SALVADOR;Acesso irregular;Colisão lateral mesmo sentido;Com Vítimas Feridas;Pleno dia;Decrescente;Céu Claro;Dupla;Reta;Não;2;0;0;1;1;0;0;2;-12,9307991;-38,4704237;SPRF-BA;DEL01/BA;UOP01-DEL01-BA
761798;30/03/2026;segunda-feira;16:30:00;PE;232;12,9;JABOATAO DOS GUARARAPES;Reação tardia ou ineficiente do condutor;Colisão traseira;Com Vítimas Feridas;Pleno dia;Decrescente;Céu Claro;Dupla;Reta;Sim;2;0;1;0;1;1;0;2;-8,08833;-35,01112;SPRF-PE;DEL01/PE;UOP01-DEL01-PE
761799;30/03/2026;segunda-feira;16:30:00;MG;40;636;CONSELHEIRO LAFAIETE;Reação tardia ou ineficiente do condutor;Saída de leito carroçável;Com Vítimas Feridas;Pleno dia;Crescente;Céu Claro;Simples;Reta;Não;1;0;1;0;1;0;0;1;-20,71988892;-43,79896742;SPRF-MG;DEL05/MG;UOP02-DEL05-MG
761800;30/03/2026;segunda-feira;17:20:00;PB;101;88;JOAO PESSOA;Transitar no Acostamento;Colisão traseira;Com Vítimas Feridas;Anoitecer;Crescente;Céu Claro;Simples;"Viaduto;Curva";Não;2;0;1;0;1;1;0;2;-7,16826017;-34,89716917;SPRF-PB;DEL01-PB;UOP01-DEL01-PB
761801;17/03/2026;terça-feira;15:00:00;AC;364;122;RIO BRANCO;Manobra de mudança de faixa;Colisão traseira;Com Vítimas Feridas;Pleno dia;Crescente;Chuva;Dupla;Reta;Sim;3;0;2;0;2;1;0;2;-10,011658;-67,784381;SPRF-AC;DEL01-AC;UOP01-DEL01-AC
761803;30/03/2026;segunda-feira;10:30:00;SC;101;107;PENHA;Avarias e/ou desgaste excessivo no pneu;Tombamento;Com Vítimas Feridas;Pleno dia;Crescente;Céu Claro;Dupla;Reta;Não;2;0;2;0;2;0;0;1;-26,81914765;-48,6838042;SPRF-SC;DEL03/SC;UOP02-DEL03-SC
761808;30/03/2026;segunda-feira;17:20:00;GO;60;164;GOIANIA;Manobra de mudança de faixa;Colisão traseira;Com Vítimas Feridas;Pleno dia;Crescente;Céu Claro;Dupla;Reta;Não;3;0;2;0;2;1;0;3;-16,711164;-49,35518;SPRF-GO;DEL01/GO;UOP02-DEL01-GO
761810;30/03/2026;segunda-feira;17:20:00;PB;230;10,7;CABEDELO;Ausência de reação do condutor;Tombamento;Com Vítimas Feridas;Anoitecer;Crescente;Ignorado;Dupla;Reta;Sim;1;0;1;0;1;0;0;1;-7,059286;-34,850658;SPRF-PB;DEL01-PB;UOP01-DEL01-PB
761813;30/03/2026;segunda-feira;18:00:00;SP;116;157,5;SAO JOSE DOS CAMPOS;Reação tardia ou ineficiente do condutor;Tombamento;Com Vítimas Feridas;Pleno dia;Crescente;Céu Claro;Dupla;Reta;Sim;1;0;1;0;1;0;0;1;-23,25734;-45,94689;SPRF-SP;DEL02/SP;UOP01-DEL02-SP
761814;30/03/2026;segunda-feira;16:40:00;RS;470;276;SAO JOSE DO SUL;Reação tardia ou ineficiente do condutor;Saída de leito carroçável;Com Vítimas Feridas;Pleno dia;Decrescente;Céu Claro;Simples;"Curva;Declive";Não;2;0;2;0;2;0;0;1;-29,5719945;-51,48506699;SPRF-RS;DEL06/RS;UOP01-DEL06-RS
761815;30/03/2026;segunda-feira;18:15:00;SC;101;2,8;ARARANGUA;Acessar a via sem observar a presença dos outros veículos;Colisão transversal;Com Vítimas Feridas;Anoitecer;Decrescente;Chuva;Simples;Reta;Sim;4;0;2;0;2;2;0;2;-28,943122;-49,50116;SPRF-SC;DEL03/SC;UOP01-DEL03-SC
761817;30/03/2026;segunda-feira;16:30:00;RJ;465;22;ITAGUAI;Retorno proibido;Colisão lateral mesmo sentido;Com Vítimas Feridas;Pleno dia;Decrescente;Céu Claro;Simples;Interseção de Vias;Sim;2;0;0;1;1;1;0;2;-22,85894396;-43,7593412;SPRF-RJ;DEL03/RJ;UOP01-DEL03-RJ
761819;30/03/2026;segunda-feira;17:30:00;PR;476;226;LAPA;Acessar a via sem observar a presença dos outros veículos;Colisão transversal;Com Vítimas Feridas;Plena Noite;Crescente;Garoa/Chuvisco;Simples;"Reta;Aclive";Não;4;0;2;0;2;2;0;2;-25,854921;-49,965841;SPRF-PR;DEL01/PR;UOP06-DEL01-PR
761820;30/03/2026;segunda-feira;18:40:00;PB;101;88;JOAO PESSOA;Pista Escorregadia;Tombamento;Com Vítimas Feridas;Plena Noite;Crescente;Céu Claro;Simples;"Viaduto;Curva";Sim;2;0;2;0;2;0;0;1;-7,165135;-34,89841;SPRF-PB;DEL01-PB;UOP01-DEL01-PB
761824;30/03/2026;segunda-feira;18:45:00;SP;381;30;ATIBAIA;Entrada inopinada do pedestre;Atropelamento de Pedestre;Com Vítimas Feridas;Plena Noite;Decrescente;Céu Claro;Dupla;Reta;Sim;3;0;1;0;1;1;0;2;-23,04656849;-46,5628451;SPRF-SP;DEL03/SP;UOP02-DEL03-SP
761825;30/03/2026;segunda-feira;17:30:00;RJ;493;19;MAGE;Ultrapassagem Indevida;Colisão lateral mesmo sentido;Com Vítimas Feridas;Anoitecer;Crescente;Céu Claro;Dupla;"Em Obras;Retorno Regulamentado;Reta";Sim;2;0;0;1;1;1;0;2;-22,66286548;-43,042907;SPRF-RJ;DEL04/RJ;UOP02-DEL04-RJ
761826;30/03/2026;segunda-feira;18:30:00;GO;0;0;GOIANIA;Manobra de mudança de faixa;Colisão lateral mesmo sentido;Com Vítimas Feridas;Anoitecer;Não Informado;Céu Claro;Dupla;Viaduto;Não;3;0;1;0;1;2;0;2;-16,703461;-49,341661;SPRF-GO;DEL01/GO;UOP02-DEL01-GO
761828;30/03/2026;segunda-feira;15:15:00;SC;470;179;POUSO REDONDO;Velocidade Incompatível;Saída de leito carroçável;Com Vítimas Feridas;Pleno dia;Decrescente;Chuva;Simples;Reta;Não;1;0;1;0;1;0;0;1;-27,25366149;-49,99824017;SPRF-SC;DEL04/SC;UOP02-DEL04-SC
761829;30/03/2026;segunda-feira;16:50:00;MG;354;750;ITANHANDU;Ingestão de álcool pelo condutor;Saída de leito carroçável;Com Vítimas Feridas;Anoitecer;Decrescente;Chuva;Simples;Curva;Não;1;0;1;0;1;0;0;1;-22,263355;-44,892371;SPRF-MG;DEL17/MG;UOP01-DEL17-MG
761830;30/03/2026;segunda-feira;18:15:00;PR;369;106,8;URAI;Reação tardia ou ineficiente do condutor;Saída de leito carroçável;Com Vítimas Feridas;Anoitecer;Crescente;Nublado;Dupla;Curva;Não;3;0;3;0;3;0;0;1;-23,261258;-50,775348;SPRF-PR;DEL07/PR;UOP05-DEL07-PR
761834;30/03/2026;segunda-feira;18:00:00;SC;101;31;JOINVILLE;Avarias e/ou desgaste excessivo no pneu;Colisão com objeto;Com Vítimas Feridas;Anoitecer;Decrescente;Nublado;Dupla;Reta;Sim;1;0;0;1;1;0;0;1;-26,23407542;-48,91618459;SPRF-SC;DEL03/SC;UOP01-DEL03-SC
761835;30/03/2026;segunda-feira;18:20:00;SP;116;312;SAO LOURENCO DA SERRA;Acessar a via sem observar a presença dos outros veículos;Colisão lateral mesmo sentido;Com Vítimas Feridas;Plena Noite;Crescente;Céu Claro;Simples;Interseção de Vias;Não;3;0;1;0;1;2;0;2;-23,88159286;-46,97209632;SPRF-SP;DEL04/SP;UOP01-DEL04-SP
761837;30/03/2026;segunda-feira;16:39:00;RO;421;18,8;MONTE NEGRO;Acumulo de areia ou detritos sobre o pavimento;Saída de leito carroçável;Com Vítimas Feridas;Pleno dia;Crescente;Céu Claro;Simples;"Em Obras;Curva";Não;5;0;2;0;2;2;0;2;-10,030992;-63,178177;SPRF-RO;DEL03-RO;UOP01-DEL03-RO
761838;30/03/2026;segunda-feira;19:20:00;CE;222;312;TIANGUA;Ingestão de álcool pelo condutor;Colisão traseira;Sem Vítimas;Plena Noite;Decrescente;Chuva;Múltipla;Reta;Sim;2;0;0;0;0;2;0;2;-3,721191;-40,995318;SPRF-CE;DEL04/CE;UOP02-DEL04-CE
761839;30/03/2026;segunda-feira;18:00:00;RJ;465;2;SEROPEDICA;Ultrapassagem Indevida;Colisão lateral sentido oposto;Com Vítimas Fatais;Plena Noite;Crescente;Nublado;Simples;Reta;Sim;3;2;0;0;0;1;0;3;-22,722573;-43,721998;SPRF-RJ;DEL06/RJ;UOP02-DEL06-RJ
761840;30/03/2026;segunda-feira;19:10:00;MG;381;510;SAO JOAQUIM DE BICAS;Reação tardia ou ineficiente do condutor;Colisão transversal;Com Vítimas Feridas;Plena Noite;Crescente;Nublado;Dupla;Interseção de Vias;Sim;3;0;1;0;1;2;0;2;-20,05721119;-44,28775549;SPRF-MG;DEL01/MG;UOP03-DEL01-MG
761842;30/03/2026;segunda-feira;19:05:00;MS;163;466;CAMPO GRANDE;Pedestre andava na pista;Atropelamento de Pedestre;Com Vítimas Feridas;Plena Noite;Crescente;Céu Claro;Simples;Reta;Sim;2;0;0;1;1;1;0;2;-20,582259;-54,581161;SPRF-MS;DEL01/MS;UOP01-DEL01-MS
761843;30/03/2026;segunda-feira;18:40:00;MT;364;199;RONDONOPOLIS;Reação tardia ou ineficiente do condutor;Saída de leito carroçável;Com Vítimas Feridas;Anoitecer;Crescente;Céu Claro;Dupla;"Retorno Regulamentado;Reta";Não;1;0;0;1;1;0;0;1;-16,497545;-54,636782;SPRF-MT;DEL02/MT;UOP01-DEL02-MT
761846;30/03/2026;segunda-feira;19:00:00;MS;376;118;IVINHEMA;Ultrapassagem Indevida;Colisão lateral mesmo sentido;Com Vítimas Feridas;Plena Noite;Crescente;Céu Claro;Simples;"Declive;Reta";Não;3;0;0;1;1;2;0;3;-22,319008;-53,812968;SPRF-MS;DEL04/MS;UOP04-DEL04-MS
761847;30/03/2026;segunda-feira;18:00:00;SC;116;177,7;SAO CRISTOVAO DO SUL;Reação tardia ou ineficiente do condutor;Colisão com objeto;Com Vítimas Feridas;Anoitecer;Crescente;Chuva;Simples;Reta;Não;2;0;1;0;1;1;0;1;-27,250708;-50,455068;SPRF-SC;DEL05/SC;UOP03-DEL05-SC
761849;30/03/2026;segunda-feira;20:00:00;PE;101;68;RECIFE;Ausência de sinalização;Colisão com objeto;Com Vítimas Feridas;Plena Noite;Decrescente;Chuva;Múltipla;Reta;Sim;2;0;1;0;1;1;0;1;-8,0572501;-34,9461466;SPRF-PE;DEL01/PE;UOP01-DEL01-PE
761851;30/03/2026;segunda-feira;19:20:00;PR;376;221,5;CAMBIRA;Pedestre - Ingestão de álcool/ substâncias psicoativas;Atropelamento de Pedestre;Com Vítimas Feridas;Plena Noite;Crescente;Céu Claro;Dupla;"Reta;Declive";Não;4;0;0;1;1;3;0;2;-23,601281;-51,602212;SPRF-PR;DEL09/PR;UOP01-DEL09-PR
761854;30/03/2026;segunda-feira;17:40:00;RS;386;175;CARAZINHO;Retorno proibido;Colisão transversal;Com Vítimas Feridas;Pleno dia;Decrescente;Céu Claro;Simples;Reta;Sim;2;0;2;0;2;0;0;2;-28,270222;-52,779223;SPRF-RS;DEL08/RS;UOP01-DEL08-RS
761856;30/03/2026;segunda-feira;20:02:00;PR;153;94,9;JAPIRA;Animais na Pista;Atropelamento de Animal;Com Vítimas Feridas;Plena Noite;Crescente;Céu Claro;Simples;Curva;Não;1;0;0;1;1;0;0;1;-23,7276976;-50,17660825;SPRF-PR;DEL07/PR;UOP04-DEL07-PR
761857;30/03/2026;segunda-feira;20:50:00;PR;469;18;FOZ DO IGUACU;Reação tardia ou ineficiente do condutor;Colisão com objeto;Sem Vítimas;Plena Noite;Crescente;Céu Claro;Simples;"Desvio Temporário;Em Obras";Não;1;0;0;0;0;0;1;1;-25,60316445;-54,49928848;SPRF-PR;DEL05/PR;UOP04-DEL05-PR
761859;30/03/2026;segunda-feira;16:30:00;MG;116;501,4;INHAPIM;Retorno proibido;Colisão transversal;Com Vítimas Feridas;Pleno dia;Crescente;Céu Claro;Simples;Reta;Não;2;0;1;1;2;0;0;2;-19,575367;-42,117167;SPRF-MG;DEL06/MG;UOP02-DEL06-MG
761860;30/03/2026;segunda-feira;18:40:00;SC;282;605;MARAVILHA;Desrespeitar a preferência no cruzamento;Colisão transversal;Com Vítimas Feridas;Anoitecer;Decrescente;Céu Claro;Múltipla;Rotatória;Sim;2;0;1;0;1;1;0;2;-26,782799;-53,197033;SPRF-SC;DEL07/SC;UOP02-DEL07-SC
761862;30/03/2026;segunda-feira;19:10:00;PE;101;109;CABO DE SANTO AGOSTINHO;Reação tardia ou ineficiente do condutor;Saída de leito carroçável;Sem Vítimas;Plena Noite;Crescente;Céu Claro;Dupla;Reta;Não;7;0;0;0;0;0;1;1;-8,31361;-35,10282;SPRF-PE;DEL01/PE;UOP03-DEL01-PE
761863;30/03/2026;segunda-feira;21:40:00;RJ;101;478;ANGRA DOS REIS;Condutor deixou de manter distância do veículo da frente;Colisão traseira;Com Vítimas Feridas;Plena Noite;Crescente;Céu Claro;Simples;Curva;Sim;2;0;1;0;1;1;0;2;-22,9895731;-44,2418139;SPRF-RJ;DEL03/RJ;UOP03-DEL03-RJ
761864;30/03/2026;segunda-feira;20:45:00;PR;163;147,1;SANTA LUCIA;Reação tardia ou ineficiente do condutor;Queda de ocupante de veículo;Com Vítimas Feridas;Plena Noite;Decrescente;Céu Claro;Dupla;Curva;Não;1;0;1;0;1;0;0;1;-25,417617;-53,573163;SPRF-PR;DEL05/PR;UOP05-DEL05-PR
761865;30/03/2026;segunda-feira;22:50:00;MG;40;506,5;RIBEIRAO DAS NEVES;Ausência de reação do condutor;Colisão traseira;Com Vítimas Feridas;Plena Noite;Decrescente;Céu Claro;Dupla;Reta;Não;2;0;0;1;1;1;0;2;-19,74601024;-44,14780834;SPRF-MG;DEL02/MG;UOP01-DEL02-MG
761866;30/03/2026;segunda-feira;19:30:00;RS;287;264;SANTA MARIA;Ausência de reação do condutor;Saída de leito carroçável;Com Vítimas Feridas;Plena Noite;Decrescente;Céu Claro;Simples;"Declive;Reta";Não;1;0;0;1;1;0;0;1;-29,672005;-54,007837;SPRF-RS;DEL09/RS;UOP01-DEL09-RS
761867;30/03/2026;segunda-feira;18:00:00;SC;282;466,9;PONTE SERRADA;Ausência de reação do condutor;Saída de leito carroçável;Com Vítimas Feridas;Anoitecer;Crescente;Chuva;Simples;Reta;Não;1;0;1;0;1;0;0;1;-26,852423;-52,070173;SPRF-SC;DEL07/SC;UOP04-DEL07-SC
761868;30/03/2026;segunda-feira;22:15:00;SC;101;416,2;ARARANGUA;Desrespeitar a preferência no cruzamento;Colisão frontal;Com Vítimas Feridas;Plena Noite;Crescente;Nublado;Múltipla;Interseção de Vias;Sim;4;0;2;0;2;1;0;3;-28,973821;-49,529913;SPRF-SC;DEL02/SC;UOP02-DEL02-SC
761871;30/03/2026;segunda-feira;11:10:00;DF;80;14;BRASILIA;Ultrapassagem Indevida;Colisão lateral mesmo sentido;Com Vítimas Feridas;Pleno dia;Crescente;Céu Claro;Simples;"Reta;Declive";Não;2;0;1;0;1;1;0;2;-15,71504446;-48,19789513;SPRF-DF;DEL03-DF;UOP02-DEL03-DF
761873;30/03/2026;segunda-feira;23:45:00;MG;40;527;CONTAGEM;Velocidade Incompatível;Capotamento;Com Vítimas Feridas;Plena Noite;Crescente;Nublado;Múltipla;Curva;Não;2;0;2;0;2;0;0;1;-19,90295119;-44,0496475;SPRF-MG;DEL01/MG;UOP02-DEL01-MG
761874;30/03/2026;segunda-feira;22:32:00;PB;230;362;MALTA;Transitar na contramão;Colisão lateral sentido oposto;Sem Vítimas;Plena Noite;Crescente;Céu Claro;Simples;"Declive;Reta";Não;4;0;0;0;0;4;0;2;-6,910218;-37,499758;SPRF-PB;DEL03-PB;UOP02-DEL03-PB
761881;31/03/2026;terça-feira;02:40:00;PB;230;13,2;CABEDELO;Afundamento ou ondulação no pavimento;Tombamento;Com Vítimas Feridas;Plena Noite;Crescente;Chuva;Dupla;Reta;Sim;1;0;0;1;1;0;0;1;-7,0824356;-34,8484355;SPRF-PB;DEL01-PB;UOP01-DEL01-PB
761882;31/03/2026;terça-feira;01:00:00;RS;116;266;CANOAS;Ausência de reação do condutor;Colisão com objeto;Com Vítimas Feridas;Plena Noite;Crescente;Céu Claro;Dupla;"Viaduto;Em Obras;Reta";Não;1;0;1;0;1;0;0;1;-29,92840731;-51,17771972;SPRF-RS;DEL01/RS;UOP01-DEL01-RS
761883;31/03/2026;terça-feira;02:00:00;PE;232;64;POMBOS;Condutor deixou de manter distância do veículo da frente;Colisão traseira;Sem Vítimas;Plena Noite;Crescente;Nublado;Dupla;"Reta;Aclive";Não;2;0;0;0;0;2;0;2;-8,162368;-35,44191;SPRF-PE;DEL02/PE;UOP02-DEL02PE
761889;31/03/2026;terça-feira;05:40:00;RJ;116;286,1;BARRA MANSA;Demais falhas mecânicas ou elétricas;Tombamento;Com Vítimas Feridas;Amanhecer;Decrescente;Céu Claro;Dupla;Reta;Não;1;0;1;0;1;0;0;1;-22,500127;-44,230188;SPRF-RJ;DEL07/RJ;UOP02-DEL07-RJ
761890;31/03/2026;terça-feira;06:06:00;ES;101;296,4;CARIACICA;Manobra de mudança de faixa;Colisão lateral mesmo sentido;Com Vítimas Feridas;Pleno dia;Decrescente;Céu Claro;Dupla;"Reta;Aclive";Não;3;0;0;1;1;1;0;3;-20,34413308;-40,40802665;SPRF-ES;DEL01-ES;UOP01-DEL01-ES
761891;31/03/2026;terça-feira;05:50:00;RN;101;109;PARNAMIRIM;Acessar a via sem observar a presença dos outros veículos;Colisão lateral mesmo sentido;Com Vítimas Feridas;Pleno dia;Decrescente;Céu Claro;Simples;"Interseção de Vias;Viaduto";Sim;2;0;0;1;1;1;0;2;-5,94003661;-35,26493311;SPRF-RN;DEL01-RN;UOP01-DEL01-RN
761892;31/03/2026;terça-feira;01:30:00;MG;381;498,3;BETIM;Ingestão de álcool pelo condutor;Colisão com objeto;Com Vítimas Feridas;Pleno dia;Crescente;Nublado;Múltipla;"Declive;Curva";Sim;2;0;2;0;2;0;0;1;-19,9900769;-44,2064018;SPRF-MG;DEL01/MG;UOP03-DEL01-MG
761893;31/03/2026;terça-feira;05:20:00;PR;116;118;CURITIBA;Manobra de mudança de faixa;Colisão transversal;Com Vítimas Feridas;Amanhecer;Crescente;Céu Claro;Dupla;Reta;Sim;2;0;1;0;1;1;0;2;-25,5683472;-49,3101972;SPRF-PR;DEL01/PR;UOP03-DEL01-PR
761894;31/03/2026;terça-feira;07:30:00;SP;116;220;GUARULHOS;Manobra de mudança de faixa;Colisão lateral mesmo sentido;Com Vítimas Feridas;Pleno dia;Crescente;Céu Claro;Múltipla;Reta;Sim;2;0;1;0;1;1;0;2;-23,46450607;-46,49894714;SPRF-SP;DEL01/SP;UOP01-DEL01-SP
761896;31/03/2026;terça-feira;07:05:00;SP;116;209;GUARULHOS;Reação tardia ou ineficiente do condutor;Colisão traseira;Com Vítimas Feridas;Pleno dia;Decrescente;Garoa/Chuvisco;Dupla;"Reta;Declive";Sim;2;0;1;0;1;1;0;2;-23,42873134;-46,41029326;SPRF-SP;DEL01/SP;UOP01-DEL01-SP
761897;31/03/2026;terça-feira;07:23:00;PR;469;12;FOZ DO IGUACU;Condutor deixou de manter distância do veículo da frente;Colisão traseira;Com Vítimas Feridas;Pleno dia;Decrescente;Céu Claro;Dupla;Reta;Sim;3;0;2;0;2;1;0;2;-25,57511759;-54,54969406;SPRF-PR;DEL05/PR;UOP04-DEL05-PR