id;data_inversa;dia_semana;horario;uf;br;km;municipio;causa_acidente;tipo_acidente;classificacao_acidente;fase_dia;sentido_via;condicao_metereologica;tipo_pista;tracado_via;uso_solo;pessoas;mortos;feridos_leves;feridos_graves;feridos;ilesos;ignorados;veiculos;latitude;longitude;regional;delegacia;uop
762308;02/04/2026;quinta-feira;06:15:00;PR;277;1;PARANAGUA;Acessar a via sem observar a presença dos outros veículos;Colisão transversal;Com Vítimas Feridas;Pleno dia;Decrescente;Céu Claro;Dupla;Interseção de Vias;Sim;3;0;1;0;1;2;0;2;-25,50655045;-48,51598676;SPRF-PR;DEL01/PR;UOP05-DEL01-PR
762309;01/02/2026;domingo;08:00:00;RJ;101;451,9;MANGARATIBA;Ausência de reação do condutor;Saída de leito carroçável;Com Vítimas Feridas;Pleno dia;Crescente;Sol;Simples;Curva;Não;2;0;1;1;2;0;0;1;-23,03194606;-44,1312089;SPRF-RJ;DEL03/RJ;UOP02-DEL03-RJ
762310;02/04/2026;quinta-feira;07:01:00;RJ;116;265;VOLTA REDONDA;Manobra de mudança de faixa;Saída de leito carroçável;Com Vítimas Feridas;Pleno dia;Decrescente;Céu Claro;Múltipla;"Aclive;Reta";Não;4;0;2;0;2;2;0;2;-22,5906911;-44,0795396;SPRF-RJ;DEL07/RJ;UOP02-DEL07-RJ
762313;02/04/2026;quinta-feira;07:35:00;PB;101;90;JOAO PESSOA;Reação tardia ou ineficiente do condutor;Colisão traseira;Sem Vítimas;Pleno dia;Decrescente;Chuva;Dupla;"Em Obras;Reta";Sim;3;0;0;0;0;3;0;2;-7,180848;-34,900467;SPRF-PB;DEL01-PB;UOP01-DEL01-PB
762314;02/04/2026;quinta-feira;05:17:00;RJ;101;330;RIO DE JANEIRO;Reação tardia ou ineficiente do condutor;Colisão traseira;Com Vítimas Feridas;Amanhecer;Decrescente;Céu Claro;Dupla;Reta;Sim;2;0;1;0;1;1;0;2;-22,86795064;-43,19618225;SPRF-RJ;DEL02/RJ;UOP01-DEL02-RJ
762316;02/04/2026;quinta-feira;07:00:00;RJ;116;148;DUQUE DE CAXIAS;Reação tardia ou ineficiente do condutor;Tombamento;Com Vítimas Feridas;Pleno dia;Crescente;Céu Claro;Múltipla;"Declive;Curva";Sim;1;0;1;0;1;0;0;1;-22,67152431;-43,28711067;SPRF-RJ;DEL01/RJ;UOP02-DEL01-RJ
762320;02/04/2026;quinta-feira;07:19:00;RS;116;150,6;CAXIAS DO SUL;Manobra de mudança de faixa;Colisão lateral mesmo sentido;Com Vítimas Feridas;Pleno dia;Decrescente;Céu Claro;Dupla;Reta;Sim;4;0;2;0;2;2;0;4;-29,17391054;-51,16090033;SPRF-RS;DEL05/RS;UOP01-DEL05-RS
762321;19/03/2026;quinta-feira;17:01:00;BA;324;623;SALVADOR;Condutor deixou de manter distância do veículo da frente;Colisão lateral mesmo sentido;Com Vítimas Feridas;Pleno dia;Crescente;Céu Claro;Múltipla;Reta;Sim;2;0;1;0;1;0;0;2;-12,94177817;-38,47100705;SPRF-BA;DEL01/BA;UOP01-DEL01-BA
762322;02/04/2026;quinta-feira;07:05:00;RS;290;158,9;ARROIO DOS RATOS;Ultrapassagem Indevida;Saída de leito carroçável;Com Vítimas Feridas;Pleno dia;Crescente;Céu Claro;Simples;Reta;Não;5;0;4;0;4;1;0;1;-30,108405;-51,797553;SPRF-RS;DEL02/RS;UOP01-DEL02-RS
762324;02/04/2026;quinta-feira;07:00:00;RJ;116;172;RIO DE JANEIRO;Condutor deixou de manter distância do veículo da frente;Colisão traseira;Com Vítimas Feridas;Pleno dia;Decrescente;Céu Claro;Múltipla;Reta;Sim;2;0;1;0;1;1;0;2;-22,812272;-43,331869;SPRF-RJ;DEL06/RJ;UOP01-DEL06-RJ
762325;02/04/2026;quinta-feira;07:30:00;PR;373;264;PRUDENTOPOLIS;Acessar a via sem observar a presença dos outros veículos;Colisão transversal;Com Vítimas Feridas;Pleno dia;Crescente;Céu Claro;Simples;"Reta;Interseção de Vias;Retorno Regulamentado";Sim;2;0;1;0;1;1;0;2;-25,20259244;-50,98271763;SPRF-PR;DEL08/PR;UOP01-DEL08-PR
762327;02/04/2026;quinta-feira;07:30:00;PR;277;75,5;SAO JOSE DOS PINHAIS;Trafegar com motocicleta (ou similar) entre as faixas;Colisão traseira;Com Vítimas Feridas;Pleno dia;Crescente;Céu Claro;Dupla;"Reta;Em Obras";Sim;2;0;1;0;1;1;0;2;-25,4911319;-49,1736106;SPRF-PR;DEL01/PR;UOP08-DEL01-PR
762328;02/04/2026;quinta-feira;08:00:00;PR;272;400,1;FAROL;Acessar a via sem observar a presença dos outros veículos;Colisão transversal;Com Vítimas Feridas;Pleno dia;Decrescente;Céu Claro;Simples;Interseção de Vias;Sim;3;0;2;1;3;0;0;2;-24,09512;-52,69743;SPRF-PR;DEL09/PR;UOP03-DEL09-PR
762329;02/04/2026;quinta-feira;07:40:00;PI;343;337,6;TERESINA;Manobra de mudança de faixa;Queda de ocupante de veículo;Com Vítimas Feridas;Pleno dia;Crescente;Nublado;Dupla;"Reta;Retorno Regulamentado;Declive";Não;2;0;1;0;1;1;0;1;-5,062692;-42,719383;SPRF-PI;DEL01-PI;UOP01-DEL01-PI
762331;02/04/2026;quinta-feira;01:00:00;SP;116;139,5;SAO JOSE DOS CAMPOS;Reação tardia ou ineficiente do condutor;Tombamento;Com Vítimas Feridas;Plena Noite;Decrescente;Chuva;Dupla;Reta;Não;1;0;0;1;1;0;0;1;-23,16226;-45,80545;SPRF-SP;DEL02/SP;UOP01-DEL02-SP
762332;02/04/2026;quinta-feira;07:40:00;RS;116;143,2;CAXIAS DO SUL;Ausência de reação do condutor;Engavetamento;Sem Vítimas;Pleno dia;Crescente;Céu Claro;Dupla;Reta;Sim;4;0;0;0;0;4;0;3;-29,1229726;-51,1228264;SPRF-RS;DEL05/RS;UOP01-DEL05-RS
762333;02/04/2026;quinta-feira;06:15:00;MA;10;252;IMPERATRIZ;Acessar a via sem observar a presença dos outros veículos;Colisão lateral mesmo sentido;Com Vítimas Feridas;Amanhecer;Crescente;Chuva;Simples;"Reta;Interseção de Vias;Retorno Regulamentado";Sim;3;0;2;0;2;1;0;3;-5,53091228;-47,47114129;SPRF-MA;DEL04-MA;UOP01-DEL04-MA
762334;02/04/2026;quinta-feira;09:15:00;BA;324;616;SALVADOR;Acessar a via sem observar a presença dos outros veículos;Colisão lateral mesmo sentido;Sem Vítimas;Pleno dia;Decrescente;Nublado;Dupla;Interseção de Vias;Sim;2;0;0;0;0;2;0;2;-12,8856015;-38,4380559;SPRF-BA;DEL01/BA;UOP01-DEL01-BA
762335;02/04/2026;quinta-feira;07:25:00;RJ;116;144;DUQUE DE CAXIAS;Acessar a via sem observar a presença dos outros veículos;Colisão transversal;Com Vítimas Feridas;Pleno dia;Crescente;Céu Claro;Dupla;Reta;Sim;2;0;1;0;1;1;0;2;-22,658061;-43,248784;SPRF-RJ;DEL01/RJ;UOP02-DEL01-RJ
762336;02/04/2026;quinta-feira;07:30:00;PR;153;4,2;JACAREZINHO;Ultrapassagem Indevida;Colisão lateral sentido oposto;Com Vítimas Feridas;Pleno dia;Decrescente;Nevoeiro/Neblina;Simples;"Reta;Em Obras";Não;2;0;0;1;1;1;0;2;-23,030365;-49,916999;SPRF-PR;DEL07/PR;UOP04-DEL07-PR
762337;02/04/2026;quinta-feira;09:15:00;ES;101;404,5;ITAPEMIRIM;Reação tardia ou ineficiente do condutor;Tombamento;Com Vítimas Feridas;Pleno dia;Crescente;Céu Claro;Simples;Reta;Não;2;0;2;0;2;0;0;1;-20,8973541;-41,00967567;SPRF-ES;DEL03-ES;UOP02-DEL03-ES
762338;02/04/2026;quinta-feira;09:00:00;RJ;116;187;NOVA IGUACU;Ausência de reação do condutor;Colisão traseira;Com Vítimas Feridas;Pleno dia;Decrescente;Céu Claro;Dupla;Reta;Sim;4;0;1;1;2;2;0;2;-22,73909291;-43,47493619;SPRF-RJ;DEL06/RJ;UOP01-DEL06-RJ
762342;02/04/2026;quinta-feira;09:30:00;MG;40;798,4;JUIZ DE FORA;Demais falhas mecânicas ou elétricas;Incêndio;Sem Vítimas;Pleno dia;Crescente;Nublado;Dupla;"Curva;Aclive";Não;1;0;0;0;0;1;0;1;-21,80081;-43,40061;SPRF-MG;DEL05/MG;UOP01-DEL05-MG
762343;02/04/2026;quinta-feira;09:50:00;RN;406;168,7;SAO GONCALO DO AMARANTE;Animais na Pista;Atropelamento de Animal;Com Vítimas Feridas;Pleno dia;Crescente;Céu Claro;Dupla;Reta;Sim;1;0;1;0;1;0;0;1;-5,754938;-35,309572;SPRF-RN;DEL02-RN;UOP01-DEL02-RN
762344;02/04/2026;quinta-feira;09:50:00;SE;101;89;NOSSA SENHORA DO SOCORRO;Condutor deixou de manter distância do veículo da frente;Colisão traseira;Com Vítimas Feridas;Pleno dia;Decrescente;Chuva;Dupla;"Reta;Aclive";Não;3;0;1;0;1;2;0;2;-10,879038;-37,133681;SPRF-SE;DEL01-SE;UOP01-DEL01-SE
762345;02/04/2026;quinta-feira;08:45:00;SC;282;99,4;ALFREDO WAGNER;Ausência de reação do condutor;Atropelamento de Pedestre;Com Vítimas Feridas;Pleno dia;Crescente;Céu Claro;Simples;Curva;Não;2;0;0;1;1;1;0;2;-27,700422;-49,291455;SPRF-SC;DEL01/SC;UOP03-DEL01-SC
762346;02/04/2026;quinta-feira;10:26:00;MG;381;483,9;BETIM;Trafegar com motocicleta (ou similar) entre as faixas;Colisão traseira;Com Vítimas Feridas;Pleno dia;Crescente;Céu Claro;Dupla;"Declive;Reta";Sim;2;0;0;1;1;1;0;2;-19,9594383;-44,0873745;SPRF-MG;DEL01/MG;UOP03-DEL01-MG
762347;02/04/2026;quinta-feira;09:45:00;MG;381;583,4;CARMOPOLIS DE MINAS;Mal súbito do condutor;Saída de leito carroçável;Com Vítimas Feridas;Pleno dia;Decrescente;Céu Claro;Dupla;Reta;Não;3;0;1;0;1;2;0;1;-20,506522;-44,610131;SPRF-MG;DEL04/MG;UOP01-DEL04-MG
762348;02/04/2026;quinta-feira;09:30:00;BA;116;267;TUCANO;Avarias e/ou desgaste excessivo no pneu;Colisão com objeto;Com Vítimas Feridas;Pleno dia;Decrescente;Chuva;Simples;Reta;Não;2;0;1;0;1;1;0;1;-10,922815;-38,8255215;SPRF-BA;DEL07/BA;UOP02-DEL07-BA
762349;02/04/2026;quinta-feira;09:00:00;CE;222;208,1;FORQUILHA;Reação tardia ou ineficiente do condutor;Saída de leito carroçável;Sem Vítimas;Pleno dia;Crescente;Nublado;Simples;"Curva;Ponte";Sim;2;0;0;0;0;2;0;1;-3,79734336;-40,2576134;SPRF-CE;DEL04/CE;UOP01-DEL04-CE
762350;02/04/2026;quinta-feira;10:10:00;GO;153;498;GOIANIA;Ausência de reação do condutor;Colisão traseira;Com Vítimas Fatais;Pleno dia;Decrescente;Céu Claro;Dupla;Declive;Sim;2;1;0;0;0;1;0;2;-16,68487058;-49,23419952;SPRF-GO;DEL01/GO;UOP01-DEL01-GO
762353;02/04/2026;quinta-feira;10:40:00;SC;101;42,5;JOINVILLE;Condutor deixou de manter distância do veículo da frente;Queda de ocupante de veículo;Com Vítimas Feridas;Pleno dia;Decrescente;Nublado;Dupla;Reta;Sim;1;0;1;0;1;0;0;1;-26,32689758;-48,86485783;SPRF-SC;DEL03/SC;UOP01-DEL03-SC
762356;02/04/2026;quinta-feira;10:23:00;PE;101;60,5;RECIFE;Acessar a via sem observar a presença dos outros veículos;Colisão lateral mesmo sentido;Com Vítimas Feridas;Pleno dia;Decrescente;Céu Claro;Dupla;Reta;Sim;2;0;0;1;1;1;0;2;-7,988308;-34,933777;SPRF-PE;DEL01/PE;UOP02-DEL01-PE
762357;21/03/2026;sábado;04:15:00;MS;163;811;PEDRO GOMES;Ausência de reação do condutor;Colisão com objeto;Com Vítimas Feridas;Amanhecer;Decrescente;Nevoeiro/Neblina;Simples;Declive;Não;1;0;1;0;1;0;0;1;-17,81665097;-54,73143884;SPRF-MS;DEL06/MS;UOP01-DEL06-MS
762359;02/04/2026;quinta-feira;10:50:00;ES;101;145,4;LINHARES;Carga excessiva e/ou mal acondicionada;Tombamento;Com Vítimas Feridas;Pleno dia;Crescente;Céu Claro;Dupla;Reta;Sim;1;0;0;1;1;0;0;1;-19,37175216;-40,06612198;SPRF-ES;DEL04-ES;UOP01-DEL04-ES
762361;02/04/2026;quinta-feira;09:05:00;PE;428;169;PETROLINA;Demais falhas mecânicas ou elétricas;Tombamento;Com Vítimas Feridas;Pleno dia;Crescente;Chuva;Simples;Reta;Não;2;0;2;0;2;0;0;1;-9,23092;-40,41394;SPRF-PE;DEL06/PE;UOP01-DEL06-PE
762362;25/03/2026;quarta-feira;18:00:00;PR;277;612;SANTA TEREZA DO OESTE;Acessar a via sem observar a presença dos outros veículos;Colisão transversal;Com Vítimas Feridas;Pleno dia;Decrescente;Nublado;Simples;"Interseção de Vias;Reta";Sim;2;0;1;0;1;1;0;2;-25,05225;-53,63229;SPRF-PR;DEL05/PR;UOP02-DEL05-PR
762363;02/04/2026;quinta-feira;11:15:00;SC;101;14,7;GARUVA;Conversão proibida;Colisão transversal;Com Vítimas Feridas;Pleno dia;Decrescente;Sol;Dupla;Reta;Não;3;0;1;0;1;2;0;2;-26,10545516;-48,8718408;SPRF-SC;DEL03/SC;UOP01-DEL03-SC
762364;18/03/2026;quarta-feira;07:30:00;SC;280;57,6;GUARAMIRIM;Demais falhas mecânicas ou elétricas;Queda de ocupante de veículo;Com Vítimas Feridas;Pleno dia;Decrescente;Céu Claro;Dupla;Reta;Sim;1;0;1;0;1;0;0;1;-26,475708;-49,017332;SPRF-SC;DEL03/SC;UOP03-DEL03-SC
762365;02/04/2026;quinta-feira;09:50:00;MT;364;200;RONDONOPOLIS;Reação tardia ou ineficiente do condutor;Queda de ocupante de veículo;Com Vítimas Feridas;Pleno dia;Crescente;Céu Claro;Dupla;Reta;Sim;1;0;1;0;1;0;0;1;-16,48998353;-54,64645961;SPRF-MT;DEL02/MT;UOP01-DEL02-MT
762366;02/04/2026;quinta-feira;11:45:00;SP;116;392;MIRACATU;Avarias e/ou desgaste excessivo no pneu;Queda de ocupante de veículo;Com Vítimas Feridas;Pleno dia;Crescente;Céu Claro;Dupla;Reta;Não;2;0;2;0;2;0;0;1;-24,2830676;-47,4336083;SPRF-SP;DEL04/SP;UOP02-DEL04-SP
762368;02/03/2026;segunda-feira;18:15:00;RJ;493;19;MAGE;Transitar no Acostamento;Colisão lateral sentido oposto;Com Vítimas Feridas;Plena Noite;Crescente;Céu Claro;Simples;Reta;Sim;2;0;1;0;1;1;0;2;-22,655026;-43,0379718;SPRF-RJ;DEL04/RJ;UOP02-DEL04-RJ
762369;02/04/2026;quinta-feira;12:30:00;RS;472;130,8;TRES DE MAIO;Condutor deixou de manter distância do veículo da frente;Colisão traseira;Com Vítimas Feridas;Pleno dia;Crescente;Céu Claro;Simples;Reta;Não;6;0;3;0;3;3;0;2;-27,748291;-54,228593;SPRF-RS;DEL10/RS;UOP01-DEL10-RS
762371;02/04/2026;quinta-feira;11:20:00;PE;232;100;BEZERROS;Chuva;Colisão com objeto;Com Vítimas Feridas;Pleno dia;Decrescente;Chuva;Simples;Curva;Sim;1;0;1;0;1;0;0;1;-8,2441337;-35,75362547;SPRF-PE;DEL02/PE;UOP03-DEL02-PE
762372;02/04/2026;quinta-feira;12:45:00;RS;101;12;DOM PEDRO DE ALCANTARA;Ausência de reação do condutor;Tombamento;Com Vítimas Feridas;Pleno dia;Decrescente;Céu Claro;Dupla;Reta;Não;1;0;1;0;1;0;0;1;-29,38481003;-49,83450715;SPRF-RS;DEL03/RS;UOP02-DEL03-RS
762373;26/03/2026;quinta-feira;18:45:00;SC;101;111,5;PALHOCA;Ausência de reação do condutor;Queda de ocupante de veículo;Com Vítimas Feridas;Plena Noite;Crescente;Céu Claro;Dupla;Interseção de Vias;Sim;1;0;1;0;1;0;0;1;-27,62497;-48,65416;SPRF-SC;DEL04/SC;UOP04-DEL04-SC
762377;02/04/2026;quinta-feira;08:50:00;PE;101;82,6;JABOATAO DOS GUARARAPES;Ausência de reação do condutor;Tombamento;Com Vítimas Feridas;Pleno dia;Crescente;Chuva;Dupla;Reta;Sim;1;0;1;0;1;0;0;1;-8,172428;-34,94024;SPRF-PE;DEL01/PE;UOP01-DEL01-PE
762378;02/04/2026;quinta-feira;12:45:00;RS;116;527;PELOTAS;Ausência de reação do condutor;Tombamento;Com Vítimas Feridas;Pleno dia;Crescente;Sol;Simples;Reta;Não;1;0;1;0;1;0;0;1;-31,74765205;-52,41064159;SPRF-RS;DEL07/RS;UOP01-DEL07-RS
762383;02/04/2026;quinta-feira;11:15:00;MG;116;526;CARATINGA;Frear bruscamente;Colisão traseira;Sem Vítimas;Pleno dia;Decrescente;Nublado;Múltipla;Curva;Sim;3;0;0;0;0;3;0;3;-19,780097;-42,13273;SPRF-MG;DEL06/MG;UOP02-DEL06-MG
762385;02/04/2026;quinta-feira;13:55:00;PR;376;14,1;MARINGA;Manobra de mudança de faixa;Queda de ocupante de veículo;Com Vítimas Feridas;Pleno dia;Crescente;Céu Claro;Dupla;Curva;Sim;2;0;1;1;2;0;0;1;-23,37598044;-51,91846848;SPRF-PR;DEL09/PR;UOP01-DEL09-PR
762387;12/01/2026;segunda-feira;10:55:00;RJ;116;183;NOVA IGUACU;Ausência de reação do condutor;Colisão traseira;Com Vítimas Feridas;Pleno dia;Crescente;Céu Claro;Múltipla;Reta;Não;2;0;1;0;1;1;0;2;-22,74686634;-43,44662313;SPRF-RJ;DEL06/RJ;UOP01-DEL06-RJ
762390;02/04/2026;quinta-feira;14:24:00;SC;280;30,9;ARAQUARI;Acessar a via sem observar a presença dos outros veículos;Colisão transversal;Com Vítimas Feridas;Pleno dia;Decrescente;Céu Claro;Simples;"Reta;Interseção de Vias";Sim;3;0;2;0;2;1;0;2;-26,41647024;-48,77140045;SPRF-SC;DEL03/SC;UOP03-DEL03-SC
762391;02/04/2026;quinta-feira;11:48:00;RO;174;14;VILHENA;Condutor deixou de manter distância do veículo da frente;Colisão traseira;Com Vítimas Feridas;Pleno dia;Decrescente;Céu Claro;Dupla;Rotatória;Sim;2;0;1;0;1;1;0;2;-12,73627836;-60,13071567;SPRF-RO;DEL04-RO;UOP01-DEL04-RO
762393;02/04/2026;quinta-feira;11:10:00;GO;60;111,5;GOIANAPOLIS;Velocidade Incompatível;Saída de leito carroçável;Com Vítimas Feridas;Pleno dia;Decrescente;Nublado;Dupla;"Reta;Aclive";Não;1;0;1;0;1;0;0;1;-16,450646;-49,043322;SPRF-GO;DEL01/GO;UOP01-DEL01-GO
762395;24/03/2026;terça-feira;17:20:00;MT;163;748;SORRISO;Objeto estático sobre o leito carroçável;Queda de ocupante de veículo;Com Vítimas Feridas;Anoitecer;Crescente;Céu Claro;Dupla;Reta;Sim;1;0;1;0;1;0;0;1;-12,58654256;-55,73749113;SPRF-MT;DEL06/MT;UOP01-DEL06-MT
762396;02/04/2026;quinta-feira;13:00:00;PE;232;79;GRAVATA;Ultrapassagem Indevida;Colisão frontal;Com Vítimas Feridas;Pleno dia;Crescente;Céu Claro;Simples;Curva;Sim;2;0;0;1;1;1;0;2;-8,19470158;-35,56294799;SPRF-PE;DEL02/PE;UOP02-DEL02PE
762397;02/04/2026;quinta-feira;14:30:00;ES;101;145;LINHARES;Condutor deixou de manter distância do veículo da frente;Colisão traseira;Com Vítimas Feridas;Pleno dia;Crescente;Céu Claro;Múltipla;Reta;Sim;4;0;1;0;1;3;0;2;-19,363342;-40,06514;SPRF-ES;DEL04-ES;UOP01-DEL04-ES
762400;02/04/2026;quinta-feira;14:25:00;RN;101;145;GOIANINHA;Reação tardia ou ineficiente do condutor;Saída de leito carroçável;Com Vítimas Feridas;Pleno dia;Crescente;Sol;Múltipla;Reta;Sim;3;0;1;0;1;2;0;1;-6,253513;-35,214672;SPRF-RN;DEL01-RN;UOP01-DEL01-RN
762402;02/04/2026;quinta-feira;14:16:00;RJ;40;117;DUQUE DE CAXIAS;Manobra de mudança de faixa;Colisão lateral mesmo sentido;Com Vítimas Feridas;Pleno dia;Crescente;Céu Claro;Múltipla;Reta;Não;3;0;1;0;1;2;0;2;-22,74782738;-43,28802109;SPRF-RJ;DEL01/RJ;UOP02-DEL01-RJ
762404;02/04/2026;quinta-feira;14:30:00;MG;50;73;UBERLANDIA;Manobra de mudança de faixa;Colisão lateral mesmo sentido;Com Vítimas Feridas;Pleno dia;Crescente;Céu Claro;Dupla;"Reta;Em Obras";Sim;3;0;0;1;1;2;0;3;-18,912693;-48,223443;SPRF-MG;DEL15/MG;UOP01-DEL15-MG
762405;02/04/2026;quinta-feira;15:10:00;ES;101;358;ANCHIETA;Retorno proibido;Colisão transversal;Com Vítimas Feridas;Pleno dia;Crescente;Céu Claro;Dupla;Reta;Não;6;0;0;3;3;2;0;3;-20,6922175;-40,7046324;SPRF-ES;DEL03-ES;UOP01-DEL03-ES
762407;02/04/2026;quinta-feira;11:50:00;ES;101;395,7;RIO NOVO DO SUL;Acessar a via sem observar a presença dos outros veículos;Colisão transversal;Com Vítimas Feridas;Pleno dia;Decrescente;Sol;Simples;"Aclive;Curva";Não;2;0;1;0;1;1;0;2;-20,87229676;-40,94731003;SPRF-ES;DEL03-ES;UOP02-DEL03-ES
762409;02/04/2026;quinta-feira;14:30:00;MG;50;176;UBERABA;Ausência de reação do condutor;Queda de ocupante de veículo;Com Vítimas Feridas;Pleno dia;Crescente;Nublado;Dupla;Declive;Sim;1;0;0;1;1;0;0;1;-19,779284;-47,956107;SPRF-MG;DEL13/MG;UOP01-DEL13-MG
762410;02/04/2026;quinta-feira;14:37:00;PR;376;160;MARINGA;Reação tardia ou ineficiente do condutor;Colisão traseira;Com Vítimas Feridas;Pleno dia;Crescente;Nublado;Dupla;"Curva;Declive";Não;3;0;1;0;1;2;0;2;-23,36518096;-52,07669584;SPRF-PR;DEL09/PR;UOP02-DEL09-PR
762411;02/04/2026;quinta-feira;15:00:00;SP;116;115;TAUBATE;Ausência de reação do condutor;Colisão traseira;Com Vítimas Feridas;Pleno dia;Decrescente;Nublado;Dupla;Reta;Sim;2;0;0;1;1;0;0;2;-23,04981051;-45,59937478;SPRF-SP;DEL02/SP;UOP02-DEL02-SP
762412;02/04/2026;quinta-feira;14:35:00;BA;367;46;SANTA CRUZ CABRALIA;Condutor deixou de manter distância do veículo da frente;Colisão traseira;Com Vítimas Fatais;Pleno dia;Crescente;Céu Claro;Simples;Reta;Não;9;1;6;1;7;0;0;4;-16,376123;-39,2488088;SPRF-BA;DEL09/BA;UOP03-DEL09-BA
762414;02/04/2026;quinta-feira;15:30:00;PR;116;146;MANDIRITUBA;Acessar a via sem observar a presença dos outros veículos;Colisão transversal;Com Vítimas Feridas;Pleno dia;Crescente;Céu Claro;Dupla;Interseção de Vias;Não;3;0;1;2;3;0;0;2;-25,81324407;-49,32911603;SPRF-PR;DEL01/PR;UOP03-DEL01-PR
762415;02/04/2026;quinta-feira;15:05:00;SC;282;218;LAGES;Reação tardia ou ineficiente do condutor;Colisão lateral mesmo sentido;Sem Vítimas;Pleno dia;Crescente;Céu Claro;Dupla;"Viaduto;Rotatória;Interseção de Vias";Sim;2;0;0;0;0;2;0;2;-27,7974928;-50,31137316;SPRF-SC;DEL05/SC;UOP01-DEL05-SC
762417;01/04/2026;quarta-feira;09:20:00;MA;135;7;SAO LUIS;Acessar a via sem observar a presença dos outros veículos;Colisão transversal;Sem Vítimas;Pleno dia;Crescente;Céu Claro;Dupla;Reta;Não;2;0;0;0;0;2;0;2;-2,640565;-44,271787;SPRF-MA;DEL01-MA;UOP01-DEL01-MA
762418;02/04/2026;quinta-feira;15:30:00;BA;101;931,2;NOVA VICOSA;Ausência de reação do condutor;Colisão traseira;Com Vítimas Feridas;Pleno dia;Crescente;Nublado;Simples;"Declive;Reta";Não;2;0;0;1;1;1;0;2;-17,971443;-39,858659;SPRF-BA;DEL09/BA;UOP02-DEL09-BA
762420;14/03/2026;sábado;11:00:00;BA;324;589;CANDEIAS;Demais falhas mecânicas ou elétricas;Incêndio;Sem Vítimas;Pleno dia;Crescente;Ignorado;Dupla;Reta;Não;2;0;0;0;0;2;0;1;-12,70139976;-38,46414026;SPRF-BA;DEL01/BA;UOP01-DEL01-BA
762422;02/04/2026;quinta-feira;16:00:00;PB;230;69;SOBRADO;Velocidade Incompatível;Engavetamento;Sem Vítimas;Pleno dia;Crescente;Céu Claro;Dupla;Reta;Não;3;0;0;0;0;3;0;3;-7,191962;-35,224157;SPRF-PB;DEL01-PB;UOP02-DEL01-PB
762423;02/04/2026;quinta-feira;15:46:00;PI;343;307;ALTOS;Ausência de reação do condutor;Colisão transversal;Com Vítimas Feridas;Pleno dia;Crescente;Nublado;Simples;Reta;Sim;3;0;2;0;2;1;0;2;-5,08758527;-42,41973877;SPRF-PI;DEL01-PI;UOP01-DEL01-PI
762426;02/04/2026;quinta-feira;14:30:00;RJ;101;416;MANGARATIBA;Manobra de mudança de faixa;Colisão lateral mesmo sentido;Com Vítimas Feridas;Pleno dia;Crescente;Nublado;Dupla;"Curva;Aclive";Sim;2;0;1;0;1;1;0;2;-22,91681615;-43,91196728;SPRF-RJ;DEL03/RJ;UOP02-DEL03-RJ
762427;02/04/2026;quinta-feira;13:45:00;RS;386;225;MORMACO;Demais falhas mecânicas ou elétricas;Incêndio;Sem Vítimas;Pleno dia;Decrescente;Céu Claro;Simples;Reta;Não;1;0;0;0;0;1;0;1;-28,68192018;-52,59805886;SPRF-RS;DEL04/RS;UOP03-DEL04-RS
762428;02/04/2026;quinta-feira;15:50:00;RS;287;401;SANTIAGO;Acessar a via sem observar a presença dos outros veículos;Colisão transversal;Com Vítimas Feridas;Pleno dia;Crescente;Céu Claro;Simples;Interseção de Vias;Não;3;0;1;0;1;2;0;2;-29,1617335;-54,87883691;SPRF-RS;DEL12/RS;UOP02-DEL12-RS
762430;02/04/2026;quinta-feira;16:00:00;ES;101;17;PEDRO CANARIO;Condutor deixou de manter distância do veículo da frente;Colisão traseira;Com Vítimas Feridas;Anoitecer;Crescente;Céu Claro;Simples;"Aclive;Curva";Não;2;0;1;0;1;1;0;2;-18,30658;-39,95736;SPRF-ES;DEL04-ES;UOP02-DEL04-ES
762431;02/04/2026;quinta-feira;06:00:00;GO;60;219,3;CEZARINA;Velocidade Incompatível;Saída de leito carroçável;Sem Vítimas;Amanhecer;Decrescente;Céu Claro;Dupla;Reta;Não;1;0;0;0;0;0;1;1;-16,983922;-49,750822;SPRF-GO;DEL01/GO;UOP02-DEL01-GO
762432;02/04/2026;quinta-feira;16:50:00;RS;116;146,4;CAXIAS DO SUL;Ausência de reação do condutor;Colisão traseira;Com Vítimas Feridas;Pleno dia;Decrescente;Céu Claro;Dupla;Reta;Sim;2;0;0;1;1;1;0;2;-29,146283;-51,140178;SPRF-RS;DEL05/RS;UOP01-DEL05-RS
762434;02/04/2026;quinta-feira;16:52:00;PE;101;46;IGARASSU;Entrada inopinada do pedestre;Atropelamento de Pedestre;Com Vítimas Feridas;Anoitecer;Crescente;Céu Claro;Simples;Reta;Não;2;0;0;1;1;1;0;2;-7,88093;-34,90503;SPRF-PE;DEL01/PE;UOP02-DEL01-PE