id;data_inversa;dia_semana;horario;uf;br;km;municipio;causa_acidente;tipo_acidente;classificacao_acidente;fase_dia;sentido_via;condicao_metereologica;tipo_pista;tracado_via;uso_solo;pessoas;mortos;feridos_leves;feridos_graves;feridos;ilesos;ignorados;veiculos;latitude;longitude;regional;delegacia;uop
762549;03/04/2026;sexta-feira;02:30:00;RS;386;239;SOLEDADE;Reação tardia ou ineficiente do condutor;Atropelamento de Pedestre;Com Vítimas Feridas;Plena Noite;Decrescente;Céu Claro;Simples;"Em Obras;Reta";Não;2;0;0;1;1;1;0;2;-28,702051;-52,584733;SPRF-RS;DEL04/RS;UOP03-DEL04-RS
762550;03/04/2026;sexta-feira;04:10:00;GO;50;96,7;CRISTALINA;Chuva;Capotamento;Com Vítimas Feridas;Plena Noite;Crescente;Chuva;Simples;Rotatória;Sim;1;0;1;0;1;0;0;1;-16,75986;-47,61167;SPRF-DF;DEL01-DF;UOP02-DEL01-DF
762551;03/04/2026;sexta-feira;02:30:00;RS;153;676,5;ACEGUA;Animais na Pista;Saída de leito carroçável;Com Vítimas Feridas;Plena Noite;Crescente;Céu Claro;Simples;Reta;Não;1;0;0;1;1;0;0;1;-31,715619;-54,154734;SPRF-RS;DEL11/RS;UOP03-DEL11-RS
762552;03/04/2026;sexta-feira;04:50:00;PI;343;313;ALTOS;Ausência de reação do condutor;Saída de leito carroçável;Com Vítimas Feridas;Plena Noite;Decrescente;Chuva;Simples;Curva;Não;3;0;1;0;1;2;0;1;-5,04672;-42,51177;SPRF-PI;DEL01-PI;UOP01-DEL01-PI
762553;03/04/2026;sexta-feira;05:00:00;MG;381;490;BETIM;Acessar a via sem observar a presença dos outros veículos;Colisão lateral mesmo sentido;Com Vítimas Feridas;Amanhecer;Decrescente;Céu Claro;Dupla;Reta;Sim;3;0;1;0;1;2;0;2;-19,95613986;-44,14532868;SPRF-MG;DEL01/MG;UOP03-DEL01-MG
762554;03/04/2026;sexta-feira;03:45:00;RN;101;122;SAO JOSE DE MIPIBU;Transitar no Acostamento;Colisão traseira;Com Vítimas Feridas;Plena Noite;Crescente;Céu Claro;Dupla;Reta;Não;2;0;1;0;1;0;0;2;-6,03627695;-35,24821466;SPRF-RN;DEL01-RN;UOP01-DEL01-RN
762555;03/04/2026;sexta-feira;05:15:00;SC;101;150;ITAPEMA;Ingestão de álcool pelo condutor;Saída de leito carroçável;Sem Vítimas;Amanhecer;Crescente;Nublado;Dupla;"Curva;Aclive";Sim;1;0;0;0;0;0;1;1;-27,12070649;-48,60958242;SPRF-SC;DEL04/SC;UOP03-DEL04-SC
762556;03/04/2026;sexta-feira;04:55:00;RO;364;234,4;CACOAL;Velocidade Incompatível;Colisão com objeto;Com Vítimas Feridas;Amanhecer;Crescente;Céu Claro;Dupla;Rotatória;Sim;1;0;0;1;1;0;0;1;-11,452312;-61,428715;SPRF-RO;DEL02-RO;UOP02-DEL02-RO
762558;02/04/2026;quinta-feira;13:15:00;GO;60;389;RIO VERDE;Ausência de reação do condutor;Queda de ocupante de veículo;Com Vítimas Feridas;Pleno dia;Crescente;Céu Claro;Dupla;Reta;Sim;1;0;1;0;1;0;0;1;-17,825;-50,962;SPRF-GO;DEL04/GO;UOP02-DEL04-GO
762559;03/04/2026;sexta-feira;06:30:00;SC;101;205;SAO JOSE;Condutor deixou de manter distância do veículo da frente;Colisão traseira;Com Vítimas Feridas;Amanhecer;Crescente;Céu Claro;Dupla;"Declive;Reta";Sim;3;0;1;0;1;2;0;3;-27,581338;-48,614776;SPRF-SC;DEL01/SC;UOP01-DEL01-SC
762560;02/04/2026;quinta-feira;07:30:00;BA;324;610;SIMOES FILHO;Condutor deixou de manter distância do veículo da frente;Colisão traseira;Sem Vítimas;Pleno dia;Decrescente;Céu Claro;Dupla;Reta;Sim;2;0;0;0;0;2;0;2;-12,84628081;-38,41678619;SPRF-BA;DEL01/BA;UOP01-DEL01-BA
762561;03/04/2026;sexta-feira;05:31:00;PR;116;9;COLOMBO;Área urbana sem a presença de local apropriado para a travessia de pedestres;Atropelamento de Pedestre;Com Vítimas Feridas;Amanhecer;Crescente;Nublado;Dupla;Curva;Sim;2;0;1;0;1;1;0;2;-25,37142543;-49,12763429;SPRF-PR;DEL01/PR;UOP02-DEL01-PR
762562;03/04/2026;sexta-feira;06:00:00;MG;40;822,7;SIMAO PEREIRA;Avarias e/ou desgaste excessivo no pneu;Colisão com objeto;Com Vítimas Feridas;Amanhecer;Decrescente;Nublado;Dupla;"Aclive;Reta";Não;2;0;2;0;2;0;0;1;-21,95258713;-43,30112469;SPRF-MG;DEL05/MG;UOP01-DEL05-MG
762563;30/03/2026;segunda-feira;06:40:00;ES;101;17;SERRA;Manobra de mudança de faixa;Colisão lateral mesmo sentido;Com Vítimas Feridas;Pleno dia;Crescente;Céu Claro;Múltipla;"Reta;Em Obras";Não;2;0;1;0;1;1;0;2;-20,201789;-40,335336;SPRF-ES;DEL02-ES;UOP01-DEL02-ES
762567;02/04/2026;quinta-feira;16:40:00;RJ;493;25,4;MAGE;Chuva;Tombamento;Com Vítimas Feridas;Pleno dia;Decrescente;Nublado;Simples;Reta;Não;1;0;1;0;1;0;0;1;-22,6593567;-43,0910883;SPRF-RJ;DEL04/RJ;UOP02-DEL04-RJ
762568;03/04/2026;sexta-feira;01:30:00;RJ;101;572;PARATY;Reação tardia ou ineficiente do condutor;Colisão frontal;Com Vítimas Feridas;Plena Noite;Crescente;Ignorado;Simples;Reta;Não;2;0;1;0;1;1;0;2;-23,1903271;-44,72691743;SPRF-RJ;DEL03/RJ;UOP04-DEL03-RJ
762569;02/04/2026;quinta-feira;23:02:00;RJ;40;116;DUQUE DE CAXIAS;Transtornos Mentais (exceto suicidio);Queda de ocupante de veículo;Com Vítimas Feridas;Plena Noite;Crescente;Céu Claro;Dupla;Reta;Sim;2;0;1;0;1;1;0;1;-22,746085;-43,2881;SPRF-RJ;DEL01/RJ;UOP02-DEL01-RJ
762571;03/04/2026;sexta-feira;07:00:00;GO;153;552,2;PIRACANJUBA;Avarias e/ou desgaste excessivo no pneu;Saída de leito carroçável;Com Vítimas Feridas;Pleno dia;Decrescente;Céu Claro;Dupla;Reta;Não;2;0;1;1;2;0;0;1;-17,153423;-49,214862;SPRF-GO;DEL01/GO;UOP03-DEL01-GO
762572;03/04/2026;sexta-feira;07:20:00;BA;324;624;SALVADOR;Acesso irregular;Atropelamento de Pedestre;Com Vítimas Fatais;Pleno dia;Crescente;Céu Claro;Dupla;"Aclive;Reta";Não;2;1;0;0;0;1;0;2;-12,94620523;-38,46979172;SPRF-BA;DEL01/BA;UOP01-DEL01-BA
762573;03/04/2026;sexta-feira;05:29:00;MS;163;680;RIO VERDE DE MATO GROSSO;Ausência de reação do condutor;Queda de ocupante de veículo;Com Vítimas Feridas;Plena Noite;Decrescente;Céu Claro;Simples;Reta;Sim;2;0;1;0;1;0;0;1;-18,913151;-54,838997;SPRF-MS;DEL06/MS;UOP02-DEL06-MS
762574;26/03/2026;quinta-feira;07:45:00;SC;101;201;SAO JOSE;Trafegar com motocicleta (ou similar) entre as faixas;Colisão traseira;Com Vítimas Feridas;Pleno dia;Crescente;Céu Claro;Múltipla;Reta;Sim;3;0;2;0;2;1;0;2;-27,547345;-48,619784;SPRF-SC;DEL01/SC;UOP01-DEL01-SC
762575;03/04/2026;sexta-feira;08:00:00;SC;280;9,1;SAO FRANCISCO DO SUL;Ausência de reação do condutor;Colisão com objeto;Com Vítimas Feridas;Pleno dia;Crescente;Céu Claro;Simples;Reta;Não;1;0;0;1;1;0;0;1;-26,2884611;-48,6454881;SPRF-SC;DEL03/SC;UOP03-DEL03-SC
762576;03/04/2026;sexta-feira;06:50:00;RS;386;278;SAO JOSE DO HERVAL;Condutor deixou de manter distância do veículo da frente;Colisão lateral mesmo sentido;Com Vítimas Feridas;Pleno dia;Decrescente;Céu Claro;Simples;Reta;Não;2;0;1;0;1;1;0;2;-29,03511762;-52,29929339;SPRF-RS;DEL04/RS;UOP03-DEL04-RS
762577;03/04/2026;sexta-feira;08:30:00;RJ;101;424;MANGARATIBA;Demais falhas mecânicas ou elétricas;Colisão traseira;Com Vítimas Feridas;Pleno dia;Crescente;Céu Claro;Simples;Reta;Não;2;0;1;0;1;1;0;2;-22,92440533;-43,95968914;SPRF-RJ;DEL03/RJ;UOP02-DEL03-RJ
762578;03/04/2026;sexta-feira;08:06:00;SC;282;30,6;SANTO AMARO DA IMPERATRIZ;Condutor Dormindo;Colisão frontal;Com Vítimas Feridas;Pleno dia;Crescente;Céu Claro;Simples;Curva;Não;6;0;3;0;3;3;0;3;-27,692063;-48,794002;SPRF-SC;DEL01/SC;UOP03-DEL01-SC
762579;03/04/2026;sexta-feira;01:00:00;RO;364;3;JI-PARANA;Ausência de reação do condutor;Colisão com objeto;Com Vítimas Feridas;Plena Noite;Decrescente;Céu Claro;Simples;Rotatória;Não;1;0;0;1;1;0;0;1;-10,91488408;-61,9579396;SPRF-RO;DEL02-RO;UOP01-DEL02-RO
762580;22/03/2026;domingo;17:40:00;SC;470;62;BLUMENAU;Ingestão de álcool pelo condutor;Colisão transversal;Com Vítimas Feridas;Anoitecer;Crescente;Céu Claro;Simples;Reta;Não;4;0;0;2;2;2;0;2;-26,8783044;-49,17608611;SPRF-SC;DEL04/SC;UOP01-DEL04-SC
762582;03/04/2026;sexta-feira;07:17:00;MS;163;477;CAMPO GRANDE;Acostamento em desnível;Tombamento;Com Vítimas Feridas;Amanhecer;Crescente;Céu Claro;Simples;"Reta;Declive;Viaduto";Sim;1;0;1;0;1;0;0;1;-20,502262;-54,556313;SPRF-MS;DEL01/MS;UOP01-DEL01-MS
762583;03/04/2026;sexta-feira;08:20:00;RJ;40;124;DUQUE DE CAXIAS;Objeto estático sobre o leito carroçável;Colisão com objeto;Com Vítimas Feridas;Pleno dia;Decrescente;Céu Claro;Múltipla;Reta;Não;1;0;1;0;1;0;0;1;-22,80640886;-43,28931928;SPRF-RJ;DEL01/RJ;UOP02-DEL01-RJ
762584;03/04/2026;sexta-feira;07:40:00;RO;364;695;PORTO VELHO;Pista Escorregadia;Tombamento;Com Vítimas Feridas;Pleno dia;Decrescente;Céu Claro;Dupla;Reta;Sim;1;0;1;0;1;0;0;1;-8,80060043;-63,72894287;SPRF-RO;DEL01-RO;UOP01-DEL01-RO
762585;03/04/2026;sexta-feira;09:00:00;CE;116;17,9;ITAITINGA;Ingestão de álcool pelo condutor;Colisão traseira;Com Vítimas Feridas;Pleno dia;Crescente;Céu Claro;Dupla;"Ponte;Reta";Sim;2;0;1;0;1;1;0;2;-3,904256;-38,505092;SPRF-CE;DEL01/CE;UOP02-DEL01-CE
762586;26/03/2026;quinta-feira;12:25:00;RJ;116;191;NOVA IGUACU;Ausência de reação do condutor;Tombamento;Com Vítimas Feridas;Pleno dia;Decrescente;Ignorado;Dupla;Reta;Não;1;0;0;1;1;0;0;1;-22,74262288;-43,51890564;SPRF-RJ;DEL06/RJ;UOP01-DEL06-RJ
762587;03/04/2026;sexta-feira;08:54:00;SC;280;25;ARAQUARI;Acessar a via sem observar a presença dos outros veículos;Colisão transversal;Com Vítimas Feridas;Pleno dia;Decrescente;Céu Claro;Simples;"Reta;Retorno Regulamentado";Sim;2;0;1;0;1;1;0;2;-26,39928353;-48,74196053;SPRF-SC;DEL03/SC;UOP03-DEL03-SC
762590;03/04/2026;sexta-feira;09:20:00;BA;324;475,4;TANQUINHO;Acessar a via sem observar a presença dos outros veículos;Colisão transversal;Com Vítimas Feridas;Pleno dia;Decrescente;Céu Claro;Simples;Reta;Sim;3;0;1;1;2;1;0;2;-11,9780627;-39,10978;SPRF-BA;DEL02/BA;UOP01-DEL02-BA
762592;03/04/2026;sexta-feira;10:10:00;ES;101;288,9;CARIACICA;Manobra de mudança de faixa;Colisão com objeto;Com Vítimas Feridas;Pleno dia;Crescente;Céu Claro;Dupla;Reta;Sim;2;0;2;0;2;0;0;1;-20,279638;-40,392975;SPRF-ES;DEL01-ES;UOP01-DEL01-ES
762593;30/03/2026;segunda-feira;10:40:00;PE;101;78,7;JABOATAO DOS GUARARAPES;Ausência de reação do condutor;Queda de ocupante de veículo;Com Vítimas Feridas;Pleno dia;Decrescente;Céu Claro;Dupla;Reta;Não;1;0;0;1;1;0;0;1;-8,14267737;-34,94673308;SPRF-PE;DEL01/PE;UOP01-DEL01-PE
762594;03/04/2026;sexta-feira;09:00:00;AL;101;164;TEOTONIO VILELA;Acumulo de água sobre o pavimento;Capotamento;Com Vítimas Feridas;Pleno dia;Decrescente;Nublado;Dupla;Viaduto;Não;1;0;1;0;1;0;0;1;-9,90990991;-36,3440708;SPRF-AL;DEL02-AL;UOP02-DEL02-AL
762596;03/04/2026;sexta-feira;09:40:00;MG;381;497,2;BETIM;Conversão proibida;Colisão transversal;Com Vítimas Feridas;Pleno dia;Crescente;Céu Claro;Múltipla;"Reta;Declive";Sim;4;0;2;0;2;2;0;2;-19,9808;-44,2012;SPRF-MG;DEL01/MG;UOP03-DEL01-MG
762597;03/04/2026;sexta-feira;09:30:00;GO;60;201;GUAPO;Reação tardia ou ineficiente do condutor;Colisão com objeto;Com Vítimas Feridas;Pleno dia;Crescente;Céu Claro;Dupla;Reta;Não;2;0;2;0;2;0;0;1;-16,893969;-49,633027;SPRF-GO;DEL01/GO;UOP02-DEL01-GO
762599;03/04/2026;sexta-feira;09:20:00;SC;470;194;POUSO REDONDO;Transitar na contramão;Colisão lateral sentido oposto;Com Vítimas Feridas;Pleno dia;Crescente;Céu Claro;Simples;Curva;Não;3;0;1;0;1;2;0;2;-27,30047933;-50,07996147;SPRF-SC;DEL04/SC;UOP02-DEL04-SC
762600;03/04/2026;sexta-feira;10:20:00;PE;101;60;RECIFE;Condutor deixou de manter distância do veículo da frente;Colisão traseira;Com Vítimas Feridas;Pleno dia;Crescente;Céu Claro;Dupla;Reta;Sim;3;0;2;0;2;1;0;2;-7,9913;-34,9364;SPRF-PE;DEL01/PE;UOP02-DEL01-PE
762601;03/04/2026;sexta-feira;10:28:00;PR;116;10,2;COLOMBO;Manobra de mudança de faixa;Colisão lateral mesmo sentido;Com Vítimas Feridas;Pleno dia;Crescente;Céu Claro;Dupla;"Aclive;Reta";Sim;3;0;2;0;2;0;0;2;-25,3713;-49,13032;SPRF-PR;DEL01/PR;UOP02-DEL01-PR
762603;03/04/2026;sexta-feira;11:00:00;BA;116;805;VITORIA DA CONQUISTA;Demais falhas mecânicas ou elétricas;Queda de ocupante de veículo;Com Vítimas Feridas;Pleno dia;Decrescente;Céu Claro;Simples;Reta;Não;2;0;0;1;1;1;0;1;-14,768678;-40,713182;SPRF-BA;DEL08/BA;UOP01-DEL08-BA
762605;03/04/2026;sexta-feira;09:30:00;AL;101;135;SAO MIGUEL DOS CAMPOS;Acesso irregular;Colisão transversal;Com Vítimas Feridas;Pleno dia;Crescente;Chuva;Dupla;"Em Obras;Curva";Não;2;0;1;0;1;0;0;2;-9,77177;-36,10404;SPRF-AL;DEL02-AL;UOP01-DEL02-AL
762608;03/04/2026;sexta-feira;10:35:00;RS;158;444,7;ROSARIO DO SUL;Ausência de reação do condutor;Saída de leito carroçável;Com Vítimas Feridas;Pleno dia;Crescente;Céu Claro;Simples;Interseção de Vias;Não;1;0;1;0;1;0;0;1;-30,22976028;-54,73023891;SPRF-RS;DEL11/RS;UOP02-DEL11-RS
762609;26/02/2026;quinta-feira;09:10:00;RJ;101;528;ANGRA DOS REIS;Avarias e/ou desgaste excessivo no pneu;Saída de leito carroçável;Com Vítimas Feridas;Pleno dia;Decrescente;Nublado;Simples;"Reta;Declive";Não;1;0;1;0;1;0;0;1;-23,02111527;-44,49961782;SPRF-RJ;DEL03/RJ;UOP03-DEL03-RJ
762610;03/04/2026;sexta-feira;10:50:00;SE;235;84,3;FREI PAULO;Acessar a via sem observar a presença dos outros veículos;Colisão transversal;Com Vítimas Fatais;Pleno dia;Decrescente;Céu Claro;Simples;"Curva;Interseção de Vias";Não;2;1;0;0;0;1;0;2;-10,55368;-37,6367;SPRF-SE;DEL01-SE;UOP02-DEL01-SE
762611;03/04/2026;sexta-feira;10:20:00;MG;365;845;SANTA VITORIA;Condutor Dormindo;Saída de leito carroçável;Com Vítimas Feridas;Pleno dia;Crescente;Céu Claro;Simples;Reta;Não;3;0;1;0;1;2;0;1;-19,025613;-50,353632;SPRF-MG;DEL15/MG;UOP03-DEL15-MG
762612;03/04/2026;sexta-feira;08:45:00;RO;364;600;ITAPUA DO OESTE;Reação tardia ou ineficiente do condutor;Colisão traseira;Sem Vítimas;Pleno dia;Crescente;Céu Claro;Simples;Reta;Não;2;0;0;0;0;2;0;2;-9,21707991;-63,17232675;SPRF-RO;DEL01-RO;UOP04-DEL01-RO
762614;03/04/2026;sexta-feira;10:35:00;PE;101;101,1;CABO DE SANTO AGOSTINHO;Reação tardia ou ineficiente do condutor;Saída de leito carroçável;Com Vítimas Feridas;Pleno dia;Decrescente;Nublado;Dupla;Curva;Não;3;0;1;0;1;2;0;1;-8,27593;-35,05385;SPRF-PE;DEL01/PE;UOP03-DEL01-PE
762615;06/02/2026;sexta-feira;21:20:00;RJ;116;169;RIO DE JANEIRO;Ausência de reação do condutor;Colisão traseira;Com Vítimas Feridas;Plena Noite;Crescente;Chuva;Múltipla;Reta;Sim;2;0;1;0;1;1;0;2;-22,81619307;-43,32404137;SPRF-RJ;DEL06/RJ;UOP01-DEL06-RJ
762616;03/04/2026;sexta-feira;11:55:00;RS;290;83;CANOAS;Ausência de reação do condutor;Colisão com objeto;Com Vítimas Feridas;Pleno dia;Decrescente;Sol;Simples;Curva;Não;1;0;1;0;1;0;0;1;-29,96530634;-51,17061263;SPRF-RS;DEL01/RS;UOP01-DEL01-RS
762617;03/04/2026;sexta-feira;10:50:00;GO;251;3;CRISTALINA;Acessar a via sem observar a presença dos outros veículos;Colisão lateral mesmo sentido;Com Vítimas Feridas;Pleno dia;Decrescente;Céu Claro;Simples;Declive;Sim;4;0;0;4;4;0;0;2;-16,23208;-47,357897;SPRF-DF;DEL01-DF;UOP01-DEL01-DF
762618;03/04/2026;sexta-feira;10:20:00;PE;101;85,3;JABOATAO DOS GUARARAPES;Demais falhas mecânicas ou elétricas;Tombamento;Com Vítimas Feridas;Pleno dia;Crescente;Céu Claro;Dupla;Reta;Sim;2;0;2;0;2;0;0;1;-8,183053;-34,964638;SPRF-PE;DEL01/PE;UOP01-DEL01-PE
762621;03/04/2026;sexta-feira;11:04:00;RJ;116;318,5;ITATIAIA;Manobra de mudança de faixa;Tombamento;Com Vítimas Feridas;Pleno dia;Crescente;Céu Claro;Dupla;Reta;Sim;2;0;1;1;2;0;0;1;-22,469573;-44,515447;SPRF-RJ;DEL07/RJ;UOP02-DEL07-RJ
762622;03/04/2026;sexta-feira;12:20:00;RJ;101;82;CAMPOS DOS GOYTACAZES;Demais falhas mecânicas ou elétricas;Tombamento;Com Vítimas Feridas;Pleno dia;Decrescente;Céu Claro;Dupla;"Curva;Aclive";Não;2;0;2;0;2;0;0;1;-21,82696268;-41,45429134;SPRF-RJ;DEL08/RJ;UOP02-DEL08-RJ
762624;03/04/2026;sexta-feira;13:00:00;SC;101;194,1;BIGUACU;Acumulo de óleo sobre o pavimento;Tombamento;Com Vítimas Feridas;Pleno dia;Crescente;Céu Claro;Dupla;Reta;Sim;1;0;1;0;1;0;0;1;-27,499;-48,656;SPRF-SC;DEL01/SC;UOP01-DEL01-SC
762625;03/04/2026;sexta-feira;12:00:00;RS;290;18;SANTO ANTONIO DA PATRULHA;Manobra de mudança de faixa;Colisão lateral mesmo sentido;Com Vítimas Feridas;Pleno dia;Decrescente;Céu Claro;Dupla;Reta;Não;2;0;0;1;1;1;0;2;-29,88342014;-50,44096325;SPRF-RS;DEL03/RS;UOP01-DEL03-RS
762626;03/04/2026;sexta-feira;13:10:00;GO;153;589;PIRACANJUBA;Afundamento ou ondulação no pavimento;Queda de ocupante de veículo;Com Vítimas Feridas;Pleno dia;Decrescente;Céu Claro;Dupla;Reta;Não;2;0;1;0;1;0;0;2;-17,450605;-49,227611;SPRF-GO;DEL03/GO;UOP01-DEL03-GO
762627;03/04/2026;sexta-feira;12:20:00;SP;116;447;REGISTRO;Ausência de reação do condutor;Colisão com objeto;Com Vítimas Feridas;Pleno dia;Decrescente;Céu Claro;Dupla;Reta;Sim;1;0;1;0;1;0;0;1;-24,51533484;-47,85125182;SPRF-SP;DEL05/SP;UOP01-DEL05-SP
762628;03/04/2026;sexta-feira;13:05:00;PR;163;185;SANTA TEREZA DO OESTE;Ausência de reação do condutor;Saída de leito carroçável;Com Vítimas Feridas;Pleno dia;Decrescente;Céu Claro;Simples;Curva;Não;1;0;0;1;1;0;0;1;-25,117414;-53,585031;SPRF-PR;DEL05/PR;UOP05-DEL05-PR
762629;03/04/2026;sexta-feira;10:10:00;SC;101;214;PALHOCA;Condutor deixou de manter distância do veículo da frente;Colisão traseira;Com Vítimas Feridas;Pleno dia;Crescente;Céu Claro;Múltipla;Reta;Sim;2;0;1;0;1;1;0;2;-27,65123051;-48,67562413;SPRF-SC;DEL01/SC;UOP02-DEL01-SC
762630;03/04/2026;sexta-feira;13:15:00;SP;381;22;BRAGANCA PAULISTA;Ausência de reação do condutor;Tombamento;Com Vítimas Feridas;Pleno dia;Decrescente;Céu Claro;Múltipla;"Aclive;Reta";Não;1;0;1;0;1;0;0;1;-22,9982685;-46,5173149;SPRF-SP;DEL03/SP;UOP02-DEL03-SP
762631;03/04/2026;sexta-feira;12:50:00;PE;104;60;CARUARU;Ingestão de álcool pelo condutor;Colisão lateral mesmo sentido;Com Vítimas Feridas;Pleno dia;Crescente;Sol;Dupla;Reta;Sim;2;0;0;1;1;0;0;2;-8,24109;-35,97551;SPRF-PE;DEL02/PE;UOP01-DEL02-PE
762632;03/04/2026;sexta-feira;13:00:00;SC;280;31;ARAQUARI;Acessar a via sem observar a presença dos outros veículos;Colisão frontal;Com Vítimas Feridas;Pleno dia;Decrescente;Céu Claro;Simples;Reta;Sim;2;0;1;0;1;1;0;2;-26,37218544;-48,70548248;SPRF-SC;DEL03/SC;UOP03-DEL03-SC
762633;03/04/2026;sexta-feira;13:40:00;DF;70;16;BRASILIA;Pista Escorregadia;Saída de leito carroçável;Com Vítimas Feridas;Pleno dia;Crescente;Nublado;Dupla;Curva;Não;2;0;1;0;1;0;0;2;-15,795412;-48,195964;SPRF-DF;DEL03-DF;UOP02-DEL03-DF
762634;03/04/2026;sexta-feira;13:20:00;SC;101;265,3;PAULO LOPES;Demais falhas na via;Tombamento;Com Vítimas Feridas;Pleno dia;Crescente;Céu Claro;Múltipla;Reta;Sim;2;0;1;1;2;0;0;1;-28,075402;-48,7128195;SPRF-SC;DEL02/SC;UOP03-DEL02-SC
762635;03/04/2026;sexta-feira;13:55:00;PR;116;122;CURITIBA;Transitar na calçada;Queda de ocupante de veículo;Com Vítimas Feridas;Pleno dia;Decrescente;Céu Claro;Dupla;Reta;Sim;1;0;1;0;1;0;0;1;-25,60191328;-49,31760311;SPRF-PR;DEL01/PR;UOP03-DEL01-PR
762636;03/04/2026;sexta-feira;12:47:00;PE;428;9;CABROBO;Acessar a via sem observar a presença dos outros veículos;Colisão transversal;Com Vítimas Feridas;Pleno dia;Crescente;Céu Claro;Simples;"Reta;Interseção de Vias";Não;5;0;1;0;1;4;0;2;-8,51206;-39,299001;SPRF-PE;DEL05/PE;UOP03-DEL05-PE
762637;03/04/2026;sexta-feira;11:05:00;MA;10;175,2;CAMPESTRE DO MARANHAO;Reação tardia ou ineficiente do condutor;Colisão transversal;Com Vítimas Feridas;Pleno dia;Crescente;Sol;Simples;"Reta;Aclive";Não;2;0;2;0;2;0;0;2;-6,183147;-47,362473;SPRF-MA;DEL04-MA;UOP02-DEL04-MA
762639;03/04/2026;sexta-feira;13:00:00;MG;381;290,3;ANTONIO DIAS;Velocidade Incompatível;Tombamento;Com Vítimas Feridas;Pleno dia;Crescente;Céu Claro;Simples;Curva;Não;2;0;2;0;2;0;0;1;-19,6271;-42,83387;SPRF-MG;DEL03/MG;UOP02-DEL03-MG
762641;03/04/2026;sexta-feira;14:15:00;RS;386;143;SARANDI;Ausência de reação do condutor;Saída de leito carroçável;Sem Vítimas;Pleno dia;Crescente;Céu Claro;Simples;Reta;Não;2;0;0;0;0;2;0;1;-28,019663;-52,886488;SPRF-RS;DEL08/RS;UOP01-DEL08-RS
762642;03/04/2026;sexta-feira;14:30:00;PE;101;46,5;IGARASSU;Entrada inopinada do pedestre;Atropelamento de Pedestre;Com Vítimas Feridas;Pleno dia;Crescente;Céu Claro;Múltipla;Reta;Sim;3;0;0;1;1;1;0;2;-7,878292;-34,90554;SPRF-PE;DEL01/PE;UOP02-DEL01-PE
762643;03/04/2026;sexta-feira;13:00:00;RJ;116;202;QUEIMADOS;Mal súbito do condutor;Colisão com objeto;Com Vítimas Feridas;Pleno dia;Crescente;Céu Claro;Dupla;Reta;Não;2;0;1;0;1;1;0;2;-22,736031;-43,618483;SPRF-RJ;DEL06/RJ;UOP02-DEL06-RJ
762644;21/03/2026;sábado;09:30:00;GO;40;11;LUZIANIA;Manobra de mudança de faixa;Colisão traseira;Com Vítimas Feridas;Pleno dia;Crescente;Céu Claro;Dupla;Reta;Não;3;0;1;0;1;2;0;3;-16,14205;-47,948455;SPRF-DF;DEL01-DF;UOP01-DEL01-DF
762645;03/04/2026;sexta-feira;15:10:00;ES;101;283,2;CARIACICA;Transitar na contramão;Colisão frontal;Com Vítimas Feridas;Pleno dia;Decrescente;Sol;Múltipla;Interseção de Vias;Não;2;0;0;1;1;1;0;2;-20,23270061;-40,36805289;SPRF-ES;DEL01-ES;UOP01-DEL01-ES
762646;03/04/2026;sexta-feira;12:00:00;PI;135;305;CRISTINO CASTRO;Transitar na contramão;Saída de leito carroçável;Com Vítimas Fatais;Pleno dia;Decrescente;Nublado;Simples;"Aclive;Reta";Não;5;1;0;0;0;4;0;2;-8,748827;-44,15199;SPRF-PI;DEL03-PI;UOP02-DEL03-PI
762647;03/04/2026;sexta-feira;14:30:00;AL;101;86;RIO LARGO;Condutor usando celular;Saída de leito carroçável;Com Vítimas Feridas;Pleno dia;Crescente;Céu Claro;Dupla;Curva;Não;2;0;2;0;2;0;0;1;-9,481429;-35,886934;SPRF-AL;DEL01-AL;UOP01-DEL01-AL
762648;03/04/2026;sexta-feira;13:55:00;CE;222;263;COREAU;Condutor Dormindo;Colisão frontal;Com Vítimas Feridas;Pleno dia;Decrescente;Céu Claro;Simples;Reta;Não;10;0;1;0;1;9;0;2;-3,748577;-40,68373;SPRF-CE;DEL04/CE;UOP02-DEL04-CE
762649;03/04/2026;sexta-feira;09:00:00;PR;476;110;COLOMBO;Velocidade Incompatível;Queda de ocupante de veículo;Com Vítimas Feridas;Pleno dia;Decrescente;Céu Claro;Simples;Curva;Não;1;0;0;1;1;0;0;1;-25,31513186;-49,15274263;SPRF-PR;DEL01/PR;UOP01-DEL01-PR
762650;03/04/2026;sexta-feira;14:55:00;RJ;101;320;NITEROI;Acumulo de óleo sobre o pavimento;Tombamento;Com Vítimas Feridas;Pleno dia;Crescente;Céu Claro;Dupla;"Curva;Viaduto";Sim;1;0;1;0;1;0;0;1;-22,8638873;-43,1072656;SPRF-RJ;DEL02/RJ;UOP01-DEL02-RJ
762651;03/04/2026;sexta-feira;14:40:00;SC;282;35,2;AGUAS MORNAS;Ausência de reação do condutor;Tombamento;Com Vítimas Feridas;Pleno dia;Crescente;Céu Claro;Simples;Curva;Não;1;0;1;0;1;0;0;1;-27,70452078;-48,83688323;SPRF-SC;DEL01/SC;UOP03-DEL01-SC
762653;31/03/2026;terça-feira;09:00:00;RJ;40;99;DUQUE DE CAXIAS;Demais falhas mecânicas ou elétricas;Incêndio;Sem Vítimas;Pleno dia;Decrescente;Céu Claro;Dupla;"Reta;Aclive";Não;1;0;0;0;0;0;1;1;-22,59095252;-43,2735157;SPRF-RJ;DEL01/RJ;UOP01-DEL01-RJ