id;data_inversa;dia_semana;horario;uf;br;km;municipio;causa_acidente;tipo_acidente;classificacao_acidente;fase_dia;sentido_via;condicao_metereologica;tipo_pista;tracado_via;uso_solo;pessoas;mortos;feridos_leves;feridos_graves;feridos;ilesos;ignorados;veiculos;latitude;longitude;regional;delegacia;uop
762654;31/03/2026;terça-feira;07:30:00;RJ;40;84;PETROPOLIS;Pista Escorregadia;Queda de ocupante de veículo;Com Vítimas Feridas;Pleno dia;Decrescente;Céu Claro;Dupla;Curva;Não;1;0;1;0;1;0;0;1;-22,54575566;-43,22688818;SPRF-RJ;DEL01/RJ;UOP01-DEL01-RJ
762655;03/04/2026;sexta-feira;15:10:00;RJ;101;320;NITEROI;Acumulo de óleo sobre o pavimento;Queda de ocupante de veículo;Com Vítimas Feridas;Pleno dia;Crescente;Nublado;Dupla;Curva;Sim;2;0;2;0;2;0;0;1;-22,86425455;-43,10765755;SPRF-RJ;DEL02/RJ;UOP01-DEL02-RJ
762656;03/04/2026;sexta-feira;16:00:00;MG;381;732,5;TRES CORACOES;Velocidade Incompatível;Capotamento;Com Vítimas Feridas;Pleno dia;Decrescente;Nublado;Dupla;Curva;Não;3;0;2;0;2;1;0;1;-21,55413799;-45,24499427;SPRF-MG;DEL16/MG;UOP02-DEL16-MG
762657;03/04/2026;sexta-feira;16:00:00;SC;116;12;MAFRA;Desrespeitar a preferência no cruzamento;Colisão transversal;Com Vítimas Feridas;Pleno dia;Decrescente;Céu Claro;Simples;Reta;Não;6;0;1;0;1;5;0;2;-26,1799109;-49,8711429;SPRF-SC;DEL06/SC;UOP01-DEL06-SC
762658;03/04/2026;sexta-feira;16:00:00;RS;392;49,9;RIO GRANDE;Acessar a via sem observar a presença dos outros veículos;Atropelamento de Pedestre;Com Vítimas Fatais;Pleno dia;Crescente;Céu Claro;Dupla;Reta;Não;3;1;1;0;1;0;0;2;-31,87213662;-52,32211947;SPRF-RS;DEL07/RS;UOP02-DEL07-RS
762659;14/03/2026;sábado;09:40:00;PR;163;260;TOLEDO;Frear bruscamente;Colisão lateral mesmo sentido;Sem Vítimas;Pleno dia;Decrescente;Céu Claro;Dupla;Reta;Não;3;0;0;0;0;3;0;2;-24,63338841;-53,87382952;SPRF-PR;DEL06/PR;UOP02-DEL06-PR
762661;03/04/2026;sexta-feira;17:00:00;MG;40;511,7;RIBEIRAO DAS NEVES;Acumulo de óleo sobre o pavimento;Tombamento;Com Vítimas Feridas;Pleno dia;Decrescente;Céu Claro;Dupla;Curva;Sim;2;0;1;0;1;1;0;1;-19,782493;-44,116447;SPRF-MG;DEL01/MG;UOP02-DEL01-MG
762662;03/04/2026;sexta-feira;17:00:00;RJ;40;97;DUQUE DE CAXIAS;Pista Escorregadia;Saída de leito carroçável;Sem Vítimas;Pleno dia;Decrescente;Garoa/Chuvisco;Dupla;Reta;Não;2;0;0;0;0;2;0;1;-22,59887679;-43,28021049;SPRF-RJ;DEL01/RJ;UOP01-DEL01-RJ
762663;03/04/2026;sexta-feira;18:15:00;SP;116;213;GUARULHOS;Manobra de mudança de faixa;Colisão lateral mesmo sentido;Com Vítimas Feridas;Anoitecer;Crescente;Céu Claro;Dupla;Aclive;Sim;8;0;2;0;2;6;0;6;-23,44047061;-46,43991709;SPRF-SP;DEL01/SP;UOP01-DEL01-SP
762665;03/04/2026;sexta-feira;18:10:00;RJ;101;502;ANGRA DOS REIS;Acessar a via sem observar a presença dos outros veículos;Colisão transversal;Com Vítimas Feridas;Plena Noite;Decrescente;Chuva;Simples;Reta;Não;5;0;5;0;5;0;0;2;-22,93008212;-44,37819421;SPRF-RJ;DEL03/RJ;UOP03-DEL03-RJ
762667;03/04/2026;sexta-feira;17:20:00;PR;376;626;SAO JOSE DOS PINHAIS;Ausência de reação do condutor;Colisão transversal;Sem Vítimas;Amanhecer;Decrescente;Céu Claro;Dupla;Reta;Não;2;0;0;0;0;2;0;2;-25,674878;-49,151442;SPRF-PR;DEL01/PR;UOP04-DEL01-PR
762668;03/04/2026;sexta-feira;18:10:00;PE;232;127;CARUARU;Ingestão de álcool pelo condutor;Colisão lateral sentido oposto;Sem Vítimas;Plena Noite;Crescente;Céu Claro;Simples;"Curva;Interseção de Vias";Não;2;0;0;0;0;2;0;2;-8,30476;-35,96651;SPRF-PE;DEL02/PE;UOP03-DEL02-PE
762669;03/04/2026;sexta-feira;18:20:00;RJ;116;171;SAO JOAO DE MERITI;Ausência de reação do condutor;Colisão traseira;Sem Vítimas;Plena Noite;Decrescente;Nublado;Múltipla;Reta;Sim;2;0;0;0;0;2;0;2;-22,80331231;-43,34835704;SPRF-RJ;DEL06/RJ;UOP01-DEL06-RJ
762670;03/04/2026;sexta-feira;18:40:00;PR;277;76;SAO JOSE DOS PINHAIS;Ingestão de álcool pelo condutor;Colisão traseira;Com Vítimas Feridas;Plena Noite;Crescente;Céu Claro;Múltipla;Reta;Sim;2;0;1;0;1;1;0;2;-25,49355827;-49,17060435;SPRF-PR;DEL01/PR;UOP08-DEL01-PR
762673;03/04/2026;sexta-feira;17:40:00;PR;376;625;SAO JOSE DOS PINHAIS;Reação tardia ou ineficiente do condutor;Colisão traseira;Sem Vítimas;Plena Noite;Decrescente;Chuva;Dupla;Reta;Não;2;0;0;0;0;2;0;2;-25,66876419;-49,15220547;SPRF-PR;DEL01/PR;UOP04-DEL01-PR
762674;03/04/2026;sexta-feira;18:00:00;RJ;465;13;SEROPEDICA;Ausência de reação do condutor;Atropelamento de Animal;Sem Vítimas;Plena Noite;Decrescente;Chuva;Simples;Reta;Não;1;0;0;0;0;0;1;1;-22,79719998;-43,64618953;SPRF-RJ;DEL06/RJ;UOP02-DEL06-RJ
762676;03/04/2026;sexta-feira;18:15:00;SC;116;259,6;CAPAO ALTO;Reação tardia ou ineficiente do condutor;Tombamento;Com Vítimas Feridas;Anoitecer;Decrescente;Nublado;Simples;"Reta;Declive";Não;2;0;2;0;2;0;0;1;-27,90162;-50,43445;SPRF-SC;DEL05/SC;UOP02-DEL05-SC
762678;03/04/2026;sexta-feira;18:46:00;RN;226;2,3;NATAL;Transitar na contramão;Colisão frontal;Com Vítimas Feridas;Plena Noite;Decrescente;Céu Claro;Simples;Reta;Sim;5;0;3;0;3;2;0;4;-5,816396;-35,24923;SPRF-RN;DEL01-RN;UOP02-DEL01-RN
762679;03/04/2026;sexta-feira;19:10:00;SP;116;223;GUARULHOS;Ausência de reação do condutor;Colisão traseira;Com Vítimas Feridas;Plena Noite;Crescente;Céu Claro;Múltipla;Reta;Sim;2;0;1;0;1;0;0;2;-23,47668945;-46,52686357;SPRF-SP;DEL01/SP;UOP01-DEL01-SP
762681;03/04/2026;sexta-feira;18:50:00;SP;153;114,5;JOSE BONIFACIO;Conversão proibida;Colisão traseira;Com Vítimas Feridas;Plena Noite;Crescente;Céu Claro;Simples;Reta;Não;3;0;1;0;1;2;0;2;-21,125226;-49,692803;SPRF-SP;DEL09/SP;UOP01-DEL09-SP
762682;03/04/2026;sexta-feira;19:20:00;MG;381;380,9;BARAO DE COCAIS;Acessar a via sem observar a presença dos outros veículos;Colisão transversal;Com Vítimas Feridas;Plena Noite;Decrescente;Céu Claro;Simples;Reta;Sim;3;0;2;0;2;1;0;2;-19,80547003;-43,41384888;SPRF-MG;DEL01/MG;UOP01-DEL01-MG
762683;03/04/2026;sexta-feira;18:20:00;RJ;101;312;SAO GONCALO;Reação tardia ou ineficiente do condutor;Colisão lateral mesmo sentido;Com Vítimas Feridas;Plena Noite;Crescente;Céu Claro;Dupla;Reta;Sim;2;0;1;0;1;1;0;2;-22,80909893;-43,06812286;SPRF-RJ;DEL02/RJ;UOP02-DEL02-RJ
762684;03/04/2026;sexta-feira;19:49:00;TO;10;464;PALMAS;Transitar no Acostamento;Colisão traseira;Com Vítimas Feridas;Plena Noite;Decrescente;Céu Claro;Múltipla;Reta;Sim;2;0;1;0;1;1;0;2;-10,23218017;-48,31179857;SPRF-TO;DEL01-TO;UOP03-DEL01-TO
762685;03/04/2026;sexta-feira;18:40:00;PR;163;216;CASCAVEL;Manobra de mudança de faixa;Colisão lateral mesmo sentido;Com Vítimas Feridas;Plena Noite;Decrescente;Céu Claro;Dupla;Reta;Não;3;0;2;0;2;1;0;2;-24,87955201;-53,56067274;SPRF-PR;DEL04/PR;UOP01-DEL04-PR
762688;03/04/2026;sexta-feira;17:00:00;MG;381;675;PERDOES;Reação tardia ou ineficiente do condutor;Capotamento;Sem Vítimas;Pleno dia;Crescente;Chuva;Dupla;Curva;Não;1;0;0;0;0;0;1;1;-21,07448169;-45,05284756;SPRF-MG;DEL04/MG;UOP02-DEL04-MG
762690;03/04/2026;sexta-feira;20:35:00;RS;116;262;CANOAS;Ausência de reação do condutor;Tombamento;Com Vítimas Feridas;Plena Noite;Decrescente;Céu Claro;Dupla;Reta;Sim;1;0;1;0;1;0;0;1;-29,89131073;-51,17764235;SPRF-RS;DEL01/RS;UOP01-DEL01-RS
762691;03/04/2026;sexta-feira;18:40:00;AL;101;80;RIO LARGO;Ausência de reação do condutor;Queda de ocupante de veículo;Com Vítimas Feridas;Plena Noite;Crescente;Nublado;Simples;Declive;Não;1;0;0;1;1;0;0;1;-9,4428484;-35,83570417;SPRF-AL;DEL01-AL;UOP01-DEL01-AL
762692;03/04/2026;sexta-feira;19:00:00;SE;101;13;CEDRO DE SAO JOAO;Reação tardia ou ineficiente do condutor;Queda de ocupante de veículo;Com Vítimas Feridas;Plena Noite;Decrescente;Céu Claro;Dupla;Reta;Não;1;0;1;0;1;0;0;1;-10,307918;-36,89003;SPRF-SE;DEL02-SE;UOP02-DEL02-SE
762693;03/04/2026;sexta-feira;21:00:00;CE;222;23;CAUCAIA;Ausência de reação do condutor;Queda de ocupante de veículo;Com Vítimas Feridas;Plena Noite;Decrescente;Nublado;Dupla;Reta;Não;2;0;0;1;1;1;0;1;-3,73112867;-38,76451347;SPRF-CE;DEL01/CE;UOP01-DEL01-CE
762694;03/04/2026;sexta-feira;20:58:00;SC;101;211,3;PALHOCA;Reação tardia ou ineficiente do condutor;Colisão com objeto;Com Vítimas Feridas;Plena Noite;Crescente;Céu Claro;Múltipla;Reta;Sim;1;0;0;1;1;0;0;1;-27,624782;-48,65383;SPRF-SC;DEL01/SC;UOP02-DEL01-SC
762696;03/04/2026;sexta-feira;19:40:00;GO;60;376;RIO VERDE;Reação tardia ou ineficiente do condutor;Queda de ocupante de veículo;Com Vítimas Feridas;Plena Noite;Decrescente;Céu Claro;Dupla;Reta;Não;1;0;0;1;1;0;0;1;-17,75161829;-50,87722488;SPRF-GO;DEL04/GO;UOP02-DEL04-GO
762698;03/04/2026;sexta-feira;18:35:00;RJ;101;412;ITAGUAI;Acessar a via sem observar a presença dos outros veículos;Colisão transversal;Com Vítimas Feridas;Plena Noite;Decrescente;Chuva;Dupla;"Reta;Retorno Regulamentado";Não;1;0;0;1;1;0;0;1;-22,85895844;-43,75931824;SPRF-RJ;DEL03/RJ;UOP01-DEL03-RJ
762699;03/04/2026;sexta-feira;18:50:00;RJ;101;434;MANGARATIBA;Chuva;Colisão lateral sentido oposto;Com Vítimas Feridas;Plena Noite;Crescente;Chuva;Simples;"Curva;Declive";Não;3;0;1;0;1;2;0;3;-22,93750567;-44,04705875;SPRF-RJ;DEL03/RJ;UOP02-DEL03-RJ
762700;30/03/2026;segunda-feira;00:10:00;ES;101;146;LINHARES;Ingestão de álcool pelo condutor;Colisão com objeto;Sem Vítimas;Plena Noite;Crescente;Céu Claro;Múltipla;"Reta;Interseção de Vias";Sim;2;0;0;0;0;1;0;2;-19,3786265;-40,06691591;SPRF-ES;DEL04-ES;UOP01-DEL04-ES
762701;03/04/2026;sexta-feira;21:56:00;DF;60;2,6;BRASILIA;Avarias e/ou desgaste excessivo no pneu;Saída de leito carroçável;Com Vítimas Feridas;Plena Noite;Decrescente;Nublado;Dupla;Reta;Sim;1;0;1;0;1;0;0;1;-15,88868;-48,081009;SPRF-DF;DEL03-DF;UOP01-DEL03-DF
762702;03/04/2026;sexta-feira;18:30:00;MA;226;345;JENIPAPO DOS VIEIRAS;Reação tardia ou ineficiente do condutor;Colisão traseira;Com Vítimas Feridas;Anoitecer;Crescente;Céu Claro;Simples;Reta;Não;3;0;0;2;2;1;0;2;-5,54354627;-45,61248779;SPRF-MA;DEL06-MA;UOP01-DEL06-MA
762703;03/04/2026;sexta-feira;20:45:00;RJ;40;120;DUQUE DE CAXIAS;Conversão proibida;Colisão traseira;Com Vítimas Feridas;Plena Noite;Crescente;Garoa/Chuvisco;Múltipla;Reta;Sim;3;0;1;0;1;2;0;3;-22,77679482;-43,28630447;SPRF-RJ;DEL01/RJ;UOP02-DEL01-RJ
762704;03/04/2026;sexta-feira;18:40:00;RO;364;345;JI-PARANA;Acessar a via sem observar a presença dos outros veículos;Colisão transversal;Com Vítimas Feridas;Plena Noite;Crescente;Céu Claro;Dupla;Reta;Sim;5;0;3;0;3;2;0;3;-10,82687685;-62,01389185;SPRF-RO;DEL02-RO;UOP01-DEL02-RO
762705;03/04/2026;sexta-feira;21:40:00;PR;277;527,4;GUARANIACU;Ingestão de álcool pelo condutor;Saída de leito carroçável;Com Vítimas Feridas;Plena Noite;Crescente;Céu Claro;Simples;"Reta;Declive";Não;4;0;1;1;2;0;0;2;-25,0957368;-52,9128733;SPRF-PR;DEL04/PR;UOP04-DEL04-PR
762706;03/04/2026;sexta-feira;21:50:00;SC;101;154,4;PORTO BELO;Manobra de mudança de faixa;Colisão lateral mesmo sentido;Com Vítimas Feridas;Plena Noite;Decrescente;Céu Claro;Dupla;Reta;Sim;3;0;2;0;2;1;0;2;-27,15792;-48,61086;SPRF-SC;DEL04/SC;UOP03-DEL04-SC
762707;03/04/2026;sexta-feira;21:00:00;RS;116;304,8;GUAIBA;Ausência de reação do condutor;Colisão traseira;Sem Vítimas;Plena Noite;Crescente;Nublado;Simples;Reta;Não;2;0;0;0;0;2;0;2;-30,15222155;-51,36855588;SPRF-RS;DEL02/RS;UOP01-DEL02-RS
762709;03/04/2026;sexta-feira;23:00:00;MG;262;369;JUATUBA;Ingestão de álcool pelo condutor;Saída de leito carroçável;Com Vítimas Feridas;Plena Noite;Decrescente;Chuva;Dupla;Reta;Sim;2;0;2;0;2;0;0;1;-19,94561669;-44,38264132;SPRF-MG;DEL01/MG;UOP03-DEL01-MG
762710;03/04/2026;sexta-feira;21:30:00;MG;153;241,4;FRONTEIRA;Reação tardia ou ineficiente do condutor;Colisão lateral mesmo sentido;Com Vítimas Feridas;Plena Noite;Crescente;Nublado;Simples;Reta;Não;2;0;2;0;2;0;0;2;-20,26329825;-49,18004266;SPRF-MG;DEL13/MG;UOP02-DEL13-MG
762712;04/04/2026;sábado;00:02:00;PB;101;85,5;BAYEUX;Reação tardia ou ineficiente do condutor;Saída de leito carroçável;Com Vítimas Feridas;Plena Noite;Decrescente;Céu Claro;Dupla;Reta;Não;1;0;0;1;1;0;0;1;-7,147766;-34,913799;SPRF-PB;DEL01-PB;UOP01-DEL01-PB
762713;03/04/2026;sexta-feira;21:10:00;MT;163;772;SORRISO;Reação tardia ou ineficiente do condutor;Saída de leito carroçável;Sem Vítimas;Plena Noite;Decrescente;Nublado;Dupla;"Declive;Reta";Não;1;0;0;0;0;1;0;1;-12,40102012;-55,62314335;SPRF-MT;DEL06/MT;UOP01-DEL06-MT
762714;04/04/2026;sábado;00:10:00;SC;280;27,9;ARAQUARI;Ingestão de álcool pelo condutor;Colisão traseira;Com Vítimas Feridas;Plena Noite;Decrescente;Céu Claro;Simples;Curva;Não;3;0;0;1;1;1;0;3;-26,40458243;-48,7455304;SPRF-SC;DEL03/SC;UOP03-DEL03-SC
762715;03/04/2026;sexta-feira;23:55:00;PI;316;16;TERESINA;Ausência de reação do condutor;Saída de leito carroçável;Com Vítimas Feridas;Plena Noite;Decrescente;Garoa/Chuvisco;Dupla;Reta;Sim;21;0;18;3;21;0;0;1;-5,23305039;-42,72816469;SPRF-PI;DEL01-PI;UOP02-DEL01-PI
762716;04/04/2026;sábado;01:10:00;SP;116;444,2;REGISTRO;Ausência de reação do condutor;Tombamento;Com Vítimas Feridas;Plena Noite;Crescente;Céu Claro;Múltipla;Reta;Sim;1;0;1;0;1;0;0;1;-24,49225494;-47,8373158;SPRF-SP;DEL05/SP;UOP01-DEL05-SP
762717;04/04/2026;sábado;01:45:00;MG;381;497;BETIM;Ingestão de álcool pelo condutor;Tombamento;Com Vítimas Feridas;Plena Noite;Decrescente;Céu Claro;Dupla;Curva;Sim;2;0;2;0;2;0;0;1;-19,97709;-44,1998;SPRF-MG;DEL01/MG;UOP03-DEL01-MG
762720;04/04/2026;sábado;01:30:00;RJ;116;183;NOVA IGUACU;Ingestão de álcool pelo condutor;Colisão traseira;Sem Vítimas;Plena Noite;Decrescente;Nublado;Múltipla;Reta;Sim;4;0;0;0;0;4;0;3;-22,7515107;-43,4392851;SPRF-RJ;DEL06/RJ;UOP01-DEL06-RJ
762721;04/04/2026;sábado;00:20:00;PR;277;600,4;CASCAVEL;Ingestão de álcool pelo condutor;Colisão traseira;Sem Vítimas;Plena Noite;Crescente;Nublado;Dupla;Reta;Sim;2;0;0;0;0;2;0;2;-25,00289837;-53,52393351;SPRF-PR;DEL04/PR;UOP01-DEL04-PR
762722;04/04/2026;sábado;02:00:00;SC;101;204;SAO JOSE;Reação tardia ou ineficiente do condutor;Saída de leito carroçável;Com Vítimas Feridas;Plena Noite;Decrescente;Nublado;Múltipla;Reta;Sim;1;0;1;0;1;0;0;1;-27,568;-48,614;SPRF-SC;DEL01/SC;UOP01-DEL01-SC
762723;04/04/2026;sábado;01:05:00;RJ;116;147;DUQUE DE CAXIAS;Chuva;Colisão transversal;Com Vítimas Feridas;Plena Noite;Decrescente;Nublado;Dupla;Reta;Sim;3;0;1;0;1;1;0;3;-22,66975322;-43,27232141;SPRF-RJ;DEL01/RJ;UOP02-DEL01-RJ
762724;04/04/2026;sábado;01:50:00;PR;277;73,1;SAO JOSE DOS PINHAIS;Ingestão de álcool pelo condutor;Colisão traseira;Com Vítimas Feridas;Plena Noite;Crescente;Céu Claro;Dupla;Reta;Não;3;0;2;0;2;1;0;2;-25,50046685;-49,15270178;SPRF-PR;DEL01/PR;UOP08-DEL01-PR
762725;04/04/2026;sábado;01:30:00;SP;381;86;SAO PAULO;Ausência de reação do condutor;Colisão com objeto;Com Vítimas Feridas;Pleno dia;Crescente;Céu Claro;Múltipla;Reta;Sim;1;0;1;0;1;0;0;1;-23,44761035;-46,56941158;SPRF-SP;DEL03/SP;UOP01-DEL03-SP
762726;04/04/2026;sábado;02:40:00;RS;290;89;PORTO ALEGRE;Ausência de reação do condutor;Colisão traseira;Com Vítimas Feridas;Plena Noite;Decrescente;Céu Claro;Múltipla;Reta;Não;6;0;3;0;3;3;0;2;-29,9681768;-51,15414847;SPRF-RS;DEL01/RS;UOP01-DEL01-RS
762727;04/04/2026;sábado;02:45:00;GO;153;433,8;ANAPOLIS;Condutor Dormindo;Saída de leito carroçável;Sem Vítimas;Plena Noite;Crescente;Céu Claro;Dupla;Reta;Sim;1;0;0;0;0;0;1;1;-16,283924;-48,95245;SPRF-GO;DEL02/GO;UOP01-DEL02-GO
762728;04/04/2026;sábado;03:02:00;SC;101;206,6;SAO JOSE;Reação tardia ou ineficiente do condutor;Colisão traseira;Sem Vítimas;Plena Noite;Crescente;Céu Claro;Múltipla;Curva;Sim;2;0;0;0;0;2;0;2;-27,600018;-48,62256;SPRF-SC;DEL01/SC;UOP01-DEL01-SC
762729;04/04/2026;sábado;02:46:00;RJ;40;120;DUQUE DE CAXIAS;Condutor Dormindo;Colisão com objeto;Com Vítimas Feridas;Plena Noite;Crescente;Céu Claro;Dupla;Reta;Não;3;0;2;0;2;1;0;1;-22,6306237;-43,284879;SPRF-RJ;DEL01/RJ;UOP02-DEL01-RJ
762730;04/04/2026;sábado;02:20:00;RS;392;6,9;RIO GRANDE;Ingestão de álcool pelo condutor;Colisão com objeto;Sem Vítimas;Plena Noite;Decrescente;Nublado;Simples;Reta;Sim;1;0;0;0;0;0;1;1;-32,0920133;-52,1084567;SPRF-RS;DEL07/RS;UOP02-DEL07-RS
762732;04/04/2026;sábado;04:12:00;RJ;116;192;NOVA IGUACU;Acesso irregular;Atropelamento de Pedestre;Sem Vítimas;Plena Noite;Crescente;Nublado;Dupla;"Reta;Em Obras";Não;2;0;0;0;0;0;1;2;-22,74121443;-43,52240324;SPRF-RJ;DEL06/RJ;UOP01-DEL06-RJ
762733;04/04/2026;sábado;04:15:00;ES;101;245,6;SERRA;Reação tardia ou ineficiente do condutor;Colisão com objeto;Com Vítimas Feridas;Plena Noite;Crescente;Céu Claro;Múltipla;"Declive;Reta";Não;2;0;1;0;1;1;0;1;-20,059281;-40,378296;SPRF-ES;DEL02-ES;UOP01-DEL02-ES
762734;04/04/2026;sábado;04:30:00;RJ;101;408;ITAGUAI;Ausência de reação do condutor;Queda de ocupante de veículo;Com Vítimas Fatais;Pleno dia;Crescente;Céu Claro;Dupla;"Reta;Viaduto";Não;2;1;0;1;1;0;0;1;-22,8795602;-43,8237337;SPRF-RJ;DEL03/RJ;UOP01-DEL03-RJ
762735;04/04/2026;sábado;05:00:00;MG;40;513;RIBEIRAO DAS NEVES;Velocidade Incompatível;Colisão lateral mesmo sentido;Com Vítimas Feridas;Amanhecer;Crescente;Nublado;Dupla;Curva;Não;2;0;1;0;1;1;0;2;-19,7973704;-44,10804776;SPRF-MG;DEL01/MG;UOP02-DEL01-MG
762736;04/04/2026;sábado;05:00:00;SC;282;499;XANXERE;Ingestão de álcool pelo condutor;Capotamento;Sem Vítimas;Plena Noite;Crescente;Céu Claro;Dupla;"Declive;Reta";Não;1;0;0;0;0;1;0;1;-26,88105918;-52,36675501;SPRF-SC;DEL07/SC;UOP01-DEL07-SC
762743;04/04/2026;sábado;02:00:00;MG;116;528;CARATINGA;Ingestão de álcool pelo condutor;Colisão lateral mesmo sentido;Com Vítimas Feridas;Plena Noite;Decrescente;Céu Claro;Simples;Reta;Não;3;0;3;0;3;0;0;2;-19,79759659;-42,1379913;SPRF-MG;DEL06/MG;UOP02-DEL06-MG
762746;03/04/2026;sexta-feira;16:02:00;BA;110;203;CIPO;Ingestão de álcool pelo condutor;Queda de ocupante de veículo;Com Vítimas Feridas;Pleno dia;Decrescente;Céu Claro;Simples;Reta;Não;1;0;1;0;1;0;0;1;-11,086736;-38,508402;SPRF-BA;DEL07/BA;UOP02-DEL07-BA
762747;04/04/2026;sábado;02:40:00;PR;277;2;PARANAGUA;Ausência de reação do condutor;Queda de ocupante de veículo;Sem Vítimas;Plena Noite;Crescente;Céu Claro;Dupla;Reta;Sim;1;0;0;0;0;0;1;1;-25,54602892;-48,54403734;SPRF-PR;DEL01/PR;UOP05-DEL01-PR
762750;04/04/2026;sábado;07:20:00;SC;470;13;NAVEGANTES;Ausência de reação do condutor;Capotamento;Com Vítimas Feridas;Pleno dia;Crescente;Nevoeiro/Neblina;Dupla;Curva;Não;3;0;2;0;2;1;0;1;-26,83858305;-48,76559538;SPRF-SC;DEL04/SC;UOP04-DEL04-SC
762752;03/04/2026;sexta-feira;23:25:00;SC;282;571,6;NOVA ERECHIM;Condutor Dormindo;Colisão traseira;Sem Vítimas;Plena Noite;Decrescente;Céu Claro;Simples;Reta;Não;4;0;0;0;0;4;0;2;-26,89178848;-52,93091965;SPRF-SC;DEL07/SC;UOP02-DEL07-SC
762754;04/04/2026;sábado;08:00:00;PR;163;250,3;TOLEDO;Ausência de reação do condutor;Tombamento;Com Vítimas Feridas;Pleno dia;Crescente;Céu Claro;Dupla;Reta;Não;1;0;1;0;1;0;0;1;-24,68037;-53,78348;SPRF-PR;DEL06/PR;UOP02-DEL06-PR
762755;04/04/2026;sábado;08:30:00;ES;101;281;SERRA;Condutor deixou de manter distância do veículo da frente;Colisão traseira;Com Vítimas Feridas;Pleno dia;Crescente;Céu Claro;Dupla;Reta;Não;2;0;1;0;1;1;0;2;-20,220451;-40,356582;SPRF-ES;DEL02-ES;UOP01-DEL02-ES
762757;03/04/2026;sexta-feira;06:00:00;MG;50;180;UBERABA;Condutor Dormindo;Colisão lateral mesmo sentido;Com Vítimas Feridas;Pleno dia;Crescente;Céu Claro;Dupla;Reta;Sim;2;0;1;0;1;1;0;2;-19,780684;-47,9200811;SPRF-MG;DEL13/MG;UOP01-DEL13-MG
762758;04/04/2026;sábado;08:00:00;PR;116;12;COLOMBO;Demais Fenômenos da natureza;Colisão com objeto;Com Vítimas Feridas;Pleno dia;Decrescente;Sol;Dupla;Reta;Não;1;0;1;0;1;0;0;1;-25,37854;-49,156672;SPRF-PR;DEL01/PR;UOP02-DEL01-PR
762759;04/04/2026;sábado;09:00:00;PA;230;121;MARABA;Reação tardia ou ineficiente do condutor;Colisão traseira;Com Vítimas Feridas;Pleno dia;Crescente;Sol;Dupla;Reta;Sim;2;0;1;0;1;1;0;2;-5,36195;-49,124238;SPRF-PA;DEL03/PA;UOP01-DEL03-PA
762760;04/04/2026;sábado;08:10:00;SC;101;257,7;PAULO LOPES;Condutor deixou de manter distância do veículo da frente;Colisão traseira;Com Vítimas Feridas;Pleno dia;Crescente;Céu Claro;Dupla;"Túnel;Curva";Não;4;0;1;0;1;3;0;2;-28,00468736;-48,69431846;SPRF-SC;DEL02/SC;UOP03-DEL02-SC
762762;04/04/2026;sábado;08:10:00;PR;376;651,5;TIJUCAS DO SUL;Ausência de reação do condutor;Colisão com objeto;Com Vítimas Feridas;Pleno dia;Crescente;Céu Claro;Dupla;Curva;Não;1;0;1;0;1;0;0;1;-25,84611634;-49,06781523;SPRF-PR;DEL01/PR;UOP04-DEL01-PR
762763;03/04/2026;sexta-feira;02:00:00;PR;476;236;LAPA;Velocidade Incompatível;Tombamento;Com Vítimas Feridas;Plena Noite;Decrescente;Céu Claro;Simples;Curva;Não;4;0;2;0;2;2;0;1;-25,78026363;-49,83866912;SPRF-PR;DEL02/PR;UOP03-DEL02-PR
762764;04/04/2026;sábado;09:00:00;SP;116;101,9;PINDAMONHANGABA;Reação tardia ou ineficiente do condutor;Colisão traseira;Com Vítimas Feridas;Pleno dia;Decrescente;Céu Claro;Dupla;Reta;Não;4;0;2;0;2;2;0;3;-22,99781708;-45,49453229;SPRF-SP;DEL08/SP;UOP01-DEL08-SP
762765;27/03/2026;sexta-feira;18:29:00;SC;280;52;GUARAMIRIM;Acessar a via sem observar a presença dos outros veículos;Colisão transversal;Com Vítimas Feridas;Plena Noite;Decrescente;Céu Claro;Dupla;"Rotatória;Interseção de Vias;Reta";Sim;2;0;1;0;1;1;0;2;-26,47146094;-48,97114841;SPRF-SC;DEL03/SC;UOP03-DEL03-SC
762766;04/04/2026;sábado;09:11:00;MA;226;299,2;BARRA DO CORDA;Acessar a via sem observar a presença dos outros veículos;Colisão transversal;Com Vítimas Feridas;Pleno dia;Crescente;Céu Claro;Simples;"Reta;Declive";Sim;2;0;0;1;1;1;0;2;-5,4993;-45,242752;SPRF-MA;DEL06-MA;UOP01-DEL06-MA
762767;04/04/2026;sábado;08:20:00;BA;101;912;NOVA VICOSA;Ultrapassagem Indevida;Colisão frontal;Com Vítimas Feridas;Pleno dia;Decrescente;Céu Claro;Simples;Curva;Não;3;0;0;2;2;0;0;2;-17,81537845;-39,79179382;SPRF-BA;DEL09/BA;UOP02-DEL09-BA
762769;04/04/2026;sábado;10:00:00;SC;280;27,9;ARAQUARI;Transitar no Acostamento;Colisão frontal;Com Vítimas Feridas;Pleno dia;Decrescente;Céu Claro;Simples;Reta;Não;2;0;1;0;1;1;0;2;-26,40379584;-48,74500751;SPRF-SC;DEL03/SC;UOP03-DEL03-SC
762770;03/04/2026;sexta-feira;15:00:00;BA;242;795;BARREIRAS;Reação tardia ou ineficiente do condutor;Saída de leito carroçável;Com Vítimas Feridas;Pleno dia;Crescente;Céu Claro;Simples;Reta;Não;1;0;0;1;1;0;0;1;-12,15068;-44,82047;SPRF-BA;DEL10/BA;UOP01-DEL10-BA