id;data_inversa;dia_semana;horario;uf;br;km;municipio;causa_acidente;tipo_acidente;classificacao_acidente;fase_dia;sentido_via;condicao_metereologica;tipo_pista;tracado_via;uso_solo;pessoas;mortos;feridos_leves;feridos_graves;feridos;ilesos;ignorados;veiculos;latitude;longitude;regional;delegacia;uop
762772;19/03/2026;quinta-feira;13:27:00;PR;376;3,5;APUCARANA;Acesso irregular;Colisão traseira;Com Vítimas Feridas;Pleno dia;Crescente;Céu Claro;Simples;"Aclive;Curva";Sim;2;0;0;1;1;1;0;2;-23,55232546;-51,44810933;SPRF-PR;DEL07/PR;UOP03-DEL07-PR
762773;04/04/2026;sábado;10:15:00;PR;277;38;MORRETES;Ausência de reação do condutor;Queda de ocupante de veículo;Com Vítimas Feridas;Pleno dia;Decrescente;Céu Claro;Dupla;Curva;Não;1;0;1;0;1;0;0;1;-25,57377481;-48,85610327;SPRF-PR;DEL01/PR;UOP05-DEL01-PR
762774;04/04/2026;sábado;10:00:00;PR;369;88,1;CORNELIO PROCOPIO;Ingestão de álcool pelo condutor;Saída de leito carroçável;Sem Vítimas;Pleno dia;Crescente;Sol;Simples;Curva;Não;1;0;0;0;0;1;0;1;-23,18088645;-50,63069265;SPRF-PR;DEL07/PR;UOP05-DEL07-PR
762776;04/04/2026;sábado;11:20:00;SC;101;197,5;BIGUACU;Ausência de reação do condutor;Colisão traseira;Com Vítimas Feridas;Pleno dia;Crescente;Céu Claro;Múltipla;Reta;Sim;2;0;1;0;1;1;0;2;-27,5227;-48,63715;SPRF-SC;DEL01/SC;UOP01-DEL01-SC
762777;04/04/2026;sábado;11:00:00;AP;156;472;TARTARUGALZINHO;Acessar a via sem observar a presença dos outros veículos;Colisão transversal;Com Vítimas Feridas;Pleno dia;Crescente;Nublado;Simples;Reta;Sim;2;0;1;0;1;1;0;2;1,509226;-50,912362;SPRF-AP;DEL01-AP;UOP02-DEL01-AP
762779;04/04/2026;sábado;11:45:00;SC;101;118;ITAJAI;Condutor deixou de manter distância do veículo da frente;Engavetamento;Com Vítimas Feridas;Pleno dia;Crescente;Céu Claro;Múltipla;Reta;Sim;6;0;4;0;4;1;0;4;-26,89288781;-48,72036807;SPRF-SC;DEL04/SC;UOP04-DEL04-SC
762780;04/04/2026;sábado;11:30:00;MG;50;82,8;UBERLANDIA;Transitar na contramão;Colisão frontal;Com Vítimas Fatais;Pleno dia;Crescente;Céu Claro;Dupla;Reta;Não;2;1;0;0;0;1;0;2;-18,989467;-48,211636;SPRF-MG;DEL15/MG;UOP01-DEL15-MG
762782;04/04/2026;sábado;07:15:00;SC;101;171,2;TIJUCAS;Avarias e/ou desgaste excessivo no pneu;Tombamento;Com Vítimas Feridas;Pleno dia;Crescente;Céu Claro;Dupla;Reta;Sim;2;0;2;0;2;0;0;1;-27,308031;-48,632956;SPRF-SC;DEL04/SC;UOP03-DEL04-SC
762783;18/01/2026;domingo;11:20:00;MG;40;594,6;OURO PRETO;Velocidade Incompatível;Colisão traseira;Com Vítimas Feridas;Pleno dia;Crescente;Chuva;Simples;"Curva;Declive";Não;4;0;3;0;3;0;0;3;-20,4031632;-43,897359;SPRF-MG;DEL05/MG;UOP02-DEL05-MG
762784;04/04/2026;sábado;12:30:00;SE;349;27;JAPOATA;Condutor deixou de manter distância do veículo da frente;Colisão traseira;Com Vítimas Feridas;Pleno dia;Crescente;Céu Claro;Simples;Reta;Não;2;0;1;0;1;1;0;2;-10,38329527;-36,85667932;SPRF-SE;DEL02-SE;UOP02-DEL02-SE
762786;04/04/2026;sábado;13:10:00;PE;101;68;RECIFE;Manobra de mudança de faixa;Colisão lateral mesmo sentido;Com Vítimas Feridas;Pleno dia;Decrescente;Garoa/Chuvisco;Dupla;Rotatória;Sim;3;0;1;0;1;1;0;3;-8,05193;-34,9461;SPRF-PE;DEL01/PE;UOP01-DEL01-PE
762787;04/04/2026;sábado;11:37:00;MG;116;702,4;MURIAE;Acessar a via sem observar a presença dos outros veículos;Colisão transversal;Com Vítimas Feridas;Pleno dia;Decrescente;Céu Claro;Simples;"Interseção de Vias;Rotatória";Sim;4;0;3;0;3;0;0;2;-21,125033;-42,381539;SPRF-MG;DEL07/MG;UOP02-DEL07-MG
762788;04/04/2026;sábado;12:44:00;RN;101;80,8;NATAL;Acesso irregular;Colisão transversal;Com Vítimas Feridas;Pleno dia;Decrescente;Céu Claro;Múltipla;Interseção de Vias;Sim;3;0;3;0;3;0;0;2;-5,762587;-35,287068;SPRF-RN;DEL02-RN;UOP01-DEL02-RN
762789;04/04/2026;sábado;12:20:00;PR;277;410;CANDOI;Ausência de reação do condutor;Saída de leito carroçável;Com Vítimas Feridas;Pleno dia;Decrescente;Céu Claro;Simples;"Aclive;Curva";Não;1;0;1;0;1;0;0;1;-25,43101834;-52,00767875;SPRF-PR;DEL04/PR;UOP02-DEL04-PR
762791;04/04/2026;sábado;12:48:00;SP;116;278;EMBU DAS ARTES;Pista Escorregadia;Queda de ocupante de veículo;Com Vítimas Feridas;Pleno dia;Decrescente;Céu Claro;Dupla;"Interseção de Vias;Curva";Sim;1;0;1;0;1;0;0;1;-23,63688733;-46,84033371;SPRF-SP;DEL04/SP;UOP01-DEL04-SP
762795;04/04/2026;sábado;07:15:00;AM;319;0;CANUTAMA;Acumulo de água sobre o pavimento;Saída de leito carroçável;Com Vítimas Feridas;Pleno dia;Decrescente;Chuva;Simples;Curva;Não;1;0;1;0;1;0;0;1;-8,146567;-63,769735;SPRF-AM;DEL01-AM;UOP03-DEL01-AM
762796;04/04/2026;sábado;13:50:00;BA;367;79,9;EUNAPOLIS;Ultrapassagem Indevida;Colisão frontal;Com Vítimas Fatais;Pleno dia;Decrescente;Céu Claro;Simples;Reta;Não;3;1;0;0;0;2;0;2;-16,36974;-39,54287;SPRF-BA;DEL09/BA;UOP03-DEL09-BA
762797;04/04/2026;sábado;13:50:00;SC;282;4,1;FLORIANOPOLIS;Pedestre andava na pista;Atropelamento de Pedestre;Com Vítimas Feridas;Pleno dia;Crescente;Sol;Múltipla;Reta;Sim;2;0;1;0;1;1;0;2;-27,591985;-48,605245;SPRF-SC;DEL01/SC;UOP01-DEL01-SC
762798;04/04/2026;sábado;14:00:00;MG;267;86,8;JUIZ DE FORA;Avarias e/ou desgaste excessivo no pneu;Saída de leito carroçável;Com Vítimas Feridas;Pleno dia;Decrescente;Nublado;Simples;Reta;Sim;2;0;2;0;2;0;0;1;-21,7526537;-43,28184187;SPRF-MG;DEL05/MG;UOP01-DEL05-MG
762799;04/04/2026;sábado;08:30:00;MT;174;145;MIRASSOL DOESTE;Avarias e/ou desgaste excessivo no pneu;Saída de leito carroçável;Com Vítimas Feridas;Pleno dia;Crescente;Céu Claro;Simples;Reta;Não;2;0;2;0;2;0;0;1;-15,8193416;-58,26942444;SPRF-MT;DEL03/MT;UOP01-DEL03-MT
762801;04/04/2026;sábado;14:30:00;MG;40;572;NOVA LIMA;Ausência de reação do condutor;Saída de leito carroçável;Com Vítimas Feridas;Pleno dia;Crescente;Céu Claro;Simples;Reta;Sim;1;0;0;1;1;0;0;1;-20,201442;-43,9745154;SPRF-MG;DEL01/MG;UOP02-DEL01-MG
762803;04/04/2026;sábado;14:55:00;RS;116;233;ESTANCIA VELHA;Reação tardia ou ineficiente do condutor;Colisão traseira;Com Vítimas Feridas;Pleno dia;Crescente;Céu Claro;Simples;"Reta;Aclive";Não;3;0;1;0;1;2;0;2;-29,64149533;-51,1426878;SPRF-RS;DEL01/RS;UOP02-DEL01-RS
762804;04/04/2026;sábado;14:20:00;RJ;101;65;CAMPOS DOS GOYTACAZES;Conversão proibida;Colisão transversal;Com Vítimas Feridas;Pleno dia;Decrescente;Céu Claro;Simples;Reta;Sim;2;0;1;0;1;1;0;2;-21,75404;-41,34716;SPRF-RJ;DEL08/RJ;UOP02-DEL08-RJ
762805;04/04/2026;sábado;15:00:00;SC;282;23;SANTO AMARO DA IMPERATRIZ;Acesso irregular;Colisão lateral mesmo sentido;Com Vítimas Feridas;Pleno dia;Crescente;Nublado;Simples;Reta;Sim;3;0;2;0;2;1;0;2;-27,68543251;-48,74214141;SPRF-SC;DEL01/SC;UOP02-DEL01-SC
762806;04/04/2026;sábado;13:20:00;MG;116;506,5;UBAPORANGA;Ausência de reação do condutor;Tombamento;Com Vítimas Feridas;Pleno dia;Crescente;Céu Claro;Simples;"Reta;Interseção de Vias";Não;1;0;1;0;1;0;0;1;-19,61722428;-42,1103552;SPRF-MG;DEL06/MG;UOP02-DEL06-MG
762807;04/04/2026;sábado;15:10:00;PB;230;35,7;SANTA RITA;Ausência de reação do condutor;Tombamento;Com Vítimas Feridas;Pleno dia;Crescente;Céu Claro;Simples;"Curva;Aclive";Sim;1;0;0;1;1;0;0;1;-7,12408708;-34,94651031;SPRF-PB;DEL01-PB;UOP01-DEL01-PB
762809;04/04/2026;sábado;12:15:00;CE;116;495,3;BREJO SANTO;Pista esburacada;Colisão traseira;Com Vítimas Fatais;Pleno dia;Crescente;Nublado;Simples;Reta;Não;4;1;0;0;0;2;0;4;-7,429355;-38,970796;SPRF-CE;DEL05/CE;UOP03-DEL05-CE
762811;04/04/2026;sábado;15:30:00;PR;376;661;TIJUCAS DO SUL;Demais falhas mecânicas ou elétricas;Tombamento;Com Vítimas Feridas;Pleno dia;Crescente;Céu Claro;Dupla;Reta;Não;2;0;2;0;2;0;0;1;-25,85452079;-48,99861272;SPRF-PR;DEL01/PR;UOP04-DEL01-PR
762812;04/04/2026;sábado;14:54:00;CE;222;251,9;SOBRAL;Acessar a via sem observar a presença dos outros veículos;Colisão transversal;Com Vítimas Feridas;Pleno dia;Crescente;Céu Claro;Simples;Interseção de Vias;Não;8;0;5;1;6;2;0;2;-3,75468548;-40,58361626;SPRF-CE;DEL04/CE;UOP01-DEL04-CE
762814;04/04/2026;sábado;15:30:00;PR;277;691;SAO MIGUEL DO IGUACU;Acessar a via sem observar a presença dos outros veículos;Colisão transversal;Com Vítimas Feridas;Pleno dia;Crescente;Céu Claro;Dupla;"Retorno Regulamentado;Reta";Sim;3;0;0;1;1;2;0;2;-25,36504013;-54,25704217;SPRF-PR;DEL05/PR;UOP01-DEL05-PR
762815;04/04/2026;sábado;15:40:00;RJ;101;429;RIO DE JANEIRO;Conversão proibida;Colisão transversal;Com Vítimas Feridas;Pleno dia;Crescente;Sol;Simples;Reta;Não;3;0;2;0;2;1;0;2;-22,9212;-43,791807;SPRF-RJ;DEL03/RJ;UOP02-DEL03-RJ
762816;27/03/2026;sexta-feira;15:20:00;PE;407;127;PETROLINA;Acesso irregular;Colisão transversal;Com Vítimas Feridas;Pleno dia;Decrescente;Ignorado;Dupla;Interseção de Vias;Sim;2;0;1;0;1;1;0;2;-9,39139623;-40,5189893;SPRF-PE;DEL06/PE;UOP01-DEL06-PE
762818;04/04/2026;sábado;15:45:00;PE;232;202;PESQUEIRA;Condutor deixou de manter distância do veículo da frente;Colisão traseira;Com Vítimas Feridas;Pleno dia;Decrescente;Céu Claro;Simples;Reta;Não;4;0;1;0;1;3;0;2;-8,370402;-36,66348;SPRF-PE;DEL03/PE;UOP02-DEL03-PE
762819;04/04/2026;sábado;16:40:00;RS;116;238;NOVO HAMBURGO;Velocidade Incompatível;Queda de ocupante de veículo;Com Vítimas Feridas;Pleno dia;Decrescente;Céu Claro;Dupla;"Curva;Aclive;Retorno Regulamentado";Sim;1;0;1;0;1;0;0;1;-29,68504472;-51,14162491;SPRF-RS;DEL01/RS;UOP02-DEL01-RS
762822;04/04/2026;sábado;16:29:00;RJ;40;112;DUQUE DE CAXIAS;Acumulo de água sobre o pavimento;Colisão transversal;Com Vítimas Feridas;Pleno dia;Decrescente;Chuva;Dupla;Reta;Sim;3;0;1;0;1;2;0;2;-22,70281674;-43,29037476;SPRF-RJ;DEL01/RJ;UOP02-DEL01-RJ
762823;04/04/2026;sábado;16:59:00;MG;381;526;BRUMADINHO;Acumulo de água sobre o pavimento;Saída de leito carroçável;Com Vítimas Feridas;Pleno dia;Crescente;Chuva;Dupla;Curva;Não;1;0;1;0;1;0;0;1;-20,15091616;-44,32638869;SPRF-MG;DEL04/MG;UOP03-DEL04-MG
762825;04/04/2026;sábado;17:05:00;MG;40;709,7;BARBACENA;Velocidade Incompatível;Colisão com objeto;Com Vítimas Fatais;Pleno dia;Crescente;Chuva;Dupla;Curva;Não;3;1;1;1;2;0;0;1;-21,2436123;-43,7222517;SPRF-MG;DEL05/MG;UOP02-DEL05-MG
762826;04/04/2026;sábado;16:35:00;SC;163;67;SAO MIGUEL DO OESTE;Ausência de reação do condutor;Saída de leito carroçável;Com Vítimas Feridas;Pleno dia;Crescente;Nublado;Dupla;"Reta;Declive";Sim;1;0;0;1;1;0;0;1;-26,75263862;-53,50066832;SPRF-SC;DEL07/SC;UOP03-DEL07-SC
762828;03/04/2026;sexta-feira;04:40:00;RS;116;255;ESTEIO;Velocidade Incompatível;Saída de leito carroçável;Sem Vítimas;Plena Noite;Crescente;Céu Claro;Múltipla;"Interseção de Vias;Reta";Sim;1;0;0;0;0;0;1;1;-29,83053672;-51,17384434;SPRF-RS;DEL01/RS;UOP02-DEL01-RS
762830;04/04/2026;sábado;16:10:00;GO;364;305;MINEIROS;Velocidade Incompatível;Colisão traseira;Com Vítimas Feridas;Pleno dia;Decrescente;Céu Claro;Simples;Reta;Não;5;0;2;1;3;2;0;2;-17,519018;-52,53215;SPRF-GO;DEL05/GO;UOP01-DEL05-GO
762831;04/04/2026;sábado;17:45:00;MG;40;530,8;CONTAGEM;Ausência de reação do condutor;Saída de leito carroçável;Com Vítimas Feridas;Anoitecer;Crescente;Céu Claro;Dupla;"Declive;Curva";Sim;1;0;0;1;1;0;0;1;-19,9191297;-44,0270554;SPRF-MG;DEL01/MG;UOP02-DEL01-MG
762832;04/04/2026;sábado;17:30:00;SC;101;233;PALHOCA;Pista Escorregadia;Tombamento;Com Vítimas Feridas;Anoitecer;Decrescente;Nevoeiro/Neblina;Dupla;"Reta;Aclive";Sim;1;0;1;0;1;0;0;1;-27,80489815;-48,63842726;SPRF-SC;DEL01/SC;UOP02-DEL01-SC
762833;04/04/2026;sábado;17:20:00;BA;242;614;IBOTIRAMA;Reação tardia ou ineficiente do condutor;Saída de leito carroçável;Com Vítimas Feridas;Anoitecer;Decrescente;Chuva;Simples;Reta;Não;2;0;2;0;2;0;0;1;-12,15880747;-43,29604626;SPRF-BA;DEL10/BA;UOP01-DEL10-BA
762836;04/04/2026;sábado;16:53:00;RO;364;710;PORTO VELHO;Ingestão de álcool pelo condutor;Queda de ocupante de veículo;Com Vítimas Feridas;Pleno dia;Decrescente;Céu Claro;Dupla;Reta;Não;2;0;1;0;1;1;0;2;-8,78551174;-63,85933813;SPRF-RO;DEL01-RO;UOP01-DEL01-RO
762837;04/04/2026;sábado;17:45:00;MG;381;533;ITATIAIUCU;Acumulo de água sobre o pavimento;Saída de leito carroçável;Com Vítimas Feridas;Plena Noite;Decrescente;Chuva;Dupla;Curva;Não;1;0;1;0;1;0;0;1;-20,17866864;-44,37701672;SPRF-MG;DEL04/MG;UOP03-DEL04-MG
762840;04/04/2026;sábado;16:30:00;RJ;393;284,2;VOLTA REDONDA;Ausência de reação do condutor;Colisão traseira;Com Vítimas Feridas;Pleno dia;Decrescente;Sol;Simples;Reta;Não;4;0;1;0;1;3;0;3;-22,496962;-44,071021;SPRF-RJ;DEL05/RJ;UOP04-DEL05-RJ
762841;04/04/2026;sábado;18:10:00;PR;277;81,5;CURITIBA;Manobra de mudança de faixa;Colisão lateral mesmo sentido;Com Vítimas Feridas;Anoitecer;Crescente;Céu Claro;Dupla;Reta;Sim;2;0;1;0;1;1;0;2;-25,461633;-49,2191;SPRF-PR;DEL01/PR;UOP03-DEL01-PR
762843;04/04/2026;sábado;19:00:00;PI;343;7,3;PARNAIBA;Acesso irregular;Colisão transversal;Com Vítimas Feridas;Plena Noite;Crescente;Chuva;Simples;Reta;Sim;2;0;1;0;1;1;0;2;-2,89778116;-41,71216965;SPRF-PI;DEL05-PI;UOP01-DEL05-PI
762844;04/04/2026;sábado;18:50:00;PI;343;7,3;PARNAIBA;Transitar na contramão;Colisão transversal;Sem Vítimas;Plena Noite;Crescente;Nublado;Simples;Reta;Sim;3;0;0;0;0;3;0;2;-2,89876807;-41,71915323;SPRF-PI;DEL05-PI;UOP01-DEL05-PI
762845;04/04/2026;sábado;18:50:00;PB;230;510;CAJAZEIRAS;Conversão proibida;Colisão lateral sentido oposto;Com Vítimas Feridas;Plena Noite;Crescente;Céu Claro;Simples;Reta;Não;2;0;1;0;1;0;0;2;-6,88285;-38,62606;SPRF-PB;DEL03-PB;UOP03-DEL03-PB
762846;04/04/2026;sábado;17:00:00;RS;101;36;TRES CACHOEIRAS;Ausência de reação do condutor;Colisão com objeto;Com Vítimas Feridas;Anoitecer;Decrescente;Nublado;Dupla;Reta;Não;2;0;1;0;1;0;0;2;-29,52115286;-49,99795747;SPRF-RS;DEL03/RS;UOP02-DEL03-RS
762848;04/04/2026;sábado;18:05:00;MG;356;276,3;EUGENOPOLIS;Ausência de reação do condutor;Colisão lateral sentido oposto;Com Vítimas Feridas;Plena Noite;Decrescente;Nublado;Simples;Curva;Não;8;0;5;0;5;3;0;3;-21,125;-42,28;SPRF-MG;DEL07/MG;UOP02-DEL07-MG
762849;04/04/2026;sábado;19:00:00;RJ;101;479;ANGRA DOS REIS;Reação tardia ou ineficiente do condutor;Saída de leito carroçável;Com Vítimas Feridas;Plena Noite;Decrescente;Céu Claro;Simples;Reta;Não;1;0;1;0;1;0;0;1;-23,01073811;-44,27840933;SPRF-RJ;DEL03/RJ;UOP03-DEL03-RJ
762850;04/04/2026;sábado;19:05:00;PR;116;145,4;MANDIRITUBA;Ultrapassagem Indevida;Colisão frontal;Com Vítimas Feridas;Plena Noite;Crescente;Nublado;Simples;"Curva;Declive";Não;5;0;2;2;4;0;0;3;-25,810466;-49,326684;SPRF-PR;DEL01/PR;UOP03-DEL01-PR
762851;04/04/2026;sábado;19:30:00;SP;116;228;SAO PAULO;Pedestre andava na pista;Atropelamento de Pedestre;Com Vítimas Feridas;Anoitecer;Decrescente;Nublado;Múltipla;Declive;Sim;2;0;0;1;1;1;0;2;-23,50431393;-46,56722395;SPRF-SP;DEL01/SP;UOP01-DEL01-SP
762852;04/04/2026;sábado;18:30:00;PR;369;145;LONDRINA;Condutor deixou de manter distância do veículo da frente;Colisão traseira;Com Vítimas Feridas;Anoitecer;Crescente;Céu Claro;Dupla;"Aclive;Reta";Sim;2;0;2;0;2;0;0;2;-23,29308083;-51,11863073;SPRF-PR;DEL07/PR;UOP01-DEL07-PR
762853;04/04/2026;sábado;18:00:00;RS;116;182,8;NOVA PETROPOLIS;Condutor deixou de manter distância do veículo da frente;Colisão traseira;Com Vítimas Feridas;Pleno dia;Decrescente;Céu Claro;Simples;Reta;Não;2;0;0;1;1;1;0;2;-29,37889741;-51,12717088;SPRF-RS;DEL05/RS;UOP02-DEL05-RS
762854;04/04/2026;sábado;19:20:00;MG;50;202,8;DELTA;Ausência de reação do condutor;Colisão traseira;Com Vítimas Feridas;Plena Noite;Crescente;Nublado;Dupla;Reta;Não;2;0;1;0;1;0;0;2;-19,95195;-47,80451;SPRF-MG;DEL13/MG;UOP01-DEL13-MG
762855;04/04/2026;sábado;18:20:00;MG;50;15;UBERLANDIA;Velocidade Incompatível;Colisão com objeto;Sem Vítimas;Anoitecer;Crescente;Céu Claro;Dupla;Viaduto;Não;1;0;0;0;0;0;1;1;-18,913422;-48,171754;SPRF-MG;DEL15/MG;UOP01-DEL15-MG
762857;04/04/2026;sábado;18:00:00;RS;472;177,6;SANTA ROSA;Acessar a via sem observar a presença dos outros veículos;Colisão transversal;Com Vítimas Feridas;Anoitecer;Decrescente;Céu Claro;Simples;"Reta;Interseção de Vias";Sim;2;0;0;1;1;0;0;2;-27,85287896;-54,53927636;SPRF-RS;DEL10/RS;UOP01-DEL10-RS
762858;04/04/2026;sábado;19:40:00;PB;101;40,5;MAMANGUAPE;Pedestre andava na pista;Atropelamento de Pedestre;Com Vítimas Feridas;Plena Noite;Decrescente;Céu Claro;Dupla;Reta;Sim;3;0;0;2;2;1;0;2;-6,84339;-35,13592;SPRF-PB;DEL01-PB;UOP03-DEL01-PB
762859;04/04/2026;sábado;19:00:00;RS;285;473;CORONEL BARROS;Ingestão de álcool pelo condutor;Saída de leito carroçável;Com Vítimas Feridas;Plena Noite;Decrescente;Céu Claro;Simples;Reta;Não;1;0;1;0;1;0;0;1;-28,38343055;-54,042;SPRF-RS;DEL10/RS;UOP01-DEL10-RS
762860;04/04/2026;sábado;20:05:00;SC;280;24;ARAQUARI;Acessar a via sem observar a presença dos outros veículos;Colisão transversal;Com Vítimas Feridas;Plena Noite;Decrescente;Nublado;Simples;Reta;Sim;2;0;1;0;1;1;0;2;-26,37826;-48,720308;SPRF-SC;DEL03/SC;UOP03-DEL03-SC
762861;04/04/2026;sábado;17:50:00;BA;101;877;TEIXEIRA DE FREITAS;Acessar a via sem observar a presença dos outros veículos;Colisão transversal;Com Vítimas Feridas;Anoitecer;Crescente;Céu Claro;Simples;Reta;Sim;3;0;1;0;1;2;0;2;-17,543732;-39,717682;SPRF-BA;DEL09/BA;UOP02-DEL09-BA
762863;04/04/2026;sábado;19:00:00;RJ;101;61;CAMPOS DOS GOYTACAZES;Pedestre andava na pista;Atropelamento de Pedestre;Com Vítimas Feridas;Plena Noite;Decrescente;Céu Claro;Simples;Reta;Sim;2;0;1;0;1;1;0;2;-21,6258625;-41,3138209;SPRF-RJ;DEL08/RJ;UOP01-DEL08-RJ
762865;04/04/2026;sábado;19:45:00;DF;251;53;BRASILIA;Transitar na contramão;Colisão frontal;Com Vítimas Feridas;Plena Noite;Crescente;Céu Claro;Simples;Reta;Não;4;0;3;0;3;0;0;3;-15,98062;-47,923008;SPRF-DF;DEL01-DF;UOP01-DEL01-DF
762866;17/03/2026;terça-feira;00:00:00;SE;349;1,1;NEOPOLIS;Transitar na contramão;Colisão frontal;Com Vítimas Fatais;Plena Noite;Crescente;Céu Claro;Simples;"Aclive;Reta";Não;2;1;1;0;1;0;0;2;-10,31638889;-36,59083333;SPRF-SE;DEL02-SE;UOP02-DEL02-SE
762867;04/04/2026;sábado;19:30:00;MG;381;516;IGARAPE;Ingestão de álcool pelo condutor;Saída de leito carroçável;Sem Vítimas;Plena Noite;Decrescente;Chuva;Dupla;Curva;Não;1;0;0;0;0;0;1;1;-20,103002;-44,318959;SPRF-MG;DEL01/MG;UOP03-DEL01-MG
762868;04/04/2026;sábado;19:50:00;MG;381;487;BETIM;Acessar a via sem observar a presença dos outros veículos;Colisão lateral mesmo sentido;Com Vítimas Feridas;Plena Noite;Crescente;Céu Claro;Múltipla;Reta;Sim;3;0;1;0;1;2;0;2;-19,9549104;-44,1163637;SPRF-MG;DEL01/MG;UOP03-DEL01-MG
762869;04/04/2026;sábado;20:20:00;ES;101;348,1;GUARAPARI;Ingestão de álcool pelo condutor;Colisão com objeto;Sem Vítimas;Plena Noite;Crescente;Céu Claro;Dupla;Curva;Não;1;0;0;0;0;1;0;1;-20,65851704;-40,61459199;SPRF-ES;DEL03-ES;UOP01-DEL03-ES
762870;04/04/2026;sábado;20:00:00;MG;40;675,8;CARANDAI;Falta de acostamento;Saída de leito carroçável;Com Vítimas Feridas;Plena Noite;Decrescente;Céu Claro;Simples;Reta;Não;2;0;2;0;2;0;0;1;-21,0052966;-43,7807266;SPRF-MG;DEL05/MG;UOP02-DEL05-MG
762871;04/04/2026;sábado;19:20:00;RS;101;43;TERRA DE AREIA;Ausência de reação do condutor;Colisão traseira;Com Vítimas Feridas;Plena Noite;Crescente;Chuva;Simples;Reta;Sim;3;0;0;1;1;1;0;2;-29,5631969;-50,0485954;SPRF-RS;DEL03/RS;UOP02-DEL03-RS
762872;04/04/2026;sábado;19:30:00;PI;135;118,7;SEBASTIAO LEAL;Transitar na contramão;Colisão frontal;Com Vítimas Fatais;Plena Noite;Crescente;Céu Claro;Simples;Reta;Não;2;1;0;0;0;1;0;2;-7,596158;-43,963637;SPRF-PI;DEL03-PI;UOP01-DEL03-PI
762873;04/04/2026;sábado;19:53:00;SC;101;117,9;ITAJAI;Acessar a via sem observar a presença dos outros veículos;Colisão transversal;Com Vítimas Feridas;Plena Noite;Decrescente;Nublado;Múltipla;"Viaduto;Interseção de Vias";Sim;3;0;1;0;1;2;0;2;-26,89049744;-48,72087836;SPRF-SC;DEL04/SC;UOP04-DEL04-SC
762874;04/04/2026;sábado;18:20:00;MT;163;1032;PEIXOTO DE AZEVEDO;Ingestão de álcool pelo condutor;Colisão frontal;Com Vítimas Feridas;Plena Noite;Crescente;Céu Claro;Simples;Reta;Sim;5;0;3;1;4;1;0;2;-10,229962;-54,977117;SPRF-MT;DEL06/MT;UOP03-DEL06-MT
762875;04/04/2026;sábado;20:50:00;PE;101;78,2;RECIFE;Conversão proibida;Colisão transversal;Com Vítimas Feridas;Plena Noite;Decrescente;Céu Claro;Dupla;Reta;Não;3;0;2;1;3;0;0;2;-8,13759;-34,94735;SPRF-PE;DEL01/PE;UOP01-DEL01-PE
762877;04/04/2026;sábado;20:00:00;RS;116;139,3;CAXIAS DO SUL;Demais falhas mecânicas ou elétricas;Incêndio;Sem Vítimas;Plena Noite;Crescente;Céu Claro;Simples;"Aclive;Reta";Não;1;0;0;0;0;1;0;1;-29,100578;-51,108498;SPRF-RS;DEL05/RS;UOP01-DEL05-RS
762878;04/04/2026;sábado;19:30:00;GO;153;91;SANTA TEREZA DE GOIAS;Reação tardia ou ineficiente do condutor;Queda de ocupante de veículo;Com Vítimas Feridas;Plena Noite;Decrescente;Céu Claro;Simples;Curva;Sim;1;0;1;0;1;0;0;1;-13,57548;-49,04315;SPRF-GO;DEL07/GO;UOP01-DEL07-GO
762881;04/04/2026;sábado;20:30:00;ES;101;384,3;RIO NOVO DO SUL;Reação tardia ou ineficiente do condutor;Tombamento;Com Vítimas Feridas;Plena Noite;Decrescente;Céu Claro;Simples;Reta;Não;1;0;0;1;1;0;0;1;-20,83265159;-40,86044725;SPRF-ES;DEL03-ES;UOP01-DEL03-ES
762882;04/04/2026;sábado;21:00:00;SC;101;127;ITAJAI;Ausência de reação do condutor;Queda de ocupante de veículo;Com Vítimas Feridas;Plena Noite;Crescente;Céu Claro;Dupla;Reta;Não;1;0;1;0;1;0;0;1;-26,96197158;-48,68226972;SPRF-SC;DEL04/SC;UOP04-DEL04-SC
762883;04/04/2026;sábado;20:40:00;PR;376;5,2;APUCARANA;Conversão proibida;Colisão transversal;Com Vítimas Feridas;Plena Noite;Decrescente;Céu Claro;Simples;Interseção de Vias;Sim;2;0;1;0;1;1;0;2;-23,54833998;-51,4507556;SPRF-PR;DEL07/PR;UOP03-DEL07-PR
762885;04/04/2026;sábado;20:15:00;SC;101;159;PORTO BELO;Demais falhas mecânicas ou elétricas;Tombamento;Com Vítimas Feridas;Plena Noite;Decrescente;Nublado;Dupla;Reta;Não;1;0;1;0;1;0;0;1;-27,20589695;-48,61839652;SPRF-SC;DEL04/SC;UOP03-DEL04-SC
762887;04/04/2026;sábado;14:30:00;SC;116;0,1;MAFRA;Reação tardia ou ineficiente do condutor;Queda de ocupante de veículo;Com Vítimas Feridas;Pleno dia;Decrescente;Céu Claro;Simples;"Declive;Reta";Não;1;0;1;0;1;0;0;1;-26,109812;-49,78487;SPRF-SC;DEL06/SC;UOP01-DEL06-SC
762888;04/04/2026;sábado;20:40:00;SP;381;54;MAIRIPORA;Transitar na contramão;Colisão frontal;Com Vítimas Feridas;Plena Noite;Crescente;Céu Claro;Múltipla;"Aclive;Viaduto;Interseção de Vias";Não;2;0;0;1;1;1;0;2;-23,246292;-46,594281;SPRF-SP;DEL03/SP;UOP01-DEL03-SP