id;data_inversa;dia_semana;horario;uf;br;km;municipio;causa_acidente;tipo_acidente;classificacao_acidente;fase_dia;sentido_via;condicao_metereologica;tipo_pista;tracado_via;uso_solo;pessoas;mortos;feridos_leves;feridos_graves;feridos;ilesos;ignorados;veiculos;latitude;longitude;regional;delegacia;uop
763004;05/04/2026;domingo;09:30:00;RO;364;516;ARIQUEMES;Desrespeitar a preferência no cruzamento;Colisão transversal;Com Vítimas Feridas;Pleno dia;Crescente;Céu Claro;Simples;Reta;Sim;4;0;2;1;3;1;0;2;-9,91642284;-63,05514765;SPRF-RO;DEL03-RO;UOP01-DEL03-RO
763006;05/04/2026;domingo;11:50:00;MG;116;307,1;ITAMBACURI;Condutor deixou de manter distância do veículo da frente;Engavetamento;Com Vítimas Feridas;Pleno dia;Decrescente;Céu Claro;Simples;Reta;Não;9;0;0;1;1;8;0;3;-18,048177;-41,663342;SPRF-MG;DEL11/MG;UOP01-DEL11-MG
763007;05/04/2026;domingo;10:00:00;PR;369;189;ARAPONGAS;Transitar no Acostamento;Colisão lateral mesmo sentido;Com Vítimas Feridas;Pleno dia;Crescente;Céu Claro;Simples;Reta;Não;2;0;1;0;1;1;0;2;-23,424461;-51,423823;SPRF-PR;DEL07/PR;UOP03-DEL07-PR
763009;05/04/2026;domingo;13:20:00;SP;116;147;SAO JOSE DOS CAMPOS;Manobra de mudança de faixa;Colisão lateral mesmo sentido;Com Vítimas Feridas;Pleno dia;Crescente;Céu Claro;Múltipla;"Declive;Reta";Não;2;0;1;0;1;0;0;2;-23,19740536;-45,87361595;SPRF-SP;DEL02/SP;UOP01-DEL02-SP
763010;05/04/2026;domingo;13:50:00;MG;381;842,3;SAO SEBASTIAO DA BELA VISTA;Velocidade Incompatível;Saída de leito carroçável;Com Vítimas Feridas;Pleno dia;Crescente;Céu Claro;Dupla;Reta;Não;4;0;3;0;3;0;0;2;-22,18225;-45,842754;SPRF-MG;DEL16/MG;UOP01-DEL16-MG
763011;05/04/2026;domingo;14:00:00;PR;376;681,3;GUARATUBA;Reação tardia ou ineficiente do condutor;Saída de leito carroçável;Com Vítimas Feridas;Pleno dia;Crescente;Chuva;Dupla;Curva;Não;5;0;4;0;4;1;0;1;-25,96761357;-48,89945984;SPRF-PR;DEL01/PR;UOP04-DEL01-PR
763012;05/04/2026;domingo;10:50:00;GO;80;110;VILA PROPICIO;Acessar a via sem observar a presença dos outros veículos;Colisão transversal;Com Vítimas Feridas;Pleno dia;Decrescente;Sol;Simples;"Declive;Interseção de Vias";Não;9;0;6;0;6;3;0;2;-15,13974127;-48,82667542;SPRF-GO;DEL07/GO;UOP02-DEL07-GO
763013;05/04/2026;domingo;13:50:00;GO;40;2,7;VALPARAISO DE GOIAS;Manobra de mudança de faixa;Colisão traseira;Com Vítimas Feridas;Pleno dia;Crescente;Sol;Dupla;Reta;Sim;3;0;1;0;1;2;0;2;-16,075297;-47,985756;SPRF-DF;DEL01-DF;UOP01-DEL01-DF
763014;05/04/2026;domingo;11:30:00;PE;423;125,6;PARANATAMA;Manobra de mudança de faixa;Colisão frontal;Com Vítimas Feridas;Pleno dia;Decrescente;Nublado;Simples;Reta;Não;2;0;0;1;1;0;0;2;-8,949267;-36,722865;SPRF-PE;DEL03/PE;UOP01-DEL03-PE
763015;05/04/2026;domingo;13:00:00;CE;20;308;CANINDE;Acessar a via sem observar a presença dos outros veículos;Colisão transversal;Com Vítimas Feridas;Pleno dia;Decrescente;Chuva;Simples;Interseção de Vias;Sim;4;0;1;0;1;3;0;2;-4,343955;-39,2953;SPRF-CE;DEL02/CE;UOP01-DEL02-CE
763016;05/04/2026;domingo;14:00:00;SC;101;130;BALNEARIO CAMBORIU;Demais falhas mecânicas ou elétricas;Tombamento;Com Vítimas Feridas;Pleno dia;Crescente;Céu Claro;Dupla;Reta;Sim;1;0;0;1;1;0;0;1;-26,98800396;-48,66492212;SPRF-SC;DEL04/SC;UOP03-DEL04-SC
763017;05/04/2026;domingo;13:30:00;PR;376;606;CURITIBA;Reação tardia ou ineficiente do condutor;Queda de ocupante de veículo;Com Vítimas Feridas;Pleno dia;Decrescente;Céu Claro;Dupla;Reta;Não;2;0;2;0;2;0;0;1;-25,53796729;-49,31350105;SPRF-PR;DEL01/PR;UOP03-DEL01-PR
763018;05/04/2026;domingo;14:00:00;ES;262;177;IBATIBA;Acessar a via sem observar a presença dos outros veículos;Colisão transversal;Com Vítimas Feridas;Pleno dia;Decrescente;Sol;Simples;"Declive;Curva";Sim;2;0;1;0;1;1;0;2;-20,283943;-41,651278;SPRF-ES;DEL01-ES;UOP02-DEL01-ES
763019;05/04/2026;domingo;14:40:00;PI;343;342;TERESINA;Ausência de reação do condutor;Colisão traseira;Com Vítimas Feridas;Pleno dia;Decrescente;Nublado;Dupla;Rotatória;Não;4;0;1;1;2;2;0;2;-5,0831832;-42,7500512;SPRF-PI;DEL01-PI;UOP01-DEL01-PI
763021;05/04/2026;domingo;14:30:00;MG;381;758;TRES CORACOES;Reação tardia ou ineficiente do condutor;Saída de leito carroçável;Com Vítimas Feridas;Pleno dia;Crescente;Sol;Dupla;Reta;Sim;2;0;0;1;1;1;0;1;-21,690293;-45,349975;SPRF-MG;DEL16/MG;UOP02-DEL16-MG
763022;05/04/2026;domingo;14:30:00;PR;376;526;PALMEIRA;Pista Escorregadia;Saída de leito carroçável;Sem Vítimas;Pleno dia;Decrescente;Garoa/Chuvisco;Dupla;Reta;Não;3;0;0;0;0;3;0;1;-25,308507;-49,886557;SPRF-PR;DEL03/PR;UOP03-DEL03-PR
763023;05/04/2026;domingo;13:30:00;RJ;40;85;PETROPOLIS;Pista Escorregadia;Colisão traseira;Com Vítimas Feridas;Pleno dia;Decrescente;Céu Claro;Dupla;"Aclive;Curva";Não;6;0;2;0;2;4;0;2;-22,551192;-43,225718;SPRF-RJ;DEL01/RJ;UOP01-DEL01-RJ
763024;05/04/2026;domingo;14:30:00;PB;101;40,1;MAMANGUAPE;Condutor deixou de manter distância do veículo da frente;Colisão lateral mesmo sentido;Com Vítimas Feridas;Pleno dia;Crescente;Céu Claro;Dupla;"Reta;Declive";Sim;12;0;5;0;5;5;0;6;-6,839945;-35,136437;SPRF-PB;DEL01-PB;UOP03-DEL01-PB
763025;05/04/2026;domingo;13:50:00;GO;80;139;BARRO ALTO;Ausência de reação do condutor;Tombamento;Com Vítimas Feridas;Pleno dia;Crescente;Céu Claro;Simples;Reta;Não;1;0;1;0;1;0;0;1;-14,926388;-48,949103;SPRF-GO;DEL07/GO;UOP02-DEL07-GO
763026;05/04/2026;domingo;15:30:00;ES;101;146,5;LINHARES;Condutor desrespeitou a iluminação vermelha do semáforo;Colisão transversal;Com Vítimas Feridas;Pleno dia;Decrescente;Céu Claro;Múltipla;"Interseção de Vias;Reta";Sim;2;0;1;0;1;1;0;2;-19,3753405;-40,0658136;SPRF-ES;DEL04-ES;UOP01-DEL04-ES
763027;05/04/2026;domingo;14:55:00;BA;116;452;ANTONIO CARDOSO;Condutor deixou de manter distância do veículo da frente;Queda de ocupante de veículo;Com Vítimas Feridas;Pleno dia;Crescente;Céu Claro;Dupla;Reta;Não;3;0;1;0;1;0;0;3;-12,403635;-39,171873;SPRF-BA;DEL02/BA;UOP01-DEL02-BA
763028;05/04/2026;domingo;07:45:00;BA;324;532;FEIRA DE SANTANA;Demais falhas mecânicas ou elétricas;Incêndio;Sem Vítimas;Pleno dia;Decrescente;Céu Claro;Dupla;Reta;Não;1;0;0;0;0;0;1;1;-12,34461342;-38,83988857;SPRF-BA;DEL11/BA;UOP02-DEL11-BA
763029;05/04/2026;domingo;15:30:00;PR;369;11,5;CAMBARA;Manobra de mudança de faixa;Colisão transversal;Com Vítimas Feridas;Pleno dia;Crescente;Céu Claro;Simples;"Reta;Declive;Em Obras";Não;4;0;1;0;1;3;0;2;-23,01009622;-50,00714779;SPRF-PR;DEL07/PR;UOP05-DEL07-PR
763030;05/04/2026;domingo;15:04:00;PE;232;197;SANHARO;Pedestre cruzava a pista fora da faixa;Atropelamento de Pedestre;Com Vítimas Feridas;Pleno dia;Crescente;Nublado;Simples;Reta;Não;2;0;0;1;1;0;0;2;-8,369183;-36,58436;SPRF-PE;DEL03/PE;UOP02-DEL03-PE
763031;05/04/2026;domingo;15:10:00;MA;135;10,9;SAO LUIS;Ingestão de álcool pelo condutor;Colisão transversal;Sem Vítimas;Pleno dia;Decrescente;Sol;Dupla;Reta;Sim;2;0;0;0;0;2;0;2;-2,6883086;-44,29989179;SPRF-MA;DEL01-MA;UOP01-DEL01-MA
763032;05/04/2026;domingo;15:40:00;MG;116;702,4;MURIAE;Desrespeitar a preferência no cruzamento;Colisão transversal;Com Vítimas Feridas;Pleno dia;Decrescente;Céu Claro;Simples;Interseção de Vias;Sim;2;0;1;0;1;1;0;2;-21,14684141;-42,38142152;SPRF-MG;DEL07/MG;UOP02-DEL07-MG
763033;05/04/2026;domingo;15:40:00;GO;153;415;ANAPOLIS;Velocidade Incompatível;Engavetamento;Com Vítimas Feridas;Pleno dia;Crescente;Céu Claro;Simples;Reta;Não;7;0;2;0;2;5;0;4;-16,15188;-49,04456;SPRF-GO;DEL02/GO;UOP01-DEL02-GO
763034;05/04/2026;domingo;16:04:00;MG;381;497;BETIM;Reação tardia ou ineficiente do condutor;Tombamento;Com Vítimas Feridas;Pleno dia;Decrescente;Nublado;Dupla;Reta;Sim;2;0;2;0;2;0;0;1;-19,98085074;-44,20083046;SPRF-MG;DEL01/MG;UOP03-DEL01-MG
763035;01/04/2026;quarta-feira;15:30:00;RJ;101;313;SAO GONCALO;Reação tardia ou ineficiente do condutor;Colisão traseira;Com Vítimas Feridas;Pleno dia;Decrescente;Nublado;Múltipla;Reta;Sim;2;0;1;0;1;1;0;2;-22,81227878;-43,07243855;SPRF-RJ;DEL02/RJ;UOP02-DEL02-RJ
763036;05/04/2026;domingo;14:00:00;MT;163;854;SINOP;Ausência de reação do condutor;Colisão com objeto;Com Vítimas Feridas;Pleno dia;Decrescente;Nublado;Simples;"Desvio Temporário;Em Obras;Declive;Curva";Sim;1;0;0;1;1;0;0;1;-11,6926618;-55,451385;SPRF-MT;DEL06/MT;UOP02-DEL06-MT
763037;05/04/2026;domingo;15:40:00;RN;101;80;SAO GONCALO DO AMARANTE;Velocidade Incompatível;Colisão lateral mesmo sentido;Com Vítimas Feridas;Pleno dia;Crescente;Céu Claro;Dupla;Rotatória;Sim;1;0;1;0;1;0;0;1;-5,793337;-35,286709;SPRF-RN;DEL02-RN;UOP01-DEL02-RN
763038;05/04/2026;domingo;15:00:00;SC;470;57,6;BLUMENAU;Ausência de reação do condutor;Colisão traseira;Sem Vítimas;Pleno dia;Crescente;Chuva;Dupla;"Aclive;Reta;Viaduto";Sim;2;0;0;0;0;2;0;2;-26,88289;-49,14228;SPRF-SC;DEL04/SC;UOP01-DEL04-SC
763039;05/04/2026;domingo;15:20:00;MG;116;522,3;CARATINGA;Condutor deixou de manter distância do veículo da frente;Colisão traseira;Sem Vítimas;Pleno dia;Decrescente;Céu Claro;Simples;Reta;Sim;3;0;0;0;0;3;0;3;-19,749346;-42,132714;SPRF-MG;DEL06/MG;UOP02-DEL06-MG
763040;05/04/2026;domingo;15:15:00;PR;376;271;MARILANDIA DO SUL;Ausência de reação do condutor;Queda de ocupante de veículo;Com Vítimas Feridas;Pleno dia;Crescente;Céu Claro;Dupla;Reta;Não;1;0;1;0;1;0;0;1;-23,78799368;-51,26494758;SPRF-PR;DEL07/PR;UOP02-DEL07-PR
763041;05/04/2026;domingo;15:45:00;PB;101;82;BAYEUX;Condutor deixou de manter distância do veículo da frente;Colisão traseira;Com Vítimas Feridas;Pleno dia;Crescente;Sol;Dupla;Declive;Sim;6;0;1;0;1;5;0;3;-7,1265817;-34,942035;SPRF-PB;DEL01-PB;UOP01-DEL01-PB
763043;05/04/2026;domingo;16:30:00;RN;405;1,2;MOSSORO;Desrespeitar a preferência no cruzamento;Colisão transversal;Com Vítimas Feridas;Pleno dia;Crescente;Sol;Dupla;"Interseção de Vias;Retorno Regulamentado";Sim;2;0;0;1;1;1;0;2;-5,19185005;-37,36318141;SPRF-RN;DEL04-RN;UOP02-DEL04-RN
763045;05/04/2026;domingo;14:35:00;SC;116;256,5;CAPAO ALTO;Mal súbito do condutor;Colisão transversal;Com Vítimas Feridas;Pleno dia;Crescente;Céu Claro;Simples;Curva;Não;12;0;0;1;1;10;0;3;-27,8821467;-50,4147016;SPRF-SC;DEL05/SC;UOP02-DEL05-SC
763046;05/04/2026;domingo;16:20:00;MG;40;517;RIBEIRAO DAS NEVES;Condutor deixou de manter distância do veículo da frente;Colisão transversal;Sem Vítimas;Pleno dia;Crescente;Chuva;Dupla;Reta;Sim;2;0;0;0;0;2;0;2;-19,82937132;-44,08367157;SPRF-MG;DEL01/MG;UOP02-DEL01-MG
763047;05/04/2026;domingo;16:21:00;PE;232;58;POMBOS;Chuva;Queda de ocupante de veículo;Com Vítimas Feridas;Pleno dia;Decrescente;Chuva;Dupla;Reta;Sim;2;0;1;0;1;1;0;2;-8,14424034;-35,38891403;SPRF-PE;DEL02/PE;UOP02-DEL02PE
763050;05/04/2026;domingo;16:50:00;SC;282;222,8;LAGES;Desrespeitar a preferência no cruzamento;Colisão transversal;Com Vítimas Feridas;Pleno dia;Decrescente;Céu Claro;Simples;"Curva;Rotatória";Não;4;0;1;0;1;3;0;2;-27,79986309;-50,36097256;SPRF-SC;DEL05/SC;UOP01-DEL05-SC
763051;05/04/2026;domingo;13:30:00;RJ;116;189;NOVA IGUACU;Ausência de reação do condutor;Queda de ocupante de veículo;Com Vítimas Feridas;Pleno dia;Decrescente;Céu Claro;Dupla;Reta;Sim;1;0;1;0;1;0;0;1;-22,73803168;-43,49256635;SPRF-RJ;DEL06/RJ;UOP01-DEL06-RJ
763052;05/04/2026;domingo;14:30:00;RJ;116;197;QUEIMADOS;Acesso irregular;Colisão transversal;Com Vítimas Feridas;Pleno dia;Crescente;Céu Claro;Dupla;Reta;Não;2;0;0;1;1;1;0;2;-22,73020357;-43,61380991;SPRF-RJ;DEL06/RJ;UOP02-DEL06-RJ
763055;05/04/2026;domingo;10:30:00;BA;235;361,5;CASA NOVA;Ingestão de álcool pelo condutor;Saída de leito carroçável;Com Vítimas Feridas;Pleno dia;Crescente;Sol;Simples;Reta;Não;6;0;6;0;6;0;0;2;-9,29799;-40,81649;SPRF-BA;DEL04/BA;UOP01-DEL04-BA
763056;05/04/2026;domingo;17:10:00;PE;428;176;PETROLINA;Condutor deixou de manter distância do veículo da frente;Colisão traseira;Com Vítimas Feridas;Pleno dia;Decrescente;Céu Claro;Simples;Reta;Não;3;0;1;1;2;0;0;2;-9,28179;-40,44033;SPRF-PE;DEL06/PE;UOP01-DEL06-PE
763057;05/04/2026;domingo;16:20:00;MT;364;584;NOBRES;Reação tardia ou ineficiente do condutor;Colisão com objeto;Com Vítimas Feridas;Pleno dia;Crescente;Sol;Dupla;"Curva;Aclive";Não;2;0;1;0;1;1;0;1;-14,563561;-56,219386;SPRF-MT;DEL01/MT;UOP01-DEL01-MT
763058;05/04/2026;domingo;17:45:00;PR;376;668,8;GUARATUBA;Avarias e/ou desgaste excessivo no pneu;Saída de leito carroçável;Com Vítimas Feridas;Anoitecer;Crescente;Chuva;Dupla;Curva;Não;6;0;3;1;4;1;0;3;-25,87352106;-48,93612027;SPRF-PR;DEL01/PR;UOP04-DEL01-PR
763059;05/04/2026;domingo;13:45:00;MG;365;413;PATROCINIO;Ultrapassagem Indevida;Colisão lateral mesmo sentido;Com Vítimas Feridas;Pleno dia;Decrescente;Nublado;Simples;Reta;Não;6;0;6;0;6;0;0;2;-18,9473;-47,2844;SPRF-MG;DEL10/MG;UOP01-DEL10-MG
763060;05/04/2026;domingo;16:00:00;SC;101;64;ARAQUARI;Condutor deixou de manter distância do veículo da frente;Colisão traseira;Com Vítimas Feridas;Pleno dia;Decrescente;Céu Claro;Dupla;Reta;Não;3;0;1;0;1;2;0;2;-26,46252198;-48,75333452;SPRF-SC;DEL03/SC;UOP02-DEL03-SC
763061;05/04/2026;domingo;17:20:00;SP;116;385;MIRACATU;Acessar a via sem observar a presença dos outros veículos;Colisão transversal;Com Vítimas Feridas;Pleno dia;Decrescente;Céu Claro;Dupla;Reta;Não;3;0;1;2;3;0;0;2;-24,25644776;-47,37151483;SPRF-SP;DEL04/SP;UOP02-DEL04-SP
763062;05/04/2026;domingo;12:05:00;MG;116;608,2;SAO JOAO DO MANHUACU;Acessar a via sem observar a presença dos outros veículos;Colisão transversal;Com Vítimas Feridas;Pleno dia;Decrescente;Céu Claro;Simples;Reta;Não;2;0;0;1;1;1;0;2;-20,40930088;-42,1523116;SPRF-MG;DEL06/MG;UOP03-DEL06-MG
763063;05/04/2026;domingo;17:40:00;SC;280;29,5;ARAQUARI;Retorno proibido;Colisão transversal;Com Vítimas Feridas;Pleno dia;Decrescente;Céu Claro;Simples;Reta;Sim;3;0;1;0;1;2;0;2;-26,411384;-48,753828;SPRF-SC;DEL03/SC;UOP03-DEL03-SC
763064;05/04/2026;domingo;17:40:00;BA;116;842;VITORIA DA CONQUISTA;Objeto estático sobre o leito carroçável;Tombamento;Com Vítimas Feridas;Anoitecer;Decrescente;Nublado;Simples;Aclive;Não;1;0;0;1;1;0;0;1;-15,00427706;-40,93923211;SPRF-BA;DEL08/BA;UOP01-DEL08-BA
763065;05/04/2026;domingo;16:30:00;RJ;40;38;AREAL;Condutor Dormindo;Saída de leito carroçável;Com Vítimas Feridas;Pleno dia;Decrescente;Chuva;Dupla;Curva;Não;1;0;1;0;1;0;0;1;-22,23036328;-43,11940826;SPRF-RJ;DEL05/RJ;UOP02-DEL05-RJ
763066;05/04/2026;domingo;16:40:00;SC;101;11,1;GARUVA;Trafegar com motocicleta (ou similar) entre as faixas;Tombamento;Com Vítimas Feridas;Pleno dia;Crescente;Garoa/Chuvisco;Dupla;Reta;Não;2;0;0;1;1;1;0;2;-26,07298293;-48,8610905;SPRF-SC;DEL03/SC;UOP01-DEL03-SC
763068;05/04/2026;domingo;09:00:00;BA;367;81;EUNAPOLIS;Reação tardia ou ineficiente do condutor;Queda de ocupante de veículo;Com Vítimas Feridas;Pleno dia;Decrescente;Garoa/Chuvisco;Simples;"Declive;Curva";Não;1;0;1;0;1;0;0;1;-16,37185318;-39,5526579;SPRF-BA;DEL09/BA;UOP03-DEL09-BA
763069;05/04/2026;domingo;15:30:00;SC;116;259;CAPAO ALTO;Reação tardia ou ineficiente do condutor;Colisão traseira;Com Vítimas Feridas;Pleno dia;Decrescente;Sol;Simples;Reta;Não;6;0;1;0;1;5;0;2;-27,89839;-50,43054;SPRF-SC;DEL05/SC;UOP02-DEL05-SC
763070;05/04/2026;domingo;16:45:00;PR;376;604,9;CURITIBA;Condutor deixou de manter distância do veículo da frente;Engavetamento;Com Vítimas Feridas;Pleno dia;Decrescente;Nublado;Dupla;"Reta;Interseção de Vias";Não;5;0;1;0;1;4;0;3;-25,53762499;-49,31368796;SPRF-PR;DEL01/PR;UOP03-DEL01-PR
763071;05/04/2026;domingo;17:10:00;PR;277;520;GUARANIACU;Condutor deixou de manter distância do veículo da frente;Colisão traseira;Com Vítimas Feridas;Pleno dia;Crescente;Céu Claro;Simples;"Declive;Reta";Não;2;0;1;0;1;1;0;2;-25,11033017;-52,85126416;SPRF-PR;DEL04/PR;UOP04-DEL04-PR
763072;05/04/2026;domingo;15:50:00;SC;101;428;SOMBRIO;Reação tardia ou ineficiente do condutor;Colisão com objeto;Com Vítimas Feridas;Pleno dia;Crescente;Chuva;Dupla;"Curva;Aclive;Viaduto";Não;4;0;1;0;1;3;0;1;-29,05;-49,619;SPRF-SC;DEL02/SC;UOP02-DEL02-SC
763073;05/04/2026;domingo;17:20:00;PR;277;520,9;GUARANIACU;Condutor deixou de manter distância do veículo da frente;Engavetamento;Com Vítimas Feridas;Anoitecer;Crescente;Céu Claro;Simples;Reta;Não;4;0;1;0;1;2;0;4;-25,11054899;-52,85002722;SPRF-PR;DEL04/PR;UOP04-DEL04-PR
763074;05/04/2026;domingo;18:20:00;PR;277;63;SAO JOSE DOS PINHAIS;Ausência de reação do condutor;Colisão traseira;Com Vítimas Feridas;Plena Noite;Crescente;Nublado;Dupla;Reta;Sim;2;0;1;0;1;1;0;2;-25,54;-49,063;SPRF-PR;DEL01/PR;UOP01-DEL01-PR
763075;05/04/2026;domingo;17:30:00;MG;365;678;MONTE ALEGRE DE MINAS;Acumulo de água sobre o pavimento;Saída de leito carroçável;Com Vítimas Feridas;Pleno dia;Decrescente;Chuva;Dupla;Reta;Não;3;0;3;0;3;0;0;2;-18,85171113;-48,82461548;SPRF-MG;DEL15/MG;UOP01-DEL15-MG
763076;05/04/2026;domingo;18:20:00;SP;101;47,2;UBATUBA;Acessar a via sem observar a presença dos outros veículos;Colisão lateral mesmo sentido;Com Vítimas Feridas;Plena Noite;Decrescente;Céu Claro;Simples;Reta;Não;4;0;3;0;3;1;0;2;-23,43189147;-45,08428785;SPRF-SP;DEL06/SP;UOP01-DEL06-SP
763077;05/04/2026;domingo;17:20:00;SC;280;51,1;GUARAMIRIM;Mal súbito do condutor;Colisão com objeto;Com Vítimas Fatais;Pleno dia;Crescente;Nublado;Múltipla;"Interseção de Vias;Reta";Sim;2;1;1;0;1;0;0;1;-26,46679856;-48,96004558;SPRF-SC;DEL03/SC;UOP03-DEL03-SC
763078;05/04/2026;domingo;18:30:00;SC;282;65,8;RANCHO QUEIMADO;Reação tardia ou ineficiente do condutor;Saída de leito carroçável;Com Vítimas Feridas;Plena Noite;Decrescente;Garoa/Chuvisco;Simples;"Declive;Reta";Não;1;0;0;1;1;0;0;1;-27,6975;-49,0634;SPRF-SC;DEL01/SC;UOP03-DEL01-SC
763081;05/04/2026;domingo;17:10:00;PR;277;326;GUARAPUAVA;Ausência de reação do condutor;Colisão transversal;Com Vítimas Feridas;Pleno dia;Decrescente;Céu Claro;Simples;"Interseção de Vias;Curva";Sim;5;0;1;0;1;4;0;2;-25,37376313;-51,28342545;SPRF-PR;DEL08/PR;UOP01-DEL08-PR
763082;05/04/2026;domingo;18:27:00;GO;40;5;VALPARAISO DE GOIAS;Manobra de mudança de faixa;Colisão lateral mesmo sentido;Com Vítimas Feridas;Plena Noite;Decrescente;Céu Claro;Dupla;Reta;Sim;2;0;1;0;1;1;0;2;-16,101422;-47,976768;SPRF-DF;DEL01-DF;UOP01-DEL01-DF
763084;05/04/2026;domingo;17:18:00;PE;232;56,6;POMBOS;Transitar no Acostamento;Queda de ocupante de veículo;Com Vítimas Feridas;Plena Noite;Decrescente;Chuva;Dupla;Reta;Não;1;0;1;0;1;0;0;1;-8,13966863;-35,37750542;SPRF-PE;DEL02/PE;UOP02-DEL02PE
763085;05/04/2026;domingo;17:30:00;RJ;101;308;SAO GONCALO;Trafegar com motocicleta (ou similar) entre as faixas;Colisão traseira;Com Vítimas Feridas;Pleno dia;Crescente;Céu Claro;Dupla;Reta;Não;2;0;1;0;1;1;0;2;-22,79488275;-43,03292625;SPRF-RJ;DEL02/RJ;UOP02-DEL02-RJ
763087;05/04/2026;domingo;19:00:00;RJ;101;420;MANGARATIBA;Trafegar com motocicleta (ou similar) entre as faixas;Colisão transversal;Com Vítimas Feridas;Amanhecer;Decrescente;Céu Claro;Dupla;"Retorno Regulamentado;Reta";Não;3;0;2;0;2;1;0;2;-22,9161837;-43,93316746;SPRF-RJ;DEL03/RJ;UOP02-DEL03-RJ
763088;05/04/2026;domingo;19:00:00;ES;101;231;FUNDAO;Ausência de reação do condutor;Queda de ocupante de veículo;Com Vítimas Feridas;Plena Noite;Crescente;Céu Claro;Simples;Reta;Não;3;0;2;0;2;0;0;2;-19,94521925;-40,4077937;SPRF-ES;DEL02-ES;UOP01-DEL02-ES
763089;05/04/2026;domingo;17:50:00;PE;101;54,1;PAULISTA;Condutor deixou de manter distância do veículo da frente;Tombamento;Com Vítimas Feridas;Plena Noite;Decrescente;Chuva;Múltipla;"Reta;Declive";Não;7;0;1;1;2;4;0;6;-7,947973;-34,906093;SPRF-PE;DEL01/PE;UOP02-DEL01-PE
763090;05/04/2026;domingo;17:20:00;MG;262;55,9;MANHUACU;Ingestão de álcool pelo condutor;Colisão transversal;Sem Vítimas;Pleno dia;Decrescente;Nublado;Simples;Reta;Não;2;0;0;0;0;1;0;2;-20,266353;-42,182058;SPRF-MG;DEL06/MG;UOP03-DEL06-MG
763091;05/04/2026;domingo;18:55:00;SP;381;26;BRAGANCA PAULISTA;Manobra de mudança de faixa;Colisão lateral mesmo sentido;Com Vítimas Feridas;Plena Noite;Crescente;Nublado;Dupla;Reta;Sim;2;0;1;0;1;1;0;2;-23,02151965;-46,53103558;SPRF-SP;DEL03/SP;UOP02-DEL03-SP
763092;05/04/2026;domingo;16:42:00;MT;163;845;SINOP;Ingestão de álcool pelo condutor;Colisão traseira;Com Vítimas Feridas;Anoitecer;Decrescente;Chuva;Simples;"Reta;Em Obras";Não;6;0;0;1;1;5;0;2;-11,763925;-55,469963;SPRF-MT;DEL06/MT;UOP02-DEL06-MT
763094;05/04/2026;domingo;19:00:00;PR;277;177;PALMEIRA;Entrada inopinada do pedestre;Atropelamento de Pedestre;Com Vítimas Feridas;Plena Noite;Crescente;Nublado;Simples;"Reta;Aclive";Sim;5;0;0;1;1;3;0;2;-25,43471848;-50,00675862;SPRF-PR;DEL08/PR;UOP02-DEL08-PR
763095;05/04/2026;domingo;19:00:00;RS;287;262,6;SANTA MARIA;Transitar na contramão;Colisão frontal;Com Vítimas Fatais;Plena Noite;Crescente;Nublado;Simples;"Aclive;Reta";Não;2;1;0;0;0;1;0;2;-29,672999;-53,994018;SPRF-RS;DEL09/RS;UOP01-DEL09-RS
763096;05/04/2026;domingo;19:05:00;SC;101;199;SAO JOSE;Manobra de mudança de faixa;Colisão lateral mesmo sentido;Sem Vítimas;Plena Noite;Crescente;Chuva;Dupla;Reta;Sim;2;0;0;0;0;2;0;2;-27,5313986;-48,6315928;SPRF-SC;DEL01/SC;UOP01-DEL01-SC
763098;05/04/2026;domingo;16:50:00;PE;101;184;PALMARES;Ausência de reação do condutor;Tombamento;Com Vítimas Feridas;Pleno dia;Decrescente;Chuva;Dupla;Reta;Sim;2;0;2;0;2;0;0;1;-8,66977;-35,575005;SPRF-PE;DEL01/PE;UOP03-DEL01-PE
763099;05/04/2026;domingo;15:40:00;ES;262;173;IRUPI;Reação tardia ou ineficiente do condutor;Colisão lateral mesmo sentido;Com Vítimas Feridas;Pleno dia;Crescente;Sol;Simples;Reta;Não;2;0;1;0;1;1;0;2;-20,304678;-41,708895;SPRF-ES;DEL01-ES;UOP02-DEL01-ES
763100;05/04/2026;domingo;19:10:00;TO;10;428,5;PORTO NACIONAL;Ingestão de álcool pelo condutor;Tombamento;Sem Vítimas;Plena Noite;Crescente;Ignorado;Simples;Reta;Não;2;0;0;0;0;0;1;2;-10,51785;-48,36601;SPRF-TO;DEL01-TO;UOP03-DEL01-TO
763101;05/04/2026;domingo;14:30:00;MG;116;401;GOVERNADOR VALADARES;Acessar a via sem observar a presença dos outros veículos;Colisão transversal;Com Vítimas Feridas;Pleno dia;Crescente;Céu Claro;Simples;Reta;Não;2;0;0;1;1;1;0;2;-18,77087;-41,98578;SPRF-MG;DEL06/MG;UOP01-DEL06-MG
763103;05/04/2026;domingo;18:50:00;RJ;101;311;SAO GONCALO;Trafegar com motocicleta (ou similar) entre as faixas;Colisão lateral mesmo sentido;Com Vítimas Feridas;Pleno dia;Decrescente;Céu Claro;Dupla;Reta;Não;2;0;1;0;1;1;0;2;-22,80202199;-43,05627677;SPRF-RJ;DEL02/RJ;UOP02-DEL02-RJ