id;data_inversa;dia_semana;horario;uf;br;km;municipio;causa_acidente;tipo_acidente;classificacao_acidente;fase_dia;sentido_via;condicao_metereologica;tipo_pista;tracado_via;uso_solo;pessoas;mortos;feridos_leves;feridos_graves;feridos;ilesos;ignorados;veiculos;latitude;longitude;regional;delegacia;uop
763104;05/04/2026;domingo;18:30:00;SC;101;114,6;ITAJAI;Ausência de reação do condutor;Colisão traseira;Sem Vítimas;Anoitecer;Decrescente;Nublado;Dupla;Reta;Não;3;0;0;0;0;3;0;3;-26,86207238;-48,72847328;SPRF-SC;DEL04/SC;UOP04-DEL04-SC
763106;05/04/2026;domingo;16:30:00;SC;280;96;CORUPA;Transitar na contramão;Colisão frontal;Com Vítimas Feridas;Pleno dia;Crescente;Nublado;Simples;Aclive;Não;7;0;0;6;6;1;0;2;-26,3786;-49,3173;SPRF-SC;DEL06/SC;UOP03-DEL06-SC
763107;05/04/2026;domingo;18:02:00;SP;116;192;SANTA ISABEL;Entrada inopinada do pedestre;Atropelamento de Pedestre;Com Vítimas Feridas;Anoitecer;Decrescente;Vento;Dupla;"Declive;Reta";Não;5;0;1;0;1;3;0;2;-23,37768919;-46,25245095;SPRF-SP;DEL01/SP;UOP01-DEL01-SP
763109;05/04/2026;domingo;19:20:00;SC;101;149;ITAPEMA;Reação tardia ou ineficiente do condutor;Colisão traseira;Com Vítimas Feridas;Plena Noite;Decrescente;Garoa/Chuvisco;Múltipla;Reta;Sim;2;0;1;0;1;1;0;2;-27,09744803;-48,61860976;SPRF-SC;DEL04/SC;UOP03-DEL04-SC
763110;05/04/2026;domingo;19:00:00;PR;376;97;PARANAVAI;Ausência de reação do condutor;Colisão traseira;Com Vítimas Feridas;Plena Noite;Crescente;Céu Claro;Simples;Reta;Não;4;0;1;0;1;2;0;3;-23,01449;-52,51908;SPRF-PR;DEL09/PR;UOP02-DEL09-PR
763112;05/04/2026;domingo;18:45:00;SP;459;2;PIQUETE;Chuva;Colisão com objeto;Com Vítimas Feridas;Plena Noite;Crescente;Chuva;Simples;Curva;Não;1;0;1;0;1;0;0;1;-22,5698433;-45,2147867;SPRF-SP;DEL08/SP;UOP02-DEL08-SP
763113;05/04/2026;domingo;19:00:00;RS;386;216,2;TIO HUGO;Acessar a via sem observar a presença dos outros veículos;Colisão transversal;Com Vítimas Fatais;Plena Noite;Crescente;Nublado;Simples;"Aclive;Curva";Não;4;1;1;2;3;0;0;2;-28,588369;-52,599365;SPRF-RS;DEL04/RS;UOP03-DEL04-RS
763114;05/04/2026;domingo;17:30:00;MA;10;308;ACAILANDIA;Reação tardia ou ineficiente do condutor;Colisão traseira;Com Vítimas Feridas;Anoitecer;Crescente;Céu Claro;Simples;Reta;Não;8;0;1;0;1;7;0;2;-5,03933;-47,54919;SPRF-MA;DEL04-MA;UOP03-DEL04-MA
763115;05/04/2026;domingo;18:24:00;MG;116;406,7;GOVERNADOR VALADARES;Condutor deixou de manter distância do veículo da frente;Colisão traseira;Com Vítimas Feridas;Plena Noite;Crescente;Nublado;Simples;Reta;Não;3;0;1;0;1;2;0;2;-18,82304;-41,98612;SPRF-MG;DEL06/MG;UOP01-DEL06-MG
763116;05/04/2026;domingo;19:50:00;PB;230;234;JUAZEIRINHO;Ausência de reação do condutor;Tombamento;Com Vítimas Fatais;Plena Noite;Crescente;Nublado;Simples;Reta;Não;1;1;0;0;0;0;0;1;-7,04257359;-36,51811266;SPRF-PB;DEL02-PB;UOP02-DEL02-PB
763117;05/04/2026;domingo;19:50:00;GO;414;439;ANAPOLIS;Ausência de reação do condutor;Colisão traseira;Com Vítimas Feridas;Plena Noite;Crescente;Céu Claro;Simples;"Declive;Reta";Sim;6;0;1;0;1;5;0;2;-16,27;-48,94;SPRF-GO;DEL02/GO;UOP01-DEL02-GO
763119;05/04/2026;domingo;18:30:00;MS;158;92;PARANAIBA;Ingestão de álcool pelo condutor;Colisão com objeto;Com Vítimas Feridas;Plena Noite;Crescente;Céu Claro;Dupla;Curva;Sim;1;0;1;0;1;0;0;1;-19,65343751;-51,20469444;SPRF-MS;DEL08/MS;UOP01-DEL08-MS
763121;05/04/2026;domingo;16:45:00;RJ;101;279;ITABORAI;Transitar na contramão;Colisão frontal;Sem Vítimas;Pleno dia;Crescente;Céu Claro;Simples;Reta;Não;3;0;0;0;0;3;0;2;-22,738384;-42,766666;SPRF-RJ;DEL02/RJ;UOP03-DEL02-RJ
763122;05/04/2026;domingo;19:55:00;RJ;101;265;RIO BONITO;Condutor deixou de manter distância do veículo da frente;Colisão traseira;Com Vítimas Feridas;Plena Noite;Crescente;Céu Claro;Dupla;Reta;Sim;3;0;2;0;2;1;0;2;-22,70747247;-42,65476227;SPRF-RJ;DEL02/RJ;UOP03-DEL02-RJ
763123;05/04/2026;domingo;20:20:00;MG;40;509,8;RIBEIRAO DAS NEVES;Reação tardia ou ineficiente do condutor;Colisão traseira;Com Vítimas Feridas;Plena Noite;Crescente;Céu Claro;Dupla;"Reta;Declive";Sim;5;0;1;0;1;4;0;2;-19,77338551;-44,12485018;SPRF-MG;DEL01/MG;UOP02-DEL01-MG
763124;05/04/2026;domingo;20:26:00;ES;259;21;JOAO NEIVA;Transitar na contramão;Colisão frontal;Com Vítimas Fatais;Plena Noite;Crescente;Céu Claro;Simples;"Aclive;Curva";Não;5;1;3;0;3;1;0;3;-19,64352136;-40,46423078;SPRF-ES;DEL02-ES;UOP01-DEL02-ES
763125;05/04/2026;domingo;20:46:00;ES;101;8,2;SERRA;Afundamento ou ondulação no pavimento;Queda de ocupante de veículo;Com Vítimas Feridas;Plena Noite;Crescente;Céu Claro;Dupla;Reta;Não;1;0;0;1;1;0;0;1;-20,09557398;-40,35487314;SPRF-ES;DEL02-ES;UOP01-DEL02-ES
763126;05/04/2026;domingo;19:40:00;RJ;101;484,5;ANGRA DOS REIS;Ausência de reação do condutor;Queda de ocupante de veículo;Com Vítimas Feridas;Plena Noite;Crescente;Céu Claro;Simples;Reta;Sim;2;0;2;0;2;0;0;1;-22,98992171;-44,24196874;SPRF-RJ;DEL03/RJ;UOP03-DEL03-RJ
763127;05/04/2026;domingo;19:30:00;ES;262;28;VIANA;Ingestão de álcool pelo condutor;Colisão lateral mesmo sentido;Sem Vítimas;Plena Noite;Decrescente;Céu Claro;Simples;"Reta;Aclive";Não;2;0;0;0;0;2;0;2;-20,38227069;-40,55952641;SPRF-ES;DEL01-ES;UOP01-DEL01-ES
763128;05/04/2026;domingo;18:10:00;GO;60;238,9;INDIARA;Velocidade Incompatível;Saída de leito carroçável;Sem Vítimas;Anoitecer;Crescente;Céu Claro;Dupla;Reta;Não;1;0;0;0;0;1;0;1;-17,09856;-49,874343;SPRF-GO;DEL01/GO;UOP02-DEL01-GO
763129;05/04/2026;domingo;19:12:00;RN;304;182;ANGICOS;Transitar na contramão;Colisão lateral sentido oposto;Com Vítimas Feridas;Plena Noite;Crescente;Céu Claro;Simples;"Aclive;Reta";Não;2;0;1;0;1;1;0;2;-5,69019979;-36,31331956;SPRF-RN;DEL01-RN;UOP03-DEL01-RN
763130;05/04/2026;domingo;17:30:00;MG;381;616;OLIVEIRA;Ausência de reação do condutor;Saída de leito carroçável;Com Vítimas Feridas;Pleno dia;Crescente;Céu Claro;Dupla;Reta;Não;1;0;1;0;1;0;0;1;-20,72355;-44,768646;SPRF-MG;DEL04/MG;UOP01-DEL04-MG
763131;05/04/2026;domingo;20:30:00;SC;470;125;LONTRAS;Retorno proibido;Colisão transversal;Com Vítimas Feridas;Plena Noite;Crescente;Céu Claro;Simples;"Declive;Reta";Não;3;0;2;0;2;0;0;2;-27,130587;-49,53829;SPRF-SC;DEL04/SC;UOP02-DEL04-SC
763132;05/04/2026;domingo;17:10:00;MG;381;530,1;ITATIAIUCU;Ausência de reação do condutor;Colisão com objeto;Com Vítimas Feridas;Pleno dia;Decrescente;Nublado;Dupla;"Aclive;Curva";Não;2;0;1;0;1;1;0;1;-20,163115;-44,356616;SPRF-MG;DEL04/MG;UOP03-DEL04-MG
763133;05/04/2026;domingo;20:15:00;SC;101;78,5;ARAQUARI;Condutor deixou de manter distância do veículo da frente;Colisão traseira;Sem Vítimas;Plena Noite;Decrescente;Nublado;Dupla;Reta;Não;2;0;0;0;0;2;0;2;-26,5891743;-48,72166006;SPRF-SC;DEL03/SC;UOP02-DEL03-SC
763134;05/04/2026;domingo;18:00:00;RJ;493;99;SEROPEDICA;Entrada inopinada do pedestre;Atropelamento de Pedestre;Com Vítimas Fatais;Plena Noite;Crescente;Céu Claro;Dupla;Reta;Não;2;1;0;0;0;1;0;2;-22,733712;-43,718326;SPRF-RJ;DEL01/RJ;UOP03-DEL01-RJ
763136;05/04/2026;domingo;20:48:00;PB;230;10,5;CABEDELO;Pista Escorregadia;Tombamento;Com Vítimas Feridas;Plena Noite;Crescente;Garoa/Chuvisco;Dupla;Reta;Sim;2;0;2;0;2;0;0;1;-7,058652;-34,850493;SPRF-PB;DEL01-PB;UOP01-DEL01-PB
763137;05/04/2026;domingo;21:10:00;MG;354;751,8;ITAMONTE;Velocidade Incompatível;Saída de leito carroçável;Com Vítimas Feridas;Plena Noite;Decrescente;Nublado;Simples;Curva;Sim;1;0;1;0;1;0;0;1;-22,26817039;-44,88071501;SPRF-MG;DEL17/MG;UOP01-DEL17-MG
763138;05/04/2026;domingo;14:12:00;RN;304;301,9;MACAIBA;Condutor deixou de manter distância do veículo da frente;Colisão traseira;Com Vítimas Feridas;Pleno dia;Decrescente;Sol;Dupla;Reta;Não;3;0;2;0;2;0;0;2;-5,87924;-35,298092;SPRF-RN;DEL01-RN;UOP02-DEL01-RN
763139;05/04/2026;domingo;19:15:00;MG;116;531,4;CARATINGA;Pedestre - Ingestão de álcool/ substâncias psicoativas;Atropelamento de Pedestre;Com Vítimas Feridas;Plena Noite;Decrescente;Nublado;Simples;Curva;Não;2;0;0;1;1;1;0;2;-19,827217;-42,139628;SPRF-MG;DEL06/MG;UOP02-DEL06-MG
763140;05/04/2026;domingo;19:00:00;BA;101;615;MASCOTE;Entrada inopinada do pedestre;Atropelamento de Pedestre;Com Vítimas Feridas;Plena Noite;Decrescente;Céu Claro;Simples;Reta;Não;7;0;0;1;1;6;0;3;-15,6120232;-39,4326387;SPRF-BA;DEL05/BA;UOP02-DEL05-BA
763141;05/04/2026;domingo;19:53:00;SP;381;62;MAIRIPORA;Manobra de mudança de faixa;Colisão lateral mesmo sentido;Com Vítimas Feridas;Plena Noite;Crescente;Céu Claro;Dupla;"Declive;Curva";Não;10;0;2;0;2;7;0;4;-23,29720513;-46,57180667;SPRF-SP;DEL03/SP;UOP01-DEL03-SP
763142;05/04/2026;domingo;19:00:00;PR;277;215,7;TEIXEIRA SOARES;Ausência de reação do condutor;Saída de leito carroçável;Sem Vítimas;Plena Noite;Crescente;Céu Claro;Simples;Curva;Não;1;0;0;0;0;1;0;1;-25,465732;-50,351422;SPRF-PR;DEL08/PR;UOP02-DEL08-PR
763143;05/04/2026;domingo;19:50:00;RJ;40;120;DUQUE DE CAXIAS;Reação tardia ou ineficiente do condutor;Colisão lateral mesmo sentido;Com Vítimas Feridas;Plena Noite;Decrescente;Céu Claro;Múltipla;Reta;Sim;6;0;0;2;2;4;0;2;-22,77267021;-43,28592575;SPRF-RJ;DEL01/RJ;UOP02-DEL01-RJ
763146;05/04/2026;domingo;18:50:00;SC;116;222;CORREIA PINTO;Entrada inopinada do pedestre;Atropelamento de Pedestre;Com Vítimas Fatais;Plena Noite;Crescente;Céu Claro;Simples;Reta;Não;5;1;0;0;0;3;0;2;-27,60236219;-50,35538435;SPRF-SC;DEL05/SC;UOP03-DEL05-SC
763147;05/04/2026;domingo;21:00:00;RS;386;425;MONTENEGRO;Mal súbito do condutor;Colisão com objeto;Com Vítimas Feridas;Plena Noite;Crescente;Nublado;Simples;Reta;Não;1;0;1;0;1;0;0;1;-29,81897133;-51,36773435;SPRF-RS;DEL04/RS;UOP02-DEL04-RS
763148;05/04/2026;domingo;19:00:00;PR;376;509;PONTA GROSSA;Ausência de reação do condutor;Saída de leito carroçável;Com Vítimas Feridas;Plena Noite;Crescente;Chuva;Dupla;Curva;Não;1;0;1;0;1;0;0;1;-25,245008;-50,02384;SPRF-PR;DEL03/PR;UOP03-DEL03-PR
763149;05/04/2026;domingo;19:00:00;PI;316;73;MONSENHOR GIL;Ingestão de álcool pelo condutor;Colisão traseira;Sem Vítimas;Plena Noite;Decrescente;Nublado;Simples;"Declive;Reta";Não;3;0;0;0;0;3;0;3;-5,684338;-42,599065;SPRF-PI;DEL01-PI;UOP02-DEL01-PI
763150;05/04/2026;domingo;21:20:00;MG;354;703,5;CAXAMBU;Acessar a via sem observar a presença dos outros veículos;Colisão transversal;Com Vítimas Feridas;Plena Noite;Crescente;Nublado;Simples;"Reta;Interseção de Vias";Sim;3;0;0;2;2;1;0;2;-21,979073;-44,923603;SPRF-MG;DEL17/MG;UOP01-DEL17-MG
763151;05/04/2026;domingo;21:10:00;PE;101;185,2;PALMARES;Acessar a via sem observar a presença dos outros veículos;Colisão frontal;Com Vítimas Feridas;Plena Noite;Crescente;Garoa/Chuvisco;Simples;Reta;Sim;3;0;2;0;2;0;0;2;-8,676359;-35,576959;SPRF-PE;DEL01/PE;UOP03-DEL01-PE
763152;05/04/2026;domingo;21:23:00;RN;226;14,1;MACAIBA;Pista esburacada;Tombamento;Com Vítimas Feridas;Plena Noite;Decrescente;Céu Claro;Simples;Reta;Não;2;0;2;0;2;0;0;1;-5,853597;-35,32756;SPRF-RN;DEL01-RN;UOP02-DEL01-RN
763155;05/04/2026;domingo;17:00:00;GO;70;389;MONTES CLAROS DE GOIAS;Ausência de reação do condutor;Saída de leito carroçável;Com Vítimas Feridas;Pleno dia;Decrescente;Chuva;Simples;Reta;Não;5;0;2;1;3;2;0;1;-15,86329736;-51,6383827;SPRF-GO;DEL04/GO;UOP02-DEL04-GO
763158;05/04/2026;domingo;18:00:00;MS;163;349,5;RIO BRILHANTE;Fumaça;Incêndio;Sem Vítimas;Plena Noite;Decrescente;Céu Claro;Simples;Reta;Não;1;0;0;0;0;0;1;1;-21,6108702;-54,4368723;SPRF-MS;DEL02/MS;UOP02-DEL02-MS
763159;05/04/2026;domingo;21:40:00;PR;277;583,5;CASCAVEL;Condutor deixou de manter distância do veículo da frente;Colisão traseira;Com Vítimas Feridas;Plena Noite;Decrescente;Céu Claro;Dupla;Reta;Sim;3;0;0;1;1;2;0;2;-24,98064797;-53,37892116;SPRF-PR;DEL04/PR;UOP01-DEL04-PR
763161;05/04/2026;domingo;20:00:00;MT;163;874;SINOP;Reação tardia ou ineficiente do condutor;Eventos atípicos;Sem Vítimas;Plena Noite;Crescente;Céu Claro;Simples;"Reta;Aclive";Não;1;0;0;0;0;0;1;1;-11,534027;-55,389622;SPRF-MT;DEL06/MT;UOP02-DEL06-MT
763163;05/04/2026;domingo;21:40:00;PA;230;123;MARABA;Reação tardia ou ineficiente do condutor;Colisão traseira;Sem Vítimas;Plena Noite;Decrescente;Nublado;Dupla;Reta;Sim;2;0;0;0;0;2;0;2;-5,36823;-49,12866;SPRF-PA;DEL03/PA;UOP01-DEL03-PA
763164;05/04/2026;domingo;21:50:00;RJ;101;79;CAMPOS DOS GOYTACAZES;Acessar a via sem observar a presença dos outros veículos;Colisão transversal;Com Vítimas Feridas;Plena Noite;Decrescente;Céu Claro;Simples;Reta;Sim;2;0;0;1;1;1;0;2;-21,836113;-41,431;SPRF-RJ;DEL08/RJ;UOP02-DEL08-RJ
763166;05/04/2026;domingo;22:34:00;RN;304;293;MACAIBA;Acumulo de areia ou detritos sobre o pavimento;Queda de ocupante de veículo;Com Vítimas Feridas;Plena Noite;Decrescente;Céu Claro;Dupla;Reta;Não;2;0;1;0;1;1;0;1;-5,868;-35,375;SPRF-RN;DEL01-RN;UOP02-DEL01-RN
763167;05/04/2026;domingo;16:50:00;RO;364;83;VILHENA;Reação tardia ou ineficiente do condutor;Saída de leito carroçável;Com Vítimas Feridas;Pleno dia;Decrescente;Chuva;Simples;"Declive;Curva";Não;3;0;2;0;2;0;0;1;-12,41735;-60,600697;SPRF-RO;DEL04-RO;UOP01-DEL04-RO
763168;05/04/2026;domingo;22:52:00;SP;116;227;SAO PAULO;Reação tardia ou ineficiente do condutor;Colisão lateral mesmo sentido;Com Vítimas Feridas;Plena Noite;Decrescente;Nublado;Múltipla;Reta;Sim;2;0;1;0;1;1;0;2;-23,50441583;-46,56911578;SPRF-SP;DEL01/SP;UOP01-DEL01-SP
763169;05/04/2026;domingo;21:20:00;RO;364;518;ARIQUEMES;Reação tardia ou ineficiente do condutor;Tombamento;Com Vítimas Feridas;Plena Noite;Crescente;Céu Claro;Dupla;Reta;Sim;1;0;0;1;1;0;0;1;-9,89238686;-63,05644367;SPRF-RO;DEL03-RO;UOP01-DEL03-RO
763170;05/04/2026;domingo;22:25:00;RN;406;150,5;CEARA-MIRIM;Condutor Dormindo;Colisão lateral sentido oposto;Sem Vítimas;Plena Noite;Crescente;Céu Claro;Simples;Reta;Sim;2;0;0;0;0;2;0;2;-5,64741906;-35,45185089;SPRF-RN;DEL02-RN;UOP01-DEL02-RN
763172;05/04/2026;domingo;22:40:00;PI;316;311;PICOS;Reação tardia ou ineficiente do condutor;Colisão com objeto;Sem Vítimas;Plena Noite;Crescente;Céu Claro;Dupla;"Reta;Ponte";Sim;2;0;0;0;0;2;0;1;-7,076507;-41,465606;SPRF-PI;DEL04-PI;UOP01-DEL04-PI
763173;05/04/2026;domingo;19:15:00;PR;277;505,1;GUARANIACU;Ingestão de álcool pelo condutor;Colisão traseira;Com Vítimas Feridas;Plena Noite;Decrescente;Céu Claro;Simples;Reta;Não;2;0;0;1;1;1;0;2;-25,139507;-52,711102;SPRF-PR;DEL04/PR;UOP04-DEL04-PR
763174;20/03/2026;sexta-feira;18:30:00;AL;316;98;SANTANA DO IPANEMA;Transitar na contramão;Colisão frontal;Com Vítimas Fatais;Plena Noite;Crescente;Céu Claro;Simples;"Reta;Declive";Não;4;1;2;1;3;0;0;2;-9,387355;-37,133733;SPRF-AL;DEL03-AL;UOP02-DEL03-AL
763175;05/04/2026;domingo;21:30:00;PR;277;677;MEDIANEIRA;Ausência de reação do condutor;Colisão traseira;Sem Vítimas;Plena Noite;Decrescente;Céu Claro;Dupla;Reta;Não;2;0;0;0;0;2;0;2;-25,32323553;-54,16500092;SPRF-PR;DEL05/PR;UOP01-DEL05-PR
763176;05/04/2026;domingo;22:15:00;SC;101;185,2;BIGUACU;Reação tardia ou ineficiente do condutor;Saída de leito carroçável;Com Vítimas Feridas;Plena Noite;Crescente;Chuva;Dupla;Reta;Não;1;0;0;1;1;0;0;1;-27,42769;-48,623698;SPRF-SC;DEL01/SC;UOP01-DEL01-SC
763179;05/04/2026;domingo;21:20:00;GO;153;107;SANTA TEREZA DE GOIAS;Ausência de reação do condutor;Saída de leito carroçável;Com Vítimas Feridas;Plena Noite;Crescente;Céu Claro;Simples;Reta;Não;1;0;1;0;1;0;0;1;-13,71533496;-49,02093021;SPRF-GO;DEL07/GO;UOP01-DEL07-GO
763180;05/04/2026;domingo;21:15:00;RJ;101;424,7;MANGARATIBA;Reação tardia ou ineficiente do condutor;Colisão traseira;Com Vítimas Feridas;Plena Noite;Crescente;Céu Claro;Simples;Reta;Não;3;0;0;2;2;1;0;2;-22,92697889;-43,9696227;SPRF-RJ;DEL03/RJ;UOP02-DEL03-RJ
763182;05/04/2026;domingo;22:20:00;DF;80;23,8;BRASILIA;Reação tardia ou ineficiente do condutor;Colisão traseira;Com Vítimas Feridas;Plena Noite;Crescente;Céu Claro;Simples;Reta;Não;2;0;1;1;2;0;0;2;-15,632145;-48,200063;SPRF-DF;DEL03-DF;UOP02-DEL03-DF
763184;05/04/2026;domingo;20:15:00;PR;373;274;PRUDENTOPOLIS;Transitar na contramão;Colisão frontal;Com Vítimas Fatais;Plena Noite;Decrescente;Céu Claro;Simples;Reta;Não;5;1;2;0;2;1;0;3;-25,25094;-51,057108;SPRF-PR;DEL08/PR;UOP01-DEL08-PR
763185;05/04/2026;domingo;21:44:00;BA;242;370;PALMEIRAS;Reação tardia ou ineficiente do condutor;Colisão frontal;Com Vítimas Feridas;Plena Noite;Crescente;Nevoeiro/Neblina;Simples;"Declive;Curva";Não;7;0;5;2;7;0;0;2;-12,45523244;-41,48202036;SPRF-BA;DEL06/BA;UOP01-DEL06-BA
763186;01/02/2026;domingo;04:15:00;RJ;356;160;SAO JOAO DA BARRA;Transitar na contramão;Colisão frontal;Com Vítimas Feridas;Amanhecer;Crescente;Céu Claro;Simples;Curva;Não;5;0;3;1;4;0;0;3;-21,72329907;-41,17799012;SPRF-RJ;DEL08/RJ;UOP02-DEL08-RJ
763188;05/04/2026;domingo;23:20:00;SP;381;37;ATIBAIA;Condutor deixou de manter distância do veículo da frente;Colisão traseira;Com Vítimas Feridas;Plena Noite;Crescente;Céu Claro;Dupla;Reta;Sim;2;0;1;0;1;1;0;2;-23,108617;-46,570374;SPRF-SP;DEL03/SP;UOP01-DEL03-SP
763189;06/04/2026;segunda-feira;00:00:00;RS;101;72,6;OSORIO;Reação tardia ou ineficiente do condutor;Capotamento;Com Vítimas Feridas;Plena Noite;Decrescente;Nublado;Dupla;Curva;Não;2;0;2;0;2;0;0;1;-29,7713716;-50,2175591;SPRF-RS;DEL03/RS;UOP01-DEL03-RS
763193;06/04/2026;segunda-feira;00:30:00;PR;277;705;SAO MIGUEL DO IGUACU;Ausência de reação do condutor;Saída de leito carroçável;Com Vítimas Feridas;Plena Noite;Decrescente;Céu Claro;Dupla;Reta;Não;1;0;0;1;1;0;0;1;-25,42826127;-54,36598269;SPRF-PR;DEL05/PR;UOP01-DEL05-PR
763195;05/04/2026;domingo;23:55:00;SC;101;463;PASSO DE TORRES;Ausência de reação do condutor;Saída de leito carroçável;Com Vítimas Feridas;Plena Noite;Crescente;Garoa/Chuvisco;Dupla;Reta;Não;4;0;1;1;2;2;0;1;-29,29472354;-49,76477114;SPRF-RS;DEL03/RS;UOP02-DEL03-RS
763196;06/04/2026;segunda-feira;00:46:00;RN;304;172,6;ANGICOS;Transitar na contramão;Colisão frontal;Com Vítimas Fatais;Plena Noite;Decrescente;Céu Claro;Simples;"Ponte;Reta";Não;3;1;0;0;0;2;0;3;-5,6871476;-36,4054575;SPRF-RN;DEL01-RN;UOP03-DEL01-RN
763199;06/04/2026;segunda-feira;01:15:00;PR;277;615;CEU AZUL;Ausência de reação do condutor;Saída de leito carroçável;Com Vítimas Feridas;Plena Noite;Crescente;Céu Claro;Simples;Reta;Não;4;0;3;0;3;1;0;1;-25,05974937;-53,64551067;SPRF-PR;DEL05/PR;UOP02-DEL05-PR
763200;06/04/2026;segunda-feira;01:20:00;DF;80;16;BRASILIA;Acessar a via sem observar a presença dos outros veículos;Atropelamento de Pedestre;Com Vítimas Feridas;Plena Noite;Decrescente;Céu Claro;Simples;Reta;Não;2;0;1;0;1;1;0;2;-15,73087563;-48,18063704;SPRF-DF;DEL03-DF;UOP02-DEL03-DF
763201;06/04/2026;segunda-feira;01:28:00;PI;343;341;TERESINA;Ingestão de álcool pelo condutor;Saída de leito carroçável;Com Vítimas Feridas;Plena Noite;Decrescente;Chuva;Dupla;"Declive;Reta";Sim;1;0;0;1;1;0;0;1;-5,077788;-42,744814;SPRF-PI;DEL01-PI;UOP01-DEL01-PI
763203;06/04/2026;segunda-feira;00:20:00;GO;153;111;VILA PROPICIO;Ausência de reação do condutor;Colisão traseira;Sem Vítimas;Plena Noite;Decrescente;Nublado;Simples;Interseção de Vias;Não;2;0;0;0;0;2;0;2;-15,138288;-48,825754;SPRF-GO;DEL07/GO;UOP01-DEL07-GO
763204;05/04/2026;domingo;23:00:00;PR;476;67;CERRO AZUL;Velocidade Incompatível;Colisão frontal;Com Vítimas Feridas;Plena Noite;Crescente;Garoa/Chuvisco;Simples;Curva;Não;3;0;1;0;1;0;0;2;-25,06024017;-49,08617914;SPRF-PR;DEL01/PR;UOP01-DEL01-PR
763205;06/04/2026;segunda-feira;03:15:00;RJ;101;504;ANGRA DOS REIS;Demais falhas mecânicas ou elétricas;Colisão traseira;Com Vítimas Feridas;Plena Noite;Crescente;Nublado;Simples;Reta;Não;2;0;1;0;1;1;0;2;-22,930029;-44,382508;SPRF-RJ;DEL03/RJ;UOP03-DEL03-RJ
763207;06/04/2026;segunda-feira;04:14:00;MS;163;82;ITAQUIRAI;Reação tardia ou ineficiente do condutor;Saída de leito carroçável;Sem Vítimas;Plena Noite;Decrescente;Céu Claro;Simples;"Declive;Reta";Não;1;0;0;0;0;1;0;1;-23,439801;-54,203799;SPRF-MS;DEL09/MS;UOP01-DEL09-MS
763208;06/04/2026;segunda-feira;05:00:00;PB;101;77,3;SANTA RITA;Ausência de reação do condutor;Colisão com objeto;Com Vítimas Fatais;Amanhecer;Crescente;Chuva;Dupla;"Reta;Em Obras;Ponte;Desvio Temporário";Não;5;1;4;0;4;0;0;1;-7,10458013;-34,9642995;SPRF-PB;DEL01-PB;UOP03-DEL01-PB
763210;05/04/2026;domingo;18:50:00;CE;122;84;IBARETAMA;Acumulo de água sobre o pavimento;Saída de leito carroçável;Com Vítimas Feridas;Plena Noite;Decrescente;Chuva;Simples;Reta;Não;5;0;1;0;1;4;0;1;-4,8057413;-38,80943098;SPRF-CE;DEL03/CE;UOP01-DEL03-CE
763211;06/04/2026;segunda-feira;05:30:00;MG;40;515;RIBEIRAO DAS NEVES;Ausência de reação do condutor;Tombamento;Com Vítimas Feridas;Amanhecer;Crescente;Céu Claro;Dupla;Reta;Sim;1;0;0;1;1;0;0;1;-19,80320891;-44,09946442;SPRF-MG;DEL01/MG;UOP02-DEL01-MG
763212;06/04/2026;segunda-feira;05:30:00;MG;40;505,5;RIBEIRAO DAS NEVES;Condutor Dormindo;Saída de leito carroçável;Sem Vítimas;Pleno dia;Decrescente;Céu Claro;Dupla;"Aclive;Reta";Sim;1;0;0;0;0;1;0;1;-19,75216369;-44,14358139;SPRF-MG;DEL02/MG;UOP01-DEL02-MG
763214;06/04/2026;segunda-feira;04:06:00;SP;116;227;GUARULHOS;Ausência de reação do condutor;Colisão com objeto;Sem Vítimas;Plena Noite;Decrescente;Céu Claro;Múltipla;Reta;Sim;1;0;0;0;0;0;1;1;-23,49596717;-46,55574012;SPRF-SP;DEL01/SP;UOP01-DEL01-SP
763215;06/04/2026;segunda-feira;06:40:00;SC;101;199;SAO JOSE;Reação tardia ou ineficiente do condutor;Colisão traseira;Com Vítimas Feridas;Pleno dia;Crescente;Chuva;Dupla;Reta;Sim;2;0;1;0;1;1;0;2;-27,53497;-48,62902;SPRF-SC;DEL01/SC;UOP01-DEL01-SC
763216;06/04/2026;segunda-feira;06:45:00;SC;101;208,7;SAO JOSE;Condutor deixou de manter distância do veículo da frente;Colisão traseira;Com Vítimas Feridas;Pleno dia;Decrescente;Nublado;Múltipla;Reta;Sim;4;0;1;0;1;3;0;4;-27,60801;-48,63678;SPRF-SC;DEL01/SC;UOP01-DEL01-SC
763217;06/04/2026;segunda-feira;06:20:00;RJ;101;312;SAO GONCALO;Trafegar com motocicleta (ou similar) entre as faixas;Colisão traseira;Com Vítimas Feridas;Pleno dia;Crescente;Céu Claro;Dupla;Reta;Sim;2;0;0;1;1;1;0;2;-22,80910486;-43,06776571;SPRF-RJ;DEL02/RJ;UOP02-DEL02-RJ