id;data_inversa;dia_semana;horario;uf;br;km;municipio;causa_acidente;tipo_acidente;classificacao_acidente;fase_dia;sentido_via;condicao_metereologica;tipo_pista;tracado_via;uso_solo;pessoas;mortos;feridos_leves;feridos_graves;feridos;ilesos;ignorados;veiculos;latitude;longitude;regional;delegacia;uop
763218;06/04/2026;segunda-feira;04:45:00;SE;101;126,5;ITAPORANGA DAJUDA;Afundamento ou ondulação no pavimento;Tombamento;Com Vítimas Feridas;Amanhecer;Crescente;Nublado;Dupla;Reta;Não;2;0;2;0;2;0;0;1;-11,06894;-37,36284;SPRF-SE;DEL02-SE;UOP01-DEL02-SE
763219;06/04/2026;segunda-feira;00:30:00;SC;101;376;ICARA;Pista Escorregadia;Queda de ocupante de veículo;Com Vítimas Feridas;Plena Noite;Crescente;Garoa/Chuvisco;Múltipla;Curva;Sim;1;0;1;0;1;0;0;1;-28,74410415;-49,25513148;SPRF-SC;DEL02/SC;UOP01-DEL02-SC
763220;06/04/2026;segunda-feira;06:30:00;SP;381;1,9;VARGEM;Ausência de reação do condutor;Queda de ocupante de veículo;Com Vítimas Feridas;Pleno dia;Decrescente;Céu Claro;Dupla;"Aclive;Reta";Sim;2;0;2;0;2;0;0;1;-22,90685471;-46,42375946;SPRF-SP;DEL03/SP;UOP02-DEL03-SP
763221;06/04/2026;segunda-feira;06:30:00;PI;343;338;TERESINA;Condutor deixou de manter distância do veículo da frente;Colisão traseira;Com Vítimas Feridas;Pleno dia;Crescente;Céu Claro;Dupla;Reta;Sim;2;0;1;0;1;1;0;2;-5,06463;-42,726482;SPRF-PI;DEL01-PI;UOP01-DEL01-PI
763222;06/04/2026;segunda-feira;06:30:00;BA;324;617;SALVADOR;Reação tardia ou ineficiente do condutor;Colisão traseira;Com Vítimas Feridas;Pleno dia;Decrescente;Sol;Múltipla;Reta;Sim;3;0;0;1;1;2;0;2;-12,892882;-38,4465212;SPRF-BA;DEL01/BA;UOP01-DEL01-BA
763223;06/04/2026;segunda-feira;07:00:00;SE;235;2,8;ARACAJU;Reação tardia ou ineficiente do condutor;Colisão traseira;Com Vítimas Feridas;Pleno dia;Crescente;Céu Claro;Dupla;Reta;Sim;2;0;1;0;1;1;0;2;-10,907187;-37,09614;SPRF-SE;DEL01-SE;UOP01-DEL01-SE
763224;05/04/2026;domingo;16:15:00;AM;174;936;RIO PRETO DA EVA;Avarias e/ou desgaste excessivo no pneu;Saída de leito carroçável;Com Vítimas Feridas;Pleno dia;Decrescente;Céu Claro;Dupla;Aclive;Não;3;0;2;0;2;0;0;2;-2,52503;-60,036348;SPRF-AM;DEL01-AM;UOP01-DEL01-AM
763226;06/04/2026;segunda-feira;07:05:00;PR;116;125,7;FAZENDA RIO GRANDE;Trafegar com motocicleta (ou similar) entre as faixas;Colisão lateral mesmo sentido;Com Vítimas Feridas;Pleno dia;Decrescente;Nublado;Dupla;Reta;Sim;2;0;1;0;1;1;0;2;-25,635085;-49,313158;SPRF-PR;DEL01/PR;UOP03-DEL01-PR
763227;05/04/2026;domingo;17:50:00;PA;230;1;ALTAMIRA;Condutor deixou de manter distância do veículo da frente;Colisão traseira;Com Vítimas Feridas;Anoitecer;Crescente;Nublado;Dupla;Reta;Sim;2;0;1;0;1;1;0;2;-3,17767252;-52,18274492;SPRF-PA;DEL03/PA;UOP01-DEL03-PA
763229;06/04/2026;segunda-feira;01:03:00;RJ;465;3;SEROPEDICA;Reação tardia ou ineficiente do condutor;Atropelamento de Pedestre;Com Vítimas Feridas;Plena Noite;Decrescente;Céu Claro;Simples;Reta;Não;2;0;2;0;2;0;0;2;-22,71982365;-43,72627258;SPRF-RJ;DEL06/RJ;UOP02-DEL06-RJ
763230;06/04/2026;segunda-feira;06:50:00;SP;153;299;SAO PEDRO DO TURVO;Ausência de reação do condutor;Queda de ocupante de veículo;Com Vítimas Feridas;Pleno dia;Decrescente;Céu Claro;Simples;Reta;Não;1;0;1;0;1;0;0;1;-22,674091;-49,8766472;SPRF-SP;DEL07/SP;UOP03-DEL07-SP
763231;06/04/2026;segunda-feira;06:55:00;BA;367;83,9;EUNAPOLIS;Acessar a via sem observar a presença dos outros veículos;Colisão transversal;Com Vítimas Feridas;Pleno dia;Decrescente;Sol;Simples;Reta;Sim;2;0;0;1;1;1;0;2;-16,37424;-39,577608;SPRF-BA;DEL09/BA;UOP03-DEL09-BA
763232;06/04/2026;segunda-feira;07:40:00;SC;101;145;ITAPEMA;Manobra de mudança de faixa;Colisão lateral mesmo sentido;Com Vítimas Feridas;Pleno dia;Decrescente;Chuva;Dupla;"Aclive;Reta";Sim;2;0;1;0;1;1;0;2;-27,085094;-48,606492;SPRF-SC;DEL04/SC;UOP03-DEL04-SC
763233;06/04/2026;segunda-feira;07:45:00;SC;101;191;BIGUACU;Demais falhas mecânicas ou elétricas;Saída de leito carroçável;Com Vítimas Feridas;Pleno dia;Crescente;Chuva;Dupla;Curva;Não;1;0;1;0;1;0;0;1;-27,477428;-48,64146;SPRF-SC;DEL01/SC;UOP01-DEL01-SC
763234;06/04/2026;segunda-feira;00:10:00;RO;364;381;OURO PRETO DO OESTE;Acessar a via sem observar a presença dos outros veículos;Saída de leito carroçável;Com Vítimas Feridas;Plena Noite;Decrescente;Céu Claro;Simples;Curva;Não;2;0;1;0;1;1;0;1;-10,7282907;-62,23025322;SPRF-RO;DEL02-RO;UOP01-DEL02-RO
763235;06/04/2026;segunda-feira;05:50:00;SC;101;57;ARAQUARI;Entrada inopinada do pedestre;Atropelamento de Pedestre;Com Vítimas Feridas;Amanhecer;Crescente;Garoa/Chuvisco;Múltipla;Reta;Não;2;0;0;1;1;1;0;2;-26,43549413;-48,8148061;SPRF-SC;DEL03/SC;UOP01-DEL03-SC
763237;06/04/2026;segunda-feira;05:50:00;RO;364;423;JARU;Velocidade Incompatível;Saída de leito carroçável;Com Vítimas Feridas;Amanhecer;Decrescente;Nevoeiro/Neblina;Simples;Aclive;Sim;1;0;1;0;1;0;0;1;-10,45306185;-62,46046382;SPRF-RO;DEL03-RO;UOP02-DEL03-RO
763238;06/04/2026;segunda-feira;07:33:00;PE;232;9;RECIFE;Demais falhas mecânicas ou elétricas;Incêndio;Sem Vítimas;Pleno dia;Crescente;Céu Claro;Dupla;"Reta;Aclive";Sim;1;0;0;0;0;1;0;1;-8,07782404;-34,97863261;SPRF-PE;DEL01/PE;UOP01-DEL01-PE
763239;06/04/2026;segunda-feira;07:00:00;BA;101;942;MUCURI;Ausência de reação do condutor;Queda de ocupante de veículo;Com Vítimas Feridas;Pleno dia;Decrescente;Céu Claro;Simples;Reta;Não;1;0;1;0;1;0;0;1;-18,06980827;-39,88156971;SPRF-BA;DEL09/BA;UOP02-DEL09-BA
763240;06/04/2026;segunda-feira;06:45:00;PE;428;165;PETROLINA;Demais falhas mecânicas ou elétricas;Tombamento;Com Vítimas Feridas;Amanhecer;Crescente;Céu Claro;Simples;Reta;Não;11;0;1;1;2;9;0;3;-9,19167;-40,384092;SPRF-PE;DEL06/PE;UOP01-DEL06-PE
763242;06/04/2026;segunda-feira;08:20:00;PR;116;111,4;CURITIBA;Trafegar com motocicleta (ou similar) entre as faixas;Colisão traseira;Com Vítimas Feridas;Pleno dia;Crescente;Nublado;Dupla;Reta;Sim;2;0;0;1;1;1;0;2;-25,552358;-49,278;SPRF-PR;DEL01/PR;UOP03-DEL01-PR
763243;06/04/2026;segunda-feira;08:33:00;SC;101;376;ICARA;Afundamento ou ondulação no pavimento;Tombamento;Com Vítimas Feridas;Pleno dia;Decrescente;Céu Claro;Dupla;Reta;Sim;1;0;1;0;1;0;0;1;-28,73811016;-49,24910992;SPRF-SC;DEL02/SC;UOP01-DEL02-SC
763245;06/04/2026;segunda-feira;06:50:00;MS;463;50,5;PONTA PORA;Reação tardia ou ineficiente do condutor;Saída de leito carroçável;Com Vítimas Feridas;Pleno dia;Crescente;Céu Claro;Simples;Reta;Não;4;0;2;0;2;2;0;1;-22,368;-55,2427;SPRF-MS;DEL04/MS;UOP03-DEL04-MS
763247;10/03/2026;terça-feira;21:30:00;SC;282;30;SANTO AMARO DA IMPERATRIZ;Velocidade Incompatível;Saída de leito carroçável;Com Vítimas Feridas;Plena Noite;Decrescente;Chuva;Simples;Curva;Não;1;0;1;0;1;0;0;1;-27,687655;-48,790932;SPRF-SC;DEL01/SC;UOP03-DEL01-SC
763248;06/04/2026;segunda-feira;08:00:00;SP;116;560;BARRA DO TURVO;Chuva;Capotamento;Com Vítimas Feridas;Pleno dia;Decrescente;Chuva;Múltipla;Curva;Não;4;0;3;0;3;1;0;1;-25,02474177;-48,51834744;SPRF-SP;DEL05/SP;UOP02-DEL05-SP
763249;06/04/2026;segunda-feira;08:00:00;AL;104;86;RIO LARGO;Ausência de reação do condutor;Colisão lateral mesmo sentido;Sem Vítimas;Pleno dia;Crescente;Nublado;Dupla;Reta;Sim;2;0;0;0;0;1;0;2;-9,4708;-35,8234;SPRF-AL;DEL01-AL;UOP01-DEL01-AL
763250;06/04/2026;segunda-feira;08:00:00;MT;163;13;ITIQUIRA;Ausência de reação do condutor;Queda de ocupante de veículo;Com Vítimas Feridas;Pleno dia;Decrescente;Céu Claro;Dupla;Reta;Não;1;0;1;0;1;0;0;1;-17,4062144;-54,7564727;SPRF-MT;DEL02/MT;UOP03-DEL02-MT
763251;02/04/2026;quinta-feira;11:34:00;RO;429;26;JI-PARANA;Acumulo de areia ou detritos sobre o pavimento;Colisão com objeto;Sem Vítimas;Pleno dia;Decrescente;Sol;Simples;Aclive;Não;2;0;0;0;0;2;0;1;-10,82694634;-62,01386703;SPRF-RO;DEL02-RO;UOP03-DEL02-RO
763252;06/04/2026;segunda-feira;07:50:00;PE;101;88,4;JABOATAO DOS GUARARAPES;Condutor deixou de manter distância do veículo da frente;Colisão traseira;Com Vítimas Feridas;Pleno dia;Crescente;Sol;Dupla;Reta;Não;4;0;1;0;1;2;0;4;-8,200607;-34,979255;SPRF-PE;DEL01/PE;UOP01-DEL01-PE
763253;06/04/2026;segunda-feira;08:15:00;MG;262;32,9;MANHUACU;Acessar a via sem observar a presença dos outros veículos;Colisão transversal;Com Vítimas Feridas;Pleno dia;Crescente;Céu Claro;Simples;Reta;Sim;3;0;1;0;1;2;0;2;-20,25994257;-42,02442169;SPRF-MG;DEL06/MG;UOP03-DEL06-MG
763254;06/04/2026;segunda-feira;08:00:00;RJ;101;425;MANGARATIBA;Acessar a via sem observar a presença dos outros veículos;Colisão transversal;Com Vítimas Feridas;Pleno dia;Crescente;Sol;Simples;"Reta;Declive;Retorno Regulamentado";Sim;2;0;0;1;1;1;0;2;-22,92936574;-43,97557855;SPRF-RJ;DEL03/RJ;UOP02-DEL03-RJ
763256;06/04/2026;segunda-feira;09:25:00;RN;101;106;PARNAMIRIM;Acessar a via sem observar a presença dos outros veículos;Colisão transversal;Com Vítimas Feridas;Pleno dia;Crescente;Céu Claro;Múltipla;Interseção de Vias;Sim;3;0;1;0;1;2;0;2;-5,911208;-35,261715;SPRF-RN;DEL01-RN;UOP01-DEL01-RN
763258;06/04/2026;segunda-feira;07:00:00;RS;158;91;PALMEIRA DAS MISSOES;Ausência de reação do condutor;Saída de leito carroçável;Sem Vítimas;Amanhecer;Decrescente;Céu Claro;Simples;Curva;Não;1;0;0;0;0;0;1;1;-27,78855141;-53,33431944;SPRF-RS;DEL08/RS;UOP02-DEL08-RS
763262;06/04/2026;segunda-feira;09:00:00;SP;116;139;SAO JOSE DOS CAMPOS;Ausência de reação do condutor;Tombamento;Com Vítimas Feridas;Pleno dia;Crescente;Céu Claro;Dupla;Reta;Não;2;0;1;0;1;1;0;1;-23,15945852;-45,80234528;SPRF-SP;DEL02/SP;UOP01-DEL02-SP
763264;06/04/2026;segunda-feira;07:43:00;BA;324;621;SALVADOR;Reação tardia ou ineficiente do condutor;Colisão traseira;Com Vítimas Feridas;Pleno dia;Crescente;Nublado;Múltipla;Reta;Não;2;0;1;0;1;1;0;2;-12,92312555;-38,46816508;SPRF-BA;DEL01/BA;UOP01-DEL01-BA
763265;06/04/2026;segunda-feira;08:34:00;RO;364;709;PORTO VELHO;Reação tardia ou ineficiente do condutor;Queda de ocupante de veículo;Com Vítimas Feridas;Pleno dia;Crescente;Céu Claro;Simples;Reta;Sim;1;0;1;0;1;0;0;1;-8,78927097;-63,85114281;SPRF-RO;DEL01-RO;UOP01-DEL01-RO
763266;28/03/2026;sábado;14:55:00;MG;381;322;NOVA ERA;Desrespeitar a preferência no cruzamento;Colisão transversal;Com Vítimas Feridas;Pleno dia;Decrescente;Céu Claro;Dupla;Reta;Sim;2;0;1;0;1;1;0;2;-19,75676502;-43,02718809;SPRF-MG;DEL03/MG;UOP02-DEL03-MG
763268;31/03/2026;terça-feira;07:30:00;PE;104;61,1;CARUARU;Ausência de reação do condutor;Colisão traseira;Com Vítimas Feridas;Pleno dia;Decrescente;Céu Claro;Dupla;"Interseção de Vias;Reta";Não;2;0;1;0;1;0;0;2;-8,2493;-35,97495;SPRF-PE;DEL02/PE;UOP01-DEL02-PE
763270;06/04/2026;segunda-feira;09:30:00;BA;415;25;ILHEUS;Acessar a via sem observar a presença dos outros veículos;Colisão transversal;Com Vítimas Feridas;Pleno dia;Decrescente;Nublado;Simples;Interseção de Vias;Não;2;0;1;0;1;1;0;2;-14,792318;-39,187203;SPRF-BA;DEL05/BA;UOP01-DEL05-BA
763271;06/04/2026;segunda-feira;11:00:00;RS;116;258;ESTEIO;Reação tardia ou ineficiente do condutor;Colisão traseira;Com Vítimas Feridas;Pleno dia;Crescente;Céu Claro;Múltipla;Reta;Não;2;0;1;0;1;1;0;2;-29,85393667;-51,18002264;SPRF-RS;DEL01/RS;UOP02-DEL01-RS
763273;06/04/2026;segunda-feira;11:30:00;PE;101;68;RECIFE;Acumulo de areia ou detritos sobre o pavimento;Queda de ocupante de veículo;Com Vítimas Feridas;Pleno dia;Decrescente;Céu Claro;Dupla;Interseção de Vias;Sim;1;0;1;0;1;0;0;1;-8,052762;-34,946002;SPRF-PE;DEL01/PE;UOP01-DEL01-PE
763275;06/04/2026;segunda-feira;07:20:00;SC;280;6,5;SAO FRANCISCO DO SUL;Condutor deixou de manter distância do veículo da frente;Colisão traseira;Com Vítimas Feridas;Pleno dia;Crescente;Chuva;Simples;Reta;Sim;2;0;0;1;1;1;0;2;-26,26896775;-48,63854377;SPRF-SC;DEL03/SC;UOP03-DEL03-SC
763277;06/04/2026;segunda-feira;06:50:00;SC;470;170;POUSO REDONDO;Reação tardia ou ineficiente do condutor;Tombamento;Com Vítimas Feridas;Amanhecer;Decrescente;Nublado;Simples;Reta;Não;1;0;0;1;1;0;0;1;-27,26399014;-49,89570522;SPRF-SC;DEL04/SC;UOP02-DEL04-SC
763278;06/04/2026;segunda-feira;10:15:00;SC;470;141;RIO DO SUL;Acessar a via sem observar a presença dos outros veículos;Colisão transversal;Com Vítimas Feridas;Pleno dia;Crescente;Nublado;Simples;Reta;Sim;3;0;2;0;2;1;0;2;-27,20782258;-49,64968157;SPRF-SC;DEL04/SC;UOP02-DEL04-SC
763279;06/04/2026;segunda-feira;11:30:00;DF;251;37,8;BRASILIA;Desrespeitar a preferência no cruzamento;Colisão transversal;Com Vítimas Feridas;Pleno dia;Decrescente;Céu Claro;Simples;Interseção de Vias;Não;6;0;1;0;1;5;0;2;-15,945861;-47,790838;SPRF-DF;DEL01-DF;UOP01-DEL01-DF
763280;06/04/2026;segunda-feira;11:15:00;MG;40;41,4;PARACATU;Manobra de mudança de faixa;Colisão transversal;Com Vítimas Feridas;Pleno dia;Decrescente;Sol;Simples;"Rotatória;Reta";Sim;2;0;1;0;1;1;0;2;-17,215231;-46,869353;SPRF-MG;DEL14/MG;UOP01-DEL14-MG
763286;06/04/2026;segunda-feira;11:25:00;PR;277;652;MATELANDIA;Acessar a via sem observar a presença dos outros veículos;Colisão transversal;Sem Vítimas;Pleno dia;Decrescente;Céu Claro;Simples;"Interseção de Vias;Reta";Não;2;0;0;0;0;2;0;2;-25,19528985;-53,94149177;SPRF-PR;DEL05/PR;UOP02-DEL05-PR
763288;06/04/2026;segunda-feira;13:00:00;SC;101;189,5;BIGUACU;Chuva;Colisão com objeto;Com Vítimas Feridas;Pleno dia;Decrescente;Chuva;Dupla;Curva;Não;1;0;1;0;1;0;0;1;-27,46414696;-48,64183903;SPRF-SC;DEL01/SC;UOP01-DEL01-SC
763291;06/04/2026;segunda-feira;10:30:00;SC;480;131;CHAPECO;Objeto estático sobre o leito carroçável;Colisão com objeto;Com Vítimas Feridas;Pleno dia;Crescente;Sol;Simples;Reta;Não;3;0;0;1;1;1;0;2;-27,06529608;-52,63012743;SPRF-SC;DEL07/SC;UOP01-DEL07-SC
763292;06/04/2026;segunda-feira;08:20:00;RJ;101;333;RIO DE JANEIRO;Condutor deixou de manter distância do veículo da frente;Colisão traseira;Com Vítimas Feridas;Pleno dia;Crescente;Céu Claro;Dupla;Reta;Não;2;0;1;0;1;1;0;2;-22,87174665;-43,20407867;SPRF-RJ;DEL02/RJ;UOP01-DEL02-RJ
763293;06/04/2026;segunda-feira;13:30:00;SC;280;24,6;ARAQUARI;Acesso irregular;Colisão transversal;Com Vítimas Feridas;Pleno dia;Crescente;Chuva;Simples;Reta;Sim;2;0;1;0;1;1;0;2;-26,3809086;-48,7241435;SPRF-SC;DEL03/SC;UOP03-DEL03-SC
763295;06/04/2026;segunda-feira;10:30:00;AL;316;84;SANTANA DO IPANEMA;Acessar a via sem observar a presença dos outros veículos;Colisão transversal;Com Vítimas Feridas;Pleno dia;Decrescente;Céu Claro;Simples;Reta;Não;2;0;1;0;1;1;0;2;-9,366753;-37,254348;SPRF-AL;DEL03-AL;UOP02-DEL03-AL
763297;06/04/2026;segunda-feira;12:50:00;SC;282;606;MARAVILHA;Acessar a via sem observar a presença dos outros veículos;Colisão transversal;Com Vítimas Feridas;Pleno dia;Crescente;Céu Claro;Simples;"Rotatória;Em Obras;Reta";Sim;4;0;4;0;4;0;0;2;-26,7748659;-53,2040944;SPRF-SC;DEL07/SC;UOP02-DEL07-SC
763300;06/04/2026;segunda-feira;07:30:00;SC;101;207,6;SAO JOSE;Chuva;Queda de ocupante de veículo;Com Vítimas Feridas;Pleno dia;Decrescente;Chuva;Dupla;Reta;Sim;1;0;1;0;1;0;0;1;-27,597959;-48,620544;SPRF-SC;DEL01/SC;UOP01-DEL01-SC
763302;06/04/2026;segunda-feira;11:30:00;SC;101;131;CAMBORIU;Acumulo de água sobre o pavimento;Saída de leito carroçável;Sem Vítimas;Pleno dia;Crescente;Chuva;Dupla;Reta;Sim;1;0;0;0;0;1;0;1;-26,98960966;-48,66425006;SPRF-SC;DEL04/SC;UOP03-DEL04-SC
763305;06/04/2026;segunda-feira;13:30:00;SP;116;222;GUARULHOS;Acumulo de areia ou detritos sobre o pavimento;Colisão com objeto;Com Vítimas Feridas;Pleno dia;Decrescente;Nublado;Múltipla;Reta;Sim;1;0;1;0;1;0;0;1;-23,47133076;-46,51745145;SPRF-SP;DEL01/SP;UOP01-DEL01-SP
763307;06/04/2026;segunda-feira;13:15:00;RJ;101;533;PARATY;Reação tardia ou ineficiente do condutor;Colisão lateral mesmo sentido;Com Vítimas Feridas;Pleno dia;Decrescente;Céu Claro;Simples;Reta;Não;2;0;1;0;1;1;0;2;-23,0284836;-44,54114302;SPRF-RJ;DEL03/RJ;UOP03-DEL03-RJ
763308;06/04/2026;segunda-feira;11:43:00;MS;262;239;RIBAS DO RIO PARDO;Acessar a via sem observar a presença dos outros veículos;Colisão transversal;Com Vítimas Feridas;Pleno dia;Decrescente;Céu Claro;Simples;"Interseção de Vias;Reta";Sim;2;0;0;1;1;1;0;2;-20,45661403;-53,75218598;SPRF-MS;DEL01/MS;UOP05-DEL01-MS
763309;06/04/2026;segunda-feira;10:30:00;RO;364;703;PORTO VELHO;Manobra de mudança de faixa;Saída de leito carroçável;Sem Vítimas;Pleno dia;Crescente;Céu Claro;Dupla;Reta;Não;1;0;0;0;0;1;0;1;-8,80033537;-63,80126595;SPRF-RO;DEL01-RO;UOP01-DEL01-RO
763312;06/04/2026;segunda-feira;15:10:00;SC;101;12,1;GARUVA;Velocidade Incompatível;Colisão com objeto;Com Vítimas Feridas;Pleno dia;Decrescente;Chuva;Dupla;Curva;Não;1;0;1;0;1;0;0;1;-26,08718431;-48,86216037;SPRF-SC;DEL03/SC;UOP01-DEL03-SC
763313;06/04/2026;segunda-feira;14:25:00;PR;376;268;MARILANDIA DO SUL;Acessar a via sem observar a presença dos outros veículos;Colisão transversal;Com Vítimas Fatais;Pleno dia;Decrescente;Céu Claro;Dupla;"Retorno Regulamentado;Reta";Não;4;1;0;2;2;0;0;3;-23,73612007;-51,27979159;SPRF-PR;DEL07/PR;UOP02-DEL07-PR
763314;06/04/2026;segunda-feira;14:50:00;SC;282;18,8;PALHOCA;Chuva;Engavetamento;Com Vítimas Feridas;Pleno dia;Crescente;Chuva;Simples;Aclive;Sim;4;0;1;0;1;2;0;4;-27,69517147;-48,6623479;SPRF-SC;DEL01/SC;UOP02-DEL01-SC
763315;06/04/2026;segunda-feira;14:40:00;PE;101;73,5;RECIFE;Reação tardia ou ineficiente do condutor;Tombamento;Com Vítimas Feridas;Pleno dia;Decrescente;Nublado;Dupla;Reta;Sim;1;0;1;0;1;0;0;1;-8,09711;-34,949807;SPRF-PE;DEL01/PE;UOP01-DEL01-PE
763316;06/04/2026;segunda-feira;14:05:00;PR;376;342;ORTIGUEIRA;Ausência de reação do condutor;Colisão traseira;Com Vítimas Feridas;Pleno dia;Decrescente;Céu Claro;Simples;"Aclive;Curva";Não;2;0;1;0;1;1;0;2;-24,172982;-50,966238;SPRF-PR;DEL07/PR;UOP02-DEL07-PR
763317;06/04/2026;segunda-feira;14:48:00;MG;381;949,5;EXTREMA;Ausência de reação do condutor;Saída de leito carroçável;Com Vítimas Feridas;Pleno dia;Crescente;Céu Claro;Dupla;Reta;Não;2;0;2;0;2;0;0;1;-22,87510761;-46,36663914;SPRF-MG;DEL16/MG;UOP03-DEL16-MG
763318;06/04/2026;segunda-feira;14:00:00;CE;222;120;ITAPAJE;Ausência de reação do condutor;Colisão com objeto;Com Vítimas Feridas;Pleno dia;Decrescente;Chuva;Simples;Reta;Não;3;0;3;0;3;0;0;1;-3,713627;-39,566985;SPRF-CE;DEL04/CE;UOP03-DEL04-CE
763321;06/04/2026;segunda-feira;13:00:00;BA;135;331;CORRENTINA;Acessar a via sem observar a presença dos outros veículos;Colisão transversal;Com Vítimas Feridas;Pleno dia;Decrescente;Nublado;Simples;"Reta;Declive";Não;6;0;0;1;1;5;0;2;-13,2341727;-44,6588847;SPRF-BA;DEL10/BA;UOP02-DEL10-BA
763322;06/04/2026;segunda-feira;15:50:00;ES;101;302,1;VIANA;Avarias e/ou desgaste excessivo no pneu;Colisão com objeto;Com Vítimas Feridas;Pleno dia;Decrescente;Céu Claro;Dupla;Reta;Sim;2;0;0;1;1;0;0;2;-20,37127633;-40,44345617;SPRF-ES;DEL01-ES;UOP01-DEL01-ES
763324;06/04/2026;segunda-feira;14:45:00;RS;392;117;CANGUCU;Reação tardia ou ineficiente do condutor;Colisão lateral mesmo sentido;Sem Vítimas;Pleno dia;Crescente;Nublado;Simples;Rotatória;Sim;3;0;0;0;0;3;0;2;-31,413713;-52,67598;SPRF-RS;DEL07/RS;UOP01-DEL07-RS
763325;06/04/2026;segunda-feira;15:36:00;SC;116;267,7;CAPAO ALTO;Acessar a via sem observar a presença dos outros veículos;Colisão transversal;Com Vítimas Fatais;Pleno dia;Crescente;Céu Claro;Simples;Interseção de Vias;Não;2;1;0;0;0;1;0;2;-27,9563;-50,4842267;SPRF-SC;DEL05/SC;UOP02-DEL05-SC
763326;06/04/2026;segunda-feira;16:00:00;MG;251;479;FRANCISCO SA;Condutor Dormindo;Colisão com objeto;Com Vítimas Feridas;Pleno dia;Decrescente;Céu Claro;Simples;Reta;Não;1;0;1;0;1;0;0;1;-16,47145;-43,46815;SPRF-MG;DEL12/MG;UOP01-DEL12-MG
763327;06/04/2026;segunda-feira;15:39:00;PE;101;67;RECIFE;Manobra de mudança de faixa;Colisão lateral mesmo sentido;Com Vítimas Feridas;Pleno dia;Crescente;Nublado;Dupla;Reta;Sim;2;0;0;1;1;1;0;2;-8,04192;-34,94304;SPRF-PE;DEL01/PE;UOP01-DEL01-PE
763328;06/04/2026;segunda-feira;15:00:00;SC;101;336;TUBARAO;Acumulo de água sobre o pavimento;Colisão com objeto;Com Vítimas Feridas;Pleno dia;Crescente;Chuva;Dupla;"Curva;Viaduto";Sim;1;0;1;0;1;0;0;1;-28,47795003;-49,03236254;SPRF-SC;DEL02/SC;UOP01-DEL02-SC
763330;06/04/2026;segunda-feira;16:45:00;DF;20;21,8;BRASILIA;Manobra de mudança de faixa;Colisão lateral mesmo sentido;Com Vítimas Feridas;Pleno dia;Crescente;Céu Claro;Dupla;"Reta;Em Obras";Sim;2;0;0;1;1;1;0;2;-15,599112;-47,676583;SPRF-DF;DEL02-DF;UOP01-DEL02-DF
763332;06/04/2026;segunda-feira;16:45:00;SP;116;203;ARUJA;Velocidade Incompatível;Queda de ocupante de veículo;Com Vítimas Feridas;Pleno dia;Decrescente;Céu Claro;Dupla;Reta;Não;1;0;1;0;1;0;0;1;-23,41207;-46,355699;SPRF-SP;DEL01/SP;UOP01-DEL01-SP
763337;06/04/2026;segunda-feira;16:15:00;SE;235;28;AREIA BRANCA;Reação tardia ou ineficiente do condutor;Colisão traseira;Sem Vítimas;Pleno dia;Crescente;Céu Claro;Simples;Curva;Não;2;0;0;0;0;2;0;2;-10,793361;-37,278867;SPRF-SE;DEL01-SE;UOP02-DEL01-SE
763338;06/04/2026;segunda-feira;15:25:00;SC;280;100,3;SAO BENTO DO SUL;Ausência de reação do condutor;Saída de leito carroçável;Com Vítimas Feridas;Pleno dia;Crescente;Nublado;Simples;"Aclive;Curva";Não;1;0;1;0;1;0;0;1;-26,3646;-49,3352;SPRF-SC;DEL06/SC;UOP03-DEL06-SC
763339;06/04/2026;segunda-feira;16:05:00;MG;262;438;NOVA SERRANA;Ausência de reação do condutor;Colisão traseira;Com Vítimas Feridas;Pleno dia;Decrescente;Sol;Simples;Declive;Sim;5;0;1;1;2;3;0;2;-19,871218;-44,980827;SPRF-MG;DEL08/MG;UOP03-DEL08-MG
763340;06/04/2026;segunda-feira;17:20:00;SP;381;38;ATIBAIA;Reação tardia ou ineficiente do condutor;Colisão traseira;Com Vítimas Feridas;Pleno dia;Crescente;Céu Claro;Dupla;Reta;Sim;2;0;1;0;1;1;0;2;-23,15103419;-46,57222509;SPRF-SP;DEL03/SP;UOP01-DEL03-SP
763342;06/04/2026;segunda-feira;10:30:00;BA;101;12;RIO REAL;Ausência de reação do condutor;Colisão com objeto;Sem Vítimas;Pleno dia;Decrescente;Céu Claro;Dupla;Reta;Não;1;0;0;0;0;1;0;1;-11,5816;-37,87387;SPRF-SE;DEL02-SE;UOP03-DEL02-SE
763343;06/04/2026;segunda-feira;14:35:00;RO;364;436;JARU;Condutor deixou de manter distância do veículo da frente;Colisão traseira;Sem Vítimas;Pleno dia;Crescente;Céu Claro;Simples;"Reta;Aclive";Não;4;0;0;0;0;4;0;2;-10,37424483;-62,55595621;SPRF-RO;DEL03-RO;UOP02-DEL03-RO