id;data_inversa;dia_semana;horario;uf;br;km;municipio;causa_acidente;tipo_acidente;classificacao_acidente;fase_dia;sentido_via;condicao_metereologica;tipo_pista;tracado_via;uso_solo;pessoas;mortos;feridos_leves;feridos_graves;feridos;ilesos;ignorados;veiculos;latitude;longitude;regional;delegacia;uop
763344;06/04/2026;segunda-feira;16:50:00;PA;316;150;CAPANEMA;Chuva;Tombamento;Com Vítimas Feridas;Pleno dia;Crescente;Chuva;Simples;Reta;Não;1;0;1;0;1;0;0;1;-1,214512;-47,18916;SPRF-PA;DEL01/PA;UOP03-DEL01-PA
763345;06/04/2026;segunda-feira;16:30:00;SP;116;311;SAO LOURENCO DA SERRA;Ausência de reação do condutor;Colisão traseira;Com Vítimas Feridas;Pleno dia;Crescente;Céu Claro;Dupla;"Reta;Declive";Não;3;0;1;0;1;1;0;2;-23,8776;-46,968488;SPRF-SP;DEL04/SP;UOP01-DEL04-SP
763349;06/04/2026;segunda-feira;16:00:00;MA;135;23;SAO LUIS;Velocidade Incompatível;Colisão traseira;Com Vítimas Feridas;Pleno dia;Crescente;Nublado;Dupla;Reta;Sim;2;0;1;0;1;1;0;2;-2,557337;-44,312052;SPRF-MA;DEL01-MA;UOP01-DEL01-MA
763351;06/04/2026;segunda-feira;17:30:00;SC;470;51,3;BLUMENAU;Reação tardia ou ineficiente do condutor;Tombamento;Com Vítimas Feridas;Pleno dia;Decrescente;Garoa/Chuvisco;Simples;Reta;Sim;1;0;1;0;1;0;0;1;-26,86335711;-49,08776223;SPRF-SC;DEL04/SC;UOP01-DEL04-SC
763352;18/03/2026;quarta-feira;17:35:00;SC;470;51;BLUMENAU;Acessar a via sem observar a presença dos outros veículos;Colisão lateral mesmo sentido;Com Vítimas Feridas;Anoitecer;Crescente;Céu Claro;Simples;Interseção de Vias;Sim;3;0;0;1;1;2;0;3;-26,86245328;-49,09194845;SPRF-SC;DEL04/SC;UOP01-DEL04-SC
763353;06/04/2026;segunda-feira;17:30:00;SP;116;148;SAO JOSE DOS CAMPOS;Reação tardia ou ineficiente do condutor;Colisão lateral mesmo sentido;Com Vítimas Feridas;Pleno dia;Decrescente;Céu Claro;Múltipla;Reta;Sim;2;0;1;0;1;1;0;2;-23,20910366;-45,88825594;SPRF-SP;DEL02/SP;UOP01-DEL02-SP
763354;06/04/2026;segunda-feira;15:30:00;MT;174;501;COMODORO;Reação tardia ou ineficiente do condutor;Colisão lateral mesmo sentido;Com Vítimas Feridas;Pleno dia;Crescente;Céu Claro;Simples;Reta;Sim;4;0;1;0;1;3;0;2;-13,65507895;-59,7949848;SPRF-MT;DEL04/MT;UOP02-DEL04-MT
763355;06/04/2026;segunda-feira;17:32:00;PR;116;126,5;FAZENDA RIO GRANDE;Pedestre cruzava a pista fora da faixa;Atropelamento de Pedestre;Com Vítimas Feridas;Anoitecer;Crescente;Céu Claro;Dupla;Reta;Sim;2;0;0;1;1;1;0;2;-25,66731857;-49,31461986;SPRF-PR;DEL01/PR;UOP03-DEL01-PR
763356;06/04/2026;segunda-feira;14:05:00;SC;282;515,1;XAXIM;Manobra de mudança de faixa;Colisão lateral sentido oposto;Com Vítimas Feridas;Pleno dia;Crescente;Céu Claro;Simples;"Reta;Declive";Não;6;0;1;0;1;4;0;2;-26,91804309;-52,49287572;SPRF-SC;DEL07/SC;UOP01-DEL07-SC
763357;06/04/2026;segunda-feira;17:30:00;MG;262;39,7;MANHUACU;Condutor deixou de manter distância do veículo da frente;Colisão lateral mesmo sentido;Com Vítimas Feridas;Anoitecer;Crescente;Céu Claro;Simples;Reta;Sim;3;0;1;0;1;2;0;2;-20,27234327;-42,06349522;SPRF-MG;DEL06/MG;UOP03-DEL06-MG
763358;06/04/2026;segunda-feira;17:20:00;DF;251;50;BRASILIA;Acessar a via sem observar a presença dos outros veículos;Colisão transversal;Com Vítimas Feridas;Pleno dia;Crescente;Nublado;Simples;Reta;Não;2;0;1;0;1;1;0;2;-15,970802;-47,896018;SPRF-DF;DEL01-DF;UOP01-DEL01-DF
763359;06/04/2026;segunda-feira;16:50:00;RJ;101;479;ANGRA DOS REIS;Reação tardia ou ineficiente do condutor;Saída de leito carroçável;Com Vítimas Feridas;Pleno dia;Crescente;Céu Claro;Simples;"Reta;Interseção de Vias";Sim;2;0;1;0;1;1;0;1;-23,005475;-44,276824;SPRF-RJ;DEL03/RJ;UOP03-DEL03-RJ
763360;06/04/2026;segunda-feira;17:00:00;RJ;116;178;BELFORD ROXO;Demais falhas na via;Eventos atípicos;Com Vítimas Feridas;Anoitecer;Crescente;Céu Claro;Múltipla;Reta;Sim;1;0;1;0;1;0;0;1;-22,776673;-43,398374;SPRF-RJ;DEL06/RJ;UOP01-DEL06-RJ
763361;04/03/2026;quarta-feira;17:00:00;PB;230;155,8;CAMPINA GRANDE;Pista esburacada;Colisão lateral mesmo sentido;Com Vítimas Feridas;Anoitecer;Decrescente;Céu Claro;Dupla;"Em Obras;Desvio Temporário";Não;3;0;1;0;1;0;0;2;-7,27394076;-35,90800796;SPRF-PB;DEL02-PB;UOP01-DEL02-PB
763362;06/04/2026;segunda-feira;16:50:00;MG;381;613,8;OLIVEIRA;Reação tardia ou ineficiente do condutor;Saída de leito carroçável;Com Vítimas Feridas;Pleno dia;Crescente;Chuva;Dupla;"Curva;Declive";Não;2;0;2;0;2;0;0;1;-20,7075632;-44,755029;SPRF-MG;DEL04/MG;UOP01-DEL04-MG
763363;06/04/2026;segunda-feira;15:20:00;RJ;465;15;SEROPEDICA;Ausência de reação do condutor;Colisão lateral mesmo sentido;Com Vítimas Feridas;Pleno dia;Decrescente;Céu Claro;Simples;Curva;Sim;2;0;1;0;1;1;0;2;-22,81185137;-43,63038808;SPRF-RJ;DEL06/RJ;UOP02-DEL06-RJ
763364;06/04/2026;segunda-feira;18:15:00;SP;153;73,5;SAO JOSE DO RIO PRETO;Reação tardia ou ineficiente do condutor;Colisão com objeto;Com Vítimas Feridas;Plena Noite;Crescente;Céu Claro;Dupla;Reta;Não;2;0;2;0;2;0;0;1;-20,883182;-49,425019;SPRF-SP;DEL09/SP;UOP01-DEL09-SP
763365;06/04/2026;segunda-feira;18:15:00;RJ;101;74;CAMPOS DOS GOYTACAZES;Acesso irregular;Colisão lateral mesmo sentido;Com Vítimas Feridas;Plena Noite;Crescente;Ignorado;Simples;Reta;Sim;2;0;1;0;1;0;0;2;-21,80936529;-41,39717674;SPRF-RJ;DEL08/RJ;UOP02-DEL08-RJ
763366;06/04/2026;segunda-feira;17:20:00;PR;163;163,9;LINDOESTE;Mal súbito do condutor;Saída de leito carroçável;Com Vítimas Feridas;Pleno dia;Crescente;Céu Claro;Simples;Reta;Sim;2;0;1;0;1;0;0;2;-25,285412;-53,568797;SPRF-PR;DEL05/PR;UOP05-DEL05-PR
763367;06/04/2026;segunda-feira;18:25:00;ES;262;162;IBATIBA;Ultrapassagem Indevida;Colisão frontal;Com Vítimas Feridas;Anoitecer;Crescente;Garoa/Chuvisco;Simples;Reta;Não;4;0;0;1;1;1;0;3;-20,25347878;-41,56653777;SPRF-ES;DEL01-ES;UOP02-DEL01-ES
763368;06/04/2026;segunda-feira;18:00:00;AL;104;86,7;RIO LARGO;Ausência de reação do condutor;Tombamento;Com Vítimas Feridas;Plena Noite;Crescente;Garoa/Chuvisco;Dupla;Curva;Não;7;0;2;0;2;5;0;1;-9,4817;-35,887;SPRF-AL;DEL01-AL;UOP01-DEL01-AL
763369;06/04/2026;segunda-feira;18:50:00;MG;40;521;CONTAGEM;Acessar a via sem observar a presença dos outros veículos;Colisão transversal;Com Vítimas Feridas;Plena Noite;Decrescente;Céu Claro;Dupla;"Curva;Retorno Regulamentado";Não;3;0;1;1;2;1;0;2;-19,85368275;-44,07208443;SPRF-MG;DEL01/MG;UOP02-DEL01-MG
763370;06/04/2026;segunda-feira;18:45:00;MG;116;416,2;GOVERNADOR VALADARES;Acessar a via sem observar a presença dos outros veículos;Colisão transversal;Com Vítimas Feridas;Plena Noite;Crescente;Céu Claro;Simples;Reta;Sim;2;0;1;0;1;1;0;2;-18,9;-41,946;SPRF-MG;DEL06/MG;UOP01-DEL06-MG
763372;06/04/2026;segunda-feira;16:15:00;MG;381;572;ITAGUARA;Velocidade Incompatível;Saída de leito carroçável;Com Vítimas Feridas;Pleno dia;Crescente;Nublado;Dupla;Reta;Não;2;0;0;1;1;1;0;1;-20,429209;-44,548714;SPRF-MG;DEL04/MG;UOP03-DEL04-MG
763374;06/04/2026;segunda-feira;18:50:00;RS;392;0,3;PELOTAS;Retorno proibido;Colisão transversal;Com Vítimas Fatais;Plena Noite;Crescente;Nublado;Simples;Reta;Não;3;1;2;0;2;0;0;2;-31,75843129;-52,401972;SPRF-RS;DEL07/RS;UOP01-DEL07-RS
763375;06/04/2026;segunda-feira;17:20:00;MT;70;284;PRIMAVERA DO LESTE;Acessar a via sem observar a presença dos outros veículos;Colisão transversal;Com Vítimas Feridas;Anoitecer;Decrescente;Céu Claro;Simples;Reta;Não;2;0;1;0;1;1;0;2;-15,57273282;-54,31603208;SPRF-MT;DEL05/MT;UOP01-DEL05-MT
763376;06/04/2026;segunda-feira;18:50:00;PB;230;10;CABEDELO;Demais falhas na via;Tombamento;Com Vítimas Feridas;Plena Noite;Decrescente;Chuva;Dupla;"Em Obras;Reta";Sim;4;0;4;0;4;0;0;2;-7,0582642;-34,850589;SPRF-PB;DEL01-PB;UOP01-DEL01-PB
763377;06/04/2026;segunda-feira;17:30:00;PR;277;110,5;CAMPO LARGO;Reação tardia ou ineficiente do condutor;Colisão com objeto;Com Vítimas Feridas;Pleno dia;Decrescente;Céu Claro;Dupla;"Declive;Reta";Não;1;0;1;0;1;0;0;1;-25,42940358;-49,39452979;SPRF-PR;DEL01/PR;UOP06-DEL01-PR
763378;06/04/2026;segunda-feira;12:30:00;RJ;101;572;PARATY;Conversão proibida;Colisão lateral mesmo sentido;Com Vítimas Feridas;Pleno dia;Crescente;Céu Claro;Simples;Reta;Não;3;0;1;0;1;1;0;3;-23,19174029;-44,72740173;SPRF-RJ;DEL03/RJ;UOP04-DEL03-RJ
763381;06/04/2026;segunda-feira;19:15:00;MG;381;948,3;EXTREMA;Pedestre cruzava a pista fora da faixa;Atropelamento de Pedestre;Com Vítimas Feridas;Plena Noite;Crescente;Céu Claro;Dupla;Reta;Não;2;0;1;1;2;0;0;2;-22,87065;-46,35924;SPRF-MG;DEL16/MG;UOP03-DEL16-MG
763384;06/04/2026;segunda-feira;18:17:00;RJ;40;78;PETROPOLIS;Ausência de reação do condutor;Tombamento;Com Vítimas Feridas;Plena Noite;Crescente;Nublado;Simples;Curva;Não;1;0;1;0;1;0;0;1;-22,48257217;-43,2316947;SPRF-RJ;DEL01/RJ;UOP01-DEL01-RJ
763385;06/04/2026;segunda-feira;17:00:00;MT;163;568;NOVA MUTUM;Reação tardia ou ineficiente do condutor;Queda de ocupante de veículo;Com Vítimas Feridas;Anoitecer;Crescente;Céu Claro;Dupla;Reta;Não;1;0;0;1;1;0;0;1;-14,08331;-56,11109333;SPRF-MT;DEL01/MT;UOP01-DEL01-MT
763389;06/04/2026;segunda-feira;19:20:00;SP;116;282;EMBU DAS ARTES;Ingestão de álcool pelo condutor;Colisão transversal;Com Vítimas Feridas;Plena Noite;Decrescente;Nublado;Dupla;Reta;Sim;2;0;1;0;1;1;0;2;-23,66072001;-46,85188293;SPRF-SP;DEL04/SP;UOP01-DEL04-SP
763391;06/04/2026;segunda-feira;16:06:00;PI;343;140,6;PIRACURUCA;Condutor deixou de manter distância do veículo da frente;Colisão traseira;Com Vítimas Feridas;Pleno dia;Decrescente;Nublado;Dupla;Reta;Sim;2;0;2;0;2;0;0;2;-3,926835;-41,713472;SPRF-PI;DEL02-PI;UOP01-DEL02-PI
763396;06/04/2026;segunda-feira;15:30:00;MA;222;380,1;PINDARE-MIRIM;Manobra de mudança de faixa;Colisão frontal;Com Vítimas Fatais;Pleno dia;Crescente;Sol;Simples;Reta;Não;17;2;10;3;13;1;0;4;-3,806161;-45,479461;SPRF-MA;DEL02-MA;UOP01-DEL02-MA
763397;06/04/2026;segunda-feira;10:30:00;MG;116;407;GOVERNADOR VALADARES;Desrespeitar a preferência no cruzamento;Colisão transversal;Com Vítimas Feridas;Pleno dia;Crescente;Céu Claro;Simples;Interseção de Vias;Sim;2;0;0;1;1;1;0;2;-18,8225224;-41,98601816;SPRF-MG;DEL06/MG;UOP01-DEL06-MG
763398;06/04/2026;segunda-feira;19:36:00;PE;101;145;RIBEIRAO;Pedestre andava na pista;Atropelamento de Pedestre;Com Vítimas Fatais;Plena Noite;Decrescente;Chuva;Dupla;Curva;Não;2;1;0;0;0;0;0;2;-8,48956;-35,373535;SPRF-PE;DEL01/PE;UOP03-DEL01-PE
763399;06/04/2026;segunda-feira;19:10:00;MG;381;928;ITAPEVA;Reação tardia ou ineficiente do condutor;Atropelamento de Pedestre;Com Vítimas Feridas;Plena Noite;Crescente;Nublado;Simples;Reta;Sim;2;0;1;0;1;1;0;2;-22,766211;-46,22461;SPRF-MG;DEL16/MG;UOP03-DEL16-MG
763400;06/04/2026;segunda-feira;18:00:00;MT;163;1042;MATUPA;Transitar na contramão;Colisão frontal;Com Vítimas Feridas;Plena Noite;Decrescente;Ignorado;Simples;Reta;Não;2;0;1;1;2;0;0;2;-10,0546342;-54,90821421;SPRF-MT;DEL06/MT;UOP03-DEL06-MT
763401;06/04/2026;segunda-feira;11:00:00;SC;280;88;CORUPA;Ausência de reação do condutor;Capotamento;Com Vítimas Feridas;Pleno dia;Crescente;Céu Claro;Simples;Curva;Não;1;0;1;0;1;0;0;1;-26,44555608;-49,20827715;SPRF-SC;DEL06/SC;UOP03-DEL06-SC
763403;06/04/2026;segunda-feira;20:10:00;GO;70;5;AGUAS LINDAS DE GOIAS;Estacionar ou parar em local proibido;Colisão com objeto;Com Vítimas Feridas;Plena Noite;Crescente;Céu Claro;Dupla;"Aclive;Reta";Não;2;0;1;0;1;1;0;2;-15,7608361;-48,24077046;SPRF-DF;DEL03-DF;UOP02-DEL03-DF
763404;06/04/2026;segunda-feira;19:15:00;RS;153;641;BAGE;Animais na Pista;Atropelamento de Animal;Sem Vítimas;Plena Noite;Decrescente;Garoa/Chuvisco;Simples;"Reta;Aclive";Não;2;0;0;0;0;2;0;2;-31,413469;-54,134529;SPRF-RS;DEL11/RS;UOP03-DEL11-RS
763405;06/04/2026;segunda-feira;19:45:00;PR;376;539;PALMEIRA;Reação tardia ou ineficiente do condutor;Saída de leito carroçável;Sem Vítimas;Plena Noite;Decrescente;Céu Claro;Múltipla;Reta;Não;1;0;0;0;0;1;0;1;-25,40696;-49,78214;SPRF-PR;DEL01/PR;UOP07-DEL01-PR
763406;06/04/2026;segunda-feira;19:41:00;RO;364;345,4;JI-PARANA;Reação tardia ou ineficiente do condutor;Colisão transversal;Com Vítimas Feridas;Plena Noite;Decrescente;Céu Claro;Dupla;Reta;Sim;2;0;2;0;2;0;0;2;-10,8682747;-61,9638705;SPRF-RO;DEL02-RO;UOP01-DEL02-RO
763407;06/04/2026;segunda-feira;19:50:00;PR;376;170,8;MARINGA;Desrespeitar a preferência no cruzamento;Colisão transversal;Com Vítimas Feridas;Anoitecer;Decrescente;Céu Claro;Dupla;"Interseção de Vias;Rotatória";Sim;4;0;2;0;2;2;0;2;-23,40969109;-51,98736755;SPRF-PR;DEL09/PR;UOP01-DEL09-PR
763408;06/04/2026;segunda-feira;15:20:00;GO;60;236;INDIARA;Chuva;Saída de leito carroçável;Sem Vítimas;Pleno dia;Decrescente;Chuva;Dupla;"Aclive;Retorno Regulamentado";Não;1;0;0;0;0;1;0;1;-17,091036;-49,856589;SPRF-GO;DEL01/GO;UOP02-DEL01-GO
763410;06/04/2026;segunda-feira;19:00:00;PE;423;109;CAETES;Condutor Dormindo;Colisão frontal;Com Vítimas Feridas;Plena Noite;Crescente;Céu Claro;Simples;Reta;Não;2;0;0;1;1;1;0;2;-8,888782;-36,60057;SPRF-PE;DEL03/PE;UOP01-DEL03-PE
763411;06/04/2026;segunda-feira;17:03:00;PI;343;590,8;FLORIANO;Manobra de mudança de faixa;Colisão lateral mesmo sentido;Com Vítimas Feridas;Pleno dia;Decrescente;Céu Claro;Dupla;Reta;Sim;2;0;1;0;1;1;0;2;-6,78223;-43,02164;SPRF-PI;DEL03-PI;UOP01-DEL03-PI
763413;06/04/2026;segunda-feira;17:45:00;RS;290;174;BUTIA;Reação tardia ou ineficiente do condutor;Tombamento;Com Vítimas Feridas;Pleno dia;Crescente;Chuva;Simples;Aclive;Não;1;0;0;1;1;0;0;1;-30,12845265;-51,95599493;SPRF-RS;DEL02/RS;UOP03-DEL02-RS
763415;06/04/2026;segunda-feira;21:35:00;MG;50;44,2;ARAGUARI;Animais na Pista;Atropelamento de Animal;Sem Vítimas;Plena Noite;Crescente;Céu Claro;Dupla;"Reta;Aclive";Não;2;0;0;0;0;2;0;1;-18,7090562;-48,1929566;SPRF-MG;DEL15/MG;UOP02-DEL15-MG
763417;06/04/2026;segunda-feira;22:20:00;SC;101;129;BALNEARIO CAMBORIU;Acumulo de água sobre o pavimento;Saída de leito carroçável;Com Vítimas Feridas;Plena Noite;Crescente;Chuva;Dupla;Curva;Sim;1;0;1;0;1;0;0;1;-26,98227337;-48,67436791;SPRF-SC;DEL04/SC;UOP03-DEL04-SC
763418;06/04/2026;segunda-feira;19:40:00;MG;116;277;TEOFILO OTONI;Reação tardia ou ineficiente do condutor;Colisão transversal;Com Vítimas Feridas;Plena Noite;Crescente;Nublado;Simples;Interseção de Vias;Sim;3;0;2;0;2;1;0;2;-17,865032;-41,516195;SPRF-MG;DEL11/MG;UOP01-DEL11-MG
763421;06/04/2026;segunda-feira;21:20:00;MG;116;525;CARATINGA;Ausência de reação do condutor;Saída de leito carroçável;Com Vítimas Feridas;Plena Noite;Crescente;Céu Claro;Simples;Reta;Sim;3;0;2;0;2;1;0;1;-19,79197014;-42,13640214;SPRF-MG;DEL06/MG;UOP02-DEL06-MG
763425;06/04/2026;segunda-feira;07:00:00;BA;324;582;CANDEIAS;Ausência de reação do condutor;Colisão traseira;Sem Vítimas;Pleno dia;Crescente;Garoa/Chuvisco;Múltipla;Reta;Não;3;0;0;0;0;1;0;3;-12,62098;-38,4856579;SPRF-BA;DEL01/BA;UOP01-DEL01-BA
763426;06/04/2026;segunda-feira;23:40:00;RS;116;247;SAO LEOPOLDO;Manobra de mudança de faixa;Colisão lateral mesmo sentido;Com Vítimas Feridas;Plena Noite;Decrescente;Céu Claro;Dupla;"Interseção de Vias;Reta";Não;2;0;1;0;1;1;0;2;-29,77375978;-51,15438793;SPRF-RS;DEL01/RS;UOP02-DEL01-RS
763427;06/04/2026;segunda-feira;23:50:00;TO;153;272,2;BRASILANDIA DO TOCANTINS;Pedestre andava na pista;Atropelamento de Pedestre;Com Vítimas Feridas;Plena Noite;Crescente;Céu Claro;Simples;"Reta;Interseção de Vias";Sim;2;0;0;1;1;0;0;2;-8,28577276;-48,46955538;SPRF-TO;DEL02-TO;UOP02-DEL02-TO
763428;06/04/2026;segunda-feira;23:50:00;GO;40;94;CRISTALINA;Deficiência do Sistema de Iluminação/Sinalização;Colisão traseira;Sem Vítimas;Plena Noite;Decrescente;Céu Claro;Simples;Reta;Sim;2;0;0;0;0;1;0;2;-16,75138192;-47,60686811;SPRF-DF;DEL01-DF;UOP02-DEL01-DF
763429;07/04/2026;terça-feira;02:00:00;MG;381;695,3;LAVRAS;Condutor Dormindo;Queda de ocupante de veículo;Sem Vítimas;Plena Noite;Crescente;Céu Claro;Dupla;Reta;Não;1;0;0;0;0;1;0;1;-21,244452;-45,136614;SPRF-MG;DEL04/MG;UOP02-DEL04-MG
763431;07/04/2026;terça-feira;01:00:00;RS;293;204,3;BAGE;Acumulo de água sobre o pavimento;Colisão com objeto;Com Vítimas Feridas;Plena Noite;Decrescente;Chuva;Simples;"Curva;Ponte";Não;1;0;0;1;1;0;0;1;-31,21922431;-54,27834034;SPRF-RS;DEL11/RS;UOP03-DEL11-RS
763432;07/04/2026;terça-feira;01:45:00;MT;364;15;ALTO ARAGUAIA;Ausência de sinalização;Colisão com objeto;Com Vítimas Feridas;Plena Noite;Decrescente;Céu Claro;Simples;Rotatória;Não;6;0;6;0;6;0;0;1;-17,14061188;-53,19196259;SPRF-MT;DEL02/MT;UOP02-DEL02-MT
763433;07/04/2026;terça-feira;06:00:00;MG;40;522;CONTAGEM;Condutor deixou de manter distância do veículo da frente;Colisão traseira;Com Vítimas Feridas;Pleno dia;Crescente;Céu Claro;Dupla;"Reta;Declive";Não;4;0;1;1;2;2;0;3;-19,85990273;-44,07156587;SPRF-MG;DEL01/MG;UOP02-DEL01-MG
763434;06/04/2026;segunda-feira;15:50:00;RJ;101;485;ANGRA DOS REIS;Acessar a via sem observar a presença dos outros veículos;Colisão transversal;Com Vítimas Feridas;Pleno dia;Crescente;Céu Claro;Dupla;"Reta;Rotatória";Sim;2;0;1;0;1;1;0;2;-22,9836;-44,2962;SPRF-RJ;DEL03/RJ;UOP03-DEL03-RJ
763436;07/04/2026;terça-feira;05:20:00;MS;163;265;DOURADOS;Animais na Pista;Atropelamento de Animal;Com Vítimas Feridas;Amanhecer;Crescente;Céu Claro;Dupla;Reta;Sim;1;0;1;0;1;0;0;1;-22,21817294;-54,72260749;SPRF-MS;DEL04/MS;UOP01-DEL04-MS
763438;07/04/2026;terça-feira;06:45:00;BA;101;168;CONCEICAO DO JACUIPE;Acessar a via sem observar a presença dos outros veículos;Colisão transversal;Com Vítimas Feridas;Pleno dia;Crescente;Céu Claro;Simples;Reta;Não;3;0;1;0;1;2;0;2;-12,36116;-38,833683;SPRF-BA;DEL11/BA;UOP02-DEL11-BA
763439;06/04/2026;segunda-feira;19:30:00;MT;174;255;JAURU;Demais Fenômenos da natureza;Saída de leito carroçável;Sem Vítimas;Pleno dia;Crescente;Chuva;Simples;Reta;Não;1;0;0;0;0;1;0;1;-15,531012;-59,009739;SPRF-MT;DEL04/MT;UOP01-DEL04-MT
763441;07/04/2026;terça-feira;04:00:00;MG;50;131;UBERABA;Condutor Dormindo;Saída de leito carroçável;Com Vítimas Feridas;Plena Noite;Crescente;Ignorado;Dupla;Curva;Não;1;0;1;0;1;0;0;1;-19,395894;-48,077384;SPRF-MG;DEL13/MG;UOP01-DEL13-MG
763442;07/04/2026;terça-feira;06:40:00;PR;277;218;TEIXEIRA SOARES;Ausência de reação do condutor;Saída de leito carroçável;Com Vítimas Fatais;Amanhecer;Crescente;Céu Claro;Simples;Curva;Não;2;1;0;1;1;0;0;1;-25,46564;-50,37609;SPRF-PR;DEL08/PR;UOP02-DEL08-PR
763443;07/04/2026;terça-feira;06:20:00;RS;386;176;CARAZINHO;Ausência de reação do condutor;Colisão com objeto;Com Vítimas Feridas;Amanhecer;Decrescente;Céu Claro;Simples;"Curva;Aclive";Sim;1;0;1;0;1;0;0;1;-28,275963;-52,76857853;SPRF-RS;DEL08/RS;UOP01-DEL08-RS
763444;07/04/2026;terça-feira;00:00:00;MT;70;518;VARZEA GRANDE;Ausência de reação do condutor;Atropelamento de Animal;Com Vítimas Feridas;Plena Noite;Decrescente;Céu Claro;Simples;Reta;Não;1;0;1;0;1;0;0;1;-15,6682074;-56,1816659;SPRF-MT;DEL01/MT;UOP02-DEL01-MT
763445;07/04/2026;terça-feira;07:45:00;SC;101;212;SAO JOSE;Mal súbito do condutor;Queda de ocupante de veículo;Com Vítimas Feridas;Pleno dia;Decrescente;Céu Claro;Múltipla;Reta;Não;1;0;1;0;1;0;0;1;-27,60780483;-48,63578796;SPRF-SC;DEL01/SC;UOP02-DEL01-SC
763446;07/04/2026;terça-feira;06:50:00;RJ;40;102;DUQUE DE CAXIAS;Animais na Pista;Atropelamento de Animal;Com Vítimas Feridas;Pleno dia;Decrescente;Céu Claro;Dupla;Reta;Sim;2;0;2;0;2;0;0;1;-22,614627;-43,28652;SPRF-RJ;DEL01/RJ;UOP02-DEL01-RJ
763448;07/04/2026;terça-feira;07:20:00;MG;40;530;BELO HORIZONTE;Ausência de reação do condutor;Tombamento;Com Vítimas Feridas;Pleno dia;Crescente;Céu Claro;Dupla;Reta;Sim;1;0;1;0;1;0;0;1;-19,921393;-44,023322;SPRF-MG;DEL01/MG;UOP02-DEL01-MG
763450;07/04/2026;terça-feira;07:00:00;MG;262;437;NOVA SERRANA;Ausência de reação do condutor;Colisão traseira;Com Vítimas Feridas;Pleno dia;Crescente;Sol;Dupla;"Reta;Aclive";Sim;3;0;1;0;1;2;0;2;-19,872003;-44,969162;SPRF-MG;DEL08/MG;UOP03-DEL08-MG
763451;07/04/2026;terça-feira;08:10:00;RJ;116;178;RIO DE JANEIRO;Ausência de reação do condutor;Colisão traseira;Com Vítimas Feridas;Pleno dia;Decrescente;Céu Claro;Dupla;Reta;Sim;3;0;1;1;2;1;0;2;-22,8048262;-43,34526886;SPRF-RJ;DEL06/RJ;UOP01-DEL06-RJ
763453;07/04/2026;terça-feira;07:50:00;RS;472;574;URUGUAIANA;Ausência de reação do condutor;Colisão frontal;Com Vítimas Feridas;Pleno dia;Crescente;Chuva;Simples;Reta;Sim;3;0;3;0;3;0;0;2;-29,76367374;-57,04957402;SPRF-RS;DEL13/RS;UOP01-DEL13-RS
763454;07/04/2026;terça-feira;06:59:00;PB;230;19;JOAO PESSOA;Chuva;Tombamento;Com Vítimas Feridas;Pleno dia;Crescente;Chuva;Dupla;Reta;Sim;1;0;0;1;1;0;0;1;-7,1318938;-34,8532446;SPRF-PB;DEL01-PB;UOP01-DEL01-PB
763455;07/04/2026;terça-feira;08:10:00;SC;282;3,5;FLORIANOPOLIS;Reação tardia ou ineficiente do condutor;Colisão lateral mesmo sentido;Com Vítimas Feridas;Pleno dia;Decrescente;Nublado;Múltipla;Interseção de Vias;Sim;3;0;2;0;2;1;0;3;-27,59449;-48,60183;SPRF-SC;DEL01/SC;UOP01-DEL01-SC
763457;07/04/2026;terça-feira;07:50:00;PR;369;208;APUCARANA;Ausência de reação do condutor;Colisão traseira;Com Vítimas Feridas;Pleno dia;Decrescente;Sol;Simples;"Reta;Aclive";Sim;4;0;1;1;2;2;0;3;-23,564255;-51,497352;SPRF-PR;DEL07/PR;UOP03-DEL07-PR
763458;07/04/2026;terça-feira;08:15:00;SC;101;191;BIGUACU;Ausência de reação do condutor;Saída de leito carroçável;Com Vítimas Feridas;Pleno dia;Crescente;Nublado;Dupla;Curva;Sim;1;0;1;0;1;0;0;1;-27,47785878;-48,64223449;SPRF-SC;DEL01/SC;UOP01-DEL01-SC
763459;07/04/2026;terça-feira;08:19:00;GO;153;493,8;GOIANIA;Ausência de reação do condutor;Colisão traseira;Com Vítimas Feridas;Pleno dia;Crescente;Céu Claro;Múltipla;Declive;Sim;2;0;0;1;1;1;0;2;-16,65033067;-49,21478603;SPRF-GO;DEL01/GO;UOP01-DEL01-GO
763460;31/03/2026;terça-feira;08:30:00;SC;282;18;PALHOCA;Conversão proibida;Colisão transversal;Com Vítimas Feridas;Pleno dia;Crescente;Céu Claro;Simples;Reta;Sim;2;0;0;1;1;1;0;2;-27,67269678;-48,69420648;SPRF-SC;DEL01/SC;UOP02-DEL01-SC
763461;07/04/2026;terça-feira;06:30:00;PB;230;41,2;SANTA RITA;Demais falhas mecânicas ou elétricas;Saída de leito carroçável;Sem Vítimas;Pleno dia;Decrescente;Chuva;Dupla;Curva;Não;1;0;0;0;0;1;0;1;-7,14185875;-34,99326825;SPRF-PB;DEL01-PB;UOP02-DEL01-PB