id;data_inversa;dia_semana;horario;uf;br;km;municipio;causa_acidente;tipo_acidente;classificacao_acidente;fase_dia;sentido_via;condicao_metereologica;tipo_pista;tracado_via;uso_solo;pessoas;mortos;feridos_leves;feridos_graves;feridos;ilesos;ignorados;veiculos;latitude;longitude;regional;delegacia;uop
763462;07/04/2026;terça-feira;07:50:00;SC;282;506;XANXERE;Transitar na contramão;Colisão lateral sentido oposto;Com Vítimas Feridas;Pleno dia;Crescente;Céu Claro;Dupla;"Reta;Declive";Não;2;0;1;0;1;1;0;2;-26,8859;-52,42681;SPRF-SC;DEL07/SC;UOP01-DEL07-SC
763466;07/04/2026;terça-feira;08:15:00;RN;226;15;MACAIBA;Ausência de reação do condutor;Colisão traseira;Com Vítimas Feridas;Pleno dia;Decrescente;Céu Claro;Simples;Reta;Sim;2;0;1;0;1;1;0;2;-5,8623083;-35,3429337;SPRF-RN;DEL01-RN;UOP02-DEL01-RN
763468;07/04/2026;terça-feira;08:30:00;PR;277;137;BALSA NOVA;Demais falhas mecânicas ou elétricas;Tombamento;Com Vítimas Feridas;Pleno dia;Decrescente;Céu Claro;Dupla;"Declive;Curva";Não;1;0;0;1;1;0;0;1;-25,47313451;-49,63477705;SPRF-PR;DEL01/PR;UOP07-DEL01-PR
763469;07/04/2026;terça-feira;07:40:00;SC;282;3,5;FLORIANOPOLIS;Ausência de reação do condutor;Colisão lateral mesmo sentido;Com Vítimas Feridas;Pleno dia;Decrescente;Nublado;Dupla;Reta;Sim;4;0;1;0;1;2;0;3;-27,59450852;-48,60177755;SPRF-SC;DEL01/SC;UOP01-DEL01-SC
763471;07/04/2026;terça-feira;07:25:00;PI;343;16;PARNAIBA;Conversão proibida;Colisão transversal;Com Vítimas Feridas;Pleno dia;Crescente;Sol;Simples;Reta;Sim;3;0;1;1;2;1;0;2;-2,94746361;-41,75681144;SPRF-PI;DEL05-PI;UOP01-DEL05-PI
763472;14/03/2026;sábado;11:00:00;BA;324;350;CAPIM GROSSO;Pista esburacada;Queda de ocupante de veículo;Com Vítimas Feridas;Pleno dia;Crescente;Ignorado;Simples;Reta;Sim;1;0;0;1;1;0;0;1;-11,37177876;-40,03219318;SPRF-BA;DEL04/BA;UOP02-DEL04-BA
763473;07/04/2026;terça-feira;08:45:00;PE;232;58;POMBOS;Acessar a via sem observar a presença dos outros veículos;Colisão transversal;Com Vítimas Feridas;Pleno dia;Crescente;Garoa/Chuvisco;Dupla;Interseção de Vias;Não;3;0;0;2;2;1;0;2;-8,14454834;-35,39014785;SPRF-PE;DEL02/PE;UOP02-DEL02PE
763476;07/04/2026;terça-feira;08:10:00;RJ;101;327;RIO DE JANEIRO;Reação tardia ou ineficiente do condutor;Colisão traseira;Com Vítimas Feridas;Pleno dia;Crescente;Sol;Dupla;"Reta;Declive;Ponte";Não;4;0;1;0;1;2;0;3;-22,87174665;-43,15155029;SPRF-RJ;DEL02/RJ;UOP01-DEL02-RJ
763480;07/04/2026;terça-feira;09:50:00;RS;116;265;CANOAS;Manobra de mudança de faixa;Colisão lateral mesmo sentido;Com Vítimas Feridas;Pleno dia;Decrescente;Chuva;Dupla;"Em Obras;Reta";Sim;2;0;1;0;1;1;0;2;-29,92416727;-51,17778409;SPRF-RS;DEL01/RS;UOP01-DEL01-RS
763481;07/04/2026;terça-feira;09:40:00;CE;222;59,4;SAO GONCALO DO AMARANTE;Acostamento em desnível;Queda de ocupante de veículo;Com Vítimas Feridas;Pleno dia;Crescente;Nublado;Simples;Reta;Não;2;0;1;0;1;0;0;2;-3,671806;-39,10679;SPRF-CE;DEL01/CE;UOP03-DEL01-CE
763483;07/04/2026;terça-feira;08:31:00;RJ;40;124;DUQUE DE CAXIAS;Manobra de mudança de faixa;Colisão lateral mesmo sentido;Com Vítimas Feridas;Pleno dia;Crescente;Céu Claro;Dupla;Reta;Não;4;0;1;0;1;3;0;3;-22,80900964;-43,28884397;SPRF-RJ;DEL01/RJ;UOP02-DEL01-RJ
763484;21/03/2026;sábado;06:30:00;MT;364;161;PEDRA PRETA;Condutor deixou de manter distância do veículo da frente;Colisão traseira;Com Vítimas Feridas;Pleno dia;Decrescente;Ignorado;Simples;Reta;Não;1;0;1;0;1;0;0;1;-16,66426381;-54,31330204;SPRF-MT;DEL02/MT;UOP01-DEL02-MT
763485;07/04/2026;terça-feira;00:15:00;RS;386;103;SAO JOSE DAS MISSOES;Reação tardia ou ineficiente do condutor;Queda de ocupante de veículo;Com Vítimas Feridas;Plena Noite;Crescente;Céu Claro;Simples;Reta;Não;1;0;1;0;1;0;0;1;-27,763309;-53,096474;SPRF-RS;DEL08/RS;UOP01-DEL08-RS
763487;07/04/2026;terça-feira;10:40:00;ES;101;286;CARIACICA;Manobra de mudança de faixa;Colisão lateral mesmo sentido;Com Vítimas Feridas;Pleno dia;Decrescente;Céu Claro;Dupla;Curva;Sim;3;0;2;0;2;1;0;2;-20,25555515;-40,37555489;SPRF-ES;DEL01-ES;UOP01-DEL01-ES
763489;07/04/2026;terça-feira;07:50:00;SC;282;115,6;ALFREDO WAGNER;Chuva;Colisão frontal;Com Vítimas Feridas;Pleno dia;Crescente;Chuva;Simples;Curva;Não;5;0;3;0;3;2;0;2;-27,760715;-49,397155;SPRF-SC;DEL01/SC;UOP03-DEL01-SC
763491;07/04/2026;terça-feira;09:50:00;PR;376;117,8;ALTO PARANA;Sinalização mal posicionada;Saída de leito carroçável;Com Vítimas Feridas;Pleno dia;Crescente;Céu Claro;Dupla;"Reta;Em Obras";Não;1;0;1;0;1;0;0;1;-23,107957;-52,34309;SPRF-PR;DEL09/PR;UOP02-DEL09-PR
763492;07/04/2026;terça-feira;10:00:00;MS;60;593;JARDIM;Acessar a via sem observar a presença dos outros veículos;Colisão transversal;Com Vítimas Feridas;Pleno dia;Crescente;Céu Claro;Simples;Reta;Não;2;0;1;0;1;1;0;2;-21,486656;-56,153427;SPRF-MS;DEL05/MS;UOP01-DEL05-MS
763493;07/04/2026;terça-feira;10:45:00;RS;293;2;PELOTAS;Reação tardia ou ineficiente do condutor;Colisão com objeto;Com Vítimas Feridas;Pleno dia;Decrescente;Garoa/Chuvisco;Simples;Rotatória;Sim;1;0;1;0;1;0;0;1;-31,74100595;-52,36438942;SPRF-RS;DEL07/RS;UOP01-DEL07-RS
763495;07/04/2026;terça-feira;10:30:00;BA;242;792;BARREIRAS;Demais falhas mecânicas ou elétricas;Eventos atípicos;Com Vítimas Fatais;Pleno dia;Crescente;Céu Claro;Simples;Reta;Não;1;1;0;0;0;0;0;1;-12,143826;-44,802837;SPRF-BA;DEL10/BA;UOP01-DEL10-BA
763496;07/04/2026;terça-feira;11:20:00;RS;290;96;PORTO ALEGRE;Condutor deixou de manter distância do veículo da frente;Colisão traseira;Sem Vítimas;Pleno dia;Crescente;Chuva;Dupla;Reta;Sim;2;0;0;0;0;2;0;2;-29,9978239;-51,20660719;SPRF-RS;DEL01/RS;UOP01-DEL01-RS
763497;07/04/2026;terça-feira;11:40:00;MG;381;431;SABARA;Velocidade Incompatível;Saída de leito carroçável;Com Vítimas Feridas;Pleno dia;Crescente;Céu Claro;Simples;Reta;Não;1;0;1;0;1;0;0;1;-19,79901;-43,75685;SPRF-MG;DEL01/MG;UOP01-DEL01-MG
763499;07/04/2026;terça-feira;11:50:00;SC;101;112;ITAJAI;Acessar a via sem observar a presença dos outros veículos;Colisão transversal;Com Vítimas Feridas;Pleno dia;Decrescente;Céu Claro;Múltipla;Interseção de Vias;Não;2;0;1;0;1;1;0;2;-26,8482574;-48,72363416;SPRF-SC;DEL04/SC;UOP04-DEL04-SC
763500;07/04/2026;terça-feira;11:40:00;TO;153;141;ARAGUAINA;Acessar a via sem observar a presença dos outros veículos;Colisão traseira;Com Vítimas Feridas;Pleno dia;Crescente;Céu Claro;Múltipla;Interseção de Vias;Sim;2;0;1;0;1;1;0;2;-7,17815;-48,221435;SPRF-TO;DEL02-TO;UOP01-DEL02-TO
763502;07/04/2026;terça-feira;12:20:00;SP;116;211;GUARULHOS;Trafegar com motocicleta (ou similar) entre as faixas;Queda de ocupante de veículo;Com Vítimas Feridas;Pleno dia;Crescente;Sol;Múltipla;"Declive;Reta";Sim;2;0;0;1;1;1;0;1;-23,43410622;-46,42426221;SPRF-SP;DEL01/SP;UOP01-DEL01-SP
763504;07/04/2026;terça-feira;12:32:00;SC;280;52,3;GUARAMIRIM;Acessar a via sem observar a presença dos outros veículos;Colisão lateral mesmo sentido;Com Vítimas Feridas;Pleno dia;Decrescente;Céu Claro;Simples;Reta;Sim;2;0;0;1;1;1;0;2;-26,46966;-48,96664;SPRF-SC;DEL03/SC;UOP03-DEL03-SC
763505;07/04/2026;terça-feira;09:45:00;RJ;465;14;SEROPEDICA;Condutor deixou de manter distância do veículo da frente;Colisão traseira;Com Vítimas Feridas;Pleno dia;Crescente;Céu Claro;Simples;Reta;Não;2;0;1;0;1;1;0;2;-22,71636066;-43,71617921;SPRF-RJ;DEL06/RJ;UOP02-DEL06-RJ
763506;07/04/2026;terça-feira;11:30:00;RJ;101;279;TANGUA;Pedestre cruzava a pista fora da faixa;Atropelamento de Pedestre;Com Vítimas Feridas;Pleno dia;Decrescente;Céu Claro;Dupla;Reta;Não;2;0;1;0;1;1;0;2;-22,73951592;-42,74810314;SPRF-RJ;DEL02/RJ;UOP03-DEL02-RJ
763507;07/04/2026;terça-feira;11:28:00;RJ;101;463;ANGRA DOS REIS;Velocidade Incompatível;Colisão frontal;Com Vítimas Feridas;Pleno dia;Decrescente;Céu Claro;Simples;Curva;Não;4;0;3;0;3;1;0;2;-23,0264;-44,2131;SPRF-RJ;DEL03/RJ;UOP03-DEL03-RJ
763508;07/04/2026;terça-feira;12:30:00;TO;153;140,3;ARAGUAINA;Acessar a via sem observar a presença dos outros veículos;Tombamento;Com Vítimas Feridas;Pleno dia;Crescente;Céu Claro;Dupla;Reta;Sim;1;0;1;0;1;0;0;1;-7,171998;-48,215825;SPRF-TO;DEL02-TO;UOP01-DEL02-TO
763510;07/04/2026;terça-feira;09:30:00;RJ;101;311;SAO GONCALO;Trafegar com motocicleta (ou similar) entre as faixas;Queda de ocupante de veículo;Com Vítimas Feridas;Pleno dia;Crescente;Céu Claro;Dupla;Reta;Sim;2;0;2;0;2;0;0;1;-22,80357842;-43,05889003;SPRF-RJ;DEL02/RJ;UOP02-DEL02-RJ
763512;07/04/2026;terça-feira;13:15:00;RS;116;248;SAO LEOPOLDO;Condutor desrespeitou a iluminação vermelha do semáforo;Colisão transversal;Com Vítimas Feridas;Pleno dia;Decrescente;Garoa/Chuvisco;Simples;Interseção de Vias;Sim;2;0;1;0;1;1;0;2;-29,77234426;-51,15377991;SPRF-RS;DEL01/RS;UOP02-DEL01-RS
763513;07/04/2026;terça-feira;12:30:00;MA;135;12;SAO LUIS;Trafegar com motocicleta (ou similar) entre as faixas;Colisão lateral mesmo sentido;Com Vítimas Feridas;Pleno dia;Crescente;Sol;Dupla;Reta;Sim;2;0;1;0;1;1;0;2;-2,67394;-44,29287;SPRF-MA;DEL01-MA;UOP01-DEL01-MA
763515;07/04/2026;terça-feira;12:23:00;BA;116;828,5;VITORIA DA CONQUISTA;Reação tardia ou ineficiente do condutor;Colisão lateral mesmo sentido;Com Vítimas Feridas;Pleno dia;Crescente;Céu Claro;Dupla;Interseção de Vias;Sim;2;0;1;0;1;1;0;2;-14,897022;-40,866331;SPRF-BA;DEL08/BA;UOP01-DEL08-BA
763516;07/04/2026;terça-feira;13:00:00;PB;230;506;CAJAZEIRAS;Acessar a via sem observar a presença dos outros veículos;Colisão transversal;Com Vítimas Feridas;Pleno dia;Decrescente;Nublado;Simples;Reta;Sim;3;0;1;0;1;1;0;2;-6,90173937;-38,56051952;SPRF-PB;DEL03-PB;UOP03-DEL03-PB
763517;03/04/2026;sexta-feira;21:00:00;RJ;101;495;ANGRA DOS REIS;Ausência de reação do condutor;Saída de leito carroçável;Com Vítimas Feridas;Plena Noite;Decrescente;Nublado;Simples;Reta;Não;1;0;1;0;1;0;0;1;-22,92862373;-44,32056863;SPRF-RJ;DEL03/RJ;UOP03-DEL03-RJ
763518;07/04/2026;terça-feira;13:30:00;MG;381;504;BETIM;Ausência de reação do condutor;Eventos atípicos;Com Vítimas Feridas;Pleno dia;Decrescente;Sol;Dupla;Reta;Sim;2;0;1;0;1;0;0;2;-20,03;-44,236;SPRF-MG;DEL01/MG;UOP03-DEL01-MG
763519;07/04/2026;terça-feira;13:40:00;SC;470;47,6;BLUMENAU;Acessar a via sem observar a presença dos outros veículos;Colisão lateral mesmo sentido;Com Vítimas Feridas;Pleno dia;Crescente;Nublado;Dupla;"Viaduto;Reta";Sim;2;0;1;0;1;1;0;2;-26,86122762;-49,05237257;SPRF-SC;DEL04/SC;UOP01-DEL04-SC
763520;07/04/2026;terça-feira;13:00:00;RS;386;215,1;TIO HUGO;Conversão proibida;Colisão frontal;Com Vítimas Feridas;Pleno dia;Decrescente;Garoa/Chuvisco;Simples;Reta;Não;2;0;1;0;1;1;0;2;-28,578191;-52,597148;SPRF-RS;DEL04/RS;UOP03-DEL04-RS
763522;07/04/2026;terça-feira;12:23:00;RO;319;142;PORTO VELHO;Manobra de mudança de faixa;Colisão lateral mesmo sentido;Com Vítimas Feridas;Pleno dia;Crescente;Céu Claro;Dupla;Reta;Sim;3;0;2;0;2;1;0;2;-8,74871;-63,88833;SPRF-RO;DEL01-RO;UOP01-DEL01-RO
763524;07/04/2026;terça-feira;09:00:00;RS;285;350,9;CARAZINHO;Ausência de reação do condutor;Engavetamento;Com Vítimas Feridas;Pleno dia;Crescente;Chuva;Simples;Reta;Não;4;0;1;0;1;3;0;4;-28,34816028;-52,93434843;SPRF-RS;DEL08/RS;UOP03-DEL08-RS
763525;07/04/2026;terça-feira;13:20:00;RO;174;16;VILHENA;Conversão proibida;Colisão lateral mesmo sentido;Com Vítimas Feridas;Pleno dia;Decrescente;Céu Claro;Dupla;Reta;Sim;2;0;1;1;2;0;0;2;-12,7194525;-60,12728244;SPRF-RO;DEL04-RO;UOP01-DEL04-RO
763526;14/03/2026;sábado;18:10:00;PR;277;715;SANTA TEREZINHA DE ITAIPU;Condutor deixou de manter distância do veículo da frente;Colisão traseira;Sem Vítimas;Pleno dia;Decrescente;Céu Claro;Dupla;Reta;Não;3;0;0;0;0;2;0;2;-25,46510407;-54,44904443;SPRF-PR;DEL05/PR;UOP01-DEL05-PR
763527;07/04/2026;terça-feira;07:40:00;BA;324;612;SIMOES FILHO;Demais falhas na via;Atropelamento de Pedestre;Com Vítimas Feridas;Pleno dia;Crescente;Céu Claro;Múltipla;Reta;Não;2;0;1;0;1;0;0;2;-12,7590876;-38,4260569;SPRF-BA;DEL01/BA;UOP01-DEL01-BA
763530;07/04/2026;terça-feira;14:50:00;MG;381;839,4;SAO SEBASTIAO DA BELA VISTA;Acessar a via sem observar a presença dos outros veículos;Colisão traseira;Com Vítimas Feridas;Pleno dia;Crescente;Nublado;Dupla;"Reta;Retorno Regulamentado";Não;5;0;4;0;4;1;0;2;-22,16109843;-45,82958506;SPRF-MG;DEL16/MG;UOP01-DEL16-MG
763531;07/04/2026;terça-feira;14:16:00;SC;280;127;RIO NEGRINHO;Ausência de reação do condutor;Colisão traseira;Com Vítimas Feridas;Pleno dia;Crescente;Céu Claro;Simples;Reta;Sim;4;0;2;0;2;2;0;2;-26,242745;-49,51255;SPRF-SC;DEL06/SC;UOP03-DEL06-SC
763532;07/04/2026;terça-feira;15:00:00;SC;101;213,5;PALHOCA;Acessar a via sem observar a presença dos outros veículos;Colisão transversal;Sem Vítimas;Pleno dia;Crescente;Nublado;Simples;Reta;Sim;2;0;0;0;0;2;0;2;-27,64295266;-48,66962671;SPRF-SC;DEL01/SC;UOP02-DEL01-SC
763535;07/04/2026;terça-feira;13:00:00;MS;463;63;PONTA PORA;Demais falhas mecânicas ou elétricas;Colisão com objeto;Sem Vítimas;Pleno dia;Decrescente;Chuva;Simples;Curva;Não;2;0;0;0;0;2;0;1;-22,41912629;-55,35040352;SPRF-MS;DEL04/MS;UOP03-DEL04-MS
763536;07/04/2026;terça-feira;07:05:00;RJ;465;5;SEROPEDICA;Reação tardia ou ineficiente do condutor;Colisão transversal;Com Vítimas Feridas;Pleno dia;Crescente;Céu Claro;Simples;Reta;Sim;2;0;1;0;1;1;0;2;-22,74728953;-43,699564;SPRF-RJ;DEL06/RJ;UOP02-DEL06-RJ
763537;07/04/2026;terça-feira;15:30:00;DF;40;1;BRASILIA;Manobra de mudança de faixa;Colisão lateral mesmo sentido;Com Vítimas Feridas;Pleno dia;Crescente;Nublado;Dupla;Reta;Sim;2;0;1;0;1;1;0;2;-15,9784;-47,98966;SPRF-DF;DEL01-DF;UOP01-DEL01-DF
763538;07/04/2026;terça-feira;16:00:00;PR;277;6;PARANAGUA;Avarias e/ou desgaste excessivo no pneu;Tombamento;Com Vítimas Feridas;Pleno dia;Decrescente;Céu Claro;Simples;"Interseção de Vias;Reta";Sim;2;0;2;0;2;0;0;1;-25,560829;-48,580716;SPRF-PR;DEL01/PR;UOP05-DEL01-PR
763543;07/04/2026;terça-feira;16:15:00;MG;40;730,1;OLIVEIRA FORTES;Condutor deixou de manter distância do veículo da frente;Colisão traseira;Sem Vítimas;Pleno dia;Crescente;Céu Claro;Dupla;"Aclive;Curva";Não;5;0;0;0;0;4;0;2;-21,3299;-43,5847;SPRF-MG;DEL05/MG;UOP01-DEL05-MG
763545;07/04/2026;terça-feira;16:00:00;MG;116;412;GOVERNADOR VALADARES;Condutor deixou de manter distância do veículo da frente;Colisão lateral mesmo sentido;Com Vítimas Feridas;Pleno dia;Crescente;Céu Claro;Simples;Reta;Sim;2;0;1;0;1;1;0;2;-18,877321;-41,963239;SPRF-MG;DEL06/MG;UOP01-DEL06-MG
763546;07/04/2026;terça-feira;15:00:00;RO;364;708;PORTO VELHO;Condutor deixou de manter distância do veículo da frente;Colisão traseira;Sem Vítimas;Pleno dia;Crescente;Céu Claro;Dupla;Reta;Sim;5;0;0;0;0;5;0;2;-8,79317279;-63,84524195;SPRF-RO;DEL01-RO;UOP01-DEL01-RO
763547;07/04/2026;terça-feira;16:50:00;RJ;101;318;NITEROI;Ausência de reação do condutor;Colisão traseira;Com Vítimas Feridas;Pleno dia;Decrescente;Céu Claro;Dupla;Reta;Sim;2;0;1;0;1;1;0;2;-22,858396;-43,10502529;SPRF-RJ;DEL02/RJ;UOP02-DEL02-RJ
763548;07/04/2026;terça-feira;17:00:00;ES;101;214;IBIRACU;Desrespeitar a preferência no cruzamento;Colisão transversal;Com Vítimas Feridas;Pleno dia;Crescente;Céu Claro;Simples;"Interseção de Vias;Reta";Sim;3;0;3;0;3;0;0;2;-19,830013;-40,373202;SPRF-ES;DEL02-ES;UOP01-DEL02-ES
763549;07/04/2026;terça-feira;15:30:00;SC;470;123,4;IBIRAMA;Acesso irregular;Colisão lateral mesmo sentido;Com Vítimas Feridas;Pleno dia;Crescente;Céu Claro;Simples;Reta;Sim;2;0;1;0;1;1;0;2;-27,1722113;-49,5810789;SPRF-SC;DEL04/SC;UOP02-DEL04-SC
763550;07/04/2026;terça-feira;16:35:00;RS;290;47,9;GLORINHA;Reação tardia ou ineficiente do condutor;Colisão com objeto;Com Vítimas Feridas;Pleno dia;Crescente;Nublado;Dupla;Reta;Não;2;0;1;1;2;0;0;1;-29,898296;-50,738534;SPRF-RS;DEL03/RS;UOP01-DEL03-RS
763551;07/04/2026;terça-feira;16:05:00;PA;316;63;CASTANHAL;Acessar a via sem observar a presença dos outros veículos;Colisão transversal;Com Vítimas Feridas;Pleno dia;Decrescente;Nublado;Dupla;Reta;Não;2;0;1;0;1;1;0;2;-1,296553;-47,925767;SPRF-PA;DEL01/PA;UOP01-DEL01-PA
763552;07/04/2026;terça-feira;16:00:00;PR;376;644;TIJUCAS DO SUL;Avarias e/ou desgaste excessivo no pneu;Queda de ocupante de veículo;Com Vítimas Feridas;Pleno dia;Decrescente;Céu Claro;Simples;Reta;Não;1;0;1;0;1;0;0;1;-25,824153;-49,123531;SPRF-PR;DEL01/PR;UOP04-DEL01-PR
763553;14/03/2026;sábado;14:20:00;RN;101;93,4;NATAL;Acessar a via sem observar a presença dos outros veículos;Colisão lateral mesmo sentido;Sem Vítimas;Pleno dia;Decrescente;Céu Claro;Dupla;"Reta;Túnel";Sim;2;0;0;0;0;1;0;2;-5,8266807;-35,2105537;SPRF-RN;DEL01-RN;UOP01-DEL01-RN
763555;07/04/2026;terça-feira;16:00:00;RJ;393;298;BARRA MANSA;Conversão proibida;Colisão transversal;Com Vítimas Feridas;Pleno dia;Decrescente;Céu Claro;Dupla;"Curva;Declive";Não;4;0;1;1;2;2;0;2;-22,54775983;-44,11407563;SPRF-RJ;DEL07/RJ;UOP02-DEL07-RJ
763557;27/03/2026;sexta-feira;02:00:00;MG;40;747;SANTOS DUMONT;Ausência de reação do condutor;Queda de ocupante de veículo;Com Vítimas Feridas;Plena Noite;Decrescente;Nublado;Simples;"Curva;Aclive";Não;27;0;2;0;2;25;0;2;-21,4573346;-43,55830119;SPRF-MG;DEL05/MG;UOP01-DEL05-MG
763558;22/03/2026;domingo;07:40:00;GO;153;668,9;GOIATUBA;Pista esburacada;Saída de leito carroçável;Com Vítimas Feridas;Pleno dia;Crescente;Chuva;Dupla;Declive;Não;2;0;1;1;2;0;0;1;-18,1234;-49,2827;SPRF-GO;DEL03/GO;UOP02-DEL03-GO
763560;07/04/2026;terça-feira;16:40:00;PE;101;48,8;ABREU E LIMA;Ausência de reação do condutor;Colisão traseira;Com Vítimas Feridas;Pleno dia;Decrescente;Nublado;Múltipla;Reta;Sim;2;0;1;0;1;1;0;2;-7,8976;-34,9023;SPRF-PE;DEL01/PE;UOP02-DEL01-PE
763561;03/04/2026;sexta-feira;22:45:00;MG;262;440;NOVA SERRANA;Velocidade Incompatível;Tombamento;Com Vítimas Feridas;Plena Noite;Decrescente;Céu Claro;Dupla;Reta;Sim;1;0;0;1;1;0;0;1;-19,86589;-44,99293;SPRF-MG;DEL08/MG;UOP03-DEL08-MG
763562;07/04/2026;terça-feira;17:15:00;SP;381;75;SAO PAULO;Velocidade Incompatível;Saída de leito carroçável;Com Vítimas Feridas;Pleno dia;Decrescente;Nublado;Múltipla;"Declive;Curva";Não;1;0;1;0;1;0;0;1;-23,3584522;-46,5501186;SPRF-SP;DEL03/SP;UOP01-DEL03-SP
763564;07/04/2026;terça-feira;16:45:00;PR;376;132,2;NOVA ESPERANCA;Animais na Pista;Atropelamento de Animal;Com Vítimas Feridas;Pleno dia;Decrescente;Nublado;Dupla;Reta;Não;2;0;1;0;1;1;0;1;-23,178094;-52,225869;SPRF-PR;DEL09/PR;UOP02-DEL09-PR
763565;07/04/2026;terça-feira;17:20:00;PE;232;143,9;SAO CAITANO;Demais falhas mecânicas ou elétricas;Queda de ocupante de veículo;Com Vítimas Feridas;Pleno dia;Crescente;Nublado;Dupla;Reta;Não;2;0;2;0;2;0;0;1;-8,325477;-36,11306;SPRF-PE;DEL03/PE;UOP02-DEL03-PE
763566;07/04/2026;terça-feira;17:30:00;SP;116;395,3;MIRACATU;Restrição de visibilidade em curvas verticais;Colisão transversal;Com Vítimas Feridas;Anoitecer;Decrescente;Céu Claro;Simples;"Curva;Declive;Interseção de Vias";Sim;2;0;1;0;1;1;0;2;-24,2889433;-47,4627752;SPRF-SP;DEL04/SP;UOP02-DEL04-SP
763567;07/04/2026;terça-feira;14:00:00;MG;381;302;ANTONIO DIAS;Velocidade Incompatível;Queda de ocupante de veículo;Com Vítimas Feridas;Pleno dia;Crescente;Céu Claro;Dupla;Curva;Não;2;0;1;0;1;1;0;1;-19,63703;-42,91262;SPRF-MG;DEL03/MG;UOP02-DEL03-MG
763568;07/04/2026;terça-feira;17:30:00;PR;376;187,3;SARANDI;Ausência de reação do condutor;Queda de ocupante de veículo;Com Vítimas Feridas;Pleno dia;Crescente;Céu Claro;Dupla;Aclive;Não;1;0;1;0;1;0;0;1;-23,453342;-51,850877;SPRF-PR;DEL09/PR;UOP01-DEL09-PR
763569;07/04/2026;terça-feira;12:40:00;BA;242;414;SEABRA;Desrespeitar a preferência no cruzamento;Colisão transversal;Com Vítimas Feridas;Pleno dia;Crescente;Céu Claro;Simples;Interseção de Vias;Não;2;0;1;0;1;1;0;2;-12,42730415;-41,76910758;SPRF-BA;DEL06/BA;UOP01-DEL06-BA
763570;07/04/2026;terça-feira;17:45:00;RN;101;85,7;NATAL;Condutor deixou de manter distância do veículo da frente;Engavetamento;Com Vítimas Feridas;Anoitecer;Decrescente;Nublado;Dupla;Ponte;Sim;3;0;2;0;2;1;0;3;-5,782409;-35,247351;SPRF-RN;DEL02-RN;UOP01-DEL02-RN
763572;07/04/2026;terça-feira;17:40:00;RJ;116;82,5;TERESOPOLIS;Acessar a via sem observar a presença dos outros veículos;Atropelamento de Pedestre;Com Vítimas Feridas;Anoitecer;Crescente;Céu Claro;Simples;Reta;Sim;2;0;1;0;1;0;0;2;-22,403795;-42,95269;SPRF-RJ;DEL04/RJ;UOP01-DEL04-RJ
763573;07/04/2026;terça-feira;18:00:00;RS;116;266;CANOAS;Ausência de reação do condutor;Colisão com objeto;Com Vítimas Feridas;Anoitecer;Crescente;Chuva;Múltipla;"Em Obras;Viaduto;Declive;Desvio Temporário;Reta";Sim;1;0;1;0;1;0;0;1;-29,92722644;-51,17790211;SPRF-RS;DEL01/RS;UOP01-DEL01-RS
763574;07/04/2026;terça-feira;11:20:00;RJ;116;145;DUQUE DE CAXIAS;Transitar no Acostamento;Colisão lateral mesmo sentido;Com Vítimas Feridas;Pleno dia;Decrescente;Céu Claro;Dupla;Reta;Sim;3;0;1;0;1;2;0;2;-22,6651093;-43,2598194;SPRF-RJ;DEL01/RJ;UOP02-DEL01-RJ
763576;07/04/2026;terça-feira;18:00:00;PE;101;93;CABO DE SANTO AGOSTINHO;Ausência de reação do condutor;Tombamento;Com Vítimas Feridas;Plena Noite;Decrescente;Céu Claro;Dupla;Reta;Não;1;0;0;1;1;0;0;1;-8,23552;-35,00037;SPRF-PE;DEL01/PE;UOP01-DEL01-PE
763577;07/04/2026;terça-feira;17:05:00;RJ;116;273;BARRA MANSA;Ausência de reação do condutor;Tombamento;Com Vítimas Feridas;Pleno dia;Crescente;Céu Claro;Dupla;Reta;Não;3;0;1;0;1;0;0;2;-22,56196;-44,145031;SPRF-RJ;DEL07/RJ;UOP02-DEL07-RJ
763578;07/04/2026;terça-feira;17:50:00;SC;282;500,3;XANXERE;Velocidade Incompatível;Saída de leito carroçável;Com Vítimas Feridas;Anoitecer;Crescente;Chuva;Dupla;"Interseção de Vias;Túnel";Sim;2;0;1;0;1;1;0;1;-26,88250009;-52,39507474;SPRF-SC;DEL07/SC;UOP01-DEL07-SC
763582;07/04/2026;terça-feira;17:45:00;PE;101;146;RIBEIRAO;Velocidade Incompatível;Capotamento;Sem Vítimas;Anoitecer;Decrescente;Chuva;Dupla;Curva;Não;1;0;0;0;0;0;1;1;-8,4643918;-35,3697677;SPRF-PE;DEL01/PE;UOP03-DEL01-PE
763583;07/04/2026;terça-feira;18:50:00;MG;40;385,1;CURVELO;Ultrapassagem Indevida;Colisão lateral sentido oposto;Com Vítimas Feridas;Plena Noite;Decrescente;Céu Claro;Simples;Curva;Não;3;0;0;3;3;0;0;2;-18,9122557;-44,6836657;SPRF-MG;DEL02/MG;UOP01-DEL02-MG