id;data_inversa;dia_semana;horario;uf;br;km;municipio;causa_acidente;tipo_acidente;classificacao_acidente;fase_dia;sentido_via;condicao_metereologica;tipo_pista;tracado_via;uso_solo;pessoas;mortos;feridos_leves;feridos_graves;feridos;ilesos;ignorados;veiculos;latitude;longitude;regional;delegacia;uop
763588;07/04/2026;terça-feira;18:55:00;PB;230;334,5;PATOS;Acessar a via sem observar a presença dos outros veículos;Colisão lateral mesmo sentido;Com Vítimas Feridas;Plena Noite;Crescente;Céu Claro;Simples;Reta;Sim;2;0;1;0;1;1;0;2;-7,009067;-37,280308;SPRF-PB;DEL03-PB;UOP01-DEL03-PB
763593;07/04/2026;terça-feira;19:10:00;AP;210;2;MACAPA;Trafegar com motocicleta (ou similar) entre as faixas;Colisão lateral mesmo sentido;Sem Vítimas;Plena Noite;Decrescente;Garoa/Chuvisco;Múltipla;Reta;Sim;2;0;0;0;0;2;0;2;0,08383023;-51,07977239;SPRF-AP;DEL01-AP;UOP01-DEL01-AP
763595;07/04/2026;terça-feira;18:25:00;PR;163;196,3;SANTA TEREZA DO OESTE;Chuva;Saída de leito carroçável;Com Vítimas Feridas;Plena Noite;Decrescente;Chuva;Dupla;Reta;Não;2;0;2;0;2;0;0;1;-25,033858;-53,550926;SPRF-PR;DEL05/PR;UOP05-DEL05-PR
763596;07/04/2026;terça-feira;17:15:00;MG;50;168,5;UBERABA;Velocidade Incompatível;Colisão com objeto;Com Vítimas Feridas;Anoitecer;Crescente;Nublado;Dupla;"Curva;Declive";Não;1;0;1;0;1;0;0;1;-19,72159;-47,98012;SPRF-MG;DEL13/MG;UOP01-DEL13-MG
763597;07/04/2026;terça-feira;18:50:00;RS;293;19;CAPAO DO LEAO;Acessar a via sem observar a presença dos outros veículos;Colisão transversal;Com Vítimas Feridas;Plena Noite;Crescente;Nublado;Simples;"Reta;Interseção de Vias";Não;3;0;1;0;1;2;0;2;-31,74159882;-52,51842499;SPRF-RS;DEL07/RS;UOP01-DEL07-RS
763598;07/04/2026;terça-feira;18:10:00;RJ;101;482;ANGRA DOS REIS;Acessar a via sem observar a presença dos outros veículos;Colisão transversal;Com Vítimas Feridas;Plena Noite;Decrescente;Céu Claro;Simples;Interseção de Vias;Não;2;0;1;0;1;1;0;2;-23,00518;-44,29763;SPRF-RJ;DEL03/RJ;UOP03-DEL03-RJ
763599;07/04/2026;terça-feira;17:20:00;PR;277;595;CASCAVEL;Chuva;Colisão traseira;Com Vítimas Feridas;Pleno dia;Decrescente;Chuva;Simples;"Reta;Declive";Sim;2;0;0;1;1;1;0;2;-24,91508593;-53,50204468;SPRF-PR;DEL04/PR;UOP01-DEL04-PR
763600;07/04/2026;terça-feira;18:32:00;PI;343;4,5;TERESINA;Condutor deixou de manter distância do veículo da frente;Colisão traseira;Com Vítimas Feridas;Plena Noite;Crescente;Céu Claro;Dupla;Reta;Sim;1;0;1;0;1;0;0;1;-5,080322;-42,789675;SPRF-PI;DEL01-PI;UOP01-DEL01-PI
763602;07/04/2026;terça-feira;19:15:00;PE;101;79;JABOATAO DOS GUARARAPES;Ausência de reação do condutor;Colisão traseira;Com Vítimas Feridas;Plena Noite;Crescente;Céu Claro;Dupla;Reta;Sim;5;0;0;3;3;2;0;3;-8,14923;-34,94363;SPRF-PE;DEL01/PE;UOP01-DEL01-PE
763605;07/04/2026;terça-feira;19:30:00;TO;153;643;DUERE;Demais falhas mecânicas ou elétricas;Saída de leito carroçável;Com Vítimas Feridas;Plena Noite;Crescente;Céu Claro;Simples;Reta;Não;2;0;1;0;1;1;0;1;-11,57703293;-49,03232574;SPRF-TO;DEL01-TO;UOP02-DEL01-TO
763609;07/04/2026;terça-feira;19:06:00;SC;101;426;ARARANGUA;Ausência de reação do condutor;Colisão traseira;Com Vítimas Feridas;Plena Noite;Decrescente;Chuva;Dupla;Reta;Não;2;0;1;0;1;1;0;2;-29,028996;-49,60256;SPRF-SC;DEL02/SC;UOP02-DEL02-SC
763612;07/04/2026;terça-feira;18:50:00;RS;392;116;CANGUCU;Acessar a via sem observar a presença dos outros veículos;Colisão lateral mesmo sentido;Com Vítimas Feridas;Plena Noite;Decrescente;Garoa/Chuvisco;Simples;Rotatória;Não;2;0;1;0;1;1;0;2;-31,41372128;-52,67635345;SPRF-RS;DEL07/RS;UOP01-DEL07-RS
763613;07/04/2026;terça-feira;21:00:00;RJ;116;82;TERESOPOLIS;Ausência de reação do condutor;Colisão traseira;Com Vítimas Feridas;Plena Noite;Crescente;Céu Claro;Simples;Reta;Não;3;0;1;0;1;2;0;2;-22,402419;-42,952977;SPRF-RJ;DEL04/RJ;UOP01-DEL04-RJ
763614;07/04/2026;terça-feira;20:05:00;PR;476;138;CURITIBA;Condutor desrespeitou a iluminação vermelha do semáforo;Colisão transversal;Com Vítimas Feridas;Plena Noite;Decrescente;Nublado;Múltipla;"Reta;Interseção de Vias";Sim;2;0;1;0;1;1;0;2;-25,507516;-49,284633;SPRF-PR;DEL01/PR;UOP03-DEL01-PR
763615;07/04/2026;terça-feira;20:45:00;GO;40;5;VALPARAISO DE GOIAS;Reação tardia ou ineficiente do condutor;Colisão lateral mesmo sentido;Com Vítimas Feridas;Plena Noite;Crescente;Nublado;Dupla;Retorno Regulamentado;Sim;3;0;1;0;1;1;0;3;-16,09347011;-47,98215604;SPRF-DF;DEL01-DF;UOP01-DEL01-DF
763616;30/03/2026;segunda-feira;13:59:00;SP;116;217,3;GUARULHOS;Suicídio (presumido);Eventos atípicos;Com Vítimas Fatais;Pleno dia;Crescente;Céu Claro;Múltipla;Reta;Sim;3;1;0;0;0;2;0;2;-23,45508636;-46,47441801;SPRF-SP;DEL01/SP;UOP01-DEL01-SP
763617;07/04/2026;terça-feira;19:20:00;PR;376;102,2;PARANAVAI;Ausência de reação do condutor;Saída de leito carroçável;Com Vítimas Feridas;Plena Noite;Decrescente;Chuva;Dupla;Viaduto;Não;1;0;1;0;1;0;0;1;-23,041943;-52,472663;SPRF-PR;DEL09/PR;UOP02-DEL09-PR
763618;07/04/2026;terça-feira;19:40:00;DF;60;1,2;BRASILIA;Reação tardia ou ineficiente do condutor;Saída de leito carroçável;Com Vítimas Fatais;Plena Noite;Decrescente;Céu Claro;Dupla;Reta;Sim;3;1;2;0;2;0;0;2;-15,88549;-48,070215;SPRF-DF;DEL03-DF;UOP01-DEL03-DF
763619;07/04/2026;terça-feira;20:50:00;SP;116;140;SAO JOSE DOS CAMPOS;Reação tardia ou ineficiente do condutor;Queda de ocupante de veículo;Com Vítimas Feridas;Plena Noite;Decrescente;Nublado;Dupla;Reta;Sim;1;0;1;0;1;0;0;1;-23,16550844;-45,8127594;SPRF-SP;DEL02/SP;UOP01-DEL02-SP
763621;07/04/2026;terça-feira;21:00:00;PB;230;127,5;CAMPINA GRANDE;Acostamento em desnível;Tombamento;Com Vítimas Feridas;Plena Noite;Crescente;Céu Claro;Dupla;"Reta;Em Obras";Não;1;0;0;1;1;0;0;1;-7,260732;-35,70794;SPRF-PB;DEL02-PB;UOP01-DEL02-PB
763622;07/04/2026;terça-feira;21:15:00;ES;101;129,4;SOORETAMA;Animais na Pista;Atropelamento de Animal;Com Vítimas Feridas;Plena Noite;Decrescente;Céu Claro;Simples;Reta;Não;1;0;1;0;1;0;0;1;-19,22254621;-40,09349889;SPRF-ES;DEL04-ES;UOP01-DEL04-ES
763624;07/04/2026;terça-feira;19:30:00;PI;230;307;FLORIANO;Ultrapassagem Indevida;Colisão frontal;Com Vítimas Feridas;Plena Noite;Decrescente;Céu Claro;Simples;Reta;Sim;3;0;2;0;2;0;0;2;-6,783295;-42,998603;SPRF-PI;DEL03-PI;UOP01-DEL03-PI
763628;07/04/2026;terça-feira;21:30:00;BA;101;927;NOVA VICOSA;Reação tardia ou ineficiente do condutor;Colisão traseira;Com Vítimas Feridas;Plena Noite;Decrescente;Céu Claro;Simples;Reta;Não;3;0;2;0;2;1;0;2;-17,94095166;-39,85494232;SPRF-BA;DEL09/BA;UOP02-DEL09-BA
763629;07/04/2026;terça-feira;22:15:00;RJ;101;311;SAO GONCALO;Demais falhas mecânicas ou elétricas;Tombamento;Com Vítimas Feridas;Plena Noite;Decrescente;Céu Claro;Dupla;Reta;Sim;2;0;1;0;1;1;0;1;-22,80362422;-43,05865857;SPRF-RJ;DEL02/RJ;UOP02-DEL02-RJ
763630;07/04/2026;terça-feira;20:30:00;SC;282;457;PONTE SERRADA;Chuva;Saída de leito carroçável;Com Vítimas Feridas;Plena Noite;Decrescente;Chuva;Simples;"Reta;Declive";Não;2;0;2;0;2;0;0;1;-26,918393;-51,955641;SPRF-SC;DEL07/SC;UOP04-DEL07-SC
763632;07/04/2026;terça-feira;22:45:00;PE;407;127;PETROLINA;Condutor desrespeitou a iluminação vermelha do semáforo;Colisão transversal;Com Vítimas Feridas;Plena Noite;Crescente;Céu Claro;Simples;Reta;Não;2;0;1;0;1;0;0;2;-9,28703137;-40,4430699;SPRF-PE;DEL06/PE;UOP01-DEL06-PE
763633;07/04/2026;terça-feira;22:50:00;MG;40;631;CONSELHEIRO LAFAIETE;Reação tardia ou ineficiente do condutor;Queda de ocupante de veículo;Com Vítimas Feridas;Plena Noite;Decrescente;Céu Claro;Simples;"Ponte;Declive;Curva";Sim;2;0;1;1;2;0;0;1;-20,665806;-43,803392;SPRF-MG;DEL05/MG;UOP02-DEL05-MG
763635;07/04/2026;terça-feira;23:00:00;SC;101;145;ITAPEMA;Chuva;Colisão lateral mesmo sentido;Com Vítimas Feridas;Plena Noite;Crescente;Chuva;Dupla;Curva;Sim;2;0;1;0;1;1;0;2;-27,06609952;-48,59579299;SPRF-SC;DEL04/SC;UOP03-DEL04-SC
763636;07/04/2026;terça-feira;12:00:00;RJ;465;22;RIO DE JANEIRO;Transitar na contramão;Colisão frontal;Com Vítimas Feridas;Pleno dia;Crescente;Céu Claro;Simples;Reta;Sim;3;0;1;0;1;2;0;2;-22,86150957;-43,60202042;SPRF-RJ;DEL03/RJ;UOP01-DEL03-RJ
763640;07/04/2026;terça-feira;21:55:00;MG;262;35;MANHUACU;Reação tardia ou ineficiente do condutor;Colisão lateral mesmo sentido;Com Vítimas Feridas;Plena Noite;Crescente;Céu Claro;Simples;"Reta;Declive";Não;3;0;0;2;2;1;0;2;-20,259474;-42,031744;SPRF-MG;DEL06/MG;UOP03-DEL06-MG
763642;08/04/2026;quarta-feira;00:10:00;MG;381;853,2;POUSO ALEGRE;Manobra de mudança de faixa;Colisão lateral mesmo sentido;Sem Vítimas;Plena Noite;Decrescente;Nublado;Dupla;Reta;Não;1;0;0;0;0;1;0;1;-22,28496664;-45,89641571;SPRF-MG;DEL16/MG;UOP01-DEL16-MG
763643;08/04/2026;quarta-feira;01:20:00;MG;40;250,6;SAO GONCALO DO ABAETE;Condutor Dormindo;Colisão com objeto;Com Vítimas Feridas;Plena Noite;Crescente;Céu Claro;Simples;Curva;Não;1;0;1;0;1;0;0;1;-18,11921;-45,43627;SPRF-MG;DEL14/MG;UOP02-DEL14-MG
763644;08/04/2026;quarta-feira;01:20:00;SC;282;21,6;SANTO AMARO DA IMPERATRIZ;Transitar na contramão;Colisão frontal;Sem Vítimas;Plena Noite;Crescente;Garoa/Chuvisco;Simples;Curva;Sim;2;0;0;0;0;2;0;2;-27,68866489;-48,72468588;SPRF-SC;DEL01/SC;UOP02-DEL01-SC
763646;07/04/2026;terça-feira;19:23:00;SC;101;204,1;SAO JOSE;Condutor deixou de manter distância do veículo da frente;Colisão traseira;Sem Vítimas;Plena Noite;Crescente;Céu Claro;Múltipla;Interseção de Vias;Sim;3;0;0;0;0;3;0;2;-27,57578;-48,61343;SPRF-SC;DEL01/SC;UOP01-DEL01-SC
763648;08/04/2026;quarta-feira;02:30:00;MG;381;490;BETIM;Ingestão de álcool pelo condutor;Colisão com objeto;Sem Vítimas;Plena Noite;Crescente;Céu Claro;Dupla;Reta;Sim;2;0;0;0;0;2;0;1;-19,95621;-44,14239;SPRF-MG;DEL01/MG;UOP03-DEL01-MG
763649;08/04/2026;quarta-feira;02:20:00;RO;364;191;PIMENTA BUENO;Pista esburacada;Tombamento;Com Vítimas Feridas;Plena Noite;Crescente;Céu Claro;Simples;Reta;Não;2;0;0;1;1;0;0;2;-11,71702;-61,150775;SPRF-RO;DEL02-RO;UOP02-DEL02-RO
763650;07/04/2026;terça-feira;19:50:00;SC;282;553;NOVA ITABERABA;Pista Escorregadia;Saída de leito carroçável;Com Vítimas Feridas;Plena Noite;Decrescente;Chuva;Simples;Curva;Não;1;0;1;0;1;0;0;1;-26,942417;-52,787472;SPRF-SC;DEL07/SC;UOP01-DEL07-SC
763651;08/04/2026;quarta-feira;05:58:00;TO;153;363;FORTALEZA DO TABOCAO;Acessar a via sem observar a presença dos outros veículos;Atropelamento de Pedestre;Com Vítimas Fatais;Amanhecer;Decrescente;Céu Claro;Simples;Reta;Não;2;1;0;0;0;1;0;2;-9,0903983;-48,5256926;SPRF-TO;DEL02-TO;UOP02-DEL02-TO
763652;07/04/2026;terça-feira;19:00:00;PI;230;195;OEIRAS;Condutor deixou de manter distância do veículo da frente;Colisão traseira;Com Vítimas Feridas;Plena Noite;Crescente;Céu Claro;Simples;Reta;Sim;3;0;1;0;1;2;0;2;-7,001848;-42,115537;SPRF-PI;DEL04-PI;UOP01-DEL04-PI
763654;08/04/2026;quarta-feira;05:45:00;SP;116;216;GUARULHOS;Pedestre andava na pista;Atropelamento de Pedestre;Com Vítimas Feridas;Amanhecer;Decrescente;Chuva;Múltipla;"Aclive;Reta";Sim;2;0;2;0;2;0;0;2;-23,45170574;-46,46558976;SPRF-SP;DEL01/SP;UOP01-DEL01-SP
763655;08/04/2026;quarta-feira;06:00:00;ES;101;131,7;LINHARES;Reação tardia ou ineficiente do condutor;Capotamento;Com Vítimas Fatais;Amanhecer;Decrescente;Nublado;Simples;Reta;Não;1;1;0;0;0;0;0;1;-19,24192889;-40,09140252;SPRF-ES;DEL04-ES;UOP01-DEL04-ES
763656;08/04/2026;quarta-feira;05:30:00;PR;376;101,3;PARANAVAI;Transitar na contramão;Colisão lateral sentido oposto;Com Vítimas Feridas;Amanhecer;Crescente;Chuva;Simples;Reta;Não;2;0;0;1;1;1;0;2;-23,03495;-52,47896;SPRF-PR;DEL09/PR;UOP02-DEL09-PR
763657;08/04/2026;quarta-feira;05:20:00;BA;242;823;BARREIRAS;Conversão proibida;Colisão transversal;Com Vítimas Feridas;Amanhecer;Crescente;Céu Claro;Simples;Reta;Não;2;0;1;0;1;1;0;2;-12,12857;-45,02005;SPRF-BA;DEL10/BA;UOP01-DEL10-BA
763658;24/02/2026;terça-feira;07:35:00;BA;324;616;SALVADOR;Manobra de mudança de faixa;Colisão lateral mesmo sentido;Com Vítimas Feridas;Pleno dia;Crescente;Céu Claro;Dupla;Reta;Sim;2;0;1;0;1;1;0;2;-12,88878;-38,44218;SPRF-BA;DEL01/BA;UOP01-DEL01-BA
763659;08/04/2026;quarta-feira;05:15:00;PR;163;172,5;LINDOESTE;Ausência de reação do condutor;Saída de leito carroçável;Com Vítimas Feridas;Plena Noite;Decrescente;Chuva;Dupla;Reta;Não;1;0;1;0;1;0;0;1;-25,22305947;-53,5937799;SPRF-PR;DEL05/PR;UOP05-DEL05-PR
763663;08/04/2026;quarta-feira;05:50:00;PR;376;381,5;IMBAU;Ausência de reação do condutor;Tombamento;Com Vítimas Feridas;Amanhecer;Crescente;Chuva;Dupla;"Curva;Aclive";Sim;1;0;1;0;1;0;0;1;-24,450461;-50,758864;SPRF-PR;DEL03/PR;UOP02-DEL03-PR
763664;08/04/2026;quarta-feira;07:00:00;MG;40;511;RIBEIRAO DAS NEVES;Velocidade Incompatível;Colisão com objeto;Sem Vítimas;Pleno dia;Decrescente;Céu Claro;Dupla;Reta;Não;1;0;0;0;0;1;0;1;-19,78334909;-44,11584584;SPRF-MG;DEL01/MG;UOP02-DEL01-MG
763667;08/04/2026;quarta-feira;07:00:00;PR;153;42,6;SANTO ANTONIO DA PLATINA;Acessar a via sem observar a presença dos outros veículos;Colisão transversal;Com Vítimas Feridas;Amanhecer;Crescente;Céu Claro;Simples;"Reta;Interseção de Vias";Sim;2;0;2;0;2;0;0;2;-23,30151144;-50,07027475;SPRF-PR;DEL07/PR;UOP04-DEL07-PR
763669;08/04/2026;quarta-feira;07:10:00;BA;101;228;SAPEACU;Área urbana sem a presença de local apropriado para a travessia de pedestres;Colisão frontal;Com Vítimas Feridas;Pleno dia;Crescente;Chuva;Simples;"Reta;Interseção de Vias";Sim;2;0;1;0;1;1;0;2;-12,7145764;-39,177835;SPRF-BA;DEL11/BA;UOP01-DEL11-BA
763671;08/04/2026;quarta-feira;07:40:00;SP;116;217;GUARULHOS;Manobra de mudança de faixa;Colisão traseira;Com Vítimas Feridas;Pleno dia;Crescente;Céu Claro;Múltipla;Reta;Sim;3;0;2;0;2;1;0;2;-23,457178;-46,47930098;SPRF-SP;DEL01/SP;UOP01-DEL01-SP
763672;08/04/2026;quarta-feira;08:05:00;PE;428;192,6;PETROLINA;Manobra de mudança de faixa;Colisão traseira;Com Vítimas Feridas;Pleno dia;Decrescente;Céu Claro;Dupla;Reta;Sim;4;0;2;0;2;2;0;2;-9,38614229;-40,52337094;SPRF-PE;DEL06/PE;UOP01-DEL06-PE
763673;07/04/2026;terça-feira;20:00:00;RJ;116;182;NOVA IGUACU;Ausência de reação do condutor;Colisão transversal;Sem Vítimas;Plena Noite;Crescente;Céu Claro;Simples;Reta;Sim;2;0;0;0;0;2;0;2;-22,76156447;-43,42221586;SPRF-RJ;DEL06/RJ;UOP01-DEL06-RJ
763677;08/04/2026;quarta-feira;06:40:00;ES;101;287;CARIACICA;Desrespeitar a preferência no cruzamento;Queda de ocupante de veículo;Com Vítimas Feridas;Amanhecer;Decrescente;Céu Claro;Dupla;Reta;Sim;2;0;1;0;1;0;0;2;-20,26857983;-40,38866458;SPRF-ES;DEL01-ES;UOP01-DEL01-ES
763678;08/04/2026;quarta-feira;07:20:00;RJ;101;330;RIO DE JANEIRO;Condutor deixou de manter distância do veículo da frente;Colisão traseira;Com Vítimas Feridas;Pleno dia;Crescente;Sol;Múltipla;"Reta;Ponte";Não;2;0;2;0;2;0;0;2;-22,8676;-43,1938;SPRF-RJ;DEL02/RJ;UOP01-DEL02-RJ
763679;23/03/2026;segunda-feira;08:20:00;DF;40;0;BRASILIA;Trafegar com motocicleta (ou similar) entre as faixas;Colisão lateral mesmo sentido;Com Vítimas Feridas;Pleno dia;Decrescente;Céu Claro;Dupla;Reta;Sim;2;0;1;0;1;1;0;2;-15,9826894;-47,98836426;SPRF-DF;DEL01-DF;UOP01-DEL01-DF
763680;08/04/2026;quarta-feira;07:50:00;GO;0;0;GOIANIA;Acessar a via sem observar a presença dos outros veículos;Colisão transversal;Com Vítimas Feridas;Pleno dia;Não Informado;Céu Claro;Simples;Interseção de Vias;Sim;3;0;1;0;1;2;0;2;-16,612133;-49,214485;SPRF-GO;DEL01/GO;UOP01-DEL01-GO
763681;08/04/2026;quarta-feira;07:20:00;RJ;101;61;CAMPOS DOS GOYTACAZES;Acessar a via sem observar a presença dos outros veículos;Colisão transversal;Com Vítimas Feridas;Pleno dia;Crescente;Céu Claro;Simples;"Reta;Interseção de Vias";Sim;2;0;2;0;2;0;0;2;-21,73183172;-41,32380843;SPRF-RJ;DEL08/RJ;UOP01-DEL08-RJ
763682;08/04/2026;quarta-feira;07:20:00;MG;381;488;BETIM;Ausência de reação do condutor;Colisão traseira;Com Vítimas Feridas;Amanhecer;Decrescente;Céu Claro;Dupla;Reta;Sim;3;0;2;0;2;1;0;3;-19,95694663;-44,12546961;SPRF-MG;DEL01/MG;UOP03-DEL01-MG
763683;08/04/2026;quarta-feira;06:30:00;RJ;40;125;RIO DE JANEIRO;Pedestre cruzava a pista fora da faixa;Atropelamento de Pedestre;Com Vítimas Feridas;Amanhecer;Crescente;Sol;Dupla;Curva;Sim;2;0;2;0;2;0;0;2;-22,813161;-43,291235;SPRF-RJ;DEL01/RJ;UOP02-DEL01-RJ
763684;08/04/2026;quarta-feira;07:00:00;PR;369;159;CAMBE;Ausência de reação do condutor;Tombamento;Com Vítimas Feridas;Pleno dia;Decrescente;Céu Claro;Dupla;Reta;Sim;1;0;1;0;1;0;0;1;-23,28194492;-51,25372823;SPRF-PR;DEL07/PR;UOP01-DEL07-PR
763685;08/04/2026;quarta-feira;07:54:00;PE;232;6,6;RECIFE;Acessar a via sem observar a presença dos outros veículos;Atropelamento de Pedestre;Com Vítimas Feridas;Pleno dia;Decrescente;Chuva;Múltipla;Reta;Sim;2;0;2;0;2;0;0;2;-8,07242;-34,95704;SPRF-PE;DEL01/PE;UOP01-DEL01-PE
763686;08/04/2026;quarta-feira;08:10:00;MG;40;653,2;CRISTIANO OTONI;Ausência de reação do condutor;Tombamento;Com Vítimas Feridas;Pleno dia;Crescente;Céu Claro;Simples;Reta;Não;2;0;1;0;1;1;0;1;-20,8475626;-43,7983948;SPRF-MG;DEL05/MG;UOP02-DEL05-MG
763688;08/04/2026;quarta-feira;08:10:00;PR;376;379,5;IMBAU;Ausência de reação do condutor;Capotamento;Com Vítimas Feridas;Pleno dia;Decrescente;Chuva;Dupla;"Aclive;Curva";Sim;1;0;1;0;1;0;0;1;-24,426495;-50,767692;SPRF-PR;DEL03/PR;UOP02-DEL03-PR
763689;08/04/2026;quarta-feira;08:00:00;PR;476;110;COLOMBO;Reação tardia ou ineficiente do condutor;Capotamento;Com Vítimas Feridas;Pleno dia;Decrescente;Céu Claro;Simples;"Declive;Curva";Sim;1;0;0;1;1;0;0;1;-25,315125;-49,15296;SPRF-PR;DEL01/PR;UOP01-DEL01-PR
763690;08/04/2026;quarta-feira;09:20:00;PR;116;116;CURITIBA;Condutor deixou de manter distância do veículo da frente;Colisão traseira;Com Vítimas Feridas;Pleno dia;Decrescente;Nublado;Dupla;Reta;Não;2;0;1;0;1;1;0;2;-25,551679;-49,304896;SPRF-PR;DEL01/PR;UOP03-DEL01-PR
763691;08/04/2026;quarta-feira;07:15:00;RS;116;374,9;SENTINELA DO SUL;Demais falhas mecânicas ou elétricas;Saída de leito carroçável;Sem Vítimas;Pleno dia;Decrescente;Céu Claro;Dupla;"Aclive;Reta";Não;2;0;0;0;0;2;0;2;-30,722543;-51,6104;SPRF-RS;DEL02/RS;UOP02-DEL02-RS
763693;08/04/2026;quarta-feira;07:55:00;SC;101;424,9;ARARANGUA;Manobra de mudança de faixa;Colisão traseira;Com Vítimas Feridas;Pleno dia;Decrescente;Nublado;Dupla;Reta;Sim;4;0;1;1;2;2;0;3;-29,02339329;-49,59530457;SPRF-SC;DEL02/SC;UOP02-DEL02-SC
763694;08/04/2026;quarta-feira;06:30:00;BA;101;787;PORTO SEGURO;Velocidade Incompatível;Saída de leito carroçável;Com Vítimas Fatais;Pleno dia;Decrescente;Chuva;Simples;"Declive;Curva";Não;7;1;6;0;6;0;0;1;-16,866432;-39,499917;SPRF-BA;DEL09/BA;UOP01-DEL09-BA
763695;08/04/2026;quarta-feira;07:30:00;RS;470;225;GARIBALDI;Acessar a via sem observar a presença dos outros veículos;Colisão transversal;Com Vítimas Feridas;Pleno dia;Decrescente;Céu Claro;Simples;Rotatória;Sim;2;0;1;0;1;1;0;2;-29,24291878;-51,51725141;SPRF-RS;DEL06/RS;UOP01-DEL06-RS
763696;08/04/2026;quarta-feira;06:53:00;RO;364;708;PORTO VELHO;Reação tardia ou ineficiente do condutor;Saída de leito carroçável;Sem Vítimas;Pleno dia;Crescente;Céu Claro;Dupla;Reta;Não;1;0;0;0;0;0;1;1;-8,791885;-63,847075;SPRF-RO;DEL01-RO;UOP01-DEL01-RO
763699;08/04/2026;quarta-feira;09:40:00;SP;116;141;SAO JOSE DOS CAMPOS;Reação tardia ou ineficiente do condutor;Queda de ocupante de veículo;Com Vítimas Feridas;Pleno dia;Crescente;Nublado;Dupla;Reta;Sim;1;0;1;0;1;0;0;1;-23,1675021;-45,81607668;SPRF-SP;DEL02/SP;UOP01-DEL02-SP
763700;08/04/2026;quarta-feira;09:25:00;RS;285;350,7;CARAZINHO;Ausência de reação do condutor;Colisão traseira;Com Vítimas Feridas;Pleno dia;Crescente;Nublado;Simples;Reta;Não;4;0;2;0;2;2;0;3;-28,33633443;-52,8888461;SPRF-RS;DEL08/RS;UOP03-DEL08-RS
763703;08/04/2026;quarta-feira;10:30:00;ES;262;1;CARIACICA;Condutor usando celular;Colisão traseira;Com Vítimas Feridas;Pleno dia;Crescente;Sol;Dupla;"Viaduto;Declive";Sim;3;0;1;0;1;2;0;2;-20,3285555;-40,35483811;SPRF-ES;DEL01-ES;UOP01-DEL01-ES
763704;08/04/2026;quarta-feira;04:30:00;MG;365;812;SANTA VITORIA;Animais na Pista;Saída de leito carroçável;Sem Vítimas;Plena Noite;Crescente;Céu Claro;Simples;Reta;Não;1;0;0;0;0;1;0;1;-18,88290389;-50,05422592;SPRF-MG;DEL15/MG;UOP03-DEL15-MG
763705;08/04/2026;quarta-feira;10:10:00;BA;367;60,6;PORTO SEGURO;Manobra de mudança de faixa;Colisão frontal;Com Vítimas Feridas;Pleno dia;Crescente;Céu Claro;Simples;Reta;Sim;3;0;1;0;1;2;0;2;-16,390495;-39,38949;SPRF-BA;DEL09/BA;UOP03-DEL09-BA
763706;08/04/2026;quarta-feira;10:30:00;PR;376;402,7;TIBAGI;Velocidade Incompatível;Saída de leito carroçável;Com Vítimas Feridas;Pleno dia;Decrescente;Chuva;Dupla;"Aclive;Reta";Não;2;0;1;0;1;1;0;2;-24,606085;-50,660593;SPRF-PR;DEL03/PR;UOP02-DEL03-PR
763707;08/04/2026;quarta-feira;11:35:00;PB;230;16,3;JOAO PESSOA;Manobra de mudança de faixa;Colisão lateral mesmo sentido;Com Vítimas Feridas;Pleno dia;Decrescente;Chuva;Dupla;"Aclive;Reta";Sim;3;0;2;0;2;0;0;2;-7,110013;-34,842967;SPRF-PB;DEL01-PB;UOP01-DEL01-PB
763710;28/02/2026;sábado;06:04:00;SC;282;16,5;PALHOCA;Acessar a via sem observar a presença dos outros veículos;Colisão transversal;Com Vítimas Feridas;Amanhecer;Decrescente;Céu Claro;Simples;Reta;Não;2;0;2;0;2;0;0;2;-27,658611;-48,681847;SPRF-SC;DEL01/SC;UOP02-DEL01-SC
763711;31/03/2026;terça-feira;09:30:00;RS;116;2;PORTO ALEGRE;Entrada inopinada do pedestre;Atropelamento de Pedestre;Com Vítimas Feridas;Pleno dia;Decrescente;Céu Claro;Dupla;Reta;Sim;2;0;0;1;1;1;0;2;-29,98673285;-51,18140199;SPRF-RS;DEL01/RS;UOP01-DEL01-RS
763712;08/04/2026;quarta-feira;10:20:00;MA;10;253;IMPERATRIZ;Demais falhas mecânicas ou elétricas;Incêndio;Sem Vítimas;Pleno dia;Decrescente;Céu Claro;Dupla;Reta;Sim;1;0;0;0;0;1;0;1;-5,521478;-47,471795;SPRF-MA;DEL04-MA;UOP01-DEL04-MA
763713;08/04/2026;quarta-feira;10:02:00;MA;226;300;BARRA DO CORDA;Acessar a via sem observar a presença dos outros veículos;Colisão transversal;Com Vítimas Feridas;Pleno dia;Decrescente;Céu Claro;Simples;"Interseção de Vias;Reta";Sim;2;0;1;0;1;1;0;2;-5,49932329;-45,25325485;SPRF-MA;DEL06-MA;UOP01-DEL06-MA
763714;08/04/2026;quarta-feira;08:30:00;PE;232;70,2;GRAVATA;Reação tardia ou ineficiente do condutor;Colisão traseira;Sem Vítimas;Pleno dia;Decrescente;Céu Claro;Simples;Reta;Não;5;0;0;0;0;5;0;2;-8,17776346;-35,48393011;SPRF-PE;DEL02/PE;UOP02-DEL02PE