id;data_inversa;dia_semana;horario;uf;br;km;municipio;causa_acidente;tipo_acidente;classificacao_acidente;fase_dia;sentido_via;condicao_metereologica;tipo_pista;tracado_via;uso_solo;pessoas;mortos;feridos_leves;feridos_graves;feridos;ilesos;ignorados;veiculos;latitude;longitude;regional;delegacia;uop
763837;08/04/2026;quarta-feira;18:40:00;RJ;116;98;GUAPIMIRIM;Chuva;Queda de ocupante de veículo;Com Vítimas Feridas;Plena Noite;Decrescente;Chuva;Simples;Curva;Não;1;0;1;0;1;0;0;1;-22,476558;-42,995323;SPRF-RJ;DEL04/RJ;UOP01-DEL04-RJ
763838;08/04/2026;quarta-feira;22:46:00;PE;101;77,6;RECIFE;Acessar a via sem observar a presença dos outros veículos;Colisão lateral mesmo sentido;Com Vítimas Feridas;Plena Noite;Crescente;Céu Claro;Dupla;"Reta;Declive";Sim;3;0;1;0;1;1;0;3;-8,13266147;-34,94624066;SPRF-PE;DEL01/PE;UOP01-DEL01-PE
763839;08/04/2026;quarta-feira;20:35:00;ES;262;96;DOMINGOS MARTINS;Acumulo de areia ou detritos sobre o pavimento;Queda de ocupante de veículo;Com Vítimas Feridas;Plena Noite;Crescente;Céu Claro;Simples;Reta;Não;2;0;1;1;2;0;0;1;-20,36087;-41,07498;SPRF-ES;DEL01-ES;UOP02-DEL01-ES
763842;08/04/2026;quarta-feira;23:10:00;PA;155;261,8;ELDORADO DO CARAJAS;Reação tardia ou ineficiente do condutor;Tombamento;Com Vítimas Fatais;Plena Noite;Crescente;Céu Claro;Simples;Reta;Não;2;1;0;0;0;0;0;2;-6,040234;-49,284901;SPRF-PA;DEL03/PA;UOP01-DEL03-PA
763844;08/04/2026;quarta-feira;23:30:00;PI;316;21;TERESINA;Animais na Pista;Atropelamento de Animal;Com Vítimas Feridas;Plena Noite;Crescente;Nublado;Dupla;Curva;Não;1;0;1;0;1;0;0;1;-5,27751277;-42,72567342;SPRF-PI;DEL01-PI;UOP02-DEL01-PI
763846;08/04/2026;quarta-feira;21:30:00;MG;354;705,4;CAXAMBU;Ausência de reação do condutor;Saída de leito carroçável;Sem Vítimas;Plena Noite;Decrescente;Céu Claro;Simples;Curva;Não;1;0;0;0;0;1;0;1;-21,99351039;-44,92622479;SPRF-MG;DEL17/MG;UOP01-DEL17-MG
763847;09/04/2026;quinta-feira;00:10:00;RJ;356;63;ITAPERUNA;Demais falhas na via;Saída de leito carroçável;Com Vítimas Feridas;Plena Noite;Crescente;Nublado;Simples;"Curva;Declive";Sim;1;0;1;0;1;0;0;1;-21,335743;-41,710403;SPRF-RJ;DEL08/RJ;UOP03-DEL08-RJ
763848;09/04/2026;quinta-feira;00:40:00;SP;116;148;SAO JOSE DOS CAMPOS;Reação tardia ou ineficiente do condutor;Colisão traseira;Com Vítimas Feridas;Plena Noite;Decrescente;Nublado;Múltipla;Reta;Sim;2;0;1;0;1;1;0;2;-23,19833445;-45,87613242;SPRF-SP;DEL02/SP;UOP01-DEL02-SP
763850;09/04/2026;quinta-feira;01:30:00;MG;381;698,5;LAVRAS;Condutor Dormindo;Saída de leito carroçável;Sem Vítimas;Plena Noite;Decrescente;Nublado;Dupla;Curva;Não;3;0;0;0;0;3;0;1;-21,2713248;-45,1361254;SPRF-MG;DEL04/MG;UOP02-DEL04-MG
763851;08/04/2026;quarta-feira;21:40:00;AL;101;201,7;SAO SEBASTIAO;Ausência de reação do condutor;Queda de ocupante de veículo;Com Vítimas Feridas;Plena Noite;Crescente;Garoa/Chuvisco;Dupla;Reta;Não;2;0;0;2;2;0;0;1;-9,95984171;-36,54649512;SPRF-AL;DEL02-AL;UOP02-DEL02-AL
763852;09/04/2026;quinta-feira;02:34:00;DF;20;24;BRASILIA;Pista Escorregadia;Queda de ocupante de veículo;Com Vítimas Feridas;Plena Noite;Decrescente;Nublado;Dupla;Curva;Não;2;0;1;0;1;1;0;1;-15,5948893;-47,65645981;SPRF-DF;DEL02-DF;UOP01-DEL02-DF
763855;09/04/2026;quinta-feira;03:45:00;SC;101;186;BIGUACU;Velocidade Incompatível;Queda de ocupante de veículo;Com Vítimas Feridas;Plena Noite;Crescente;Céu Claro;Dupla;Curva;Não;1;0;0;1;1;0;0;1;-27,434402;-48,625883;SPRF-SC;DEL01/SC;UOP01-DEL01-SC
763857;09/04/2026;quinta-feira;04:00:00;GO;60;54;ABADIANIA;Condutor Dormindo;Saída de leito carroçável;Com Vítimas Feridas;Plena Noite;Decrescente;Nevoeiro/Neblina;Dupla;Reta;Não;2;0;2;0;2;0;0;1;-16,181877;-48,653545;SPRF-GO;DEL02/GO;UOP01-DEL02-GO
763858;09/04/2026;quinta-feira;03:00:00;MT;163;827;SINOP;Condutor Dormindo;Capotamento;Com Vítimas Feridas;Plena Noite;Crescente;Nublado;Simples;Reta;Sim;2;0;1;1;2;0;0;1;-11,929063;-55,512819;SPRF-MT;DEL06/MT;UOP02-DEL06-MT
763862;09/04/2026;quinta-feira;05:00:00;RS;386;248;SOLEDADE;Ingestão de álcool pelo condutor;Saída de leito carroçável;Sem Vítimas;Plena Noite;Crescente;Nublado;Simples;"Reta;Interseção de Vias";Sim;1;0;0;0;0;1;0;1;-28,81841;-52,48454;SPRF-RS;DEL04/RS;UOP03-DEL04-RS
763863;09/04/2026;quinta-feira;06:00:00;RN;406;168,9;SAO GONCALO DO AMARANTE;Acessar a via sem observar a presença dos outros veículos;Colisão transversal;Com Vítimas Feridas;Amanhecer;Crescente;Nublado;Dupla;Declive;Sim;2;0;2;0;2;0;0;2;-5,7576433;-35,3022409;SPRF-RN;DEL02-RN;UOP01-DEL02-RN
763864;09/04/2026;quinta-feira;05:30:00;SC;101;330,9;TUBARAO;Manobra de mudança de faixa;Colisão lateral mesmo sentido;Sem Vítimas;Amanhecer;Decrescente;Céu Claro;Dupla;Reta;Sim;4;0;0;0;0;4;0;2;-28,46121187;-48,99054766;SPRF-SC;DEL02/SC;UOP01-DEL02-SC
763865;09/04/2026;quinta-feira;05:30:00;PA;10;18;DOM ELISEU;Acessar a via sem observar a presença dos outros veículos;Colisão lateral sentido oposto;Com Vítimas Feridas;Amanhecer;Crescente;Nublado;Simples;Reta;Sim;2;0;1;0;1;1;0;2;-4,295162;-47,556727;SPRF-PA;DEL02/PA;UOP02-DEL02-PA
763867;09/04/2026;quinta-feira;05:10:00;RO;364;179;PIMENTA BUENO;Animais na Pista;Atropelamento de Animal;Com Vítimas Feridas;Plena Noite;Crescente;Ignorado;Simples;Reta;Não;1;0;0;1;1;0;0;1;-11,780782;-61,070997;SPRF-RO;DEL02-RO;UOP02-DEL02-RO
763868;09/04/2026;quinta-feira;06:17:00;TO;153;93;WANDERLANDIA;Pedestre - Ingestão de álcool/ substâncias psicoativas;Atropelamento de Pedestre;Com Vítimas Fatais;Amanhecer;Decrescente;Céu Claro;Simples;Rotatória;Não;2;1;0;0;0;0;0;2;-6,854579;-47,972573;SPRF-TO;DEL02-TO;UOP01-DEL02-TO
763869;09/04/2026;quinta-feira;06:00:00;SC;470;120,5;IBIRAMA;Condutor deixou de manter distância do veículo da frente;Colisão traseira;Com Vítimas Feridas;Amanhecer;Crescente;Céu Claro;Simples;"Curva;Aclive";Não;3;0;1;0;1;2;0;2;-27,09536434;-49,5261097;SPRF-SC;DEL04/SC;UOP02-DEL04-SC
763871;09/04/2026;quinta-feira;07:20:00;RJ;116;175;SAO JOAO DE MERITI;Manobra de mudança de faixa;Colisão lateral mesmo sentido;Com Vítimas Feridas;Pleno dia;Decrescente;Céu Claro;Dupla;Reta;Não;2;0;1;0;1;1;0;2;-22,79250088;-43,36740844;SPRF-RJ;DEL06/RJ;UOP01-DEL06-RJ
763873;09/04/2026;quinta-feira;06:47:00;SC;470;35;GASPAR;Objeto estático sobre o leito carroçável;Colisão com objeto;Sem Vítimas;Pleno dia;Decrescente;Céu Claro;Simples;Reta;Não;1;0;0;0;0;1;0;1;-26,9122623;-48,9721737;SPRF-SC;DEL04/SC;UOP01-DEL04-SC
763874;09/04/2026;quinta-feira;07:40:00;DF;20;8;BRASILIA;Frear bruscamente;Queda de ocupante de veículo;Com Vítimas Feridas;Pleno dia;Decrescente;Céu Claro;Dupla;"Reta;Viaduto;Declive";Sim;1;0;1;0;1;0;0;1;-15,65501;-47,7850167;SPRF-DF;DEL02-DF;UOP01-DEL02-DF
763875;09/04/2026;quinta-feira;07:35:00;SP;153;27,7;NOVA GRANADA;Desrespeitar a preferência no cruzamento;Tombamento;Com Vítimas Feridas;Pleno dia;Decrescente;Sol;Simples;Interseção de Vias;Não;2;0;1;0;1;1;0;2;-20,519782;-49,325357;SPRF-SP;DEL09/SP;UOP01-DEL09-SP
763878;09/04/2026;quinta-feira;08:00:00;RS;386;427,4;NOVA SANTA RITA;Frear bruscamente;Colisão traseira;Sem Vítimas;Pleno dia;Crescente;Sol;Dupla;"Curva;Retorno Regulamentado";Não;3;0;0;0;0;3;0;2;-29,82407932;-51,34767221;SPRF-RS;DEL04/RS;UOP02-DEL04-RS
763879;09/04/2026;quinta-feira;06:05:00;SP;101;51,1;UBATUBA;Ausência de reação do condutor;Colisão lateral mesmo sentido;Com Vítimas Feridas;Pleno dia;Decrescente;Céu Claro;Simples;Reta;Sim;2;0;1;0;1;1;0;2;-23,4570459;-45,07035971;SPRF-SP;DEL06/SP;UOP01-DEL06-SP
763881;09/04/2026;quinta-feira;07:10:00;SC;101;132,9;CAMBORIU;Reação tardia ou ineficiente do condutor;Colisão lateral mesmo sentido;Com Vítimas Feridas;Pleno dia;Crescente;Céu Claro;Simples;Reta;Sim;2;0;1;0;1;1;0;2;-26,99734894;-48,65398407;SPRF-SC;DEL04/SC;UOP03-DEL04-SC
763883;09/04/2026;quinta-feira;04:00:00;PR;376;355;ORTIGUEIRA;Acesso irregular;Colisão com objeto;Sem Vítimas;Plena Noite;Crescente;Céu Claro;Simples;Curva;Não;1;0;0;0;0;0;1;1;-24,26110725;-50,89367285;SPRF-PR;DEL07/PR;UOP02-DEL07-PR
763884;09/04/2026;quinta-feira;07:50:00;DF;80;12,9;BRASILIA;Acesso irregular;Colisão lateral mesmo sentido;Com Vítimas Feridas;Pleno dia;Decrescente;Céu Claro;Simples;Reta;Sim;2;0;1;0;1;1;0;2;-15,728696;-48,193127;SPRF-DF;DEL03-DF;UOP02-DEL03-DF
763885;09/04/2026;quinta-feira;08:05:00;MG;40;521,3;CONTAGEM;Manobra de mudança de faixa;Colisão traseira;Com Vítimas Feridas;Pleno dia;Decrescente;Céu Claro;Dupla;Reta;Sim;3;0;2;0;2;1;0;2;-19,85383711;-44,07206456;SPRF-MG;DEL01/MG;UOP02-DEL01-MG
763886;09/04/2026;quinta-feira;08:20:00;PR;476;144,2;CURITIBA;Ausência de reação do condutor;Colisão traseira;Com Vítimas Feridas;Pleno dia;Decrescente;Céu Claro;Dupla;"Reta;Declive";Não;4;0;2;0;2;2;0;4;-25,5451217;-49,3153233;SPRF-PR;DEL01/PR;UOP06-DEL01-PR
763887;09/04/2026;quinta-feira;07:50:00;PR;277;724,5;FOZ DO IGUACU;Condutor deixou de manter distância do veículo da frente;Colisão traseira;Com Vítimas Feridas;Pleno dia;Crescente;Sol;Dupla;Reta;Sim;2;0;1;0;1;1;0;2;-25,50072035;-54,53439568;SPRF-PR;DEL05/PR;UOP03-DEL05-PR
763888;09/04/2026;quinta-feira;06:40:00;RJ;101;390;RIO DE JANEIRO;Manobra de mudança de faixa;Colisão lateral mesmo sentido;Com Vítimas Feridas;Pleno dia;Decrescente;Céu Claro;Dupla;Reta;Não;3;0;1;0;1;2;0;2;-22,895257;-43,67964;SPRF-RJ;DEL03/RJ;UOP01-DEL03-RJ
763889;09/04/2026;quinta-feira;08:00:00;PE;232;222;PESQUEIRA;Reação tardia ou ineficiente do condutor;Saída de leito carroçável;Com Vítimas Fatais;Pleno dia;Decrescente;Sol;Simples;"Reta;Ponte";Não;2;1;0;1;1;0;0;1;-8,405183;-36,814696;SPRF-PE;DEL03/PE;UOP02-DEL03-PE
763890;09/04/2026;quinta-feira;09:15:00;MG;116;529,9;CARATINGA;Ausência de reação do condutor;Tombamento;Com Vítimas Feridas;Pleno dia;Crescente;Céu Claro;Simples;Reta;Não;2;0;2;0;2;0;0;1;-19,812672;-42,135583;SPRF-MG;DEL06/MG;UOP02-DEL06-MG
763891;09/04/2026;quinta-feira;07:30:00;SP;116;99;PINDAMONHANGABA;Ausência de reação do condutor;Tombamento;Com Vítimas Feridas;Pleno dia;Crescente;Céu Claro;Dupla;Aclive;Sim;1;0;1;0;1;0;0;1;-22,98221165;-45,46421455;SPRF-SP;DEL08/SP;UOP01-DEL08-SP
763892;09/04/2026;quinta-feira;07:30:00;MT;364;579,8;NOBRES;Retorno proibido;Colisão lateral mesmo sentido;Com Vítimas Feridas;Pleno dia;Decrescente;Céu Claro;Dupla;Reta;Não;4;0;0;1;1;3;0;2;-14,597342;-56,2385;SPRF-MT;DEL01/MT;UOP01-DEL01-MT
763893;09/04/2026;quinta-feira;09:00:00;PR;277;588;CASCAVEL;Acessar a via sem observar a presença dos outros veículos;Colisão transversal;Com Vítimas Feridas;Pleno dia;Crescente;Céu Claro;Simples;"Reta;Interseção de Vias";Sim;2;0;1;0;1;1;0;2;-24,96663;-53,4243;SPRF-PR;DEL04/PR;UOP01-DEL04-PR
763895;04/03/2026;quarta-feira;08:00:00;PE;101;65;RECIFE;Reação tardia ou ineficiente do condutor;Queda de ocupante de veículo;Com Vítimas Feridas;Pleno dia;Crescente;Céu Claro;Simples;Reta;Não;1;0;1;0;1;0;0;1;-8,030234;-34,942778;SPRF-PE;DEL01/PE;UOP01-DEL01-PE
763897;09/04/2026;quinta-feira;09:30:00;SC;101;146,5;ITAPEMA;Condutor deixou de manter distância do veículo da frente;Colisão traseira;Com Vítimas Feridas;Pleno dia;Crescente;Céu Claro;Múltipla;Reta;Sim;2;0;1;0;1;1;0;2;-27,08893165;-48,61324668;SPRF-SC;DEL04/SC;UOP03-DEL04-SC
763898;09/04/2026;quinta-feira;10:15:00;RS;116;148,3;CAXIAS DO SUL;Ausência de reação do condutor;Colisão com objeto;Com Vítimas Feridas;Pleno dia;Crescente;Garoa/Chuvisco;Dupla;Curva;Sim;5;0;0;1;1;3;0;4;-29,1573047;-51,1516022;SPRF-RS;DEL05/RS;UOP01-DEL05-RS
763899;09/04/2026;quinta-feira;09:30:00;PR;369;161;CAMBE;Ausência de reação do condutor;Colisão traseira;Com Vítimas Feridas;Pleno dia;Crescente;Céu Claro;Dupla;Reta;Sim;2;0;0;1;1;1;0;2;-23,2762485;-51,27604421;SPRF-PR;DEL07/PR;UOP01-DEL07-PR
763904;09/04/2026;quinta-feira;11:50:00;RN;110;46,8;MOSSORO;Conversão proibida;Colisão lateral mesmo sentido;Com Vítimas Feridas;Pleno dia;Decrescente;Céu Claro;Simples;Reta;Sim;2;0;1;0;1;1;0;2;-5,20292;-37,32466;SPRF-RN;DEL04-RN;UOP01-DEL04-RN
763905;16/03/2026;segunda-feira;18:20:00;AL;316;256;PILAR;Ultrapassagem Indevida;Colisão lateral sentido oposto;Com Vítimas Feridas;Plena Noite;Decrescente;Céu Claro;Simples;Reta;Não;3;0;2;0;2;1;0;2;-9,591193;-35,932448;SPRF-AL;DEL02-AL;UOP01-DEL02-AL
763907;09/04/2026;quinta-feira;11:05:00;SC;101;158,3;PORTO BELO;Demais falhas mecânicas ou elétricas;Tombamento;Com Vítimas Feridas;Pleno dia;Decrescente;Céu Claro;Dupla;Reta;Sim;2;0;1;1;2;0;0;1;-27,1939;-48,61369;SPRF-SC;DEL04/SC;UOP03-DEL04-SC
763908;09/04/2026;quinta-feira;12:00:00;GO;153;551;PIRACANJUBA;Demais falhas mecânicas ou elétricas;Saída de leito carroçável;Com Vítimas Feridas;Pleno dia;Decrescente;Céu Claro;Dupla;"Aclive;Reta";Não;3;0;2;0;2;1;0;1;-17,148462;-49,215452;SPRF-GO;DEL01/GO;UOP03-DEL01-GO
763909;09/04/2026;quinta-feira;11:55:00;SC;101;35,9;JOINVILLE;Velocidade Incompatível;Colisão com objeto;Com Vítimas Feridas;Pleno dia;Crescente;Céu Claro;Múltipla;Reta;Sim;1;0;1;0;1;0;0;1;-26,2745265;-48,89385788;SPRF-SC;DEL03/SC;UOP01-DEL03-SC
763911;09/04/2026;quinta-feira;12:30:00;SC;101;195,3;BIGUACU;Manobra de mudança de faixa;Colisão lateral mesmo sentido;Com Vítimas Feridas;Pleno dia;Decrescente;Céu Claro;Simples;Viaduto;Sim;4;0;1;0;1;3;0;2;-27,50612;-48,647872;SPRF-SC;DEL01/SC;UOP01-DEL01-SC
763912;09/04/2026;quinta-feira;13:00:00;SC;116;126,1;SANTA CECILIA;Condutor Dormindo;Saída de leito carroçável;Com Vítimas Feridas;Pleno dia;Crescente;Céu Claro;Simples;"Aclive;Reta";Não;1;0;1;0;1;0;0;1;-26,8661827;-50,4068595;SPRF-SC;DEL06/SC;UOP02-DEL06-SC
763913;09/04/2026;quinta-feira;12:50:00;PR;376;183,8;SARANDI;Condutor deixou de manter distância do veículo da frente;Colisão traseira;Com Vítimas Feridas;Pleno dia;Decrescente;Sol;Dupla;Reta;Não;4;0;1;0;1;3;0;2;-23,43992;-51,873681;SPRF-PR;DEL09/PR;UOP01-DEL09-PR
763914;09/04/2026;quinta-feira;11:30:00;BA;324;514;FEIRA DE SANTANA;Acessar a via sem observar a presença dos outros veículos;Colisão transversal;Com Vítimas Feridas;Pleno dia;Crescente;Céu Claro;Simples;Reta;Não;3;0;1;0;1;2;0;3;-12,233662;-38,947095;SPRF-BA;DEL02/BA;UOP01-DEL02-BA
763915;09/04/2026;quinta-feira;13:40:00;RS;285;292,8;PASSO FUNDO;Ingestão de álcool pelo condutor;Colisão traseira;Sem Vítimas;Pleno dia;Decrescente;Céu Claro;Múltipla;Interseção de Vias;Sim;2;0;0;0;0;2;0;2;-28,23701681;-52,37418008;SPRF-RS;DEL08/RS;UOP03-DEL08-RS
763917;09/04/2026;quinta-feira;13:25:00;RS;386;320,7;MARQUES DE SOUZA;Condutor Dormindo;Saída de leito carroçável;Com Vítimas Feridas;Pleno dia;Decrescente;Nublado;Simples;Reta;Não;2;0;1;0;1;1;0;1;-29,28845;-52,12099;SPRF-RS;DEL04/RS;UOP01-DEL04-RS
763919;12/03/2026;quinta-feira;21:13:00;BA;324;626;SALVADOR;Demais falhas na via;Tombamento;Com Vítimas Feridas;Plena Noite;Decrescente;Céu Claro;Dupla;Reta;Sim;1;0;1;0;1;0;0;1;-12,96137725;-38,47531049;SPRF-BA;DEL01/BA;UOP01-DEL01-BA
763920;09/04/2026;quinta-feira;13:20:00;PE;101;70,2;RECIFE;Acessar a via sem observar a presença dos outros veículos;Colisão frontal;Com Vítimas Feridas;Pleno dia;Decrescente;Céu Claro;Dupla;Reta;Sim;2;0;0;1;1;1;0;2;-8,06941;-34,940185;SPRF-PE;DEL01/PE;UOP01-DEL01-PE
763923;09/04/2026;quinta-feira;13:05:00;RO;364;514;ARIQUEMES;Acessar a via sem observar a presença dos outros veículos;Colisão transversal;Com Vítimas Feridas;Pleno dia;Crescente;Céu Claro;Simples;Reta;Sim;2;0;1;0;1;1;0;2;-9,92731601;-63,05487919;SPRF-RO;DEL03-RO;UOP01-DEL03-RO
763926;09/04/2026;quinta-feira;13:20:00;MA;316;129;NOVA OLINDA DO MARANHAO;Condutor deixou de manter distância do veículo da frente;Colisão traseira;Com Vítimas Fatais;Pleno dia;Crescente;Céu Claro;Simples;Reta;Não;4;2;0;0;0;2;0;2;-2,675479;-45,74013;SPRF-MA;DEL02-MA;UOP02-DEL02-MA
763927;06/04/2026;segunda-feira;13:54:00;PE;407;129;PETROLINA;Trafegar com motocicleta (ou similar) entre as faixas;Colisão traseira;Com Vítimas Feridas;Pleno dia;Crescente;Céu Claro;Dupla;"Ponte;Reta";Não;4;0;0;2;2;2;0;2;-9,406389;-40,504618;SPRF-PE;DEL06/PE;UOP01-DEL06-PE
763928;09/04/2026;quinta-feira;14:20:00;PE;232;9,7;JABOATAO DOS GUARARAPES;Trafegar com motocicleta (ou similar) entre as faixas;Colisão lateral mesmo sentido;Com Vítimas Feridas;Pleno dia;Crescente;Sol;Múltipla;Reta;Sim;2;0;0;1;1;1;0;2;-8,07819;-34,98496;SPRF-PE;DEL01/PE;UOP01-DEL01-PE
763929;09/04/2026;quinta-feira;13:45:00;PR;277;721;FOZ DO IGUACU;Velocidade Incompatível;Saída de leito carroçável;Com Vítimas Feridas;Pleno dia;Crescente;Céu Claro;Dupla;Reta;Sim;1;0;1;0;1;0;0;1;-25,4859;-54,4991;SPRF-PR;DEL05/PR;UOP03-DEL05-PR
763930;09/04/2026;quinta-feira;11:20:00;PE;232;255;ARCOVERDE;Reação tardia ou ineficiente do condutor;Saída de leito carroçável;Com Vítimas Feridas;Pleno dia;Crescente;Céu Claro;Simples;Reta;Sim;1;0;1;0;1;0;0;1;-8,4164559;-36,9586408;SPRF-PE;DEL04/PE;UOP02-DEL04-PE
763931;09/04/2026;quinta-feira;15:15:00;PR;153;44,8;SANTO ANTONIO DA PLATINA;Condutor deixou de manter distância do veículo da frente;Colisão traseira;Com Vítimas Feridas;Pleno dia;Crescente;Céu Claro;Simples;Reta;Não;2;0;0;1;1;1;0;2;-23,32230122;-50,0678036;SPRF-PR;DEL07/PR;UOP04-DEL07-PR
763932;09/04/2026;quinta-feira;14:40:00;PR;369;189;ARAPONGAS;Reação tardia ou ineficiente do condutor;Colisão traseira;Com Vítimas Feridas;Pleno dia;Decrescente;Céu Claro;Simples;Reta;Sim;4;0;1;0;1;3;0;2;-23,419;-51,4245;SPRF-PR;DEL07/PR;UOP03-DEL07-PR
763934;01/04/2026;quarta-feira;07:30:00;MG;40;783;JUIZ DE FORA;Reação tardia ou ineficiente do condutor;Colisão lateral mesmo sentido;Com Vítimas Feridas;Pleno dia;Decrescente;Céu Claro;Dupla;"Retorno Regulamentado;Desvio Temporário;Curva";Não;3;0;0;2;2;1;0;2;-21,702387;-43,45135538;SPRF-MG;DEL05/MG;UOP01-DEL05-MG
763935;31/03/2026;terça-feira;15:00:00;RJ;101;517;ANGRA DOS REIS;Velocidade Incompatível;Tombamento;Com Vítimas Feridas;Pleno dia;Decrescente;Chuva;Simples;"Curva;Declive";Não;2;0;2;0;2;0;0;1;-22,981047;-44,436112;SPRF-RJ;DEL03/RJ;UOP03-DEL03-RJ
763937;09/04/2026;quinta-feira;16:00:00;SC;101;147;ITAPEMA;Reação tardia ou ineficiente do condutor;Engavetamento;Sem Vítimas;Pleno dia;Decrescente;Céu Claro;Dupla;Reta;Sim;3;0;0;0;0;3;0;3;-27,08847316;-48,61175537;SPRF-SC;DEL04/SC;UOP03-DEL04-SC
763938;09/04/2026;quinta-feira;14:05:00;RJ;116;146;DUQUE DE CAXIAS;Condutor deixou de manter distância do veículo da frente;Colisão traseira;Com Vítimas Feridas;Pleno dia;Decrescente;Céu Claro;Dupla;Reta;Sim;2;0;1;0;1;1;0;2;-22,666491;-43,262119;SPRF-RJ;DEL01/RJ;UOP02-DEL01-RJ
763939;29/03/2026;domingo;21:00:00;MG;50;174;UBERABA;Reação tardia ou ineficiente do condutor;Colisão traseira;Com Vítimas Feridas;Plena Noite;Crescente;Céu Claro;Dupla;Reta;Não;5;0;4;0;4;0;0;2;-19,774152;-47,972379;SPRF-MG;DEL13/MG;UOP01-DEL13-MG
763941;09/04/2026;quinta-feira;16:00:00;RJ;101;330;RIO DE JANEIRO;Ausência de reação do condutor;Colisão traseira;Com Vítimas Feridas;Pleno dia;Crescente;Nublado;Dupla;Reta;Não;2;0;1;0;1;1;0;2;-22,86792908;-43,18944844;SPRF-RJ;DEL02/RJ;UOP01-DEL02-RJ
763942;09/04/2026;quinta-feira;15:40:00;RS;392;110,2;CANGUCU;Condutor Dormindo;Saída de leito carroçável;Com Vítimas Feridas;Pleno dia;Crescente;Céu Claro;Simples;"Reta;Ponte";Não;2;0;1;1;2;0;0;1;-31,459408;-52,636518;SPRF-RS;DEL07/RS;UOP01-DEL07-RS
763946;09/04/2026;quinta-feira;15:30:00;SC;101;143,4;ITAPEMA;Pedestre cruzava a pista fora da faixa;Atropelamento de Pedestre;Com Vítimas Feridas;Pleno dia;Decrescente;Céu Claro;Dupla;Reta;Sim;2;0;2;0;2;0;0;2;-27,06668977;-48,59562402;SPRF-SC;DEL04/SC;UOP03-DEL04-SC
763947;09/04/2026;quinta-feira;16:07:00;PE;101;57;RECIFE;Trafegar com motocicleta (ou similar) entre as faixas;Colisão lateral mesmo sentido;Com Vítimas Feridas;Pleno dia;Crescente;Sol;Dupla;"Declive;Reta";Não;3;0;2;0;2;0;0;2;-7,96851778;-34,91942362;SPRF-PE;DEL01/PE;UOP02-DEL01-PE
763948;09/04/2026;quinta-feira;15:30:00;RN;101;95,9;NATAL;Acesso irregular;Colisão lateral mesmo sentido;Com Vítimas Feridas;Pleno dia;Crescente;Céu Claro;Múltipla;Reta;Sim;2;0;1;0;1;1;0;2;-5,845925;-35,208603;SPRF-RN;DEL01-RN;UOP01-DEL01-RN
763949;09/04/2026;quinta-feira;15:52:00;SC;470;138,7;RIO DO SUL;Acesso irregular;Colisão transversal;Com Vítimas Feridas;Pleno dia;Crescente;Céu Claro;Simples;"Reta;Interseção de Vias";Sim;2;0;1;0;1;1;0;2;-27,22332313;-49,63746642;SPRF-SC;DEL04/SC;UOP02-DEL04-SC
763951;09/04/2026;quinta-feira;17:00:00;RS;116;265;CANOAS;Trafegar com motocicleta (ou similar) entre as faixas;Colisão lateral mesmo sentido;Com Vítimas Feridas;Pleno dia;Decrescente;Céu Claro;Dupla;Reta;Sim;2;0;1;0;1;1;0;2;-29,93054187;-51,17739201;SPRF-RS;DEL01/RS;UOP01-DEL01-RS
763955;09/04/2026;quinta-feira;16:45:00;RJ;101;508;ANGRA DOS REIS;Acessar a via sem observar a presença dos outros veículos;Colisão transversal;Com Vítimas Feridas;Pleno dia;Crescente;Nublado;Simples;Reta;Não;2;0;1;0;1;1;0;2;-22,943939;-44,426583;SPRF-RJ;DEL03/RJ;UOP03-DEL03-RJ
763958;09/04/2026;quinta-feira;17:30:00;MG;40;516;RIBEIRAO DAS NEVES;Acessar a via sem observar a presença dos outros veículos;Colisão lateral mesmo sentido;Com Vítimas Feridas;Pleno dia;Decrescente;Céu Claro;Dupla;Reta;Sim;2;0;1;0;1;1;0;2;-19,80870015;-44,09603119;SPRF-MG;DEL01/MG;UOP02-DEL01-MG
763959;09/04/2026;quinta-feira;10:00:00;RJ;40;85;PETROPOLIS;Pista Escorregadia;Colisão com objeto;Com Vítimas Feridas;Pleno dia;Decrescente;Céu Claro;Dupla;"Curva;Aclive";Não;6;0;1;0;1;5;0;1;-22,55117029;-43,22564213;SPRF-RJ;DEL01/RJ;UOP01-DEL01-RJ
763960;09/04/2026;quinta-feira;17:22:00;RS;290;718;URUGUAIANA;Acessar a via sem observar a presença dos outros veículos;Colisão transversal;Com Vítimas Feridas;Pleno dia;Decrescente;Céu Claro;Simples;"Reta;Rotatória;Interseção de Vias";Não;5;0;1;0;1;4;0;2;-29,77545974;-57,04012513;SPRF-RS;DEL13/RS;UOP01-DEL13-RS
763961;09/04/2026;quinta-feira;17:40:00;SC;282;20;PALHOCA;Reação tardia ou ineficiente do condutor;Colisão frontal;Com Vítimas Feridas;Pleno dia;Decrescente;Céu Claro;Simples;Reta;Sim;2;0;1;0;1;1;0;2;-27,68471;-48,71099;SPRF-SC;DEL01/SC;UOP02-DEL01-SC