id;data_inversa;dia_semana;horario;uf;br;km;municipio;causa_acidente;tipo_acidente;classificacao_acidente;fase_dia;sentido_via;condicao_metereologica;tipo_pista;tracado_via;uso_solo;pessoas;mortos;feridos_leves;feridos_graves;feridos;ilesos;ignorados;veiculos;latitude;longitude;regional;delegacia;uop
763963;09/04/2026;quinta-feira;18:15:00;SP;116;109,2;TAUBATE;Trafegar com motocicleta (ou similar) entre as faixas;Colisão traseira;Com Vítimas Feridas;Plena Noite;Decrescente;Céu Claro;Múltipla;Reta;Não;3;0;3;0;3;0;0;2;-23,02349991;-45,53772926;SPRF-SP;DEL02/SP;UOP02-DEL02-SP
763968;09/04/2026;quinta-feira;16:50:00;MS;60;612,1;JARDIM;Ausência de reação do condutor;Tombamento;Com Vítimas Fatais;Pleno dia;Crescente;Céu Claro;Simples;Reta;Não;1;1;0;0;0;0;0;1;-21,63860086;-56,23249054;SPRF-MS;DEL05/MS;UOP01-DEL05-MS
763970;09/04/2026;quinta-feira;18:20:00;BA;415;52,3;ITABUNA;Transitar na contramão;Colisão frontal;Com Vítimas Feridas;Plena Noite;Crescente;Céu Claro;Simples;Reta;Sim;3;0;0;2;2;1;0;2;-14,841648;-39,330942;SPRF-BA;DEL05/BA;UOP01-DEL05-BA
763971;09/04/2026;quinta-feira;09:03:00;PA;163;132;ALTAMIRA;Conversão proibida;Colisão frontal;Com Vítimas Feridas;Pleno dia;Crescente;Sol;Simples;Reta;Não;6;0;5;0;5;0;0;2;-8,531942;-55,102428;SPRF-MT;DEL06/MT;UOP03-DEL06-MT
763972;09/04/2026;quinta-feira;18:46:00;PE;101;72,6;RECIFE;Reação tardia ou ineficiente do condutor;Colisão traseira;Com Vítimas Feridas;Plena Noite;Decrescente;Céu Claro;Dupla;Reta;Sim;2;0;1;0;1;1;0;2;-8,090043;-34,94674;SPRF-PE;DEL01/PE;UOP01-DEL01-PE
763973;09/04/2026;quinta-feira;17:10:00;SP;116;107,3;TAUBATE;Manobra de mudança de faixa;Colisão traseira;Com Vítimas Feridas;Anoitecer;Decrescente;Céu Claro;Dupla;"Aclive;Reta";Sim;2;0;1;0;1;1;0;2;-23,01939649;-45,53210735;SPRF-SP;DEL02/SP;UOP02-DEL02-SP
763974;09/04/2026;quinta-feira;17:27:00;PE;116;30;SALGUEIRO;Reação tardia ou ineficiente do condutor;Tombamento;Com Vítimas Feridas;Anoitecer;Crescente;Céu Claro;Simples;Reta;Não;2;0;2;0;2;0;0;1;-8,104493;-39,124642;SPRF-PE;DEL05/PE;UOP01-DEL05-PE
763975;09/04/2026;quinta-feira;16:20:00;MT;364;234;RONDONOPOLIS;Acumulo de água sobre o pavimento;Saída de leito carroçável;Com Vítimas Feridas;Pleno dia;Decrescente;Chuva;Dupla;Curva;Não;2;0;1;1;2;0;0;1;-16,38675353;-54,71323015;SPRF-MT;DEL02/MT;UOP01-DEL02-MT
763978;28/03/2026;sábado;19:00:00;MG;262;824,2;UBERABA;Demais falhas na via;Tombamento;Com Vítimas Feridas;Plena Noite;Crescente;Céu Claro;Dupla;Reta;Não;1;0;1;0;1;0;0;1;-19,764415;-48,108767;SPRF-MG;DEL13/MG;UOP01-DEL13-MG
763979;09/04/2026;quinta-feira;18:50:00;ES;101;109;SOORETAMA;Reação tardia ou ineficiente do condutor;Colisão com objeto;Com Vítimas Feridas;Plena Noite;Decrescente;Nublado;Simples;Reta;Não;1;0;0;1;1;0;0;1;-19,05339681;-40,0305748;SPRF-ES;DEL04-ES;UOP01-DEL04-ES
763980;09/04/2026;quinta-feira;18:35:00;BA;324;610;SIMOES FILHO;Condutor deixou de manter distância do veículo da frente;Colisão traseira;Com Vítimas Feridas;Plena Noite;Crescente;Céu Claro;Dupla;Reta;Sim;3;0;1;0;1;1;0;3;-12,83352;-38,412647;SPRF-BA;DEL01/BA;UOP01-DEL01-BA
763981;09/04/2026;quinta-feira;19:00:00;SE;101;203;CRISTINAPOLIS;Ausência de reação do condutor;Colisão com objeto;Sem Vítimas;Plena Noite;Decrescente;Céu Claro;Simples;Reta;Não;1;0;0;0;0;1;0;1;-11,5065157;-37,7880761;SPRF-SE;DEL02-SE;UOP03-DEL02-SE
763982;09/04/2026;quinta-feira;18:40:00;RJ;101;402;ITAGUAI;Manobra de mudança de faixa;Queda de ocupante de veículo;Com Vítimas Feridas;Plena Noite;Decrescente;Chuva;Dupla;Curva;Não;1;0;1;0;1;0;0;1;-22,851686;-43,781745;SPRF-RJ;DEL03/RJ;UOP01-DEL03-RJ
763983;09/04/2026;quinta-feira;19:00:00;PR;369;189;ARAPONGAS;Desrespeitar a preferência no cruzamento;Colisão transversal;Com Vítimas Feridas;Plena Noite;Crescente;Céu Claro;Simples;Reta;Sim;2;0;0;1;1;1;0;2;-23,43118793;-51,42258167;SPRF-PR;DEL07/PR;UOP03-DEL07-PR
763984;09/04/2026;quinta-feira;18:50:00;PR;277;727,3;FOZ DO IGUACU;Transitar no Acostamento;Colisão lateral mesmo sentido;Com Vítimas Feridas;Plena Noite;Crescente;Céu Claro;Dupla;Reta;Sim;3;0;2;0;2;1;0;2;-25,51056451;-54,55536811;SPRF-PR;DEL05/PR;UOP03-DEL05-PR
763985;09/04/2026;quinta-feira;19:00:00;SC;101;148,8;ITAPEMA;Condutor deixou de manter distância do veículo da frente;Colisão traseira;Com Vítimas Feridas;Plena Noite;Decrescente;Nublado;Múltipla;"Viaduto;Reta";Sim;2;0;1;0;1;1;0;2;-27,10574642;-48,61506138;SPRF-SC;DEL04/SC;UOP03-DEL04-SC
763986;09/04/2026;quinta-feira;19:14:00;RN;101;103;PARNAMIRIM;Acessar a via sem observar a presença dos outros veículos;Colisão traseira;Com Vítimas Feridas;Plena Noite;Crescente;Céu Claro;Múltipla;Reta;Sim;2;0;1;0;1;1;0;2;-5,89087679;-35,25103536;SPRF-RN;DEL01-RN;UOP01-DEL01-RN
763987;06/04/2026;segunda-feira;10:50:00;RS;386;426,2;MONTENEGRO;Demais falhas na via;Colisão com objeto;Com Vítimas Feridas;Pleno dia;Decrescente;Céu Claro;Múltipla;Reta;Não;1;0;1;0;1;0;0;1;-29,81944394;-51,36153384;SPRF-RS;DEL04/RS;UOP02-DEL04-RS
763988;09/04/2026;quinta-feira;17:17:00;PA;316;60;CASTANHAL;Condutor deixou de manter distância do veículo da frente;Colisão traseira;Com Vítimas Feridas;Pleno dia;Decrescente;Céu Claro;Dupla;Reta;Sim;2;0;1;0;1;1;0;2;-1,29702108;-47,95036051;SPRF-PA;DEL01/PA;UOP01-DEL01-PA
763989;09/04/2026;quinta-feira;19:45:00;SP;116;446;REGISTRO;Acessar a via sem observar a presença dos outros veículos;Colisão frontal;Com Vítimas Feridas;Plena Noite;Crescente;Céu Claro;Dupla;Viaduto;Não;2;0;2;0;2;0;0;2;-24,508017;-47,85067;SPRF-SP;DEL05/SP;UOP01-DEL05-SP
763990;01/04/2026;quarta-feira;20:20:00;PR;277;26;MORRETES;Ingestão de álcool pelo condutor;Saída de leito carroçável;Sem Vítimas;Plena Noite;Decrescente;Céu Claro;Múltipla;Reta;Não;2;0;0;0;0;2;0;1;-25,53934375;-48,77277374;SPRF-PR;DEL01/PR;UOP05-DEL01-PR
763991;09/03/2026;segunda-feira;08:40:00;SC;101;141;BALNEARIO CAMBORIU;Ausência de reação do condutor;Colisão transversal;Com Vítimas Feridas;Pleno dia;Crescente;Garoa/Chuvisco;Múltipla;Reta;Sim;2;0;1;0;1;1;0;2;-27,05082701;-48,60042421;SPRF-SC;DEL04/SC;UOP03-DEL04-SC
763993;09/04/2026;quinta-feira;19:00:00;SC;116;219,9;CORREIA PINTO;Entrada inopinada do pedestre;Atropelamento de Pedestre;Com Vítimas Feridas;Plena Noite;Crescente;Céu Claro;Simples;Reta;Sim;2;0;1;0;1;1;0;2;-27,5880234;-50,3647686;SPRF-SC;DEL05/SC;UOP03-DEL05-SC
763994;09/04/2026;quinta-feira;20:00:00;PE;101;78,9;JABOATAO DOS GUARARAPES;Reação tardia ou ineficiente do condutor;Tombamento;Com Vítimas Feridas;Plena Noite;Crescente;Nublado;Dupla;Reta;Não;1;0;1;0;1;0;0;1;-8,1428;-34,94713;SPRF-PE;DEL01/PE;UOP01-DEL01-PE
763997;09/04/2026;quinta-feira;20:45:00;RS;116;240;NOVO HAMBURGO;Reação tardia ou ineficiente do condutor;Colisão com objeto;Com Vítimas Feridas;Plena Noite;Decrescente;Nublado;Dupla;"Em Obras;Curva;Aclive;Desvio Temporário";Sim;1;0;1;0;1;0;0;1;-29,7062129;-51,1462147;SPRF-RS;DEL01/RS;UOP02-DEL01-RS
763998;09/04/2026;quinta-feira;19:40:00;MG;381;883,4;ESTIVA;Condutor Dormindo;Saída de leito carroçável;Com Vítimas Feridas;Plena Noite;Crescente;Céu Claro;Dupla;Reta;Não;1;0;1;0;1;0;0;1;-22,48770721;-46,01115847;SPRF-MG;DEL16/MG;UOP01-DEL16-MG
763999;09/04/2026;quinta-feira;21:20:00;ES;101;147,1;LINHARES;Acessar a via sem observar a presença dos outros veículos;Colisão transversal;Com Vítimas Feridas;Plena Noite;Decrescente;Chuva;Múltipla;"Retorno Regulamentado;Reta";Sim;2;0;2;0;2;0;0;2;-19,38000446;-40,06665311;SPRF-ES;DEL04-ES;UOP01-DEL04-ES
764002;09/04/2026;quinta-feira;19:30:00;SC;282;622,5;IRACEMINHA;Pista Escorregadia;Saída de leito carroçável;Com Vítimas Feridas;Plena Noite;Crescente;Céu Claro;Simples;"Curva;Aclive";Não;1;0;1;0;1;0;0;1;-26,79758497;-53,32660675;SPRF-SC;DEL07/SC;UOP02-DEL07-SC
764003;09/04/2026;quinta-feira;20:56:00;RN;226;85,5;TANGARA;Reação tardia ou ineficiente do condutor;Colisão com objeto;Sem Vítimas;Plena Noite;Crescente;Céu Claro;Simples;"Reta;Ponte;Declive";Não;3;0;0;0;0;1;0;1;-6,21054601;-35,81687214;SPRF-RN;DEL03-RN;UOP02-DEL03-RN
764004;09/04/2026;quinta-feira;18:50:00;RJ;101;126;CONCEICAO DE MACABU;Condutor deixou de manter distância do veículo da frente;Colisão traseira;Com Vítimas Feridas;Pleno dia;Decrescente;Céu Claro;Dupla;Reta;Não;1;0;0;1;1;0;0;1;-22,078418;-41,688428;SPRF-RJ;DEL08/RJ;UOP04-DEL08-RJ
764006;09/04/2026;quinta-feira;18:05:00;SC;480;125;CHAPECO;Reação tardia ou ineficiente do condutor;Colisão traseira;Com Vítimas Feridas;Pleno dia;Decrescente;Céu Claro;Dupla;Reta;Sim;3;0;1;0;1;2;0;2;-27,00025505;-52,64579773;SPRF-SC;DEL07/SC;UOP01-DEL07-SC
764007;09/04/2026;quinta-feira;21:00:00;RS;158;563,6;SANTANA DO LIVRAMENTO;Desrespeitar a preferência no cruzamento;Colisão transversal;Com Vítimas Feridas;Plena Noite;Decrescente;Nublado;Simples;"Retorno Regulamentado;Interseção de Vias;Reta";Sim;3;0;0;3;3;0;0;2;-30,85825;-55,501465;SPRF-RS;DEL11/RS;UOP01-DEL11-RS
764008;09/04/2026;quinta-feira;21:50:00;RJ;493;22;MAGE;Acessar a via sem observar a presença dos outros veículos;Atropelamento de Pedestre;Com Vítimas Feridas;Plena Noite;Decrescente;Chuva;Simples;Reta;Não;2;0;0;1;1;1;0;2;-22,657027;-43,062244;SPRF-RJ;DEL04/RJ;UOP02-DEL04-RJ
764009;09/04/2026;quinta-feira;21:15:00;MG;381;492;BETIM;Reação tardia ou ineficiente do condutor;Colisão com objeto;Com Vítimas Feridas;Plena Noite;Decrescente;Nublado;Múltipla;Reta;Sim;2;0;1;0;1;1;0;1;-19,96189215;-44,16165086;SPRF-MG;DEL01/MG;UOP03-DEL01-MG
764010;05/04/2026;domingo;05:40:00;MS;163;786;PEDRO GOMES;Ingestão de álcool pelo condutor;Saída de leito carroçável;Com Vítimas Feridas;Amanhecer;Crescente;Nevoeiro/Neblina;Simples;Reta;Não;1;0;1;0;1;0;0;1;-18,03;-54,684;SPRF-MS;DEL06/MS;UOP01-DEL06-MS
764014;09/04/2026;quinta-feira;21:40:00;PE;232;103,8;BEZERROS;Mal súbito do condutor;Eventos atípicos;Com Vítimas Fatais;Plena Noite;Decrescente;Céu Claro;Dupla;Reta;Não;4;1;0;0;0;3;0;1;-8,25351;-35,768407;SPRF-PE;DEL02/PE;UOP03-DEL02-PE
764015;09/04/2026;quinta-feira;22:30:00;PR;476;187;LAPA;Demais falhas mecânicas ou elétricas;Incêndio;Sem Vítimas;Plena Noite;Crescente;Nublado;Simples;Reta;Não;1;0;0;0;0;1;0;1;-25,71723394;-49,64945745;SPRF-PR;DEL01/PR;UOP06-DEL01-PR
764017;09/04/2026;quinta-feira;22:00:00;MA;230;0,8;BARAO DE GRAJAU;Reação tardia ou ineficiente do condutor;Tombamento;Sem Vítimas;Plena Noite;Crescente;Céu Claro;Simples;Curva;Não;1;0;0;0;0;0;1;1;-6,755353;-43,01412;SPRF-PI;DEL03-PI;UOP01-DEL03-PI
764019;09/04/2026;quinta-feira;20:50:00;SC;101;317;PESCARIA BRAVA;Curva acentuada;Colisão com objeto;Com Vítimas Feridas;Plena Noite;Crescente;Céu Claro;Dupla;"Curva;Declive";Sim;1;0;1;0;1;0;0;1;-28,426555;-48,861425;SPRF-SC;DEL02/SC;UOP01-DEL02-SC
764020;09/04/2026;quinta-feira;22:57:00;GO;153;436;ANAPOLIS;Velocidade Incompatível;Saída de leito carroçável;Com Vítimas Feridas;Plena Noite;Crescente;Chuva;Dupla;Desvio Temporário;Sim;1;0;0;1;1;0;0;1;-16,2965918;-48,9302982;SPRF-GO;DEL02/GO;UOP01-DEL02-GO
764021;09/04/2026;quinta-feira;22:25:00;MS;262;320,8;CAMPO GRANDE;Acessar a via sem observar a presença dos outros veículos;Colisão transversal;Com Vítimas Feridas;Pleno dia;Crescente;Céu Claro;Simples;Retorno Regulamentado;Sim;3;0;1;0;1;2;0;2;-20,4705;-54,4841;SPRF-MS;DEL01/MS;UOP01-DEL01-MS
764022;09/04/2026;quinta-feira;22:30:00;MA;10;329;ACAILANDIA;Ultrapassagem Indevida;Queda de ocupante de veículo;Com Vítimas Feridas;Plena Noite;Crescente;Nublado;Simples;"Reta;Declive";Não;1;0;0;1;1;0;0;1;-4,867075;-47,515395;SPRF-MA;DEL04-MA;UOP03-DEL04-MA
764023;09/04/2026;quinta-feira;23:40:00;MG;354;765,7;ITAMONTE;Velocidade Incompatível;Saída de leito carroçável;Com Vítimas Feridas;Plena Noite;Decrescente;Céu Claro;Simples;"Declive;Curva";Não;1;0;1;0;1;0;0;1;-22,34383419;-44,812181;SPRF-MG;DEL17/MG;UOP01-DEL17-MG
764024;09/04/2026;quinta-feira;23:30:00;SP;381;86;SAO PAULO;Manobra de mudança de faixa;Colisão traseira;Com Vítimas Feridas;Plena Noite;Crescente;Céu Claro;Múltipla;Reta;Sim;4;0;2;0;2;2;0;2;-23,46032777;-46,57155488;SPRF-SP;DEL03/SP;UOP01-DEL03-SP
764028;09/04/2026;quinta-feira;23:54:00;PE;101;67,2;RECIFE;Condutor deixou de manter distância do veículo da frente;Colisão traseira;Com Vítimas Feridas;Plena Noite;Decrescente;Céu Claro;Dupla;Reta;Não;3;0;2;0;2;1;0;2;-8,0443222;-34,943781;SPRF-PE;DEL01/PE;UOP01-DEL01-PE
764029;10/04/2026;sexta-feira;00:10:00;SC;101;204,9;SAO JOSE;Ingestão de álcool pelo condutor;Colisão com objeto;Sem Vítimas;Plena Noite;Decrescente;Céu Claro;Múltipla;Reta;Sim;1;0;0;0;0;1;0;1;-27,582726;-48,61501;SPRF-SC;DEL01/SC;UOP01-DEL01-SC
764030;10/04/2026;sexta-feira;00:25:00;PR;376;678;GUARATUBA;Ausência de reação do condutor;Saída de leito carroçável;Com Vítimas Feridas;Plena Noite;Decrescente;Garoa/Chuvisco;Simples;Curva;Não;1;0;0;1;1;0;0;1;-25,94039908;-48,90707429;SPRF-PR;DEL01/PR;UOP04-DEL01-PR
764037;10/04/2026;sexta-feira;04:10:00;RS;116;247;SAO LEOPOLDO;Avarias e/ou desgaste excessivo no pneu;Tombamento;Com Vítimas Feridas;Plena Noite;Decrescente;Garoa/Chuvisco;Dupla;Reta;Sim;1;0;1;0;1;0;0;1;-29,76383176;-51,15328431;SPRF-RS;DEL01/RS;UOP02-DEL01-RS
764038;10/04/2026;sexta-feira;03:25:00;MG;116;421;ALPERCATA;Ausência de reação do condutor;Colisão frontal;Com Vítimas Fatais;Plena Noite;Decrescente;Céu Claro;Simples;Curva;Não;2;1;1;0;1;0;0;2;-18,93875807;-41,94887996;SPRF-MG;DEL06/MG;UOP01-DEL06-MG
764039;10/04/2026;sexta-feira;03:30:00;MG;262;823;UBERABA;Ausência de reação do condutor;Saída de leito carroçável;Com Vítimas Feridas;Plena Noite;Crescente;Céu Claro;Simples;Reta;Não;1;0;1;0;1;0;0;1;-19,743919;-48,189021;SPRF-MG;DEL13/MG;UOP01-DEL13-MG
764041;10/04/2026;sexta-feira;02:40:00;RO;364;703;PORTO VELHO;Reação tardia ou ineficiente do condutor;Saída de leito carroçável;Sem Vítimas;Plena Noite;Decrescente;Garoa/Chuvisco;Dupla;Reta;Não;1;0;0;0;0;0;1;1;-8,8006;-63,80435;SPRF-RO;DEL01-RO;UOP01-DEL01-RO
764043;09/04/2026;quinta-feira;22:30:00;MT;70;504,1;CUIABA;Ausência de reação do condutor;Queda de ocupante de veículo;Com Vítimas Feridas;Plena Noite;Crescente;Céu Claro;Simples;Rotatória;Sim;1;0;1;0;1;0;0;1;-15,7001574;-56,0424804;SPRF-MT;DEL01/MT;UOP02-DEL01-MT
764045;10/04/2026;sexta-feira;03:30:00;SC;282;32,1;AGUAS MORNAS;Reação tardia ou ineficiente do condutor;Queda de ocupante de veículo;Sem Vítimas;Plena Noite;Decrescente;Nublado;Simples;Curva;Não;1;0;0;0;0;1;0;1;-27,702828;-48,830732;SPRF-SC;DEL01/SC;UOP03-DEL01-SC
764047;10/04/2026;sexta-feira;06:20:00;PR;376;175,2;MARINGA;Animais na Pista;Atropelamento de Animal;Com Vítimas Feridas;Pleno dia;Decrescente;Céu Claro;Dupla;Reta;Sim;1;0;1;0;1;0;0;1;-23,41357;-51,947315;SPRF-PR;DEL09/PR;UOP01-DEL09-PR
764048;10/04/2026;sexta-feira;06:40:00;PE;101;80;JABOATAO DOS GUARARAPES;Reação tardia ou ineficiente do condutor;Colisão transversal;Com Vítimas Feridas;Pleno dia;Crescente;Sol;Dupla;"Retorno Regulamentado;Reta";Sim;2;0;2;0;2;0;0;2;-8,15703;-34,941297;SPRF-PE;DEL01/PE;UOP01-DEL01-PE
764049;10/04/2026;sexta-feira;05:28:00;MS;60;444,9;SIDROLANDIA;Pedestre cruzava a pista fora da faixa;Atropelamento de Pedestre;Com Vítimas Feridas;Pleno dia;Crescente;Céu Claro;Simples;"Reta;Interseção de Vias";Não;2;0;1;1;2;0;0;2;-20,993483;-55,099873;SPRF-MS;DEL01/MS;UOP04-DEL01-MS
764050;10/04/2026;sexta-feira;06:45:00;RJ;101;482;ANGRA DOS REIS;Acessar a via sem observar a presença dos outros veículos;Colisão transversal;Com Vítimas Feridas;Pleno dia;Crescente;Chuva;Simples;Curva;Não;3;0;1;0;1;2;0;2;-23,0046641;-44,2979673;SPRF-RJ;DEL03/RJ;UOP03-DEL03-RJ
764051;10/04/2026;sexta-feira;06:30:00;MG;381;486;BETIM;Manobra de mudança de faixa;Colisão lateral mesmo sentido;Com Vítimas Feridas;Pleno dia;Decrescente;Céu Claro;Dupla;"Aclive;Reta";Não;2;0;1;0;1;1;0;2;-19,9556008;-44,11045074;SPRF-MG;DEL01/MG;UOP03-DEL01-MG
764054;10/04/2026;sexta-feira;07:04:00;SC;470;49,8;BLUMENAU;Ultrapassagem Indevida;Colisão lateral mesmo sentido;Com Vítimas Feridas;Pleno dia;Decrescente;Céu Claro;Dupla;Curva;Não;3;0;2;0;2;1;0;2;-26,86037099;-49,0722692;SPRF-SC;DEL04/SC;UOP01-DEL04-SC
764055;10/04/2026;sexta-feira;06:35:00;CE;222;209;FORQUILHA;Demais falhas mecânicas ou elétricas;Incêndio;Sem Vítimas;Pleno dia;Crescente;Céu Claro;Simples;Reta;Sim;1;0;0;0;0;1;0;1;-3,79787863;-40,26872126;SPRF-CE;DEL04/CE;UOP01-DEL04-CE
764056;10/04/2026;sexta-feira;07:00:00;BA;101;36,2;ESPLANADA;Ausência de reação do condutor;Colisão transversal;Com Vítimas Fatais;Pleno dia;Decrescente;Sol;Simples;"Reta;Declive";Não;2;1;1;0;1;0;0;2;-11,781474;-37,947267;SPRF-SE;DEL02-SE;UOP03-DEL02-SE
764057;10/04/2026;sexta-feira;06:50:00;PR;277;665,4;MEDIANEIRA;Reação tardia ou ineficiente do condutor;Colisão traseira;Com Vítimas Feridas;Pleno dia;Decrescente;Céu Claro;Dupla;Reta;Não;2;0;0;1;1;1;0;2;-25,25268404;-54,02510762;SPRF-PR;DEL05/PR;UOP02-DEL05-PR
764058;10/04/2026;sexta-feira;07:03:00;RN;110;47,1;MOSSORO;Conversão proibida;Colisão transversal;Com Vítimas Feridas;Pleno dia;Decrescente;Céu Claro;Simples;Reta;Sim;2;0;1;0;1;0;0;2;-5,2060363;-37,3271731;SPRF-RN;DEL04-RN;UOP01-DEL04-RN
764061;10/04/2026;sexta-feira;07:10:00;DF;20;9;BRASILIA;Velocidade Incompatível;Colisão traseira;Com Vítimas Feridas;Pleno dia;Decrescente;Céu Claro;Múltipla;Viaduto;Sim;3;0;1;0;1;2;0;3;-15,65342232;-47,78141856;SPRF-DF;DEL02-DF;UOP01-DEL02-DF
764062;10/04/2026;sexta-feira;07:25:00;DF;40;1,4;BRASILIA;Manobra de mudança de faixa;Colisão lateral mesmo sentido;Com Vítimas Feridas;Pleno dia;Decrescente;Céu Claro;Dupla;Reta;Não;7;0;5;0;5;2;0;3;-15,989594;-47,986874;SPRF-DF;DEL01-DF;UOP01-DEL01-DF
764063;10/04/2026;sexta-feira;07:45:00;PR;116;124;CURITIBA;Manobra de mudança de faixa;Colisão traseira;Com Vítimas Feridas;Pleno dia;Decrescente;Nublado;Dupla;Reta;Não;3;0;2;0;2;1;0;3;-25,6217042;-49,3160114;SPRF-PR;DEL01/PR;UOP03-DEL01-PR
764066;10/04/2026;sexta-feira;08:00:00;PE;232;6;RECIFE;Demais falhas mecânicas ou elétricas;Queda de ocupante de veículo;Com Vítimas Feridas;Pleno dia;Decrescente;Céu Claro;Dupla;Reta;Sim;2;0;1;1;2;0;0;1;-8,070697;-34,952593;SPRF-PE;DEL01/PE;UOP01-DEL01-PE
764068;10/04/2026;sexta-feira;07:25:00;MT;70;4,3;BARRA DO GARCAS;Ausência de reação do condutor;Colisão traseira;Com Vítimas Feridas;Pleno dia;Decrescente;Céu Claro;Dupla;Reta;Não;3;0;3;0;3;0;0;2;-15,8782355;-52,30226861;SPRF-MT;DEL07/MT;UOP01-DEL07-MT
764069;10/04/2026;sexta-feira;07:45:00;SP;116;283;EMBU DAS ARTES;Trafegar com motocicleta (ou similar) entre as faixas;Colisão traseira;Com Vítimas Feridas;Pleno dia;Crescente;Céu Claro;Dupla;Reta;Sim;3;0;1;0;1;2;0;2;-23,6721207;-46,85620629;SPRF-SP;DEL04/SP;UOP01-DEL04-SP
764070;10/04/2026;sexta-feira;08:10:00;SC;101;215,5;PALHOCA;Acesso irregular;Colisão transversal;Com Vítimas Feridas;Pleno dia;Decrescente;Céu Claro;Dupla;Reta;Não;2;0;0;2;2;0;0;2;-27,655843;-48,677948;SPRF-SC;DEL01/SC;UOP02-DEL01-SC
764071;10/04/2026;sexta-feira;07:30:00;PE;101;54;PAULISTA;Condutor deixou de manter distância do veículo da frente;Colisão traseira;Com Vítimas Feridas;Pleno dia;Decrescente;Céu Claro;Dupla;Reta;Sim;3;0;1;0;1;2;0;3;-7,9422;-34,90388;SPRF-PE;DEL01/PE;UOP02-DEL01-PE
764073;10/04/2026;sexta-feira;08:45:00;SC;101;136;BALNEARIO CAMBORIU;Demais falhas mecânicas ou elétricas;Tombamento;Com Vítimas Feridas;Pleno dia;Decrescente;Céu Claro;Dupla;Reta;Sim;2;0;2;0;2;0;0;1;-27,0112522;-48,61404983;SPRF-SC;DEL04/SC;UOP03-DEL04-SC
764074;10/04/2026;sexta-feira;06:30:00;PE;101;175,3;JOAQUIM NABUCO;Velocidade Incompatível;Tombamento;Com Vítimas Feridas;Pleno dia;Crescente;Céu Claro;Dupla;Reta;Não;2;0;2;0;2;0;0;1;-8,60509;-35,53956;SPRF-PE;DEL01/PE;UOP03-DEL01-PE
764075;10/04/2026;sexta-feira;08:00:00;MG;116;277;TEOFILO OTONI;Afundamento ou ondulação no pavimento;Tombamento;Com Vítimas Feridas;Pleno dia;Crescente;Céu Claro;Simples;Reta;Sim;1;0;1;0;1;0;0;1;-17,86025;-41,515036;SPRF-MG;DEL11/MG;UOP01-DEL11-MG
764076;10/04/2026;sexta-feira;07:30:00;MG;116;297;ITAMBACURI;Ausência de reação do condutor;Tombamento;Com Vítimas Feridas;Pleno dia;Crescente;Céu Claro;Simples;"Reta;Declive";Não;1;0;1;0;1;0;0;1;-18,01097;-41,59744;SPRF-MG;DEL11/MG;UOP01-DEL11-MG
764077;10/04/2026;sexta-feira;09:15:00;SP;153;62,3;SAO JOSE DO RIO PRETO;Condutor deixou de manter distância do veículo da frente;Colisão traseira;Sem Vítimas;Pleno dia;Crescente;Sol;Dupla;Aclive;Sim;4;0;0;0;0;4;0;4;-20,816756;-49,357297;SPRF-SP;DEL09/SP;UOP01-DEL09-SP
764080;10/04/2026;sexta-feira;09:21:00;MG;381;867;POUSO ALEGRE;Demais falhas mecânicas ou elétricas;Saída de leito carroçável;Com Vítimas Feridas;Pleno dia;Crescente;Céu Claro;Dupla;Reta;Não;4;0;4;0;4;0;0;1;-22,3728719;-45,9370842;SPRF-MG;DEL16/MG;UOP01-DEL16-MG
764082;10/04/2026;sexta-feira;07:30:00;RO;364;714;PORTO VELHO;Animais na Pista;Atropelamento de Animal;Com Vítimas Feridas;Pleno dia;Decrescente;Céu Claro;Dupla;Reta;Sim;1;0;1;0;1;0;0;1;-8,77593556;-63,88790564;SPRF-RO;DEL01-RO;UOP01-DEL01-RO
764083;10/04/2026;sexta-feira;09:10:00;SC;101;228,6;PALHOCA;Reação tardia ou ineficiente do condutor;Tombamento;Com Vítimas Feridas;Pleno dia;Decrescente;Céu Claro;Dupla;"Aclive;Reta";Sim;1;0;1;0;1;0;0;1;-27,763958;-48,630795;SPRF-SC;DEL01/SC;UOP02-DEL01-SC
764085;10/04/2026;sexta-feira;07:40:00;MG;50;66;UBERLANDIA;Ausência de reação do condutor;Colisão com objeto;Sem Vítimas;Pleno dia;Decrescente;Céu Claro;Dupla;Reta;Sim;1;0;0;0;0;0;1;1;-18,8662943;-48,25441721;SPRF-MG;DEL15/MG;UOP02-DEL15-MG
764086;10/04/2026;sexta-feira;08:20:00;RJ;356;158;SAO JOAO DA BARRA;Reação tardia ou ineficiente do condutor;Engavetamento;Com Vítimas Feridas;Pleno dia;Crescente;Céu Claro;Simples;Reta;Não;2;0;1;0;1;1;0;2;-21,73016158;-41,18946075;SPRF-RJ;DEL08/RJ;UOP02-DEL08-RJ
764087;10/04/2026;sexta-feira;08:20:00;SC;282;397;JOACABA;Velocidade Incompatível;Colisão frontal;Com Vítimas Feridas;Pleno dia;Crescente;Nevoeiro/Neblina;Simples;Curva;Não;2;0;1;1;2;0;0;2;-27,152463;-51,602195;SPRF-SC;DEL07/SC;UOP05-DEL07-SC
764089;10/04/2026;sexta-feira;07:40:00;MT;364;204;RONDONOPOLIS;Manobra de mudança de faixa;Colisão transversal;Com Vítimas Feridas;Pleno dia;Crescente;Céu Claro;Dupla;Reta;Sim;2;0;1;0;1;1;0;2;-16,4643;-54,6582;SPRF-MT;DEL02/MT;UOP01-DEL02-MT