id;data_inversa;dia_semana;horario;uf;br;km;municipio;causa_acidente;tipo_acidente;classificacao_acidente;fase_dia;sentido_via;condicao_metereologica;tipo_pista;tracado_via;uso_solo;pessoas;mortos;feridos_leves;feridos_graves;feridos;ilesos;ignorados;veiculos;latitude;longitude;regional;delegacia;uop
764204;10/04/2026;sexta-feira;18:50:00;MG;40;516;RIBEIRAO DAS NEVES;Trafegar com motocicleta (ou similar) entre as faixas;Colisão lateral mesmo sentido;Com Vítimas Feridas;Plena Noite;Decrescente;Céu Claro;Dupla;Curva;Não;2;0;1;0;1;1;0;2;-19,8230613;-44,08437927;SPRF-MG;DEL01/MG;UOP02-DEL01-MG
764205;10/04/2026;sexta-feira;18:40:00;PE;424;92;GARANHUNS;Ingestão de álcool pelo condutor;Colisão frontal;Com Vítimas Feridas;Plena Noite;Crescente;Ignorado;Simples;Reta;Sim;3;0;1;1;2;0;0;2;-8,908542;-36,489075;SPRF-PE;DEL03/PE;UOP01-DEL03-PE
764206;10/04/2026;sexta-feira;19:00:00;SP;116;143,6;SAO JOSE DOS CAMPOS;Condutor deixou de manter distância do veículo da frente;Colisão lateral mesmo sentido;Com Vítimas Feridas;Plena Noite;Decrescente;Céu Claro;Dupla;Reta;Sim;2;0;1;0;1;1;0;2;-23,17995212;-45,84073305;SPRF-SP;DEL02/SP;UOP01-DEL02-SP
764207;10/04/2026;sexta-feira;17:30:00;PR;369;136,9;IBIPORA;Ultrapassagem Indevida;Colisão transversal;Com Vítimas Feridas;Pleno dia;Decrescente;Céu Claro;Simples;Curva;Sim;2;0;0;1;1;1;0;2;-23,27215401;-51,04050344;SPRF-PR;DEL07/PR;UOP01-DEL07-PR
764208;10/04/2026;sexta-feira;19:45:00;MG;40;517;RIBEIRAO DAS NEVES;Reação tardia ou ineficiente do condutor;Colisão lateral mesmo sentido;Com Vítimas Feridas;Plena Noite;Crescente;Céu Claro;Múltipla;Curva;Sim;3;0;1;0;1;1;0;2;-19,82975942;-44,08325884;SPRF-MG;DEL01/MG;UOP02-DEL01-MG
764209;10/04/2026;sexta-feira;19:20:00;SP;116;210;GUARULHOS;Objeto estático sobre o leito carroçável;Eventos atípicos;Com Vítimas Feridas;Plena Noite;Decrescente;Céu Claro;Múltipla;Reta;Não;1;0;0;1;1;0;0;1;-23,4329758;-46,4207535;SPRF-SP;DEL01/SP;UOP01-DEL01-SP
764210;10/04/2026;sexta-feira;19:45:00;SC;282;508,3;XANXERE;Condutor deixou de manter distância do veículo da frente;Colisão traseira;Com Vítimas Feridas;Plena Noite;Crescente;Céu Claro;Simples;Aclive;Não;5;0;1;0;1;4;0;2;-26,88621489;-52,44713036;SPRF-SC;DEL07/SC;UOP01-DEL07-SC
764212;10/04/2026;sexta-feira;18:50:00;SC;282;3;FLORIANOPOLIS;Condutor deixou de manter distância do veículo da frente;Colisão traseira;Com Vítimas Feridas;Plena Noite;Crescente;Chuva;Dupla;Reta;Sim;1;0;0;1;1;0;0;1;-27,6021236;-48,59645303;SPRF-SC;DEL01/SC;UOP01-DEL01-SC
764213;10/04/2026;sexta-feira;20:03:00;GO;60;137;GOIANIA;Ultrapassagem Indevida;Colisão frontal;Com Vítimas Feridas;Plena Noite;Crescente;Céu Claro;Simples;Aclive;Sim;2;0;1;0;1;1;0;2;-16,59835868;-49,19780731;SPRF-GO;DEL01/GO;UOP01-DEL01-GO
764214;10/04/2026;sexta-feira;19:30:00;PR;376;603,3;CURITIBA;Ausência de reação do condutor;Tombamento;Com Vítimas Feridas;Plena Noite;Decrescente;Céu Claro;Dupla;"Declive;Curva";Sim;2;0;1;0;1;0;0;2;-25,53019924;-49,32552036;SPRF-PR;DEL01/PR;UOP03-DEL01-PR
764217;10/04/2026;sexta-feira;19:00:00;PR;369;425,4;UBIRATA;Manobra de mudança de faixa;Capotamento;Com Vítimas Feridas;Plena Noite;Crescente;Céu Claro;Simples;Curva;Não;1;0;1;0;1;0;0;1;-24,527473;-52,945479;SPRF-PR;DEL04/PR;UOP03-DEL04-PR
764218;10/04/2026;sexta-feira;16:00:00;MT;174;354;CONQUISTA DOESTE;Ausência de reação do condutor;Tombamento;Com Vítimas Feridas;Pleno dia;Crescente;Céu Claro;Simples;Reta;Não;1;0;0;1;1;0;0;1;-14,811608;-59,322734;SPRF-MT;DEL04/MT;UOP01-DEL04-MT
764219;10/04/2026;sexta-feira;17:33:00;MT;364;236;RONDONOPOLIS;Velocidade Incompatível;Atropelamento de Pedestre;Com Vítimas Fatais;Anoitecer;Decrescente;Céu Claro;Dupla;Reta;Sim;3;1;1;0;1;0;0;2;-16,216701;-54,778393;SPRF-MT;DEL02/MT;UOP01-DEL02-MT
764220;10/04/2026;sexta-feira;15:30:00;MG;381;230,5;SANTANA DO PARAISO;Reação tardia ou ineficiente do condutor;Saída de leito carroçável;Com Vítimas Feridas;Pleno dia;Crescente;Céu Claro;Simples;Reta;Não;1;0;1;0;1;0;0;1;-19,364551;-42,448925;SPRF-MG;DEL06/MG;UOP01-DEL06-MG
764221;10/04/2026;sexta-feira;20:30:00;SC;101;46;JOINVILLE;Ausência de reação do condutor;Colisão com objeto;Sem Vítimas;Plena Noite;Decrescente;Céu Claro;Dupla;Reta;Sim;2;0;0;0;0;1;0;2;-26,35588626;-48,8588926;SPRF-SC;DEL03/SC;UOP01-DEL03-SC
764222;10/04/2026;sexta-feira;19:30:00;RJ;101;313;SAO GONCALO;Reação tardia ou ineficiente do condutor;Colisão lateral mesmo sentido;Com Vítimas Feridas;Plena Noite;Decrescente;Céu Claro;Dupla;Reta;Sim;2;0;1;0;1;1;0;2;-22,81420299;-43,07439628;SPRF-RJ;DEL02/RJ;UOP02-DEL02-RJ
764223;10/04/2026;sexta-feira;14:00:00;MT;163;828;SINOP;Retorno proibido;Colisão transversal;Com Vítimas Feridas;Pleno dia;Crescente;Céu Claro;Dupla;Reta;Sim;3;0;1;0;1;2;0;2;-11,91928611;-55,51036544;SPRF-MT;DEL06/MT;UOP02-DEL06-MT
764231;10/04/2026;sexta-feira;21:20:00;SC;116;54;PAPANDUVA;Ausência de reação do condutor;Colisão com objeto;Com Vítimas Feridas;Plena Noite;Decrescente;Céu Claro;Simples;"Reta;Rotatória";Sim;1;0;1;0;1;0;0;1;-26,394728;-50,163307;SPRF-SC;DEL06/SC;UOP02-DEL06-SC
764232;10/04/2026;sexta-feira;20:50:00;SC;282;244;SAO JOSE DO CERRITO;Reação tardia ou ineficiente do condutor;Saída de leito carroçável;Com Vítimas Feridas;Plena Noite;Crescente;Céu Claro;Simples;"Declive;Curva";Não;2;0;2;0;2;0;0;1;-27,7292068;-50,5217446;SPRF-SC;DEL05/SC;UOP02-DEL05-SC
764233;10/04/2026;sexta-feira;20:45:00;SC;470;141;RIO DO SUL;Conversão proibida;Colisão lateral mesmo sentido;Com Vítimas Feridas;Plena Noite;Decrescente;Céu Claro;Simples;"Reta;Declive";Sim;2;0;1;0;1;1;0;2;-27,20506918;-49,64191373;SPRF-SC;DEL04/SC;UOP02-DEL04-SC
764234;10/04/2026;sexta-feira;20:25:00;MG;116;306;ITAMBACURI;Demais falhas mecânicas ou elétricas;Incêndio;Sem Vítimas;Plena Noite;Decrescente;Nublado;Simples;Reta;Não;1;0;0;0;0;1;0;1;-18,04202;-41,65866;SPRF-MG;DEL11/MG;UOP01-DEL11-MG
764237;10/04/2026;sexta-feira;21:38:00;SC;101;194;BIGUACU;Condutor deixou de manter distância do veículo da frente;Colisão traseira;Com Vítimas Feridas;Plena Noite;Crescente;Céu Claro;Múltipla;Reta;Sim;2;0;0;1;1;0;0;2;-27,49852;-48,65667;SPRF-SC;DEL01/SC;UOP01-DEL01-SC
764238;10/04/2026;sexta-feira;16:39:00;MT;163;87,7;RONDONOPOLIS;Chuva;Saída de leito carroçável;Com Vítimas Feridas;Pleno dia;Crescente;Chuva;Dupla;"Reta;Declive";Não;2;0;2;0;2;0;0;1;-16,754553;-54,65323067;SPRF-MT;DEL02/MT;UOP03-DEL02-MT
764240;10/04/2026;sexta-feira;16:15:00;RO;425;51;NOVA MAMORE;Acumulo de areia ou detritos sobre o pavimento;Saída de leito carroçável;Com Vítimas Feridas;Pleno dia;Decrescente;Céu Claro;Simples;"Em Obras;Aclive;Reta";Não;5;0;3;0;3;2;0;1;-10,13990217;-65,29448748;SPRF-RO;DEL01-RO;UOP03-DEL01-RO
764241;10/04/2026;sexta-feira;10:30:00;BA;324;614;SALVADOR;Acessar a via sem observar a presença dos outros veículos;Colisão transversal;Com Vítimas Feridas;Pleno dia;Decrescente;Garoa/Chuvisco;Dupla;Interseção de Vias;Sim;3;0;1;0;1;2;0;2;-12,8740337;-38,42819005;SPRF-BA;DEL01/BA;UOP01-DEL01-BA
764242;10/04/2026;sexta-feira;21:12:00;SC;101;115,8;ITAJAI;Ingestão de álcool pelo condutor;Saída de leito carroçável;Com Vítimas Fatais;Plena Noite;Crescente;Céu Claro;Múltipla;Reta;Sim;1;1;0;0;0;0;0;1;-26,8778344;-48,7267802;SPRF-SC;DEL04/SC;UOP04-DEL04-SC
764243;10/04/2026;sexta-feira;21:15:00;PE;232;409,5;SERRA TALHADA;Iluminação deficiente;Colisão frontal;Com Vítimas Feridas;Plena Noite;Decrescente;Céu Claro;Simples;Reta;Sim;2;0;1;0;1;0;0;2;-7,982397;-38,297628;SPRF-PE;DEL04/PE;UOP01-DEL04-PE
764244;10/04/2026;sexta-feira;19:00:00;RJ;101;404;ITAGUAI;Pedestre cruzava a pista fora da faixa;Atropelamento de Pedestre;Com Vítimas Fatais;Plena Noite;Decrescente;Nublado;Dupla;Reta;Sim;2;1;0;0;0;1;0;2;-22,86329352;-43,79624303;SPRF-RJ;DEL03/RJ;UOP01-DEL03-RJ
764246;10/04/2026;sexta-feira;22:40:00;SP;116;221;GUARULHOS;Manobra de mudança de faixa;Colisão lateral mesmo sentido;Com Vítimas Feridas;Pleno dia;Decrescente;Céu Claro;Múltipla;Reta;Não;3;0;2;0;2;1;0;2;-23,469858;-46,512737;SPRF-SP;DEL01/SP;UOP01-DEL01-SP
764249;10/04/2026;sexta-feira;22:10:00;RS;153;404,2;CACHOEIRA DO SUL;Desrespeitar a preferência no cruzamento;Colisão transversal;Com Vítimas Feridas;Plena Noite;Crescente;Céu Claro;Simples;Interseção de Vias;Sim;2;0;0;1;1;1;0;2;-29,998518;-52,92257;SPRF-RS;DEL02/RS;UOP03-DEL02-RS
764250;10/04/2026;sexta-feira;23:10:00;SC;101;141;BALNEARIO CAMBORIU;Trafegar com motocicleta (ou similar) entre as faixas;Colisão lateral mesmo sentido;Com Vítimas Feridas;Plena Noite;Crescente;Céu Claro;Dupla;"Declive;Curva";Sim;2;0;1;0;1;1;0;2;-27,04656011;-48,59941419;SPRF-SC;DEL04/SC;UOP03-DEL04-SC
764251;10/04/2026;sexta-feira;23:00:00;ES;259;103;BAIXO GUANDU;Reação tardia ou ineficiente do condutor;Colisão traseira;Com Vítimas Feridas;Plena Noite;Crescente;Garoa/Chuvisco;Simples;"Curva;Declive";Não;7;0;1;0;1;6;0;2;-19,51463847;-41,0238382;SPRF-ES;DEL02-ES;UOP01-DEL02-ES
764252;10/04/2026;sexta-feira;22:23:00;RJ;101;504;ANGRA DOS REIS;Acessar a via sem observar a presença dos outros veículos;Colisão transversal;Com Vítimas Feridas;Plena Noite;Decrescente;Céu Claro;Simples;Reta;Sim;2;0;1;0;1;1;0;2;-22,93563022;-44,4039917;SPRF-RJ;DEL03/RJ;UOP03-DEL03-RJ
764254;11/04/2026;sábado;00:00:00;PB;230;22;JOAO PESSOA;Reação tardia ou ineficiente do condutor;Queda de ocupante de veículo;Com Vítimas Feridas;Plena Noite;Crescente;Céu Claro;Dupla;Reta;Sim;2;0;0;1;1;1;0;1;-7,15200767;-34,85370231;SPRF-PB;DEL01-PB;UOP01-DEL01-PB
764255;10/04/2026;sexta-feira;23:50:00;PR;277;124,8;CAMPO LARGO;Entrada inopinada do pedestre;Atropelamento de Pedestre;Com Vítimas Fatais;Plena Noite;Crescente;Céu Claro;Dupla;Reta;Não;3;1;0;0;0;2;0;2;-25,43493;-49,52545;SPRF-PR;DEL01/PR;UOP07-DEL01-PR
764256;11/04/2026;sábado;00:20:00;RS;290;82,4;CACHOEIRINHA;Reação tardia ou ineficiente do condutor;Colisão traseira;Com Vítimas Feridas;Plena Noite;Crescente;Céu Claro;Múltipla;Reta;Não;4;0;2;0;2;2;0;3;-29,95731;-51,08433;SPRF-RS;DEL01/RS;UOP01-DEL01-RS
764257;11/04/2026;sábado;00:50:00;RJ;116;186;NOVA IGUACU;Ingestão de álcool pelo condutor;Colisão traseira;Com Vítimas Feridas;Plena Noite;Decrescente;Céu Claro;Múltipla;Reta;Sim;2;0;1;0;1;1;0;2;-22,74339961;-43,5164541;SPRF-RJ;DEL06/RJ;UOP01-DEL06-RJ
764258;10/04/2026;sexta-feira;23:45:00;RS;470;42;TUPANCI DO SUL;Acessar a via sem observar a presença dos outros veículos;Colisão transversal;Com Vítimas Feridas;Plena Noite;Decrescente;Nublado;Simples;"Retorno Regulamentado;Reta";Não;3;0;1;0;1;2;0;2;-27,94019942;-51,45940304;SPRF-RS;DEL08/RS;UOP05-DEL08-RS
764261;11/04/2026;sábado;01:10:00;BA;116;777;PLANALTO;Acesso irregular;Colisão frontal;Com Vítimas Feridas;Plena Noite;Crescente;Céu Claro;Simples;Reta;Sim;3;0;0;3;3;0;0;2;-14,67103872;-40,4792957;SPRF-BA;DEL08/BA;UOP02-DEL08-BA
764262;11/04/2026;sábado;01:05:00;ES;101;144;LINHARES;Ausência de reação do condutor;Saída de leito carroçável;Com Vítimas Feridas;Plena Noite;Crescente;Céu Claro;Múltipla;Reta;Sim;1;0;0;1;1;0;0;1;-19,35816;-40,064643;SPRF-ES;DEL04-ES;UOP01-DEL04-ES
764263;10/04/2026;sexta-feira;23:20:00;MS;463;18;DOURADOS;Reação tardia ou ineficiente do condutor;Saída de leito carroçável;Com Vítimas Feridas;Plena Noite;Crescente;Ignorado;Simples;"Interseção de Vias;Rotatória";Não;1;0;0;1;1;0;0;1;-22,24850271;-54,97034876;SPRF-MS;DEL04/MS;UOP03-DEL04-MS
764264;11/04/2026;sábado;01:40:00;PB;101;94;CONDE;Ausência de reação do condutor;Saída de leito carroçável;Com Vítimas Feridas;Plena Noite;Crescente;Nublado;Dupla;Reta;Não;1;0;1;0;1;0;0;1;-7,228945;-34,919383;SPRF-PB;DEL01-PB;UOP01-DEL01-PB
764265;11/04/2026;sábado;01:09:00;CE;122;30,6;OCARA;Reação tardia ou ineficiente do condutor;Colisão traseira;Com Vítimas Feridas;Plena Noite;Crescente;Nublado;Simples;Reta;Não;3;0;0;2;2;0;0;2;-4,53752;-38,58297;SPRF-CE;DEL03/CE;UOP01-DEL03-CE
764266;11/04/2026;sábado;00:48:00;TO;153;247;COLINAS DO TOCANTINS;Ausência de reação do condutor;Colisão lateral mesmo sentido;Com Vítimas Feridas;Plena Noite;Crescente;Nublado;Simples;Reta;Sim;3;0;2;0;2;1;0;2;-8,06852935;-48,46724717;SPRF-TO;DEL02-TO;UOP02-DEL02-TO
764270;11/04/2026;sábado;00:45:00;RJ;116;131;MAGE;Demais falhas mecânicas ou elétricas;Incêndio;Sem Vítimas;Plena Noite;Crescente;Céu Claro;Dupla;Curva;Não;1;0;0;0;0;0;1;1;-22,65551978;-43,12256329;SPRF-RJ;DEL04/RJ;UOP02-DEL04-RJ
764272;11/04/2026;sábado;02:40:00;GO;20;127;FLORES DE GOIAS;Ingestão de álcool pelo condutor;Capotamento;Com Vítimas Feridas;Plena Noite;Crescente;Céu Claro;Simples;Curva;Não;1;0;0;1;1;0;0;1;-14,8516027;-46,77662;SPRF-DF;DEL02-DF;UOP03-DEL02-DF
764273;11/04/2026;sábado;03:55:00;PB;230;27;JOAO PESSOA;Ausência de reação do condutor;Colisão traseira;Com Vítimas Feridas;Amanhecer;Decrescente;Céu Claro;Dupla;Reta;Não;3;0;0;2;2;0;0;2;-7,16;-34,88;SPRF-PB;DEL01-PB;UOP01-DEL01-PB
764275;11/04/2026;sábado;03:00:00;BA;407;4;JUAZEIRO;Ausência de reação do condutor;Queda de ocupante de veículo;Com Vítimas Feridas;Plena Noite;Crescente;Céu Claro;Simples;Reta;Sim;1;0;1;0;1;0;0;1;-9,447387;-40,490692;SPRF-PE;DEL06/PE;UOP01-DEL06-PE
764278;11/04/2026;sábado;04:00:00;GO;153;524;HIDROLANDIA;Condutor Dormindo;Saída de leito carroçável;Com Vítimas Feridas;Plena Noite;Decrescente;Céu Claro;Dupla;Reta;Não;1;0;1;0;1;0;0;1;-16,94515601;-49,25205231;SPRF-GO;DEL01/GO;UOP03-DEL01-GO
764279;11/04/2026;sábado;04:45:00;RS;101;74;OSORIO;Condutor Dormindo;Saída de leito carroçável;Sem Vítimas;Plena Noite;Crescente;Céu Claro;Dupla;Reta;Não;1;0;0;0;0;1;0;1;-29,779765;-50,224477;SPRF-RS;DEL03/RS;UOP01-DEL03-RS
764280;11/04/2026;sábado;04:30:00;RS;158;348;SANTA MARIA;Animais na Pista;Atropelamento de Animal;Com Vítimas Feridas;Plena Noite;Decrescente;Céu Claro;Simples;"Declive;Reta";Não;1;0;0;1;1;0;0;1;-29,7652;-54,00357;SPRF-RS;DEL09/RS;UOP01-DEL09-RS
764284;11/04/2026;sábado;04:00:00;DF;80;22,6;BRASILIA;Pedestre andava na pista;Atropelamento de Pedestre;Com Vítimas Fatais;Amanhecer;Decrescente;Céu Claro;Simples;Reta;Sim;2;1;0;0;0;0;0;2;-15,64229;-48,201211;SPRF-DF;DEL03-DF;UOP02-DEL03-DF
764285;11/04/2026;sábado;05:35:00;GO;50;311;CUMARI;Velocidade Incompatível;Tombamento;Com Vítimas Feridas;Amanhecer;Decrescente;Céu Claro;Dupla;Curva;Não;1;0;1;0;1;0;0;1;-18,408132;-48,08201;SPRF-GO;DEL06/GO;UOP01-DEL06-GO
764286;11/04/2026;sábado;05:45:00;GO;50;271;CATALAO;Condutor Dormindo;Colisão com objeto;Sem Vítimas;Amanhecer;Decrescente;Céu Claro;Dupla;"Aclive;Reta";Não;2;0;0;0;0;0;1;1;-18,122052;-47,898713;SPRF-GO;DEL06/GO;UOP01-DEL06-GO
764288;11/04/2026;sábado;06:00:00;GO;414;440;ANAPOLIS;Ingestão de álcool pelo condutor;Colisão frontal;Com Vítimas Feridas;Pleno dia;Decrescente;Céu Claro;Simples;Reta;Sim;3;0;1;0;1;0;0;3;-16,2841026;-48,9435682;SPRF-GO;DEL02/GO;UOP01-DEL02-GO
764292;11/04/2026;sábado;05:40:00;RS;470;222,5;GARIBALDI;Reação tardia ou ineficiente do condutor;Colisão com objeto;Com Vítimas Feridas;Plena Noite;Crescente;Céu Claro;Dupla;Reta;Sim;1;0;1;0;1;0;0;1;-29,22145058;-51,51675789;SPRF-RS;DEL06/RS;UOP01-DEL06-RS
764293;11/04/2026;sábado;04:30:00;MG;381;402;NOVA UNIAO;Neblina;Colisão lateral mesmo sentido;Com Vítimas Feridas;Plena Noite;Crescente;Nevoeiro/Neblina;Dupla;"Reta;Declive";Não;6;0;3;0;3;2;0;3;-19,74731689;-43,54631001;SPRF-MG;DEL01/MG;UOP01-DEL01-MG
764294;11/04/2026;sábado;06:20:00;SP;153;65,7;SAO JOSE DO RIO PRETO;Demais falhas mecânicas ou elétricas;Saída de leito carroçável;Com Vítimas Feridas;Amanhecer;Crescente;Céu Claro;Dupla;Reta;Sim;3;0;2;0;2;1;0;1;-20,84115;-49,3701;SPRF-SP;DEL09/SP;UOP01-DEL09-SP
764295;11/04/2026;sábado;05:30:00;PR;277;695;SAO MIGUEL DO IGUACU;Ausência de reação do condutor;Saída de leito carroçável;Com Vítimas Feridas;Amanhecer;Decrescente;Céu Claro;Dupla;Reta;Não;1;0;1;0;1;0;0;1;-25,37551;-54,27526;SPRF-PR;DEL05/PR;UOP01-DEL05-PR
764296;11/04/2026;sábado;00:45:00;SC;282;570;NOVA ERECHIM;Ingestão de álcool pelo condutor;Saída de leito carroçável;Sem Vítimas;Pleno dia;Crescente;Céu Claro;Simples;Reta;Não;1;0;0;0;0;1;0;1;-26,903792;-52,911711;SPRF-SC;DEL07/SC;UOP02-DEL07-SC
764297;11/04/2026;sábado;06:25:00;RS;116;300;GUAIBA;Ingestão de álcool pelo condutor;Saída de leito carroçável;Com Vítimas Feridas;Amanhecer;Crescente;Céu Claro;Simples;Reta;Não;1;0;1;0;1;0;0;1;-30,1182628;-51,3455413;SPRF-RS;DEL02/RS;UOP01-DEL02-RS
764299;11/04/2026;sábado;06:23:00;PE;101;7;GOIANA;Ausência de reação do condutor;Colisão traseira;Com Vítimas Feridas;Pleno dia;Crescente;Céu Claro;Dupla;Reta;Não;2;0;1;0;1;1;0;2;-7,566547;-34,992857;SPRF-PE;DEL01/PE;UOP02-DEL01-PE
764300;11/04/2026;sábado;04:31:00;MT;163;760;SORRISO;Ausência de reação do condutor;Saída de leito carroçável;Sem Vítimas;Amanhecer;Crescente;Céu Claro;Simples;Reta;Não;1;0;0;0;0;1;0;1;-12,490577;-55,683329;SPRF-MT;DEL06/MT;UOP01-DEL06-MT
764301;11/04/2026;sábado;01:20:00;PA;163;982;SANTAREM;Condutor deixou de manter distância do veículo da frente;Colisão traseira;Com Vítimas Feridas;Pleno dia;Crescente;Céu Claro;Simples;Reta;Não;2;0;1;0;1;1;0;2;-2,62172715;-54,73457336;SPRF-PA;DEL05/PA;UOP01-DEL05-PA
764302;11/04/2026;sábado;06:35:00;RS;290;99;PORTO ALEGRE;Condutor deixou de manter distância do veículo da frente;Colisão traseira;Sem Vítimas;Pleno dia;Crescente;Céu Claro;Dupla;"Ponte;Reta";Não;3;0;0;0;0;1;0;2;-29,98794217;-51,23790471;SPRF-RS;DEL01/RS;UOP01-DEL01-RS
764303;11/04/2026;sábado;05:30:00;MG;262;433,7;NOVA SERRANA;Ausência de reação do condutor;Saída de leito carroçável;Sem Vítimas;Amanhecer;Decrescente;Céu Claro;Dupla;Reta;Sim;1;0;0;0;0;1;0;1;-19,87996;-44,936482;SPRF-MG;DEL08/MG;UOP03-DEL08-MG
764305;11/04/2026;sábado;07:00:00;RS;386;340,1;LAJEADO;Afundamento ou ondulação no pavimento;Tombamento;Com Vítimas Feridas;Pleno dia;Decrescente;Nevoeiro/Neblina;Dupla;Reta;Não;1;0;1;0;1;0;0;1;-29,41952581;-52,02316046;SPRF-RS;DEL04/RS;UOP01-DEL04-RS
764308;11/04/2026;sábado;05:15:00;MA;316;233,4;BOM JARDIM;Transitar na contramão;Colisão frontal;Com Vítimas Fatais;Amanhecer;Crescente;Nublado;Simples;Declive;Não;3;1;0;0;0;2;0;2;-3,5579318;-45,590589;SPRF-MA;DEL02-MA;UOP01-DEL02-MA
764309;11/04/2026;sábado;08:00:00;SP;116;560;BARRA DO TURVO;Reação tardia ou ineficiente do condutor;Queda de ocupante de veículo;Com Vítimas Feridas;Pleno dia;Crescente;Nublado;Dupla;"Declive;Curva";Não;2;0;2;0;2;0;0;1;-25,0174854;-48,5101736;SPRF-SP;DEL05/SP;UOP02-DEL05-SP
764311;11/04/2026;sábado;08:25:00;ES;101;77;SAO MATEUS;Demais falhas mecânicas ou elétricas;Colisão com objeto;Com Vítimas Feridas;Pleno dia;Crescente;Chuva;Simples;Aclive;Não;5;0;2;0;2;3;0;2;-18,804323;-39,89382;SPRF-ES;DEL04-ES;UOP02-DEL04-ES
764312;11/04/2026;sábado;06:50:00;PR;153;75,7;CONSELHEIRO MAIRINCK;Condutor Dormindo;Saída de leito carroçável;Com Vítimas Feridas;Amanhecer;Decrescente;Céu Claro;Simples;Curva;Não;2;0;1;1;2;0;0;1;-23,56633257;-50,14258325;SPRF-PR;DEL07/PR;UOP04-DEL07-PR
764313;11/04/2026;sábado;08:00:00;PI;343;343;TERESINA;Condutor deixou de manter distância do veículo da frente;Colisão traseira;Com Vítimas Feridas;Pleno dia;Crescente;Nublado;Simples;"Viaduto;Interseção de Vias";Sim;3;0;1;0;1;1;0;3;-5,090425;-42,760663;SPRF-PI;DEL01-PI;UOP01-DEL01-PI
764315;11/04/2026;sábado;08:10:00;MG;381;886,3;ESTIVA;Reação tardia ou ineficiente do condutor;Colisão traseira;Com Vítimas Feridas;Pleno dia;Decrescente;Céu Claro;Dupla;Curva;Não;3;0;2;0;2;1;0;2;-22,51112085;-46,01850897;SPRF-MG;DEL16/MG;UOP01-DEL16-MG
764316;11/04/2026;sábado;07:30:00;MG;116;702,9;MURIAE;Conversão proibida;Colisão transversal;Com Vítimas Feridas;Pleno dia;Decrescente;Céu Claro;Simples;Interseção de Vias;Sim;2;0;1;0;1;0;0;2;-21,12931509;-42,38502357;SPRF-MG;DEL07/MG;UOP02-DEL07-MG
764317;11/04/2026;sábado;09:15:00;RJ;116;70,3;TERESOPOLIS;Acessar a via sem observar a presença dos outros veículos;Colisão transversal;Com Vítimas Feridas;Pleno dia;Crescente;Nublado;Simples;Reta;Sim;2;0;1;0;1;1;0;2;-22,316318;-42,937967;SPRF-RJ;DEL04/RJ;UOP01-DEL04-RJ
764318;11/04/2026;sábado;09:10:00;RJ;101;305;SAO GONCALO;Mal súbito do condutor;Saída de leito carroçável;Com Vítimas Feridas;Pleno dia;Decrescente;Nublado;Dupla;Reta;Sim;1;0;1;0;1;0;0;1;-22,79113776;-43,01486492;SPRF-RJ;DEL02/RJ;UOP02-DEL02-RJ
764319;11/04/2026;sábado;09:20:00;MG;381;450;BELO HORIZONTE;Trafegar com motocicleta (ou similar) entre as faixas;Colisão transversal;Com Vítimas Feridas;Pleno dia;Decrescente;Céu Claro;Dupla;Reta;Sim;2;0;0;1;1;1;0;2;-19,84499404;-43,88650775;SPRF-MG;DEL01/MG;UOP01-DEL01-MG
764320;11/04/2026;sábado;08:50:00;SP;116;224;GUARULHOS;Manobra de mudança de faixa;Colisão traseira;Com Vítimas Feridas;Pleno dia;Decrescente;Céu Claro;Múltipla;Reta;Sim;2;0;1;0;1;1;0;2;-23,48067219;-46,53258129;SPRF-SP;DEL01/SP;UOP01-DEL01-SP
764321;11/04/2026;sábado;07:30:00;MA;230;405;BALSAS;Desrespeitar a preferência no cruzamento;Colisão transversal;Com Vítimas Feridas;Pleno dia;Decrescente;Céu Claro;Simples;"Interseção de Vias;Rotatória";Sim;2;0;1;0;1;1;0;2;-7,52095872;-46,05071783;SPRF-MA;DEL05-MA;UOP01-DEL05-MA
764322;11/04/2026;sábado;09:00:00;GO;452;2;RIO VERDE;Manobra de mudança de faixa;Colisão lateral mesmo sentido;Com Vítimas Feridas;Pleno dia;Crescente;Sol;Múltipla;Reta;Sim;2;0;0;1;1;1;0;2;-17,795745;-50,886042;SPRF-GO;DEL04/GO;UOP01-DEL04-GO
764325;11/04/2026;sábado;09:40:00;GO;50;99,9;CRISTALINA;Manobra de mudança de faixa;Colisão traseira;Com Vítimas Feridas;Pleno dia;Crescente;Céu Claro;Dupla;Reta;Não;4;0;1;0;1;3;0;2;-16,779412;-47,628195;SPRF-DF;DEL01-DF;UOP02-DEL01-DF
764326;11/04/2026;sábado;08:50:00;PR;277;70;SAO JOSE DOS PINHAIS;Ausência de reação do condutor;Saída de leito carroçável;Sem Vítimas;Pleno dia;Decrescente;Nublado;Simples;"Retorno Regulamentado;Aclive;Curva";Sim;2;0;0;0;0;2;0;1;-25,51312075;-49,12861202;SPRF-PR;DEL01/PR;UOP01-DEL01-PR
764327;11/04/2026;sábado;10:00:00;SP;116;124;CACAPAVA;Reação tardia ou ineficiente do condutor;Tombamento;Com Vítimas Feridas;Pleno dia;Decrescente;Céu Claro;Dupla;Reta;Não;1;0;1;0;1;0;0;1;-23,0970078;-45,68345401;SPRF-SP;DEL02/SP;UOP02-DEL02-SP