id;data_inversa;dia_semana;horario;uf;br;km;municipio;causa_acidente;tipo_acidente;classificacao_acidente;fase_dia;sentido_via;condicao_metereologica;tipo_pista;tracado_via;uso_solo;pessoas;mortos;feridos_leves;feridos_graves;feridos;ilesos;ignorados;veiculos;latitude;longitude;regional;delegacia;uop
764329;11/04/2026;sábado;08:10:00;RJ;101;57;CAMPOS DOS GOYTACAZES;Transitar no Acostamento;Colisão traseira;Com Vítimas Feridas;Pleno dia;Decrescente;Nublado;Simples;Reta;Sim;2;0;1;0;1;0;0;2;-21,70336935;-41,30996704;SPRF-RJ;DEL08/RJ;UOP01-DEL08-RJ
764332;11/04/2026;sábado;10:40:00;BA;116;16,9;VITORIA DA CONQUISTA;Condutor deixou de manter distância do veículo da frente;Colisão traseira;Com Vítimas Feridas;Pleno dia;Decrescente;Céu Claro;Dupla;Reta;Sim;2;0;1;0;1;1;0;2;-14,902387;-40,84256;SPRF-BA;DEL08/BA;UOP01-DEL08-BA
764334;11/04/2026;sábado;09:50:00;TO;242;372,6;GURUPI;Ausência de reação do condutor;Colisão lateral sentido oposto;Sem Vítimas;Pleno dia;Decrescente;Céu Claro;Simples;Reta;Não;2;0;0;0;0;2;0;2;-11,7579;-48,9959;SPRF-TO;DEL01-TO;UOP02-DEL01-TO
764335;11/04/2026;sábado;08:30:00;RJ;101;590,8;PARATY;Animais na Pista;Colisão traseira;Com Vítimas Feridas;Pleno dia;Crescente;Sol;Simples;Curva;Sim;3;0;2;0;2;1;0;2;-23,31521966;-44,7199302;SPRF-RJ;DEL03/RJ;UOP04-DEL03-RJ
764336;11/04/2026;sábado;09:20:00;MS;267;99,4;ANAURILANDIA;Velocidade Incompatível;Saída de leito carroçável;Com Vítimas Feridas;Pleno dia;Crescente;Céu Claro;Simples;"Aclive;Reta";Não;3;0;1;0;1;2;0;1;-21,849388;-53,041801;SPRF-MS;DEL02/MS;UOP04-DEL02-MS
764337;11/04/2026;sábado;08:25:00;PR;116;37,9;CAMPINA GRANDE DO SUL;Pista Escorregadia;Saída de leito carroçável;Com Vítimas Feridas;Pleno dia;Decrescente;Chuva;Dupla;"Curva;Aclive";Não;4;0;1;0;1;3;0;1;-25,1505668;-48,8591392;SPRF-PR;DEL01/PR;UOP02-DEL01-PR
764338;11/04/2026;sábado;09:30:00;GO;60;234,5;INDIARA;Demais falhas mecânicas ou elétricas;Incêndio;Sem Vítimas;Pleno dia;Decrescente;Sol;Dupla;"Aclive;Reta";Não;1;0;0;0;0;1;0;1;-17,082955;-49,837358;SPRF-GO;DEL01/GO;UOP02-DEL01-GO
764339;11/04/2026;sábado;09:50:00;SC;101;32,8;JOINVILLE;Avarias e/ou desgaste excessivo no pneu;Queda de ocupante de veículo;Com Vítimas Feridas;Pleno dia;Decrescente;Céu Claro;Simples;Curva;Sim;2;0;2;0;2;0;0;1;-26,24946273;-48,90893189;SPRF-SC;DEL03/SC;UOP01-DEL03-SC
764341;11/04/2026;sábado;09:00:00;RJ;101;477;ANGRA DOS REIS;Reação tardia ou ineficiente do condutor;Tombamento;Com Vítimas Feridas;Pleno dia;Crescente;Céu Claro;Simples;Curva;Sim;2;0;2;0;2;0;0;1;-22,98993069;-44,24187697;SPRF-RJ;DEL03/RJ;UOP03-DEL03-RJ
764342;11/04/2026;sábado;11:30:00;PR;373;270;PRUDENTOPOLIS;Ausência de reação do condutor;Saída de leito carroçável;Com Vítimas Feridas;Pleno dia;Crescente;Céu Claro;Simples;Reta;Não;2;0;1;1;2;0;0;1;-25,22896;-51,03233;SPRF-PR;DEL08/PR;UOP01-DEL08-PR
764343;11/04/2026;sábado;11:20:00;PE;101;51,8;PAULISTA;Entrada inopinada do pedestre;Atropelamento de Pedestre;Com Vítimas Feridas;Pleno dia;Crescente;Céu Claro;Múltipla;Reta;Sim;2;0;1;1;2;0;0;2;-7,92101;-34,893834;SPRF-PE;DEL01/PE;UOP02-DEL01-PE
764344;11/04/2026;sábado;11:40:00;RS;116;254;ESTEIO;Condutor deixou de manter distância do veículo da frente;Capotamento;Com Vítimas Feridas;Pleno dia;Crescente;Céu Claro;Dupla;Reta;Sim;1;0;1;0;1;0;0;1;-29,83282993;-51,17434604;SPRF-RS;DEL01/RS;UOP02-DEL01-RS
764346;11/04/2026;sábado;08:05:00;BA;324;574;SAO SEBASTIAO DO PASSE;Ausência de reação do condutor;Colisão traseira;Com Vítimas Feridas;Pleno dia;Decrescente;Céu Claro;Dupla;Reta;Não;5;0;3;2;5;0;0;2;-12,5756373;-38,54160905;SPRF-BA;DEL01/BA;UOP01-DEL01-BA
764348;11/04/2026;sábado;12:10:00;TO;153;140,5;ARAGUAINA;Acumulo de água sobre o pavimento;Saída de leito carroçável;Com Vítimas Feridas;Pleno dia;Crescente;Chuva;Dupla;"Curva;Retorno Regulamentado;Declive";Sim;1;0;0;1;1;0;0;1;-7,172939;-48,216996;SPRF-TO;DEL02-TO;UOP01-DEL02-TO
764349;11/04/2026;sábado;11:15:00;PR;153;40;SANTO ANTONIO DA PLATINA;Demais falhas mecânicas ou elétricas;Incêndio;Sem Vítimas;Pleno dia;Crescente;Céu Claro;Simples;Reta;Sim;1;0;0;0;0;1;0;1;-23,28769569;-50,05908298;SPRF-PR;DEL07/PR;UOP04-DEL07-PR
764352;11/04/2026;sábado;11:20:00;RJ;101;127;CONCEICAO DE MACABU;Demais falhas mecânicas ou elétricas;Incêndio;Sem Vítimas;Pleno dia;Decrescente;Nublado;Dupla;Reta;Não;2;0;0;0;0;2;0;1;-22,08850711;-41,68944792;SPRF-RJ;DEL08/RJ;UOP04-DEL08-RJ
764354;11/04/2026;sábado;12:10:00;PR;116;43;CAMPINA GRANDE DO SUL;Pista Escorregadia;Tombamento;Com Vítimas Feridas;Pleno dia;Crescente;Garoa/Chuvisco;Simples;"Curva;Aclive";Não;2;0;0;2;2;0;0;1;-25,185761;-48,8857;SPRF-PR;DEL01/PR;UOP02-DEL01-PR
764355;04/04/2026;sábado;00:03:00;PA;230;7;ALTAMIRA;Ausência de reação do condutor;Colisão traseira;Sem Vítimas;Plena Noite;Crescente;Nublado;Simples;Reta;Sim;2;0;0;0;0;1;0;2;-3,19116686;-52,21466839;SPRF-PA;DEL04/PA;UOP01-DEL04-PA
764357;11/04/2026;sábado;12:28:00;RO;364;711;PORTO VELHO;Reação tardia ou ineficiente do condutor;Colisão lateral mesmo sentido;Com Vítimas Feridas;Pleno dia;Crescente;Sol;Simples;Reta;Sim;2;0;2;0;2;0;0;2;-8,78111729;-63,86553017;SPRF-RO;DEL01-RO;UOP01-DEL01-RO
764358;11/04/2026;sábado;14:20:00;SC;101;204;SAO JOSE;Reação tardia ou ineficiente do condutor;Colisão traseira;Com Vítimas Feridas;Pleno dia;Decrescente;Nublado;Múltipla;Reta;Sim;3;0;2;0;2;1;0;2;-27,5737445;-48,61321298;SPRF-SC;DEL01/SC;UOP01-DEL01-SC
764363;11/04/2026;sábado;13:25:00;PR;153;332,5;IRATI;Ausência de reação do condutor;Saída de leito carroçável;Com Vítimas Feridas;Pleno dia;Crescente;Céu Claro;Simples;"Curva;Declive";Não;1;0;1;0;1;0;0;1;-25,47337227;-50,63827157;SPRF-PR;DEL08/PR;UOP02-DEL08-PR
764364;11/04/2026;sábado;14:14:00;PR;277;4,8;PARANAGUA;Retorno proibido;Colisão transversal;Com Vítimas Feridas;Pleno dia;Decrescente;Nublado;Simples;"Declive;Reta";Sim;2;0;1;0;1;1;0;2;-25,554246;-48,562732;SPRF-PR;DEL01/PR;UOP05-DEL01-PR
764365;11/04/2026;sábado;12:53:00;BA;101;808;ITAMARAJU;Acessar a via sem observar a presença dos outros veículos;Colisão transversal;Com Vítimas Feridas;Pleno dia;Crescente;Céu Claro;Simples;Reta;Sim;2;0;0;1;1;1;0;2;-17,008963;-39,5463732;SPRF-BA;DEL09/BA;UOP01-DEL09-BA
764367;11/04/2026;sábado;14:40:00;SC;470;60,9;BLUMENAU;Acessar a via sem observar a presença dos outros veículos;Colisão transversal;Com Vítimas Feridas;Pleno dia;Crescente;Céu Claro;Simples;"Interseção de Vias;Reta";Sim;2;0;1;0;1;1;0;2;-26,8810472;-49,1670899;SPRF-SC;DEL04/SC;UOP01-DEL04-SC
764368;11/04/2026;sábado;15:00:00;MG;40;520,5;CONTAGEM;Velocidade Incompatível;Tombamento;Com Vítimas Fatais;Pleno dia;Decrescente;Nublado;Dupla;Reta;Não;1;1;0;0;0;0;0;1;-19,852139;-44,072173;SPRF-MG;DEL01/MG;UOP02-DEL01-MG
764369;11/04/2026;sábado;10:50:00;RJ;40;40;PETROPOLIS;Reação tardia ou ineficiente do condutor;Saída de leito carroçável;Com Vítimas Feridas;Pleno dia;Decrescente;Céu Claro;Dupla;"Aclive;Curva";Não;2;0;1;0;1;1;0;1;-22,54898258;-43,22735495;SPRF-RJ;DEL05/RJ;UOP02-DEL05-RJ
764370;11/04/2026;sábado;07:00:00;PR;116;5,8;CAMPINA GRANDE DO SUL;Velocidade Incompatível;Saída de leito carroçável;Com Vítimas Feridas;Pleno dia;Decrescente;Garoa/Chuvisco;Dupla;Curva;Não;4;0;1;0;1;3;0;1;-25,087921;-48,604873;SPRF-PR;DEL01/PR;UOP02-DEL01-PR
764372;11/04/2026;sábado;14:30:00;MT;364;587;DIAMANTINO;Condutor deixou de manter distância do veículo da frente;Colisão traseira;Sem Vítimas;Pleno dia;Crescente;Chuva;Dupla;Reta;Não;7;0;0;0;0;7;0;2;-14,53382603;-56,23042703;SPRF-MT;DEL01/MT;UOP01-DEL01-MT
764373;11/04/2026;sábado;14:35:00;RS;158;566,8;SANTANA DO LIVRAMENTO;Mal súbito do condutor;Saída de leito carroçável;Com Vítimas Feridas;Pleno dia;Decrescente;Céu Claro;Simples;Aclive;Sim;1;0;1;0;1;0;0;1;-30,885496;-55,50772;SPRF-RS;DEL11/RS;UOP01-DEL11-RS
764374;11/04/2026;sábado;14:00:00;PR;277;74;SAO JOSE DOS PINHAIS;Reação tardia ou ineficiente do condutor;Colisão transversal;Com Vítimas Feridas;Pleno dia;Crescente;Céu Claro;Dupla;Reta;Sim;2;0;1;0;1;0;0;2;-25,49496409;-49,16501641;SPRF-PR;DEL01/PR;UOP08-DEL01-PR
764375;11/04/2026;sábado;15:15:00;RS;153;49;ERECHIM;Acessar a via sem observar a presença dos outros veículos;Colisão transversal;Com Vítimas Feridas;Pleno dia;Crescente;Céu Claro;Simples;"Curva;Interseção de Vias";Sim;4;0;2;0;2;2;0;2;-27,65449153;-52,26186232;SPRF-RS;DEL08/RS;UOP04-DEL08-RS
764376;11/04/2026;sábado;14:45:00;TO;153;146;ARAGUAINA;Ausência de reação do condutor;Saída de leito carroçável;Com Vítimas Feridas;Pleno dia;Crescente;Céu Claro;Dupla;"Aclive;Reta";Sim;1;0;1;0;1;0;0;1;-7,217435;-48,245975;SPRF-TO;DEL02-TO;UOP01-DEL02-TO
764378;11/04/2026;sábado;15:00:00;SP;153;256,7;MARILIA;Demais falhas mecânicas ou elétricas;Incêndio;Sem Vítimas;Pleno dia;Crescente;Céu Claro;Dupla;Reta;Sim;1;0;0;0;0;0;1;1;-22,24171581;-49,92002964;SPRF-SP;DEL07/SP;UOP02-DEL07-SP
764379;11/04/2026;sábado;15:45:00;RN;406;150,7;CEARA-MIRIM;Condutor deixou de manter distância do veículo da frente;Colisão traseira;Com Vítimas Feridas;Pleno dia;Decrescente;Céu Claro;Simples;Reta;Sim;3;0;2;0;2;1;0;2;-5,649742;-35,432883;SPRF-RN;DEL02-RN;UOP01-DEL02-RN
764380;11/04/2026;sábado;13:15:00;RJ;465;21;NOVA IGUACU;Acessar a via sem observar a presença dos outros veículos;Colisão frontal;Com Vítimas Feridas;Pleno dia;Crescente;Nublado;Simples;"Reta;Ponte";Sim;3;0;1;1;2;1;0;2;-22,858879;-43,601817;SPRF-RJ;DEL06/RJ;UOP02-DEL06-RJ
764382;11/04/2026;sábado;15:45:00;PB;104;146;QUEIMADAS;Reação tardia ou ineficiente do condutor;Colisão transversal;Com Vítimas Feridas;Pleno dia;Crescente;Céu Claro;Simples;Reta;Não;3;0;2;0;2;1;0;2;-7,420173;-35,895312;SPRF-PB;DEL02-PB;UOP03-DEL02-PB
764383;11/04/2026;sábado;11:00:00;RJ;116;323;ITATIAIA;Demais falhas mecânicas ou elétricas;Incêndio;Sem Vítimas;Pleno dia;Decrescente;Céu Claro;Simples;Rotatória;Sim;1;0;0;0;0;1;0;1;-22,48892651;-44,55084801;SPRF-RJ;DEL07/RJ;UOP02-DEL07-RJ
764385;11/04/2026;sábado;16:10:00;SP;116;301;SAO LOURENCO DA SERRA;Manobra de mudança de faixa;Colisão lateral mesmo sentido;Com Vítimas Feridas;Pleno dia;Crescente;Céu Claro;Dupla;"Reta;Declive";Não;4;0;1;0;1;3;0;3;-23,8086889;-46,9241778;SPRF-SP;DEL04/SP;UOP01-DEL04-SP
764387;11/04/2026;sábado;16:00:00;PR;153;42,7;SANTO ANTONIO DA PLATINA;Animais na Pista;Colisão traseira;Com Vítimas Feridas;Pleno dia;Crescente;Céu Claro;Dupla;"Reta;Interseção de Vias";Sim;2;0;0;1;1;1;0;2;-23,30428278;-50,07030694;SPRF-PR;DEL07/PR;UOP04-DEL07-PR
764389;11/04/2026;sábado;16:00:00;PR;376;205,7;MANDAGUARI;Demais falhas mecânicas ou elétricas;Saída de leito carroçável;Com Vítimas Feridas;Pleno dia;Decrescente;Nublado;Múltipla;"Aclive;Reta";Não;2;0;0;1;1;1;0;1;-23,53112603;-51,71802934;SPRF-PR;DEL09/PR;UOP01-DEL09-PR
764390;11/04/2026;sábado;13:33:00;MT;364;204;RONDONOPOLIS;Reação tardia ou ineficiente do condutor;Queda de ocupante de veículo;Com Vítimas Feridas;Pleno dia;Crescente;Céu Claro;Dupla;"Aclive;Reta";Não;1;0;0;1;1;0;0;1;-16,459557;-54,660707;SPRF-MT;DEL02/MT;UOP01-DEL02-MT
764391;11/04/2026;sábado;16:50:00;SC;282;339;CAMPOS NOVOS;Demais falhas mecânicas ou elétricas;Colisão lateral mesmo sentido;Sem Vítimas;Pleno dia;Crescente;Céu Claro;Simples;"Aclive;Reta";Não;4;0;0;0;0;4;0;2;-27,39331352;-51,19274471;SPRF-SC;DEL07/SC;UOP06-DEL07-SC
764393;11/04/2026;sábado;15:28:00;MG;381;887,1;CAMBUI;Velocidade Incompatível;Colisão com objeto;Sem Vítimas;Pleno dia;Decrescente;Céu Claro;Dupla;Curva;Não;1;0;0;0;0;0;1;1;-22,52150652;-46,02234006;SPRF-MG;DEL16/MG;UOP01-DEL16-MG
764395;11/04/2026;sábado;17:17:00;MG;116;277,5;TEOFILO OTONI;Ausência de reação do condutor;Colisão lateral mesmo sentido;Com Vítimas Feridas;Anoitecer;Crescente;Chuva;Múltipla;Reta;Sim;2;0;1;0;1;1;0;2;-17,864625;-41,516025;SPRF-MG;DEL11/MG;UOP01-DEL11-MG
764396;11/04/2026;sábado;17:00:00;PR;116;122;CURITIBA;Reação tardia ou ineficiente do condutor;Colisão traseira;Com Vítimas Feridas;Pleno dia;Crescente;Céu Claro;Dupla;Reta;Sim;3;0;1;0;1;1;0;2;-25,60570904;-49,31849448;SPRF-PR;DEL01/PR;UOP03-DEL01-PR
764397;11/04/2026;sábado;17:00:00;PR;369;198;APUCARANA;Velocidade Incompatível;Capotamento;Com Vítimas Feridas;Pleno dia;Crescente;Céu Claro;Dupla;"Declive;Curva";Não;2;0;1;1;2;0;0;1;-23,51906793;-51,42958845;SPRF-PR;DEL07/PR;UOP03-DEL07-PR
764398;11/04/2026;sábado;13:15:00;PR;153;395;MALLET;Ausência de reação do condutor;Tombamento;Com Vítimas Feridas;Pleno dia;Crescente;Nublado;Simples;Reta;Não;1;0;1;0;1;0;0;1;-25,924295;-50,852881;SPRF-PR;DEL08/PR;UOP02-DEL08-PR
764402;11/04/2026;sábado;17:00:00;ES;101;59,9;SAO MATEUS;Condutor deixou de manter distância do veículo da frente;Colisão traseira;Com Vítimas Feridas;Anoitecer;Crescente;Nublado;Simples;Reta;Não;3;0;1;0;1;2;0;2;-18,672046;-39,86659812;SPRF-ES;DEL04-ES;UOP02-DEL04-ES
764403;11/04/2026;sábado;17:20:00;MA;230;404,7;BALSAS;Condutor desrespeitou a iluminação vermelha do semáforo;Colisão transversal;Com Vítimas Feridas;Pleno dia;Decrescente;Céu Claro;Dupla;"Retorno Regulamentado;Reta;Interseção de Vias;Rotatória";Sim;2;0;1;1;2;0;0;2;-7,52203;-46,048223;SPRF-MA;DEL05-MA;UOP01-DEL05-MA
764404;11/04/2026;sábado;17:20:00;GO;60;46;APARECIDA DE GOIANIA;Ausência de reação do condutor;Colisão traseira;Sem Vítimas;Pleno dia;Decrescente;Sol;Dupla;Reta;Não;2;0;0;0;0;2;0;2;-16,82618273;-49,24115717;SPRF-GO;DEL01/GO;UOP03-DEL01-GO
764405;11/04/2026;sábado;17:45:00;SC;101;186;BIGUACU;Ausência de reação do condutor;Saída de leito carroçável;Com Vítimas Feridas;Anoitecer;Crescente;Garoa/Chuvisco;Dupla;Curva;Não;1;0;1;0;1;0;0;1;-27,43487954;-48,62603545;SPRF-SC;DEL01/SC;UOP01-DEL01-SC
764406;11/04/2026;sábado;18:06:00;PE;101;72;RECIFE;Pedestre cruzava a pista fora da faixa;Atropelamento de Pedestre;Com Vítimas Feridas;Plena Noite;Crescente;Céu Claro;Dupla;Curva;Sim;2;0;0;1;1;1;0;2;-8,08721;-34,94673;SPRF-PE;DEL01/PE;UOP01-DEL01-PE
764407;11/04/2026;sábado;17:20:00;SC;470;291,4;CAMPOS NOVOS;Acessar a via sem observar a presença dos outros veículos;Colisão transversal;Com Vítimas Feridas;Pleno dia;Decrescente;Céu Claro;Simples;"Aclive;Reta;Interseção de Vias";Não;4;0;0;2;2;2;0;2;-27,33548957;-50,95995426;SPRF-SC;DEL07/SC;UOP06-DEL07-SC
764408;11/04/2026;sábado;15:30:00;MT;70;529;VARZEA GRANDE;Ultrapassagem Indevida;Colisão traseira;Sem Vítimas;Pleno dia;Decrescente;Céu Claro;Simples;Reta;Não;5;0;0;0;0;5;0;2;-15,66682;-56,23596;SPRF-MT;DEL01/MT;UOP02-DEL01-MT
764410;11/04/2026;sábado;15:35:00;MT;163;774;SORRISO;Reação tardia ou ineficiente do condutor;Saída de leito carroçável;Com Vítimas Feridas;Pleno dia;Crescente;Sol;Dupla;Curva;Não;1;0;1;0;1;0;0;1;-12,3966;-55,6203;SPRF-MT;DEL06/MT;UOP02-DEL06-MT
764413;11/04/2026;sábado;17:00:00;SC;101;349,3;JAGUARUNA;Ausência de reação do condutor;Saída de leito carroçável;Com Vítimas Feridas;Pleno dia;Decrescente;Céu Claro;Dupla;"Reta;Declive";Não;2;0;1;0;1;1;0;1;-28,59332922;-49,04519733;SPRF-SC;DEL02/SC;UOP01-DEL02-SC
764414;11/04/2026;sábado;14:50:00;SC;101;100;BALNEARIO PICARRAS;Demais falhas mecânicas ou elétricas;Tombamento;Com Vítimas Feridas;Pleno dia;Decrescente;Nublado;Dupla;Reta;Sim;2;0;2;0;2;0;0;1;-26,7575471;-48,6894385;SPRF-SC;DEL03/SC;UOP02-DEL03-SC
764415;11/04/2026;sábado;18:40:00;RN;226;128;LAJES PINTADAS;Animais na Pista;Atropelamento de Animal;Com Vítimas Feridas;Plena Noite;Decrescente;Nublado;Simples;"Reta;Declive";Não;2;0;2;0;2;0;0;1;-6,188263;-36,138024;SPRF-RN;DEL03-RN;UOP02-DEL03-RN
764416;11/04/2026;sábado;16:40:00;SC;101;71;ARAQUARI;Demais falhas mecânicas ou elétricas;Tombamento;Com Vítimas Feridas;Pleno dia;Crescente;Nublado;Dupla;Reta;Não;2;0;2;0;2;0;0;1;-26,51920731;-48,71845365;SPRF-SC;DEL03/SC;UOP02-DEL03-SC
764417;11/04/2026;sábado;18:50:00;MG;40;668;CARANDAI;Ausência de reação do condutor;Tombamento;Com Vítimas Feridas;Plena Noite;Crescente;Nublado;Simples;Reta;Não;1;0;0;1;1;0;0;1;-20,95772259;-43,7911284;SPRF-MG;DEL05/MG;UOP02-DEL05-MG
764418;11/04/2026;sábado;18:00:00;RJ;393;157;TRES RIOS;Chuva;Capotamento;Com Vítimas Feridas;Anoitecer;Decrescente;Chuva;Simples;"Declive;Curva";Não;1;0;1;0;1;0;0;1;-22,10032062;-43,0939173;SPRF-RJ;DEL05/RJ;UOP01-DEL05-RJ
764419;11/04/2026;sábado;18:50:00;MG;459;57,4;SANTA RITA DE CALDAS;Velocidade Incompatível;Saída de leito carroçável;Com Vítimas Feridas;Plena Noite;Decrescente;Céu Claro;Simples;Reta;Não;2;0;0;2;2;0;0;1;-22,080529;-46,240491;SPRF-MG;DEL09/MG;UOP01-DEL09-MG
764421;11/04/2026;sábado;17:50:00;GO;452;8;RIO VERDE;Ingestão de álcool pelo condutor;Tombamento;Com Vítimas Feridas;Anoitecer;Crescente;Céu Claro;Simples;Curva;Não;1;0;1;0;1;0;0;1;-17,82786;-50,83045;SPRF-GO;DEL04/GO;UOP01-DEL04-GO
764422;11/04/2026;sábado;19:00:00;PB;230;86;GURINHEM;Acessar a via sem observar a presença dos outros veículos;Queda de ocupante de veículo;Com Vítimas Feridas;Plena Noite;Crescente;Céu Claro;Dupla;Reta;Não;2;0;1;0;1;1;0;2;-7,169312;-35,37694;SPRF-PB;DEL01-PB;UOP02-DEL01-PB
764423;11/04/2026;sábado;19:20:00;ES;101;66;SAO MATEUS;Ausência de reação do condutor;Colisão traseira;Com Vítimas Feridas;Plena Noite;Crescente;Chuva;Simples;"Aclive;Reta";Não;3;0;1;0;1;1;0;3;-18,71450876;-39,87731187;SPRF-ES;DEL04-ES;UOP02-DEL04-ES
764425;11/04/2026;sábado;19:20:00;ES;101;213;IBIRACU;Conversão proibida;Colisão transversal;Com Vítimas Feridas;Plena Noite;Crescente;Chuva;Simples;Reta;Sim;2;0;1;0;1;1;0;2;-19,82332;-40,36989;SPRF-ES;DEL02-ES;UOP01-DEL02-ES
764426;11/04/2026;sábado;19:30:00;ES;101;407,9;ITAPEMIRIM;Ausência de reação do condutor;Colisão traseira;Com Vítimas Feridas;Plena Noite;Decrescente;Nublado;Simples;Curva;Não;2;0;0;1;1;1;0;2;-20,89;-41,038;SPRF-ES;DEL03-ES;UOP02-DEL03-ES
764427;11/04/2026;sábado;15:10:00;MG;262;774,5;UBERABA;Reação tardia ou ineficiente do condutor;Colisão com objeto;Com Vítimas Fatais;Pleno dia;Decrescente;Céu Claro;Simples;"Reta;Ponte";Não;1;1;0;0;0;0;0;1;-19,76147339;-47,79949665;SPRF-MG;DEL13/MG;UOP01-DEL13-MG
764428;11/04/2026;sábado;19:15:00;RS;116;244;SAO LEOPOLDO;Manobra de mudança de faixa;Colisão traseira;Com Vítimas Feridas;Plena Noite;Crescente;Céu Claro;Dupla;Reta;Sim;6;0;3;0;3;1;0;4;-29,74200609;-51,15093754;SPRF-RS;DEL01/RS;UOP02-DEL01-RS
764429;11/04/2026;sábado;19:25:00;SC;101;210;SAO JOSE;Ausência de reação do condutor;Colisão traseira;Com Vítimas Feridas;Plena Noite;Decrescente;Nublado;Múltipla;Reta;Sim;3;0;1;0;1;2;0;2;-27,61825276;-48,64694444;SPRF-SC;DEL01/SC;UOP01-DEL01-SC
764431;11/04/2026;sábado;19:26:00;TO;230;111;ARAGUATINS;Objeto estático sobre o leito carroçável;Colisão com objeto;Com Vítimas Feridas;Plena Noite;Crescente;Céu Claro;Simples;Aclive;Não;5;0;2;0;2;3;0;2;-5,882789;-47,946498;SPRF-TO;DEL02-TO;UOP03-DEL02-TO
764433;11/04/2026;sábado;13:44:00;PI;343;4;TERESINA;Reação tardia ou ineficiente do condutor;Colisão lateral mesmo sentido;Com Vítimas Feridas;Pleno dia;Crescente;Céu Claro;Dupla;"Reta;Interseção de Vias";Sim;1;0;1;0;1;0;0;1;-5,08028006;-42,78976232;SPRF-PI;DEL01-PI;UOP01-DEL01-PI
764434;11/04/2026;sábado;19:48:00;PB;230;24,7;JOAO PESSOA;Acessar a via sem observar a presença dos outros veículos;Colisão lateral mesmo sentido;Com Vítimas Feridas;Plena Noite;Decrescente;Nublado;Dupla;"Em Obras;Viaduto;Reta;Interseção de Vias";Sim;3;0;0;2;2;1;0;2;-7,170902;-34,868662;SPRF-PB;DEL01-PB;UOP01-DEL01-PB
764435;11/04/2026;sábado;19:20:00;SP;153;188;LINS;Ingestão de álcool pelo condutor;Tombamento;Com Vítimas Feridas;Plena Noite;Decrescente;Céu Claro;Simples;Reta;Não;1;0;0;1;1;0;0;1;-21,73994049;-49,85112488;SPRF-SP;DEL07/SP;UOP01-DEL07-SP
764436;11/04/2026;sábado;18:10:00;PR;376;327;ORTIGUEIRA;Ingestão de álcool pelo condutor;Colisão com objeto;Com Vítimas Feridas;Anoitecer;Crescente;Céu Claro;Dupla;Reta;Não;1;0;1;0;1;0;0;1;-24,091624;-51,047703;SPRF-PR;DEL07/PR;UOP02-DEL07-PR
764440;11/04/2026;sábado;19:00:00;MG;381;796;SAO GONCALO DO SAPUCAI;Reação tardia ou ineficiente do condutor;Saída de leito carroçável;Com Vítimas Feridas;Pleno dia;Decrescente;Céu Claro;Dupla;Reta;Não;4;0;2;2;4;0;0;1;-21,91481603;-45,57990325;SPRF-MG;DEL16/MG;UOP02-DEL16-MG
764441;11/04/2026;sábado;18:30:00;PI;343;132,1;PIRACURUCA;Transitar na contramão;Colisão frontal;Com Vítimas Fatais;Anoitecer;Crescente;Céu Claro;Simples;Reta;Não;3;1;1;0;1;1;0;2;-3,86800116;-41,70292139;SPRF-PI;DEL02-PI;UOP01-DEL02-PI
764442;11/04/2026;sábado;17:45:00;SC;282;676,5;PARAISO;Reação tardia ou ineficiente do condutor;Saída de leito carroçável;Com Vítimas Feridas;Pleno dia;Decrescente;Nublado;Simples;Curva;Não;1;0;0;1;1;0;0;1;-26,61366118;-53,69702518;SPRF-SC;DEL07/SC;UOP03-DEL07-SC
764443;11/04/2026;sábado;19:08:00;RJ;101;267;RIO BONITO;Ausência de reação do condutor;Queda de ocupante de veículo;Com Vítimas Feridas;Plena Noite;Decrescente;Céu Claro;Dupla;Reta;Não;1;0;0;1;1;0;0;1;-22,70889766;-42,663517;SPRF-RJ;DEL02/RJ;UOP03-DEL02-RJ
764446;11/04/2026;sábado;20:20:00;BA;116;811;VITORIA DA CONQUISTA;Acessar a via sem observar a presença dos outros veículos;Colisão transversal;Com Vítimas Feridas;Plena Noite;Crescente;Nublado;Simples;Reta;Não;3;0;1;0;1;2;0;2;-14,793757;-40,76142;SPRF-BA;DEL08/BA;UOP01-DEL08-BA
764447;11/04/2026;sábado;17:40:00;PR;376;213;MANDAGUARI;Ausência de reação do condutor;Saída de leito carroçável;Com Vítimas Feridas;Pleno dia;Crescente;Céu Claro;Dupla;"Aclive;Reta";Não;1;0;1;0;1;0;0;1;-23,535651;-51,709933;SPRF-PR;DEL09/PR;UOP01-DEL09-PR
764449;11/04/2026;sábado;21:05:00;CE;116;32;HORIZONTE;Acessar a via sem observar a presença dos outros veículos;Colisão transversal;Com Vítimas Feridas;Plena Noite;Decrescente;Céu Claro;Dupla;Reta;Não;3;0;2;1;3;0;0;2;-4,11553038;-38,48915119;SPRF-CE;DEL01/CE;UOP02-DEL01-CE
764450;11/04/2026;sábado;17:00:00;RJ;40;38;AREAL;Pista Escorregadia;Saída de leito carroçável;Com Vítimas Feridas;Pleno dia;Decrescente;Chuva;Dupla;Curva;Não;3;0;3;0;3;0;0;1;-22,2294411;-43,11923504;SPRF-RJ;DEL05/RJ;UOP02-DEL05-RJ