id;data_inversa;dia_semana;horario;uf;br;km;municipio;causa_acidente;tipo_acidente;classificacao_acidente;fase_dia;sentido_via;condicao_metereologica;tipo_pista;tracado_via;uso_solo;pessoas;mortos;feridos_leves;feridos_graves;feridos;ilesos;ignorados;veiculos;latitude;longitude;regional;delegacia;uop
764559;12/04/2026;domingo;08:38:00;AP;210;0;MACAPA;Acessar a via sem observar a presença dos outros veículos;Colisão transversal;Com Vítimas Feridas;Pleno dia;Decrescente;Garoa/Chuvisco;Dupla;Interseção de Vias;Sim;2;0;1;0;1;1;0;2;0,0778;-51,0692;SPRF-AP;DEL01-AP;UOP01-DEL01-AP
764561;12/04/2026;domingo;07:50:00;SP;116;228,8;SAO PAULO;Ausência de reação do condutor;Colisão traseira;Com Vítimas Feridas;Pleno dia;Decrescente;Céu Claro;Múltipla;"Aclive;Reta";Não;2;0;1;0;1;1;0;2;-23,50557;-46,56889;SPRF-SP;DEL01/SP;UOP01-DEL01-SP
764562;12/04/2026;domingo;08:45:00;SC;101;138;BALNEARIO CAMBORIU;Ingestão de álcool pelo condutor;Colisão lateral mesmo sentido;Com Vítimas Feridas;Pleno dia;Crescente;Nublado;Múltipla;"Curva;Aclive";Não;3;0;1;1;2;1;0;2;-27,02835936;-48,60504122;SPRF-SC;DEL04/SC;UOP03-DEL04-SC
764571;12/04/2026;domingo;07:10:00;MG;356;270,2;MURIAE;Acessar a via sem observar a presença dos outros veículos;Colisão transversal;Com Vítimas Feridas;Pleno dia;Crescente;Céu Claro;Simples;Interseção de Vias;Não;2;0;2;0;2;0;0;2;-21,126;-42,329;SPRF-MG;DEL07/MG;UOP02-DEL07-MG
764573;12/04/2026;domingo;08:55:00;PR;369;58,2;BANDEIRANTES;Reação tardia ou ineficiente do condutor;Colisão traseira;Com Vítimas Feridas;Pleno dia;Decrescente;Céu Claro;Simples;Reta;Sim;2;0;0;1;1;0;0;2;-23,12760022;-50,38386304;SPRF-PR;DEL07/PR;UOP05-DEL07-PR
764574;12/04/2026;domingo;09:50:00;RJ;101;472;ANGRA DOS REIS;Ausência de reação do condutor;Queda de ocupante de veículo;Com Vítimas Feridas;Pleno dia;Decrescente;Céu Claro;Simples;"Curva;Aclive";Sim;1;0;1;0;1;0;0;1;-22,98810605;-44,23336029;SPRF-RJ;DEL03/RJ;UOP03-DEL03-RJ
764578;12/04/2026;domingo;10:25:00;PR;376;311,5;ORTIGUEIRA;Reação tardia ou ineficiente do condutor;Tombamento;Com Vítimas Feridas;Pleno dia;Decrescente;Céu Claro;Dupla;Curva;Não;1;0;0;1;1;0;0;1;-23,98487659;-51,08306631;SPRF-PR;DEL07/PR;UOP02-DEL07-PR
764579;12/04/2026;domingo;08:40:00;RO;319;143;PORTO VELHO;Acessar a via sem observar a presença dos outros veículos;Colisão lateral mesmo sentido;Com Vítimas Feridas;Pleno dia;Decrescente;Céu Claro;Dupla;Interseção de Vias;Sim;2;0;1;0;1;1;0;2;-8,74922185;-63,88787834;SPRF-RO;DEL01-RO;UOP01-DEL01-RO
764581;12/04/2026;domingo;04:45:00;RJ;101;51;CAMPOS DOS GOYTACAZES;Demais falhas mecânicas ou elétricas;Tombamento;Com Vítimas Feridas;Amanhecer;Decrescente;Nublado;Simples;"Reta;Declive";Não;2;0;2;0;2;0;0;1;-21,64273198;-41,31170082;SPRF-RJ;DEL08/RJ;UOP01-DEL08-RJ
764582;12/04/2026;domingo;10:35:00;MG;153;241;FRUTAL;Condutor deixou de manter distância do veículo da frente;Colisão traseira;Com Vítimas Feridas;Pleno dia;Crescente;Céu Claro;Simples;Reta;Não;2;0;2;0;2;0;0;2;-19,92042827;-48,96081946;SPRF-MG;DEL13/MG;UOP02-DEL13-MG
764583;12/04/2026;domingo;09:15:00;PI;230;306,8;FLORIANO;Ultrapassagem Indevida;Colisão lateral mesmo sentido;Com Vítimas Feridas;Pleno dia;Decrescente;Céu Claro;Simples;"Reta;Retorno Regulamentado;Rotatória";Sim;3;0;1;0;1;2;0;2;-6,787785;-42,992247;SPRF-PI;DEL03-PI;UOP01-DEL03-PI
764584;12/04/2026;domingo;09:25:00;BA;116;754;POCOES;Transitar no Acostamento;Atropelamento de Pedestre;Com Vítimas Feridas;Pleno dia;Decrescente;Céu Claro;Simples;Reta;Não;2;0;1;1;2;0;0;2;-14,49777391;-40,35102367;SPRF-BA;DEL08/BA;UOP02-DEL08-BA
764586;12/04/2026;domingo;09:00:00;RJ;116;242;PIRAI;Acumulo de areia ou detritos sobre o pavimento;Queda de ocupante de veículo;Com Vítimas Feridas;Pleno dia;Crescente;Céu Claro;Dupla;Curva;Não;2;0;2;0;2;0;0;1;-22,636;-43,902;SPRF-RJ;DEL07/RJ;UOP01-DEL07-RJ
764587;12/04/2026;domingo;11:30:00;ES;101;332,3;GUARAPARI;Chuva;Tombamento;Com Vítimas Feridas;Pleno dia;Crescente;Chuva;Dupla;Curva;Não;2;0;2;0;2;0;0;1;-20,65845839;-40,6147972;SPRF-ES;DEL03-ES;UOP01-DEL03-ES
764588;12/04/2026;domingo;10:00:00;MS;158;201;SELVIRIA;Ausência de reação do condutor;Colisão com objeto;Com Vítimas Feridas;Pleno dia;Crescente;Céu Claro;Dupla;Reta;Sim;1;0;0;1;1;0;0;1;-20,37403152;-51,44228443;SPRF-MS;DEL07/MS;UOP01-DEL07-MS
764589;12/04/2026;domingo;11:35:00;RJ;116;129;MAGE;Demais falhas mecânicas ou elétricas;Tombamento;Com Vítimas Feridas;Pleno dia;Decrescente;Céu Claro;Dupla;Reta;Não;2;0;2;0;2;0;0;1;-22,665722;-43,10067;SPRF-RJ;DEL04/RJ;UOP02-DEL04-RJ
764590;12/04/2026;domingo;11:30:00;SC;101;136;PORTO BELO;Avarias e/ou desgaste excessivo no pneu;Queda de ocupante de veículo;Com Vítimas Feridas;Pleno dia;Crescente;Nublado;Dupla;Reta;Sim;2;0;1;0;1;1;0;1;-27,17046;-48,61167;SPRF-SC;DEL04/SC;UOP03-DEL04-SC
764592;12/04/2026;domingo;12:10:00;TO;153;660;GURUPI;Reação tardia ou ineficiente do condutor;Saída de leito carroçável;Com Vítimas Feridas;Pleno dia;Crescente;Céu Claro;Simples;Reta;Não;1;0;0;1;1;0;0;1;-11,6216;-49,0474;SPRF-TO;DEL01-TO;UOP02-DEL01-TO
764594;12/04/2026;domingo;11:24:00;DF;20;29,5;BRASILIA;Condutor Dormindo;Saída de leito carroçável;Com Vítimas Feridas;Pleno dia;Crescente;Céu Claro;Dupla;Reta;Não;1;0;0;1;1;0;0;1;-15,59769084;-47,61119396;SPRF-DF;DEL02-DF;UOP01-DEL02-DF
764595;12/04/2026;domingo;12:00:00;PR;277;32;MORRETES;Reação tardia ou ineficiente do condutor;Queda de ocupante de veículo;Com Vítimas Feridas;Pleno dia;Decrescente;Céu Claro;Dupla;"Declive;Curva;Retorno Regulamentado";Não;1;0;1;0;1;0;0;1;-25,56400716;-48,81351113;SPRF-PR;DEL01/PR;UOP05-DEL01-PR
764596;12/04/2026;domingo;08:40:00;PB;427;36;POMBAL;Acessar a via sem observar a presença dos outros veículos;Colisão transversal;Com Vítimas Feridas;Pleno dia;Crescente;Céu Claro;Simples;Reta;Sim;2;0;2;0;2;0;0;2;-6,76194;-37,782372;SPRF-PB;DEL03-PB;UOP02-DEL03-PB
764597;12/04/2026;domingo;09:00:00;SC;282;410;CATANDUVAS;Ausência de reação do condutor;Saída de leito carroçável;Com Vítimas Feridas;Pleno dia;Crescente;Chuva;Simples;Curva;Não;4;0;1;3;4;0;0;1;-27,061111;-51,675945;SPRF-SC;DEL07/SC;UOP05-DEL07-SC
764598;12/04/2026;domingo;12:20:00;PR;277;5;PARANAGUA;Acessar a via sem observar a presença dos outros veículos;Colisão transversal;Com Vítimas Feridas;Pleno dia;Crescente;Céu Claro;Dupla;"Retorno Regulamentado;Rotatória;Interseção de Vias;Reta";Sim;3;0;1;0;1;2;0;2;-25,514704;-48,522339;SPRF-PR;DEL01/PR;UOP05-DEL01-PR
764599;12/04/2026;domingo;10:50:00;MG;116;558,8;MANHUACU;Ausência de reação do condutor;Saída de leito carroçável;Com Vítimas Feridas;Pleno dia;Decrescente;Céu Claro;Simples;Curva;Não;1;0;0;1;1;0;0;1;-20,030675;-42,173125;SPRF-MG;DEL06/MG;UOP03-DEL06-MG
764601;12/04/2026;domingo;13:15:00;SC;470;167,2;POUSO REDONDO;Reação tardia ou ineficiente do condutor;Saída de leito carroçável;Com Vítimas Feridas;Pleno dia;Decrescente;Chuva;Simples;Reta;Sim;3;0;2;0;2;1;0;1;-27,26816666;-49,8669618;SPRF-SC;DEL04/SC;UOP02-DEL04-SC
764602;12/04/2026;domingo;13:00:00;DF;60;0;BRASILIA;Demais falhas mecânicas ou elétricas;Tombamento;Com Vítimas Feridas;Pleno dia;Decrescente;Céu Claro;Dupla;Reta;Sim;2;0;1;0;1;1;0;1;-15,884882;-48,067782;SPRF-DF;DEL03-DF;UOP01-DEL03-DF
764603;12/04/2026;domingo;13:00:00;PB;230;19,8;JOAO PESSOA;Manobra de mudança de faixa;Colisão lateral mesmo sentido;Com Vítimas Fatais;Pleno dia;Decrescente;Nublado;Dupla;"Declive;Curva";Sim;3;1;0;0;0;2;0;2;-7,13476873;-34,84791756;SPRF-PB;DEL01-PB;UOP01-DEL01-PB
764604;12/04/2026;domingo;01:28:00;RJ;393;204;VASSOURAS;Ingestão de álcool pelo condutor;Tombamento;Com Vítimas Feridas;Plena Noite;Decrescente;Nublado;Simples;"Reta;Interseção de Vias";Não;1;0;1;0;1;0;0;1;-22,2523454;-43,4346997;SPRF-RJ;DEL05/RJ;UOP03-DEL05-RJ
764606;12/04/2026;domingo;11:20:00;AC;364;123;RIO BRANCO;Manobra de mudança de faixa;Colisão lateral mesmo sentido;Com Vítimas Feridas;Pleno dia;Decrescente;Céu Claro;Dupla;Reta;Sim;3;0;2;0;2;1;0;2;-10,01181738;-67,78718797;SPRF-AC;DEL01-AC;UOP01-DEL01-AC
764609;12/04/2026;domingo;13:30:00;PR;277;686;SAO MIGUEL DO IGUACU;Ausência de reação do condutor;Capotamento;Sem Vítimas;Pleno dia;Decrescente;Chuva;Dupla;"Curva;Aclive";Não;4;0;0;0;0;4;0;1;-25,33745278;-54,20356545;SPRF-PR;DEL05/PR;UOP01-DEL05-PR
764610;12/04/2026;domingo;13:35:00;SC;470;293,6;CAMPOS NOVOS;Transitar na contramão;Colisão lateral sentido oposto;Com Vítimas Feridas;Pleno dia;Decrescente;Chuva;Simples;Curva;Não;4;0;1;0;1;3;0;2;-27,3438;-50,99767;SPRF-SC;DEL07/SC;UOP06-DEL07-SC
764612;12/04/2026;domingo;14:20:00;PR;373;181,2;PONTA GROSSA;Participar de racha;Atropelamento de Pedestre;Com Vítimas Fatais;Pleno dia;Crescente;Sol;Simples;"Curva;Aclive";Não;3;1;2;0;2;0;0;2;-25,04318194;-50,26005713;SPRF-PR;DEL03/PR;UOP01-DEL03-PR
764614;12/04/2026;domingo;14:05:00;SC;282;471,4;VARGEAO;Reação tardia ou ineficiente do condutor;Saída de leito carroçável;Com Vítimas Feridas;Pleno dia;Crescente;Chuva;Simples;"Declive;Curva";Não;3;0;3;0;3;0;0;1;-26,865367;-52,13394;SPRF-SC;DEL07/SC;UOP01-DEL07-SC
764616;12/04/2026;domingo;14:30:00;DF;60;6;BRASILIA;Avarias e/ou desgaste excessivo no pneu;Saída de leito carroçável;Com Vítimas Feridas;Pleno dia;Crescente;Céu Claro;Dupla;Reta;Sim;1;0;1;0;1;0;0;1;-15,896604;-48,108621;SPRF-DF;DEL03-DF;UOP01-DEL03-DF
764617;12/04/2026;domingo;14:35:00;PB;230;115,4;INGA;Demais falhas mecânicas ou elétricas;Colisão com objeto;Com Vítimas Feridas;Pleno dia;Crescente;Chuva;Dupla;Curva;Não;2;0;1;0;1;1;0;1;-7,238093;-35,606028;SPRF-PB;DEL01-PB;UOP02-DEL01-PB
764618;12/04/2026;domingo;12:50:00;RO;319;139;PORTO VELHO;Acessar a via sem observar a presença dos outros veículos;Colisão traseira;Com Vítimas Feridas;Pleno dia;Crescente;Ignorado;Dupla;Reta;Sim;2;0;1;0;1;1;0;2;-8,80046052;-63,76176945;SPRF-RO;DEL01-RO;UOP01-DEL01-RO
764620;12/04/2026;domingo;15:14:00;CE;116;51;PACAJUS;Chuva;Eventos atípicos;Com Vítimas Feridas;Pleno dia;Crescente;Chuva;Dupla;Reta;Não;5;0;1;0;1;4;0;1;-4,183516;-38,48946064;SPRF-CE;DEL01/CE;UOP04-DEL01-CE
764621;12/04/2026;domingo;14:30:00;RS;153;641;BAGE;Avarias e/ou desgaste excessivo no pneu;Saída de leito carroçável;Com Vítimas Feridas;Pleno dia;Crescente;Chuva;Simples;Reta;Não;2;0;1;0;1;0;0;1;-31,40312586;-54,13421464;SPRF-RS;DEL11/RS;UOP03-DEL11-RS
764622;12/04/2026;domingo;15:40:00;PE;232;5;RECIFE;Trafegar com motocicleta (ou similar) entre as faixas;Colisão traseira;Com Vítimas Feridas;Pleno dia;Crescente;Chuva;Dupla;"Reta;Viaduto";Sim;2;0;1;0;1;1;0;2;-8,06757;-34,94381;SPRF-PE;DEL01/PE;UOP01-DEL01-PE
764624;12/04/2026;domingo;16:30:00;MG;40;641,4;CONSELHEIRO LAFAIETE;Animais na Pista;Atropelamento de Animal;Com Vítimas Feridas;Pleno dia;Decrescente;Céu Claro;Simples;"Aclive;Reta";Não;2;0;2;0;2;0;0;1;-20,7486152;-43,8008403;SPRF-MG;DEL05/MG;UOP02-DEL05-MG
764626;12/04/2026;domingo;16:45:00;BA;324;616;SALVADOR;Ausência de reação do condutor;Colisão traseira;Com Vítimas Feridas;Pleno dia;Crescente;Chuva;Dupla;"Aclive;Reta";Sim;2;0;2;0;2;0;0;2;-12,8905962;-38,4419007;SPRF-BA;DEL01/BA;UOP01-DEL01-BA
764629;12/04/2026;domingo;16:28:00;RJ;101;320;NITEROI;Reação tardia ou ineficiente do condutor;Colisão com objeto;Com Vítimas Feridas;Pleno dia;Decrescente;Céu Claro;Múltipla;Curva;Sim;2;0;1;1;2;0;0;1;-22,8672;-43,1099;SPRF-RJ;DEL02/RJ;UOP01-DEL02-RJ
764632;12/04/2026;domingo;12:30:00;SC;116;4,5;MAFRA;Ausência de reação do condutor;Tombamento;Com Vítimas Feridas;Pleno dia;Decrescente;Céu Claro;Simples;Interseção de Vias;Sim;1;0;1;0;1;0;0;1;-26,11606025;-49,786466;SPRF-SC;DEL06/SC;UOP01-DEL06-SC
764633;12/04/2026;domingo;16:40:00;BA;242;252;BOA VISTA DO TUPIM;Pista esburacada;Queda de ocupante de veículo;Com Vítimas Feridas;Pleno dia;Decrescente;Céu Claro;Simples;"Reta;Declive";Não;2;0;1;1;2;0;0;1;-12,510295;-40,4891;SPRF-BA;DEL06/BA;UOP02-DEL06-BA
764634;12/04/2026;domingo;12:00:00;RJ;495;16;PETROPOLIS;Demais falhas mecânicas ou elétricas;Incêndio;Sem Vítimas;Pleno dia;Crescente;Céu Claro;Simples;Curva;Não;1;0;0;0;0;1;0;1;-22,415433;-43,053451;SPRF-RJ;DEL05/RJ;UOP02-DEL05-RJ
764635;12/04/2026;domingo;14:30:00;SC;282;308;VARGEM;Chuva;Saída de leito carroçável;Com Vítimas Feridas;Pleno dia;Crescente;Chuva;Simples;"Curva;Declive";Não;1;0;1;0;1;0;0;1;-27,492637;-50,972367;SPRF-SC;DEL07/SC;UOP06-DEL07-SC
764636;12/04/2026;domingo;17:15:00;CE;116;76;CASCAVEL;Avarias e/ou desgaste excessivo no pneu;Saída de leito carroçável;Com Vítimas Feridas;Pleno dia;Crescente;Chuva;Simples;Reta;Não;2;0;1;0;1;1;0;1;-4,38445233;-38,43637705;SPRF-CE;DEL01/CE;UOP04-DEL01-CE
764637;12/04/2026;domingo;17:15:00;MG;146;486,5;POCOS DE CALDAS;Demais falhas mecânicas ou elétricas;Queda de ocupante de veículo;Com Vítimas Feridas;Pleno dia;Decrescente;Céu Claro;Simples;Reta;Não;2;0;1;0;1;1;0;1;-21,807848;-46,475222;SPRF-MG;DEL09/MG;UOP01-DEL09-MG
764638;12/04/2026;domingo;15:30:00;MS;376;30,6;FATIMA DO SUL;Acessar a via sem observar a presença dos outros veículos;Colisão transversal;Com Vítimas Feridas;Pleno dia;Crescente;Chuva;Simples;Reta;Não;5;0;4;0;4;1;0;2;-22,38811;-54,48779;SPRF-MS;DEL04/MS;UOP01-DEL04-MS
764639;12/04/2026;domingo;17:30:00;PI;343;30;PARNAIBA;Acessar a via sem observar a presença dos outros veículos;Colisão transversal;Com Vítimas Feridas;Anoitecer;Crescente;Nublado;Simples;Reta;Sim;2;0;2;0;2;0;0;2;-3,05690355;-41,77617074;SPRF-PI;DEL05-PI;UOP01-DEL05-PI
764641;12/04/2026;domingo;17:15:00;PR;487;177,5;CAMPO MOURAO;Acessar a via sem observar a presença dos outros veículos;Colisão transversal;Com Vítimas Feridas;Pleno dia;Crescente;Céu Claro;Simples;"Aclive;Reta";Não;2;0;1;0;1;1;0;2;-24,04180463;-52,40326015;SPRF-PR;DEL09/PR;UOP03-DEL09-PR
764643;12/04/2026;domingo;17:05:00;RJ;116;111;GUAPIMIRIM;Condutor Dormindo;Saída de leito carroçável;Com Vítimas Feridas;Pleno dia;Crescente;Nublado;Dupla;Reta;Sim;2;0;1;0;1;1;0;1;-22,559992;-42,996143;SPRF-RJ;DEL04/RJ;UOP02-DEL04-RJ
764644;12/04/2026;domingo;16:34:00;MS;163;217;CAARAPO;Avarias e/ou desgaste excessivo no pneu;Tombamento;Com Vítimas Feridas;Pleno dia;Decrescente;Chuva;Simples;Reta;Não;2;0;1;0;1;1;0;1;-22,56172598;-54,82719339;SPRF-MS;DEL04/MS;UOP02-DEL04-MS
764645;12/04/2026;domingo;17:30:00;RS;116;520;PELOTAS;Acessar a via sem observar a presença dos outros veículos;Colisão transversal;Com Vítimas Feridas;Anoitecer;Crescente;Céu Claro;Simples;Rotatória;Não;3;0;1;0;1;2;0;2;-31,70678948;-52,36779112;SPRF-RS;DEL07/RS;UOP01-DEL07-RS
764646;12/04/2026;domingo;17:00:00;MG;262;784;UBERABA;Ausência de reação do condutor;Colisão traseira;Com Vítimas Feridas;Pleno dia;Decrescente;Céu Claro;Simples;Retorno Regulamentado;Não;2;0;0;1;1;0;0;2;-19,76799816;-47,88858817;SPRF-MG;DEL13/MG;UOP01-DEL13-MG
764647;12/04/2026;domingo;16:10:00;RJ;116;119;MAGE;Ausência de reação do condutor;Tombamento;Com Vítimas Feridas;Pleno dia;Decrescente;Céu Claro;Dupla;Curva;Não;1;0;1;0;1;0;0;1;-22,62177603;-43,04254934;SPRF-RJ;DEL04/RJ;UOP02-DEL04-RJ
764648;12/04/2026;domingo;17:20:00;RJ;116;147;DUQUE DE CAXIAS;Demais falhas mecânicas ou elétricas;Queda de ocupante de veículo;Com Vítimas Feridas;Anoitecer;Decrescente;Nublado;Múltipla;Reta;Sim;1;0;1;0;1;0;0;1;-22,67076697;-43,27542048;SPRF-RJ;DEL01/RJ;UOP02-DEL01-RJ
764650;12/04/2026;domingo;16:25:00;MG;365;283,2;JOAO PINHEIRO;Ausência de reação do condutor;Saída de leito carroçável;Com Vítimas Fatais;Pleno dia;Crescente;Céu Claro;Simples;Reta;Não;3;1;0;1;1;1;0;1;-18,029335;-45,640185;SPRF-MG;DEL10/MG;UOP02-DEL010-MG
764653;08/04/2026;quarta-feira;19:30:00;RJ;101;315;SAO GONCALO;Trafegar com motocicleta (ou similar) entre as faixas;Queda de ocupante de veículo;Com Vítimas Feridas;Plena Noite;Decrescente;Céu Claro;Dupla;Reta;Sim;1;0;1;0;1;0;0;1;-22,82523822;-43,08940887;SPRF-RJ;DEL02/RJ;UOP02-DEL02-RJ
764654;12/04/2026;domingo;10:45:00;PR;163;124;REALEZA;Reação tardia ou ineficiente do condutor;Saída de leito carroçável;Com Vítimas Feridas;Pleno dia;Crescente;Chuva;Simples;"Declive;Reta";Não;1;0;1;0;1;0;0;1;-25,59354237;-53,56092453;SPRF-PR;DEL02/PR;UOP02-DEL02-PR
764655;12/04/2026;domingo;18:05:00;SP;116;209;GUARULHOS;Manobra de mudança de faixa;Colisão lateral mesmo sentido;Com Vítimas Feridas;Plena Noite;Crescente;Ignorado;Múltipla;Reta;Sim;2;0;1;0;1;1;0;2;-23,42669609;-46,40702224;SPRF-SP;DEL01/SP;UOP01-DEL01-SP
764656;12/04/2026;domingo;19:00:00;ES;101;90,5;JAGUARE;Ingestão de álcool pelo condutor;Atropelamento de Pedestre;Com Vítimas Feridas;Plena Noite;Crescente;Nublado;Múltipla;Reta;Sim;2;0;0;1;1;1;0;2;-18,90467724;-39,95945184;SPRF-ES;DEL04-ES;UOP02-DEL04-ES
764657;12/04/2026;domingo;19:20:00;PB;101;84,1;BAYEUX;Ausência de reação do condutor;Tombamento;Com Vítimas Feridas;Plena Noite;Decrescente;Chuva;Dupla;Reta;Sim;1;0;0;1;1;0;0;1;-7,14068132;-34,92149612;SPRF-PB;DEL01-PB;UOP01-DEL01-PB
764658;12/04/2026;domingo;04:50:00;SC;101;147,2;ITAPEMA;Reação tardia ou ineficiente do condutor;Colisão com objeto;Sem Vítimas;Plena Noite;Crescente;Nublado;Dupla;Reta;Não;1;0;0;0;0;0;1;1;-27,093296;-48,617676;SPRF-SC;DEL04/SC;UOP03-DEL04-SC
764659;12/04/2026;domingo;16:30:00;RJ;116;236;PIRAI;Reação tardia ou ineficiente do condutor;Engavetamento;Sem Vítimas;Pleno dia;Decrescente;Nublado;Dupla;Curva;Não;22;0;0;0;0;22;0;6;-22,63864973;-43,89919996;SPRF-RJ;DEL07/RJ;UOP01-DEL07-RJ
764660;12/04/2026;domingo;17:00:00;SC;101;56;JOINVILLE;Condutor deixou de manter distância do veículo da frente;Colisão traseira;Com Vítimas Feridas;Pleno dia;Decrescente;Nublado;Dupla;Reta;Não;3;0;2;0;2;1;0;2;-26,43375717;-48,82150143;SPRF-SC;DEL03/SC;UOP01-DEL03-SC
764662;12/04/2026;domingo;18:00:00;MS;267;635,2;PORTO MURTINHO;Reação tardia ou ineficiente do condutor;Saída de leito carroçável;Com Vítimas Feridas;Anoitecer;Crescente;Garoa/Chuvisco;Simples;Reta;Não;2;0;1;0;1;1;0;1;-21,74987381;-57,49675512;SPRF-MS;DEL05/MS;UOP01-DEL05-MS
764663;12/04/2026;domingo;19:31:00;SP;116;288,5;ITAPECERICA DA SERRA;Reação tardia ou ineficiente do condutor;Colisão traseira;Sem Vítimas;Plena Noite;Decrescente;Céu Claro;Dupla;Reta;Sim;2;0;0;0;0;2;0;2;-23,70821227;-46,87521043;SPRF-SP;DEL04/SP;UOP01-DEL04-SP
764665;12/04/2026;domingo;15:10:00;RJ;116;118;MAGE;Estacionar ou parar em local proibido;Colisão traseira;Com Vítimas Feridas;Pleno dia;Crescente;Céu Claro;Múltipla;Reta;Não;3;0;2;0;2;1;0;2;-22,6593779;-43,0910144;SPRF-RJ;DEL04/RJ;UOP02-DEL04-RJ
764666;12/04/2026;domingo;19:36:00;SE;101;93,6;NOSSA SENHORA DO SOCORRO;Reação tardia ou ineficiente do condutor;Queda de ocupante de veículo;Com Vítimas Feridas;Plena Noite;Decrescente;Chuva;Dupla;Retorno Regulamentado;Sim;2;0;1;0;1;1;0;1;-10,905576;-37,149664;SPRF-SE;DEL01-SE;UOP01-DEL01-SE
764667;12/04/2026;domingo;19:40:00;GO;452;6;RIO VERDE;Objeto estático sobre o leito carroçável;Colisão com objeto;Com Vítimas Feridas;Plena Noite;Decrescente;Nublado;Simples;Reta;Não;2;0;2;0;2;0;0;1;-17,81016713;-50,86110011;SPRF-GO;DEL04/GO;UOP01-DEL04-GO
764668;12/04/2026;domingo;15:25:00;RS;287;398,6;SANTIAGO;Reação tardia ou ineficiente do condutor;Colisão lateral mesmo sentido;Com Vítimas Feridas;Pleno dia;Crescente;Céu Claro;Simples;Reta;Sim;2;0;1;0;1;0;0;2;-29,16980223;-54,86116357;SPRF-RS;DEL12/RS;UOP02-DEL12-RS
764669;12/04/2026;domingo;19:00:00;MG;267;152;LIMA DUARTE;Deficiência do Sistema de Iluminação/Sinalização;Colisão traseira;Com Vítimas Feridas;Plena Noite;Crescente;Céu Claro;Simples;Reta;Não;3;0;1;2;3;0;0;2;-21,80938;-43,71201;SPRF-MG;DEL05/MG;UOP01-DEL05-MG
764671;12/04/2026;domingo;19:40:00;PR;277;51;SAO JOSE DOS PINHAIS;Reação tardia ou ineficiente do condutor;Colisão com objeto;Sem Vítimas;Plena Noite;Crescente;Céu Claro;Dupla;Reta;Não;1;0;0;0;0;1;0;1;-25,55380375;-49,03304927;SPRF-PR;DEL01/PR;UOP05-DEL01-PR
764672;12/04/2026;domingo;19:15:00;MG;381;852;POUSO ALEGRE;Entrada inopinada do pedestre;Atropelamento de Pedestre;Com Vítimas Feridas;Plena Noite;Decrescente;Céu Claro;Dupla;Reta;Sim;2;0;0;1;1;1;0;2;-22,260176;-45,889631;SPRF-MG;DEL16/MG;UOP01-DEL16-MG
764673;12/04/2026;domingo;19:30:00;MG;262;438;NOVA SERRANA;Pedestre andava na pista;Atropelamento de Pedestre;Com Vítimas Feridas;Plena Noite;Crescente;Céu Claro;Dupla;Reta;Sim;2;0;2;0;2;0;0;2;-19,87179444;-44,96927028;SPRF-MG;DEL08/MG;UOP03-DEL08-MG
764675;12/04/2026;domingo;19:45:00;SC;101;1;GARUVA;Ausência de reação do condutor;Colisão traseira;Com Vítimas Feridas;Plena Noite;Crescente;Nublado;Múltipla;Reta;Não;3;0;1;0;1;2;0;2;-25,991983;-48,88155;SPRF-SC;DEL03/SC;UOP01-DEL03-SC
764676;12/04/2026;domingo;19:30:00;BA;101;475;URUCUCA;Iluminação deficiente;Saída de leito carroçável;Com Vítimas Feridas;Plena Noite;Crescente;Chuva;Simples;Interseção de Vias;Não;4;0;2;2;4;0;0;1;-14,5681466;-39,33374406;SPRF-BA;DEL05/BA;UOP01-DEL05-BA
764677;12/04/2026;domingo;19:10:00;MS;262;379;TERENOS;Ausência de reação do condutor;Tombamento;Com Vítimas Feridas;Plena Noite;Crescente;Céu Claro;Simples;Reta;Não;1;0;1;0;1;0;0;1;-20,459631;-54,843663;SPRF-MS;DEL01/MS;UOP03-DEL01-MS
764678;12/04/2026;domingo;15:05:00;MA;402;37,2;AXIXA;Pista Escorregadia;Tombamento;Com Vítimas Fatais;Pleno dia;Decrescente;Chuva;Simples;Reta;Sim;5;1;1;0;1;1;0;4;-2,85837;-44,05524;SPRF-MA;DEL01-MA;UOP01-DEL01-MA
764679;12/04/2026;domingo;19:47:00;RN;110;47,9;MOSSORO;Acessar a via sem observar a presença dos outros veículos;Colisão transversal;Com Vítimas Feridas;Plena Noite;Crescente;Nublado;Simples;"Reta;Interseção de Vias";Sim;2;0;1;0;1;1;0;2;-5,20699575;-37,33050635;SPRF-RN;DEL04-RN;UOP01-DEL04-RN
764680;12/04/2026;domingo;19:00:00;MG;381;371,7;SAO GONCALO DO RIO ABAIXO;Demais falhas mecânicas ou elétricas;Incêndio;Sem Vítimas;Plena Noite;Decrescente;Céu Claro;Simples;Curva;Não;3;0;0;0;0;3;0;1;-19,841072;-43,326874;SPRF-MG;DEL01/MG;UOP01-DEL01-MG
764681;12/04/2026;domingo;19:30:00;RJ;40;122;DUQUE DE CAXIAS;Pedestre andava na pista;Atropelamento de Pedestre;Com Vítimas Fatais;Plena Noite;Decrescente;Céu Claro;Dupla;Reta;Sim;2;1;0;0;0;0;0;2;-22,79077384;-43,28617081;SPRF-RJ;DEL01/RJ;UOP02-DEL01-RJ