id;data_inversa;dia_semana;horario;uf;br;km;municipio;causa_acidente;tipo_acidente;classificacao_acidente;fase_dia;sentido_via;condicao_metereologica;tipo_pista;tracado_via;uso_solo;pessoas;mortos;feridos_leves;feridos_graves;feridos;ilesos;ignorados;veiculos;latitude;longitude;regional;delegacia;uop
764682;12/04/2026;domingo;20:50:00;PR;116;133;FAZENDA RIO GRANDE;Ausência de reação do condutor;Colisão com objeto;Com Vítimas Feridas;Plena Noite;Crescente;Nublado;Dupla;Reta;Não;1;0;0;1;1;0;0;1;-25,698985;-49,318842;SPRF-PR;DEL01/PR;UOP03-DEL01-PR
764684;04/04/2026;sábado;09:45:00;MG;365;590;INDIANOPOLIS;Ausência de reação do condutor;Colisão lateral mesmo sentido;Sem Vítimas;Pleno dia;Decrescente;Céu Claro;Simples;Reta;Não;1;0;0;0;0;1;0;1;-18,86694411;-48,01813533;SPRF-MG;DEL15/MG;UOP02-DEL15-MG
764685;12/04/2026;domingo;07:30:00;RJ;101;196;CASIMIRO DE ABREU;Pista Escorregadia;Queda de ocupante de veículo;Com Vítimas Feridas;Pleno dia;Crescente;Chuva;Dupla;Curva;Não;2;0;2;0;2;0;0;1;-22,49174625;-42,11050987;SPRF-RJ;DEL08/RJ;UOP04-DEL08-RJ
764686;12/04/2026;domingo;19:00:00;MG;267;60;GUARARA;Condutor deixou de manter distância do veículo da frente;Colisão lateral mesmo sentido;Com Vítimas Feridas;Plena Noite;Crescente;Céu Claro;Simples;Reta;Não;2;0;1;0;1;1;0;2;-21,72912507;-43,06288719;SPRF-MG;DEL07/MG;UOP01-DEL07-MG
764687;12/04/2026;domingo;21:00:00;PA;230;123;MARABA;Ausência de reação do condutor;Colisão traseira;Sem Vítimas;Plena Noite;Decrescente;Nublado;Dupla;Reta;Sim;2;0;0;0;0;2;0;2;-5,374237;-49,135843;SPRF-PA;DEL03/PA;UOP01-DEL03-PA
764688;22/03/2026;domingo;10:55:00;SC;282;195,3;LAGES;Reação tardia ou ineficiente do condutor;Colisão com objeto;Sem Vítimas;Pleno dia;Decrescente;Céu Claro;Simples;"Declive;Reta";Não;4;0;0;0;0;2;0;2;-27,74781922;-50,08735657;SPRF-SC;DEL05/SC;UOP01-DEL05-SC
764689;12/04/2026;domingo;19:40:00;RJ;101;304;SAO GONCALO;Condutor deixou de manter distância do veículo da frente;Colisão traseira;Com Vítimas Feridas;Plena Noite;Crescente;Céu Claro;Dupla;Reta;Não;2;0;1;1;2;0;0;1;-22,78543291;-42,98467129;SPRF-RJ;DEL02/RJ;UOP02-DEL02-RJ
764690;12/04/2026;domingo;20:25:00;MA;135;7;SAO LUIS;Acessar a via sem observar a presença dos outros veículos;Colisão transversal;Sem Vítimas;Plena Noite;Decrescente;Céu Claro;Dupla;Rotatória;Não;2;0;0;0;0;2;0;2;-2,64018;-44,271477;SPRF-MA;DEL01-MA;UOP01-DEL01-MA
764691;12/04/2026;domingo;21:16:00;SE;235;6;NOSSA SENHORA DO SOCORRO;Reação tardia ou ineficiente do condutor;Saída de leito carroçável;Sem Vítimas;Plena Noite;Decrescente;Garoa/Chuvisco;Dupla;Reta;Não;1;0;0;0;0;0;1;1;-10,90461614;-37,12640762;SPRF-SE;DEL01-SE;UOP01-DEL01-SE
764693;12/04/2026;domingo;19:50:00;RO;364;7;VILHENA;Reação tardia ou ineficiente do condutor;Saída de leito carroçável;Sem Vítimas;Plena Noite;Crescente;Céu Claro;Simples;"Curva;Rotatória";Sim;1;0;0;0;0;0;1;1;-12,74569764;-60,11416018;SPRF-RO;DEL04-RO;UOP01-DEL04-RO
764695;12/04/2026;domingo;17:50:00;MS;262;487;ANASTACIO;Demais falhas mecânicas ou elétricas;Eventos atípicos;Sem Vítimas;Anoitecer;Decrescente;Céu Claro;Simples;Reta;Sim;2;0;0;0;0;1;0;2;-20,50026;-55,797296;SPRF-MS;DEL03/MS;UOP01-DEL03-MS
764696;12/04/2026;domingo;14:30:00;RJ;101;576;PARATY;Transitar na contramão;Colisão frontal;Com Vítimas Fatais;Pleno dia;Crescente;Sol;Simples;Curva;Não;3;1;1;0;1;0;0;3;-23,22686658;-44,72879675;SPRF-RJ;DEL03/RJ;UOP04-DEL03-RJ
764697;12/04/2026;domingo;16:50:00;RS;285;577,6;SAO LUIZ GONZAGA;Ingestão de álcool pelo condutor;Colisão frontal;Com Vítimas Feridas;Pleno dia;Decrescente;Nublado;Simples;Reta;Não;4;0;3;1;4;0;0;2;-28,42354888;-55,05191289;SPRF-RS;DEL12/RS;UOP01-DEL12-RS
764698;12/04/2026;domingo;21:25:00;MG;262;392;PARA DE MINAS;Acesso irregular;Colisão lateral mesmo sentido;Com Vítimas Fatais;Plena Noite;Decrescente;Céu Claro;Dupla;Reta;Não;5;1;0;0;0;4;0;2;-19,892567;-44,579261;SPRF-MG;DEL01/MG;UOP03-DEL01-MG
764699;12/04/2026;domingo;21:20:00;RJ;116;193;NOVA IGUACU;Ausência de reação do condutor;Saída de leito carroçável;Com Vítimas Feridas;Plena Noite;Decrescente;Céu Claro;Dupla;Reta;Sim;3;0;3;0;3;0;0;1;-22,73928834;-43,5304606;SPRF-RJ;DEL06/RJ;UOP01-DEL06-RJ
764701;12/04/2026;domingo;21:54:00;SC;101;206,8;SAO JOSE;Reação tardia ou ineficiente do condutor;Colisão traseira;Com Vítimas Feridas;Plena Noite;Decrescente;Céu Claro;Múltipla;"Reta;Interseção de Vias";Sim;2;0;1;0;1;1;0;2;-27,59965676;-48,62181751;SPRF-SC;DEL01/SC;UOP01-DEL01-SC
764702;12/04/2026;domingo;18:30:00;BA;135;191;BARREIRAS;Reação tardia ou ineficiente do condutor;Colisão com objeto;Com Vítimas Feridas;Plena Noite;Crescente;Garoa/Chuvisco;Simples;"Reta;Ponte";Não;1;0;0;1;1;0;0;1;-12,257648;-45,023508;SPRF-BA;DEL10/BA;UOP01-DEL10-BA
764704;12/04/2026;domingo;21:53:00;RN;226;83,4;TANGARA;Acessar a via sem observar a presença dos outros veículos;Colisão lateral sentido oposto;Com Vítimas Feridas;Plena Noite;Decrescente;Céu Claro;Simples;Reta;Sim;2;0;0;1;1;1;0;2;-6,199533;-35,801243;SPRF-RN;DEL01-RN;UOP02-DEL01-RN
764706;12/04/2026;domingo;21:30:00;RJ;116;111;GUAPIMIRIM;Reação tardia ou ineficiente do condutor;Tombamento;Com Vítimas Feridas;Plena Noite;Decrescente;Nublado;Simples;Reta;Sim;2;0;2;0;2;0;0;1;-22,553732;-42,991175;SPRF-RJ;DEL04/RJ;UOP02-DEL04-RJ
764707;12/04/2026;domingo;21:55:00;SC;470;173,3;POUSO REDONDO;Entrada inopinada do pedestre;Atropelamento de Pedestre;Com Vítimas Feridas;Plena Noite;Crescente;Chuva;Simples;"Reta;Declive;Interseção de Vias";Sim;2;0;1;1;2;0;0;2;-27,2591;-49,9245;SPRF-SC;DEL04/SC;UOP02-DEL04-SC
764708;12/04/2026;domingo;23:10:00;MG;381;447,8;BELO HORIZONTE;Reação tardia ou ineficiente do condutor;Colisão traseira;Com Vítimas Feridas;Plena Noite;Crescente;Céu Claro;Simples;Reta;Sim;3;0;0;1;1;2;0;3;-19,84022283;-43,87602494;SPRF-MG;DEL01/MG;UOP01-DEL01-MG
764709;12/04/2026;domingo;20:20:00;MT;163;14;ITIQUIRA;Velocidade Incompatível;Queda de ocupante de veículo;Com Vítimas Feridas;Plena Noite;Decrescente;Nublado;Simples;"Declive;Viaduto;Curva";Não;1;0;0;1;1;0;0;1;-17,397332;-54,760275;SPRF-MT;DEL02/MT;UOP03-DEL02-MT
764711;12/04/2026;domingo;20:27:00;RO;364;231,8;CACOAL;Condutor deixou de manter distância do veículo da frente;Colisão traseira;Com Vítimas Feridas;Plena Noite;Decrescente;Nublado;Simples;"Reta;Declive";Sim;2;0;0;1;1;0;0;2;-11,465322;-61,407982;SPRF-RO;DEL02-RO;UOP02-DEL02-RO
764713;12/04/2026;domingo;20:40:00;RO;364;422,8;JARU;Ausência de reação do condutor;Saída de leito carroçável;Com Vítimas Feridas;Plena Noite;Decrescente;Céu Claro;Simples;"Aclive;Reta";Sim;1;0;0;1;1;0;0;1;-10,453172;-62,460497;SPRF-RO;DEL03-RO;UOP02-DEL03-RO
764714;12/04/2026;domingo;22:42:00;SC;280;169;MAFRA;Ausência de reação do condutor;Tombamento;Com Vítimas Feridas;Plena Noite;Crescente;Céu Claro;Simples;"Declive;Reta";Sim;1;0;1;0;1;0;0;1;-26,1532847;-49,8128214;SPRF-SC;DEL06/SC;UOP01-DEL06-SC
764715;12/04/2026;domingo;22:55:00;PR;277;415;CANDOI;Velocidade Incompatível;Saída de leito carroçável;Sem Vítimas;Plena Noite;Crescente;Céu Claro;Simples;Curva;Não;1;0;0;0;0;0;1;1;-25,41687727;-52,05973372;SPRF-PR;DEL04/PR;UOP02-DEL04-PR
764716;12/04/2026;domingo;20:40:00;PR;277;436,4;VIRMOND;Ausência de reação do condutor;Colisão frontal;Sem Vítimas;Plena Noite;Decrescente;Chuva;Simples;Curva;Não;4;0;0;0;0;4;0;2;-25,375691;-52,215396;SPRF-PR;DEL04/PR;UOP02-DEL04-PR
764720;12/04/2026;domingo;23:15:00;SP;101;50,5;UBATUBA;Acessar a via sem observar a presença dos outros veículos;Colisão transversal;Com Vítimas Feridas;Plena Noite;Crescente;Nublado;Simples;Reta;Sim;2;0;2;0;2;0;0;2;-23,45255778;-45,07505894;SPRF-SP;DEL06/SP;UOP01-DEL06-SP
764721;13/04/2026;segunda-feira;00:30:00;MG;381;507;SAO JOAQUIM DE BICAS;Condutor Dormindo;Colisão com objeto;Sem Vítimas;Plena Noite;Decrescente;Céu Claro;Dupla;Reta;Sim;1;0;0;0;0;1;0;1;-20,04175;-44,26384;SPRF-MG;DEL01/MG;UOP03-DEL01-MG
764723;13/04/2026;segunda-feira;01:20:00;SP;381;30;ATIBAIA;Ingestão de álcool pelo condutor;Colisão com objeto;Sem Vítimas;Plena Noite;Decrescente;Céu Claro;Dupla;Reta;Não;1;0;0;0;0;1;0;1;-23,048521;-46,564205;SPRF-SP;DEL03/SP;UOP02-DEL03-SP
764725;12/04/2026;domingo;21:00:00;GO;452;109;BOM JESUS DE GOIAS;Ausência de reação do condutor;Saída de leito carroçável;Com Vítimas Feridas;Plena Noite;Crescente;Céu Claro;Simples;Declive;Não;1;0;1;0;1;0;0;1;-18,145963;-49,955642;SPRF-GO;DEL03/GO;UOP02-DEL03-GO
764726;13/04/2026;segunda-feira;01:08:00;PR;116;124,6;FAZENDA RIO GRANDE;Transitar na contramão;Colisão frontal;Com Vítimas Fatais;Plena Noite;Decrescente;Nublado;Dupla;Reta;Não;2;1;0;0;0;1;0;2;-25,627218;-49,314547;SPRF-PR;DEL01/PR;UOP03-DEL01-PR
764727;13/04/2026;segunda-feira;01:50:00;GO;60;373;RIO VERDE;Ausência de reação do condutor;Saída de leito carroçável;Sem Vítimas;Plena Noite;Decrescente;Céu Claro;Dupla;"Aclive;Reta";Não;1;0;0;0;0;1;0;1;-17,734516;-50,871014;SPRF-GO;DEL04/GO;UOP02-DEL04-GO
764728;13/04/2026;segunda-feira;01:25:00;PR;277;530,5;GUARANIACU;Ultrapassagem Indevida;Colisão frontal;Com Vítimas Fatais;Plena Noite;Crescente;Nublado;Simples;"Aclive;Reta";Não;6;1;2;3;5;0;0;2;-25,097182;-52,9398;SPRF-PR;DEL04/PR;UOP04-DEL04-PR
764729;13/04/2026;segunda-feira;04:40:00;RJ;101;458;ANGRA DOS REIS;Objeto estático sobre o leito carroçável;Queda de ocupante de veículo;Com Vítimas Feridas;Amanhecer;Decrescente;Garoa/Chuvisco;Simples;"Declive;Reta";Não;1;0;1;0;1;0;0;1;-23,03347066;-44,17979591;SPRF-RJ;DEL03/RJ;UOP03-DEL03-RJ
764730;13/04/2026;segunda-feira;05:00:00;SC;101;199;SAO JOSE;Demais falhas mecânicas ou elétricas;Colisão com objeto;Com Vítimas Feridas;Plena Noite;Crescente;Céu Claro;Múltipla;Reta;Não;2;0;1;0;1;0;0;2;-27,53736192;-48,62755744;SPRF-SC;DEL01/SC;UOP01-DEL01-SC
764731;13/04/2026;segunda-feira;04:50:00;PB;230;58;CRUZ DO ESPIRITO SANTO;Carga excessiva e/ou mal acondicionada;Derramamento de carga;Sem Vítimas;Amanhecer;Decrescente;Céu Claro;Dupla;Aclive;Não;6;0;0;0;0;5;0;3;-7,204218;-35,12714;SPRF-PB;DEL01-PB;UOP02-DEL01-PB
764732;13/04/2026;segunda-feira;05:00:00;RJ;40;104;DUQUE DE CAXIAS;Ausência de reação do condutor;Queda de ocupante de veículo;Com Vítimas Feridas;Plena Noite;Crescente;Céu Claro;Dupla;Reta;Sim;2;0;2;0;2;0;0;1;-22,72441769;-43,28947243;SPRF-RJ;DEL01/RJ;UOP02-DEL01-RJ
764736;13/04/2026;segunda-feira;05:50:00;RN;101;80;NATAL;Desrespeitar a preferência no cruzamento;Colisão transversal;Com Vítimas Feridas;Amanhecer;Decrescente;Chuva;Dupla;"Rotatória;Interseção de Vias";Sim;3;0;2;0;2;1;0;2;-5,76292006;-35,28679562;SPRF-RN;DEL02-RN;UOP01-DEL02-RN
764738;13/04/2026;segunda-feira;05:30:00;DF;20;11,5;BRASILIA;Objeto estático sobre o leito carroçável;Colisão com objeto;Com Vítimas Feridas;Amanhecer;Crescente;Céu Claro;Dupla;Reta;Sim;2;0;2;0;2;0;0;1;-15,6449913;-47,7610612;SPRF-DF;DEL02-DF;UOP01-DEL02-DF
764739;13/04/2026;segunda-feira;06:00:00;PB;101;99;CONDE;Pista Escorregadia;Tombamento;Com Vítimas Feridas;Pleno dia;Decrescente;Chuva;Dupla;Reta;Não;2;0;2;0;2;0;0;1;-7,259153;-34,935648;SPRF-PB;DEL01-PB;UOP01-DEL01-PB
764741;13/04/2026;segunda-feira;05:50:00;SC;282;88,9;ALFREDO WAGNER;Condutor Dormindo;Colisão frontal;Com Vítimas Feridas;Amanhecer;Decrescente;Céu Claro;Simples;"Curva;Declive";Não;6;0;5;0;5;1;0;3;-27,67806568;-49,21549275;SPRF-SC;DEL01/SC;UOP03-DEL01-SC
764742;13/04/2026;segunda-feira;06:00:00;BA;367;69;PORTO SEGURO;Ultrapassagem Indevida;Colisão transversal;Com Vítimas Feridas;Pleno dia;Decrescente;Céu Claro;Simples;Curva;Não;2;0;0;1;1;1;0;2;-16,390836;-39,45482;SPRF-BA;DEL09/BA;UOP03-DEL09-BA
764743;13/04/2026;segunda-feira;05:44:00;PE;101;62,8;RECIFE;Manobra de mudança de faixa;Colisão lateral mesmo sentido;Com Vítimas Feridas;Pleno dia;Crescente;Céu Claro;Dupla;"Reta;Interseção de Vias";Sim;2;0;1;0;1;1;0;2;-8,00758828;-34,937965;SPRF-PE;DEL01/PE;UOP02-DEL01-PE
764744;12/04/2026;domingo;17:15:00;BA;116;423;FEIRA DE SANTANA;Conversão proibida;Colisão lateral mesmo sentido;Com Vítimas Feridas;Pleno dia;Decrescente;Céu Claro;Dupla;Reta;Sim;3;0;1;0;1;2;0;2;-12,23488245;-38,97642944;SPRF-BA;DEL02/BA;UOP01-DEL02-BA
764745;13/04/2026;segunda-feira;03:30:00;SP;116;158;JACAREI;Reação tardia ou ineficiente do condutor;Colisão com objeto;Sem Vítimas;Plena Noite;Crescente;Céu Claro;Simples;Curva;Não;1;0;0;0;0;0;1;1;-23,25819708;-45,94860578;SPRF-SP;DEL02/SP;UOP01-DEL02-SP
764747;13/04/2026;segunda-feira;06:50:00;PR;277;11;PARANAGUA;Ausência de reação do condutor;Colisão traseira;Com Vítimas Feridas;Pleno dia;Decrescente;Céu Claro;Dupla;Reta;Não;2;0;1;0;1;1;0;2;-25,56155363;-48,64088953;SPRF-PR;DEL01/PR;UOP05-DEL01-PR
764748;13/04/2026;segunda-feira;06:50:00;RJ;101;471;ANGRA DOS REIS;Ausência de reação do condutor;Colisão transversal;Com Vítimas Feridas;Pleno dia;Crescente;Céu Claro;Simples;"Curva;Interseção de Vias";Sim;2;0;0;1;1;1;0;2;-23,00928028;-44,21482086;SPRF-RJ;DEL03/RJ;UOP03-DEL03-RJ
764749;13/04/2026;segunda-feira;07:00:00;SC;101;90,3;BARRA VELHA;Reação tardia ou ineficiente do condutor;Colisão com objeto;Com Vítimas Feridas;Pleno dia;Crescente;Nublado;Múltipla;Reta;Sim;1;0;0;1;1;0;0;1;-26,66307328;-48,68899075;SPRF-SC;DEL03/SC;UOP02-DEL03-SC
764750;13/04/2026;segunda-feira;07:08:00;RJ;493;8;ITABORAI;Reação tardia ou ineficiente do condutor;Colisão traseira;Com Vítimas Feridas;Pleno dia;Crescente;Céu Claro;Simples;Reta;Não;2;0;0;1;1;1;0;2;-22,7241959;-42,95111552;SPRF-RJ;DEL04/RJ;UOP02-DEL04-RJ
764752;13/04/2026;segunda-feira;07:20:00;RJ;101;111;CAMPOS DOS GOYTACAZES;Manobra de mudança de faixa;Colisão com objeto;Com Vítimas Feridas;Pleno dia;Decrescente;Céu Claro;Dupla;Curva;Não;2;0;1;0;1;1;0;1;-21,965113;-41,65073;SPRF-RJ;DEL08/RJ;UOP02-DEL08-RJ
764753;13/04/2026;segunda-feira;06:45:00;SC;470;143,3;RIO DO SUL;Desrespeitar a preferência no cruzamento;Colisão transversal;Com Vítimas Feridas;Pleno dia;Decrescente;Nublado;Simples;"Reta;Interseção de Vias";Sim;2;0;1;0;1;0;0;2;-27,22148;-49,660725;SPRF-SC;DEL04/SC;UOP02-DEL04-SC
764754;13/04/2026;segunda-feira;07:15:00;PE;407;127,3;PETROLINA;Condutor deixou de manter distância do veículo da frente;Colisão lateral mesmo sentido;Com Vítimas Feridas;Pleno dia;Crescente;Céu Claro;Dupla;"Reta;Em Obras";Sim;2;0;1;0;1;1;0;2;-9,3910837;-40,5205035;SPRF-PE;DEL06/PE;UOP01-DEL06-PE
764755;13/04/2026;segunda-feira;06:40:00;MG;40;518,5;RIBEIRAO DAS NEVES;Reação tardia ou ineficiente do condutor;Colisão traseira;Com Vítimas Feridas;Pleno dia;Crescente;Céu Claro;Dupla;Reta;Sim;2;0;1;0;1;1;0;2;-19,83623185;-44,07943597;SPRF-MG;DEL01/MG;UOP02-DEL01-MG
764757;13/04/2026;segunda-feira;07:10:00;MG;40;636,2;CONSELHEIRO LAFAIETE;Conversão proibida;Colisão lateral mesmo sentido;Com Vítimas Feridas;Pleno dia;Decrescente;Nublado;Simples;"Interseção de Vias;Reta";Não;2;0;1;0;1;1;0;2;-20,70387667;-43,792651;SPRF-MG;DEL05/MG;UOP02-DEL05-MG
764758;13/04/2026;segunda-feira;06:50:00;RJ;465;5;SEROPEDICA;Trafegar com motocicleta (ou similar) entre as faixas;Colisão transversal;Com Vítimas Feridas;Amanhecer;Crescente;Céu Claro;Simples;Reta;Sim;3;0;1;0;1;2;0;2;-22,7438;-43,70777;SPRF-RJ;DEL06/RJ;UOP02-DEL06-RJ
764759;13/04/2026;segunda-feira;08:10:00;BA;324;512;FEIRA DE SANTANA;Acesso irregular;Colisão transversal;Com Vítimas Feridas;Pleno dia;Decrescente;Céu Claro;Simples;Reta;Sim;2;0;1;0;1;1;0;2;-12,231177;-38,958747;SPRF-BA;DEL02/BA;UOP01-DEL02-BA
764760;13/04/2026;segunda-feira;06:30:00;PR;369;114,9;URAI;Condutor Dormindo;Saída de leito carroçável;Com Vítimas Feridas;Pleno dia;Decrescente;Céu Claro;Simples;Reta;Não;1;0;1;0;1;0;0;1;-23,279687;-50,849505;SPRF-PR;DEL07/PR;UOP05-DEL07-PR
764761;13/04/2026;segunda-feira;08:00:00;PR;116;121;CURITIBA;Ausência de reação do condutor;Colisão traseira;Com Vítimas Feridas;Pleno dia;Decrescente;Céu Claro;Dupla;Reta;Não;3;0;2;0;2;1;0;2;-25,597635;-49,316732;SPRF-PR;DEL01/PR;UOP03-DEL01-PR
764762;13/04/2026;segunda-feira;08:00:00;PR;376;615;SAO JOSE DOS PINHAIS;Reação tardia ou ineficiente do condutor;Tombamento;Com Vítimas Feridas;Pleno dia;Crescente;Nublado;Dupla;"Reta;Declive";Não;3;0;1;0;1;0;0;2;-25,57421394;-49,18029182;SPRF-PR;DEL01/PR;UOP04-DEL01-PR
764763;13/04/2026;segunda-feira;08:00:00;SP;116;220;GUARULHOS;Trafegar com motocicleta (ou similar) entre as faixas;Colisão lateral mesmo sentido;Com Vítimas Feridas;Pleno dia;Crescente;Céu Claro;Múltipla;Reta;Sim;2;0;1;0;1;1;0;2;-23,467491;-46,506765;SPRF-SP;DEL01/SP;UOP01-DEL01-SP
764764;13/04/2026;segunda-feira;07:33:00;SC;470;58;BLUMENAU;Acessar a via sem observar a presença dos outros veículos;Colisão lateral mesmo sentido;Com Vítimas Feridas;Pleno dia;Decrescente;Nublado;Dupla;"Reta;Interseção de Vias";Sim;3;0;0;1;1;2;0;2;-26,8839757;-49,14505212;SPRF-SC;DEL04/SC;UOP01-DEL04-SC
764765;13/04/2026;segunda-feira;08:30:00;SC;101;114;ITAJAI;Trafegar com motocicleta (ou similar) entre as faixas;Colisão traseira;Com Vítimas Feridas;Pleno dia;Crescente;Nublado;Múltipla;Reta;Não;2;0;1;0;1;1;0;2;-26,870878;-48,72975245;SPRF-SC;DEL04/SC;UOP04-DEL04-SC
764766;13/04/2026;segunda-feira;08:23:00;SP;116;148;SAO JOSE DOS CAMPOS;Reação tardia ou ineficiente do condutor;Tombamento;Com Vítimas Feridas;Pleno dia;Decrescente;Céu Claro;Dupla;Reta;Não;2;0;1;0;1;0;0;2;-23,19677081;-45,87409051;SPRF-SP;DEL02/SP;UOP01-DEL02-SP
764767;13/04/2026;segunda-feira;07:40:00;SC;101;116,7;ITAJAI;Trafegar com motocicleta (ou similar) entre as faixas;Colisão traseira;Com Vítimas Feridas;Pleno dia;Crescente;Nublado;Dupla;Reta;Sim;2;0;1;0;1;1;0;2;-26,88573593;-48,72362709;SPRF-SC;DEL04/SC;UOP04-DEL04-SC
764769;13/04/2026;segunda-feira;08:45:00;PE;232;4;RECIFE;Reação tardia ou ineficiente do condutor;Engavetamento;Com Vítimas Fatais;Pleno dia;Decrescente;Céu Claro;Dupla;Viaduto;Sim;5;1;1;0;1;3;0;4;-8,066917;-34,942528;SPRF-PE;DEL01/PE;UOP01-DEL01-PE
764770;13/04/2026;segunda-feira;08:30:00;CE;222;180;SOBRAL;Reação tardia ou ineficiente do condutor;Colisão frontal;Com Vítimas Fatais;Pleno dia;Decrescente;Céu Claro;Simples;Reta;Não;4;3;0;1;1;0;0;2;-3,75039458;-40,05301952;SPRF-CE;DEL04/CE;UOP01-DEL04-CE
764771;13/04/2026;segunda-feira;00:15:00;PA;10;154,2;PARAGOMINAS;Objeto estático sobre o leito carroçável;Eventos atípicos;Com Vítimas Feridas;Plena Noite;Decrescente;Céu Claro;Simples;Reta;Não;2;0;0;1;1;1;0;2;-3,09233453;-47,48091996;SPRF-PA;DEL02/PA;UOP01-DEL02-PA
764772;13/04/2026;segunda-feira;09:15:00;DF;20;3,4;BRASILIA;Manobra de mudança de faixa;Colisão traseira;Com Vítimas Feridas;Pleno dia;Decrescente;Céu Claro;Dupla;"Reta;Declive";Sim;3;0;1;0;1;1;0;3;-15,67847;-47,82771;SPRF-DF;DEL02-DF;UOP01-DEL02-DF
764773;13/04/2026;segunda-feira;08:25:00;PR;376;175,9;MARINGA;Desrespeitar a preferência no cruzamento;Colisão transversal;Com Vítimas Feridas;Pleno dia;Crescente;Nublado;Dupla;"Reta;Interseção de Vias";Sim;2;0;1;0;1;1;0;2;-23,41180007;-51,94138754;SPRF-PR;DEL09/PR;UOP01-DEL09-PR
764774;13/04/2026;segunda-feira;08:50:00;SC;470;28,3;GASPAR;Acessar a via sem observar a presença dos outros veículos;Tombamento;Com Vítimas Feridas;Pleno dia;Decrescente;Céu Claro;Dupla;Reta;Não;2;0;0;1;1;1;0;2;-26,89379;-48,89771;SPRF-SC;DEL04/SC;UOP01-DEL04-SC
764775;13/04/2026;segunda-feira;07:30:00;SC;101;423;ARARANGUA;Reação tardia ou ineficiente do condutor;Tombamento;Com Vítimas Feridas;Pleno dia;Decrescente;Céu Claro;Simples;Reta;Não;1;0;1;0;1;0;0;1;-29,01300741;-49,57703336;SPRF-SC;DEL02/SC;UOP02-DEL02-SC
764777;13/04/2026;segunda-feira;08:56:00;PE;101;93,4;CABO DE SANTO AGOSTINHO;Demais falhas mecânicas ou elétricas;Tombamento;Com Vítimas Feridas;Pleno dia;Crescente;Céu Claro;Dupla;Reta;Não;1;0;1;0;1;0;0;1;-8,23892;-35,0038;SPRF-PE;DEL01/PE;UOP01-DEL01-PE
764778;13/04/2026;segunda-feira;07:50:00;SP;116;108;TAUBATE;Reação tardia ou ineficiente do condutor;Colisão lateral mesmo sentido;Com Vítimas Feridas;Pleno dia;Crescente;Céu Claro;Dupla;Reta;Sim;2;0;1;0;1;1;0;2;-23,02310428;-45,53754187;SPRF-SP;DEL02/SP;UOP02-DEL02-SP
764779;13/04/2026;segunda-feira;08:35:00;MS;163;482,3;CAMPO GRANDE;Suicídio (presumido);Queda de ocupante de veículo;Com Vítimas Fatais;Pleno dia;Crescente;Céu Claro;Simples;Reta;Sim;2;1;0;0;0;1;0;1;-20,4615;-54,55221;SPRF-MS;DEL01/MS;UOP02-DEL01-MS
764781;13/04/2026;segunda-feira;08:00:00;RJ;101;332;RIO DE JANEIRO;Manobra de mudança de faixa;Colisão lateral mesmo sentido;Com Vítimas Feridas;Pleno dia;Crescente;Céu Claro;Múltipla;"Reta;Ponte";Não;2;0;0;1;1;1;0;2;-22,86889965;-43,19000244;SPRF-RJ;DEL02/RJ;UOP01-DEL02-RJ
764782;10/03/2026;terça-feira;23:00:00;PR;116;110;CURITIBA;Reação tardia ou ineficiente do condutor;Colisão com objeto;Com Vítimas Feridas;Plena Noite;Crescente;Ignorado;Dupla;Reta;Não;1;0;1;0;1;0;0;1;-25,5611059;-49,261748;SPRF-PR;DEL01/PR;UOP03-DEL01-PR
764784;13/04/2026;segunda-feira;10:00:00;PR;277;79;CURITIBA;Frear bruscamente;Engavetamento;Sem Vítimas;Pleno dia;Decrescente;Céu Claro;Dupla;Curva;Sim;3;0;0;0;0;3;0;3;-25,47457997;-49,20888949;SPRF-PR;DEL01/PR;UOP08-DEL01-PR
764785;23/01/2026;sexta-feira;16:30:00;MG;40;825,8;SIMAO PEREIRA;Condutor deixou de manter distância do veículo da frente;Colisão traseira;Com Vítimas Feridas;Pleno dia;Decrescente;Chuva;Dupla;Reta;Não;3;0;1;0;1;1;0;3;-22,00120183;-43,28231042;SPRF-MG;DEL05/MG;UOP01-DEL05-MG
764787;13/04/2026;segunda-feira;10:30:00;PE;101;79,5;JABOATAO DOS GUARARAPES;Condutor deixou de manter distância do veículo da frente;Colisão traseira;Com Vítimas Feridas;Pleno dia;Crescente;Sol;Dupla;Reta;Sim;2;0;1;0;1;0;0;2;-8,14189;-34,94645;SPRF-PE;DEL01/PE;UOP01-DEL01-PE
764788;09/03/2026;segunda-feira;16:20:00;RJ;101;294;SAO GONCALO;Condutor deixou de manter distância do veículo da frente;Colisão traseira;Com Vítimas Feridas;Pleno dia;Decrescente;Nublado;Dupla;Reta;Sim;3;0;1;0;1;2;0;2;-22,79307;-43,024872;SPRF-RJ;DEL02/RJ;UOP02-DEL02-RJ