id;data_inversa;dia_semana;horario;uf;br;km;municipio;causa_acidente;tipo_acidente;classificacao_acidente;fase_dia;sentido_via;condicao_metereologica;tipo_pista;tracado_via;uso_solo;pessoas;mortos;feridos_leves;feridos_graves;feridos;ilesos;ignorados;veiculos;latitude;longitude;regional;delegacia;uop
764790;13/04/2026;segunda-feira;10:45:00;DF;80;21;BRASILIA;Ausência de reação do condutor;Queda de ocupante de veículo;Com Vítimas Feridas;Pleno dia;Decrescente;Céu Claro;Dupla;"Reta;Em Obras";Sim;1;0;1;0;1;0;0;1;-15,670426;-48,204473;SPRF-DF;DEL03-DF;UOP02-DEL03-DF
764791;13/04/2026;segunda-feira;11:15:00;RS;116;146;CAXIAS DO SUL;Condutor desrespeitou a iluminação vermelha do semáforo;Colisão transversal;Com Vítimas Feridas;Pleno dia;Crescente;Céu Claro;Dupla;Interseção de Vias;Sim;2;0;1;1;2;0;0;2;-29,14291383;-51,13723869;SPRF-RS;DEL05/RS;UOP01-DEL05-RS
764792;13/04/2026;segunda-feira;11:29:00;SP;116;230;SAO PAULO;Reação tardia ou ineficiente do condutor;Colisão traseira;Com Vítimas Feridas;Pleno dia;Crescente;Céu Claro;Múltipla;Reta;Sim;2;0;1;0;1;1;0;2;-23,51652514;-46,57996289;SPRF-SP;DEL01/SP;UOP01-DEL01-SP
764794;13/04/2026;segunda-feira;11:30:00;SE;101;8;CEDRO DE SAO JOAO;Velocidade Incompatível;Saída de leito carroçável;Sem Vítimas;Pleno dia;Crescente;Chuva;Dupla;"Aclive;Reta";Não;1;0;0;0;0;1;0;1;-10,26563;-36,86677;SPRF-SE;DEL02-SE;UOP02-DEL02-SE
764795;13/04/2026;segunda-feira;11:11:00;SP;116;279;EMBU DAS ARTES;Manobra de mudança de faixa;Colisão lateral mesmo sentido;Com Vítimas Feridas;Pleno dia;Decrescente;Céu Claro;Dupla;"Reta;Declive";Não;2;0;1;0;1;1;0;2;-23,64309846;-46,83859297;SPRF-SP;DEL04/SP;UOP01-DEL04-SP
764796;13/04/2026;segunda-feira;10:00:00;TO;10;418;PORTO NACIONAL;Reação tardia ou ineficiente do condutor;Colisão traseira;Sem Vítimas;Pleno dia;Crescente;Céu Claro;Simples;Reta;Não;2;0;0;0;0;2;0;2;-10,60057601;-48,37228473;SPRF-TO;DEL01-TO;UOP03-DEL01-TO
764797;13/04/2026;segunda-feira;10:20:00;RJ;101;326;NITEROI;Reação tardia ou ineficiente do condutor;Queda de ocupante de veículo;Com Vítimas Feridas;Pleno dia;Crescente;Céu Claro;Dupla;Reta;Não;2;0;2;0;2;0;0;1;-22,8713728;-43,15287676;SPRF-RJ;DEL02/RJ;UOP01-DEL02-RJ
764799;13/04/2026;segunda-feira;11:33:00;MG;40;507,3;RIBEIRAO DAS NEVES;Reação tardia ou ineficiente do condutor;Queda de ocupante de veículo;Com Vítimas Feridas;Pleno dia;Decrescente;Céu Claro;Dupla;Reta;Sim;2;0;1;0;1;1;0;1;-19,7556;-44,14032;SPRF-MG;DEL02/MG;UOP01-DEL02-MG
764803;13/04/2026;segunda-feira;10:50:00;RS;116;270;CANOAS;Redutor de velocidade em desacordo;Tombamento;Com Vítimas Feridas;Pleno dia;Decrescente;Nublado;Múltipla;"Reta;Ponte";Sim;2;0;1;0;1;1;0;1;-29,96760373;-51,17633343;SPRF-RS;DEL01/RS;UOP01-DEL01-RS
764805;01/04/2026;quarta-feira;18:20:00;MG;116;702,4;MURIAE;Desrespeitar a preferência no cruzamento;Atropelamento de Pedestre;Com Vítimas Feridas;Plena Noite;Decrescente;Céu Claro;Múltipla;Reta;Não;2;0;1;0;1;1;0;2;-21,125486;-42,382636;SPRF-MG;DEL07/MG;UOP02-DEL07-MG
764806;07/04/2026;terça-feira;18:05:00;MG;146;439,5;CABO VERDE;Desrespeitar a preferência no cruzamento;Colisão transversal;Com Vítimas Feridas;Anoitecer;Crescente;Céu Claro;Simples;"Aclive;Reta;Interseção de Vias";Sim;2;0;0;1;1;1;0;2;-21,4723076;-46,4025536;SPRF-MG;DEL09/MG;UOP01-DEL09-MG
764807;13/04/2026;segunda-feira;11:33:00;RO;421;24;MONTE NEGRO;Ultrapassagem Indevida;Colisão lateral mesmo sentido;Com Vítimas Feridas;Pleno dia;Crescente;Céu Claro;Simples;Aclive;Não;3;0;1;0;1;2;0;3;-10,0723733;-63,2113067;SPRF-RO;DEL03-RO;UOP01-DEL03-RO
764808;13/04/2026;segunda-feira;12:10:00;BA;324;530,1;FEIRA DE SANTANA;Pista Escorregadia;Colisão lateral mesmo sentido;Com Vítimas Feridas;Pleno dia;Decrescente;Chuva;Múltipla;Curva;Não;2;0;1;0;1;1;0;2;-12,337162;-38,84939;SPRF-BA;DEL11/BA;UOP02-DEL11-BA
764810;24/03/2026;terça-feira;18:50:00;PB;230;158,9;CAMPINA GRANDE;Ausência de reação do condutor;Colisão transversal;Com Vítimas Feridas;Plena Noite;Crescente;Céu Claro;Dupla;Em Obras;Não;2;0;1;0;1;1;0;2;-7,2522206;-35,9326069;SPRF-PB;DEL02-PB;UOP01-DEL02-PB
764815;13/04/2026;segunda-feira;10:25:00;PR;369;370,9;MAMBORE;Acessar a via sem observar a presença dos outros veículos;Colisão transversal;Com Vítimas Feridas;Pleno dia;Decrescente;Céu Claro;Simples;"Curva;Interseção de Vias;Rotatória";Não;4;0;2;1;3;1;0;2;-24,27332411;-52,51223803;SPRF-PR;DEL04/PR;UOP03-DEL04-PR
764817;13/04/2026;segunda-feira;12:40:00;MG;381;489;BETIM;Acessar a via sem observar a presença dos outros veículos;Colisão lateral mesmo sentido;Com Vítimas Feridas;Pleno dia;Crescente;Céu Claro;Múltipla;Reta;Não;2;0;2;0;2;0;0;2;-19,95654119;-44,13816199;SPRF-MG;DEL01/MG;UOP03-DEL01-MG
764818;13/04/2026;segunda-feira;14:30:00;PB;230;404,6;POMBAL;Conversão proibida;Colisão frontal;Com Vítimas Feridas;Pleno dia;Crescente;Céu Claro;Simples;Reta;Sim;2;0;0;1;1;1;0;2;-6,766328;-37,79479;SPRF-PB;DEL03-PB;UOP02-DEL03-PB
764819;13/04/2026;segunda-feira;14:21:00;PE;104;53,2;CARUARU;Reação tardia ou ineficiente do condutor;Colisão traseira;Sem Vítimas;Pleno dia;Decrescente;Céu Claro;Dupla;Reta;Sim;2;0;0;0;0;2;0;2;-8,17603;-35,97139;SPRF-PE;DEL02/PE;UOP01-DEL02-PE
764820;13/04/2026;segunda-feira;07:05:00;RO;364;429;JARU;Reação tardia ou ineficiente do condutor;Tombamento;Com Vítimas Feridas;Pleno dia;Decrescente;Nublado;Simples;"Aclive;Reta";Não;2;0;1;0;1;1;0;1;-10,41191;-62,50886;SPRF-RO;DEL03-RO;UOP02-DEL03-RO
764821;13/04/2026;segunda-feira;11:20:00;RJ;101;322;NITEROI;Condutor deixou de manter distância do veículo da frente;Colisão traseira;Sem Vítimas;Pleno dia;Crescente;Céu Claro;Múltipla;"Reta;Ponte";Não;2;0;0;0;0;2;0;2;-22,8783903;-43,1086724;SPRF-RJ;DEL02/RJ;UOP01-DEL02-RJ
764822;13/04/2026;segunda-feira;14:20:00;MG;116;517,3;UBAPORANGA;Velocidade Incompatível;Saída de leito carroçável;Com Vítimas Feridas;Pleno dia;Decrescente;Sol;Simples;Curva;Não;1;0;1;0;1;0;0;1;-19,71;-42,121;SPRF-MG;DEL06/MG;UOP02-DEL06-MG
764823;06/03/2026;sexta-feira;08:00:00;RN;101;98;NATAL;Reação tardia ou ineficiente do condutor;Colisão traseira;Com Vítimas Feridas;Pleno dia;Decrescente;Céu Claro;Dupla;Declive;Sim;3;0;2;0;2;1;0;2;-5,86409959;-35,21584619;SPRF-RN;DEL01-RN;UOP01-DEL01-RN
764824;20/01/2026;terça-feira;06:30:00;GO;70;450;ARAGARCAS;Condutor deixou de manter distância do veículo da frente;Colisão traseira;Com Vítimas Feridas;Amanhecer;Decrescente;Céu Claro;Simples;"Reta;Aclive";Não;2;0;1;0;1;1;0;2;-15,90916858;-52,07691193;SPRF-GO;DEL04/GO;UOP02-DEL04-GO
764826;20/03/2026;sexta-feira;20:20:00;RO;364;8;VILHENA;Reação tardia ou ineficiente do condutor;Colisão traseira;Com Vítimas Feridas;Plena Noite;Crescente;Chuva;Dupla;"Reta;Declive";Sim;3;0;1;0;1;2;0;2;-12,766155;-60,096444;SPRF-RO;DEL04-RO;UOP01-DEL04-RO
764827;13/04/2026;segunda-feira;14:00:00;RO;319;143;PORTO VELHO;Ausência de reação do condutor;Colisão traseira;Sem Vítimas;Pleno dia;Crescente;Nublado;Múltipla;Reta;Sim;2;0;0;0;0;2;0;2;-8,75071121;-63,88757642;SPRF-RO;DEL01-RO;UOP01-DEL01-RO
764829;13/04/2026;segunda-feira;15:20:00;MG;381;931,5;ITAPEVA;Objeto estático sobre o leito carroçável;Queda de ocupante de veículo;Com Vítimas Feridas;Pleno dia;Decrescente;Céu Claro;Dupla;Curva;Não;4;0;4;0;4;0;0;2;-22,78852647;-46,24214172;SPRF-MG;DEL16/MG;UOP03-DEL16-MG
764830;13/04/2026;segunda-feira;13:40:00;RO;364;14;VILHENA;Avarias e/ou desgaste excessivo no pneu;Queda de ocupante de veículo;Com Vítimas Feridas;Pleno dia;Crescente;Céu Claro;Dupla;Reta;Sim;2;0;2;0;2;0;0;1;-12,73822477;-60,14219195;SPRF-RO;DEL04-RO;UOP01-DEL04-RO
764832;05/04/2026;domingo;16:45:00;PB;230;36,8;SANTA RITA;Transitar no Acostamento;Atropelamento de Pedestre;Com Vítimas Feridas;Pleno dia;Decrescente;Céu Claro;Dupla;Reta;Sim;4;0;1;0;1;3;0;2;-7,130224;-34,954427;SPRF-PB;DEL01-PB;UOP02-DEL01-PB
764833;13/04/2026;segunda-feira;13:30:00;MG;262;866;CAMPO FLORIDO;Acessar a via sem observar a presença dos outros veículos;Colisão transversal;Com Vítimas Feridas;Pleno dia;Crescente;Céu Claro;Simples;Reta;Sim;4;0;0;1;1;3;0;2;-19,76853561;-48,57784001;SPRF-MG;DEL13/MG;UOP01-DEL13-MG
764834;13/04/2026;segunda-feira;14:00:00;RJ;40;113;DUQUE DE CAXIAS;Acumulo de areia ou detritos sobre o pavimento;Tombamento;Com Vítimas Feridas;Pleno dia;Crescente;Céu Claro;Simples;"Viaduto;Curva";Não;1;0;1;0;1;0;0;1;-22,71438056;-43,29008102;SPRF-RJ;DEL01/RJ;UOP02-DEL01-RJ
764835;13/04/2026;segunda-feira;15:17:00;RS;386;218;TIO HUGO;Demais falhas mecânicas ou elétricas;Incêndio;Sem Vítimas;Pleno dia;Crescente;Sol;Simples;"Reta;Em Obras";Não;1;0;0;0;0;1;0;1;-28,60183;-52,606475;SPRF-RS;DEL04/RS;UOP03-DEL04-RS
764838;13/04/2026;segunda-feira;16:45:00;PE;408;84;SAO LOURENCO DA MATA;Avarias e/ou desgaste excessivo no pneu;Queda de ocupante de veículo;Com Vítimas Feridas;Pleno dia;Decrescente;Céu Claro;Dupla;Reta;Não;2;0;2;0;2;0;0;1;-7,99855785;-35,06568789;SPRF-PE;DEL01/PE;UOP01-DEL01-PE
764839;13/04/2026;segunda-feira;17:00:00;ES;101;241;SERRA;Acessar a via sem observar a presença dos outros veículos;Colisão transversal;Sem Vítimas;Pleno dia;Decrescente;Céu Claro;Simples;Reta;Não;3;0;0;0;0;3;0;2;-20,029264;-40,397876;SPRF-ES;DEL02-ES;UOP01-DEL02-ES
764841;13/04/2026;segunda-feira;16:54:00;SP;116;231;SAO PAULO;Acessar a via sem observar a presença dos outros veículos;Colisão traseira;Com Vítimas Feridas;Pleno dia;Crescente;Céu Claro;Múltipla;Reta;Sim;2;0;1;0;1;1;0;2;-23,52157707;-46,58575875;SPRF-SP;DEL01/SP;UOP01-DEL01-SP
764844;13/04/2026;segunda-feira;17:00:00;TO;153;688;CARIRI DO TOCANTINS;Acostamento em desnível;Tombamento;Com Vítimas Feridas;Pleno dia;Crescente;Céu Claro;Simples;Reta;Não;1;0;1;0;1;0;0;1;-11,856159;-49,149549;SPRF-TO;DEL01-TO;UOP02-DEL01-TO
764845;13/04/2026;segunda-feira;16:30:00;RJ;116;124,7;MAGE;Reação tardia ou ineficiente do condutor;Queda de ocupante de veículo;Com Vítimas Feridas;Pleno dia;Decrescente;Céu Claro;Dupla;Reta;Não;1;0;1;0;1;0;0;1;-22,646656;-43,070426;SPRF-RJ;DEL04/RJ;UOP02-DEL04-RJ
764847;13/04/2026;segunda-feira;17:35:00;BA;116;423;FEIRA DE SANTANA;Ausência de reação do condutor;Engavetamento;Com Vítimas Feridas;Anoitecer;Decrescente;Nublado;Dupla;Reta;Sim;7;0;4;0;4;3;0;3;-12,23182;-38,97069;SPRF-BA;DEL02/BA;UOP01-DEL02-BA
764850;13/04/2026;segunda-feira;17:28:00;RN;110;47,4;MOSSORO;Transitar no Acostamento;Colisão lateral mesmo sentido;Com Vítimas Feridas;Anoitecer;Decrescente;Céu Claro;Simples;Reta;Sim;2;0;1;0;1;1;0;2;-5,205382;-37,328302;SPRF-RN;DEL04-RN;UOP01-DEL04-RN
764852;09/04/2026;quinta-feira;20:40:00;RJ;101;398;ITAGUAI;Ausência de reação do condutor;Atropelamento de Pedestre;Com Vítimas Feridas;Plena Noite;Crescente;Chuva;Simples;Reta;Não;4;0;2;1;3;1;0;2;-22,866131;-43,75191;SPRF-RJ;DEL03/RJ;UOP01-DEL03-RJ
764853;13/04/2026;segunda-feira;17:45:00;PE;428;192;PETROLINA;Ausência de reação do condutor;Colisão traseira;Com Vítimas Feridas;Anoitecer;Crescente;Céu Claro;Dupla;Reta;Não;3;0;2;0;2;1;0;2;-9,38663607;-40,52435875;SPRF-PE;DEL06/PE;UOP01-DEL06-PE
764855;13/04/2026;segunda-feira;17:30:00;ES;101;293,4;CARIACICA;Reação tardia ou ineficiente do condutor;Tombamento;Com Vítimas Feridas;Anoitecer;Decrescente;Nublado;Dupla;Reta;Sim;1;0;0;1;1;0;0;1;-20,31831347;-40,39606903;SPRF-ES;DEL01-ES;UOP01-DEL01-ES
764856;13/04/2026;segunda-feira;18:40:00;DF;70;9;BRASILIA;Reação tardia ou ineficiente do condutor;Queda de ocupante de veículo;Com Vítimas Feridas;Plena Noite;Crescente;Nublado;Dupla;Reta;Sim;1;0;1;0;1;0;0;1;-15,78582686;-48,13626409;SPRF-DF;DEL03-DF;UOP02-DEL03-DF
764858;13/04/2026;segunda-feira;17:50:00;PE;423;87,2;SAO JOAO;Transitar no Acostamento;Atropelamento de Pedestre;Com Vítimas Feridas;Plena Noite;Crescente;Céu Claro;Simples;"Aclive;Reta";Não;2;0;0;1;1;1;0;2;-8,8244273;-36,4500462;SPRF-PE;DEL03/PE;UOP01-DEL03-PE
764859;13/04/2026;segunda-feira;19:00:00;PE;116;26;SALGUEIRO;Acessar a via sem observar a presença dos outros veículos;Colisão transversal;Sem Vítimas;Plena Noite;Crescente;Céu Claro;Simples;"Reta;Interseção de Vias";Sim;2;0;0;0;0;2;0;2;-8,071185;-39,13369624;SPRF-PE;DEL05/PE;UOP01-DEL05-PE
764860;13/04/2026;segunda-feira;08:35:00;MA;10;244;DAVINOPOLIS;Reação tardia ou ineficiente do condutor;Engavetamento;Com Vítimas Feridas;Pleno dia;Crescente;Céu Claro;Simples;Reta;Sim;4;0;1;0;1;3;0;3;-5,59061;-47,432568;SPRF-MA;DEL04-MA;UOP01-DEL04-MA
764861;13/04/2026;segunda-feira;17:00:00;PE;232;21;MORENO;Acessar a via sem observar a presença dos outros veículos;Colisão transversal;Com Vítimas Feridas;Plena Noite;Crescente;Nublado;Dupla;"Reta;Retorno Regulamentado";Sim;2;0;1;0;1;1;0;2;-8,09748942;-35,08616321;SPRF-PE;DEL01/PE;UOP01-DEL01-PE
764862;13/04/2026;segunda-feira;10:30:00;ES;101;51;CONCEICAO DA BARRA;Ausência de reação do condutor;Saída de leito carroçável;Sem Vítimas;Pleno dia;Crescente;Céu Claro;Simples;Reta;Não;1;0;0;0;0;0;1;1;-18,61094621;-39,88586426;SPRF-ES;DEL04-ES;UOP02-DEL04-ES
764865;12/04/2026;domingo;19:00:00;RJ;40;98;DUQUE DE CAXIAS;Ingestão de álcool pelo condutor;Colisão traseira;Sem Vítimas;Plena Noite;Crescente;Nublado;Dupla;Reta;Não;2;0;0;0;0;2;0;2;-22,58098524;-43,27469721;SPRF-RJ;DEL01/RJ;UOP01-DEL01-RJ
764866;13/04/2026;segunda-feira;19:00:00;ES;101;285;CARIACICA;Objeto estático sobre o leito carroçável;Colisão com objeto;Com Vítimas Feridas;Plena Noite;Crescente;Céu Claro;Dupla;"Reta;Em Obras;Declive";Sim;1;0;1;0;1;0;0;1;-20,254513;-40,374973;SPRF-ES;DEL01-ES;UOP01-DEL01-ES
764867;13/04/2026;segunda-feira;07:44:00;RJ;101;318;SAO GONCALO;Ausência de reação do condutor;Engavetamento;Com Vítimas Feridas;Pleno dia;Crescente;Céu Claro;Dupla;Reta;Não;27;0;23;0;23;4;0;4;-22,84061086;-43,09632897;SPRF-RJ;DEL02/RJ;UOP02-DEL02-RJ
764868;13/04/2026;segunda-feira;18:45:00;MG;40;686,9;RESSAQUINHA;Manobra de mudança de faixa;Colisão traseira;Com Vítimas Feridas;Plena Noite;Crescente;Céu Claro;Simples;Curva;Não;3;0;0;1;1;0;0;3;-21,08692034;-43,77115618;SPRF-MG;DEL05/MG;UOP02-DEL05-MG
764869;13/04/2026;segunda-feira;19:00:00;PR;376;179;MARINGA;Condutor desrespeitou a iluminação vermelha do semáforo;Colisão transversal;Com Vítimas Feridas;Plena Noite;Crescente;Céu Claro;Múltipla;Reta;Sim;2;0;2;0;2;0;0;2;-23,420773;-51,90929;SPRF-PR;DEL09/PR;UOP01-DEL09-PR
764871;13/04/2026;segunda-feira;13:30:00;MA;135;59,7;BACABEIRA;Acesso irregular;Colisão transversal;Com Vítimas Fatais;Pleno dia;Crescente;Nublado;Dupla;Reta;Não;4;1;1;0;1;2;0;2;-3,048821;-44,31826;SPRF-MA;DEL01-MA;UOP02-DEL01-MA
764872;13/04/2026;segunda-feira;19:20:00;GO;20;31;FORMOSA;Pedestre - Ingestão de álcool/ substâncias psicoativas;Atropelamento de Pedestre;Com Vítimas Feridas;Plena Noite;Crescente;Céu Claro;Dupla;Reta;Sim;2;0;1;0;1;1;0;2;-15,4933197;-47,1065804;SPRF-DF;DEL02-DF;UOP02-DEL02-DF
764873;13/04/2026;segunda-feira;19:15:00;SC;101;112;ITAJAI;Manobra de mudança de faixa;Colisão lateral mesmo sentido;Com Vítimas Feridas;Plena Noite;Decrescente;Nublado;Múltipla;Reta;Não;2;0;2;0;2;0;0;2;-26,84642384;-48,72167297;SPRF-SC;DEL04/SC;UOP04-DEL04-SC
764874;13/04/2026;segunda-feira;18:35:00;RN;226;45,7;BOM JESUS;Pista esburacada;Tombamento;Com Vítimas Feridas;Plena Noite;Crescente;Céu Claro;Simples;Reta;Não;1;0;1;0;1;0;0;1;-5,97169724;-35,57303309;SPRF-RN;DEL01-RN;UOP02-DEL01-RN
764875;13/04/2026;segunda-feira;17:50:00;MS;163;486,4;CAMPO GRANDE;Acessar a via sem observar a presença dos outros veículos;Colisão transversal;Com Vítimas Feridas;Plena Noite;Crescente;Nublado;Simples;Reta;Sim;3;0;1;1;2;1;0;2;-20,43050158;-54,54431891;SPRF-MS;DEL01/MS;UOP02-DEL01-MS
764876;13/04/2026;segunda-feira;18:30:00;RO;364;711;PORTO VELHO;Reação tardia ou ineficiente do condutor;Colisão traseira;Com Vítimas Feridas;Anoitecer;Decrescente;Céu Claro;Dupla;Reta;Sim;5;0;1;0;1;4;0;3;-8,78154141;-63,8655409;SPRF-RO;DEL01-RO;UOP01-DEL01-RO
764877;13/04/2026;segunda-feira;19:00:00;ES;101;243;SERRA;Ausência de reação do condutor;Queda de ocupante de veículo;Com Vítimas Feridas;Plena Noite;Crescente;Céu Claro;Dupla;Retorno Regulamentado;Não;1;0;1;0;1;0;0;1;-20,03326476;-40,3962341;SPRF-ES;DEL02-ES;UOP01-DEL02-ES
764878;13/04/2026;segunda-feira;19:40:00;SC;163;71;SAO MIGUEL DO OESTE;Acessar a via sem observar a presença dos outros veículos;Colisão transversal;Com Vítimas Feridas;Plena Noite;Decrescente;Céu Claro;Simples;Reta;Sim;2;0;1;0;1;1;0;2;-26,71901043;-53,51586342;SPRF-SC;DEL07/SC;UOP03-DEL07-SC
764880;13/04/2026;segunda-feira;19:30:00;GO;70;1;AGUAS LINDAS DE GOIAS;Demais falhas mecânicas ou elétricas;Colisão traseira;Sem Vítimas;Plena Noite;Crescente;Céu Claro;Dupla;Aclive;Não;2;0;0;0;0;2;0;2;-15,775517;-48,232328;SPRF-DF;DEL03-DF;UOP02-DEL03-DF
764883;13/04/2026;segunda-feira;18:50:00;SC;101;212;PALHOCA;Reação tardia ou ineficiente do condutor;Colisão traseira;Com Vítimas Feridas;Plena Noite;Decrescente;Nublado;Múltipla;Reta;Sim;3;0;1;0;1;2;0;2;-27,63014;-48,65898;SPRF-SC;DEL01/SC;UOP02-DEL01-SC
764884;13/04/2026;segunda-feira;18:30:00;PR;373;228;IPIRANGA;Acessar a via sem observar a presença dos outros veículos;Colisão transversal;Com Vítimas Feridas;Plena Noite;Crescente;Céu Claro;Simples;Rotatória;Não;4;0;2;0;2;2;0;2;-25,08585586;-50,41060081;SPRF-PR;DEL03/PR;UOP01-DEL03-PR
764885;13/04/2026;segunda-feira;17:40:00;MT;163;840;SINOP;Reação tardia ou ineficiente do condutor;Eventos atípicos;Com Vítimas Feridas;Anoitecer;Crescente;Céu Claro;Simples;Reta;Sim;2;0;1;0;1;0;0;2;-11,817551;-55,483821;SPRF-MT;DEL06/MT;UOP02-DEL06-MT
764887;13/04/2026;segunda-feira;20:30:00;SC;282;16;PALHOCA;Desrespeitar a preferência no cruzamento;Colisão transversal;Com Vítimas Feridas;Plena Noite;Crescente;Céu Claro;Dupla;"Reta;Interseção de Vias";Sim;2;0;2;0;2;0;0;2;-27,66044898;-48,68351452;SPRF-SC;DEL01/SC;UOP02-DEL01-SC
764892;13/04/2026;segunda-feira;13:30:00;MG;262;400;PARA DE MINAS;Ausência de reação do condutor;Tombamento;Com Vítimas Feridas;Pleno dia;Crescente;Céu Claro;Dupla;Curva;Não;2;0;1;0;1;0;0;2;-19,88765;-44,64122;SPRF-MG;DEL01/MG;UOP03-DEL01-MG
764893;13/04/2026;segunda-feira;20:40:00;MG;381;518;IGARAPE;Acessar a via sem observar a presença dos outros veículos;Saída de leito carroçável;Com Vítimas Feridas;Plena Noite;Crescente;Céu Claro;Dupla;Curva;Não;3;0;2;0;2;1;0;1;-20,10959894;-44,32600341;SPRF-MG;DEL01/MG;UOP03-DEL01-MG
764894;13/04/2026;segunda-feira;20:00:00;RJ;465;6;SEROPEDICA;Velocidade Incompatível;Colisão com objeto;Com Vítimas Feridas;Plena Noite;Crescente;Céu Claro;Dupla;Retorno Regulamentado;Sim;1;0;1;0;1;0;0;1;-22,7539781;-43,69332282;SPRF-RJ;DEL06/RJ;UOP02-DEL06-RJ
764895;13/04/2026;segunda-feira;18:30:00;MG;40;43;PARACATU;Transitar na contramão;Colisão frontal;Com Vítimas Feridas;Pleno dia;Decrescente;Céu Claro;Simples;Reta;Sim;2;0;0;1;1;1;0;2;-17,226855;-46,860165;SPRF-MG;DEL14/MG;UOP01-DEL14-MG
764899;13/04/2026;segunda-feira;18:14:00;MG;40;45,3;PARACATU;Acessar a via sem observar a presença dos outros veículos;Colisão transversal;Com Vítimas Fatais;Anoitecer;Crescente;Céu Claro;Simples;Reta;Sim;4;1;0;0;0;2;0;3;-17,236909;-46,842515;SPRF-MG;DEL14/MG;UOP01-DEL14-MG
764902;13/04/2026;segunda-feira;21:05:00;SP;116;320;JUQUITIBA;Reação tardia ou ineficiente do condutor;Saída de leito carroçável;Sem Vítimas;Plena Noite;Decrescente;Céu Claro;Dupla;Reta;Sim;1;0;0;0;0;1;0;1;-23,93236732;-47,00881052;SPRF-SP;DEL04/SP;UOP03-DEL04-SP
764903;13/04/2026;segunda-feira;19:45:00;MT;163;749;SORRISO;Ausência de reação do condutor;Queda de ocupante de veículo;Com Vítimas Feridas;Plena Noite;Decrescente;Céu Claro;Dupla;Reta;Não;2;0;1;1;2;0;0;1;-12,58481623;-55,73624969;SPRF-MT;DEL06/MT;UOP01-DEL06-MT
764905;13/04/2026;segunda-feira;20:05:00;RO;364;710;PORTO VELHO;Ingestão de álcool pelo condutor;Tombamento;Com Vítimas Feridas;Plena Noite;Decrescente;Céu Claro;Simples;Reta;Sim;2;0;1;0;1;0;0;2;-8,78277981;-63,86385115;SPRF-RO;DEL01-RO;UOP01-DEL01-RO
764906;13/04/2026;segunda-feira;19:58:00;RO;364;709;PORTO VELHO;Reação tardia ou ineficiente do condutor;Queda de ocupante de veículo;Com Vítimas Feridas;Plena Noite;Crescente;Nublado;Dupla;Reta;Sim;1;0;1;0;1;0;0;1;-8,78997;-63,85123;SPRF-RO;DEL01-RO;UOP01-DEL01-RO
764909;13/04/2026;segunda-feira;21:45:00;RS;116;255;ESTEIO;Objeto estático sobre o leito carroçável;Colisão com objeto;Com Vítimas Feridas;Plena Noite;Decrescente;Céu Claro;Dupla;Reta;Sim;1;0;1;0;1;0;0;1;-29,83460232;-51,17462462;SPRF-RS;DEL01/RS;UOP02-DEL01-RS
764910;13/04/2026;segunda-feira;09:25:00;RJ;101;312;SAO GONCALO;Trafegar com motocicleta (ou similar) entre as faixas;Colisão traseira;Com Vítimas Feridas;Pleno dia;Crescente;Céu Claro;Dupla;Reta;Sim;4;0;1;0;1;3;0;4;-22,80626939;-43,06282136;SPRF-RJ;DEL02/RJ;UOP02-DEL02-RJ
764911;13/04/2026;segunda-feira;18:10:00;MT;70;518;SANTO ANTONIO DO LEVERGER;Ausência de reação do condutor;Colisão traseira;Com Vítimas Feridas;Anoitecer;Crescente;Ignorado;Dupla;Reta;Não;3;0;1;0;1;2;0;2;-15,70171365;-55,8757782;SPRF-MT;DEL01/MT;UOP02-DEL01-MT
764912;13/04/2026;segunda-feira;18:35:00;MS;158;4,3;CASSILANDIA;Manobra de mudança de faixa;Colisão frontal;Com Vítimas Feridas;Plena Noite;Decrescente;Céu Claro;Simples;"Reta;Interseção de Vias";Sim;3;0;2;0;2;1;0;2;-19,120817;-51,72463;SPRF-MS;DEL08/MS;UOP01-DEL08-MS
764914;13/04/2026;segunda-feira;20:20:00;MG;116;697,4;MURIAE;Transitar na contramão;Colisão frontal;Com Vítimas Feridas;Plena Noite;Crescente;Céu Claro;Simples;Reta;Não;2;0;0;1;1;1;0;2;-21,084294;-42,374531;SPRF-MG;DEL07/MG;UOP02-DEL07-MG
764916;13/04/2026;segunda-feira;19:30:00;RJ;40;7;COMENDADOR LEVY GASPARIAN;Demais falhas mecânicas ou elétricas;Incêndio;Sem Vítimas;Plena Noite;Crescente;Céu Claro;Dupla;Reta;Não;1;0;0;0;0;1;0;1;-22,00986023;-43,24234232;SPRF-RJ;DEL05/RJ;UOP02-DEL05-RJ
764917;13/04/2026;segunda-feira;22:48:00;SC;101;213,6;PALHOCA;Pedestre cruzava a pista fora da faixa;Atropelamento de Pedestre;Com Vítimas Fatais;Plena Noite;Crescente;Ignorado;Múltipla;Reta;Sim;6;1;0;0;0;3;0;2;-27,64155554;-48,66845727;SPRF-SC;DEL01/SC;UOP02-DEL01-SC