id;data_inversa;dia_semana;horario;uf;br;km;municipio;causa_acidente;tipo_acidente;classificacao_acidente;fase_dia;sentido_via;condicao_metereologica;tipo_pista;tracado_via;uso_solo;pessoas;mortos;feridos_leves;feridos_graves;feridos;ilesos;ignorados;veiculos;latitude;longitude;regional;delegacia;uop
765473;16/04/2026;quinta-feira;17:40:00;RS;470;159;NOVA PRATA;Acessar a via sem observar a presença dos outros veículos;Colisão transversal;Com Vítimas Feridas;Pleno dia;Crescente;Céu Claro;Simples;Reta;Sim;2;0;2;0;2;0;0;2;-28,80800584;-51,60346683;SPRF-RS;DEL06/RS;UOP02-DEL06-RS
765475;16/04/2026;quinta-feira;13:20:00;MG;116;527;CARATINGA;Reação tardia ou ineficiente do condutor;Colisão transversal;Com Vítimas Feridas;Pleno dia;Crescente;Sol;Dupla;Interseção de Vias;Sim;2;0;0;1;1;1;0;2;-19,77965011;-42,13296443;SPRF-MG;DEL06/MG;UOP02-DEL06-MG
765476;16/04/2026;quinta-feira;18:15:00;PR;373;273,7;PONTA GROSSA;Acessar a via sem observar a presença dos outros veículos;Atropelamento de Pedestre;Com Vítimas Feridas;Anoitecer;Decrescente;Céu Claro;Dupla;Reta;Sim;2;0;0;1;1;1;0;2;-25,07742585;-50,20753797;SPRF-PR;DEL08/PR;UOP01-DEL08-PR
765477;16/04/2026;quinta-feira;16:10:00;SC;280;183,9;MAFRA;Ausência de reação do condutor;Tombamento;Com Vítimas Feridas;Pleno dia;Decrescente;Céu Claro;Simples;Reta;Não;1;0;1;0;1;0;0;1;-26,1691;-49,94601;SPRF-SC;DEL06/SC;UOP01-DEL06-SC
765478;16/04/2026;quinta-feira;18:07:00;GO;60;384;RIO VERDE;Manobra de mudança de faixa;Colisão lateral mesmo sentido;Com Vítimas Feridas;Anoitecer;Crescente;Céu Claro;Dupla;"Viaduto;Reta";Sim;2;0;0;1;1;1;0;2;-17,797213;-50,915255;SPRF-GO;DEL04/GO;UOP02-DEL04-GO
765480;02/01/2026;sexta-feira;10:00:00;ES;259;62;COLATINA;Acessar a via sem observar a presença dos outros veículos;Colisão transversal;Com Vítimas Feridas;Pleno dia;Crescente;Céu Claro;Simples;Reta;Não;2;0;0;1;1;1;0;2;-19,54113731;-40,56879113;SPRF-ES;DEL02-ES;UOP01-DEL02-ES
765486;16/04/2026;quinta-feira;18:00:00;PR;376;186,1;SARANDI;Trafegar com motocicleta (ou similar) entre as faixas;Tombamento;Com Vítimas Feridas;Anoitecer;Crescente;Céu Claro;Dupla;Reta;Sim;1;0;0;1;1;0;0;1;-23,44749;-51,861021;SPRF-PR;DEL09/PR;UOP01-DEL09-PR
765487;16/04/2026;quinta-feira;18:55:00;SC;101;204;SAO JOSE;Trafegar com motocicleta (ou similar) entre as faixas;Colisão lateral mesmo sentido;Com Vítimas Feridas;Plena Noite;Crescente;Céu Claro;Múltipla;Reta;Sim;2;0;1;0;1;1;0;2;-27,57416;-48,6136;SPRF-SC;DEL01/SC;UOP01-DEL01-SC
765488;16/04/2026;quinta-feira;17:20:00;RJ;101;312;SAO GONCALO;Ausência de reação do condutor;Saída de leito carroçável;Com Vítimas Feridas;Pleno dia;Decrescente;Céu Claro;Dupla;Reta;Sim;1;0;1;0;1;0;0;1;-22,806118;-43,0622445;SPRF-RJ;DEL02/RJ;UOP02-DEL02-RJ
765489;16/04/2026;quinta-feira;19:00:00;PR;277;77;SAO JOSE DOS PINHAIS;Acesso irregular;Colisão transversal;Com Vítimas Feridas;Plena Noite;Decrescente;Céu Claro;Dupla;Reta;Sim;2;0;2;0;2;0;0;2;-25,4863;-49,1848;SPRF-PR;DEL01/PR;UOP08-DEL01-PR
765490;16/04/2026;quinta-feira;18:15:00;RN;226;11,5;MACAIBA;Acessar a via sem observar a presença dos outros veículos;Colisão transversal;Com Vítimas Feridas;Plena Noite;Crescente;Céu Claro;Simples;Reta;Sim;2;0;0;1;1;1;0;2;-5,847345;-35,309034;SPRF-RN;DEL01-RN;UOP02-DEL01-RN
765492;16/04/2026;quinta-feira;19:00:00;SP;116;216,9;GUARULHOS;Reação tardia ou ineficiente do condutor;Tombamento;Com Vítimas Feridas;Plena Noite;Decrescente;Céu Claro;Múltipla;Reta;Sim;1;0;1;0;1;0;0;1;-23,45268035;-46,46747796;SPRF-SP;DEL01/SP;UOP01-DEL01-SP
765494;16/04/2026;quinta-feira;18:05:00;MG;40;632,4;CONSELHEIRO LAFAIETE;Retorno proibido;Colisão transversal;Com Vítimas Feridas;Anoitecer;Crescente;Céu Claro;Simples;"Aclive;Reta;Interseção de Vias";Sim;2;0;1;0;1;1;0;2;-20,6724;-43,79814;SPRF-MG;DEL05/MG;UOP02-DEL05-MG
765496;16/04/2026;quinta-feira;18:40:00;RS;158;326;SANTA MARIA;Acessar a via sem observar a presença dos outros veículos;Colisão transversal;Com Vítimas Feridas;Anoitecer;Crescente;Nublado;Dupla;"Em Obras;Rotatória";Sim;2;0;1;0;1;1;0;2;-29,715313;-53,810328;SPRF-RS;DEL09/RS;UOP01-DEL09-RS
765497;16/04/2026;quinta-feira;18:40:00;RJ;116;182;NOVA IGUACU;Manobra de mudança de faixa;Colisão traseira;Com Vítimas Feridas;Plena Noite;Crescente;Céu Claro;Múltipla;Reta;Sim;3;0;1;0;1;2;0;2;-22,75457242;-43,43433484;SPRF-RJ;DEL06/RJ;UOP01-DEL06-RJ
765498;16/04/2026;quinta-feira;14:00:00;MG;116;414,4;GOVERNADOR VALADARES;Acessar a via sem observar a presença dos outros veículos;Colisão transversal;Com Vítimas Feridas;Pleno dia;Decrescente;Céu Claro;Simples;"Retorno Regulamentado;Interseção de Vias;Curva";Sim;3;0;2;0;2;1;0;2;-18,884159;-41,94801;SPRF-MG;DEL06/MG;UOP01-DEL06-MG
765499;16/04/2026;quinta-feira;18:30:00;MS;163;453,3;CAMPO GRANDE;Ausência de reação do condutor;Colisão traseira;Com Vítimas Feridas;Plena Noite;Crescente;Nublado;Simples;Aclive;Não;3;0;1;0;1;2;0;2;-20,69744244;-54,54986572;SPRF-MS;DEL01/MS;UOP01-DEL01-MS
765500;16/04/2026;quinta-feira;19:30:00;ES;101;145,9;LINHARES;Manobra de mudança de faixa;Colisão traseira;Com Vítimas Feridas;Plena Noite;Crescente;Céu Claro;Múltipla;Reta;Sim;2;0;1;0;1;0;0;2;-19,36828167;-40,06501667;SPRF-ES;DEL04-ES;UOP01-DEL04-ES
765501;16/04/2026;quinta-feira;19:00:00;SC;101;336;TUBARAO;Pedestre cruzava a pista fora da faixa;Atropelamento de Pedestre;Com Vítimas Feridas;Plena Noite;Crescente;Céu Claro;Simples;Reta;Não;2;0;0;1;1;1;0;2;-28,476128;-49,030084;SPRF-SC;DEL02/SC;UOP01-DEL02-SC
765503;16/04/2026;quinta-feira;18:55:00;PE;101;75,9;RECIFE;Ausência de reação do condutor;Colisão traseira;Com Vítimas Feridas;Plena Noite;Decrescente;Céu Claro;Dupla;Reta;Sim;2;0;1;0;1;1;0;2;-8,11758;-34,94358;SPRF-PE;DEL01/PE;UOP01-DEL01-PE
765504;16/04/2026;quinta-feira;18:50:00;RJ;116;317,9;ITATIAIA;Ultrapassagem Indevida;Colisão lateral mesmo sentido;Com Vítimas Feridas;Plena Noite;Decrescente;Céu Claro;Simples;Reta;Não;3;0;2;0;2;1;0;2;-22,467852;-44,506672;SPRF-RJ;DEL07/RJ;UOP02-DEL07-RJ
765505;16/04/2026;quinta-feira;19:20:00;RJ;101;327;NITEROI;Reação tardia ou ineficiente do condutor;Colisão traseira;Com Vítimas Feridas;Plena Noite;Decrescente;Céu Claro;Múltipla;"Aclive;Reta";Não;2;0;1;0;1;1;0;2;-22,870459;-43,16425649;SPRF-RJ;DEL02/RJ;UOP01-DEL02-RJ
765506;16/04/2026;quinta-feira;19:30:00;PR;116;101;SAO JOSE DOS PINHAIS;Reação tardia ou ineficiente do condutor;Colisão lateral mesmo sentido;Com Vítimas Feridas;Plena Noite;Crescente;Céu Claro;Dupla;Reta;Sim;2;0;1;0;1;0;0;2;-25,5675;-49,173;SPRF-PR;DEL01/PR;UOP08-DEL01-PR
765507;16/04/2026;quinta-feira;19:21:00;PR;376;622,9;SAO JOSE DOS PINHAIS;Condutor Dormindo;Colisão com objeto;Com Vítimas Feridas;Plena Noite;Crescente;Céu Claro;Dupla;Curva;Não;1;0;1;0;1;0;0;1;-25,637122;-49,160933;SPRF-PR;DEL01/PR;UOP04-DEL01-PR
765508;16/04/2026;quinta-feira;15:30:00;PI;316;314,5;PICOS;Acessar a via sem observar a presença dos outros veículos;Tombamento;Com Vítimas Feridas;Pleno dia;Crescente;Céu Claro;Múltipla;"Interseção de Vias;Reta";Sim;3;0;2;0;2;1;0;2;-7,07813;-41,439863;SPRF-PI;DEL04-PI;UOP01-DEL04-PI
765509;16/04/2026;quinta-feira;14:00:00;PI;135;194;OEIRAS;Acessar a via sem observar a presença dos outros veículos;Colisão transversal;Com Vítimas Feridas;Pleno dia;Decrescente;Céu Claro;Simples;Reta;Sim;3;0;1;0;1;2;0;2;-6,99837;-42,111363;SPRF-PI;DEL03-PI;UOP01-DEL03-PI
765510;17/03/2026;terça-feira;15:20:00;SP;381;50;ATIBAIA;Frear bruscamente;Colisão transversal;Com Vítimas Feridas;Pleno dia;Decrescente;Céu Claro;Dupla;"Reta;Interseção de Vias";Não;3;0;1;0;1;2;0;2;-23,21475589;-46,59389734;SPRF-SP;DEL03/SP;UOP01-DEL03-SP
765512;16/04/2026;quinta-feira;17:50:00;SC;280;230;CANOINHAS;Acumulo de areia ou detritos sobre o pavimento;Queda de ocupante de veículo;Com Vítimas Feridas;Anoitecer;Crescente;Nublado;Simples;Rotatória;Sim;1;0;1;0;1;0;0;1;-26,187359;-50,361344;SPRF-SC;DEL06/SC;UOP04-DEL06-SC
765513;16/04/2026;quinta-feira;16:30:00;MT;364;439;VARZEA GRANDE;Reação tardia ou ineficiente do condutor;Saída de leito carroçável;Sem Vítimas;Anoitecer;Decrescente;Nublado;Dupla;Reta;Sim;1;0;0;0;0;1;0;1;-15,6102;-56,203816;SPRF-MT;DEL01/MT;UOP02-DEL01-MT
765514;16/04/2026;quinta-feira;19:59:00;PI;343;343,3;TERESINA;Desrespeitar a preferência no cruzamento;Colisão transversal;Com Vítimas Feridas;Plena Noite;Crescente;Céu Claro;Dupla;"Interseção de Vias;Rotatória";Não;3;0;1;1;2;1;0;2;-5,090496;-42,760507;SPRF-PI;DEL01-PI;UOP01-DEL01-PI
765515;16/04/2026;quinta-feira;20:00:00;MG;50;70;UBERLANDIA;Reação tardia ou ineficiente do condutor;Colisão traseira;Com Vítimas Feridas;Plena Noite;Crescente;Céu Claro;Dupla;"Reta;Declive";Não;3;0;2;0;2;1;0;2;-18,96096202;-48,21580634;SPRF-MG;DEL15/MG;UOP01-DEL15-MG
765516;16/04/2026;quinta-feira;20:40:00;SP;116;448;REGISTRO;Ausência de reação do condutor;Tombamento;Com Vítimas Feridas;Plena Noite;Crescente;Céu Claro;Dupla;Reta;Sim;1;0;1;0;1;0;0;1;-24,52742764;-47,8559947;SPRF-SP;DEL05/SP;UOP01-DEL05-SP
765517;16/04/2026;quinta-feira;18:30:00;SC;282;213,4;LAGES;Entrada inopinada do pedestre;Atropelamento de Pedestre;Com Vítimas Feridas;Plena Noite;Crescente;Céu Claro;Simples;"Reta;Declive";Sim;5;0;0;1;1;4;0;2;-27,78108025;-50,24678969;SPRF-SC;DEL05/SC;UOP01-DEL05-SC
765519;16/04/2026;quinta-feira;20:15:00;SC;282;486,3;FAXINAL DOS GUEDES;Ingestão de álcool pelo condutor;Colisão transversal;Sem Vítimas;Plena Noite;Crescente;Nublado;Simples;Interseção de Vias;Sim;2;0;0;0;0;2;0;2;-26,85572881;-52,25738168;SPRF-SC;DEL07/SC;UOP01-DEL07-SC
765520;16/04/2026;quinta-feira;18:50:00;MT;174;3,2;PONTES E LACERDA;Desrespeitar a preferência no cruzamento;Colisão transversal;Com Vítimas Feridas;Plena Noite;Decrescente;Ignorado;Simples;Reta;Sim;2;0;1;0;1;1;0;2;-15,235599;-59,342191;SPRF-MT;DEL04/MT;UOP01-DEL04-MT
765522;16/04/2026;quinta-feira;21:10:00;ES;101;146,6;LINHARES;Pista esburacada;Queda de ocupante de veículo;Com Vítimas Feridas;Plena Noite;Crescente;Céu Claro;Múltipla;"Reta;Interseção de Vias";Sim;2;0;2;0;2;0;0;1;-19,37542525;-40,06652393;SPRF-ES;DEL04-ES;UOP01-DEL04-ES
765523;16/04/2026;quinta-feira;17:03:00;SC;280;25;ARAQUARI;Trafegar com motocicleta (ou similar) entre as faixas;Colisão transversal;Com Vítimas Feridas;Pleno dia;Decrescente;Céu Claro;Simples;"Reta;Interseção de Vias";Sim;2;0;0;1;1;1;0;2;-26,40454779;-48,74528378;SPRF-SC;DEL03/SC;UOP03-DEL03-SC
765524;16/04/2026;quinta-feira;20:30:00;SC;282;611,5;MARAVILHA;Objeto estático sobre o leito carroçável;Colisão com objeto;Com Vítimas Feridas;Plena Noite;Decrescente;Nublado;Simples;Declive;Não;3;0;1;1;2;1;0;1;-26,75674729;-53,24414341;SPRF-SC;DEL07/SC;UOP02-DEL07-SC
765525;16/04/2026;quinta-feira;20:20:00;RS;290;293;CACHOEIRA DO SUL;Reação tardia ou ineficiente do condutor;Saída de leito carroçável;Com Vítimas Feridas;Plena Noite;Crescente;Céu Claro;Simples;Reta;Não;1;0;1;0;1;0;0;1;-30,294815;-53,147668;SPRF-RS;DEL02/RS;UOP03-DEL02-RS
765526;16/04/2026;quinta-feira;17:40:00;AC;317;285;EPITACIOLANDIA;Reação tardia ou ineficiente do condutor;Colisão frontal;Com Vítimas Feridas;Anoitecer;Crescente;Chuva;Simples;Reta;Não;2;0;2;0;2;0;0;2;-11,0208337;-68,6816077;SPRF-AC;DEL01-AC;UOP02-DEL01-AC
765527;16/04/2026;quinta-feira;21:00:00;GO;60;97,7;ANAPOLIS;Animais na Pista;Atropelamento de Animal;Com Vítimas Feridas;Plena Noite;Decrescente;Nublado;Dupla;Reta;Sim;2;0;2;0;2;0;0;1;-16,38431188;-48,95424698;SPRF-GO;DEL02/GO;UOP01-DEL02-GO
765529;16/04/2026;quinta-feira;19:00:00;MT;163;829;SINOP;Acessar a via sem observar a presença dos outros veículos;Colisão traseira;Com Vítimas Feridas;Plena Noite;Crescente;Céu Claro;Simples;"Retorno Regulamentado;Reta";Sim;2;0;1;0;1;1;0;2;-11,913188;-55,50875;SPRF-MT;DEL06/MT;UOP02-DEL06-MT
765530;16/04/2026;quinta-feira;18:15:00;PE;428;186;PETROLINA;Acessar a via sem observar a presença dos outros veículos;Colisão transversal;Com Vítimas Feridas;Plena Noite;Decrescente;Céu Claro;Dupla;Reta;Sim;3;0;2;0;2;1;0;2;-9,35673165;-40,47875885;SPRF-PE;DEL06/PE;UOP01-DEL06-PE
765531;16/04/2026;quinta-feira;21:35:00;SP;116;219;GUARULHOS;Reação tardia ou ineficiente do condutor;Colisão transversal;Com Vítimas Feridas;Plena Noite;Decrescente;Céu Claro;Dupla;Curva;Não;2;0;1;0;1;1;0;2;-23,463257;-46,492962;SPRF-SP;DEL01/SP;UOP01-DEL01-SP
765532;16/04/2026;quinta-feira;22:00:00;PE;104;31,7;CARUARU;Velocidade Incompatível;Colisão traseira;Com Vítimas Feridas;Plena Noite;Crescente;Nublado;Simples;"Viaduto;Aclive;Reta";Sim;3;0;0;2;2;1;0;2;-8,01741584;-36,05300903;SPRF-PE;DEL02/PE;UOP01-DEL02-PE
765533;16/04/2026;quinta-feira;21:40:00;BA;116;478;RAFAEL JAMBEIRO;Velocidade Incompatível;Saída de leito carroçável;Com Vítimas Feridas;Plena Noite;Decrescente;Céu Claro;Dupla;"Reta;Declive";Não;2;0;1;1;2;0;0;1;-12,5093774;-39,3661704;SPRF-BA;DEL02/BA;UOP01-DEL02-BA
765534;16/04/2026;quinta-feira;21:50:00;SC;470;66,1;INDAIAL;Velocidade Incompatível;Atropelamento de Pedestre;Com Vítimas Feridas;Plena Noite;Crescente;Céu Claro;Simples;Reta;Não;2;0;0;1;1;1;0;2;-26,87035252;-49,22323164;SPRF-SC;DEL04/SC;UOP01-DEL04-SC
765535;16/04/2026;quinta-feira;22:30:00;SC;101;136;BALNEARIO CAMBORIU;Manobra de mudança de faixa;Colisão lateral mesmo sentido;Com Vítimas Feridas;Plena Noite;Crescente;Nublado;Múltipla;Interseção de Vias;Sim;3;0;2;0;2;0;0;2;-27,00914319;-48,61568347;SPRF-SC;DEL04/SC;UOP03-DEL04-SC
765536;16/04/2026;quinta-feira;21:50:00;GO;40;0;VALPARAISO DE GOIAS;Ingestão de álcool pelo condutor;Colisão traseira;Com Vítimas Feridas;Plena Noite;Crescente;Céu Claro;Dupla;Reta;Sim;2;0;0;1;1;1;0;2;-16,05133435;-47,98167078;SPRF-DF;DEL01-DF;UOP01-DEL01-DF
765537;16/04/2026;quinta-feira;22:00:00;PR;153;331,6;IRATI;Animais na Pista;Atropelamento de Animal;Com Vítimas Feridas;Plena Noite;Decrescente;Céu Claro;Simples;"Reta;Declive";Não;1;0;1;0;1;0;0;1;-25,468969;-50,632928;SPRF-PR;DEL08/PR;UOP02-DEL08-PR
765538;16/04/2026;quinta-feira;22:10:00;PR;277;1;FOZ DO IGUACU;Ultrapassagem Indevida;Queda de ocupante de veículo;Com Vítimas Feridas;Plena Noite;Decrescente;Nublado;Dupla;Reta;Sim;1;0;0;1;1;0;0;1;-25,50077037;-54,51718569;SPRF-PR;DEL05/PR;UOP04-DEL05-PR
765539;16/04/2026;quinta-feira;21:00:00;GO;364;2;SAO SIMAO;Acessar a via sem observar a presença dos outros veículos;Colisão lateral mesmo sentido;Com Vítimas Feridas;Plena Noite;Decrescente;Céu Claro;Simples;Reta;Não;2;0;2;0;2;0;0;2;-19,03440057;-50,51535364;SPRF-GO;DEL05/GO;UOP02-DEL05-GO
765540;16/04/2026;quinta-feira;19:50:00;RS;116;657,3;JAGUARAO;Conversão proibida;Colisão traseira;Com Vítimas Feridas;Plena Noite;Decrescente;Nublado;Simples;Reta;Sim;2;0;1;0;1;1;0;2;-32,55397975;-53,38535635;SPRF-RS;DEL07/RS;UOP03-DEL07-RS
765541;16/04/2026;quinta-feira;23:10:00;PR;277;715;SANTA TEREZINHA DE ITAIPU;Avarias e/ou desgaste excessivo no pneu;Tombamento;Com Vítimas Feridas;Plena Noite;Crescente;Céu Claro;Dupla;"Aclive;Reta";Não;1;0;1;0;1;0;0;1;-25,46366881;-54,44570945;SPRF-PR;DEL05/PR;UOP01-DEL05-PR
765542;16/04/2026;quinta-feira;22:30:00;SP;116;222;GUARULHOS;Manobra de mudança de faixa;Colisão lateral mesmo sentido;Com Vítimas Feridas;Plena Noite;Decrescente;Nublado;Múltipla;Reta;Não;2;0;1;0;1;1;0;2;-23,47482063;-46,52319292;SPRF-SP;DEL01/SP;UOP01-DEL01-SP
765546;17/04/2026;sexta-feira;00:35:00;RJ;40;62,7;PETROPOLIS;Ausência de reação do condutor;Colisão com objeto;Com Vítimas Feridas;Plena Noite;Decrescente;Céu Claro;Dupla;"Declive;Reta";Sim;1;0;0;1;1;0;0;1;-22,28268725;-43,11972075;SPRF-RJ;DEL05/RJ;UOP02-DEL05-RJ
765547;16/04/2026;quinta-feira;21:15:00;MG;262;571;CAMPOS ALTOS;Velocidade Incompatível;Saída de leito carroçável;Com Vítimas Feridas;Plena Noite;Decrescente;Céu Claro;Simples;"Rotatória;Interseção de Vias;Curva";Não;4;0;4;0;4;0;0;1;-19,64861753;-46,07008569;SPRF-MG;DEL08/MG;UOP02-DEL08-MG
765552;16/04/2026;quinta-feira;23:30:00;SC;470;266,9;CURITIBANOS;Ausência de reação do condutor;Colisão com objeto;Com Vítimas Feridas;Plena Noite;Crescente;Céu Claro;Simples;Curva;Não;4;0;1;3;4;0;0;1;-27,31167;-50,74631;SPRF-SC;DEL05/SC;UOP03-DEL05-SC
765554;17/04/2026;sexta-feira;01:45:00;PR;376;617,8;SAO JOSE DOS PINHAIS;Condutor Dormindo;Colisão traseira;Com Vítimas Feridas;Plena Noite;Decrescente;Nevoeiro/Neblina;Múltipla;"Curva;Aclive";Sim;2;0;1;0;1;0;0;2;-25,59690599;-49,17359099;SPRF-PR;DEL01/PR;UOP04-DEL01-PR
765556;16/04/2026;quinta-feira;19:23:00;PA;10;182,3;IPIXUNA DO PARA;Ultrapassagem Indevida;Colisão frontal;Com Vítimas Feridas;Plena Noite;Crescente;Nublado;Simples;"Aclive;Reta";Não;3;0;1;1;2;1;0;2;-2,878322;-47,436385;SPRF-PA;DEL02/PA;UOP01-DEL02-PA
765557;17/04/2026;sexta-feira;00:25:00;MS;163;4,2;MUNDO NOVO;Reação tardia ou ineficiente do condutor;Saída de leito carroçável;Com Vítimas Feridas;Plena Noite;Decrescente;Céu Claro;Simples;Reta;Não;2;0;0;1;1;1;0;1;-24,015604;-54,298983;SPRF-MS;DEL09/MS;UOP02-DEL09-MS
765559;17/04/2026;sexta-feira;04:30:00;PR;277;143;BALSA NOVA;Condutor Dormindo;Saída de leito carroçável;Com Vítimas Feridas;Plena Noite;Decrescente;Céu Claro;Dupla;Reta;Não;1;0;1;0;1;0;0;1;-25,47129857;-49,67577394;SPRF-PR;DEL01/PR;UOP07-DEL01-PR
765562;17/04/2026;sexta-feira;04:00:00;RJ;40;103;DUQUE DE CAXIAS;Ausência de reação do condutor;Queda de ocupante de veículo;Com Vítimas Feridas;Plena Noite;Decrescente;Nublado;Dupla;Reta;Sim;2;0;1;0;1;1;0;1;-22,63209432;-43,28521013;SPRF-RJ;DEL01/RJ;UOP02-DEL01-RJ
765563;17/04/2026;sexta-feira;04:04:00;PI;135;338;SANTA LUZ;Reação tardia ou ineficiente do condutor;Queda de ocupante de veículo;Com Vítimas Feridas;Plena Noite;Decrescente;Céu Claro;Simples;Reta;Não;1;0;1;0;1;0;0;1;-8,91576329;-44,2487157;SPRF-PI;DEL03-PI;UOP02-DEL03-PI
765564;17/04/2026;sexta-feira;04:40:00;RS;392;350;SANTA MARIA;Ingestão de álcool pelo condutor;Colisão com objeto;Com Vítimas Feridas;Plena Noite;Crescente;Céu Claro;Simples;"Em Obras;Interseção de Vias";Sim;2;0;1;0;1;0;0;1;-29,73423294;-53,79900503;SPRF-RS;DEL09/RS;UOP01-DEL09-RS
765566;17/04/2026;sexta-feira;04:20:00;RO;364;718;PORTO VELHO;Ausência de reação do condutor;Saída de leito carroçável;Com Vítimas Fatais;Plena Noite;Decrescente;Céu Claro;Dupla;"Aclive;Reta";Não;1;1;0;0;0;0;0;1;-8,8025;-63,9139;SPRF-RO;DEL01-RO;UOP01-DEL01-RO
765568;17/04/2026;sexta-feira;05:55:00;MG;40;511;RIBEIRAO DAS NEVES;Manobra de mudança de faixa;Colisão lateral mesmo sentido;Com Vítimas Feridas;Pleno dia;Crescente;Céu Claro;Dupla;"Aclive;Reta";Sim;2;0;1;0;1;1;0;2;-19,7861798;-44,1157837;SPRF-MG;DEL01/MG;UOP02-DEL01-MG
765570;17/04/2026;sexta-feira;01:40:00;RJ;493;96;SEROPEDICA;Ausência de reação do condutor;Queda de ocupante de veículo;Com Vítimas Feridas;Plena Noite;Crescente;Céu Claro;Dupla;Reta;Não;2;0;2;0;2;0;0;1;-22,71211617;-43,7026434;SPRF-RJ;DEL01/RJ;UOP03-DEL01-RJ
765571;17/04/2026;sexta-feira;06:28:00;SP;116;373;JUQUITIBA;Reação tardia ou ineficiente do condutor;Colisão traseira;Com Vítimas Feridas;Amanhecer;Decrescente;Céu Claro;Dupla;Reta;Não;1;0;1;0;1;0;0;1;-24;-47;SPRF-SP;DEL04/SP;UOP02-DEL04-SP
765572;17/04/2026;sexta-feira;04:50:00;BA;324;546;AMELIA RODRIGUES;Ausência de reação do condutor;Queda de ocupante de veículo;Com Vítimas Feridas;Pleno dia;Crescente;Céu Claro;Dupla;Reta;Não;1;0;1;0;1;0;0;1;-12,42054414;-38,74657721;SPRF-BA;DEL11/BA;UOP02-DEL11-BA
765574;17/04/2026;sexta-feira;06:27:00;PB;230;9;CABEDELO;Ausência de reação do condutor;Colisão traseira;Com Vítimas Feridas;Pleno dia;Decrescente;Sol;Múltipla;Reta;Sim;2;0;1;0;1;1;0;2;-7,047723;-34,848142;SPRF-PB;DEL01-PB;UOP01-DEL01-PB
765578;17/04/2026;sexta-feira;07:30:00;DF;70;17;BRASILIA;Entrada inopinada do pedestre;Atropelamento de Pedestre;Com Vítimas Fatais;Pleno dia;Decrescente;Céu Claro;Dupla;Reta;Sim;2;1;0;0;0;1;0;2;-15,7921;-48,20888;SPRF-DF;DEL03-DF;UOP02-DEL03-DF
765579;16/04/2026;quinta-feira;22:00:00;PE;232;411;SERRA TALHADA;Acessar a via sem observar a presença dos outros veículos;Atropelamento de Pedestre;Com Vítimas Feridas;Plena Noite;Crescente;Céu Claro;Simples;Reta;Sim;2;0;1;0;1;1;0;2;-7,98061;-38,306487;SPRF-PE;DEL04/PE;UOP01-DEL04-PE
765580;17/04/2026;sexta-feira;06:40:00;BA;324;621;SALVADOR;Manobra de mudança de faixa;Colisão lateral mesmo sentido;Com Vítimas Feridas;Pleno dia;Crescente;Céu Claro;Dupla;Reta;Sim;3;0;2;0;2;1;0;2;-12,92057973;-38,46622467;SPRF-BA;DEL01/BA;UOP01-DEL01-BA
765582;17/04/2026;sexta-feira;07:35:00;SE;235;47,3;ITABAIANA;Acessar a via sem observar a presença dos outros veículos;Colisão transversal;Com Vítimas Feridas;Pleno dia;Crescente;Céu Claro;Simples;Reta;Não;3;0;1;0;1;2;0;2;-10,7276546;-37,41449682;SPRF-SE;DEL01-SE;UOP02-DEL01-SE
765585;17/04/2026;sexta-feira;08:30:00;RS;116;258,9;CANOAS;Reação tardia ou ineficiente do condutor;Colisão lateral mesmo sentido;Com Vítimas Feridas;Pleno dia;Crescente;Garoa/Chuvisco;Múltipla;"Reta;Em Obras";Sim;2;0;1;0;1;1;0;2;-29,87417828;-51,17985249;SPRF-RS;DEL01/RS;UOP02-DEL01-RS
765586;17/04/2026;sexta-feira;08:10:00;PR;369;53,5;BANDEIRANTES;Condutor deixou de manter distância do veículo da frente;Colisão traseira;Sem Vítimas;Pleno dia;Crescente;Sol;Simples;Reta;Não;3;0;0;0;0;2;0;3;-23,1038;-50,3544;SPRF-PR;DEL07/PR;UOP05-DEL07-PR
765587;17/04/2026;sexta-feira;08:01:00;SC;280;167;MAFRA;Ausência de reação do condutor;Tombamento;Com Vítimas Feridas;Pleno dia;Decrescente;Céu Claro;Simples;Interseção de Vias;Sim;1;0;1;0;1;0;0;1;-26,164864;-49,8184669;SPRF-SC;DEL06/SC;UOP01-DEL06-SC
765588;17/04/2026;sexta-feira;08:00:00;SC;280;33;ARAQUARI;Ausência de reação do condutor;Colisão transversal;Com Vítimas Feridas;Pleno dia;Decrescente;Céu Claro;Simples;"Reta;Interseção de Vias";Sim;5;0;2;0;2;3;0;2;-26,4263885;-48,78832234;SPRF-SC;DEL03/SC;UOP03-DEL03-SC
765589;17/04/2026;sexta-feira;08:30:00;RJ;116;194;QUEIMADOS;Manobra de mudança de faixa;Colisão lateral mesmo sentido;Com Vítimas Feridas;Pleno dia;Crescente;Céu Claro;Dupla;Reta;Não;2;0;1;0;1;1;0;2;-22,72465018;-43,56561631;SPRF-RJ;DEL06/RJ;UOP01-DEL06-RJ