id;data_inversa;dia_semana;horario;uf;br;km;municipio;causa_acidente;tipo_acidente;classificacao_acidente;fase_dia;sentido_via;condicao_metereologica;tipo_pista;tracado_via;uso_solo;pessoas;mortos;feridos_leves;feridos_graves;feridos;ilesos;ignorados;veiculos;latitude;longitude;regional;delegacia;uop
765590;28/03/2026;sábado;21:20:00;PE;232;4,5;RECIFE;Estacionar ou parar em local proibido;Colisão traseira;Sem Vítimas;Plena Noite;Crescente;Nublado;Dupla;Viaduto;Não;2;0;0;0;0;1;0;2;-8,066395;-34,941627;SPRF-PE;DEL01/PE;UOP01-DEL01-PE
765591;17/04/2026;sexta-feira;07:30:00;RJ;393;178;PARAIBA DO SUL;Conversão proibida;Colisão transversal;Com Vítimas Feridas;Pleno dia;Crescente;Céu Claro;Simples;Reta;Sim;3;0;1;1;2;1;0;2;-22,1358161;-43,25095296;SPRF-RJ;DEL05/RJ;UOP03-DEL05-RJ
765592;17/04/2026;sexta-feira;08:05:00;RS;290;68;GRAVATAI;Acumulo de óleo sobre o pavimento;Queda de ocupante de veículo;Com Vítimas Feridas;Pleno dia;Decrescente;Céu Claro;Simples;Curva;Não;1;0;1;0;1;0;0;1;-29,94273789;-50,89948654;SPRF-RS;DEL03/RS;UOP01-DEL03-RS
765593;17/04/2026;sexta-feira;07:00:00;RJ;40;117;DUQUE DE CAXIAS;Reação tardia ou ineficiente do condutor;Queda de ocupante de veículo;Com Vítimas Feridas;Pleno dia;Decrescente;Céu Claro;Múltipla;Reta;Sim;1;0;1;0;1;0;0;1;-22,746703;-43,287717;SPRF-RJ;DEL01/RJ;UOP02-DEL01-RJ
765594;17/04/2026;sexta-feira;08:50:00;PI;343;309;ALTOS;Ausência de reação do condutor;Colisão transversal;Com Vítimas Feridas;Pleno dia;Decrescente;Céu Claro;Simples;Reta;Sim;2;0;1;0;1;1;0;2;-5,037203;-42,447003;SPRF-PI;DEL01-PI;UOP01-DEL01-PI
765595;17/04/2026;sexta-feira;02:44:00;MT;163;794;SORRISO;Transitar na contramão;Colisão frontal;Com Vítimas Feridas;Plena Noite;Crescente;Nublado;Simples;"Reta;Declive";Não;3;0;0;2;2;1;0;2;-12,6976956;-55,8111873;SPRF-MT;DEL06/MT;UOP02-DEL06-MT
765596;17/04/2026;sexta-feira;08:10:00;RJ;40;121;DUQUE DE CAXIAS;Trafegar com motocicleta (ou similar) entre as faixas;Colisão traseira;Com Vítimas Feridas;Pleno dia;Crescente;Céu Claro;Dupla;Reta;Sim;2;0;1;0;1;1;0;2;-22,78137093;-43,28637064;SPRF-RJ;DEL01/RJ;UOP02-DEL01-RJ
765599;16/04/2026;quinta-feira;23:20:00;MA;10;177,6;CAMPESTRE DO MARANHAO;Velocidade Incompatível;Colisão traseira;Com Vítimas Feridas;Plena Noite;Decrescente;Céu Claro;Simples;Reta;Não;2;0;1;0;1;1;0;2;-6,165723;-47,366257;SPRF-MA;DEL04-MA;UOP02-DEL04-MA
765600;17/04/2026;sexta-feira;07:37:00;PA;230;7;ALTAMIRA;Reação tardia ou ineficiente do condutor;Colisão lateral mesmo sentido;Com Vítimas Feridas;Pleno dia;Crescente;Céu Claro;Simples;Reta;Sim;2;0;1;0;1;1;0;2;-3,19220371;-52,21847892;SPRF-PA;DEL04/PA;UOP01-DEL04-PA
765602;17/04/2026;sexta-feira;09:00:00;SP;381;17;BRAGANCA PAULISTA;Condutor deixou de manter distância do veículo da frente;Engavetamento;Com Vítimas Feridas;Pleno dia;Decrescente;Céu Claro;Dupla;"Aclive;Reta";Sim;3;0;1;0;1;2;0;3;-22,96557423;-46,48385234;SPRF-SP;DEL03/SP;UOP02-DEL03-SP
765605;17/04/2026;sexta-feira;09:50:00;PR;277;655,9;MATELANDIA;Reação tardia ou ineficiente do condutor;Colisão traseira;Com Vítimas Feridas;Pleno dia;Crescente;Nublado;Simples;"Aclive;Reta";Não;2;0;1;0;1;1;0;2;-25,22644345;-53,95160168;SPRF-PR;DEL05/PR;UOP02-DEL05-PR
765606;17/04/2026;sexta-feira;10:30:00;PB;412;67;SERRA BRANCA;Avarias e/ou desgaste excessivo no pneu;Tombamento;Com Vítimas Feridas;Pleno dia;Decrescente;Sol;Simples;Reta;Não;2;0;1;0;1;0;0;2;-7,453082;-36,599447;SPRF-PB;DEL02-PB;UOP02-DEL02-PB
765607;17/04/2026;sexta-feira;10:20:00;MA;222;673;ACAILANDIA;Acesso irregular;Colisão lateral sentido oposto;Com Vítimas Feridas;Pleno dia;Decrescente;Céu Claro;Simples;Interseção de Vias;Sim;4;0;1;1;2;2;0;2;-4,9541662;-47,48859392;SPRF-MA;DEL04-MA;UOP03-DEL04-MA
765610;17/04/2026;sexta-feira;09:50:00;SP;116;213;GUARULHOS;Reação tardia ou ineficiente do condutor;Colisão traseira;Sem Vítimas;Pleno dia;Decrescente;Sol;Múltipla;"Reta;Declive";Sim;2;0;0;0;0;2;0;2;-23,44093303;-46,43920708;SPRF-SP;DEL01/SP;UOP01-DEL01-SP
765612;17/04/2026;sexta-feira;10:50:00;PB;104;156;BARRA DE SANTANA;Transitar no Acostamento;Tombamento;Com Vítimas Feridas;Pleno dia;Decrescente;Céu Claro;Simples;Aclive;Não;1;0;1;0;1;0;0;1;-7,52271;-35,98923;SPRF-PB;DEL02-PB;UOP03-DEL02-PB
765613;17/04/2026;sexta-feira;12:15:00;SC;280;29;ARAQUARI;Acessar a via sem observar a presença dos outros veículos;Colisão transversal;Com Vítimas Feridas;Pleno dia;Decrescente;Céu Claro;Simples;"Reta;Interseção de Vias";Sim;2;0;1;0;1;1;0;2;-26,40965603;-48,75161521;SPRF-SC;DEL03/SC;UOP03-DEL03-SC
765614;17/04/2026;sexta-feira;10:00:00;RO;174;14,9;VILHENA;Manobra de mudança de faixa;Colisão lateral mesmo sentido;Com Vítimas Feridas;Pleno dia;Decrescente;Nublado;Simples;Reta;Sim;1;0;1;0;1;0;0;1;-12,71811181;-60,1272279;SPRF-RO;DEL04-RO;UOP01-DEL04-RO
765615;17/04/2026;sexta-feira;11:50:00;DF;70;8;BRASILIA;Reação tardia ou ineficiente do condutor;Colisão traseira;Com Vítimas Feridas;Pleno dia;Crescente;Nublado;Dupla;Reta;Não;4;0;1;0;1;3;0;4;-15,7867;-48,13947;SPRF-DF;DEL03-DF;UOP02-DEL03-DF
765616;17/04/2026;sexta-feira;12:20:00;PE;232;100,2;BEZERROS;Acessar a via sem observar a presença dos outros veículos;Colisão frontal;Com Vítimas Feridas;Pleno dia;Decrescente;Céu Claro;Simples;Interseção de Vias;Sim;3;0;3;0;3;0;0;2;-8,23968;-35,74702;SPRF-PE;DEL02/PE;UOP03-DEL02-PE
765617;17/04/2026;sexta-feira;12:40:00;ES;101;301;VIANA;Reação tardia ou ineficiente do condutor;Colisão traseira;Com Vítimas Feridas;Pleno dia;Crescente;Céu Claro;Dupla;"Curva;Interseção de Vias";Não;2;0;1;0;1;1;0;2;-20,36271296;-40,4401803;SPRF-ES;DEL01-ES;UOP01-DEL01-ES
765620;17/04/2026;sexta-feira;12:30:00;PR;116;65;CAMPINA GRANDE DO SUL;Frear bruscamente;Colisão traseira;Com Vítimas Feridas;Pleno dia;Crescente;Céu Claro;Dupla;"Reta;Declive";Não;2;0;1;0;1;0;0;2;-25,27152655;-48,91847991;SPRF-PR;DEL01/PR;UOP02-DEL01-PR
765621;17/04/2026;sexta-feira;12:40:00;ES;101;212;IBIRACU;Transitar no Acostamento;Colisão transversal;Com Vítimas Feridas;Pleno dia;Crescente;Céu Claro;Simples;Reta;Sim;2;0;1;0;1;1;0;2;-19,81668073;-40,36727697;SPRF-ES;DEL02-ES;UOP01-DEL02-ES
765622;17/04/2026;sexta-feira;11:58:00;SP;101;42,3;UBATUBA;Condutor deixou de manter distância do veículo da frente;Colisão traseira;Com Vítimas Feridas;Pleno dia;Decrescente;Céu Claro;Simples;Reta;Não;2;0;1;0;1;1;0;2;-23,41356;-45,052348;SPRF-SP;DEL06/SP;UOP01-DEL06-SP
765623;17/04/2026;sexta-feira;12:10:00;RS;386;45,5;SEBERI;Acessar a via sem observar a presença dos outros veículos;Colisão traseira;Com Vítimas Feridas;Pleno dia;Decrescente;Nublado;Simples;Curva;Não;2;0;1;0;1;1;0;2;-27,45205;-53,41384;SPRF-RS;DEL08/RS;UOP02-DEL08-RS
765624;17/04/2026;sexta-feira;13:00:00;PR;369;202;APUCARANA;Desrespeitar a preferência no cruzamento;Colisão transversal;Com Vítimas Feridas;Pleno dia;Crescente;Céu Claro;Simples;"Reta;Interseção de Vias";Sim;2;0;0;1;1;1;0;2;-23,54440815;-51,45407308;SPRF-PR;DEL07/PR;UOP03-DEL07-PR
765625;22/02/2026;domingo;22:45:00;SP;381;31;ATIBAIA;Acessar a via sem observar a presença dos outros veículos;Colisão transversal;Com Vítimas Feridas;Plena Noite;Decrescente;Céu Claro;Múltipla;Reta;Sim;3;0;0;1;1;1;0;2;-23,05697632;-46,57098625;SPRF-SP;DEL03/SP;UOP02-DEL03-SP
765626;17/04/2026;sexta-feira;12:51:00;PB;230;26;JOAO PESSOA;Ausência de reação do condutor;Tombamento;Com Vítimas Feridas;Pleno dia;Crescente;Céu Claro;Dupla;Reta;Sim;1;0;1;0;1;0;0;1;-7,16624;-34,88773;SPRF-PB;DEL01-PB;UOP01-DEL01-PB
765627;17/04/2026;sexta-feira;12:47:00;PA;163;992;SANTAREM;Condutor deixou de manter distância do veículo da frente;Colisão traseira;Com Vítimas Feridas;Pleno dia;Decrescente;Nublado;Simples;Reta;Não;2;0;1;0;1;1;0;2;-2,538833;-54,722842;SPRF-PA;DEL05/PA;UOP01-DEL05-PA
765629;28/03/2026;sábado;20:40:00;SP;116;130;CACAPAVA;Reação tardia ou ineficiente do condutor;Colisão traseira;Com Vítimas Feridas;Plena Noite;Decrescente;Nublado;Dupla;Reta;Sim;2;0;1;1;2;0;0;2;-23,1248018;-45,7328936;SPRF-SP;DEL02/SP;UOP02-DEL02-SP
765631;17/04/2026;sexta-feira;13:20:00;BA;101;435;UBAITABA;Condutor deixou de manter distância do veículo da frente;Colisão traseira;Com Vítimas Feridas;Pleno dia;Crescente;Céu Claro;Simples;Declive;Não;4;0;2;0;2;2;0;2;-14,2877784;-39,3248012;SPRF-BA;DEL05/BA;UOP01-DEL05-BA
765633;17/04/2026;sexta-feira;13:01:00;PE;104;31,3;CARUARU;Acessar a via sem observar a presença dos outros veículos;Colisão transversal;Com Vítimas Feridas;Pleno dia;Decrescente;Céu Claro;Simples;"Curva;Interseção de Vias";Sim;2;0;1;0;1;1;0;2;-8,01387;-36,0565;SPRF-PE;DEL02/PE;UOP01-DEL02-PE
765636;17/04/2026;sexta-feira;13:10:00;PI;343;4,5;TERESINA;Manobra de mudança de faixa;Colisão lateral mesmo sentido;Com Vítimas Feridas;Pleno dia;Decrescente;Céu Claro;Múltipla;Reta;Sim;2;0;1;0;1;1;0;2;-5,08099607;-42,791318;SPRF-PI;DEL01-PI;UOP01-DEL01-PI
765637;17/04/2026;sexta-feira;13:45:00;RJ;465;21;RIO DE JANEIRO;Acesso irregular;Colisão transversal;Com Vítimas Feridas;Pleno dia;Crescente;Céu Claro;Simples;Reta;Sim;2;0;1;0;1;1;0;2;-22,86011022;-43,60168632;SPRF-RJ;DEL06/RJ;UOP02-DEL06-RJ
765638;17/04/2026;sexta-feira;05:55:00;BA;420;247;MUTUIPE;Ultrapassagem Indevida;Colisão frontal;Com Vítimas Feridas;Pleno dia;Decrescente;Céu Claro;Simples;Curva;Não;2;0;0;1;1;0;0;2;-13,217741;-39,485498;SPRF-BA;DEL11/BA;UOP01-DEL11-BA
765640;17/04/2026;sexta-feira;14:00:00;PI;316;12;TERESINA;Transitar na contramão;Colisão frontal;Com Vítimas Feridas;Pleno dia;Decrescente;Céu Claro;Múltipla;"Reta;Interseção de Vias";Sim;2;0;1;0;1;1;0;2;-5,198466;-42,758602;SPRF-PI;DEL01-PI;UOP02-DEL01-PI
765643;17/04/2026;sexta-feira;14:00:00;PR;277;122;CAMPO LARGO;Reação tardia ou ineficiente do condutor;Colisão traseira;Com Vítimas Feridas;Pleno dia;Decrescente;Céu Claro;Dupla;Reta;Sim;6;0;1;0;1;5;0;2;-25,446398;-49,491622;SPRF-PR;DEL01/PR;UOP07-DEL01-PR
765645;17/04/2026;sexta-feira;14:00:00;SC;282;157,1;BOM RETIRO;Ausência de reação do condutor;Colisão lateral sentido oposto;Com Vítimas Feridas;Pleno dia;Decrescente;Céu Claro;Simples;Reta;Não;6;0;0;2;2;3;0;3;-27,74269;-49,72714;SPRF-SC;DEL05/SC;UOP01-DEL05-SC
765646;17/04/2026;sexta-feira;14:05:00;GO;40;4;VALPARAISO DE GOIAS;Condutor deixou de manter distância do veículo da frente;Colisão traseira;Com Vítimas Feridas;Pleno dia;Decrescente;Céu Claro;Dupla;Reta;Sim;3;0;2;0;2;1;0;2;-16,08708197;-47,98556364;SPRF-DF;DEL01-DF;UOP01-DEL01-DF
765648;17/04/2026;sexta-feira;11:50:00;PE;232;409;SERRA TALHADA;Ultrapassagem Indevida;Colisão frontal;Com Vítimas Feridas;Pleno dia;Crescente;Sol;Simples;Reta;Sim;3;0;1;2;3;0;0;2;-7,98179211;-38,29241753;SPRF-PE;DEL04/PE;UOP01-DEL04-PE
765650;17/04/2026;sexta-feira;10:50:00;RJ;101;382;ANGRA DOS REIS;Acessar a via sem observar a presença dos outros veículos;Colisão transversal;Com Vítimas Feridas;Pleno dia;Decrescente;Céu Claro;Simples;Curva;Não;2;0;1;0;1;1;0;2;-23,00496327;-44,29787625;SPRF-RJ;DEL03/RJ;UOP01-DEL03-RJ
765651;17/04/2026;sexta-feira;10:40:00;RS;290;74;GRAVATAI;Reação tardia ou ineficiente do condutor;Saída de leito carroçável;Sem Vítimas;Pleno dia;Decrescente;Céu Claro;Dupla;Reta;Não;1;0;0;0;0;0;1;1;-29,95468357;-51,00214005;SPRF-RS;DEL03/RS;UOP01-DEL03-RS
765652;17/04/2026;sexta-feira;15:25:00;BA;116;11,2;VITORIA DA CONQUISTA;Desrespeitar a preferência no cruzamento;Colisão transversal;Sem Vítimas;Pleno dia;Decrescente;Sol;Simples;Reta;Sim;2;0;0;0;0;2;0;2;-14,87321694;-40,87136149;SPRF-BA;DEL08/BA;UOP01-DEL08-BA
765655;17/04/2026;sexta-feira;14:30:00;MG;116;524,5;CARATINGA;Acessar a via sem observar a presença dos outros veículos;Colisão transversal;Com Vítimas Feridas;Pleno dia;Crescente;Céu Claro;Simples;"Curva;Interseção de Vias";Sim;2;0;2;0;2;0;0;2;-19,768666;-42,1312633;SPRF-MG;DEL06/MG;UOP02-DEL06-MG
765656;17/04/2026;sexta-feira;09:35:00;PR;116;75;PIRAQUARA;Condutor deixou de manter distância do veículo da frente;Tombamento;Com Vítimas Feridas;Pleno dia;Crescente;Céu Claro;Dupla;Reta;Não;1;0;1;0;1;0;0;1;-25,39913652;-49,099617;SPRF-PR;DEL01/PR;UOP02-DEL01-PR
765657;17/04/2026;sexta-feira;15:30:00;SC;280;28,7;ARAQUARI;Acessar a via sem observar a presença dos outros veículos;Colisão lateral mesmo sentido;Com Vítimas Feridas;Pleno dia;Decrescente;Céu Claro;Simples;Reta;Sim;2;0;1;0;1;1;0;2;-26,40645257;-48,74742502;SPRF-SC;DEL03/SC;UOP03-DEL03-SC
765658;13/04/2026;segunda-feira;02:05:00;MG;116;410;GOVERNADOR VALADARES;Iluminação deficiente;Colisão traseira;Com Vítimas Feridas;Plena Noite;Crescente;Nublado;Dupla;Reta;Sim;2;0;1;0;1;0;0;2;-18,86288047;-41,97432786;SPRF-MG;DEL06/MG;UOP01-DEL06-MG
765661;17/04/2026;sexta-feira;15:45:00;RS;386;435,2;NOVA SANTA RITA;Acessar a via sem observar a presença dos outros veículos;Colisão transversal;Com Vítimas Feridas;Pleno dia;Crescente;Céu Claro;Simples;"Interseção de Vias;Rotatória";Sim;2;0;1;0;1;1;0;2;-29,847868;-51,270771;SPRF-RS;DEL04/RS;UOP02-DEL04-RS
765664;17/04/2026;sexta-feira;15:50:00;MG;40;501,1;ESMERALDAS;Avarias e/ou desgaste excessivo no pneu;Tombamento;Com Vítimas Feridas;Pleno dia;Decrescente;Céu Claro;Dupla;"Aclive;Reta";Não;2;0;2;0;2;0;0;1;-19,7385;-44,14923;SPRF-MG;DEL02/MG;UOP01-DEL02-MG
765665;17/04/2026;sexta-feira;16:07:00;RN;406;162;SAO GONCALO DO AMARANTE;Conversão proibida;Colisão transversal;Com Vítimas Fatais;Pleno dia;Decrescente;Céu Claro;Simples;Declive;Não;3;1;0;1;1;1;0;2;-5,732067;-35,357995;SPRF-RN;DEL02-RN;UOP01-DEL02-RN
765667;17/04/2026;sexta-feira;15:35:00;SC;280;26;ARAQUARI;Trafegar com motocicleta (ou similar) entre as faixas;Colisão transversal;Com Vítimas Feridas;Pleno dia;Decrescente;Céu Claro;Simples;Reta;Sim;3;0;2;0;2;1;0;2;-26,39411683;-48,73827744;SPRF-SC;DEL03/SC;UOP03-DEL03-SC
765668;17/04/2026;sexta-feira;08:30:00;MT;70;274,6;PRIMAVERA DO LESTE;Ausência de reação do condutor;Saída de leito carroçável;Com Vítimas Feridas;Pleno dia;Decrescente;Céu Claro;Simples;"Reta;Declive";Sim;1;0;0;1;1;0;0;1;-15,57997526;-54,41931009;SPRF-MT;DEL05/MT;UOP01-DEL05-MT
765670;17/04/2026;sexta-feira;15:00:00;GO;40;9;LUZIANIA;Acessar a via sem observar a presença dos outros veículos;Colisão traseira;Com Vítimas Feridas;Pleno dia;Crescente;Céu Claro;Dupla;"Retorno Regulamentado;Reta";Sim;3;0;0;1;1;2;0;3;-16,17311;-47,92964;SPRF-DF;DEL01-DF;UOP01-DEL01-DF
765672;29/03/2026;domingo;18:20:00;RN;405;187,6;MAJOR SALES;Transitar na contramão;Colisão frontal;Com Vítimas Fatais;Plena Noite;Decrescente;Céu Claro;Simples;Reta;Não;2;1;0;1;1;0;0;2;-6,412077;-38,323963;SPRF-RN;DEL04-RN;UOP02-DEL04-RN
765673;17/04/2026;sexta-feira;14:25:00;PE;408;91,5;SAO LOURENCO DA MATA;Demais falhas mecânicas ou elétricas;Incêndio;Sem Vítimas;Pleno dia;Decrescente;Céu Claro;Dupla;"Reta;Declive";Não;1;0;0;0;0;0;1;1;-8,04248;-35,02178;SPRF-PE;DEL01/PE;UOP01-DEL01-PE
765674;17/04/2026;sexta-feira;15:20:00;MG;40;377,1;CURVELO;Reação tardia ou ineficiente do condutor;Saída de leito carroçável;Com Vítimas Feridas;Pleno dia;Decrescente;Céu Claro;Simples;Reta;Não;3;0;2;1;3;0;0;1;-18,86129;-44,74076;SPRF-MG;DEL02/MG;UOP01-DEL02-MG
765679;17/04/2026;sexta-feira;16:41:00;PE;101;44;IGARASSU;Acessar a via sem observar a presença dos outros veículos;Colisão lateral mesmo sentido;Com Vítimas Feridas;Anoitecer;Decrescente;Sol;Múltipla;"Retorno Regulamentado;Declive";Sim;3;0;1;1;2;0;0;3;-7,85761826;-34,90818707;SPRF-PE;DEL01/PE;UOP02-DEL01-PE
765680;17/04/2026;sexta-feira;17:20:00;SC;101;193;BIGUACU;Reação tardia ou ineficiente do condutor;Colisão traseira;Com Vítimas Feridas;Pleno dia;Decrescente;Céu Claro;Dupla;Reta;Sim;2;0;1;0;1;1;0;2;-27,49181203;-48,65643946;SPRF-SC;DEL01/SC;UOP01-DEL01-SC
765681;17/04/2026;sexta-feira;16:40:00;PR;277;663;MATELANDIA;Ausência de reação do condutor;Saída de leito carroçável;Com Vítimas Feridas;Pleno dia;Crescente;Céu Claro;Dupla;Reta;Não;2;0;2;0;2;0;0;1;-25,25169;-54,006115;SPRF-PR;DEL05/PR;UOP02-DEL05-PR
765682;17/04/2026;sexta-feira;17:15:00;PE;101;45;IGARASSU;Entrada inopinada do pedestre;Atropelamento de Pedestre;Com Vítimas Feridas;Anoitecer;Crescente;Céu Claro;Múltipla;Reta;Sim;2;0;1;0;1;1;0;2;-7,872219;-34,906126;SPRF-PE;DEL01/PE;UOP02-DEL01-PE
765683;17/04/2026;sexta-feira;17:40:00;SP;101;48;UBATUBA;Ausência de reação do condutor;Colisão lateral sentido oposto;Com Vítimas Feridas;Anoitecer;Crescente;Céu Claro;Simples;Rotatória;Sim;2;0;1;0;1;1;0;2;-23,4336019;-45,08590506;SPRF-SP;DEL06/SP;UOP01-DEL06-SP
765684;17/04/2026;sexta-feira;17:35:00;GO;60;378;RIO VERDE;Reação tardia ou ineficiente do condutor;Colisão lateral mesmo sentido;Com Vítimas Feridas;Anoitecer;Crescente;Céu Claro;Dupla;"Curva;Retorno Regulamentado";Sim;3;0;1;0;1;2;0;2;-17,7712717;-50,8851767;SPRF-GO;DEL04/GO;UOP02-DEL04-GO
765685;17/04/2026;sexta-feira;14:10:00;SC;101;25,6;JOINVILLE;Velocidade Incompatível;Saída de leito carroçável;Com Vítimas Feridas;Pleno dia;Decrescente;Céu Claro;Dupla;"Interseção de Vias;Reta";Sim;1;0;0;1;1;0;0;1;-26,18819011;-48,91157119;SPRF-SC;DEL03/SC;UOP01-DEL03-SC
765688;17/04/2026;sexta-feira;15:30:00;PR;487;139;TUNEIRAS DO OESTE;Desrespeitar a preferência no cruzamento;Colisão transversal;Com Vítimas Feridas;Pleno dia;Decrescente;Nublado;Simples;"Aclive;Interseção de Vias;Reta";Não;4;0;1;1;2;2;0;2;-23,87465019;-52,85461172;SPRF-PR;DEL09/PR;UOP03-DEL09-PR
765689;17/04/2026;sexta-feira;15:00:00;MG;40;143;JOAO PINHEIRO;Acessar a via sem observar a presença dos outros veículos;Colisão transversal;Com Vítimas Feridas;Pleno dia;Decrescente;Céu Claro;Simples;"Interseção de Vias;Reta";Sim;2;0;1;0;1;0;0;2;-17,74688824;-46,17548347;SPRF-MG;DEL14/MG;UOP01-DEL14-MG
765690;17/04/2026;sexta-feira;17:52:00;SC;101;208;SAO JOSE;Conversão proibida;Colisão traseira;Com Vítimas Feridas;Pleno dia;Crescente;Céu Claro;Dupla;Reta;Sim;2;0;1;0;1;0;0;2;-27,6042578;-48,63334608;SPRF-SC;DEL01/SC;UOP01-DEL01-SC
765691;17/04/2026;sexta-feira;17:30:00;SP;381;57;MAIRIPORA;Ausência de reação do condutor;Colisão lateral mesmo sentido;Com Vítimas Feridas;Anoitecer;Decrescente;Céu Claro;Dupla;"Declive;Reta";Não;5;0;1;0;1;4;0;2;-23,27450409;-46,58522224;SPRF-SP;DEL03/SP;UOP01-DEL03-SP
765692;17/04/2026;sexta-feira;17:06:00;TO;153;297;PRESIDENTE KENNEDY;Reação tardia ou ineficiente do condutor;Saída de leito carroçável;Sem Vítimas;Pleno dia;Decrescente;Céu Claro;Simples;"Reta;Declive";Não;1;0;0;0;0;0;1;1;-8,50515;-48,48834;SPRF-TO;DEL02-TO;UOP02-DEL02-TO
765693;17/04/2026;sexta-feira;17:42:00;SP;116;217;GUARULHOS;Ingestão de substâncias psicoativas pelo condutor;Colisão lateral mesmo sentido;Com Vítimas Feridas;Amanhecer;Crescente;Céu Claro;Múltipla;Declive;Sim;1;0;1;0;1;0;0;1;-23,45622855;-46,47719669;SPRF-SP;DEL01/SP;UOP01-DEL01-SP
765694;17/04/2026;sexta-feira;18:10:00;ES;101;52,2;CONCEICAO DA BARRA;Ultrapassagem Indevida;Saída de leito carroçável;Com Vítimas Feridas;Plena Noite;Crescente;Nublado;Simples;Reta;Não;1;0;1;0;1;0;0;1;-18,605218;-39,886509;SPRF-ES;DEL04-ES;UOP02-DEL04-ES
765696;17/04/2026;sexta-feira;17:00:00;SC;101;38,9;JOINVILLE;Reação tardia ou ineficiente do condutor;Colisão traseira;Com Vítimas Feridas;Pleno dia;Crescente;Nublado;Dupla;Reta;Sim;3;0;1;0;1;2;0;2;-26,29952278;-48,88360262;SPRF-SC;DEL03/SC;UOP01-DEL03-SC
765697;17/04/2026;sexta-feira;17:30:00;RS;290;176,8;BUTIA;Conversão proibida;Colisão frontal;Com Vítimas Feridas;Pleno dia;Decrescente;Céu Claro;Simples;Reta;Não;2;0;1;0;1;1;0;2;-30,13209328;-51,97791144;SPRF-RS;DEL02/RS;UOP03-DEL02-RS
765698;17/04/2026;sexta-feira;18:00:00;GO;60;171,2;ABADIA DE GOIAS;Acesso irregular;Colisão transversal;Com Vítimas Feridas;Anoitecer;Crescente;Chuva;Dupla;"Reta;Retorno Regulamentado;Declive";Sim;2;0;0;1;1;1;0;2;-16,74392317;-49,41786714;SPRF-GO;DEL01/GO;UOP02-DEL01-GO
765700;17/04/2026;sexta-feira;18:00:00;GO;70;0;AGUAS LINDAS DE GOIAS;Ultrapassagem Indevida;Colisão lateral mesmo sentido;Sem Vítimas;Anoitecer;Decrescente;Nublado;Dupla;"Declive;Curva";Não;2;0;0;0;0;2;0;2;-15,7832716;-48,23287725;SPRF-DF;DEL03-DF;UOP02-DEL03-DF
765702;17/04/2026;sexta-feira;18:20:00;RS;116;234;NOVO HAMBURGO;Ausência de reação do condutor;Colisão traseira;Com Vítimas Feridas;Anoitecer;Decrescente;Nublado;Dupla;Reta;Sim;2;0;1;0;1;1;0;2;-29,6601681;-51,1438419;SPRF-RS;DEL01/RS;UOP02-DEL01-RS
765703;17/04/2026;sexta-feira;17:13:00;SC;470;37,4;GASPAR;Ingestão de álcool pelo condutor;Colisão traseira;Com Vítimas Feridas;Pleno dia;Crescente;Céu Claro;Dupla;Curva;Não;5;0;3;1;4;1;0;2;-26,90737763;-48,97828921;SPRF-SC;DEL04/SC;UOP01-DEL04-SC
765704;17/04/2026;sexta-feira;18:00:00;RJ;101;295;ITABORAI;Condutor deixou de manter distância do veículo da frente;Colisão traseira;Com Vítimas Feridas;Plena Noite;Decrescente;Céu Claro;Simples;Declive;Sim;2;0;1;0;1;1;0;2;-22,76185678;-42,89963722;SPRF-RJ;DEL02/RJ;UOP02-DEL02-RJ
765705;05/04/2026;domingo;23:15:00;BA;324;607;SIMOES FILHO;Condutor deixou de manter distância do veículo da frente;Colisão traseira;Com Vítimas Feridas;Plena Noite;Crescente;Céu Claro;Dupla;Reta;Sim;2;0;1;0;1;0;0;2;-12,81819989;-38,40685263;SPRF-BA;DEL01/BA;UOP01-DEL01-BA
765706;17/04/2026;sexta-feira;17:30:00;SC;101;132,1;CAMBORIU;Conversão proibida;Colisão lateral mesmo sentido;Com Vítimas Feridas;Anoitecer;Crescente;Nublado;Dupla;Viaduto;Sim;3;0;1;0;1;2;0;3;-26,9969429;-48,65468272;SPRF-SC;DEL04/SC;UOP03-DEL04-SC
765707;17/04/2026;sexta-feira;12:30:00;RJ;101;328;NITEROI;Demais falhas mecânicas ou elétricas;Incêndio;Sem Vítimas;Pleno dia;Decrescente;Céu Claro;Dupla;Reta;Não;1;0;0;0;0;1;0;1;-22,87197669;-43,15582622;SPRF-RJ;DEL02/RJ;UOP01-DEL02-RJ
765708;17/04/2026;sexta-feira;18:00:00;CE;116;56;PACAJUS;Reação tardia ou ineficiente do condutor;Colisão traseira;Com Vítimas Feridas;Plena Noite;Crescente;Céu Claro;Simples;Reta;Sim;3;0;1;0;1;2;0;2;-4,219;-38,475296;SPRF-CE;DEL01/CE;UOP04-DEL01-CE