id;data_inversa;dia_semana;horario;uf;br;km;municipio;causa_acidente;tipo_acidente;classificacao_acidente;fase_dia;sentido_via;condicao_metereologica;tipo_pista;tracado_via;uso_solo;pessoas;mortos;feridos_leves;feridos_graves;feridos;ilesos;ignorados;veiculos;latitude;longitude;regional;delegacia;uop
765709;17/04/2026;sexta-feira;12:50:00;SC;470;67;INDAIAL;Desrespeitar a preferência no cruzamento;Colisão transversal;Com Vítimas Feridas;Pleno dia;Crescente;Céu Claro;Simples;Viaduto;Sim;2;0;1;0;1;1;0;2;-26,875207;-49,236022;SPRF-SC;DEL04/SC;UOP01-DEL04-SC
765710;17/04/2026;sexta-feira;17:05:00;RS;386;34,1;FREDERICO WESTPHALEN;Acessar a via sem observar a presença dos outros veículos;Colisão transversal;Com Vítimas Feridas;Pleno dia;Crescente;Nublado;Simples;Interseção de Vias;Sim;3;0;0;2;2;1;0;2;-27,36133911;-53,38975489;SPRF-RS;DEL08/RS;UOP02-DEL08-RS
765711;17/04/2026;sexta-feira;18:35:00;SC;280;128,9;RIO NEGRINHO;Transitar na contramão;Colisão transversal;Com Vítimas Feridas;Pleno dia;Decrescente;Nublado;Simples;"Interseção de Vias;Rotatória";Sim;2;0;1;0;1;1;0;2;-26,245845;-49,521745;SPRF-SC;DEL06/SC;UOP03-DEL06-SC
765712;17/04/2026;sexta-feira;09:25:00;RJ;40;104;DUQUE DE CAXIAS;Ausência de reação do condutor;Colisão traseira;Com Vítimas Feridas;Pleno dia;Crescente;Céu Claro;Múltipla;Reta;Sim;3;0;0;1;1;1;0;2;-22,62474466;-43,28694324;SPRF-RJ;DEL01/RJ;UOP02-DEL01-RJ
765713;17/04/2026;sexta-feira;18:15:00;SC;101;201,4;SAO JOSE;Manobra de mudança de faixa;Colisão lateral mesmo sentido;Com Vítimas Feridas;Plena Noite;Decrescente;Céu Claro;Múltipla;Reta;Não;4;0;0;1;1;3;0;2;-27,552355;-48,619402;SPRF-SC;DEL01/SC;UOP01-DEL01-SC
765714;17/04/2026;sexta-feira;18:00:00;ES;101;211,8;IBIRACU;Acessar a via sem observar a presença dos outros veículos;Colisão transversal;Com Vítimas Feridas;Anoitecer;Decrescente;Nublado;Simples;Curva;Sim;2;0;2;0;2;0;0;2;-19,81298415;-40,36539674;SPRF-ES;DEL02-ES;UOP01-DEL02-ES
765715;17/04/2026;sexta-feira;17:00:00;PR;376;221,3;CAMBIRA;Demais falhas mecânicas ou elétricas;Saída de leito carroçável;Com Vítimas Feridas;Pleno dia;Crescente;Nublado;Dupla;"Reta;Declive";Não;2;0;2;0;2;0;0;1;-23,601358;-51,602176;SPRF-PR;DEL09/PR;UOP01-DEL09-PR
765717;17/04/2026;sexta-feira;17:30:00;PR;376;620;SAO JOSE DOS PINHAIS;Acessar a via sem observar a presença dos outros veículos;Atropelamento de Pedestre;Com Vítimas Feridas;Pleno dia;Decrescente;Céu Claro;Simples;Reta;Sim;2;0;1;0;1;1;0;2;-25,615098;-49,16995025;SPRF-PR;DEL01/PR;UOP04-DEL01-PR
765719;17/04/2026;sexta-feira;18:23:00;RN;304;24;MOSSORO;Reação tardia ou ineficiente do condutor;Saída de leito carroçável;Com Vítimas Feridas;Plena Noite;Decrescente;Chuva;Dupla;Rotatória;Não;2;0;0;2;2;0;0;1;-5,0667161;-37,3309936;SPRF-RN;DEL04-RN;UOP02-DEL04-RN
765720;17/04/2026;sexta-feira;18:45:00;PR;116;156;MANDIRITUBA;Reação tardia ou ineficiente do condutor;Tombamento;Com Vítimas Feridas;Plena Noite;Decrescente;Nublado;Simples;"Aclive;Reta";Não;2;0;1;0;1;0;0;2;-25,8634005;-49,3979044;SPRF-PR;DEL01/PR;UOP03-DEL01-PR
765721;17/04/2026;sexta-feira;18:00:00;PR;369;496;CASCAVEL;Condutor deixou de manter distância do veículo da frente;Colisão lateral mesmo sentido;Com Vítimas Feridas;Anoitecer;Crescente;Céu Claro;Simples;Reta;Não;3;0;1;0;1;1;0;3;-24,884337;-53,346385;SPRF-PR;DEL04/PR;UOP01-DEL04-PR
765722;17/04/2026;sexta-feira;18:50:00;RJ;116;187;NOVA IGUACU;Condutor deixou de manter distância do veículo da frente;Colisão traseira;Com Vítimas Feridas;Plena Noite;Decrescente;Céu Claro;Dupla;Reta;Sim;2;0;1;0;1;1;0;2;-22,739235;-43,469114;SPRF-RJ;DEL06/RJ;UOP01-DEL06-RJ
765723;17/04/2026;sexta-feira;15:08:00;PI;316;297,8;PICOS;Reação tardia ou ineficiente do condutor;Colisão com objeto;Com Vítimas Feridas;Pleno dia;Decrescente;Sol;Dupla;"Aclive;Curva";Não;4;0;1;0;1;3;0;1;-7,027253;-41,5575;SPRF-PI;DEL04-PI;UOP01-DEL04-PI
765724;17/04/2026;sexta-feira;18:50:00;SC;282;525,9;XAXIM;Mal súbito do condutor;Saída de leito carroçável;Com Vítimas Feridas;Plena Noite;Crescente;Céu Claro;Simples;Curva;Não;1;0;1;0;1;0;0;1;-26,96739552;-52,57131243;SPRF-SC;DEL07/SC;UOP01-DEL07-SC
765725;17/04/2026;sexta-feira;18:00:00;BA;101;753;ITABELA;Acessar a via sem observar a presença dos outros veículos;Colisão transversal;Com Vítimas Feridas;Plena Noite;Crescente;Céu Claro;Simples;Reta;Não;2;0;0;1;1;1;0;2;-16,62677;-39,52594;SPRF-BA;DEL09/BA;UOP01-DEL09-BA
765730;17/04/2026;sexta-feira;18:40:00;PR;277;108;CURITIBA;Trafegar com motocicleta (ou similar) entre as faixas;Colisão traseira;Sem Vítimas;Anoitecer;Decrescente;Céu Claro;Dupla;Reta;Não;2;0;0;0;0;1;0;2;-25,4272018;-49,38117552;SPRF-PR;DEL01/PR;UOP06-DEL01-PR
765732;17/04/2026;sexta-feira;19:25:00;PE;101;49,9;ABREU E LIMA;Acessar a via sem observar a presença dos outros veículos;Colisão frontal;Com Vítimas Feridas;Plena Noite;Crescente;Céu Claro;Múltipla;"Reta;Interseção de Vias";Sim;2;0;0;1;1;1;0;2;-7,90850564;-34,90214825;SPRF-PE;DEL01/PE;UOP02-DEL01-PE
765733;17/04/2026;sexta-feira;19:45:00;SC;282;4,7;SAO JOSE;Manobra de mudança de faixa;Colisão lateral mesmo sentido;Com Vítimas Feridas;Plena Noite;Decrescente;Céu Claro;Múltipla;Reta;Sim;2;0;1;0;1;1;0;2;-27,589643;-48,610412;SPRF-SC;DEL01/SC;UOP01-DEL01-SC
765734;17/04/2026;sexta-feira;15:50:00;MT;163;643;LUCAS DO RIO VERDE;Transitar na contramão;Colisão frontal;Com Vítimas Feridas;Pleno dia;Decrescente;Céu Claro;Simples;Reta;Não;2;0;2;0;2;0;0;2;-13,42701143;-56,0808656;SPRF-MT;DEL06/MT;UOP01-DEL06-MT
765735;17/04/2026;sexta-feira;19:20:00;SC;470;55,6;BLUMENAU;Conversão proibida;Colisão traseira;Com Vítimas Feridas;Plena Noite;Decrescente;Céu Claro;Simples;Reta;Sim;8;0;1;0;1;7;0;3;-26,8764305;-49,12426114;SPRF-SC;DEL04/SC;UOP01-DEL04-SC
765736;17/04/2026;sexta-feira;19:00:00;CE;304;68,3;ARACATI;Demais falhas mecânicas ou elétricas;Incêndio;Sem Vítimas;Plena Noite;Crescente;Céu Claro;Simples;Reta;Não;1;0;0;0;0;0;1;1;-4,5759938;-37,731696;SPRF-CE;DEL03/CE;UOP02-DEL03-CE
765737;17/04/2026;sexta-feira;09:15:00;SC;101;324;PESCARIA BRAVA;Transtornos Mentais (exceto suicidio);Colisão traseira;Sem Vítimas;Pleno dia;Crescente;Nublado;Múltipla;Reta;Não;2;0;0;0;0;2;0;2;-28,424796;-48,931514;SPRF-SC;DEL02/SC;UOP01-DEL02-SC
765739;17/04/2026;sexta-feira;19:40:00;RJ;101;320;NITEROI;Condutor deixou de manter distância do veículo da frente;Colisão traseira;Com Vítimas Feridas;Plena Noite;Decrescente;Céu Claro;Dupla;Curva;Não;2;0;1;0;1;0;0;2;-22,86810881;-43,11086655;SPRF-RJ;DEL02/RJ;UOP01-DEL02-RJ
765741;17/04/2026;sexta-feira;19:17:00;PE;232;408;SERRA TALHADA;Desrespeitar a preferência no cruzamento;Colisão lateral mesmo sentido;Com Vítimas Feridas;Plena Noite;Decrescente;Céu Claro;Simples;"Aclive;Interseção de Vias";Sim;2;0;2;0;2;0;0;2;-7,98267398;-38,28663468;SPRF-PE;DEL04/PE;UOP01-DEL04-PE
765743;17/04/2026;sexta-feira;19:30:00;SC;101;46;JOINVILLE;Ausência de reação do condutor;Colisão lateral mesmo sentido;Com Vítimas Feridas;Plena Noite;Crescente;Céu Claro;Dupla;"Reta;Interseção de Vias";Não;2;0;1;0;1;1;0;2;-26,35928943;-48,8590428;SPRF-SC;DEL03/SC;UOP01-DEL03-SC
765744;17/04/2026;sexta-feira;16:40:00;SC;470;199,3;PONTE ALTA;Desrespeitar a preferência no cruzamento;Colisão transversal;Com Vítimas Feridas;Pleno dia;Decrescente;Céu Claro;Simples;Rotatória;Não;3;0;0;1;1;2;0;2;-27,30796126;-50,13408065;SPRF-SC;DEL05/SC;UOP03-DEL05-SC
765745;17/04/2026;sexta-feira;06:00:00;MG;262;878;CAMPO FLORIDO;Condutor Dormindo;Colisão com objeto;Com Vítimas Feridas;Pleno dia;Crescente;Céu Claro;Dupla;"Curva;Aclive";Não;1;0;1;0;1;0;0;1;-19,739681;-48,67073;SPRF-MG;DEL13/MG;UOP02-DEL13-MG
765746;17/04/2026;sexta-feira;20:25:00;MG;40;638,2;CONSELHEIRO LAFAIETE;Pedestre cruzava a pista fora da faixa;Atropelamento de Pedestre;Com Vítimas Fatais;Plena Noite;Decrescente;Céu Claro;Simples;Reta;Não;2;1;0;0;0;1;0;2;-20,72033827;-43,79881594;SPRF-MG;DEL05/MG;UOP02-DEL05-MG
765747;17/04/2026;sexta-feira;19:30:00;PR;376;177,5;MARINGA;Condutor deixou de manter distância do veículo da frente;Colisão lateral mesmo sentido;Com Vítimas Feridas;Plena Noite;Crescente;Nublado;Dupla;"Reta;Interseção de Vias";Sim;2;0;1;0;1;1;0;2;-23,41484231;-51,9262277;SPRF-PR;DEL09/PR;UOP01-DEL09-PR
765750;17/04/2026;sexta-feira;19:00:00;PR;116;115;CURITIBA;Trafegar com motocicleta (ou similar) entre as faixas;Colisão traseira;Com Vítimas Feridas;Plena Noite;Crescente;Céu Claro;Dupla;Reta;Sim;2;0;1;0;1;1;0;2;-25,54726895;-49,30411784;SPRF-PR;DEL01/PR;UOP03-DEL01-PR
765751;17/04/2026;sexta-feira;20:15:00;MG;381;878,5;ESTIVA;Velocidade Incompatível;Saída de leito carroçável;Com Vítimas Feridas;Plena Noite;Decrescente;Céu Claro;Dupla;Reta;Não;2;0;1;0;1;1;0;1;-22,449381;-45,997854;SPRF-MG;DEL16/MG;UOP01-DEL16-MG
765752;17/04/2026;sexta-feira;19:10:00;RJ;101;313;SAO GONCALO;Trafegar com motocicleta (ou similar) entre as faixas;Colisão lateral mesmo sentido;Com Vítimas Feridas;Plena Noite;Decrescente;Céu Claro;Dupla;Reta;Não;2;0;1;0;1;1;0;2;-22,81287495;-43,07262294;SPRF-RJ;DEL02/RJ;UOP02-DEL02-RJ
765753;05/04/2026;domingo;10:10:00;SC;282;15,8;PALHOCA;Retorno proibido;Colisão transversal;Com Vítimas Feridas;Pleno dia;Crescente;Chuva;Simples;Reta;Sim;3;0;0;2;2;1;0;2;-27,657197;-48,680625;SPRF-SC;DEL01/SC;UOP02-DEL01-SC
765756;17/04/2026;sexta-feira;21:00:00;PR;369;149;LONDRINA;Entrada inopinada do pedestre;Atropelamento de Pedestre;Com Vítimas Feridas;Plena Noite;Crescente;Céu Claro;Dupla;Reta;Sim;3;0;1;0;1;1;0;2;-23,29301724;-51,15351168;SPRF-PR;DEL07/PR;UOP01-DEL07-PR
765757;17/04/2026;sexta-feira;20:30:00;CE;20;337;CARIDADE;Transitar na contramão;Colisão frontal;Com Vítimas Fatais;Plena Noite;Decrescente;Céu Claro;Simples;Reta;Não;5;1;0;0;0;3;0;5;-4,153443;-39,13072;SPRF-CE;DEL02/CE;UOP01-DEL02-CE
765758;17/04/2026;sexta-feira;18:50:00;RS;392;273,5;SAO SEPE;Ausência de reação do condutor;Tombamento;Com Vítimas Feridas;Plena Noite;Decrescente;Céu Claro;Simples;"Reta;Declive";Não;2;0;0;1;1;0;0;2;-30,36237794;-53,51810575;SPRF-RS;DEL09/RS;UOP02-DEL09-RS
765759;14/04/2026;terça-feira;05:05:00;RJ;40;105;DUQUE DE CAXIAS;Acumulo de óleo sobre o pavimento;Queda de ocupante de veículo;Com Vítimas Feridas;Pleno dia;Crescente;Céu Claro;Dupla;"Curva;Retorno Regulamentado";Não;2;0;1;0;1;1;0;1;-22,63906454;-43,28431134;SPRF-RJ;DEL01/RJ;UOP02-DEL01-RJ
765760;17/04/2026;sexta-feira;20:20:00;BA;116;460;SANTO ESTEVAO;Ausência de reação do condutor;Colisão com objeto;Com Vítimas Fatais;Plena Noite;Decrescente;Céu Claro;Dupla;Reta;Sim;1;1;0;0;0;0;0;1;-12,44285;-39,23623;SPRF-BA;DEL02/BA;UOP01-DEL02-BA
765761;17/04/2026;sexta-feira;18:28:00;RJ;101;48;CAMPOS DOS GOYTACAZES;Acessar a via sem observar a presença dos outros veículos;Colisão transversal;Com Vítimas Fatais;Plena Noite;Crescente;Céu Claro;Simples;Reta;Sim;4;1;1;0;1;2;0;2;-21,616807;-41,315447;SPRF-RJ;DEL08/RJ;UOP01-DEL08-RJ
765763;17/04/2026;sexta-feira;18:40:00;RJ;393;296;BARRA MANSA;Conversão proibida;Colisão lateral sentido oposto;Com Vítimas Feridas;Plena Noite;Decrescente;Céu Claro;Simples;"Reta;Declive";Não;2;0;0;1;1;1;0;2;-22,54653074;-44,11336506;SPRF-RJ;DEL07/RJ;UOP02-DEL07-RJ
765765;17/04/2026;sexta-feira;21:00:00;SP;116;281;EMBU DAS ARTES;Ausência de reação do condutor;Colisão traseira;Com Vítimas Feridas;Plena Noite;Decrescente;Céu Claro;Dupla;Reta;Sim;2;0;1;0;1;1;0;2;-23,64595155;-46,84118963;SPRF-SP;DEL04/SP;UOP01-DEL04-SP
765767;17/04/2026;sexta-feira;21:10:00;RJ;116;315;RESENDE;Deficiência do Sistema de Iluminação/Sinalização;Colisão traseira;Com Vítimas Feridas;Plena Noite;Decrescente;Céu Claro;Dupla;Reta;Não;2;0;0;1;1;1;0;2;-22,46607033;-44,482795;SPRF-RJ;DEL07/RJ;UOP02-DEL07-RJ
765769;17/04/2026;sexta-feira;19:00:00;SC;116;219,8;CORREIA PINTO;Desrespeitar a preferência no cruzamento;Colisão transversal;Com Vítimas Feridas;Plena Noite;Crescente;Céu Claro;Dupla;"Declive;Reta";Sim;2;0;1;0;1;1;0;2;-27,58316298;-50,36733305;SPRF-SC;DEL05/SC;UOP03-DEL05-SC
765771;17/04/2026;sexta-feira;21:41:00;PB;230;24,1;JOAO PESSOA;Condutor deixou de manter distância do veículo da frente;Colisão traseira;Com Vítimas Feridas;Plena Noite;Decrescente;Nublado;Dupla;Curva;Sim;2;0;1;0;1;1;0;2;-7,17077743;-34,86756824;SPRF-PB;DEL01-PB;UOP01-DEL01-PB
765773;17/04/2026;sexta-feira;21:30:00;SP;116;147;SAO JOSE DOS CAMPOS;Reação tardia ou ineficiente do condutor;Engavetamento;Com Vítimas Feridas;Plena Noite;Decrescente;Céu Claro;Dupla;Reta;Sim;3;0;1;0;1;2;0;3;-23,19526986;-45,87119993;SPRF-SP;DEL02/SP;UOP01-DEL02-SP
765774;17/04/2026;sexta-feira;21:46:00;MG;50;27,5;ARAGUARI;Ingestão de álcool pelo condutor;Colisão lateral mesmo sentido;Com Vítimas Feridas;Plena Noite;Decrescente;Céu Claro;Dupla;Aclive;Não;2;0;0;1;1;1;0;2;-18,619516;-48,090021;SPRF-MG;DEL15/MG;UOP02-DEL15-MG
765775;17/04/2026;sexta-feira;22:10:00;MG;381;345;JOAO MONLEVADE;Acessar a via sem observar a presença dos outros veículos;Colisão lateral mesmo sentido;Com Vítimas Feridas;Plena Noite;Decrescente;Céu Claro;Simples;Reta;Não;3;0;0;1;1;2;0;2;-19,85016957;-43,15093321;SPRF-MG;DEL03/MG;UOP01-DEL03-MG
765776;17/04/2026;sexta-feira;22:00:00;PR;376;602;CURITIBA;Manobra de mudança de faixa;Colisão lateral mesmo sentido;Com Vítimas Feridas;Anoitecer;Crescente;Céu Claro;Dupla;Reta;Sim;2;0;1;0;1;1;0;2;-25,52277833;-49,33315929;SPRF-PR;DEL01/PR;UOP03-DEL01-PR
765777;17/04/2026;sexta-feira;18:15:00;PR;373;174,4;PONTA GROSSA;Reação tardia ou ineficiente do condutor;Colisão traseira;Com Vítimas Feridas;Anoitecer;Decrescente;Nublado;Dupla;Curva;Sim;3;0;0;1;1;2;0;2;-25,072457;-50,211546;SPRF-PR;DEL03/PR;UOP01-DEL03-PR
765778;17/04/2026;sexta-feira;21:23:00;MT;158;552;AGUA BOA;Ausência de reação do condutor;Saída de leito carroçável;Com Vítimas Feridas;Plena Noite;Decrescente;Céu Claro;Simples;Reta;Não;5;0;5;0;5;0;0;1;-14,0867596;-52,16081428;SPRF-MT;DEL07/MT;UOP02-DEL07-MT
765780;17/04/2026;sexta-feira;22:25:00;ES;262;100;VENDA NOVA DO IMIGRANTE;Reação tardia ou ineficiente do condutor;Colisão com objeto;Com Vítimas Fatais;Plena Noite;Crescente;Céu Claro;Simples;"Em Obras;Desvio Temporário;Declive";Não;1;1;0;0;0;0;0;1;-20,347006;-41,104782;SPRF-ES;DEL01-ES;UOP02-DEL01-ES
765781;17/04/2026;sexta-feira;16:58:00;MG;50;188;UBERABA;Ausência de reação do condutor;Engavetamento;Com Vítimas Feridas;Pleno dia;Crescente;Céu Claro;Dupla;Reta;Sim;9;0;1;0;1;8;0;3;-19,841755;-47,879575;SPRF-MG;DEL13/MG;UOP01-DEL13-MG
765782;17/04/2026;sexta-feira;23:05:00;PB;101;106;ALHANDRA;Ausência de reação do condutor;Saída de leito carroçável;Com Vítimas Feridas;Plena Noite;Crescente;Céu Claro;Dupla;Reta;Não;1;0;1;0;1;0;0;1;-7,33;-34,947;SPRF-PB;DEL01-PB;UOP01-DEL01-PB
765784;17/04/2026;sexta-feira;22:50:00;SC;280;31,2;ARAQUARI;Acessar a via sem observar a presença dos outros veículos;Colisão transversal;Com Vítimas Feridas;Plena Noite;Crescente;Céu Claro;Simples;Reta;Não;2;0;1;0;1;1;0;2;-26,417185;-48,774542;SPRF-SC;DEL03/SC;UOP03-DEL03-SC
765785;17/04/2026;sexta-feira;21:30:00;MG;153;210;FRUTAL;Iluminação deficiente;Saída de leito carroçável;Com Vítimas Feridas;Plena Noite;Crescente;Nublado;Simples;Interseção de Vias;Não;1;0;1;0;1;0;0;1;-20,01989198;-49,04776303;SPRF-MG;DEL13/MG;UOP02-DEL13-MG
765786;17/04/2026;sexta-feira;23:25:00;SP;116;223;GUARULHOS;Demais falhas mecânicas ou elétricas;Tombamento;Com Vítimas Feridas;Plena Noite;Decrescente;Ignorado;Múltipla;Reta;Sim;2;0;1;0;1;1;0;1;-23,47889548;-46,52954268;SPRF-SP;DEL01/SP;UOP01-DEL01-SP
765787;17/04/2026;sexta-feira;22:41:00;PE;101;79;JABOATAO DOS GUARARAPES;Transitar no Acostamento;Colisão traseira;Sem Vítimas;Plena Noite;Decrescente;Céu Claro;Dupla;Reta;Não;3;0;0;0;0;2;0;2;-8,146384;-34,945551;SPRF-PE;DEL01/PE;UOP01-DEL01-PE
765790;17/04/2026;sexta-feira;22:50:00;PE;232;250;ARCOVERDE;Entrada inopinada do pedestre;Atropelamento de Pedestre;Com Vítimas Feridas;Plena Noite;Crescente;Céu Claro;Simples;Reta;Sim;2;0;1;0;1;1;0;2;-8,423307;-37,052107;SPRF-PE;DEL04/PE;UOP02-DEL04-PE
765791;17/04/2026;sexta-feira;22:50:00;MG;116;411,6;GOVERNADOR VALADARES;Reação tardia ou ineficiente do condutor;Tombamento;Com Vítimas Feridas;Plena Noite;Crescente;Nublado;Dupla;"Viaduto;Declive;Reta";Sim;1;0;1;0;1;0;0;1;-18,87192517;-41,96847081;SPRF-MG;DEL06/MG;UOP01-DEL06-MG
765793;17/04/2026;sexta-feira;22:15:00;MG;267;58;GUARARA;Área urbana sem a presença de local apropriado para a travessia de pedestres;Atropelamento de Pedestre;Com Vítimas Feridas;Plena Noite;Crescente;Céu Claro;Simples;Curva;Sim;5;0;0;1;1;4;0;2;-21,72653818;-43,04835888;SPRF-MG;DEL07/MG;UOP01-DEL07-MG
765794;17/04/2026;sexta-feira;20:15:00;MT;163;692;SORRISO;Reação tardia ou ineficiente do condutor;Atropelamento de Animal;Com Vítimas Feridas;Plena Noite;Crescente;Céu Claro;Simples;Curva;Sim;1;0;1;0;1;0;0;1;-13,04689535;-55,9049021;SPRF-MT;DEL06/MT;UOP01-DEL06-MT
765796;17/04/2026;sexta-feira;21:45:00;BA;116;799,9;VITORIA DA CONQUISTA;Avarias e/ou desgaste excessivo no pneu;Colisão lateral sentido oposto;Com Vítimas Feridas;Plena Noite;Decrescente;Céu Claro;Simples;Reta;Não;4;0;2;0;2;2;0;2;-14,74858146;-40,67529297;SPRF-BA;DEL08/BA;UOP02-DEL08-BA
765797;17/04/2026;sexta-feira;22:10:00;MG;116;415,4;GOVERNADOR VALADARES;Transitar na contramão;Colisão frontal;Com Vítimas Feridas;Plena Noite;Decrescente;Céu Claro;Simples;Reta;Sim;3;0;0;1;1;2;0;2;-18,89436996;-41,94764614;SPRF-MG;DEL06/MG;UOP01-DEL06-MG
765798;17/04/2026;sexta-feira;23:30:00;PB;104;116;LAGOA SECA;Acessar a via sem observar a presença dos outros veículos;Colisão transversal;Com Vítimas Feridas;Plena Noite;Decrescente;Céu Claro;Simples;Reta;Não;3;0;1;1;2;1;0;2;-7,1774955;-35,8628118;SPRF-PB;DEL02-PB;UOP04-DEL02-PB
765799;17/04/2026;sexta-feira;21:00:00;AC;364;152;BUJARI;Ingestão de substâncias psicoativas pelo condutor;Saída de leito carroçável;Sem Vítimas;Plena Noite;Decrescente;Nublado;Simples;Reta;Não;1;0;0;0;0;1;0;1;-9,84457834;-67,93116895;SPRF-AC;DEL01-AC;UOP01-DEL01-AC
765802;17/04/2026;sexta-feira;18:45:00;MG;116;308,4;ITAMBACURI;Animais na Pista;Atropelamento de Animal;Com Vítimas Feridas;Plena Noite;Decrescente;Nublado;Simples;Reta;Não;1;0;0;1;1;0;0;1;-18,058765;-41,668472;SPRF-MG;DEL11/MG;UOP01-DEL11-MG
765803;18/04/2026;sábado;00:40:00;DF;40;2,9;BRASILIA;Velocidade Incompatível;Saída de leito carroçável;Com Vítimas Feridas;Plena Noite;Crescente;Céu Claro;Dupla;Reta;Sim;1;0;1;0;1;0;0;1;-15,98266557;-47,9883689;SPRF-DF;DEL01-DF;UOP01-DEL01-DF
765808;18/04/2026;sábado;01:32:00;AL;104;91,5;RIO LARGO;Ausência de reação do condutor;Colisão traseira;Com Vítimas Feridas;Plena Noite;Decrescente;Garoa/Chuvisco;Dupla;Reta;Sim;2;0;0;1;1;0;0;2;-9,51056627;-35,80684662;SPRF-AL;DEL01-AL;UOP01-DEL01-AL
765809;18/04/2026;sábado;00:50:00;PR;376;290;MAUA DA SERRA;Velocidade Incompatível;Saída de leito carroçável;Com Vítimas Fatais;Plena Noite;Decrescente;Céu Claro;Múltipla;Curva;Sim;5;1;0;4;4;0;0;1;-23,90315801;-51,21641485;SPRF-PR;DEL07/PR;UOP02-DEL07-PR
765810;18/04/2026;sábado;00:20:00;RS;290;90,9;PORTO ALEGRE;Ausência de reação do condutor;Saída de leito carroçável;Com Vítimas Feridas;Plena Noite;Decrescente;Céu Claro;Dupla;Curva;Sim;1;0;1;0;1;0;0;1;-29,97206791;-51,17438533;SPRF-RS;DEL01/RS;UOP01-DEL01-RS
765812;18/04/2026;sábado;03:30:00;RJ;101;327;RIO DE JANEIRO;Ausência de reação do condutor;Colisão com objeto;Com Vítimas Feridas;Plena Noite;Crescente;Céu Claro;Dupla;"Reta;Declive";Não;2;0;2;0;2;0;0;1;-22,86839279;-43,18571871;SPRF-RJ;DEL02/RJ;UOP01-DEL02-RJ
765814;18/04/2026;sábado;03:00:00;PR;369;502;CASCAVEL;Ingestão de álcool pelo condutor;Colisão frontal;Com Vítimas Feridas;Plena Noite;Crescente;Céu Claro;Simples;Reta;Sim;7;0;4;1;5;2;0;3;-24,927487;-53,392687;SPRF-PR;DEL04/PR;UOP01-DEL04-PR
765815;18/04/2026;sábado;02:50:00;RO;364;712;PORTO VELHO;Ausência de reação do condutor;Colisão traseira;Com Vítimas Feridas;Amanhecer;Decrescente;Chuva;Dupla;Reta;Sim;7;0;2;0;2;5;0;2;-8,77606;-63,87517;SPRF-RO;DEL01-RO;UOP01-DEL01-RO
765817;18/04/2026;sábado;04:30:00;GO;153;598,1;MORRINHOS;Reação tardia ou ineficiente do condutor;Colisão com objeto;Com Vítimas Feridas;Plena Noite;Decrescente;Nublado;Dupla;"Interseção de Vias;Viaduto";Não;3;0;2;0;2;1;0;1;-17,524755;-49,21491;SPRF-GO;DEL03/GO;UOP01-DEL03-GO
765818;18/04/2026;sábado;04:30:00;PR;376;176;MARINGA;Condutor desrespeitou a iluminação vermelha do semáforo;Colisão transversal;Com Vítimas Feridas;Plena Noite;Crescente;Céu Claro;Múltipla;Reta;Sim;5;0;1;0;1;4;0;2;-23,41112;-51,93946;SPRF-PR;DEL09/PR;UOP01-DEL09-PR
765819;18/04/2026;sábado;05:36:00;PB;230;42;SANTA RITA;Ausência de reação do condutor;Queda de ocupante de veículo;Com Vítimas Feridas;Amanhecer;Decrescente;Céu Claro;Dupla;Retorno Regulamentado;Não;1;0;1;0;1;0;0;1;-7,14;-34,99;SPRF-PB;DEL01-PB;UOP02-DEL01-PB
765820;18/04/2026;sábado;04:10:00;PR;369;150,1;LONDRINA;Ingestão de álcool pelo condutor;Colisão traseira;Com Vítimas Feridas;Plena Noite;Decrescente;Céu Claro;Dupla;"Reta;Interseção de Vias";Sim;5;0;3;0;3;2;0;3;-23,29295365;-51,16284728;SPRF-PR;DEL07/PR;UOP01-DEL07-PR
765821;18/04/2026;sábado;05:00:00;ES;393;0;CACHOEIRO DE ITAPEMIRIM;Condutor Dormindo;Colisão com objeto;Com Vítimas Feridas;Amanhecer;Decrescente;Céu Claro;Simples;Reta;Sim;1;0;0;1;1;0;0;1;-20,84099237;-41,15970357;SPRF-ES;DEL03-ES;UOP02-DEL03-ES
765822;18/04/2026;sábado;05:40:00;PR;376;162,4;MARINGA;Reação tardia ou ineficiente do condutor;Queda de ocupante de veículo;Com Vítimas Feridas;Pleno dia;Decrescente;Céu Claro;Dupla;Reta;Não;1;0;0;1;1;0;0;1;-23,37190322;-52,05734253;SPRF-PR;DEL09/PR;UOP02-DEL09-PR
765824;17/04/2026;sexta-feira;17:34:00;MT;70;500;CUIABA;Ausência de reação do condutor;Queda de ocupante de veículo;Com Vítimas Feridas;Plena Noite;Crescente;Céu Claro;Simples;Reta;Sim;1;0;0;1;1;0;0;1;-15,68554935;-56,01766172;SPRF-MT;DEL01/MT;UOP02-DEL01-MT
765825;17/04/2026;sexta-feira;23:00:00;RJ;116;94;GUAPIMIRIM;Reação tardia ou ineficiente do condutor;Tombamento;Com Vítimas Feridas;Plena Noite;Crescente;Céu Claro;Simples;Curva;Não;1;0;1;0;1;0;0;1;-22,466039;-42,998787;SPRF-RJ;DEL04/RJ;UOP01-DEL04-RJ