id;data_inversa;dia_semana;horario;uf;br;km;municipio;causa_acidente;tipo_acidente;classificacao_acidente;fase_dia;sentido_via;condicao_metereologica;tipo_pista;tracado_via;uso_solo;pessoas;mortos;feridos_leves;feridos_graves;feridos;ilesos;ignorados;veiculos;latitude;longitude;regional;delegacia;uop
765826;18/04/2026;sábado;05:23:00;RN;101;51,5;CEARA-MIRIM;Animais na Pista;Saída de leito carroçável;Com Vítimas Feridas;Plena Noite;Decrescente;Sol;Simples;Reta;Não;2;0;1;1;2;0;0;1;-5,49252188;-35,32352862;SPRF-RN;DEL02-RN;UOP01-DEL02-RN
765827;18/04/2026;sábado;06:40:00;RJ;101;311;SAO GONCALO;Afundamento ou ondulação no pavimento;Queda de ocupante de veículo;Com Vítimas Feridas;Pleno dia;Decrescente;Céu Claro;Dupla;Reta;Sim;1;0;1;0;1;0;0;1;-22,8000186;-43,0517469;SPRF-RJ;DEL02/RJ;UOP02-DEL02-RJ
765828;18/04/2026;sábado;05:40:00;PE;408;82;SAO LOURENCO DA MATA;Reação tardia ou ineficiente do condutor;Saída de leito carroçável;Com Vítimas Feridas;Pleno dia;Decrescente;Nublado;Dupla;"Reta;Declive";Não;1;0;1;0;1;0;0;1;-7,98881;-35,07625;SPRF-PE;DEL01/PE;UOP01-DEL01-PE
765829;18/04/2026;sábado;06:10:00;MG;40;530;CONTAGEM;Ausência de reação do condutor;Tombamento;Com Vítimas Feridas;Pleno dia;Crescente;Céu Claro;Dupla;"Aclive;Reta";Não;1;0;1;0;1;0;0;1;-19,9219408;-44,0346811;SPRF-MG;DEL01/MG;UOP02-DEL01-MG
765832;17/04/2026;sexta-feira;22:00:00;AL;101;22,9;NOVO LINO;Demais falhas mecânicas ou elétricas;Incêndio;Sem Vítimas;Plena Noite;Decrescente;Céu Claro;Simples;Reta;Não;1;0;0;0;0;1;0;1;-9,004512;-35,70335;SPRF-AL;DEL01-AL;UOP02-DEL01-AL
765833;18/04/2026;sábado;04:00:00;PI;230;194,8;OEIRAS;Acessar a via sem observar a presença dos outros veículos;Colisão transversal;Com Vítimas Feridas;Amanhecer;Decrescente;Céu Claro;Dupla;Reta;Sim;2;0;1;0;1;1;0;2;-7,010343;-42,129067;SPRF-PI;DEL04-PI;UOP01-DEL04-PI
765834;18/04/2026;sábado;05:50:00;MG;381;481;CONTAGEM;Reação tardia ou ineficiente do condutor;Colisão traseira;Com Vítimas Feridas;Pleno dia;Crescente;Céu Claro;Dupla;Reta;Não;2;0;1;0;1;1;0;2;-19,95882786;-44,06375885;SPRF-MG;DEL01/MG;UOP03-DEL01-MG
765836;18/04/2026;sábado;05:15:00;MS;163;630;SAO GABRIEL DO OESTE;Ausência de reação do condutor;Colisão traseira;Com Vítimas Feridas;Plena Noite;Crescente;Ignorado;Dupla;Reta;Não;4;0;2;0;2;2;0;2;-19,28627;-54,642422;SPRF-MS;DEL06/MS;UOP02-DEL06-MS
765837;18/04/2026;sábado;06:00:00;BA;101;192;CONCEICAO DA FEIRA;Desrespeitar a preferência no cruzamento;Colisão transversal;Sem Vítimas;Pleno dia;Crescente;Nublado;Dupla;Interseção de Vias;Não;4;0;0;0;0;4;0;2;-12,51898247;-38,97080946;SPRF-BA;DEL11/BA;UOP02-DEL11-BA
765838;18/04/2026;sábado;04:20:00;PR;153;119,8;IBAITI;Objeto estático sobre o leito carroçável;Saída de leito carroçável;Com Vítimas Feridas;Plena Noite;Decrescente;Céu Claro;Simples;Curva;Não;3;0;2;0;2;1;0;1;-23,9207742;-50,23317687;SPRF-PR;DEL07/PR;UOP04-DEL07-PR
765839;18/04/2026;sábado;06:30:00;TO;153;772;ALVORADA;Reação tardia ou ineficiente do condutor;Saída de leito carroçável;Sem Vítimas;Amanhecer;Crescente;Céu Claro;Simples;Reta;Não;1;0;0;0;0;1;0;1;-12,48;-49,125;SPRF-TO;DEL01-TO;UOP02-DEL01-TO
765840;18/04/2026;sábado;05:10:00;PR;277;518;GUARANIACU;Transitar na contramão;Colisão frontal;Com Vítimas Feridas;Amanhecer;Decrescente;Nevoeiro/Neblina;Simples;Reta;Não;4;0;2;1;3;1;0;4;-25,11299733;-52,8286171;SPRF-PR;DEL04/PR;UOP04-DEL04-PR
765841;18/04/2026;sábado;05:30:00;MT;70;523;VARZEA GRANDE;Avarias e/ou desgaste excessivo no pneu;Tombamento;Com Vítimas Feridas;Amanhecer;Decrescente;Céu Claro;Simples;"Declive;Curva";Não;1;0;1;0;1;0;0;1;-15,65339133;-56,19216084;SPRF-MT;DEL01/MT;UOP02-DEL01-MT
765842;18/04/2026;sábado;07:50:00;PB;101;83,9;BAYEUX;Ausência de reação do condutor;Colisão traseira;Com Vítimas Feridas;Pleno dia;Crescente;Céu Claro;Dupla;Reta;Sim;5;0;2;0;2;3;0;2;-7,139328;-34,923357;SPRF-PB;DEL01-PB;UOP01-DEL01-PB
765843;18/04/2026;sábado;07:00:00;MG;381;530;RIO MANSO;Ausência de reação do condutor;Queda de ocupante de veículo;Sem Vítimas;Pleno dia;Crescente;Céu Claro;Dupla;Curva;Não;1;0;0;0;0;1;0;1;-20,16381975;-44,34689713;SPRF-MG;DEL04/MG;UOP03-DEL04-MG
765844;18/04/2026;sábado;07:48:00;RS;470;212;BENTO GONCALVES;Transitar na contramão;Colisão frontal;Com Vítimas Feridas;Pleno dia;Decrescente;Céu Claro;Simples;Curva;Sim;6;0;4;2;6;0;0;2;-29,14299545;-51,53638713;SPRF-RS;DEL06/RS;UOP01-DEL06-RS
765846;18/04/2026;sábado;08:15:00;SC;101;115;ITAJAI;Reação tardia ou ineficiente do condutor;Capotamento;Com Vítimas Feridas;Pleno dia;Decrescente;Céu Claro;Múltipla;Reta;Sim;3;0;2;0;2;1;0;1;-26,87573428;-48,72728348;SPRF-SC;DEL04/SC;UOP04-DEL04-SC
765847;18/04/2026;sábado;06:00:00;MG;262;117;RIO CASCA;Ingestão de álcool pelo condutor;Saída de leito carroçável;Com Vítimas Feridas;Amanhecer;Crescente;Nublado;Simples;Reta;Sim;1;0;1;0;1;0;0;1;-20,22834514;-42,62822986;SPRF-MG;DEL03/MG;UOP03-DEL03-MG
765850;18/04/2026;sábado;07:30:00;PR;369;138,7;IBIPORA;Desrespeitar a preferência no cruzamento;Colisão transversal;Com Vítimas Feridas;Pleno dia;Crescente;Sol;Dupla;"Reta;Interseção de Vias";Sim;3;0;2;0;2;1;0;2;-23,273648;-51,05611937;SPRF-PR;DEL07/PR;UOP01-DEL07-PR
765851;18/04/2026;sábado;08:45:00;PB;230;18,3;JOAO PESSOA;Problema na suspensão;Colisão com objeto;Com Vítimas Feridas;Pleno dia;Decrescente;Céu Claro;Dupla;Curva;Sim;2;0;2;0;2;0;0;1;-7,12601894;-34,84527379;SPRF-PB;DEL01-PB;UOP01-DEL01-PB
765852;18/04/2026;sábado;08:15:00;ES;101;168;LINHARES;Reação tardia ou ineficiente do condutor;Queda de ocupante de veículo;Com Vítimas Feridas;Pleno dia;Decrescente;Céu Claro;Simples;Reta;Não;1;0;1;0;1;0;0;1;-19,537493;-40,159489;SPRF-ES;DEL04-ES;UOP01-DEL04-ES
765853;18/04/2026;sábado;08:30:00;PR;476;155;ARAUCARIA;Demais falhas mecânicas ou elétricas;Colisão traseira;Sem Vítimas;Pleno dia;Decrescente;Céu Claro;Dupla;"Aclive;Reta";Sim;2;0;0;0;0;2;0;2;-25,58994718;-49,40901367;SPRF-PR;DEL01/PR;UOP06-DEL01-PR
765854;18/04/2026;sábado;08:30:00;GO;60;89,8;ANAPOLIS;Manobra de mudança de faixa;Colisão lateral mesmo sentido;Com Vítimas Feridas;Pleno dia;Decrescente;Céu Claro;Dupla;"Retorno Regulamentado;Reta";Sim;3;0;0;1;1;1;0;2;-16,340754;-48,89971;SPRF-GO;DEL02/GO;UOP01-DEL02-GO
765856;06/04/2026;segunda-feira;08:50:00;GO;60;32,5;ALEXANIA;Desrespeitar a preferência no cruzamento;Colisão transversal;Com Vítimas Feridas;Pleno dia;Decrescente;Céu Claro;Dupla;"Reta;Retorno Regulamentado";Sim;2;0;2;0;2;0;0;2;-16,08992515;-48,50163309;SPRF-DF;DEL03-DF;UOP01-DEL03-DF
765857;18/04/2026;sábado;09:00:00;GO;153;443;ANAPOLIS;Condutor deixou de manter distância do veículo da frente;Colisão traseira;Com Vítimas Feridas;Pleno dia;Crescente;Céu Claro;Simples;"Reta;Rotatória";Sim;3;0;0;1;1;2;0;2;-16,354;-48,93;SPRF-GO;DEL02/GO;UOP01-DEL02-GO
765858;18/04/2026;sábado;06:45:00;SC;280;277;IRINEOPOLIS;Ingestão de álcool pelo condutor;Colisão lateral sentido oposto;Sem Vítimas;Amanhecer;Crescente;Céu Claro;Simples;Curva;Não;5;0;0;0;0;5;0;2;-26,2977151;-50,8336755;SPRF-SC;DEL06/SC;UOP04-DEL06-SC
765859;18/04/2026;sábado;08:30:00;PR;277;0,2;FOZ DO IGUACU;Conversão proibida;Colisão transversal;Com Vítimas Feridas;Pleno dia;Decrescente;Sol;Simples;Reta;Sim;3;0;1;0;1;2;0;3;-25,49474171;-54,51418011;SPRF-PR;DEL05/PR;UOP04-DEL05-PR
765861;18/04/2026;sábado;07:50:00;RJ;101;479;ANGRA DOS REIS;Ausência de reação do condutor;Queda de ocupante de veículo;Com Vítimas Feridas;Pleno dia;Decrescente;Céu Claro;Simples;Curva;Sim;1;0;1;0;1;0;0;1;-23,00137983;-44,27009583;SPRF-RJ;DEL03/RJ;UOP03-DEL03-RJ
765862;18/04/2026;sábado;08:40:00;RJ;40;115;DUQUE DE CAXIAS;Trafegar com motocicleta (ou similar) entre as faixas;Tombamento;Com Vítimas Feridas;Pleno dia;Crescente;Céu Claro;Múltipla;Reta;Não;2;0;2;0;2;0;0;1;-22,73024;-43,289031;SPRF-RJ;DEL01/RJ;UOP02-DEL01-RJ
765863;18/04/2026;sábado;08:05:00;MG;354;731,9;POUSO ALTO;Condutor deixou de manter distância do veículo da frente;Colisão traseira;Com Vítimas Feridas;Pleno dia;Crescente;Céu Claro;Simples;"Reta;Declive";Não;3;0;1;0;1;2;0;2;-22,16880863;-44,96545136;SPRF-MG;DEL17/MG;UOP01-DEL17-MG
765867;18/04/2026;sábado;09:30:00;SC;282;0,6;FLORIANOPOLIS;Condutor deixou de manter distância do veículo da frente;Colisão traseira;Com Vítimas Feridas;Pleno dia;Decrescente;Céu Claro;Dupla;"Declive;Reta";Sim;3;0;2;0;2;1;0;2;-27,599886;-48,575844;SPRF-SC;DEL01/SC;UOP01-DEL01-SC
765869;18/04/2026;sábado;10:15:00;GO;153;513;APARECIDA DE GOIANIA;Ausência de reação do condutor;Atropelamento de Pedestre;Com Vítimas Feridas;Pleno dia;Decrescente;Céu Claro;Dupla;"Curva;Aclive";Sim;2;0;1;0;1;1;0;2;-16,818285;-49,24076;SPRF-GO;DEL01/GO;UOP03-DEL01-GO
765870;18/04/2026;sábado;10:05:00;RS;392;88,1;PELOTAS;Acessar a via sem observar a presença dos outros veículos;Colisão traseira;Com Vítimas Feridas;Pleno dia;Decrescente;Sol;Simples;"Declive;Reta";Sim;4;0;1;0;1;1;0;3;-31,61896874;-52,50811458;SPRF-RS;DEL07/RS;UOP01-DEL07-RS
765871;18/04/2026;sábado;09:30:00;MA;135;1;SAO LUIS;Reação tardia ou ineficiente do condutor;Tombamento;Com Vítimas Feridas;Pleno dia;Crescente;Céu Claro;Dupla;Reta;Sim;2;0;2;0;2;0;0;1;-2,59596221;-44,24543917;SPRF-MA;DEL01-MA;UOP01-DEL01-MA
765872;18/04/2026;sábado;07:40:00;RS;153;1,2;MARCELINO RAMOS;Ausência de reação do condutor;Tombamento;Com Vítimas Feridas;Pleno dia;Decrescente;Céu Claro;Simples;Reta;Não;1;0;1;0;1;0;0;1;-27,38126813;-51,98916002;SPRF-RS;DEL08/RS;UOP04-DEL08-RS
765874;18/04/2026;sábado;10:10:00;MG;262;119;RIO CASCA;Ausência de reação do condutor;Colisão traseira;Com Vítimas Feridas;Pleno dia;Decrescente;Céu Claro;Simples;Reta;Sim;6;0;1;0;1;4;0;3;-20,22525262;-42,64158122;SPRF-MG;DEL03/MG;UOP03-DEL03-MG
765876;18/04/2026;sábado;07:05:00;MG;40;805,8;MATIAS BARBOSA;Ultrapassagem Indevida;Colisão lateral mesmo sentido;Com Vítimas Feridas;Pleno dia;Decrescente;Céu Claro;Simples;Curva;Não;2;0;1;0;1;1;0;2;-21,851626;-43,380458;SPRF-MG;DEL05/MG;UOP01-DEL05-MG
765878;18/04/2026;sábado;10:30:00;SC;280;7,1;SAO FRANCISCO DO SUL;Condutor deixou de manter distância do veículo da frente;Colisão traseira;Com Vítimas Feridas;Pleno dia;Decrescente;Sol;Simples;Reta;Sim;3;0;2;0;2;1;0;2;-26,27213626;-48,64176393;SPRF-SC;DEL03/SC;UOP03-DEL03-SC
765879;18/04/2026;sábado;09:30:00;SC;101;62;ARAQUARI;Condutor deixou de manter distância do veículo da frente;Colisão lateral mesmo sentido;Com Vítimas Feridas;Pleno dia;Crescente;Sol;Múltipla;Viaduto;Não;1;0;1;0;1;0;0;1;-26,45499238;-48,7691199;SPRF-SC;DEL03/SC;UOP02-DEL03-SC
765880;18/04/2026;sábado;10:00:00;PR;116;116;CURITIBA;Acessar a via sem observar a presença dos outros veículos;Colisão lateral mesmo sentido;Com Vítimas Feridas;Pleno dia;Decrescente;Céu Claro;Dupla;Reta;Sim;3;0;3;0;3;0;0;2;-25,56363408;-49,30855958;SPRF-PR;DEL01/PR;UOP03-DEL01-PR
765882;18/04/2026;sábado;10:40:00;MG;50;17;ARAGUARI;Ausência de reação do condutor;Colisão traseira;Com Vítimas Feridas;Pleno dia;Crescente;Céu Claro;Dupla;"Curva;Aclive";Não;2;0;0;2;2;0;0;2;-18,5650141;-48,0563118;SPRF-MG;DEL15/MG;UOP02-DEL15-MG
765883;18/04/2026;sábado;06:00:00;MT;163;1036;MATUPA;Acessar a via sem observar a presença dos outros veículos;Colisão transversal;Com Vítimas Feridas;Pleno dia;Crescente;Céu Claro;Simples;Rotatória;Sim;2;0;2;0;2;0;0;2;-10,184695;-54,94542;SPRF-MT;DEL06/MT;UOP03-DEL06-MT
765885;18/04/2026;sábado;10:40:00;ES;101;17,5;SERRA;Acumulo de areia ou detritos sobre o pavimento;Queda de ocupante de veículo;Com Vítimas Feridas;Pleno dia;Crescente;Céu Claro;Dupla;Reta;Não;1;0;1;0;1;0;0;1;-20,14688086;-40,34454002;SPRF-ES;DEL02-ES;UOP01-DEL02-ES
765888;18/04/2026;sábado;10:30:00;MG;153;27,4;CENTRALINA;Velocidade Incompatível;Colisão traseira;Sem Vítimas;Pleno dia;Crescente;Céu Claro;Dupla;Reta;Não;3;0;0;0;0;3;0;3;-18,65759;-49,168832;SPRF-MG;DEL15/MG;UOP03-DEL15-MG
765892;18/04/2026;sábado;10:35:00;PR;277;701;SAO MIGUEL DO IGUACU;Demais falhas mecânicas ou elétricas;Incêndio;Sem Vítimas;Pleno dia;Crescente;Céu Claro;Dupla;Reta;Não;1;0;0;0;0;0;1;1;-25,41180304;-54,33734894;SPRF-PR;DEL05/PR;UOP01-DEL05-PR
765893;18/04/2026;sábado;10:20:00;GO;70;23,6;COCALZINHO DE GOIAS;Acessar a via sem observar a presença dos outros veículos;Colisão traseira;Com Vítimas Feridas;Pleno dia;Crescente;Céu Claro;Dupla;Reta;Sim;3;0;1;0;1;2;0;2;-15,73675762;-48,40610003;SPRF-DF;DEL03-DF;UOP02-DEL03-DF
765894;18/04/2026;sábado;10:50:00;SC;470;68,5;INDAIAL;Condutor deixou de manter distância do veículo da frente;Colisão traseira;Com Vítimas Feridas;Pleno dia;Crescente;Céu Claro;Dupla;Reta;Sim;3;0;2;0;2;1;0;2;-26,88060957;-49,24346566;SPRF-SC;DEL04/SC;UOP01-DEL04-SC
765895;18/04/2026;sábado;11:00:00;RS;386;36,2;FREDERICO WESTPHALEN;Ausência de reação do condutor;Colisão traseira;Sem Vítimas;Pleno dia;Decrescente;Céu Claro;Simples;Declive;Sim;9;0;0;0;0;9;0;2;-27,37684022;-53,39823095;SPRF-RS;DEL08/RS;UOP02-DEL08-RS
765896;18/04/2026;sábado;11:00:00;PR;116;142;MANDIRITUBA;Acesso irregular;Colisão transversal;Com Vítimas Feridas;Pleno dia;Crescente;Céu Claro;Dupla;Interseção de Vias;Sim;2;0;1;0;1;1;0;2;-25,77706296;-49,32461914;SPRF-PR;DEL01/PR;UOP03-DEL01-PR
765897;18/04/2026;sábado;11:00:00;DF;20;10,2;BRASILIA;Acessar a via sem observar a presença dos outros veículos;Colisão traseira;Com Vítimas Feridas;Pleno dia;Decrescente;Céu Claro;Múltipla;Reta;Sim;3;0;1;0;1;2;0;3;-15,649187;-47,772032;SPRF-DF;DEL02-DF;UOP01-DEL02-DF
765898;18/04/2026;sábado;11:40:00;PR;369;141,5;IBIPORA;Velocidade Incompatível;Tombamento;Com Vítimas Feridas;Pleno dia;Decrescente;Sol;Dupla;"Reta;Declive";Sim;5;0;1;0;1;2;0;4;-23,28539512;-51,0757345;SPRF-PR;DEL07/PR;UOP01-DEL07-PR
765899;30/03/2026;segunda-feira;09:20:00;MT;163;782;SORRISO;Acessar a via sem observar a presença dos outros veículos;Colisão lateral mesmo sentido;Com Vítimas Feridas;Pleno dia;Crescente;Ignorado;Simples;"Reta;Em Obras";Não;2;0;1;0;1;1;0;2;-12,30511887;-55,57537079;SPRF-MT;DEL06/MT;UOP02-DEL06-MT
765900;18/04/2026;sábado;11:58:00;ES;262;101,4;VENDA NOVA DO IMIGRANTE;Acessar a via sem observar a presença dos outros veículos;Colisão transversal;Com Vítimas Feridas;Pleno dia;Crescente;Sol;Simples;Reta;Não;3;0;1;1;2;1;0;3;-20,34898722;-41,10119717;SPRF-ES;DEL01-ES;UOP02-DEL01-ES
765901;18/04/2026;sábado;09:45:00;SP;153;280;OCAUCU;Retorno proibido;Colisão transversal;Com Vítimas Feridas;Pleno dia;Crescente;Céu Claro;Simples;Interseção de Vias;Não;4;0;1;0;1;3;0;2;-22,41651785;-49,86057965;SPRF-SP;DEL07/SP;UOP02-DEL07-SP
765902;18/04/2026;sábado;10:30:00;PI;316;7,6;TERESINA;Manobra de mudança de faixa;Colisão lateral mesmo sentido;Com Vítimas Feridas;Pleno dia;Crescente;Sol;Múltipla;Reta;Sim;2;0;1;0;1;0;0;2;-5,166262;-42,768767;SPRF-PI;DEL01-PI;UOP02-DEL01-PI
765903;18/04/2026;sábado;08:30:00;PI;235;340;GILBUES;Reação tardia ou ineficiente do condutor;Capotamento;Com Vítimas Fatais;Pleno dia;Crescente;Céu Claro;Simples;Reta;Não;9;3;1;5;6;0;0;1;-9,603437;-45,508187;SPRF-PI;DEL03-PI;UOP02-DEL03-PI
765904;07/04/2026;terça-feira;15:00:00;SC;101;205;SAO JOSE;Reação tardia ou ineficiente do condutor;Colisão lateral mesmo sentido;Com Vítimas Feridas;Pleno dia;Crescente;Ignorado;Múltipla;Reta;Sim;2;0;1;0;1;0;0;2;-27,58283826;-48,61518709;SPRF-SC;DEL01/SC;UOP01-DEL01-SC
765905;18/04/2026;sábado;11:25:00;MA;10;230,6;GOVERNADOR EDISON LOBAO;Desrespeitar a preferência no cruzamento;Colisão transversal;Com Vítimas Feridas;Pleno dia;Decrescente;Céu Claro;Simples;Reta;Não;2;0;0;1;1;1;0;2;-5,69303;-47,36398;SPRF-MA;DEL04-MA;UOP01-DEL04-MA
765906;18/04/2026;sábado;12:00:00;RJ;101;120;CAMPOS DOS GOYTACAZES;Demais falhas na via;Colisão com objeto;Com Vítimas Feridas;Pleno dia;Crescente;Céu Claro;Dupla;Reta;Não;1;0;1;0;1;0;0;1;-22,01895404;-41,6833245;SPRF-RJ;DEL08/RJ;UOP02-DEL08-RJ
765909;18/04/2026;sábado;12:30:00;GO;70;8,9;AGUAS LINDAS DE GOIAS;Manobra de mudança de faixa;Colisão lateral mesmo sentido;Com Vítimas Feridas;Pleno dia;Crescente;Céu Claro;Dupla;Reta;Sim;2;0;0;1;1;1;0;2;-15,736535;-48,288401;SPRF-DF;DEL03-DF;UOP02-DEL03-DF
765910;18/04/2026;sábado;11:40:00;PI;343;591;FLORIANO;Ausência de reação do condutor;Tombamento;Com Vítimas Feridas;Pleno dia;Decrescente;Céu Claro;Dupla;"Aclive;Reta";Sim;1;0;0;1;1;0;0;1;-6,781357;-43,023522;SPRF-PI;DEL03-PI;UOP01-DEL03-PI
765911;18/04/2026;sábado;08:00:00;CE;222;315,5;TIANGUA;Velocidade Incompatível;Atropelamento de Pedestre;Com Vítimas Feridas;Pleno dia;Decrescente;Nevoeiro/Neblina;Múltipla;Declive;Sim;2;0;0;1;1;0;0;2;-3,74053928;-41,00629656;SPRF-CE;DEL04/CE;UOP02-DEL04-CE
765912;18/04/2026;sábado;09:50:00;RS;158;208,3;CRUZ ALTA;Suicídio (presumido);Saída de leito carroçável;Com Vítimas Feridas;Pleno dia;Crescente;Céu Claro;Simples;Reta;Não;1;0;1;0;1;0;0;1;-28,76073704;-53,59800339;SPRF-RS;DEL10/RS;UOP02-DEL10-RS
765913;18/04/2026;sábado;08:40:00;RS;101;61;MAQUINE;Demais falhas mecânicas ou elétricas;Tombamento;Com Vítimas Feridas;Pleno dia;Crescente;Céu Claro;Dupla;Curva;Não;2;0;1;1;2;0;0;1;-29,685714;-50,150615;SPRF-RS;DEL03/RS;UOP02-DEL03-RS
765914;18/04/2026;sábado;11:30:00;RJ;116;103,5;GUAPIMIRIM;Condutor deixou de manter distância do veículo da frente;Colisão traseira;Com Vítimas Feridas;Pleno dia;Crescente;Céu Claro;Simples;Reta;Não;4;0;1;0;1;2;0;3;-22,5473;-42,9871;SPRF-RJ;DEL04/RJ;UOP01-DEL04-RJ
765915;18/04/2026;sábado;13:10:00;RS;285;539,8;SAO LUIZ GONZAGA;Ausência de reação do condutor;Saída de leito carroçável;Com Vítimas Feridas;Pleno dia;Crescente;Céu Claro;Simples;"Reta;Ponte";Não;1;0;1;0;1;0;0;1;-28,40400929;-54,68170166;SPRF-RS;DEL10/RS;UOP01-DEL10-RS
765916;18/04/2026;sábado;13:20:00;SC;470;73,6;INDAIAL;Acessar a via sem observar a presença dos outros veículos;Colisão transversal;Com Vítimas Feridas;Pleno dia;Decrescente;Céu Claro;Simples;Reta;Não;3;0;0;1;1;2;0;2;-26,9131764;-49,2788511;SPRF-SC;DEL04/SC;UOP01-DEL04-SC
765918;18/04/2026;sábado;10:15:00;MT;70;9;BARRA DO GARCAS;Manobra de mudança de faixa;Queda de ocupante de veículo;Com Vítimas Feridas;Pleno dia;Crescente;Céu Claro;Simples;"Reta;Interseção de Vias";Sim;2;0;1;0;1;0;0;2;-15,87818208;-52,31717026;SPRF-MT;DEL07/MT;UOP01-DEL07-MT
765919;18/04/2026;sábado;10:50:00;SC;101;43,6;JOINVILLE;Condutor deixou de manter distância do veículo da frente;Atropelamento de Pedestre;Com Vítimas Feridas;Pleno dia;Crescente;Céu Claro;Dupla;Reta;Sim;2;0;1;0;1;1;0;2;-26,33158049;-48,86186449;SPRF-SC;DEL03/SC;UOP01-DEL03-SC
765920;18/04/2026;sábado;12:40:00;SC;470;67,6;INDAIAL;Acumulo de óleo sobre o pavimento;Tombamento;Com Vítimas Feridas;Pleno dia;Crescente;Céu Claro;Dupla;Interseção de Vias;Sim;1;0;1;0;1;0;0;1;-26,87488202;-49,23621476;SPRF-SC;DEL04/SC;UOP01-DEL04-SC
765921;18/04/2026;sábado;13:20:00;MG;40;554,7;NOVA LIMA;Condutor deixou de manter distância do veículo da frente;Colisão traseira;Sem Vítimas;Pleno dia;Crescente;Sol;Dupla;Reta;Não;2;0;0;0;0;2;0;2;-20,08067387;-43,98047894;SPRF-MG;DEL01/MG;UOP02-DEL01-MG
765922;18/04/2026;sábado;14:00:00;PR;376;619,2;SAO JOSE DOS PINHAIS;Acessar a via sem observar a presença dos outros veículos;Colisão transversal;Com Vítimas Feridas;Pleno dia;Crescente;Céu Claro;Múltipla;Reta;Sim;3;0;1;0;1;2;0;2;-25,609582;-49,172187;SPRF-PR;DEL01/PR;UOP04-DEL01-PR
765924;18/04/2026;sábado;13:30:00;MG;40;553;NOVA LIMA;Condutor deixou de manter distância do veículo da frente;Engavetamento;Com Vítimas Feridas;Pleno dia;Crescente;Céu Claro;Dupla;"Reta;Declive";Sim;10;0;1;2;3;7;0;6;-20,08976021;-43,97588968;SPRF-MG;DEL01/MG;UOP02-DEL01-MG
765926;18/04/2026;sábado;13:50:00;RJ;101;297;ITABORAI;Condutor deixou de manter distância do veículo da frente;Engavetamento;Com Vítimas Feridas;Pleno dia;Crescente;Céu Claro;Dupla;Reta;Sim;15;0;3;0;3;12;0;11;-22,76881066;-42,91745849;SPRF-RJ;DEL02/RJ;UOP02-DEL02-RJ
765927;18/04/2026;sábado;14:07:00;SP;116;230;SAO PAULO;Reação tardia ou ineficiente do condutor;Colisão traseira;Com Vítimas Feridas;Pleno dia;Decrescente;Céu Claro;Múltipla;Reta;Sim;2;0;1;0;1;1;0;2;-23,521646;-46,584296;SPRF-SP;DEL01/SP;UOP01-DEL01-SP
765928;18/04/2026;sábado;11:30:00;MG;381;427,8;SABARA;Ultrapassagem Indevida;Saída de leito carroçável;Com Vítimas Feridas;Pleno dia;Crescente;Sol;Simples;"Declive;Curva";Não;1;0;1;0;1;0;0;1;-19,78794;-43,73646347;SPRF-MG;DEL01/MG;UOP01-DEL01-MG
765930;18/04/2026;sábado;13:30:00;SP;153;168;GUAICARA;Mal súbito do condutor;Saída de leito carroçável;Com Vítimas Feridas;Pleno dia;Crescente;Céu Claro;Simples;"Aclive;Reta";Não;1;0;1;0;1;0;0;1;-21,5799703;-49,7841028;SPRF-SP;DEL07/SP;UOP01-DEL07-SP
765931;18/04/2026;sábado;13:10:00;RS;470;273;SAO JOSE DO SUL;Transitar na contramão;Colisão frontal;Com Vítimas Feridas;Pleno dia;Decrescente;Céu Claro;Simples;"Curva;Aclive";Não;2;0;1;1;2;0;0;2;-29,5457247;-51,4849772;SPRF-RS;DEL06/RS;UOP01-DEL06-RS
765932;18/04/2026;sábado;14:38:00;RJ;116;176;SAO JOAO DE MERITI;Reação tardia ou ineficiente do condutor;Colisão com objeto;Com Vítimas Feridas;Pleno dia;Crescente;Sol;Múltipla;Reta;Não;3;0;2;1;3;0;0;1;-22,7839291;-43,381841;SPRF-RJ;DEL06/RJ;UOP01-DEL06-RJ
765934;18/04/2026;sábado;13:10:00;RS;101;29;TRES CACHOEIRAS;Velocidade Incompatível;Colisão com objeto;Com Vítimas Feridas;Pleno dia;Crescente;Céu Claro;Dupla;Curva;Não;1;0;0;1;1;0;0;1;-29,477898;-49,962966;SPRF-RS;DEL03/RS;UOP02-DEL03-RS
765936;18/04/2026;sábado;13:59:00;RJ;101;467;ANGRA DOS REIS;Acumulo de água sobre o pavimento;Queda de ocupante de veículo;Com Vítimas Feridas;Pleno dia;Crescente;Céu Claro;Simples;Curva;Sim;1;0;1;0;1;0;0;1;-22,99916763;-44,22786713;SPRF-RJ;DEL03/RJ;UOP03-DEL03-RJ
765938;18/04/2026;sábado;13:30:00;SP;116;128,6;CACAPAVA;Trafegar com motocicleta (ou similar) entre as faixas;Colisão lateral mesmo sentido;Com Vítimas Feridas;Pleno dia;Crescente;Céu Claro;Dupla;Reta;Não;2;0;1;0;1;1;0;2;-23,11493;-45,71208;SPRF-SP;DEL02/SP;UOP02-DEL02-SP