id;data_inversa;dia_semana;horario;uf;br;km;municipio;causa_acidente;tipo_acidente;classificacao_acidente;fase_dia;sentido_via;condicao_metereologica;tipo_pista;tracado_via;uso_solo;pessoas;mortos;feridos_leves;feridos_graves;feridos;ilesos;ignorados;veiculos;latitude;longitude;regional;delegacia;uop
766520;21/04/2026;terça-feira;09:30:00;PR;376;664;GUARATUBA;Reação tardia ou ineficiente do condutor;Colisão traseira;Com Vítimas Feridas;Pleno dia;Decrescente;Céu Claro;Simples;"Aclive;Reta";Não;3;0;1;1;2;1;0;2;-25,85396081;-48,95157751;SPRF-PR;DEL01/PR;UOP04-DEL01-PR
766521;21/04/2026;terça-feira;09:50:00;MG;381;776;CAMPANHA;Ausência de reação do condutor;Saída de leito carroçável;Com Vítimas Feridas;Pleno dia;Decrescente;Céu Claro;Dupla;Curva;Não;2;0;2;0;2;0;0;1;-21,797131;-45,455189;SPRF-MG;DEL16/MG;UOP02-DEL16-MG
766522;21/04/2026;terça-feira;08:30:00;SP;381;70;MAIRIPORA;Ausência de reação do condutor;Queda de ocupante de veículo;Com Vítimas Feridas;Pleno dia;Decrescente;Céu Claro;Dupla;"Declive;Curva";Não;1;0;1;0;1;0;0;1;-23,34761452;-46,56177521;SPRF-SP;DEL03/SP;UOP01-DEL03-SP
766524;21/04/2026;terça-feira;07:00:00;SC;282;603;MARAVILHA;Ausência de reação do condutor;Saída de leito carroçável;Com Vítimas Feridas;Amanhecer;Decrescente;Céu Claro;Simples;Curva;Não;1;0;1;0;1;0;0;1;-26,80267;-53,188877;SPRF-SC;DEL07/SC;UOP02-DEL07-SC
766525;18/04/2026;sábado;04:00:00;PR;376;366;ORTIGUEIRA;Acessar a via sem observar a presença dos outros veículos;Colisão traseira;Com Vítimas Feridas;Plena Noite;Crescente;Céu Claro;Simples;Reta;Não;2;0;1;0;1;1;0;2;-24,32163719;-50,85415587;SPRF-PR;DEL07/PR;UOP02-DEL07-PR
766526;21/04/2026;terça-feira;08:20:00;GO;153;197;URUACU;Reação tardia ou ineficiente do condutor;Saída de leito carroçável;Sem Vítimas;Pleno dia;Decrescente;Céu Claro;Simples;"Reta;Em Obras";Sim;1;0;0;0;0;1;0;1;-14,51552;-49,151172;SPRF-GO;DEL07/GO;UOP02-DEL07-GO
766528;21/04/2026;terça-feira;09:00:00;RJ;116;140;MAGE;Avarias e/ou desgaste excessivo no pneu;Tombamento;Com Vítimas Feridas;Pleno dia;Decrescente;Céu Claro;Dupla;Reta;Sim;2;0;0;2;2;0;0;1;-22,64662;-43,21112;SPRF-RJ;DEL01/RJ;UOP02-DEL01-RJ
766530;21/04/2026;terça-feira;06:30:00;ES;259;57,2;COLATINA;Ausência de reação do condutor;Queda de ocupante de veículo;Com Vítimas Feridas;Pleno dia;Crescente;Céu Claro;Simples;Reta;Não;1;0;1;0;1;0;0;1;-19,49728877;-40,64565003;SPRF-ES;DEL02-ES;UOP01-DEL02-ES
766531;21/04/2026;terça-feira;08:30:00;PE;101;15,8;GOIANA;Reação tardia ou ineficiente do condutor;Saída de leito carroçável;Sem Vítimas;Pleno dia;Decrescente;Céu Claro;Dupla;Reta;Não;1;0;0;0;0;0;1;1;-7,63105893;-34,96247498;SPRF-PE;DEL01/PE;UOP02-DEL01-PE
766532;21/04/2026;terça-feira;10:30:00;SP;101;46;UBATUBA;Condutor deixou de manter distância do veículo da frente;Colisão traseira;Com Vítimas Feridas;Pleno dia;Crescente;Céu Claro;Simples;Reta;Sim;3;0;2;0;2;1;0;2;-23,42805088;-45,08013066;SPRF-SP;DEL06/SP;UOP01-DEL06-SP
766534;21/04/2026;terça-feira;11:40:00;SP;116;105;TAUBATE;Condutor deixou de manter distância do veículo da frente;Colisão traseira;Com Vítimas Feridas;Pleno dia;Crescente;Céu Claro;Dupla;Reta;Sim;4;0;2;0;2;1;0;3;-23,00515441;-45,50977469;SPRF-SP;DEL02/SP;UOP02-DEL02-SP
766537;21/04/2026;terça-feira;12:00:00;PR;116;8;CAMPINA GRANDE DO SUL;Reação tardia ou ineficiente do condutor;Saída de leito carroçável;Com Vítimas Feridas;Pleno dia;Crescente;Céu Claro;Dupla;Reta;Sim;2;0;0;1;1;1;0;1;-25,369468;-49,116408;SPRF-PR;DEL01/PR;UOP02-DEL01-PR
766538;21/04/2026;terça-feira;12:00:00;MA;135;0,4;SAO LUIS;Acessar a via sem observar a presença dos outros veículos;Colisão transversal;Com Vítimas Feridas;Pleno dia;Crescente;Chuva;Múltipla;Reta;Sim;2;0;1;0;1;1;0;2;-2,583553;-44,242908;SPRF-MA;DEL01-MA;UOP01-DEL01-MA
766541;21/04/2026;terça-feira;06:20:00;MG;116;621,8;ORIZANIA;Condutor Dormindo;Saída de leito carroçável;Com Vítimas Feridas;Pleno dia;Crescente;Céu Claro;Simples;Curva;Não;1;0;1;0;1;0;0;1;-20,52059328;-42,19758008;SPRF-MG;DEL07/MG;UOP02-DEL07-MG
766542;21/04/2026;terça-feira;12:30:00;PR;163;184;SANTA TEREZA DO OESTE;Frear bruscamente;Colisão traseira;Com Vítimas Feridas;Pleno dia;Decrescente;Nublado;Dupla;"Declive;Reta";Não;3;0;1;0;1;2;0;2;-25,08866574;-53,59186918;SPRF-PR;DEL05/PR;UOP05-DEL05-PR
766543;21/04/2026;terça-feira;11:25:00;SC;101;54;JOINVILLE;Condutor deixou de manter distância do veículo da frente;Engavetamento;Com Vítimas Feridas;Pleno dia;Decrescente;Nublado;Dupla;Reta;Não;3;0;1;0;1;2;0;3;-26,4224184;-48,829888;SPRF-SC;DEL03/SC;UOP01-DEL03-SC
766544;09/04/2026;quinta-feira;11:20:00;SC;470;174;POUSO REDONDO;Acessar a via sem observar a presença dos outros veículos;Colisão transversal;Com Vítimas Feridas;Pleno dia;Decrescente;Céu Claro;Simples;"Reta;Interseção de Vias";Sim;2;0;1;0;1;1;0;2;-27,2582625;-49,92843803;SPRF-SC;DEL04/SC;UOP02-DEL04-SC
766546;21/04/2026;terça-feira;12:34:00;DF;70;3;BRASILIA;Reação tardia ou ineficiente do condutor;Colisão lateral mesmo sentido;Com Vítimas Feridas;Pleno dia;Decrescente;Céu Claro;Dupla;Curva;Sim;3;0;2;0;2;1;0;2;-15,80226;-48,081877;SPRF-DF;DEL03-DF;UOP02-DEL03-DF
766547;21/04/2026;terça-feira;13:10:00;SC;282;96,3;ALFREDO WAGNER;Conversão proibida;Colisão frontal;Com Vítimas Feridas;Pleno dia;Decrescente;Céu Claro;Simples;Reta;Não;3;0;1;1;2;1;0;2;-27,7103685;-49,26755397;SPRF-SC;DEL01/SC;UOP03-DEL01-SC
766548;17/04/2026;sexta-feira;20:20:00;RJ;493;96;SEROPEDICA;Iluminação deficiente;Saída de leito carroçável;Com Vítimas Feridas;Plena Noite;Crescente;Céu Claro;Dupla;"Retorno Regulamentado;Reta";Não;3;0;1;0;1;2;0;1;-22,71433556;-43,70444862;SPRF-RJ;DEL01/RJ;UOP03-DEL01-RJ
766550;21/04/2026;terça-feira;12:15:00;SC;101;214,2;PALHOCA;Estacionar ou parar em local proibido;Colisão traseira;Sem Vítimas;Pleno dia;Crescente;Céu Claro;Múltipla;Reta;Sim;2;0;0;0;0;0;1;2;-27,64597;-48,67172;SPRF-SC;DEL01/SC;UOP02-DEL01-SC
766553;21/04/2026;terça-feira;14:10:00;SP;116;289;ITAPECERICA DA SERRA;Trafegar com motocicleta (ou similar) entre as faixas;Colisão lateral mesmo sentido;Com Vítimas Feridas;Pleno dia;Decrescente;Céu Claro;Dupla;Reta;Sim;4;0;1;1;2;2;0;2;-23,71391044;-46,87882774;SPRF-SP;DEL04/SP;UOP01-DEL04-SP
766554;21/04/2026;terça-feira;14:30:00;MG;40;544;BELO HORIZONTE;Condutor deixou de manter distância do veículo da frente;Colisão traseira;Com Vítimas Feridas;Pleno dia;Crescente;Nublado;Dupla;Curva;Não;3;0;1;0;1;2;0;2;-20,0017;-43,9651;SPRF-MG;DEL01/MG;UOP02-DEL01-MG
766555;21/04/2026;terça-feira;11:40:00;BA;116;802,2;VITORIA DA CONQUISTA;Pista esburacada;Queda de ocupante de veículo;Com Vítimas Feridas;Pleno dia;Decrescente;Céu Claro;Simples;Reta;Não;2;0;2;0;2;0;0;1;-14,75674;-40,69045;SPRF-BA;DEL08/BA;UOP02-DEL08-BA
766556;21/04/2026;terça-feira;13:36:00;BA;242;810;BARREIRAS;Reação tardia ou ineficiente do condutor;Colisão traseira;Com Vítimas Feridas;Pleno dia;Crescente;Céu Claro;Simples;Reta;Não;2;0;0;1;1;0;0;2;-12,14072;-44,94538;SPRF-BA;DEL10/BA;UOP01-DEL10-BA
766558;21/04/2026;terça-feira;14:00:00;PE;408;89,6;SAO LOURENCO DA MATA;Acessar a via sem observar a presença dos outros veículos;Colisão transversal;Com Vítimas Fatais;Pleno dia;Crescente;Céu Claro;Dupla;"Reta;Retorno Regulamentado;Interseção de Vias";Sim;3;1;0;0;0;2;0;2;-7,98739;-35,07737;SPRF-PE;DEL01/PE;UOP01-DEL01-PE
766559;21/04/2026;terça-feira;12:00:00;RJ;116;272;PIRAI;Reação tardia ou ineficiente do condutor;Capotamento;Com Vítimas Feridas;Pleno dia;Crescente;Céu Claro;Dupla;"Curva;Declive";Não;4;0;1;0;1;3;0;1;-22,66672446;-43,84154093;SPRF-RJ;DEL07/RJ;UOP02-DEL07-RJ
766561;21/04/2026;terça-feira;13:55:00;SP;116;43;CACHOEIRA PAULISTA;Ausência de reação do condutor;Colisão com objeto;Com Vítimas Feridas;Pleno dia;Crescente;Céu Claro;Dupla;Declive;Não;5;0;5;0;5;0;0;1;-22,6881;-45,018;SPRF-SP;DEL08/SP;UOP02-DEL08-SP
766562;21/04/2026;terça-feira;13:50:00;MG;50;30;ARAGUARI;Reação tardia ou ineficiente do condutor;Saída de leito carroçável;Com Vítimas Feridas;Pleno dia;Crescente;Céu Claro;Dupla;"Aclive;Curva";Não;1;0;0;1;1;0;0;1;-18,62402658;-48,11766565;SPRF-MG;DEL15/MG;UOP02-DEL15-MG
766564;21/04/2026;terça-feira;13:51:00;MG;40;499,4;ESMERALDAS;Pedestre andava na pista;Atropelamento de Pedestre;Com Vítimas Feridas;Pleno dia;Crescente;Céu Claro;Dupla;Reta;Não;2;0;1;0;1;1;0;2;-19,6973;-44,17693;SPRF-MG;DEL02/MG;UOP01-DEL02-MG
766565;21/04/2026;terça-feira;12:26:00;PB;230;213;SOLEDADE;Acessar a via sem observar a presença dos outros veículos;Colisão transversal;Com Vítimas Feridas;Pleno dia;Decrescente;Céu Claro;Simples;Reta;Não;2;0;0;1;1;1;0;2;-7,065362;-36,351808;SPRF-PB;DEL02-PB;UOP02-DEL02-PB
766566;21/04/2026;terça-feira;14:50:00;PE;104;67;CARUARU;Pedestre cruzava a pista fora da faixa;Atropelamento de Pedestre;Com Vítimas Feridas;Pleno dia;Crescente;Céu Claro;Dupla;Reta;Sim;2;0;0;1;1;1;0;2;-8,29420775;-35,98772943;SPRF-PE;DEL02/PE;UOP01-DEL02-PE
766567;21/04/2026;terça-feira;14:30:00;MG;381;443,6;SABARA;Conversão proibida;Colisão frontal;Com Vítimas Feridas;Pleno dia;Crescente;Céu Claro;Simples;Curva;Sim;4;0;2;1;3;1;0;2;-19,83369093;-43,84810925;SPRF-MG;DEL01/MG;UOP01-DEL01-MG
766568;21/04/2026;terça-feira;14:15:00;PR;376;676;GUARATUBA;Velocidade Incompatível;Saída de leito carroçável;Com Vítimas Feridas;Pleno dia;Crescente;Céu Claro;Dupla;"Reta;Retorno Regulamentado;Declive";Não;1;0;1;0;1;0;0;1;-25,931663;-48,911991;SPRF-PR;DEL01/PR;UOP04-DEL01-PR
766569;21/04/2026;terça-feira;14:50:00;PR;116;104;SAO JOSE DOS PINHAIS;Ausência de reação do condutor;Atropelamento de Pedestre;Com Vítimas Feridas;Pleno dia;Crescente;Céu Claro;Dupla;"Reta;Declive";Sim;2;0;1;0;1;1;0;2;-25,567;-49,205;SPRF-PR;DEL01/PR;UOP08-DEL01-PR
766570;21/04/2026;terça-feira;13:20:00;GO;153;594,3;PIRACANJUBA;Pista esburacada;Saída de leito carroçável;Com Vítimas Feridas;Pleno dia;Crescente;Céu Claro;Dupla;Reta;Não;2;0;2;0;2;0;0;1;-17,48986;-49,21177;SPRF-GO;DEL03/GO;UOP01-DEL03-GO
766571;21/04/2026;terça-feira;14:25:00;CE;116;70;CHOROZINHO;Reação tardia ou ineficiente do condutor;Saída de leito carroçável;Sem Vítimas;Pleno dia;Crescente;Nublado;Simples;Curva;Não;2;0;0;0;0;2;0;1;-4,33606626;-38,47891688;SPRF-CE;DEL01/CE;UOP04-DEL01-CE
766572;21/04/2026;terça-feira;14:40:00;BA;418;104;NOVA VICOSA;Conversão proibida;Colisão transversal;Com Vítimas Feridas;Pleno dia;Crescente;Céu Claro;Simples;"Aclive;Reta";Não;5;0;2;2;4;1;0;2;-17,90262854;-39,99298096;SPRF-BA;DEL09/BA;UOP02-DEL09-BA
766573;21/04/2026;terça-feira;14:10:00;GO;70;57;COCALZINHO DE GOIAS;Ausência de reação do condutor;Colisão transversal;Com Vítimas Fatais;Pleno dia;Crescente;Céu Claro;Simples;Reta;Não;2;1;0;0;0;1;0;2;-15,753829;-48,67938;SPRF-DF;DEL03-DF;UOP02-DEL03-DF
766574;21/04/2026;terça-feira;16:10:00;SP;116;64,4;GUARATINGUETA;Condutor deixou de manter distância do veículo da frente;Colisão traseira;Com Vítimas Feridas;Pleno dia;Crescente;Sol;Dupla;Curva;Sim;2;0;1;0;1;1;0;2;-22,82019;-45,18727;SPRF-SP;DEL08/SP;UOP01-DEL08-SP
766576;21/04/2026;terça-feira;16:00:00;SC;101;236;PALHOCA;Reação tardia ou ineficiente do condutor;Colisão lateral mesmo sentido;Com Vítimas Feridas;Pleno dia;Decrescente;Céu Claro;Dupla;Reta;Não;2;0;0;1;1;1;0;2;-27,82547;-48,63017;SPRF-SC;DEL01/SC;UOP02-DEL01-SC
766577;21/04/2026;terça-feira;16:30:00;MG;146;439,4;CABO VERDE;Desrespeitar a preferência no cruzamento;Colisão transversal;Com Vítimas Feridas;Pleno dia;Decrescente;Céu Claro;Simples;"Aclive;Reta;Interseção de Vias";Sim;4;0;4;0;4;0;0;2;-21,472236;-46,402624;SPRF-MG;DEL09/MG;UOP01-DEL09-MG
766578;21/04/2026;terça-feira;14:58:00;MT;163;838;SINOP;Reação tardia ou ineficiente do condutor;Colisão lateral mesmo sentido;Sem Vítimas;Pleno dia;Crescente;Céu Claro;Simples;Reta;Sim;5;0;0;0;0;5;0;2;-11,83258478;-55,48774838;SPRF-MT;DEL06/MT;UOP02-DEL06-MT
766579;21/04/2026;terça-feira;15:30:00;RS;392;67;PELOTAS;Acessar a via sem observar a presença dos outros veículos;Colisão transversal;Com Vítimas Feridas;Pleno dia;Crescente;Céu Claro;Dupla;Interseção de Vias;Sim;2;0;2;0;2;0;0;2;-31,756116;-52,400141;SPRF-RS;DEL07/RS;UOP01-DEL07-RS
766580;21/04/2026;terça-feira;16:40:00;RS;116;247;SAO LEOPOLDO;Pedestre cruzava a pista fora da faixa;Atropelamento de Pedestre;Com Vítimas Feridas;Pleno dia;Decrescente;Céu Claro;Dupla;Reta;Sim;2;0;1;0;1;1;0;2;-29,7676649;-51,15339662;SPRF-RS;DEL01/RS;UOP02-DEL01-RS
766583;21/04/2026;terça-feira;15:40:00;RJ;101;331;RIO DE JANEIRO;Reação tardia ou ineficiente do condutor;Colisão traseira;Com Vítimas Feridas;Pleno dia;Decrescente;Sol;Múltipla;"Reta;Ponte";Não;3;0;1;1;2;1;0;2;-22,86795064;-43,19137573;SPRF-RJ;DEL02/RJ;UOP01-DEL02-RJ
766584;21/04/2026;terça-feira;16:20:00;PA;10;343;SANTA MARIA DO PARA;Manobra de mudança de faixa;Colisão traseira;Sem Vítimas;Pleno dia;Crescente;Nublado;Simples;Reta;Não;2;0;0;0;0;2;0;2;-1,457844;-47,537016;SPRF-PA;DEL01/PA;UOP02-DEL01-PA
766585;21/04/2026;terça-feira;15:10:00;SC;101;276;IMBITUBA;Ausência de reação do condutor;Tombamento;Com Vítimas Feridas;Pleno dia;Decrescente;Céu Claro;Múltipla;Reta;Sim;2;0;2;0;2;0;0;1;-28,139741;-48,691887;SPRF-SC;DEL02/SC;UOP03-DEL02-SC
766586;21/04/2026;terça-feira;16:20:00;MG;381;693;LAVRAS;Reação tardia ou ineficiente do condutor;Colisão com objeto;Com Vítimas Feridas;Anoitecer;Decrescente;Céu Claro;Simples;Interseção de Vias;Não;1;0;1;0;1;0;0;1;-21,22482261;-45,12976956;SPRF-MG;DEL04/MG;UOP02-DEL04-MG
766587;21/04/2026;terça-feira;08:20:00;BA;235;67;JEREMOABO;Reação tardia ou ineficiente do condutor;Colisão lateral mesmo sentido;Com Vítimas Feridas;Amanhecer;Crescente;Chuva;Simples;Reta;Não;3;0;2;0;2;1;0;2;-10,08884476;-38,31803195;SPRF-SE;DEL01-SE;UOP02-DEL01-SE
766588;21/04/2026;terça-feira;17:23:00;RJ;101;55;CAMPOS DOS GOYTACAZES;Ausência de reação do condutor;Atropelamento de Pedestre;Com Vítimas Feridas;Pleno dia;Crescente;Céu Claro;Simples;Reta;Sim;3;0;1;0;1;2;0;3;-21,68552954;-41,31102769;SPRF-RJ;DEL08/RJ;UOP01-DEL08-RJ
766589;21/04/2026;terça-feira;07:43:00;PA;230;517;TRAIRAO;Demais falhas mecânicas ou elétricas;Saída de leito carroçável;Com Vítimas Feridas;Pleno dia;Decrescente;Céu Claro;Simples;Curva;Não;2;0;2;0;2;0;0;1;-5,376311;-55,887734;SPRF-PA;DEL04/PA;UOP01-DEL04-PA
766591;21/04/2026;terça-feira;16:20:00;MT;163;723;SORRISO;Reação tardia ou ineficiente do condutor;Colisão traseira;Sem Vítimas;Pleno dia;Crescente;Céu Claro;Simples;Curva;Não;3;0;0;0;0;2;0;2;-12,78428547;-55,83747625;SPRF-MT;DEL06/MT;UOP01-DEL06-MT
766592;21/04/2026;terça-feira;17:50:00;PE;101;69;RECIFE;Condutor deixou de manter distância do veículo da frente;Colisão traseira;Sem Vítimas;Plena Noite;Crescente;Céu Claro;Múltipla;Reta;Sim;2;0;0;0;0;2;0;2;-8,0596;-34,9458;SPRF-PE;DEL01/PE;UOP01-DEL01-PE
766593;21/04/2026;terça-feira;17:36:00;PE;101;31,7;ITAPISSUMA;Animais na Pista;Atropelamento de Animal;Com Vítimas Fatais;Plena Noite;Crescente;Céu Claro;Dupla;Reta;Não;4;1;0;0;0;1;0;3;-7,748171;-34,937116;SPRF-PE;DEL01/PE;UOP02-DEL01-PE
766594;21/04/2026;terça-feira;18:25:00;SC;101;207;SAO JOSE;Frear bruscamente;Queda de ocupante de veículo;Com Vítimas Feridas;Plena Noite;Decrescente;Céu Claro;Múltipla;Declive;Não;2;0;2;0;2;0;0;1;-27,595823;-48,6193;SPRF-SC;DEL01/SC;UOP01-DEL01-SC
766595;21/04/2026;terça-feira;18:15:00;PR;277;661;MATELANDIA;Reação tardia ou ineficiente do condutor;Colisão com objeto;Com Vítimas Feridas;Anoitecer;Crescente;Céu Claro;Dupla;"Curva;Declive";Sim;1;0;0;1;1;0;0;1;-25,25164614;-53,98509367;SPRF-PR;DEL05/PR;UOP02-DEL05-PR
766596;21/04/2026;terça-feira;18:20:00;PR;476;186;LAPA;Ingestão de álcool pelo condutor;Colisão traseira;Sem Vítimas;Anoitecer;Crescente;Céu Claro;Simples;Reta;Não;3;0;0;0;0;3;0;2;-25,71759083;-49,6517965;SPRF-PR;DEL01/PR;UOP06-DEL01-PR
766598;21/04/2026;terça-feira;17:45:00;CE;116;186,2;LIMOEIRO DO NORTE;Animais na Pista;Atropelamento de Animal;Com Vítimas Feridas;Plena Noite;Decrescente;Céu Claro;Simples;Reta;Não;2;0;0;2;2;0;0;1;-5,08775666;-38,12009557;SPRF-CE;DEL03/CE;UOP01-DEL03-CE
766599;12/04/2026;domingo;06:40:00;RJ;101;161;MACAE;Acostamento em desnível;Queda de ocupante de veículo;Com Vítimas Feridas;Pleno dia;Decrescente;Céu Claro;Simples;Reta;Não;1;0;1;0;1;0;0;1;-22,30290808;-41,88333945;SPRF-RJ;DEL08/RJ;UOP04-DEL08-RJ
766601;21/04/2026;terça-feira;18:45:00;PB;230;10,5;CABEDELO;Demais falhas na via;Tombamento;Com Vítimas Feridas;Plena Noite;Crescente;Céu Claro;Múltipla;"Reta;Em Obras";Sim;1;0;1;0;1;0;0;1;-7,0599881;-34,8505974;SPRF-PB;DEL01-PB;UOP01-DEL01-PB
766602;21/04/2026;terça-feira;16:40:00;PI;343;169,7;BRASILEIRA;Ausência de reação do condutor;Saída de leito carroçável;Com Vítimas Feridas;Pleno dia;Crescente;Garoa/Chuvisco;Simples;Reta;Não;3;0;2;1;3;0;0;1;-4,157317;-41,784803;SPRF-PI;DEL02-PI;UOP01-DEL02-PI
766603;21/04/2026;terça-feira;18:20:00;SP;116;25;SILVEIRAS;Manobra de mudança de faixa;Colisão lateral mesmo sentido;Com Vítimas Feridas;Plena Noite;Decrescente;Céu Claro;Múltipla;Reta;Não;7;0;2;0;2;5;0;2;-22,61103965;-44,89738941;SPRF-SP;DEL08/SP;UOP02-DEL08-SP
766604;21/04/2026;terça-feira;17:05:00;RJ;116;137;MAGE;Demais falhas mecânicas ou elétricas;Colisão com objeto;Com Vítimas Feridas;Anoitecer;Decrescente;Céu Claro;Dupla;Reta;Não;1;0;1;0;1;0;0;1;-22,65210521;-43,16329468;SPRF-RJ;DEL04/RJ;UOP02-DEL04-RJ
766605;21/04/2026;terça-feira;15:15:00;MA;402;93,6;HUMBERTO DE CAMPOS;Reação tardia ou ineficiente do condutor;Saída de leito carroçável;Sem Vítimas;Pleno dia;Decrescente;Chuva;Simples;Curva;Não;2;0;0;0;0;0;1;2;-2,7422;-43,607465;SPRF-MA;DEL01-MA;UOP01-DEL01-MA
766606;21/04/2026;terça-feira;18:24:00;MS;419;261,8;ANASTACIO;Avarias e/ou desgaste excessivo no pneu;Tombamento;Com Vítimas Feridas;Plena Noite;Crescente;Céu Claro;Simples;Reta;Não;1;0;0;1;1;0;0;1;-20,604526;-55,860254;SPRF-MS;DEL03/MS;UOP01-DEL03-MS
766607;21/04/2026;terça-feira;19:20:00;SC;282;4,2;SAO JOSE;Ausência de reação do condutor;Colisão traseira;Com Vítimas Feridas;Plena Noite;Decrescente;Céu Claro;Múltipla;"Aclive;Reta";Sim;3;0;2;0;2;1;0;2;-27,59145;-48,60665;SPRF-SC;DEL01/SC;UOP01-DEL01-SC
766608;21/04/2026;terça-feira;19:25:00;SP;116;370;MIRACATU;Ausência de reação do condutor;Tombamento;Com Vítimas Feridas;Plena Noite;Decrescente;Céu Claro;Dupla;Reta;Não;1;0;1;0;1;0;0;1;-24,15544971;-47,32486057;SPRF-SP;DEL04/SP;UOP02-DEL04-SP
766610;21/04/2026;terça-feira;16:50:00;PR;277;300,5;PRUDENTOPOLIS;Condutor deixou de manter distância do veículo da frente;Colisão traseira;Com Vítimas Feridas;Pleno dia;Decrescente;Céu Claro;Simples;Reta;Não;5;0;2;0;2;3;0;2;-25,310038;-51,104571;SPRF-PR;DEL08/PR;UOP01-DEL08-PR
766612;21/04/2026;terça-feira;18:20:00;SC;101;205,7;SAO JOSE;Reação tardia ou ineficiente do condutor;Colisão traseira;Com Vítimas Feridas;Plena Noite;Decrescente;Céu Claro;Múltipla;Reta;Sim;3;0;1;0;1;2;0;2;-27,58982078;-48,61737728;SPRF-SC;DEL01/SC;UOP01-DEL01-SC
766613;21/04/2026;terça-feira;17:40:00;PE;101;45,9;IGARASSU;Transitar na contramão;Colisão lateral sentido oposto;Com Vítimas Feridas;Anoitecer;Crescente;Céu Claro;Múltipla;Reta;Sim;3;0;1;0;1;2;0;2;-7,87506176;-34,90603209;SPRF-PE;DEL01/PE;UOP02-DEL01-PE
766614;21/04/2026;terça-feira;19:00:00;PR;376;167;MARINGA;Condutor deixou de manter distância do veículo da frente;Colisão lateral mesmo sentido;Com Vítimas Feridas;Plena Noite;Decrescente;Céu Claro;Dupla;Reta;Não;3;0;3;0;3;0;0;2;-23,39008235;-52,01530695;SPRF-PR;DEL09/PR;UOP01-DEL09-PR
766615;21/04/2026;terça-feira;18:50:00;BA;116;26;VITORIA DA CONQUISTA;Acessar a via sem observar a presença dos outros veículos;Colisão transversal;Com Vítimas Feridas;Plena Noite;Decrescente;Nublado;Simples;"Declive;Reta";Sim;3;0;0;1;1;2;0;2;-14,852858;-40,800538;SPRF-PE;DEL05/PE;UOP03-DEL05-PE
766618;21/04/2026;terça-feira;16:00:00;MG;116;799,2;ALEM PARAIBA;Ausência de reação do condutor;Saída de leito carroçável;Com Vítimas Feridas;Pleno dia;Decrescente;Céu Claro;Simples;Reta;Não;1;0;0;1;1;0;0;1;-21,68550508;-42,73132324;SPRF-MG;DEL07/MG;UOP01-DEL07-MG
766619;21/04/2026;terça-feira;19:20:00;PE;232;6,1;RECIFE;Ausência de sinalização;Colisão traseira;Com Vítimas Feridas;Plena Noite;Crescente;Céu Claro;Dupla;Reta;Não;2;0;0;1;1;1;0;2;-8,071455;-34,95556;SPRF-PE;DEL01/PE;UOP01-DEL01-PE
766623;21/04/2026;terça-feira;20:37:00;SP;116;294;ITAPECERICA DA SERRA;Ausência de reação do condutor;Colisão traseira;Sem Vítimas;Plena Noite;Decrescente;Céu Claro;Dupla;Reta;Não;4;0;0;0;0;4;0;3;-23,75025825;-46,90097516;SPRF-SP;DEL04/SP;UOP01-DEL04-SP
766626;21/04/2026;terça-feira;20:55:00;RS;116;294;GUAIBA;Animais na Pista;Atropelamento de Animal;Com Vítimas Feridas;Plena Noite;Crescente;Nublado;Dupla;Reta;Não;7;0;4;0;4;3;0;2;-30,075685;-51,341222;SPRF-RS;DEL02/RS;UOP01-DEL02-RS
766627;21/04/2026;terça-feira;21:25:00;MG;50;170;UBERABA;Acessar a via sem observar a presença dos outros veículos;Tombamento;Com Vítimas Feridas;Plena Noite;Crescente;Céu Claro;Dupla;Interseção de Vias;Sim;1;0;1;0;1;0;0;1;-19,73571845;-47,98294751;SPRF-MG;DEL13/MG;UOP01-DEL13-MG
766629;21/04/2026;terça-feira;21:10:00;SP;116;145;SAO JOSE DOS CAMPOS;Ausência de reação do condutor;Colisão com objeto;Com Vítimas Feridas;Plena Noite;Decrescente;Céu Claro;Dupla;Em Obras;Não;1;0;1;0;1;0;0;1;-23,18609;-45,85337;SPRF-SP;DEL02/SP;UOP01-DEL02-SP
766630;21/04/2026;terça-feira;21:04:00;GO;153;211,6;URUACU;Ingestão de álcool pelo condutor;Colisão com objeto;Com Vítimas Feridas;Plena Noite;Crescente;Céu Claro;Simples;"Curva;Interseção de Vias";Não;1;0;1;0;1;0;0;1;-14,63469472;-49,17621732;SPRF-GO;DEL07/GO;UOP02-DEL07-GO
766631;21/04/2026;terça-feira;19:00:00;PB;230;463,8;SOUSA;Animais na Pista;Atropelamento de Animal;Com Vítimas Feridas;Plena Noite;Decrescente;Céu Claro;Simples;Reta;Sim;1;0;0;1;1;0;0;1;-6,781628;-38,26776;SPRF-PB;DEL03-PB;UOP03-DEL03-PB