id;data_inversa;dia_semana;horario;uf;br;km;municipio;causa_acidente;tipo_acidente;classificacao_acidente;fase_dia;sentido_via;condicao_metereologica;tipo_pista;tracado_via;uso_solo;pessoas;mortos;feridos_leves;feridos_graves;feridos;ilesos;ignorados;veiculos;latitude;longitude;regional;delegacia;uop
766750;22/04/2026;quarta-feira;10:20:00;RJ;40;32;AREAL;Acumulo de óleo sobre o pavimento;Queda de ocupante de veículo;Com Vítimas Feridas;Pleno dia;Decrescente;Céu Claro;Dupla;"Declive;Curva";Sim;1;0;1;0;1;0;0;1;-22,2049607;-43,14053397;SPRF-RJ;DEL05/RJ;UOP02-DEL05-RJ
766751;14/04/2026;terça-feira;14:30:00;PE;232;133;CARUARU;Velocidade Incompatível;Colisão traseira;Sem Vítimas;Pleno dia;Decrescente;Céu Claro;Dupla;Reta;Sim;2;0;0;0;0;1;0;2;-8,308353;-36,023737;SPRF-PE;DEL02/PE;UOP03-DEL02-PE
766752;22/04/2026;quarta-feira;13:00:00;BA;324;582;CANDEIAS;Chuva;Saída de leito carroçável;Sem Vítimas;Pleno dia;Decrescente;Chuva;Dupla;Curva;Não;1;0;0;0;0;0;1;1;-12,6155258;-38,4877847;SPRF-BA;DEL01/BA;UOP01-DEL01-BA
766753;22/04/2026;quarta-feira;14:25:00;RJ;101;297;ITABORAI;Transitar no Acostamento;Colisão transversal;Com Vítimas Feridas;Pleno dia;Decrescente;Céu Claro;Simples;Aclive;Sim;2;0;1;0;1;1;0;2;-22,77135268;-42,92281508;SPRF-RJ;DEL02/RJ;UOP02-DEL02-RJ
766755;22/04/2026;quarta-feira;15:02:00;RJ;40;109;DUQUE DE CAXIAS;Condutor deixou de manter distância do veículo da frente;Colisão traseira;Com Vítimas Feridas;Pleno dia;Crescente;Céu Claro;Dupla;Reta;Sim;2;0;1;0;1;1;0;2;-22,678175;-43,28624;SPRF-RJ;DEL01/RJ;UOP02-DEL01-RJ
766757;22/04/2026;quarta-feira;15:37:00;ES;101;286,2;CARIACICA;Demais falhas na via;Queda de ocupante de veículo;Com Vítimas Feridas;Pleno dia;Crescente;Céu Claro;Dupla;"Aclive;Reta";Não;1;0;0;1;1;0;0;1;-20,262283;-40,3787901;SPRF-ES;DEL01-ES;UOP01-DEL01-ES
766758;11/04/2026;sábado;20:20:00;PE;316;86,9;OURICURI;Ausência de reação do condutor;Colisão frontal;Com Vítimas Feridas;Plena Noite;Crescente;Ignorado;Simples;Reta;Não;3;0;1;0;1;2;0;2;-7,89282;-40,055445;SPRF-PE;DEL05/PE;UOP02-DEL05-PE
766760;16/01/2026;sexta-feira;20:30:00;RJ;101;43;CAMPOS DOS GOYTACAZES;Iluminação deficiente;Colisão traseira;Com Vítimas Feridas;Plena Noite;Crescente;Céu Claro;Simples;Reta;Não;3;0;1;0;1;2;0;2;-21,59767463;-41,31690742;SPRF-RJ;DEL08/RJ;UOP01-DEL08-RJ
766762;22/04/2026;quarta-feira;15:00:00;PA;316;65;CASTANHAL;Semáforo com defeito;Colisão traseira;Com Vítimas Feridas;Pleno dia;Crescente;Sol;Dupla;Reta;Sim;2;0;0;1;1;0;0;2;-1,295657;-47,90476;SPRF-PA;DEL01/PA;UOP01-DEL01-PA
766763;22/04/2026;quarta-feira;11:15:00;GO;153;580;PIRACANJUBA;Ausência de reação do condutor;Saída de leito carroçável;Com Vítimas Feridas;Pleno dia;Crescente;Céu Claro;Dupla;Curva;Não;1;0;1;0;1;0;0;1;-17,3818217;-49,23670001;SPRF-GO;DEL03/GO;UOP01-DEL03-GO
766764;20/04/2026;segunda-feira;19:50:00;PE;316;83;OURICURI;Pedestre andava na pista;Atropelamento de Pedestre;Com Vítimas Feridas;Plena Noite;Decrescente;Céu Claro;Simples;Reta;Não;3;0;0;1;1;1;0;2;-7,87532745;-40,08396149;SPRF-PE;DEL05/PE;UOP02-DEL05-PE
766771;22/04/2026;quarta-feira;15:50:00;RS;285;221,9;CASEIROS;Ausência de reação do condutor;Capotamento;Com Vítimas Fatais;Pleno dia;Crescente;Nublado;Simples;Curva;Não;3;1;0;0;0;2;0;3;-28,2512619;-51,7248435;SPRF-RS;DEL08/RS;UOP05-DEL08-RS
766773;22/04/2026;quarta-feira;15:36:00;RJ;101;494;ANGRA DOS REIS;Manobra de mudança de faixa;Colisão lateral mesmo sentido;Com Vítimas Feridas;Pleno dia;Decrescente;Céu Claro;Simples;Reta;Sim;2;0;1;0;1;1;0;2;-22,9843133;-44,29584503;SPRF-RJ;DEL03/RJ;UOP03-DEL03-RJ
766776;21/04/2026;terça-feira;06:12:00;SP;116;449;REGISTRO;Avarias e/ou desgaste excessivo no pneu;Tombamento;Com Vítimas Feridas;Amanhecer;Crescente;Céu Claro;Dupla;Reta;Não;2;0;2;0;2;0;0;1;-24,53128649;-47,8573011;SPRF-SP;DEL05/SP;UOP01-DEL05-SP
766777;22/04/2026;quarta-feira;17:02:00;CE;304;47;ARACATI;Animais na Pista;Atropelamento de Animal;Com Vítimas Feridas;Pleno dia;Decrescente;Céu Claro;Dupla;Reta;Sim;1;0;1;0;1;0;0;1;-4,57630145;-37,78799979;SPRF-CE;DEL03/CE;UOP02-DEL03-CE
766779;22/04/2026;quarta-feira;16:50:00;RS;290;176;BUTIA;Acessar a via sem observar a presença dos outros veículos;Colisão lateral mesmo sentido;Sem Vítimas;Pleno dia;Crescente;Céu Claro;Simples;Reta;Sim;3;0;0;0;0;3;0;2;-30,13212722;-51,97798904;SPRF-RS;DEL02/RS;UOP03-DEL02-RS
766780;22/04/2026;quarta-feira;16:40:00;MG;459;78,3;SENADOR JOSE BENTO;Condutor Dormindo;Saída de leito carroçável;Com Vítimas Feridas;Pleno dia;Decrescente;Céu Claro;Simples;Curva;Não;1;0;1;0;1;0;0;1;-22,16081801;-46,09996319;SPRF-MG;DEL09/MG;UOP01-DEL09-MG
766781;14/04/2026;terça-feira;16:40:00;RJ;116;173;SAO JOAO DE MERITI;Reação tardia ou ineficiente do condutor;Colisão lateral mesmo sentido;Com Vítimas Feridas;Pleno dia;Crescente;Céu Claro;Múltipla;Reta;Sim;4;0;2;0;2;2;0;2;-22,79587014;-43,36115805;SPRF-RJ;DEL06/RJ;UOP01-DEL06-RJ
766783;22/04/2026;quarta-feira;14:10:00;MA;10;251;IMPERATRIZ;Acessar a via sem observar a presença dos outros veículos;Colisão transversal;Com Vítimas Feridas;Pleno dia;Decrescente;Céu Claro;Simples;Reta;Sim;2;0;1;0;1;1;0;2;-5,537492;-47,468275;SPRF-MA;DEL04-MA;UOP01-DEL04-MA
766784;22/04/2026;quarta-feira;17:30:00;PR;277;721;FOZ DO IGUACU;Ausência de sinalização;Eventos atípicos;Com Vítimas Feridas;Anoitecer;Decrescente;Céu Claro;Dupla;"Reta;Retorno Regulamentado";Sim;2;0;1;0;1;1;0;2;-25,491156;-54,511753;SPRF-PR;DEL05/PR;UOP03-DEL05-PR
766786;22/04/2026;quarta-feira;17:25:00;MG;116;702;MURIAE;Transitar no Acostamento;Colisão transversal;Com Vítimas Feridas;Pleno dia;Crescente;Sol;Simples;"Reta;Retorno Regulamentado";Sim;2;0;2;0;2;0;0;2;-21,12145;-42,38014;SPRF-MG;DEL07/MG;UOP02-DEL07-MG
766788;22/04/2026;quarta-feira;17:30:00;RS;116;230;IVOTI;Acessar a via sem observar a presença dos outros veículos;Colisão transversal;Sem Vítimas;Pleno dia;Decrescente;Nublado;Dupla;"Aclive;Retorno Regulamentado";Sim;2;0;0;0;0;2;0;2;-29,6255197;-51,1375288;SPRF-RS;DEL01/RS;UOP02-DEL01-RS
766789;22/04/2026;quarta-feira;16:20:00;SC;282;590,5;SAUDADES;Ingestão de álcool pelo condutor;Saída de leito carroçável;Sem Vítimas;Pleno dia;Decrescente;Céu Claro;Simples;Reta;Não;1;0;0;0;0;1;0;1;-26,82565163;-53,08685433;SPRF-SC;DEL07/SC;UOP02-DEL07-SC
766791;22/04/2026;quarta-feira;10:00:00;MA;226;508;LAJEADO NOVO;Demais falhas mecânicas ou elétricas;Incêndio;Sem Vítimas;Pleno dia;Decrescente;Céu Claro;Simples;Reta;Não;2;0;0;0;0;2;0;1;-6,141143;-46,875617;SPRF-MA;DEL04-MA;UOP02-DEL04-MA
766792;22/04/2026;quarta-feira;17:50:00;RN;101;83,4;SAO GONCALO DO AMARANTE;Condutor deixou de manter distância do veículo da frente;Colisão traseira;Com Vítimas Feridas;Plena Noite;Crescente;Céu Claro;Múltipla;Reta;Sim;2;0;1;0;1;1;0;2;-5,772527;-35,26277;SPRF-RN;DEL02-RN;UOP01-DEL02-RN
766794;22/04/2026;quarta-feira;18:00:00;SP;116;218;GUARULHOS;Trafegar com motocicleta (ou similar) entre as faixas;Colisão lateral mesmo sentido;Com Vítimas Feridas;Anoitecer;Crescente;Céu Claro;Múltipla;Reta;Não;3;0;1;0;1;2;0;3;-23,459168;-46,484798;SPRF-SP;DEL01/SP;UOP01-DEL01-SP
766795;22/04/2026;quarta-feira;16:15:00;MG;381;628;OLIVEIRA;Ausência de reação do condutor;Colisão traseira;Com Vítimas Feridas;Pleno dia;Crescente;Sol;Dupla;"Aclive;Curva";Não;2;0;0;1;1;1;0;2;-20,81921779;-44,80045865;SPRF-MG;DEL04/MG;UOP01-DEL04-MG
766796;22/04/2026;quarta-feira;17:49:00;ES;101;282;CARIACICA;Acessar a via sem observar a presença dos outros veículos;Colisão lateral mesmo sentido;Com Vítimas Feridas;Anoitecer;Crescente;Céu Claro;Dupla;"Aclive;Reta;Interseção de Vias";Não;3;0;2;0;2;1;0;2;-20,25312853;-40,37398387;SPRF-ES;DEL01-ES;UOP01-DEL01-ES
766797;22/04/2026;quarta-feira;17:50:00;BA;101;716,2;EUNAPOLIS;Área urbana sem a presença de local apropriado para a travessia de pedestres;Atropelamento de Pedestre;Com Vítimas Feridas;Plena Noite;Crescente;Céu Claro;Simples;"Reta;Interseção de Vias;Rotatória";Sim;4;0;3;0;3;0;0;2;-16,364513;-39,581183;SPRF-BA;DEL09/BA;UOP01-DEL09-BA
766798;22/04/2026;quarta-feira;18:00:00;MG;381;447;BELO HORIZONTE;Ausência de reação do condutor;Tombamento;Com Vítimas Feridas;Anoitecer;Crescente;Céu Claro;Simples;"Curva;Aclive";Sim;1;0;1;0;1;0;0;1;-19,83774298;-43,88205918;SPRF-MG;DEL01/MG;UOP01-DEL01-MG
766800;22/04/2026;quarta-feira;18:45:00;RS;285;457,1;IJUI;Desrespeitar a preferência no cruzamento;Colisão transversal;Com Vítimas Feridas;Plena Noite;Decrescente;Nublado;Simples;"Reta;Em Obras";Sim;4;0;1;0;1;3;0;2;-28,39802591;-53,89769197;SPRF-RS;DEL10/RS;UOP01-DEL10-RS
766801;22/04/2026;quarta-feira;17:50:00;MS;163;486,6;CAMPO GRANDE;Acessar a via sem observar a presença dos outros veículos;Colisão transversal;Com Vítimas Feridas;Plena Noite;Crescente;Céu Claro;Simples;"Declive;Reta;Interseção de Vias";Sim;3;0;1;0;1;2;0;2;-20,428137;-54,54516;SPRF-MS;DEL01/MS;UOP02-DEL01-MS
766802;22/04/2026;quarta-feira;16:20:00;SC;280;126;RIO NEGRINHO;Acessar a via sem observar a presença dos outros veículos;Colisão frontal;Com Vítimas Feridas;Pleno dia;Decrescente;Céu Claro;Simples;"Reta;Interseção de Vias;Rotatória";Sim;2;0;1;0;1;1;0;2;-26,23815;-49,49422;SPRF-SC;DEL06/SC;UOP03-DEL06-SC
766803;22/04/2026;quarta-feira;18:40:00;DF;251;58,9;BRASILIA;Acessar a via sem observar a presença dos outros veículos;Colisão traseira;Com Vítimas Feridas;Plena Noite;Decrescente;Céu Claro;Simples;Reta;Não;2;0;0;1;1;1;0;2;-15,975;-47,96943;SPRF-DF;DEL01-DF;UOP01-DEL01-DF
766804;22/04/2026;quarta-feira;19:00:00;SC;101;136;BALNEARIO CAMBORIU;Ausência de reação do condutor;Colisão traseira;Com Vítimas Feridas;Plena Noite;Crescente;Céu Claro;Múltipla;Reta;Sim;3;0;2;0;2;1;0;2;-27,01188306;-48,61425368;SPRF-SC;DEL04/SC;UOP03-DEL04-SC
766805;22/04/2026;quarta-feira;17:30:00;SC;280;131,1;RIO NEGRINHO;Acessar a via sem observar a presença dos outros veículos;Colisão lateral mesmo sentido;Com Vítimas Feridas;Anoitecer;Decrescente;Céu Claro;Simples;"Declive;Interseção de Vias";Não;2;0;1;0;1;1;0;2;-26,2563522;-49,54059212;SPRF-SC;DEL06/SC;UOP03-DEL06-SC
766806;22/04/2026;quarta-feira;18:40:00;PE;101;74,6;RECIFE;Ausência de reação do condutor;Queda de ocupante de veículo;Com Vítimas Feridas;Plena Noite;Crescente;Céu Claro;Dupla;Reta;Sim;1;0;1;0;1;0;0;1;-8,10663;-34,94875;SPRF-PE;DEL01/PE;UOP01-DEL01-PE
766807;25/03/2026;quarta-feira;19:00:00;BA;324;517;FEIRA DE SANTANA;Ultrapassagem Indevida;Colisão lateral mesmo sentido;Com Vítimas Feridas;Plena Noite;Crescente;Ignorado;Simples;Reta;Sim;2;0;0;1;1;1;0;2;-12,255514;-38,932298;SPRF-BA;DEL02/BA;UOP01-DEL02-BA
766808;22/04/2026;quarta-feira;18:00:00;RJ;465;16;SEROPEDICA;Retorno proibido;Colisão lateral mesmo sentido;Com Vítimas Feridas;Plena Noite;Decrescente;Céu Claro;Simples;Reta;Sim;2;0;1;0;1;1;0;2;-22,80924233;-43,63387048;SPRF-RJ;DEL06/RJ;UOP02-DEL06-RJ
766809;22/04/2026;quarta-feira;18:50:00;RS;468;86,7;BOM PROGRESSO;Ausência de reação do condutor;Colisão lateral sentido oposto;Sem Vítimas;Plena Noite;Decrescente;Céu Claro;Simples;"Reta;Interseção de Vias";Não;4;0;0;0;0;3;0;2;-27,5870131;-53,87044573;SPRF-RS;DEL08/RS;UOP02-DEL08-RS
766810;22/04/2026;quarta-feira;18:45:00;AP;156;388;FERREIRA GOMES;Acessar a via sem observar a presença dos outros veículos;Colisão transversal;Com Vítimas Feridas;Anoitecer;Decrescente;Chuva;Simples;"Reta;Interseção de Vias";Não;2;0;2;0;2;0;0;2;0,84369322;-51,18886149;SPRF-AP;DEL01-AP;UOP02-DEL01-AP
766811;22/04/2026;quarta-feira;18:40:00;MG;356;267,9;MURIAE;Ausência de reação do condutor;Tombamento;Com Vítimas Feridas;Plena Noite;Crescente;Nublado;Simples;Reta;Sim;1;0;1;0;1;0;0;1;-21,12763573;-42,35031462;SPRF-MG;DEL07/MG;UOP02-DEL07-MG
766812;22/04/2026;quarta-feira;19:30:00;MG;381;562;ITAGUARA;Reação tardia ou ineficiente do condutor;Saída de leito carroçável;Com Vítimas Feridas;Plena Noite;Decrescente;Céu Claro;Simples;Declive;Sim;1;0;0;1;1;0;0;1;-20,37921788;-44,47717309;SPRF-MG;DEL04/MG;UOP03-DEL04-MG
766813;22/04/2026;quarta-feira;18:10:00;SC;101;435,6;SOMBRIO;Ausência de reação do condutor;Colisão lateral mesmo sentido;Com Vítimas Feridas;Anoitecer;Decrescente;Céu Claro;Múltipla;Rotatória;Sim;2;0;1;0;1;1;0;2;-29,1111832;-49,63821564;SPRF-SC;DEL02/SC;UOP02-DEL02-SC
766814;22/04/2026;quarta-feira;19:20:00;DF;70;11,4;BRASILIA;Manobra de mudança de faixa;Colisão lateral mesmo sentido;Com Vítimas Feridas;Plena Noite;Crescente;Céu Claro;Dupla;Reta;Sim;2;0;1;0;1;1;0;2;-15,791908;-48,157255;SPRF-DF;DEL03-DF;UOP02-DEL03-DF
766815;22/04/2026;quarta-feira;16:20:00;RJ;116;147;DUQUE DE CAXIAS;Trafegar com motocicleta (ou similar) entre as faixas;Tombamento;Com Vítimas Feridas;Pleno dia;Crescente;Céu Claro;Múltipla;Reta;Sim;2;0;1;1;2;0;0;1;-22,669476;-43,272106;SPRF-RJ;DEL01/RJ;UOP02-DEL01-RJ
766817;22/04/2026;quarta-feira;19:37:00;SP;116;216,4;GUARULHOS;Entrada inopinada do pedestre;Atropelamento de Pedestre;Com Vítimas Fatais;Plena Noite;Decrescente;Céu Claro;Múltipla;Aclive;Sim;2;1;0;0;0;1;0;2;-23,45199741;-46,46700668;SPRF-SP;DEL01/SP;UOP01-DEL01-SP
766818;22/04/2026;quarta-feira;15:45:00;AC;364;156;BUJARI;Reação tardia ou ineficiente do condutor;Tombamento;Com Vítimas Feridas;Pleno dia;Crescente;Céu Claro;Simples;Reta;Sim;1;0;0;1;1;0;0;1;-9,82676;-67,95972;SPRF-AC;DEL01-AC;UOP01-DEL01-AC
766819;22/04/2026;quarta-feira;19:20:00;MG;116;276;TEOFILO OTONI;Reação tardia ou ineficiente do condutor;Tombamento;Com Vítimas Feridas;Plena Noite;Crescente;Céu Claro;Simples;"Reta;Em Obras";Sim;1;0;1;0;1;0;0;1;-17,8569;-41,514662;SPRF-MG;DEL11/MG;UOP01-DEL11-MG
766822;22/04/2026;quarta-feira;19:25:00;SP;116;303;SAO LOURENCO DA SERRA;Reação tardia ou ineficiente do condutor;Colisão traseira;Com Vítimas Feridas;Plena Noite;Crescente;Céu Claro;Dupla;"Aclive;Reta";Não;2;0;1;0;1;1;0;2;-23,82214863;-46,92541056;SPRF-SP;DEL04/SP;UOP01-DEL04-SP
766823;02/03/2026;segunda-feira;16:15:00;GO;60;104;GOIANAPOLIS;Reação tardia ou ineficiente do condutor;Saída de leito carroçável;Com Vítimas Feridas;Pleno dia;Crescente;Céu Claro;Dupla;Reta;Não;1;0;0;1;1;0;0;1;-16,412769;-49,004621;SPRF-GO;DEL02/GO;UOP01-DEL02-GO
766824;22/04/2026;quarta-feira;18:00:00;RJ;393;250;BARRA DO PIRAI;Reação tardia ou ineficiente do condutor;Tombamento;Com Vítimas Feridas;Anoitecer;Crescente;Céu Claro;Simples;Reta;Não;2;0;0;2;2;0;0;1;-22,45069692;-43,79940033;SPRF-RJ;DEL05/RJ;UOP04-DEL05-RJ
766825;22/04/2026;quarta-feira;20:20:00;TO;10;412,9;PORTO NACIONAL;Reação tardia ou ineficiente do condutor;Atropelamento de Animal;Com Vítimas Feridas;Plena Noite;Crescente;Céu Claro;Simples;Reta;Não;1;0;1;0;1;0;0;1;-10,64787;-48,39059;SPRF-TO;DEL01-TO;UOP03-DEL01-TO
766827;22/04/2026;quarta-feira;19:30:00;MG;262;358;JUATUBA;Reação tardia ou ineficiente do condutor;Tombamento;Com Vítimas Feridas;Plena Noite;Decrescente;Céu Claro;Dupla;Reta;Sim;1;0;1;0;1;0;0;1;-19,971414;-44,296204;SPRF-MG;DEL01/MG;UOP03-DEL01-MG
766828;22/04/2026;quarta-feira;19:59:00;TO;235;165,5;TUPIRAMA;Reação tardia ou ineficiente do condutor;Tombamento;Com Vítimas Feridas;Plena Noite;Crescente;Nublado;Simples;Curva;Não;2;0;2;0;2;0;0;1;-8,987842;-48,191499;SPRF-TO;DEL02-TO;UOP02-DEL02-TO
766829;22/04/2026;quarta-feira;18:00:00;SC;470;139,1;RIO DO SUL;Condutor deixou de manter distância do veículo da frente;Colisão traseira;Com Vítimas Feridas;Plena Noite;Decrescente;Céu Claro;Múltipla;"Interseção de Vias;Retorno Regulamentado";Sim;2;0;0;1;1;1;0;2;-27,20062776;-49,63172285;SPRF-SC;DEL04/SC;UOP02-DEL04-SC
766831;22/04/2026;quarta-feira;20:00:00;SP;101;20;UBATUBA;Conversão proibida;Colisão lateral mesmo sentido;Com Vítimas Feridas;Plena Noite;Crescente;Céu Claro;Simples;Reta;Não;2;0;1;0;1;1;0;2;-23,329668;-44,916533;SPRF-SP;DEL06/SP;UOP01-DEL06-SP
766832;22/04/2026;quarta-feira;20:30:00;RJ;116;170;RIO DE JANEIRO;Condutor deixou de manter distância do veículo da frente;Colisão traseira;Com Vítimas Feridas;Plena Noite;Crescente;Céu Claro;Múltipla;Reta;Sim;2;0;1;0;1;1;0;2;-22,810753;-43,33531916;SPRF-RJ;DEL06/RJ;UOP01-DEL06-RJ
766833;22/04/2026;quarta-feira;19:20:00;BA;101;895;CARAVELAS;Reação tardia ou ineficiente do condutor;Saída de leito carroçável;Com Vítimas Feridas;Plena Noite;Crescente;Nublado;Simples;"Declive;Curva";Não;1;0;1;0;1;0;0;1;-17,69122;-39,77438;SPRF-BA;DEL09/BA;UOP02-DEL09-BA
766834;22/04/2026;quarta-feira;21:00:00;ES;101;209,7;IBIRACU;Velocidade Incompatível;Tombamento;Com Vítimas Feridas;Plena Noite;Decrescente;Ignorado;Simples;Reta;Não;2;0;1;0;1;0;0;1;-19,80936172;-40,36692202;SPRF-ES;DEL02-ES;UOP01-DEL02-ES
766835;22/04/2026;quarta-feira;19:40:00;AP;210;87;FERREIRA GOMES;Chuva;Colisão traseira;Sem Vítimas;Plena Noite;Decrescente;Céu Claro;Simples;Reta;Não;6;0;0;0;0;4;0;2;0,631255;-51,275564;SPRF-AP;DEL01-AP;UOP01-DEL01-AP
766836;22/04/2026;quarta-feira;20:25:00;BA;116;755,6;POCOES;Desrespeitar a preferência no cruzamento;Colisão transversal;Com Vítimas Feridas;Plena Noite;Crescente;Céu Claro;Simples;Reta;Sim;2;0;1;1;2;0;0;2;-14,512962;-40,365833;SPRF-BA;DEL08/BA;UOP02-DEL08-BA
766837;22/04/2026;quarta-feira;19:15:00;SC;101;27;JOINVILLE;Manobra de mudança de faixa;Colisão transversal;Com Vítimas Feridas;Plena Noite;Crescente;Nublado;Múltipla;Reta;Sim;2;0;1;0;1;1;0;2;-26,20821708;-48,91498916;SPRF-SC;DEL03/SC;UOP01-DEL03-SC
766838;22/04/2026;quarta-feira;18:00:00;SE;235;64,6;ITABAIANA;Chuva;Saída de leito carroçável;Sem Vítimas;Plena Noite;Crescente;Chuva;Simples;Curva;Sim;1;0;0;0;0;1;0;1;-10,596698;-37,479285;SPRF-SE;DEL01-SE;UOP02-DEL01-SE
766841;22/04/2026;quarta-feira;19:30:00;RJ;101;442;MANGARATIBA;Ausência de reação do condutor;Saída de leito carroçável;Com Vítimas Feridas;Plena Noite;Decrescente;Céu Claro;Simples;Curva;Não;1;0;1;0;1;0;0;1;-22,978745;-44,083488;SPRF-RJ;DEL03/RJ;UOP02-DEL03-RJ
766842;22/04/2026;quarta-feira;21:00:00;PE;101;5,9;GOIANA;Animais na Pista;Atropelamento de Animal;Com Vítimas Feridas;Plena Noite;Crescente;Garoa/Chuvisco;Dupla;Reta;Não;2;0;2;0;2;0;0;1;-7,55532334;-34,9914635;SPRF-PE;DEL01/PE;UOP02-DEL01-PE
766845;22/04/2026;quarta-feira;19:15:00;SC;280;94;CORUPA;Reação tardia ou ineficiente do condutor;Colisão traseira;Com Vítimas Feridas;Plena Noite;Crescente;Céu Claro;Simples;"Interseção de Vias;Rotatória";Sim;2;0;1;0;1;1;0;2;-26,435229;-49,24521653;SPRF-SC;DEL06/SC;UOP03-DEL06-SC
766846;22/04/2026;quarta-feira;21:30:00;RS;116;252;SAPUCAIA DO SUL;Manobra de mudança de faixa;Tombamento;Com Vítimas Feridas;Plena Noite;Crescente;Céu Claro;Múltipla;Reta;Sim;1;0;1;0;1;0;0;1;-29,80922079;-51,16766453;SPRF-RS;DEL01/RS;UOP02-DEL01-RS
766850;22/04/2026;quarta-feira;21:23:00;RN;304;302,8;PARNAMIRIM;Acesso irregular;Saída de leito carroçável;Sem Vítimas;Plena Noite;Crescente;Céu Claro;Dupla;Reta;Sim;1;0;0;0;0;1;0;1;-5,88859341;-35,26971582;SPRF-RN;DEL01-RN;UOP02-DEL01-RN
766852;22/04/2026;quarta-feira;17:08:00;SC;101;254,3;PAULO LOPES;Ultrapassagem Indevida;Colisão lateral mesmo sentido;Com Vítimas Feridas;Pleno dia;Crescente;Céu Claro;Simples;Reta;Sim;2;0;0;1;1;1;0;2;-28,07719249;-48,71222103;SPRF-SC;DEL02/SC;UOP03-DEL02-SC
766854;22/04/2026;quarta-feira;22:15:00;SP;153;49,5;SAO JOSE DO RIO PRETO;Pedestre andava na pista;Atropelamento de Pedestre;Com Vítimas Feridas;Plena Noite;Decrescente;Céu Claro;Simples;Reta;Não;2;0;1;0;1;0;0;2;-20,704694;-49,339264;SPRF-SP;DEL09/SP;UOP01-DEL09-SP
766855;22/04/2026;quarta-feira;19:50:00;RO;364;842;PORTO VELHO;Ausência de reação do condutor;Tombamento;Com Vítimas Feridas;Plena Noite;Crescente;Céu Claro;Simples;Reta;Não;1;0;1;0;1;0;0;1;-9,43280555;-64,70569611;SPRF-RO;DEL01-RO;UOP02-DEL01-RO
766857;22/04/2026;quarta-feira;22:00:00;PR;369;202;APUCARANA;Acessar a via sem observar a presença dos outros veículos;Colisão transversal;Com Vítimas Feridas;Plena Noite;Decrescente;Céu Claro;Dupla;"Reta;Interseção de Vias";Sim;2;0;0;1;1;1;0;2;-23,54608766;-51,45262241;SPRF-PR;DEL07/PR;UOP03-DEL07-PR
766859;22/04/2026;quarta-feira;22:30:00;MG;381;883;ESTIVA;Reação tardia ou ineficiente do condutor;Queda de ocupante de veículo;Com Vítimas Feridas;Plena Noite;Crescente;Céu Claro;Dupla;Reta;Não;1;0;1;0;1;0;0;1;-22,48059939;-46,01113915;SPRF-MG;DEL16/MG;UOP01-DEL16-MG
766861;22/04/2026;quarta-feira;20:21:00;MT;364;271;JACIARA;Reação tardia ou ineficiente do condutor;Queda de ocupante de veículo;Com Vítimas Feridas;Plena Noite;Decrescente;Céu Claro;Simples;Reta;Sim;3;0;1;1;2;1;0;2;-15,96973;-54,954963;SPRF-MT;DEL05/MT;UOP02-DEL05-MT
766862;22/04/2026;quarta-feira;20:10:00;AM;319;680;HUMAITA;Reação tardia ou ineficiente do condutor;Colisão traseira;Com Vítimas Fatais;Plena Noite;Crescente;Céu Claro;Simples;Reta;Não;3;1;0;0;0;1;0;3;-7,5629;-63,078018;SPRF-AM;DEL02-AM;UOP01-DEL02-AM
766863;22/04/2026;quarta-feira;22:30:00;CE;116;46;PACAJUS;Condutor deixou de manter distância do veículo da frente;Colisão traseira;Com Vítimas Feridas;Plena Noite;Crescente;Céu Claro;Dupla;Curva;Não;2;0;0;1;1;1;0;2;-4,14507021;-38,47826242;SPRF-CE;DEL01/CE;UOP02-DEL01-CE
766865;23/04/2026;quinta-feira;00:45:00;MG;381;891,3;CAMBUI;Condutor Dormindo;Capotamento;Com Vítimas Feridas;Plena Noite;Crescente;Céu Claro;Dupla;Reta;Não;3;0;1;0;1;2;0;1;-22,547455;-46,040036;SPRF-MG;DEL16/MG;UOP01-DEL16-MG
766867;23/04/2026;quinta-feira;00:24:00;RJ;101;489,8;ANGRA DOS REIS;Demais falhas mecânicas ou elétricas;Incêndio;Sem Vítimas;Plena Noite;Crescente;Céu Claro;Simples;Reta;Sim;1;0;0;0;0;1;0;1;-22,99316288;-44,30065155;SPRF-RJ;DEL03/RJ;UOP03-DEL03-RJ
766868;22/04/2026;quarta-feira;23:45:00;RO;364;582,2;ITAPUA DO OESTE;Chuva;Colisão com objeto;Com Vítimas Feridas;Plena Noite;Crescente;Garoa/Chuvisco;Simples;"Retorno Regulamentado;Declive";Não;2;0;2;0;2;0;0;1;-9,21949533;-63,17203874;SPRF-RO;DEL01-RO;UOP04-DEL01-RO
766871;23/04/2026;quinta-feira;01:46:00;MG;381;930;ITAPEVA;Ausência de reação do condutor;Saída de leito carroçável;Com Vítimas Feridas;Plena Noite;Decrescente;Céu Claro;Dupla;Reta;Não;2;0;1;0;1;1;0;1;-22,77085937;-46,23405218;SPRF-MG;DEL16/MG;UOP03-DEL16-MG