id;data_inversa;dia_semana;horario;uf;br;km;municipio;causa_acidente;tipo_acidente;classificacao_acidente;fase_dia;sentido_via;condicao_metereologica;tipo_pista;tracado_via;uso_solo;pessoas;mortos;feridos_leves;feridos_graves;feridos;ilesos;ignorados;veiculos;latitude;longitude;regional;delegacia;uop
766872;23/04/2026;quinta-feira;02:13:00;RN;304;281;MACAIBA;Ausência de reação do condutor;Saída de leito carroçável;Com Vítimas Feridas;Plena Noite;Decrescente;Céu Claro;Múltipla;"Rotatória;Viaduto";Não;1;0;1;0;1;0;0;1;-5,88876;-35,489093;SPRF-RN;DEL01-RN;UOP02-DEL01-RN
766873;13/04/2026;segunda-feira;16:15:00;RJ;101;503,6;ANGRA DOS REIS;Condutor deixou de manter distância do veículo da frente;Colisão traseira;Com Vítimas Feridas;Pleno dia;Crescente;Céu Claro;Simples;Reta;Não;3;0;1;0;1;1;0;3;-22,9315192;-44,3878773;SPRF-RJ;DEL03/RJ;UOP03-DEL03-RJ
766874;23/04/2026;quinta-feira;03:30:00;RJ;101;326;RIO DE JANEIRO;Condutor deixou de manter distância do veículo da frente;Colisão traseira;Com Vítimas Feridas;Plena Noite;Decrescente;Céu Claro;Dupla;Reta;Sim;3;0;1;0;1;2;0;2;-22,87063949;-43,16296577;SPRF-RJ;DEL02/RJ;UOP01-DEL02-RJ
766879;23/04/2026;quinta-feira;04:43:00;MS;262;370;TERENOS;Reação tardia ou ineficiente do condutor;Saída de leito carroçável;Com Vítimas Feridas;Amanhecer;Crescente;Céu Claro;Simples;Reta;Não;4;0;4;0;4;0;0;2;-20,480133;-54,769869;SPRF-MS;DEL01/MS;UOP03-DEL01-MS
766880;22/04/2026;quarta-feira;07:25:00;GO;153;501;GOIANIA;Acessar a via sem observar a presença dos outros veículos;Colisão lateral mesmo sentido;Sem Vítimas;Pleno dia;Crescente;Céu Claro;Dupla;Reta;Sim;3;0;0;0;0;3;0;3;-16,59901671;-49,1991806;SPRF-GO;DEL01/GO;UOP01-DEL01-GO
766881;23/04/2026;quinta-feira;06:30:00;MG;381;498;BETIM;Ausência de reação do condutor;Colisão traseira;Com Vítimas Feridas;Pleno dia;Decrescente;Céu Claro;Múltipla;"Reta;Declive;Interseção de Vias";Não;2;0;1;0;1;1;0;2;-19,98878038;-44,20502393;SPRF-MG;DEL01/MG;UOP03-DEL01-MG
766882;22/04/2026;quarta-feira;09:20:00;RJ;101;306;SAO GONCALO;Demais falhas mecânicas ou elétricas;Queda de ocupante de veículo;Com Vítimas Feridas;Pleno dia;Crescente;Céu Claro;Dupla;Reta;Sim;1;0;1;0;1;0;0;1;-22,78986225;-43,00717137;SPRF-RJ;DEL02/RJ;UOP02-DEL02-RJ
766884;22/04/2026;quarta-feira;20:20:00;SC;280;142,7;MAFRA;Ausência de reação do condutor;Colisão traseira;Com Vítimas Feridas;Plena Noite;Decrescente;Céu Claro;Simples;Reta;Não;3;0;1;2;3;0;0;2;-26,24696;-49,63382;SPRF-SC;DEL06/SC;UOP03-DEL06-SC
766885;23/04/2026;quinta-feira;06:52:00;PB;230;38,4;SANTA RITA;Frear bruscamente;Colisão traseira;Com Vítimas Feridas;Pleno dia;Crescente;Céu Claro;Dupla;"Declive;Reta";Não;5;0;1;0;1;4;0;2;-7,13668378;-34,96767616;SPRF-PB;DEL01-PB;UOP02-DEL01-PB
766886;23/04/2026;quinta-feira;07:00:00;PR;116;115;CURITIBA;Ausência de reação do condutor;Colisão lateral mesmo sentido;Com Vítimas Feridas;Pleno dia;Decrescente;Nevoeiro/Neblina;Dupla;Reta;Sim;2;0;1;0;1;1;0;2;-25,55127832;-49,30481371;SPRF-PR;DEL01/PR;UOP03-DEL01-PR
766887;23/04/2026;quinta-feira;06:50:00;SP;153;80,7;BADY BASSITT;Transitar na contramão;Colisão frontal;Com Vítimas Feridas;Pleno dia;Crescente;Céu Claro;Simples;Viaduto;Sim;4;0;1;0;1;3;0;2;-20,910424;-49,487179;SPRF-SP;DEL09/SP;UOP01-DEL09-SP
766888;23/04/2026;quinta-feira;07:30:00;PR;277;6;PARANAGUA;Velocidade Incompatível;Colisão traseira;Com Vítimas Feridas;Pleno dia;Crescente;Céu Claro;Dupla;Reta;Sim;2;0;2;0;2;0;0;2;-25,56007;-48,579253;SPRF-PR;DEL01/PR;UOP05-DEL01-PR
766889;23/04/2026;quinta-feira;06:30:00;GO;60;25;ALEXANIA;Ausência de reação do condutor;Saída de leito carroçável;Com Vítimas Feridas;Pleno dia;Decrescente;Céu Claro;Dupla;Curva;Não;1;0;0;1;1;0;0;1;-16,107902;-48,449485;SPRF-DF;DEL03-DF;UOP01-DEL03-DF
766891;23/04/2026;quinta-feira;08:00:00;PR;116;108;CURITIBA;Condutor deixou de manter distância do veículo da frente;Colisão traseira;Com Vítimas Feridas;Pleno dia;Crescente;Céu Claro;Dupla;Reta;Sim;2;0;1;0;1;1;0;2;-25,56542757;-49,24451487;SPRF-PR;DEL01/PR;UOP03-DEL01-PR
766895;23/04/2026;quinta-feira;07:30:00;RJ;40;59;PETROPOLIS;Ausência de reação do condutor;Queda de ocupante de veículo;Com Vítimas Feridas;Pleno dia;Decrescente;Céu Claro;Dupla;Curva;Não;1;0;1;0;1;0;0;1;-22,390171;-43,134243;SPRF-RJ;DEL05/RJ;UOP02-DEL05-RJ
766899;23/04/2026;quinta-feira;06:00:00;RO;364;423,8;JARU;Transitar na contramão;Colisão lateral sentido oposto;Com Vítimas Feridas;Amanhecer;Crescente;Nevoeiro/Neblina;Simples;"Desvio Temporário;Em Obras;Ponte";Sim;3;0;2;0;2;1;0;2;-10,44644449;-62,46469379;SPRF-RO;DEL03-RO;UOP02-DEL03-RO
766903;23/04/2026;quinta-feira;09:15:00;PB;230;22;JOAO PESSOA;Reação tardia ou ineficiente do condutor;Colisão lateral mesmo sentido;Com Vítimas Feridas;Pleno dia;Decrescente;Sol;Dupla;Reta;Sim;4;0;2;0;2;2;0;3;-7,1517581;-34,85345769;SPRF-PB;DEL01-PB;UOP01-DEL01-PB
766905;23/04/2026;quinta-feira;07:29:00;MT;364;203;RONDONOPOLIS;Pista Escorregadia;Queda de ocupante de veículo;Com Vítimas Feridas;Pleno dia;Decrescente;Céu Claro;Dupla;"Declive;Reta";Sim;1;0;1;0;1;0;0;1;-16,47147068;-54,65549111;SPRF-MT;DEL02/MT;UOP01-DEL02-MT
766909;23/04/2026;quinta-feira;09:25:00;ES;101;282;CARIACICA;Manobra de mudança de faixa;Colisão lateral sentido oposto;Com Vítimas Feridas;Pleno dia;Decrescente;Céu Claro;Dupla;Reta;Não;5;0;1;0;1;4;0;3;-20,231;-40,368;SPRF-ES;DEL01-ES;UOP01-DEL01-ES
766910;23/04/2026;quinta-feira;09:52:00;SC;470;54,3;BLUMENAU;Acessar a via sem observar a presença dos outros veículos;Colisão transversal;Com Vítimas Feridas;Pleno dia;Decrescente;Céu Claro;Simples;"Interseção de Vias;Reta";Sim;2;0;1;0;1;1;0;2;-26,8734554;-49,113793;SPRF-SC;DEL04/SC;UOP01-DEL04-SC
766912;23/04/2026;quinta-feira;08:30:00;RO;364;712;PORTO VELHO;Reação tardia ou ineficiente do condutor;Saída de leito carroçável;Com Vítimas Feridas;Pleno dia;Decrescente;Nublado;Múltipla;Reta;Sim;2;0;1;0;1;0;0;2;-8,7772871;-63,87342737;SPRF-RO;DEL01-RO;UOP01-DEL01-RO
766915;23/04/2026;quinta-feira;10:30:00;PB;230;15,5;JOAO PESSOA;Ausência de reação do condutor;Tombamento;Com Vítimas Feridas;Pleno dia;Decrescente;Céu Claro;Dupla;Reta;Sim;1;0;1;0;1;0;0;1;-7,104002;-34,845427;SPRF-PB;DEL01-PB;UOP01-DEL01-PB
766916;23/04/2026;quinta-feira;09:25:00;RJ;40;115;DUQUE DE CAXIAS;Demais falhas mecânicas ou elétricas;Incêndio;Sem Vítimas;Pleno dia;Crescente;Céu Claro;Múltipla;Reta;Não;1;0;0;0;0;1;0;1;-22,737407;-43,2885581;SPRF-RJ;DEL01/RJ;UOP02-DEL01-RJ
766917;23/04/2026;quinta-feira;10:20:00;PB;101;88,5;JOAO PESSOA;Reação tardia ou ineficiente do condutor;Tombamento;Com Vítimas Feridas;Pleno dia;Decrescente;Céu Claro;Simples;Reta;Sim;1;0;1;0;1;0;0;1;-7,16683485;-34,89579499;SPRF-PB;DEL01-PB;UOP01-DEL01-PB
766918;23/04/2026;quinta-feira;09:00:00;RS;116;468,5;SAO LOURENCO DO SUL;Ausência de reação do condutor;Saída de leito carroçável;Sem Vítimas;Pleno dia;Crescente;Céu Claro;Dupla;Reta;Não;1;0;0;0;0;1;0;1;-31,34244016;-52,05699921;SPRF-RS;DEL07/RS;UOP01-DEL07-RS
766919;23/04/2026;quinta-feira;08:34:00;SP;116;105;TAUBATE;Reação tardia ou ineficiente do condutor;Colisão traseira;Com Vítimas Feridas;Pleno dia;Crescente;Nublado;Dupla;Reta;Não;3;0;2;0;2;0;0;2;-23,00454007;-45,50914764;SPRF-SP;DEL02/SP;UOP02-DEL02-SP
766921;23/04/2026;quinta-feira;10:39:00;PI;343;347;TERESINA;Condutor deixou de manter distância do veículo da frente;Colisão traseira;Com Vítimas Feridas;Pleno dia;Crescente;Nublado;Dupla;Reta;Sim;2;0;0;1;1;1;0;2;-5,118517;-42,786193;SPRF-PI;DEL01-PI;UOP01-DEL01-PI
766922;23/04/2026;quinta-feira;09:35:00;PR;153;209;TIBAGI;Reação tardia ou ineficiente do condutor;Saída de leito carroçável;Com Vítimas Feridas;Pleno dia;Crescente;Céu Claro;Simples;Reta;Não;1;0;1;0;1;0;0;1;-24,53759;-50,44711;SPRF-PR;DEL03/PR;UOP02-DEL03-PR
766924;23/04/2026;quinta-feira;10:35:00;RS;116;247;SAO LEOPOLDO;Reação tardia ou ineficiente do condutor;Colisão lateral mesmo sentido;Com Vítimas Feridas;Pleno dia;Crescente;Céu Claro;Múltipla;Reta;Sim;2;0;1;0;1;1;0;2;-29,76643155;-51,153925;SPRF-RS;DEL01/RS;UOP02-DEL01-RS
766925;23/04/2026;quinta-feira;10:10:00;RS;471;174,3;RIO PARDO;Transitar na contramão;Colisão lateral sentido oposto;Com Vítimas Feridas;Pleno dia;Crescente;Nublado;Dupla;"Reta;Interseção de Vias";Sim;2;0;1;0;1;1;0;2;-29,98213414;-52,36909954;SPRF-RS;DEL02/RS;UOP03-DEL02-RS
766926;23/04/2026;quinta-feira;10:00:00;ES;259;54,7;COLATINA;Velocidade Incompatível;Colisão com objeto;Com Vítimas Feridas;Pleno dia;Crescente;Céu Claro;Simples;"Curva;Declive";Não;1;0;1;0;1;0;0;1;-19,49806;-40,6491;SPRF-ES;DEL02-ES;UOP01-DEL02-ES
766927;19/04/2026;domingo;21:20:00;MT;163;712;SORRISO;Ingestão de álcool pelo condutor;Saída de leito carroçável;Sem Vítimas;Plena Noite;Decrescente;Ignorado;Simples;Reta;Sim;1;0;0;0;0;0;1;1;-12,8831027;-55,84127069;SPRF-MT;DEL06/MT;UOP01-DEL06-MT
766929;23/04/2026;quinta-feira;10:00:00;MS;163;213;CAARAPO;Animais na Pista;Atropelamento de Animal;Com Vítimas Feridas;Pleno dia;Crescente;Sol;Simples;"Curva;Aclive";Não;1;0;1;0;1;0;0;1;-22,592417;-54,817579;SPRF-MS;DEL04/MS;UOP02-DEL04-MS
766930;23/04/2026;quinta-feira;11:00:00;SP;381;79;SAO PAULO;Condutor deixou de manter distância do veículo da frente;Colisão lateral mesmo sentido;Com Vítimas Feridas;Pleno dia;Decrescente;Céu Claro;Múltipla;"Reta;Declive";Sim;2;0;1;0;1;1;0;2;-23,41393597;-46,58127713;SPRF-SP;DEL03/SP;UOP01-DEL03-SP
766932;23/04/2026;quinta-feira;11:30:00;PE;232;47,8;VITORIA DE SANTO ANTAO;Manobra de mudança de faixa;Colisão transversal;Com Vítimas Feridas;Pleno dia;Decrescente;Céu Claro;Dupla;Retorno Regulamentado;Não;3;0;1;1;2;1;0;2;-8,142096;-35,306386;SPRF-PE;DEL02/PE;UOP02-DEL02PE
766938;23/04/2026;quinta-feira;11:00:00;SC;282;643,7;SAO MIGUEL DO OESTE;Reação tardia ou ineficiente do condutor;Tombamento;Com Vítimas Feridas;Pleno dia;Decrescente;Céu Claro;Simples;Curva;Não;1;0;0;1;1;0;0;1;-26,77027343;-53,47657296;SPRF-SC;DEL07/SC;UOP03-DEL07-SC
766942;23/04/2026;quinta-feira;12:30:00;GO;153;494;GOIANIA;Reação tardia ou ineficiente do condutor;Queda de ocupante de veículo;Com Vítimas Feridas;Pleno dia;Decrescente;Céu Claro;Dupla;Reta;Sim;1;0;1;0;1;0;0;1;-16,7028;-49,2305;SPRF-GO;DEL01/GO;UOP01-DEL01-GO
766944;23/04/2026;quinta-feira;13:50:00;ES;101;148;LINHARES;Condutor desrespeitou a iluminação vermelha do semáforo;Colisão transversal;Com Vítimas Feridas;Pleno dia;Crescente;Céu Claro;Dupla;Interseção de Vias;Sim;2;0;2;0;2;0;0;2;-19,38311574;-40,06708972;SPRF-ES;DEL04-ES;UOP01-DEL04-ES
766945;23/04/2026;quinta-feira;13:50:00;SC;101;209;SAO JOSE;Ausência de reação do condutor;Colisão traseira;Com Vítimas Feridas;Pleno dia;Decrescente;Nublado;Múltipla;"Reta;Interseção de Vias";Sim;3;0;1;0;1;1;0;2;-27,61013;-48,63873;SPRF-SC;DEL01/SC;UOP01-DEL01-SC
766946;23/04/2026;quinta-feira;13:35:00;SP;381;69;MAIRIPORA;Velocidade Incompatível;Tombamento;Com Vítimas Feridas;Pleno dia;Decrescente;Céu Claro;Múltipla;"Curva;Declive";Sim;2;0;1;0;1;1;0;1;-23,3473372;-46,5627643;SPRF-SP;DEL03/SP;UOP01-DEL03-SP
766947;23/04/2026;quinta-feira;12:00:00;RJ;101;486;ANGRA DOS REIS;Ausência de reação do condutor;Colisão frontal;Com Vítimas Feridas;Pleno dia;Crescente;Céu Claro;Simples;Reta;Sim;2;0;1;0;1;1;0;2;-22,97762341;-44,29624049;SPRF-RJ;DEL03/RJ;UOP03-DEL03-RJ
766948;23/04/2026;quinta-feira;13:30:00;MG;50;6,9;UBERLANDIA;Condutor Dormindo;Saída de leito carroçável;Sem Vítimas;Pleno dia;Crescente;Céu Claro;Dupla;"Aclive;Reta";Não;1;0;0;0;0;0;1;1;-18,8651028;-48,2113693;SPRF-MG;DEL15/MG;UOP01-DEL15-MG
766949;23/04/2026;quinta-feira;13:30:00;MG;267;301;CAXAMBU;Reação tardia ou ineficiente do condutor;Tombamento;Com Vítimas Feridas;Pleno dia;Decrescente;Céu Claro;Simples;Rotatória;Não;1;0;1;0;1;0;0;1;-21,97024064;-44,92450118;SPRF-MG;DEL17/MG;UOP01-DEL17-MG
766950;23/04/2026;quinta-feira;14:00:00;DF;70;11;BRASILIA;Manobra de mudança de faixa;Colisão traseira;Com Vítimas Feridas;Pleno dia;Decrescente;Céu Claro;Dupla;Reta;Sim;2;0;1;0;1;1;0;2;-15,78692595;-48,13932896;SPRF-DF;DEL03-DF;UOP02-DEL03-DF
766951;23/04/2026;quinta-feira;08:00:00;MA;135;97;ITAPECURU MIRIM;Reação tardia ou ineficiente do condutor;Colisão lateral sentido oposto;Com Vítimas Feridas;Pleno dia;Crescente;Céu Claro;Simples;"Declive;Reta";Não;3;0;2;0;2;1;0;2;-3,34582;-44,45808;SPRF-MA;DEL01-MA;UOP02-DEL01-MA
766953;23/04/2026;quinta-feira;13:40:00;PE;101;78;RECIFE;Condutor deixou de manter distância do veículo da frente;Colisão traseira;Com Vítimas Feridas;Pleno dia;Decrescente;Nublado;Dupla;Reta;Sim;3;0;1;0;1;2;0;2;-8,134389;-34,947317;SPRF-PE;DEL01/PE;UOP01-DEL01-PE
766955;19/04/2026;domingo;02:40:00;MG;40;738;SANTOS DUMONT;Animais na Pista;Atropelamento de Animal;Com Vítimas Feridas;Plena Noite;Crescente;Nublado;Simples;Reta;Não;3;0;2;1;3;0;0;1;-21,3893871;-43,56911659;SPRF-MG;DEL05/MG;UOP01-DEL05-MG
766957;23/04/2026;quinta-feira;14:35:00;SC;280;128,3;RIO NEGRINHO;Trafegar com motocicleta (ou similar) entre as faixas;Colisão frontal;Com Vítimas Feridas;Pleno dia;Crescente;Céu Claro;Simples;Reta;Não;2;0;1;0;1;1;0;2;-26,243998;-49,515438;SPRF-SC;DEL06/SC;UOP03-DEL06-SC
766959;23/04/2026;quinta-feira;14:00:00;RJ;101;125;CONCEICAO DE MACABU;Avarias e/ou desgaste excessivo no pneu;Queda de ocupante de veículo;Com Vítimas Feridas;Pleno dia;Decrescente;Céu Claro;Dupla;Reta;Não;2;0;2;0;2;0;0;1;-22,0872586;-41,6942077;SPRF-RJ;DEL08/RJ;UOP04-DEL08-RJ
766960;19/04/2026;domingo;17:00:00;BA;324;395;GAVIAO;Demais falhas mecânicas ou elétricas;Incêndio;Sem Vítimas;Pleno dia;Decrescente;Sol;Simples;Reta;Não;1;0;0;0;0;1;0;1;-11,556818;-39,683792;SPRF-BA;DEL04/BA;UOP02-DEL04-BA
766961;23/04/2026;quinta-feira;14:40:00;ES;101;362;ANCHIETA;Condutor deixou de manter distância do veículo da frente;Colisão traseira;Com Vítimas Feridas;Pleno dia;Crescente;Céu Claro;Simples;"Reta;Em Obras";Não;2;0;1;0;1;1;0;2;-20,71739802;-40,73208896;SPRF-ES;DEL03-ES;UOP01-DEL03-ES
766962;23/04/2026;quinta-feira;13:54:00;RN;427;44,9;JARDIM DO SERIDO;Condutor Dormindo;Tombamento;Com Vítimas Feridas;Pleno dia;Decrescente;Céu Claro;Simples;Reta;Não;2;0;1;0;1;1;0;1;-6,56347821;-36,72169078;SPRF-RN;DEL03-RN;UOP01-DEL03-RN
766965;23/04/2026;quinta-feira;13:20:00;RJ;40;108;DUQUE DE CAXIAS;Ausência de reação do condutor;Tombamento;Com Vítimas Feridas;Pleno dia;Decrescente;Céu Claro;Dupla;Curva;Não;1;0;1;0;1;0;0;1;-22,67183912;-43,28459262;SPRF-RJ;DEL01/RJ;UOP02-DEL01-RJ
766967;27/03/2026;sexta-feira;15:40:00;ES;262;196;IUNA;Acessar a via sem observar a presença dos outros veículos;Colisão traseira;Com Vítimas Fatais;Pleno dia;Crescente;Sol;Simples;"Reta;Declive";Não;5;1;1;0;1;3;0;2;-20,282702;-41,774115;SPRF-ES;DEL01-ES;UOP02-DEL01-ES
766969;23/04/2026;quinta-feira;14:40:00;ES;101;66,6;SAO MATEUS;Condutor deixou de manter distância do veículo da frente;Colisão traseira;Com Vítimas Feridas;Pleno dia;Crescente;Céu Claro;Dupla;Reta;Sim;2;0;1;0;1;1;0;2;-18,717949;-39,870853;SPRF-ES;DEL04-ES;UOP02-DEL04-ES
766970;21/04/2026;terça-feira;23:23:00;ES;259;20;JOAO NEIVA;Reação tardia ou ineficiente do condutor;Colisão com objeto;Sem Vítimas;Pleno dia;Crescente;Ignorado;Simples;Curva;Não;1;0;0;0;0;0;1;1;-19,651476;-40,46269;SPRF-ES;DEL02-ES;UOP01-DEL02-ES
766974;23/04/2026;quinta-feira;17:10:00;MG;40;546,7;NOVA LIMA;Manobra de mudança de faixa;Colisão lateral mesmo sentido;Com Vítimas Feridas;Pleno dia;Decrescente;Céu Claro;Dupla;Curva;Não;2;0;1;0;1;1;0;2;-20,01859;-43,971403;SPRF-MG;DEL01/MG;UOP02-DEL01-MG
766975;23/04/2026;quinta-feira;14:48:00;MS;262;23;TRES LAGOAS;Ultrapassagem Indevida;Colisão lateral sentido oposto;Sem Vítimas;Pleno dia;Decrescente;Céu Claro;Simples;Reta;Não;6;0;0;0;0;5;0;2;-20,79797623;-51,88452512;SPRF-MS;DEL07/MS;UOP01-DEL07-MS
766976;23/04/2026;quinta-feira;16:00:00;PR;487;160;ARARUNA;Entrada inopinada do pedestre;Atropelamento de Pedestre;Com Vítimas Feridas;Pleno dia;Decrescente;Sol;Simples;Aclive;Sim;2;0;1;0;1;1;0;2;-23,97302;-52,555731;SPRF-PR;DEL09/PR;UOP03-DEL09-PR
766977;23/04/2026;quinta-feira;13:10:00;RJ;40;86;PETROPOLIS;Demais falhas mecânicas ou elétricas;Queda de ocupante de veículo;Com Vítimas Feridas;Pleno dia;Decrescente;Céu Claro;Dupla;Curva;Não;2;0;2;0;2;0;0;1;-22,55209769;-43,22911656;SPRF-RJ;DEL01/RJ;UOP01-DEL01-RJ
766979;23/04/2026;quinta-feira;17:05:00;SP;101;45,7;UBATUBA;Acessar a via sem observar a presença dos outros veículos;Colisão transversal;Com Vítimas Feridas;Pleno dia;Crescente;Sol;Simples;Interseção de Vias;Sim;4;0;1;0;1;3;0;3;-23,42083059;-45,07078584;SPRF-SP;DEL06/SP;UOP01-DEL06-SP
766980;23/04/2026;quinta-feira;16:20:00;PR;376;599;CURITIBA;Reação tardia ou ineficiente do condutor;Tombamento;Com Vítimas Feridas;Pleno dia;Crescente;Céu Claro;Dupla;"Aclive;Reta";Sim;1;0;1;0;1;0;0;1;-25,502443;-49,341671;SPRF-PR;DEL01/PR;UOP03-DEL01-PR
766981;23/04/2026;quinta-feira;16:55:00;PR;277;74;SAO JOSE DOS PINHAIS;Reação tardia ou ineficiente do condutor;Colisão traseira;Com Vítimas Feridas;Pleno dia;Crescente;Céu Claro;Dupla;"Em Obras;Reta;Declive";Sim;2;0;1;0;1;1;0;2;-25,49546801;-49,16395281;SPRF-PR;DEL01/PR;UOP08-DEL01-PR
766982;29/03/2026;domingo;23:50:00;MG;116;362;FREI INOCENCIO;Condutor Dormindo;Colisão frontal;Com Vítimas Feridas;Plena Noite;Decrescente;Céu Claro;Simples;Curva;Não;3;0;0;1;1;2;0;2;-18,478191;-41,866449;SPRF-MG;DEL11/MG;UOP01-DEL11-MG
766984;23/04/2026;quinta-feira;17:03:00;MG;459;81,9;CONGONHAL;Acessar a via sem observar a presença dos outros veículos;Colisão transversal;Sem Vítimas;Pleno dia;Crescente;Céu Claro;Simples;Reta;Não;2;0;0;0;0;1;0;2;-22,157916;-46,096805;SPRF-MG;DEL09/MG;UOP01-DEL09-MG
766985;23/04/2026;quinta-feira;17:30:00;PR;369;138;IBIPORA;Ausência de reação do condutor;Colisão lateral mesmo sentido;Com Vítimas Feridas;Pleno dia;Crescente;Céu Claro;Simples;Reta;Sim;2;0;1;0;1;1;0;2;-23,2706;-51,0475;SPRF-PR;DEL07/PR;UOP01-DEL07-PR
766986;23/04/2026;quinta-feira;17:25:00;RS;158;323;SANTA MARIA;Condutor deixou de manter distância do veículo da frente;Colisão traseira;Com Vítimas Feridas;Anoitecer;Crescente;Nublado;Dupla;"Aclive;Reta";Sim;2;0;2;0;2;0;0;2;-29,69589522;-53,77906172;SPRF-RS;DEL09/RS;UOP01-DEL09-RS
766987;23/04/2026;quinta-feira;15:45:00;MG;381;848;POUSO ALEGRE;Ingestão de álcool pelo condutor;Saída de leito carroçável;Sem Vítimas;Pleno dia;Decrescente;Céu Claro;Dupla;Curva;Não;1;0;0;0;0;1;0;1;-22,225425;-45,875465;SPRF-MG;DEL16/MG;UOP01-DEL16-MG
766988;23/04/2026;quinta-feira;16:40:00;PR;277;613;SANTA TEREZA DO OESTE;Acessar a via sem observar a presença dos outros veículos;Colisão transversal;Com Vítimas Feridas;Pleno dia;Crescente;Céu Claro;Simples;"Reta;Interseção de Vias";Sim;7;0;4;0;4;3;0;2;-25,05205617;-53,63099305;SPRF-PR;DEL05/PR;UOP02-DEL05-PR
766989;23/04/2026;quinta-feira;16:00:00;BA;101;858;TEIXEIRA DE FREITAS;Demais falhas na via;Saída de leito carroçável;Sem Vítimas;Pleno dia;Crescente;Céu Claro;Simples;Reta;Não;1;0;0;0;0;1;0;1;-17,40232042;-39,67158508;SPRF-BA;DEL09/BA;UOP02-DEL09-BA
766990;23/04/2026;quinta-feira;16:00:00;RS;153;52,8;ERECHIM;Avarias e/ou desgaste excessivo no pneu;Tombamento;Com Vítimas Feridas;Pleno dia;Decrescente;Céu Claro;Simples;"Aclive;Reta";Não;1;0;1;0;1;0;0;1;-27,67152718;-52,29105648;SPRF-RS;DEL08/RS;UOP04-DEL08-RS
766992;23/04/2026;quinta-feira;18:00:00;DF;20;4;BRASILIA;Condutor deixou de manter distância do veículo da frente;Colisão traseira;Com Vítimas Feridas;Anoitecer;Crescente;Céu Claro;Dupla;Reta;Sim;3;0;0;2;2;1;0;2;-15,67549545;-47,82332897;SPRF-DF;DEL02-DF;UOP01-DEL02-DF
766994;23/04/2026;quinta-feira;17:40:00;PR;369;143,5;LONDRINA;Reação tardia ou ineficiente do condutor;Colisão traseira;Com Vítimas Feridas;Anoitecer;Crescente;Céu Claro;Dupla;Aclive;Não;3;0;0;2;2;1;0;2;-23,2930468;-51,09874098;SPRF-PR;DEL07/PR;UOP01-DEL07-PR
766995;23/04/2026;quinta-feira;17:30:00;SC;280;28,5;GUARAMIRIM;Acessar a via sem observar a presença dos outros veículos;Colisão frontal;Com Vítimas Feridas;Anoitecer;Decrescente;Céu Claro;Simples;Reta;Sim;3;0;2;0;2;1;0;2;-26,47539182;-48,98810655;SPRF-SC;DEL03/SC;UOP03-DEL03-SC
766996;23/04/2026;quinta-feira;18:00:00;RJ;101;488;ANGRA DOS REIS;Acessar a via sem observar a presença dos outros veículos;Colisão transversal;Com Vítimas Feridas;Anoitecer;Crescente;Céu Claro;Simples;Reta;Sim;2;0;1;0;1;1;0;2;-22,989559;-44,2418097;SPRF-RJ;DEL03/RJ;UOP03-DEL03-RJ
766997;23/04/2026;quinta-feira;18:15:00;MG;40;669;CARANDAI;Conversão proibida;Colisão transversal;Com Vítimas Feridas;Plena Noite;Crescente;Céu Claro;Simples;Curva;Não;2;0;1;0;1;1;0;2;-20,957072;-43,791403;SPRF-MG;DEL05/MG;UOP02-DEL05-MG
766998;23/04/2026;quinta-feira;17:25:00;MG;381;298;ANTONIO DIAS;Velocidade Incompatível;Tombamento;Com Vítimas Feridas;Pleno dia;Crescente;Céu Claro;Dupla;"Curva;Aclive";Não;1;0;1;0;1;0;0;1;-19,63715122;-42,89071083;SPRF-MG;DEL03/MG;UOP02-DEL03-MG
767000;23/04/2026;quinta-feira;17:30:00;MG;354;757;ITAMONTE;Falta de acostamento;Colisão lateral mesmo sentido;Com Vítimas Feridas;Anoitecer;Decrescente;Céu Claro;Simples;Curva;Não;2;0;1;0;1;1;0;2;-22,30651485;-44,85293733;SPRF-MG;DEL17/MG;UOP01-DEL17-MG
767001;23/04/2026;quinta-feira;16:55:00;AM;230;616;HUMAITA;Acesso irregular;Colisão transversal;Com Vítimas Feridas;Pleno dia;Crescente;Céu Claro;Simples;Reta;Não;3;0;2;1;3;0;0;2;-7,53769;-63,05974;SPRF-AM;DEL02-AM;UOP01-DEL02-AM
767002;23/04/2026;quinta-feira;10:39:00;RJ;101;326;RIO DE JANEIRO;Ausência de reação do condutor;Engavetamento;Com Vítimas Feridas;Pleno dia;Decrescente;Céu Claro;Dupla;"Reta;Ponte";Não;5;0;2;0;2;3;0;3;-22,87098996;-43,158029;SPRF-RJ;DEL02/RJ;UOP01-DEL02-RJ
767004;23/04/2026;quinta-feira;17:30:00;RN;406;115,8;POCO BRANCO;Acessar a via sem observar a presença dos outros veículos;Colisão transversal;Com Vítimas Feridas;Plena Noite;Crescente;Nublado;Simples;Reta;Não;2;0;2;0;2;0;0;2;-5,5722;-35,7042917;SPRF-RN;DEL02-RN;UOP01-DEL02-RN