id;data_inversa;dia_semana;horario;uf;br;km;municipio;causa_acidente;tipo_acidente;classificacao_acidente;fase_dia;sentido_via;condicao_metereologica;tipo_pista;tracado_via;uso_solo;pessoas;mortos;feridos_leves;feridos_graves;feridos;ilesos;ignorados;veiculos;latitude;longitude;regional;delegacia;uop
767128;21/04/2026;terça-feira;00:03:00;MS;463;6,6;DOURADOS;Ingestão de álcool pelo condutor;Colisão lateral sentido oposto;Com Vítimas Feridas;Plena Noite;Crescente;Céu Claro;Simples;"Desvio Temporário;Aclive;Reta";Não;2;0;0;1;1;1;0;2;-22,25504248;-54,86853039;SPRF-MS;DEL04/MS;UOP01-DEL04-MS
767130;17/01/2026;sábado;11:10:00;PI;407;489,6;JAICOS;Transitar na contramão;Colisão frontal;Com Vítimas Fatais;Pleno dia;Decrescente;Céu Claro;Simples;"Aclive;Reta";Não;7;1;4;2;6;0;0;2;-7,502192;-41,271053;SPRF-PI;DEL04-PI;UOP01-DEL04-PI
767131;24/04/2026;sexta-feira;12:10:00;RS;293;14,9;CAPAO DO LEAO;Acessar a via sem observar a presença dos outros veículos;Colisão transversal;Com Vítimas Feridas;Pleno dia;Crescente;Nublado;Simples;Reta;Sim;2;0;1;1;2;0;0;2;-31,75015186;-52,47227876;SPRF-RS;DEL07/RS;UOP01-DEL07-RS
767132;24/04/2026;sexta-feira;12:20:00;ES;101;302,9;VIANA;Mal súbito do condutor;Colisão traseira;Com Vítimas Feridas;Pleno dia;Crescente;Sol;Múltipla;Curva;Sim;7;0;2;0;2;5;0;2;-20,37579519;-40,4431603;SPRF-ES;DEL01-ES;UOP01-DEL01-ES
767134;24/04/2026;sexta-feira;12:00:00;BA;324;624;SALVADOR;Pedestre cruzava a pista fora da faixa;Atropelamento de Pedestre;Com Vítimas Feridas;Pleno dia;Crescente;Céu Claro;Dupla;"Reta;Declive";Não;2;0;1;0;1;1;0;2;-12,94128;-38,47102;SPRF-BA;DEL01/BA;UOP01-DEL01-BA
767136;24/04/2026;sexta-feira;12:38:00;PA;230;124;MARABA;Condutor deixou de manter distância do veículo da frente;Engavetamento;Com Vítimas Feridas;Pleno dia;Decrescente;Nublado;Simples;Reta;Sim;3;0;1;0;1;2;0;3;-5,37095419;-49,13154602;SPRF-PA;DEL03/PA;UOP01-DEL03-PA
767137;24/04/2026;sexta-feira;04:00:00;MG;40;120,3;LAGOA GRANDE;Ausência de sinalização;Colisão com objeto;Com Vítimas Fatais;Plena Noite;Decrescente;Céu Claro;Simples;Reta;Não;1;1;0;0;0;0;0;1;-17,662651;-46,362259;SPRF-MG;DEL14/MG;UOP01-DEL14-MG
767138;24/04/2026;sexta-feira;12:20:00;MG;381;438,1;SANTA LUZIA;Velocidade Incompatível;Tombamento;Com Vítimas Feridas;Pleno dia;Decrescente;Sol;Simples;"Curva;Declive";Não;2;0;0;1;1;1;0;2;-19,81595;-43,80182;SPRF-MG;DEL01/MG;UOP01-DEL01-MG
767140;24/04/2026;sexta-feira;12:55:00;MG;262;800;UBERABA;Ausência de reação do condutor;Colisão com objeto;Com Vítimas Feridas;Pleno dia;Crescente;Céu Claro;Dupla;Curva;Sim;1;0;1;0;1;0;0;1;-19,770869;-47,975267;SPRF-MG;DEL13/MG;UOP01-DEL13-MG
767141;24/04/2026;sexta-feira;13:10:00;SC;101;139;BALNEARIO CAMBORIU;Frear bruscamente;Engavetamento;Com Vítimas Feridas;Pleno dia;Crescente;Céu Claro;Dupla;Aclive;Sim;5;0;2;0;2;3;0;4;-27,04894985;-48,60065103;SPRF-SC;DEL04/SC;UOP03-DEL04-SC
767142;24/04/2026;sexta-feira;12:05:00;RS;293;13,8;CAPAO DO LEAO;Ausência de reação do condutor;Colisão traseira;Sem Vítimas;Pleno dia;Crescente;Céu Claro;Simples;Reta;Sim;2;0;0;0;0;2;0;2;-31,75151535;-52,46527132;SPRF-RS;DEL07/RS;UOP01-DEL07-RS
767143;24/04/2026;sexta-feira;13:30:00;PR;476;148;ARAUCARIA;Ausência de reação do condutor;Queda de ocupante de veículo;Com Vítimas Feridas;Pleno dia;Decrescente;Nublado;Dupla;Reta;Não;1;0;1;0;1;0;0;1;-25,55738158;-49,35023038;SPRF-PR;DEL01/PR;UOP06-DEL01-PR
767144;24/04/2026;sexta-feira;12:46:00;RN;101;166,7;CANGUARETAMA;Acumulo de água sobre o pavimento;Colisão com objeto;Com Vítimas Feridas;Pleno dia;Decrescente;Chuva;Dupla;Reta;Não;3;0;0;1;1;2;0;1;-6,45962251;-35,11127472;SPRF-RN;DEL01-RN;UOP01-DEL01-RN
767145;24/04/2026;sexta-feira;13:00:00;CE;116;42;HORIZONTE;Condutor deixou de manter distância do veículo da frente;Colisão traseira;Com Vítimas Feridas;Pleno dia;Decrescente;Nublado;Dupla;"Reta;Retorno Regulamentado";Sim;5;0;1;0;1;1;0;2;-4,112122;-38,490807;SPRF-CE;DEL01/CE;UOP02-DEL01-CE
767146;24/04/2026;sexta-feira;13:32:00;SP;116;110;TAUBATE;Reação tardia ou ineficiente do condutor;Colisão traseira;Com Vítimas Feridas;Pleno dia;Decrescente;Céu Claro;Dupla;Reta;Sim;1;0;1;0;1;0;0;1;-23,03339577;-45,55146607;SPRF-SP;DEL02/SP;UOP02-DEL02-SP
767147;17/04/2026;sexta-feira;06:45:00;PR;277;131,9;BALSA NOVA;Ausência de reação do condutor;Colisão com objeto;Com Vítimas Feridas;Amanhecer;Decrescente;Céu Claro;Simples;"Declive;Interseção de Vias;Reta";Não;2;0;1;0;1;1;0;1;-25,4621333;-49,58172295;SPRF-PR;DEL01/PR;UOP07-DEL01-PR
767148;24/04/2026;sexta-feira;13:50:00;ES;101;393;RIO NOVO DO SUL;Reação tardia ou ineficiente do condutor;Colisão lateral mesmo sentido;Com Vítimas Feridas;Pleno dia;Crescente;Sol;Simples;"Curva;Aclive";Não;6;0;1;0;1;5;0;2;-20,8656;-40,9274;SPRF-ES;DEL03-ES;UOP02-DEL03-ES
767151;24/04/2026;sexta-feira;11:10:00;RO;364;239,1;CACOAL;Ausência de reação do condutor;Tombamento;Com Vítimas Feridas;Pleno dia;Decrescente;Céu Claro;Simples;Retorno Regulamentado;Não;1;0;1;0;1;0;0;1;-11,433983;-61,463515;SPRF-RO;DEL02-RO;UOP02-DEL02-RO
767157;24/04/2026;sexta-feira;15:00:00;PR;476;142;CURITIBA;Condutor Dormindo;Colisão lateral mesmo sentido;Sem Vítimas;Pleno dia;Decrescente;Céu Claro;Dupla;Reta;Sim;3;0;0;0;0;3;0;2;-25,53288137;-49,30020181;SPRF-PR;DEL01/PR;UOP03-DEL01-PR
767163;24/04/2026;sexta-feira;15:13:00;PE;232;8;RECIFE;Condutor deixou de manter distância do veículo da frente;Colisão traseira;Sem Vítimas;Pleno dia;Decrescente;Céu Claro;Dupla;Reta;Sim;3;0;0;0;0;3;0;3;-8,07569;-34,96865;SPRF-PE;DEL01/PE;UOP01-DEL01-PE
767164;24/04/2026;sexta-feira;13:58:00;PR;277;5;FOZ DO IGUACU;Conversão proibida;Colisão transversal;Com Vítimas Feridas;Pleno dia;Decrescente;Céu Claro;Simples;"Reta;Declive";Sim;3;0;2;0;2;1;0;2;-25,53403871;-54,528687;SPRF-PR;DEL01/PR;UOP05-DEL01-PR
767168;24/04/2026;sexta-feira;14:34:00;MA;222;674;ACAILANDIA;Acessar a via sem observar a presença dos outros veículos;Colisão transversal;Com Vítimas Feridas;Pleno dia;Decrescente;Céu Claro;Simples;"Declive;Interseção de Vias";Sim;3;0;1;2;3;0;0;2;-4,9537098;-47,4885579;SPRF-MA;DEL04-MA;UOP03-DEL04-MA
767169;24/04/2026;sexta-feira;15:25:00;PR;277;713;SANTA TEREZINHA DE ITAIPU;Ausência de reação do condutor;Tombamento;Com Vítimas Feridas;Pleno dia;Crescente;Céu Claro;Dupla;Reta;Não;1;0;1;0;1;0;0;1;-25,45831863;-54,43242487;SPRF-PR;DEL05/PR;UOP01-DEL05-PR
767170;24/04/2026;sexta-feira;15:55:00;ES;262;16;VIANA;Ausência de reação do condutor;Colisão lateral mesmo sentido;Com Vítimas Feridas;Pleno dia;Crescente;Sol;Simples;Reta;Sim;2;0;2;0;2;0;0;2;-20,3869087;-40,4741066;SPRF-ES;DEL01-ES;UOP01-DEL01-ES
767171;24/04/2026;sexta-feira;17:05:00;RJ;101;297;ITABORAI;Reação tardia ou ineficiente do condutor;Colisão traseira;Com Vítimas Feridas;Pleno dia;Decrescente;Céu Claro;Dupla;Reta;Sim;3;0;0;1;1;2;0;2;-22,77166067;-42,9257834;SPRF-RJ;DEL02/RJ;UOP02-DEL02-RJ
767177;24/04/2026;sexta-feira;16:20:00;DF;70;17,6;BRASILIA;Reação tardia ou ineficiente do condutor;Colisão lateral mesmo sentido;Com Vítimas Feridas;Pleno dia;Crescente;Céu Claro;Dupla;Aclive;Não;2;0;1;0;1;1;0;2;-15,78918388;-48,21753647;SPRF-DF;DEL03-DF;UOP02-DEL03-DF
767181;24/04/2026;sexta-feira;16:15:00;RS;392;347;SANTA MARIA;Acessar a via sem observar a presença dos outros veículos;Colisão transversal;Com Vítimas Feridas;Pleno dia;Crescente;Garoa/Chuvisco;Simples;Reta;Sim;4;0;3;0;3;1;0;2;-29,76068919;-53,78702402;SPRF-RS;DEL09/RS;UOP01-DEL09-RS
767183;24/04/2026;sexta-feira;16:30:00;MG;50;142,5;UBERABA;Avarias e/ou desgaste excessivo no pneu;Tombamento;Com Vítimas Feridas;Pleno dia;Crescente;Céu Claro;Dupla;"Aclive;Reta";Não;2;0;2;0;2;0;0;1;-19,49816;-48,04695;SPRF-MG;DEL13/MG;UOP01-DEL13-MG
767184;24/04/2026;sexta-feira;17:05:00;PB;101;85,5;BAYEUX;Condutor deixou de manter distância do veículo da frente;Colisão traseira;Sem Vítimas;Pleno dia;Crescente;Céu Claro;Dupla;Reta;Sim;2;0;0;0;0;2;0;2;-7,150362;-34,911045;SPRF-PB;DEL01-PB;UOP01-DEL01-PB
767186;24/04/2026;sexta-feira;17:00:00;SC;101;205;SAO JOSE;Trafegar com motocicleta (ou similar) entre as faixas;Colisão lateral mesmo sentido;Com Vítimas Feridas;Pleno dia;Decrescente;Nublado;Múltipla;Reta;Sim;2;0;1;0;1;1;0;2;-27,58472824;-48,61577718;SPRF-SC;DEL01/SC;UOP01-DEL01-SC
767188;24/04/2026;sexta-feira;15:00:00;MG;116;783,1;LEOPOLDINA;Transtornos Mentais (exceto suicidio);Saída de leito carroçável;Sem Vítimas;Pleno dia;Decrescente;Céu Claro;Simples;Curva;Não;1;0;0;0;0;1;0;1;-21,6386616;-42,6997662;SPRF-MG;DEL07/MG;UOP01-DEL07-MG
767190;24/04/2026;sexta-feira;14:30:00;RJ;101;50;CAMPOS DOS GOYTACAZES;Avarias e/ou desgaste excessivo no pneu;Tombamento;Com Vítimas Feridas;Pleno dia;Crescente;Céu Claro;Simples;Reta;Sim;2;0;2;0;2;0;0;1;-21,6296872;-41,31354435;SPRF-RJ;DEL08/RJ;UOP01-DEL08-RJ
767191;24/04/2026;sexta-feira;17:00:00;PB;104;97,3;ESPERANCA;Reação tardia ou ineficiente do condutor;Colisão com objeto;Sem Vítimas;Anoitecer;Crescente;Nublado;Simples;Reta;Sim;2;0;0;0;0;2;0;2;-7,017028;-35,857255;SPRF-PB;DEL02-PB;UOP04-DEL02-PB
767192;24/04/2026;sexta-feira;17:35:00;SC;470;56,2;BLUMENAU;Ausência de reação do condutor;Tombamento;Com Vítimas Feridas;Anoitecer;Decrescente;Céu Claro;Dupla;Reta;Não;1;0;1;0;1;0;0;1;-26,87760236;-49,13010685;SPRF-SC;DEL04/SC;UOP01-DEL04-SC
767193;24/04/2026;sexta-feira;17:23:00;PI;343;330,4;TERESINA;Ausência de reação do condutor;Colisão traseira;Com Vítimas Feridas;Pleno dia;Crescente;Nublado;Simples;Reta;Não;2;0;1;0;1;0;0;2;-5,060901;-42,653562;SPRF-PI;DEL01-PI;UOP01-DEL01-PI
767194;24/04/2026;sexta-feira;17:30:00;RJ;493;18;GUAPIMIRIM;Ausência de reação do condutor;Tombamento;Com Vítimas Feridas;Anoitecer;Crescente;Nublado;Simples;Reta;Sim;1;0;1;0;1;0;0;1;-22,66772;-43,025417;SPRF-RJ;DEL04/RJ;UOP02-DEL04-RJ
767196;24/04/2026;sexta-feira;17:45:00;PE;232;22;MORENO;Animais na Pista;Atropelamento de Animal;Sem Vítimas;Anoitecer;Decrescente;Céu Claro;Dupla;Reta;Não;1;0;0;0;0;1;0;1;-8,099076;-35,095783;SPRF-PE;DEL02/PE;UOP02-DEL02PE
767197;24/04/2026;sexta-feira;18:00:00;RJ;40;45;PETROPOLIS;Acessar a via sem observar a presença dos outros veículos;Colisão lateral mesmo sentido;Com Vítimas Feridas;Plena Noite;Decrescente;Céu Claro;Dupla;Reta;Não;3;0;1;0;1;2;0;2;-22,28194865;-43,11932087;SPRF-RJ;DEL05/RJ;UOP02-DEL05-RJ
767198;24/04/2026;sexta-feira;18:10:00;SC;101;311;LAGUNA;Desrespeitar a preferência no cruzamento;Colisão transversal;Sem Vítimas;Anoitecer;Decrescente;Céu Claro;Múltipla;"Interseção de Vias;Rotatória";Sim;2;0;0;0;0;2;0;2;-28,43967482;-48,81346085;SPRF-SC;DEL02/SC;UOP01-DEL02-SC
767199;24/04/2026;sexta-feira;18:05:00;PR;369;138,4;IBIPORA;Desrespeitar a preferência no cruzamento;Colisão transversal;Com Vítimas Feridas;Plena Noite;Decrescente;Céu Claro;Simples;Interseção de Vias;Sim;2;0;1;0;1;1;0;2;-23,27368;-51,05356;SPRF-PR;DEL07/PR;UOP01-DEL07-PR
767201;17/03/2026;terça-feira;19:00:00;PR;476;280;SAO MATEUS DO SUL;Acessar a via sem observar a presença dos outros veículos;Colisão frontal;Com Vítimas Feridas;Anoitecer;Crescente;Garoa/Chuvisco;Simples;"Interseção de Vias;Reta";Sim;2;0;1;0;1;1;0;2;-25,89736189;-50,43237314;SPRF-PR;DEL02/PR;UOP03-DEL02-PR
767204;24/04/2026;sexta-feira;18:40:00;RJ;101;260,9;RIO BONITO;Pedestre cruzava a pista fora da faixa;Atropelamento de Pedestre;Com Vítimas Feridas;Plena Noite;Decrescente;Céu Claro;Dupla;"Aclive;Curva";Sim;2;0;0;1;1;0;0;2;-22,71367432;-42,62069663;SPRF-RJ;DEL02/RJ;UOP03-DEL02-RJ
767206;24/04/2026;sexta-feira;19:00:00;MG;50;18,7;UBERLANDIA;Ingestão de álcool pelo condutor;Colisão traseira;Com Vítimas Feridas;Plena Noite;Crescente;Céu Claro;Dupla;Reta;Sim;5;0;2;1;3;2;0;3;-18,92601696;-48,18861008;SPRF-MG;DEL15/MG;UOP01-DEL15-MG
767207;24/04/2026;sexta-feira;18:30:00;RJ;40;109,9;DUQUE DE CAXIAS;Reação tardia ou ineficiente do condutor;Colisão traseira;Com Vítimas Feridas;Plena Noite;Decrescente;Céu Claro;Múltipla;Reta;Sim;3;0;1;0;1;2;0;2;-22,68945686;-43,28646219;SPRF-RJ;DEL01/RJ;UOP02-DEL01-RJ
767208;24/04/2026;sexta-feira;18:00:00;ES;101;204,8;JOAO NEIVA;Acessar a via sem observar a presença dos outros veículos;Colisão transversal;Sem Vítimas;Plena Noite;Decrescente;Céu Claro;Simples;"Reta;Retorno Regulamentado;Interseção de Vias";Sim;4;0;0;0;0;4;0;2;-19,75599;-40,37983;SPRF-ES;DEL02-ES;UOP01-DEL02-ES
767210;24/04/2026;sexta-feira;18:51:00;BA;116;6,2;ABARE;Ausência de reação do condutor;Colisão frontal;Com Vítimas Fatais;Plena Noite;Decrescente;Nublado;Simples;"Reta;Em Obras";Não;3;1;0;0;0;0;0;3;-8,670782;-39,26349;SPRF-PE;DEL05/PE;UOP03-DEL05-PE
767212;24/04/2026;sexta-feira;18:27:00;PI;343;329,8;TERESINA;Transitar na contramão;Colisão frontal;Com Vítimas Fatais;Plena Noite;Crescente;Nublado;Simples;Curva;Não;3;1;0;1;1;1;0;2;-5,062867;-42,644557;SPRF-PI;DEL01-PI;UOP01-DEL01-PI
767213;24/04/2026;sexta-feira;19:55:00;SC;101;203;SAO JOSE;Ausência de reação do condutor;Colisão traseira;Com Vítimas Feridas;Plena Noite;Decrescente;Céu Claro;Múltipla;"Aclive;Reta";Sim;2;0;1;0;1;1;0;2;-27,56497574;-48,61438243;SPRF-SC;DEL01/SC;UOP01-DEL01-SC
767215;24/04/2026;sexta-feira;18:10:00;PR;376;603;CURITIBA;Ausência de reação do condutor;Colisão traseira;Com Vítimas Feridas;Anoitecer;Crescente;Nublado;Dupla;Reta;Sim;2;0;1;0;1;1;0;2;-25,526764;-49,329537;SPRF-PR;DEL01/PR;UOP03-DEL01-PR
767216;24/04/2026;sexta-feira;18:45:00;BA;116;27,2;VITORIA DA CONQUISTA;Reação tardia ou ineficiente do condutor;Colisão lateral mesmo sentido;Com Vítimas Feridas;Plena Noite;Crescente;Nevoeiro/Neblina;Simples;Reta;Não;3;0;1;0;1;2;0;2;-14,84626;-40,813248;SPRF-BA;DEL08/BA;UOP01-DEL08-BA
767217;24/04/2026;sexta-feira;16:40:00;SP;116;53,2;LORENA;Manobra de mudança de faixa;Colisão lateral mesmo sentido;Com Vítimas Feridas;Pleno dia;Crescente;Céu Claro;Dupla;Reta;Não;2;0;0;1;1;1;0;2;-22,74612984;-45,09856975;SPRF-SP;DEL08/SP;UOP02-DEL08-SP
767218;24/04/2026;sexta-feira;18:15:00;PR;369;410,9;JURANDA;Animais na Pista;Colisão traseira;Com Vítimas Feridas;Anoitecer;Crescente;Céu Claro;Simples;Reta;Não;3;0;1;0;1;2;0;2;-24,439127;-52,837866;SPRF-PR;DEL04/PR;UOP03-DEL04-PR
767219;24/04/2026;sexta-feira;07:20:00;PR;369;508;CASCAVEL;Transitar na contramão;Colisão frontal;Com Vítimas Feridas;Pleno dia;Decrescente;Céu Claro;Dupla;"Curva;Aclive";Não;2;0;2;0;2;0;0;2;-24,96542041;-53,40380073;SPRF-PR;DEL04/PR;UOP01-DEL04-PR
767220;24/04/2026;sexta-feira;20:00:00;MG;267;89,5;JUIZ DE FORA;Acessar a via sem observar a presença dos outros veículos;Colisão transversal;Com Vítimas Feridas;Plena Noite;Decrescente;Céu Claro;Simples;"Curva;Interseção de Vias";Sim;2;0;0;1;1;1;0;2;-21,7736761;-43,29241149;SPRF-MG;DEL05/MG;UOP01-DEL05-MG
767221;24/04/2026;sexta-feira;19:20:00;MT;163;724;SORRISO;Avarias e/ou desgaste excessivo no pneu;Colisão frontal;Com Vítimas Feridas;Plena Noite;Decrescente;Céu Claro;Simples;Reta;Não;7;0;0;2;2;5;0;3;-12,76822446;-55,83550215;SPRF-MT;DEL06/MT;UOP01-DEL06-MT
767222;24/04/2026;sexta-feira;19:25:00;RN;226;173,5;CURRAIS NOVOS;Animais na Pista;Atropelamento de Animal;Com Vítimas Feridas;Plena Noite;Crescente;Céu Claro;Simples;Reta;Não;2;0;1;0;1;1;0;2;-6,25599015;-36,48660555;SPRF-RN;DEL03-RN;UOP02-DEL03-RN
767223;24/04/2026;sexta-feira;15:30:00;CE;116;18,7;EUSEBIO;Demais falhas mecânicas ou elétricas;Tombamento;Com Vítimas Feridas;Pleno dia;Decrescente;Céu Claro;Dupla;Reta;Sim;1;0;1;0;1;0;0;1;-3,91802133;-38,5068655;SPRF-CE;DEL01/CE;UOP02-DEL01-CE
767224;24/04/2026;sexta-feira;19:30:00;PR;116;103,3;SAO JOSE DOS PINHAIS;Trafegar com motocicleta (ou similar) entre as faixas;Colisão traseira;Com Vítimas Feridas;Plena Noite;Crescente;Céu Claro;Dupla;Reta;Sim;2;0;1;0;1;1;0;2;-25,5705;-49,1916;SPRF-PR;DEL01/PR;UOP08-DEL01-PR
767226;24/04/2026;sexta-feira;18:50:00;RS;285;198,7;LAGOA VERMELHA;Pedestre andava na pista;Atropelamento de Pedestre;Com Vítimas Fatais;Plena Noite;Crescente;Chuva;Dupla;Interseção de Vias;Sim;4;1;0;0;0;3;0;3;-28,204727;-51,521042;SPRF-RS;DEL08/RS;UOP05-DEL08-RS
767228;24/04/2026;sexta-feira;19:15:00;SP;153;98,6;JOSE BONIFACIO;Condutor deixou de manter distância do veículo da frente;Colisão traseira;Com Vítimas Feridas;Plena Noite;Crescente;Céu Claro;Múltipla;Reta;Não;4;0;1;0;1;3;0;3;-20,99678182;-49,62741137;SPRF-SP;DEL09/SP;UOP01-DEL09-SP
767229;24/04/2026;sexta-feira;20:00:00;ES;101;293,8;CARIACICA;Condutor deixou de manter distância do veículo da frente;Colisão traseira;Com Vítimas Feridas;Plena Noite;Crescente;Céu Claro;Múltipla;Curva;Sim;2;0;0;1;1;1;0;2;-20,31936192;-40,39641299;SPRF-ES;DEL01-ES;UOP01-DEL01-ES
767230;24/04/2026;sexta-feira;19:25:00;MA;135;23,9;SAO LUIS;Acessar a via sem observar a presença dos outros veículos;Colisão transversal;Com Vítimas Feridas;Plena Noite;Decrescente;Céu Claro;Dupla;"Reta;Retorno Regulamentado";Sim;2;0;0;1;1;1;0;2;-2,5512;-44,307163;SPRF-MA;DEL01-MA;UOP01-DEL01-MA
767231;24/04/2026;sexta-feira;18:45:00;PR;277;670,1;MEDIANEIRA;Demais falhas mecânicas ou elétricas;Engavetamento;Com Vítimas Feridas;Plena Noite;Crescente;Céu Claro;Dupla;Reta;Sim;4;0;3;0;3;1;0;3;-25,271312;-54,063685;SPRF-PR;DEL05/PR;UOP02-DEL05-PR
767233;24/04/2026;sexta-feira;19:50:00;BA;101;933,7;MUCURI;Acessar a via sem observar a presença dos outros veículos;Colisão transversal;Com Vítimas Feridas;Plena Noite;Decrescente;Céu Claro;Simples;Reta;Sim;6;0;1;1;2;4;0;2;-17,999662;-39,860688;SPRF-BA;DEL09/BA;UOP02-DEL09-BA
767234;24/04/2026;sexta-feira;21:10:00;RN;101;82,4;NATAL;Acesso irregular;Colisão transversal;Com Vítimas Feridas;Plena Noite;Crescente;Nublado;Dupla;Reta;Sim;2;0;1;1;2;0;0;2;-5,769195;-35,271267;SPRF-RN;DEL02-RN;UOP01-DEL02-RN
767237;27/03/2026;sexta-feira;12:30:00;RJ;116;181;NOVA IGUACU;Reação tardia ou ineficiente do condutor;Engavetamento;Sem Vítimas;Pleno dia;Crescente;Céu Claro;Dupla;Reta;Não;3;0;0;0;0;3;0;3;-22,75775167;-43,43046483;SPRF-RJ;DEL06/RJ;UOP01-DEL06-RJ
767238;24/04/2026;sexta-feira;21:40:00;GO;414;435;ANAPOLIS;Ingestão de álcool pelo condutor;Colisão transversal;Com Vítimas Feridas;Plena Noite;Crescente;Céu Claro;Simples;"Aclive;Reta";Não;2;0;1;0;1;1;0;2;-16,240889;-48,934296;SPRF-GO;DEL02/GO;UOP01-DEL02-GO
767240;24/04/2026;sexta-feira;21:30:00;SC;280;127,8;RIO NEGRINHO;Acessar a via sem observar a presença dos outros veículos;Colisão lateral mesmo sentido;Com Vítimas Feridas;Plena Noite;Decrescente;Céu Claro;Simples;"Reta;Interseção de Vias";Sim;2;0;1;0;1;0;0;2;-26,242468;-49,51234;SPRF-SC;DEL06/SC;UOP03-DEL06-SC
767241;24/04/2026;sexta-feira;22:00:00;MG;381;495;BETIM;Reação tardia ou ineficiente do condutor;Colisão com objeto;Com Vítimas Feridas;Plena Noite;Decrescente;Ignorado;Dupla;Aclive;Sim;1;0;1;0;1;0;0;1;-19,96656;-44,178498;SPRF-MG;DEL01/MG;UOP03-DEL01-MG
767242;24/04/2026;sexta-feira;15:22:00;PE;232;39;VITORIA DE SANTO ANTAO;Ausência de reação do condutor;Engavetamento;Com Vítimas Feridas;Pleno dia;Crescente;Céu Claro;Dupla;"Curva;Declive";Não;6;0;0;1;1;5;0;3;-8,11727847;-35,23407396;SPRF-PE;DEL02/PE;UOP02-DEL02PE
767243;24/04/2026;sexta-feira;15:45:00;RO;364;971,8;PORTO VELHO;Condutor deixou de manter distância do veículo da frente;Colisão traseira;Com Vítimas Feridas;Pleno dia;Crescente;Céu Claro;Simples;Reta;Sim;2;0;0;1;1;0;0;2;-9,65911;-65,740478;SPRF-RO;DEL01-RO;UOP03-DEL01-RO
767244;24/04/2026;sexta-feira;22:15:00;PR;376;3;APUCARANA;Ausência de reação do condutor;Colisão transversal;Com Vítimas Feridas;Plena Noite;Crescente;Céu Claro;Simples;Reta;Sim;2;0;1;0;1;1;0;2;-23,55732429;-51,44201696;SPRF-PR;DEL07/PR;UOP03-DEL07-PR
767245;24/04/2026;sexta-feira;22:50:00;SC;282;20,3;PALHOCA;Reação tardia ou ineficiente do condutor;Tombamento;Com Vítimas Feridas;Plena Noite;Crescente;Céu Claro;Simples;"Aclive;Reta";Sim;1;0;0;1;1;0;0;1;-27,68555;-48,71263;SPRF-SC;DEL01/SC;UOP02-DEL01-SC
767246;24/04/2026;sexta-feira;22:30:00;RS;116;253;SAPUCAIA DO SUL;Condutor deixou de manter distância do veículo da frente;Colisão traseira;Com Vítimas Feridas;Plena Noite;Crescente;Chuva;Dupla;Reta;Sim;3;0;2;0;2;1;0;2;-29,82511717;-51,17217064;SPRF-RS;DEL01/RS;UOP02-DEL01-RS
767247;24/04/2026;sexta-feira;22:55:00;RS;293;172;BAGE;Ausência de reação do condutor;Saída de leito carroçável;Com Vítimas Feridas;Plena Noite;Decrescente;Céu Claro;Simples;Reta;Não;2;0;1;0;1;1;0;1;-31,3341526;-53,973743;SPRF-RS;DEL11/RS;UOP03-DEL11-RS
767248;24/04/2026;sexta-feira;22:40:00;SP;116;217;GUARULHOS;Ausência de reação do condutor;Colisão lateral mesmo sentido;Com Vítimas Feridas;Plena Noite;Decrescente;Nublado;Múltipla;Reta;Sim;2;0;1;1;2;0;0;2;-23,45505238;-46,47330372;SPRF-SP;DEL01/SP;UOP01-DEL01-SP
767249;24/04/2026;sexta-feira;19:00:00;MT;163;1058;GUARANTA DO NORTE;Ultrapassagem Indevida;Colisão frontal;Com Vítimas Feridas;Plena Noite;Crescente;Céu Claro;Simples;"Declive;Reta";Não;5;0;1;1;2;3;0;3;-10,01408746;-54,90841337;SPRF-MT;DEL06/MT;UOP03-DEL06-MT
767250;24/04/2026;sexta-feira;22:30:00;RS;290;109;ELDORADO DO SUL;Chuva;Colisão com objeto;Sem Vítimas;Plena Noite;Decrescente;Céu Claro;Dupla;Reta;Não;1;0;0;0;0;0;1;1;-30,00573585;-51,31237356;SPRF-RS;DEL02/RS;UOP01-DEL02-RS
767251;24/04/2026;sexta-feira;23:35:00;PR;369;52;BANDEIRANTES;Reação tardia ou ineficiente do condutor;Colisão traseira;Com Vítimas Feridas;Plena Noite;Crescente;Céu Claro;Simples;Reta;Sim;2;0;1;0;1;1;0;2;-23,10964;-50,370804;SPRF-PR;DEL07/PR;UOP05-DEL07-PR
767252;24/04/2026;sexta-feira;23:45:00;PA;316;56;CASTANHAL;Ausência de reação do condutor;Saída de leito carroçável;Sem Vítimas;Plena Noite;Crescente;Garoa/Chuvisco;Dupla;"Reta;Declive";Não;1;0;0;0;0;1;0;1;-1,302817;-47,991214;SPRF-PA;DEL01/PA;UOP01-DEL01-PA
767253;24/04/2026;sexta-feira;23:20:00;BA;407;4;JUAZEIRO;Transitar na contramão;Colisão lateral sentido oposto;Com Vítimas Feridas;Plena Noite;Crescente;Céu Claro;Simples;Reta;Sim;3;0;0;1;1;2;0;3;-9,446032;-40,4912044;SPRF-PE;DEL06/PE;UOP01-DEL06-PE