id;data_inversa;dia_semana;horario;uf;br;km;municipio;causa_acidente;tipo_acidente;classificacao_acidente;fase_dia;sentido_via;condicao_metereologica;tipo_pista;tracado_via;uso_solo;pessoas;mortos;feridos_leves;feridos_graves;feridos;ilesos;ignorados;veiculos;latitude;longitude;regional;delegacia;uop
767255;24/04/2026;sexta-feira;23:40:00;GO;60;376;RIO VERDE;Entrada inopinada do pedestre;Atropelamento de Pedestre;Com Vítimas Feridas;Plena Noite;Crescente;Céu Claro;Dupla;Reta;Não;3;0;0;1;1;2;0;2;-17,75093;-50,877268;SPRF-GO;DEL04/GO;UOP02-DEL04-GO
767257;25/04/2026;sábado;00:10:00;PR;373;175,2;PONTA GROSSA;Ausência de reação do condutor;Saída de leito carroçável;Com Vítimas Feridas;Plena Noite;Crescente;Céu Claro;Dupla;Reta;Sim;1;0;1;0;1;0;0;1;-25,06872398;-50,21161644;SPRF-PR;DEL03/PR;UOP01-DEL03-PR
767258;24/04/2026;sexta-feira;23:30:00;PR;376;136,8;NOVA ESPERANCA;Condutor Dormindo;Saída de leito carroçável;Com Vítimas Feridas;Plena Noite;Decrescente;Céu Claro;Dupla;Curva;Não;1;0;1;0;1;0;0;1;-23,207487;-52,193049;SPRF-PR;DEL09/PR;UOP02-DEL09-PR
767259;25/04/2026;sábado;00:01:00;PR;373;259;PRUDENTOPOLIS;Ausência de reação do condutor;Queda de ocupante de veículo;Com Vítimas Feridas;Plena Noite;Decrescente;Céu Claro;Simples;Curva;Não;1;0;1;0;1;0;0;1;-25,207823;-50,938627;SPRF-PR;DEL08/PR;UOP01-DEL08-PR
767260;24/04/2026;sexta-feira;23:35:00;PE;428;160;PETROLINA;Reação tardia ou ineficiente do condutor;Colisão traseira;Com Vítimas Feridas;Plena Noite;Crescente;Céu Claro;Simples;Reta;Não;2;0;1;0;1;0;0;2;-9,157992;-40,363283;SPRF-PE;DEL06/PE;UOP01-DEL06-PE
767262;25/04/2026;sábado;00:20:00;PR;277;78,7;CURITIBA;Reação tardia ou ineficiente do condutor;Tombamento;Com Vítimas Feridas;Plena Noite;Decrescente;Céu Claro;Dupla;"Aclive;Reta;Viaduto";Sim;2;0;1;0;1;0;0;2;-25,479053;-49,200983;SPRF-PR;DEL01/PR;UOP08-DEL01-PR
767264;25/04/2026;sábado;01:58:00;GO;40;2;VALPARAISO DE GOIAS;Condutor deixou de manter distância do veículo da frente;Colisão traseira;Com Vítimas Feridas;Plena Noite;Crescente;Céu Claro;Dupla;Reta;Sim;3;0;1;0;1;1;0;2;-16,065336;-47,983538;SPRF-DF;DEL01-DF;UOP01-DEL01-DF
767266;25/04/2026;sábado;02:40:00;PR;277;349;GUARAPUAVA;Ingestão de álcool pelo condutor;Saída de leito carroçável;Com Vítimas Feridas;Plena Noite;Decrescente;Céu Claro;Dupla;Reta;Sim;2;0;1;0;1;1;0;1;-25,3658792;-51,4770896;SPRF-PR;DEL08/PR;UOP01-DEL08-PR
767268;25/04/2026;sábado;04:30:00;RS;386;360,4;ESTRELA;Ingestão de álcool pelo condutor;Saída de leito carroçável;Sem Vítimas;Plena Noite;Crescente;Nublado;Dupla;"Retorno Regulamentado;Reta";Não;3;0;0;0;0;3;0;1;-29,551052;-51,904589;SPRF-RS;DEL04/RS;UOP01-DEL04-RS
767269;25/04/2026;sábado;04:20:00;GO;60;208,6;GUAPO;Ausência de sinalização;Colisão traseira;Com Vítimas Feridas;Plena Noite;Decrescente;Céu Claro;Dupla;"Aclive;Reta";Não;2;0;2;0;2;0;0;2;-16,946557;-49,67368;SPRF-GO;DEL01/GO;UOP02-DEL01-GO
767270;25/04/2026;sábado;02:39:00;MT;364;152;PEDRA PRETA;Reação tardia ou ineficiente do condutor;Saída de leito carroçável;Com Vítimas Feridas;Plena Noite;Decrescente;Céu Claro;Simples;Reta;Não;3;0;2;0;2;1;0;1;-16,72398092;-54,26420475;SPRF-MT;DEL02/MT;UOP01-DEL02-MT
767271;25/04/2026;sábado;00:20:00;PI;135;511;GILBUES;Animais na Pista;Atropelamento de Animal;Com Vítimas Fatais;Plena Noite;Decrescente;Céu Claro;Simples;Reta;Não;1;1;0;0;0;0;0;1;-9,80977;-45,328646;SPRF-PI;DEL03-PI;UOP02-DEL03-PI
767273;25/04/2026;sábado;05:10:00;MG;381;498;BETIM;Demais falhas mecânicas ou elétricas;Colisão traseira;Sem Vítimas;Amanhecer;Decrescente;Céu Claro;Múltipla;"Declive;Reta";Sim;2;0;0;0;0;2;0;2;-19,99157872;-44,20649529;SPRF-MG;DEL01/MG;UOP03-DEL01-MG
767275;24/04/2026;sexta-feira;19:00:00;PR;369;140;IBIPORA;Condutor deixou de manter distância do veículo da frente;Colisão lateral mesmo sentido;Com Vítimas Feridas;Plena Noite;Decrescente;Céu Claro;Dupla;"Aclive;Reta";Sim;2;0;1;0;1;1;0;2;-23,28471959;-51,07341019;SPRF-PR;DEL07/PR;UOP01-DEL07-PR
767277;25/04/2026;sábado;05:30:00;PR;369;180;ROLANDIA;Ausência de reação do condutor;Queda de ocupante de veículo;Com Vítimas Feridas;Amanhecer;Decrescente;Céu Claro;Dupla;Reta;Sim;1;0;0;1;1;0;0;1;-23,35572;-51,3934633;SPRF-PR;DEL07/PR;UOP03-DEL07-PR
767278;25/04/2026;sábado;05:24:00;PI;343;319;ALTOS;Chuva;Colisão frontal;Com Vítimas Feridas;Plena Noite;Crescente;Chuva;Simples;Curva;Sim;2;0;1;0;1;1;0;2;-5,04496061;-42,55557871;SPRF-PI;DEL01-PI;UOP01-DEL01-PI
767279;25/04/2026;sábado;05:00:00;SE;235;18;LARANJEIRAS;Velocidade Incompatível;Colisão com objeto;Sem Vítimas;Pleno dia;Decrescente;Céu Claro;Simples;Ponte;Não;1;0;0;0;0;0;1;1;-10,8457678;-37,20997258;SPRF-SE;DEL01-SE;UOP02-DEL01-SE
767281;25/04/2026;sábado;04:00:00;MS;163;6,3;MUNDO NOVO;Carga excessiva e/ou mal acondicionada;Saída de leito carroçável;Sem Vítimas;Plena Noite;Decrescente;Céu Claro;Dupla;Reta;Não;1;0;0;0;0;0;1;1;-24,00415837;-54,31525961;SPRF-MS;DEL09/MS;UOP02-DEL09-MS
767282;11/02/2026;quarta-feira;18:30:00;RJ;116;176;SAO JOAO DE MERITI;Manobra de mudança de faixa;Colisão lateral mesmo sentido;Com Vítimas Feridas;Anoitecer;Decrescente;Céu Claro;Dupla;Reta;Não;2;0;1;0;1;1;0;2;-22,78534142;-43,38011742;SPRF-RJ;DEL06/RJ;UOP01-DEL06-RJ
767283;25/04/2026;sábado;05:50:00;SP;381;86;SAO PAULO;Entrada inopinada do pedestre;Atropelamento de Pedestre;Com Vítimas Feridas;Pleno dia;Crescente;Sol;Múltipla;Curva;Sim;2;0;1;0;1;1;0;2;-23,46788434;-46,57136378;SPRF-SP;DEL03/SP;UOP01-DEL03-SP
767284;25/04/2026;sábado;06:30:00;SC;101;202,7;SAO JOSE;Manobra de mudança de faixa;Colisão lateral mesmo sentido;Com Vítimas Feridas;Amanhecer;Crescente;Céu Claro;Múltipla;Reta;Sim;3;0;1;0;1;2;0;2;-27,56333;-48,61575;SPRF-SC;DEL01/SC;UOP01-DEL01-SC
767285;25/04/2026;sábado;05:30:00;SP;116;76,4;ROSEIRA;Ingestão de álcool pelo condutor;Colisão com objeto;Sem Vítimas;Amanhecer;Crescente;Céu Claro;Dupla;Reta;Não;1;0;0;0;0;1;0;1;-22,87879778;-45,27402587;SPRF-SP;DEL08/SP;UOP01-DEL08-SP
767286;25/04/2026;sábado;05:30:00;BA;324;547,8;AMELIA RODRIGUES;Ausência de reação do condutor;Saída de leito carroçável;Sem Vítimas;Amanhecer;Crescente;Céu Claro;Dupla;Reta;Não;1;0;0;0;0;1;0;1;-12,40999744;-38,75230372;SPRF-BA;DEL11/BA;UOP02-DEL11-BA
767288;24/04/2026;sexta-feira;23:12:00;ES;101;380;ICONHA;Acessar a via sem observar a presença dos outros veículos;Atropelamento de Pedestre;Com Vítimas Feridas;Plena Noite;Crescente;Céu Claro;Simples;Reta;Não;2;0;0;1;1;0;0;2;-20,8055111;-40,8314345;SPRF-ES;DEL03-ES;UOP01-DEL03-ES
767290;25/04/2026;sábado;06:45:00;PR;116;94,9;SAO JOSE DOS PINHAIS;Ausência de reação do condutor;Queda de ocupante de veículo;Com Vítimas Feridas;Pleno dia;Crescente;Nublado;Dupla;Reta;Sim;1;0;1;0;1;0;0;1;-25,5271;-49,1407;SPRF-PR;DEL01/PR;UOP08-DEL01-PR
767291;25/04/2026;sábado;06:30:00;SC;116;3,5;MAFRA;Ingestão de álcool pelo condutor;Colisão com objeto;Sem Vítimas;Amanhecer;Crescente;Céu Claro;Simples;"Aclive;Reta";Sim;1;0;0;0;0;0;1;1;-26,130709;-49,799168;SPRF-SC;DEL06/SC;UOP01-DEL06-SC
767294;25/04/2026;sábado;06:30:00;SC;116;35,3;ITAIOPOLIS;Ingestão de álcool pelo condutor;Saída de leito carroçável;Sem Vítimas;Pleno dia;Decrescente;Céu Claro;Simples;Curva;Não;2;0;0;0;0;2;0;1;-26,336493;-50,006054;SPRF-SC;DEL06/SC;UOP01-DEL06-SC
767295;25/04/2026;sábado;06:30:00;RS;290;28;SANTO ANTONIO DA PATRULHA;Ingestão de álcool pelo condutor;Colisão traseira;Sem Vítimas;Amanhecer;Decrescente;Nublado;Dupla;Reta;Não;2;0;0;0;0;2;0;2;-29,88355197;-50,53804144;SPRF-RS;DEL03/RS;UOP01-DEL03-RS
767297;24/04/2026;sexta-feira;17:50:00;PI;343;152;PIRACURUCA;Acumulo de água sobre o pavimento;Saída de leito carroçável;Com Vítimas Feridas;Anoitecer;Crescente;Chuva;Simples;Curva;Não;2;0;1;0;1;1;0;1;-3,95106051;-41,72392845;SPRF-PI;DEL02-PI;UOP01-DEL02-PI
767298;25/04/2026;sábado;07:10:00;DF;80;0,9;BRASILIA;Ausência de reação do condutor;Capotamento;Com Vítimas Feridas;Pleno dia;Decrescente;Céu Claro;Dupla;Reta;Não;1;0;1;0;1;0;0;1;-15,7351678;-48,07650211;SPRF-DF;DEL03-DF;UOP02-DEL03-DF
767299;25/04/2026;sábado;08:10:00;PR;376;109;PARANAVAI;Avarias e/ou desgaste excessivo no pneu;Tombamento;Com Vítimas Feridas;Pleno dia;Decrescente;Céu Claro;Dupla;Reta;Sim;1;0;0;1;1;0;0;1;-23,0744529;-52,4188323;SPRF-PR;DEL09/PR;UOP02-DEL09-PR
767300;25/04/2026;sábado;08:15:00;RJ;101;426,9;MANGARATIBA;Reação tardia ou ineficiente do condutor;Queda de ocupante de veículo;Com Vítimas Feridas;Plena Noite;Decrescente;Vento;Simples;Curva;Não;1;0;1;0;1;0;0;1;-22,93436588;-43,98647611;SPRF-RJ;DEL03/RJ;UOP02-DEL03-RJ
767302;13/04/2026;segunda-feira;09:00:00;PR;277;129;CAMPO LARGO;Ausência de reação do condutor;Saída de leito carroçável;Com Vítimas Feridas;Pleno dia;Crescente;Céu Claro;Dupla;Reta;Não;1;0;1;0;1;0;0;1;-25,44613655;-49,5690864;SPRF-PR;DEL01/PR;UOP07-DEL01-PR
767304;25/04/2026;sábado;08:50:00;PR;116;141;MANDIRITUBA;Reação tardia ou ineficiente do condutor;Tombamento;Com Vítimas Feridas;Pleno dia;Crescente;Céu Claro;Múltipla;Reta;Sim;1;0;1;0;1;0;0;1;-25,769041;-49,322346;SPRF-PR;DEL01/PR;UOP03-DEL01-PR
767305;25/04/2026;sábado;06:50:00;SP;262;321;CASTILHO;Demais falhas mecânicas ou elétricas;Incêndio;Sem Vítimas;Pleno dia;Crescente;Sol;Simples;Reta;Não;1;0;0;0;0;1;0;1;-20,78783145;-51,60569541;SPRF-MS;DEL07/MS;UOP01-DEL07-MS
767306;25/04/2026;sábado;07:30:00;MG;381;519;IGARAPE;Ausência de reação do condutor;Colisão com objeto;Com Vítimas Feridas;Pleno dia;Crescente;Céu Claro;Dupla;Reta;Não;3;0;2;1;3;0;0;2;-20,10922041;-44,31649653;SPRF-MG;DEL01/MG;UOP03-DEL01-MG
767307;25/04/2026;sábado;07:30:00;MG;381;490;BETIM;Reação tardia ou ineficiente do condutor;Tombamento;Com Vítimas Feridas;Pleno dia;Decrescente;Céu Claro;Múltipla;"Curva;Declive";Sim;1;0;1;0;1;0;0;1;-19,9562407;-44,14349405;SPRF-MG;DEL01/MG;UOP03-DEL01-MG
767310;25/04/2026;sábado;08:54:00;PE;101;67;RECIFE;Demais falhas mecânicas ou elétricas;Colisão lateral mesmo sentido;Com Vítimas Feridas;Pleno dia;Crescente;Chuva;Dupla;Reta;Sim;2;0;1;0;1;1;0;2;-8,047172;-34,945144;SPRF-PE;DEL01/PE;UOP01-DEL01-PE
767311;25/04/2026;sábado;08:10:00;RN;427;59,9;JARDIM DO SERIDO;Ausência de reação do condutor;Saída de leito carroçável;Com Vítimas Feridas;Pleno dia;Crescente;Nublado;Simples;Curva;Não;1;0;0;1;1;0;0;1;-6,586083;-36,810382;SPRF-RN;DEL03-RN;UOP01-DEL03-RN
767312;25/04/2026;sábado;07:45:00;SP;153;108;JOSE BONIFACIO;Ingestão de álcool pelo condutor;Colisão traseira;Com Vítimas Feridas;Pleno dia;Crescente;Céu Claro;Dupla;Reta;Não;3;0;0;2;2;1;0;2;-21,070381;-49,665911;SPRF-SP;DEL09/SP;UOP01-DEL09-SP
767315;25/04/2026;sábado;09:02:00;SP;116;456;REGISTRO;Reação tardia ou ineficiente do condutor;Queda de ocupante de veículo;Com Vítimas Feridas;Pleno dia;Decrescente;Sol;Dupla;Reta;Não;2;0;2;0;2;0;0;1;-24,5910375;-47,8798754;SPRF-SP;DEL05/SP;UOP01-DEL05-SP
767316;25/04/2026;sábado;09:15:00;MG;381;332;BELA VISTA DE MINAS;Ausência de reação do condutor;Colisão lateral mesmo sentido;Com Vítimas Feridas;Pleno dia;Decrescente;Céu Claro;Simples;"Aclive;Reta";Não;2;0;1;0;1;1;0;2;-19,82027565;-43,06939021;SPRF-MG;DEL03/MG;UOP01-DEL03-MG
767317;25/04/2026;sábado;08:10:00;PR;369;57;BANDEIRANTES;Conversão proibida;Colisão transversal;Com Vítimas Feridas;Pleno dia;Crescente;Céu Claro;Simples;Curva;Sim;2;0;1;0;1;1;0;2;-23,11398634;-50,37267292;SPRF-PR;DEL07/PR;UOP05-DEL07-PR
767319;25/04/2026;sábado;07:40:00;RJ;101;50;CAMPOS DOS GOYTACAZES;Acessar a via sem observar a presença dos outros veículos;Colisão traseira;Com Vítimas Feridas;Pleno dia;Crescente;Céu Claro;Simples;Reta;Sim;2;0;2;0;2;0;0;2;-21,6397877;-41,3121181;SPRF-RJ;DEL08/RJ;UOP01-DEL08-RJ
767320;25/04/2026;sábado;09:00:00;SC;101;123;ITAJAI;Velocidade Incompatível;Tombamento;Com Vítimas Feridas;Pleno dia;Crescente;Céu Claro;Simples;"Curva;Interseção de Vias";Não;1;0;0;1;1;0;0;1;-26,93911015;-48,69752739;SPRF-SC;DEL04/SC;UOP04-DEL04-SC
767321;25/04/2026;sábado;10:00:00;RS;116;97,5;SAO MARCOS;Reação tardia ou ineficiente do condutor;Colisão com objeto;Com Vítimas Feridas;Pleno dia;Decrescente;Nublado;Simples;Curva;Não;1;0;1;0;1;0;0;1;-28,8877439;-51,14260197;SPRF-RS;DEL05/RS;UOP01-DEL05-RS
767322;25/04/2026;sábado;09:35:00;MG;262;413;PARA DE MINAS;Acessar a via sem observar a presença dos outros veículos;Colisão transversal;Com Vítimas Feridas;Pleno dia;Crescente;Sol;Simples;"Curva;Retorno Regulamentado";Não;2;0;0;1;1;1;0;2;-19,8826871;-44,75326359;SPRF-MG;DEL08/MG;UOP03-DEL08-MG
767323;25/04/2026;sábado;09:10:00;MS;267;365,1;MARACAJU;Ingestão de álcool pelo condutor;Colisão com objeto;Com Vítimas Feridas;Pleno dia;Crescente;Céu Claro;Dupla;Reta;Não;2;0;1;1;2;0;0;1;-21,64567;-55,13381;SPRF-MS;DEL02/MS;UOP02-DEL02-MS
767324;25/04/2026;sábado;10:52:00;SP;116;224;GUARULHOS;Manobra de mudança de faixa;Colisão transversal;Com Vítimas Feridas;Pleno dia;Crescente;Céu Claro;Múltipla;Reta;Sim;2;0;1;0;1;1;0;2;-23,48230746;-46,53572258;SPRF-SP;DEL01/SP;UOP01-DEL01-SP
767325;25/04/2026;sábado;11:50:00;PB;101;82,6;BAYEUX;Trafegar com motocicleta (ou similar) entre as faixas;Queda de ocupante de veículo;Com Vítimas Feridas;Pleno dia;Crescente;Céu Claro;Dupla;"Viaduto;Reta";Sim;3;0;1;0;1;0;0;2;-7,132035;-34,931922;SPRF-PB;DEL01-PB;UOP01-DEL01-PB
767326;25/04/2026;sábado;11:40:00;ES;101;145;LINHARES;Condutor deixou de manter distância do veículo da frente;Colisão traseira;Com Vítimas Feridas;Pleno dia;Decrescente;Céu Claro;Múltipla;"Declive;Reta";Sim;4;0;1;0;1;3;0;2;-19,36131277;-40,06437591;SPRF-ES;DEL04-ES;UOP01-DEL04-ES
767327;25/04/2026;sábado;11:50:00;RS;290;88;PORTO ALEGRE;Avarias e/ou desgaste excessivo no pneu;Tombamento;Com Vítimas Feridas;Pleno dia;Crescente;Garoa/Chuvisco;Dupla;Reta;Não;2;0;1;0;1;1;0;1;-29,96772948;-51,14478467;SPRF-RS;DEL01/RS;UOP01-DEL01-RS
767330;25/04/2026;sábado;02:00:00;PE;407;124;PETROLINA;Velocidade Incompatível;Colisão com objeto;Com Vítimas Feridas;Plena Noite;Decrescente;Céu Claro;Dupla;"Rotatória;Interseção de Vias";Sim;2;0;0;1;1;0;0;2;-9,38729918;-40,52524614;SPRF-PE;DEL06/PE;UOP01-DEL06-PE
767332;25/04/2026;sábado;12:00:00;SP;116;40;CACHOEIRA PAULISTA;Demais falhas mecânicas ou elétricas;Incêndio;Sem Vítimas;Pleno dia;Crescente;Céu Claro;Dupla;Reta;Não;1;0;0;0;0;1;0;1;-22,6782785;-45,00369835;SPRF-SP;DEL08/SP;UOP02-DEL08-SP
767333;25/04/2026;sábado;12:51:00;RN;101;83,9;NATAL;Entrada inopinada do pedestre;Atropelamento de Pedestre;Com Vítimas Feridas;Pleno dia;Decrescente;Nublado;Dupla;Reta;Não;3;0;3;0;3;0;0;2;-5,772452;-35,262363;SPRF-RN;DEL02-RN;UOP01-DEL02-RN
767335;25/04/2026;sábado;12:45:00;SC;282;3,9;FLORIANOPOLIS;Pedestre cruzava a pista fora da faixa;Tombamento;Com Vítimas Feridas;Pleno dia;Crescente;Garoa/Chuvisco;Múltipla;Reta;Sim;1;0;1;0;1;0;0;1;-27,592388;-48,604041;SPRF-SC;DEL01/SC;UOP01-DEL01-SC
767336;25/04/2026;sábado;12:30:00;SC;480;128,1;CHAPECO;Acessar a via sem observar a presença dos outros veículos;Colisão frontal;Com Vítimas Fatais;Pleno dia;Crescente;Nublado;Simples;Reta;Sim;5;1;0;0;0;4;0;2;-27,03311038;-52,63384078;SPRF-SC;DEL07/SC;UOP01-DEL07-SC
767337;25/04/2026;sábado;11:40:00;BA;367;28;PORTO SEGURO;Acessar a via sem observar a presença dos outros veículos;Colisão transversal;Com Vítimas Feridas;Pleno dia;Decrescente;Céu Claro;Simples;Curva;Não;3;0;1;0;1;2;0;2;-16,417507;-39,109037;SPRF-BA;DEL09/BA;UOP03-DEL09-BA
767338;17/04/2026;sexta-feira;17:55:00;PE;428;178;PETROLINA;Animais na Pista;Atropelamento de Animal;Com Vítimas Feridas;Anoitecer;Crescente;Céu Claro;Simples;Reta;Não;2;0;2;0;2;0;0;1;-9,29666;-40,44801;SPRF-PE;DEL06/PE;UOP01-DEL06-PE
767340;19/04/2026;domingo;18:30:00;RJ;116;264;VOLTA REDONDA;Acessar a via sem observar a presença dos outros veículos;Colisão lateral mesmo sentido;Com Vítimas Feridas;Anoitecer;Decrescente;Nublado;Simples;Curva;Não;2;0;0;1;1;1;0;2;-22,59091565;-44,08248425;SPRF-RJ;DEL07/RJ;UOP02-DEL07-RJ
767341;25/04/2026;sábado;13:10:00;PR;116;13;COLOMBO;Entrada inopinada do pedestre;Atropelamento de Pedestre;Com Vítimas Fatais;Pleno dia;Crescente;Céu Claro;Dupla;"Declive;Reta";Sim;2;1;0;1;1;0;0;2;-25,37723231;-49,15403208;SPRF-PR;DEL01/PR;UOP02-DEL01-PR
767342;25/04/2026;sábado;09:15:00;RO;364;13;VILHENA;Ausência de reação do condutor;Colisão lateral mesmo sentido;Com Vítimas Feridas;Pleno dia;Decrescente;Céu Claro;Dupla;Reta;Sim;2;0;1;0;1;1;0;2;-12,74131191;-60,13113409;SPRF-RO;DEL04-RO;UOP01-DEL04-RO
767343;25/04/2026;sábado;13:34:00;BA;135;340;CORRENTINA;Condutor deixou de manter distância do veículo da frente;Colisão traseira;Com Vítimas Feridas;Pleno dia;Decrescente;Céu Claro;Simples;Reta;Não;3;0;0;1;1;2;0;2;-13,31538156;-44,63908481;SPRF-BA;DEL10/BA;UOP02-DEL10-BA
767344;25/04/2026;sábado;13:00:00;MT;364;435;VARZEA GRANDE;Acessar a via sem observar a presença dos outros veículos;Colisão transversal;Com Vítimas Feridas;Pleno dia;Decrescente;Céu Claro;Dupla;Reta;Não;7;0;2;0;2;5;0;2;-15,64336665;-56,2002257;SPRF-MT;DEL01/MT;UOP02-DEL01-MT
767345;25/04/2026;sábado;13:30:00;PR;116;13;COLOMBO;Pedestre cruzava a pista fora da faixa;Atropelamento de Pedestre;Com Vítimas Feridas;Pleno dia;Decrescente;Sol;Dupla;Reta;Sim;2;0;0;1;1;1;0;2;-25,37916975;-49,15753126;SPRF-PR;DEL01/PR;UOP02-DEL01-PR
767346;25/04/2026;sábado;09:07:00;PA;230;1108;ITAITUBA;Demais falhas mecânicas ou elétricas;Incêndio;Sem Vítimas;Pleno dia;Decrescente;Céu Claro;Simples;Reta;Não;1;0;0;0;0;1;0;1;-4,3891;-55,883316;SPRF-PA;DEL05/PA;UOP02-DEL05-PA
767347;25/04/2026;sábado;13:00:00;BA;324;390;CANDEIAS;Acessar a via sem observar a presença dos outros veículos;Colisão transversal;Com Vítimas Feridas;Pleno dia;Crescente;Garoa/Chuvisco;Dupla;Reta;Sim;6;0;3;0;3;3;0;3;-12,686;-38,466;SPRF-BA;DEL04/BA;UOP02-DEL04-BA
767348;25/04/2026;sábado;12:53:00;RO;364;199,5;PIMENTA BUENO;Desrespeitar a preferência no cruzamento;Tombamento;Com Vítimas Feridas;Pleno dia;Crescente;Céu Claro;Simples;Rotatória;Sim;2;0;1;0;1;0;0;2;-11,65751362;-61,19143828;SPRF-RO;DEL02-RO;UOP02-DEL02-RO
767351;25/04/2026;sábado;13:15:00;SC;116;136,5;SANTA CECILIA;Mal súbito do condutor;Colisão com objeto;Com Vítimas Feridas;Pleno dia;Crescente;Céu Claro;Simples;"Aclive;Reta";Não;1;0;0;1;1;0;0;1;-26,939035;-50,430826;SPRF-SC;DEL06/SC;UOP02-DEL06-SC
767352;25/04/2026;sábado;14:00:00;PA;155;344;MARABA;Pista Escorregadia;Queda de ocupante de veículo;Com Vítimas Feridas;Pleno dia;Crescente;Sol;Simples;"Aclive;Reta";Não;1;0;1;0;1;0;0;1;-5,36578;-49,07821;SPRF-PA;DEL03/PA;UOP01-DEL03-PA
767353;25/04/2026;sábado;14:50:00;SC;101;212;PALHOCA;Ausência de reação do condutor;Colisão traseira;Com Vítimas Feridas;Pleno dia;Decrescente;Nublado;Múltipla;Reta;Sim;4;0;1;1;2;2;0;3;-27,62982;-48,6586;SPRF-SC;DEL01/SC;UOP02-DEL01-SC
767354;25/04/2026;sábado;14:26:00;RN;304;10;MOSSORO;Reação tardia ou ineficiente do condutor;Colisão com objeto;Com Vítimas Feridas;Pleno dia;Decrescente;Sol;Simples;Reta;Não;5;0;3;2;5;0;0;1;-4,963248;-37,394523;SPRF-RN;DEL04-RN;UOP02-DEL04-RN
767355;25/04/2026;sábado;13:30:00;SP;381;90;GUARULHOS;Ausência de reação do condutor;Tombamento;Com Vítimas Feridas;Pleno dia;Decrescente;Céu Claro;Dupla;Reta;Sim;1;0;1;0;1;0;0;1;-23,50211331;-46,55901525;SPRF-SP;DEL03/SP;UOP01-DEL03-SP
767356;25/04/2026;sábado;09:18:00;MT;70;306;PRIMAVERA DO LESTE;Reação tardia ou ineficiente do condutor;Saída de leito carroçável;Com Vítimas Feridas;Pleno dia;Crescente;Céu Claro;Simples;Reta;Não;2;0;1;0;1;0;0;2;-15;-54;SPRF-MT;DEL05/MT;UOP01-DEL05-MT
767357;25/04/2026;sábado;08:20:00;AC;364;124;RIO BRANCO;Frear bruscamente;Colisão traseira;Com Vítimas Feridas;Pleno dia;Decrescente;Nublado;Dupla;Reta;Sim;3;0;1;0;1;2;0;2;-10,01143493;-67,79507355;SPRF-AC;DEL01-AC;UOP01-DEL01-AC
767358;25/04/2026;sábado;11:00:00;MG;262;368;JUATUBA;Ausência de reação do condutor;Tombamento;Com Vítimas Feridas;Pleno dia;Decrescente;Céu Claro;Dupla;Reta;Não;1;0;0;1;1;0;0;1;-19,96708302;-44,33308952;SPRF-MG;DEL01/MG;UOP03-DEL01-MG
767359;25/04/2026;sábado;15:30:00;SC;101;213,5;PALHOCA;Ausência de reação do condutor;Colisão lateral mesmo sentido;Com Vítimas Feridas;Pleno dia;Decrescente;Céu Claro;Dupla;Reta;Não;3;0;1;1;2;1;0;2;-27,64027;-48,66737;SPRF-SC;DEL01/SC;UOP02-DEL01-SC
767361;25/04/2026;sábado;15:00:00;RS;290;309,1;CACHOEIRA DO SUL;Reação tardia ou ineficiente do condutor;Saída de leito carroçável;Com Vítimas Feridas;Pleno dia;Crescente;Nublado;Simples;Curva;Não;1;0;0;1;1;0;0;1;-30,33245787;-53,29320638;SPRF-RS;DEL09/RS;UOP02-DEL09-RS
767363;25/04/2026;sábado;15:30:00;MG;40;633,1;CONSELHEIRO LAFAIETE;Desrespeitar a preferência no cruzamento;Colisão transversal;Com Vítimas Feridas;Pleno dia;Decrescente;Sol;Dupla;Interseção de Vias;Sim;5;0;5;0;5;0;0;2;-20,67718624;-43,79451527;SPRF-MG;DEL05/MG;UOP02-DEL05-MG
767364;25/04/2026;sábado;14:40:00;SP;116;77;ROSEIRA;Demais falhas mecânicas ou elétricas;Tombamento;Com Vítimas Feridas;Pleno dia;Crescente;Sol;Dupla;Reta;Não;2;0;2;0;2;0;0;1;-22,89042612;-45,28915554;SPRF-SP;DEL08/SP;UOP01-DEL08-SP
767365;25/04/2026;sábado;15:30:00;PR;369;57;BANDEIRANTES;Condutor desrespeitou a iluminação vermelha do semáforo;Colisão transversal;Com Vítimas Feridas;Pleno dia;Crescente;Céu Claro;Simples;"Declive;Interseção de Vias;Reta";Sim;2;0;1;0;1;1;0;2;-23,1097659;-50,37092728;SPRF-PR;DEL07/PR;UOP05-DEL07-PR
767367;25/04/2026;sábado;15:40:00;SC;282;38,1;AGUAS MORNAS;Condutor deixou de manter distância do veículo da frente;Colisão traseira;Com Vítimas Feridas;Pleno dia;Crescente;Céu Claro;Simples;"Aclive;Reta";Não;2;0;1;0;1;1;0;2;-27,70984;-48,85372;SPRF-SC;DEL01/SC;UOP03-DEL01-SC
767369;25/04/2026;sábado;16:20:00;GO;40;3;VALPARAISO DE GOIAS;Condutor deixou de manter distância do veículo da frente;Colisão traseira;Com Vítimas Feridas;Pleno dia;Decrescente;Céu Claro;Dupla;Reta;Sim;4;0;2;0;2;2;0;2;-16,07827;-47,98589;SPRF-DF;DEL01-DF;UOP01-DEL01-DF
767372;25/04/2026;sábado;16:00:00;PR;376;592;CURITIBA;Acostamento em desnível;Tombamento;Com Vítimas Feridas;Pleno dia;Crescente;Nublado;Dupla;"Aclive;Reta";Não;1;0;1;0;1;0;0;1;-25,43268;-49,36947;SPRF-PR;DEL01/PR;UOP06-DEL01-PR