id;data_inversa;dia_semana;horario;uf;br;km;municipio;causa_acidente;tipo_acidente;classificacao_acidente;fase_dia;sentido_via;condicao_metereologica;tipo_pista;tracado_via;uso_solo;pessoas;mortos;feridos_leves;feridos_graves;feridos;ilesos;ignorados;veiculos;latitude;longitude;regional;delegacia;uop
767839;27/04/2026;segunda-feira;14:00:00;BA;242;275;BOA VISTA DO TUPIM;Pista esburacada;Queda de ocupante de veículo;Com Vítimas Feridas;Pleno dia;Crescente;Sol;Simples;Reta;Não;1;0;0;1;1;0;0;1;-12,45333933;-40,65559387;SPRF-BA;DEL06/BA;UOP02-DEL06-BA
767846;27/04/2026;segunda-feira;18:25:00;SC;101;203;SAO JOSE;Condutor deixou de manter distância do veículo da frente;Colisão traseira;Com Vítimas Feridas;Plena Noite;Crescente;Nublado;Múltipla;"Aclive;Reta";Não;2;0;0;1;1;1;0;2;-27,56447685;-48,61469507;SPRF-SC;DEL01/SC;UOP01-DEL01-SC
767850;27/04/2026;segunda-feira;18:20:00;DF;20;22;BRASILIA;Acessar a via sem observar a presença dos outros veículos;Colisão traseira;Com Vítimas Feridas;Anoitecer;Decrescente;Céu Claro;Dupla;"Reta;Em Obras";Sim;3;0;1;0;1;2;0;2;-15,597705;-47,675078;SPRF-DF;DEL02-DF;UOP01-DEL02-DF
767852;27/04/2026;segunda-feira;18:15:00;MG;381;484;BETIM;Reação tardia ou ineficiente do condutor;Engavetamento;Com Vítimas Feridas;Plena Noite;Crescente;Céu Claro;Dupla;Reta;Sim;5;0;1;0;1;4;0;3;-19,95927;-44,08885;SPRF-MG;DEL01/MG;UOP03-DEL01-MG
767853;27/04/2026;segunda-feira;18:15:00;GO;40;4,2;VALPARAISO DE GOIAS;Condutor deixou de manter distância do veículo da frente;Engavetamento;Com Vítimas Feridas;Anoitecer;Decrescente;Céu Claro;Dupla;Reta;Sim;4;0;1;0;1;3;0;4;-16,088683;-47,984852;SPRF-DF;DEL01-DF;UOP01-DEL01-DF
767855;27/04/2026;segunda-feira;18:30:00;MG;40;684;RESSAQUINHA;Demais falhas mecânicas ou elétricas;Incêndio;Com Vítimas Feridas;Plena Noite;Decrescente;Céu Claro;Simples;Reta;Sim;1;0;1;0;1;0;0;1;-21,06425946;-43,7643081;SPRF-MG;DEL05/MG;UOP02-DEL05-MG
767856;27/04/2026;segunda-feira;19:00:00;DF;20;25,4;BRASILIA;Demais falhas mecânicas ou elétricas;Saída de leito carroçável;Sem Vítimas;Plena Noite;Crescente;Céu Claro;Dupla;Curva;Não;2;0;0;0;0;2;0;1;-15,5958925;-47,6522652;SPRF-DF;DEL02-DF;UOP01-DEL02-DF
767857;27/04/2026;segunda-feira;18:00:00;BA;110;168;RIBEIRA DO POMBAL;Manobra de mudança de faixa;Colisão lateral sentido oposto;Com Vítimas Feridas;Anoitecer;Crescente;Céu Claro;Simples;Reta;Não;3;0;0;1;1;1;0;3;-10,782513;-38,51788;SPRF-BA;DEL07/BA;UOP02-DEL07-BA
767859;27/04/2026;segunda-feira;19:05:00;PB;230;28,4;JOAO PESSOA;Avarias e/ou desgaste excessivo no pneu;Tombamento;Com Vítimas Feridas;Plena Noite;Decrescente;Céu Claro;Dupla;Viaduto;Não;2;0;1;0;1;1;0;1;-7,16563;-34,898498;SPRF-PB;DEL01-PB;UOP01-DEL01-PB
767860;27/04/2026;segunda-feira;18:45:00;PR;277;724;FOZ DO IGUACU;Ingestão de álcool pelo condutor;Colisão traseira;Com Vítimas Feridas;Plena Noite;Decrescente;Céu Claro;Dupla;Reta;Sim;2;0;1;0;1;1;0;2;-25,50108641;-54,53234455;SPRF-PR;DEL05/PR;UOP03-DEL05-PR
767861;27/04/2026;segunda-feira;18:20:00;BA;116;836,5;VITORIA DA CONQUISTA;Frear bruscamente;Colisão traseira;Com Vítimas Feridas;Plena Noite;Decrescente;Céu Claro;Simples;Reta;Não;4;0;2;0;2;2;0;2;-14,960325;-40,905725;SPRF-BA;DEL08/BA;UOP01-DEL08-BA
767862;27/04/2026;segunda-feira;07:00:00;RJ;101;312;SAO GONCALO;Reação tardia ou ineficiente do condutor;Queda de ocupante de veículo;Com Vítimas Feridas;Pleno dia;Crescente;Céu Claro;Dupla;Reta;Sim;1;0;1;0;1;0;0;1;-22,8081495;-43,06606293;SPRF-RJ;DEL02/RJ;UOP02-DEL02-RJ
767863;27/04/2026;segunda-feira;18:50:00;RS;290;184,2;MINAS DO LEAO;Ultrapassagem Indevida;Colisão frontal;Com Vítimas Feridas;Plena Noite;Decrescente;Céu Claro;Simples;Reta;Não;2;0;0;1;1;1;0;2;-30,14489437;-52,04916414;SPRF-RS;DEL02/RS;UOP03-DEL02-RS
767864;27/04/2026;segunda-feira;19:15:00;SC;470;144;RIO DO SUL;Transitar no Acostamento;Colisão transversal;Com Vítimas Feridas;Plena Noite;Crescente;Ignorado;Simples;Reta;Sim;2;0;1;0;1;1;0;2;-27,219983;-49,658739;SPRF-SC;DEL04/SC;UOP02-DEL04-SC
767865;27/04/2026;segunda-feira;18:25:00;SC;101;296;IMBITUBA;Acesso irregular;Colisão frontal;Com Vítimas Feridas;Pleno dia;Decrescente;Céu Claro;Dupla;Reta;Não;2;0;1;0;1;1;0;2;-28,328741;-48,731972;SPRF-SC;DEL02/SC;UOP03-DEL02-SC
767869;27/04/2026;segunda-feira;18:30:00;SC;282;383,4;JOACABA;Reação tardia ou ineficiente do condutor;Colisão lateral mesmo sentido;Com Vítimas Feridas;Plena Noite;Decrescente;Céu Claro;Simples;Interseção de Vias;Sim;2;0;1;0;1;1;0;2;-27,2035;-51,5103;SPRF-SC;DEL07/SC;UOP05-DEL07-SC
767871;27/04/2026;segunda-feira;15:00:00;RS;116;189;PICADA CAFE;Reação tardia ou ineficiente do condutor;Tombamento;Com Vítimas Feridas;Pleno dia;Crescente;Céu Claro;Simples;Curva;Não;1;0;1;0;1;0;0;1;-29,44959926;-51,13787591;SPRF-RS;DEL05/RS;UOP02-DEL05-RS
767872;27/04/2026;segunda-feira;16:30:00;RJ;116;319,3;ITATIAIA;Avarias e/ou desgaste excessivo no pneu;Saída de leito carroçável;Com Vítimas Feridas;Pleno dia;Crescente;Céu Claro;Dupla;Curva;Sim;2;0;1;0;1;1;0;1;-22,472667;-44,52195;SPRF-RJ;DEL07/RJ;UOP02-DEL07-RJ
767874;27/04/2026;segunda-feira;19:20:00;RJ;40;116;DUQUE DE CAXIAS;Manobra de mudança de faixa;Colisão traseira;Com Vítimas Feridas;Plena Noite;Decrescente;Nublado;Dupla;Reta;Sim;3;0;1;0;1;2;0;2;-22,73722028;-43,28861117;SPRF-RJ;DEL01/RJ;UOP02-DEL01-RJ
767876;27/04/2026;segunda-feira;20:15:00;PR;277;120,6;CAMPO LARGO;Ultrapassagem Indevida;Saída de leito carroçável;Com Vítimas Feridas;Plena Noite;Crescente;Nublado;Dupla;Reta;Sim;2;0;2;0;2;0;0;1;-25,4465492;-49,48874116;SPRF-PR;DEL01/PR;UOP07-DEL01-PR
767878;27/04/2026;segunda-feira;19:20:00;MA;316;281,8;BELA VISTA DO MARANHAO;Pista esburacada;Colisão traseira;Com Vítimas Fatais;Plena Noite;Crescente;Céu Claro;Simples;Reta;Não;4;1;0;0;0;1;0;3;-3,75546914;-45,22712946;SPRF-MA;DEL02-MA;UOP01-DEL02-MA
767884;27/04/2026;segunda-feira;13:33:00;MT;70;3;BARRA DO GARCAS;Condutor deixou de manter distância do veículo da frente;Colisão traseira;Com Vítimas Feridas;Pleno dia;Crescente;Sol;Simples;"Aclive;Reta";Sim;3;0;1;0;1;2;0;2;-15,8724383;-52,3856183;SPRF-MT;DEL07/MT;UOP01-DEL07-MT
767885;27/04/2026;segunda-feira;22:20:00;RS;470;217;BENTO GONCALVES;Acessar a via sem observar a presença dos outros veículos;Colisão transversal;Com Vítimas Feridas;Plena Noite;Decrescente;Céu Claro;Simples;"Retorno Regulamentado;Rotatória;Interseção de Vias;Curva";Sim;3;0;1;0;1;2;0;2;-29,17479111;-51,52344195;SPRF-RS;DEL06/RS;UOP01-DEL06-RS
767886;27/04/2026;segunda-feira;22:15:00;RS;116;262;CANOAS;Condutor desrespeitou a iluminação vermelha do semáforo;Colisão transversal;Com Vítimas Feridas;Plena Noite;Decrescente;Céu Claro;Dupla;"Interseção de Vias;Em Obras";Sim;3;0;1;0;1;2;0;2;-29,9039502;-51,17646445;SPRF-RS;DEL01/RS;UOP01-DEL01-RS
767887;27/04/2026;segunda-feira;18:30:00;RJ;393;296;BARRA MANSA;Transitar na contramão;Colisão frontal;Com Vítimas Feridas;Anoitecer;Decrescente;Céu Claro;Simples;Reta;Sim;3;0;1;0;1;2;0;2;-22,56598;-44,25463;SPRF-RJ;DEL07/RJ;UOP02-DEL07-RJ
767889;27/04/2026;segunda-feira;18:00:00;AC;364;275;SENA MADUREIRA;Transitar na contramão;Colisão frontal;Com Vítimas Feridas;Plena Noite;Decrescente;Céu Claro;Simples;Reta;Não;3;0;0;1;1;2;0;2;-9,076157;-68,688821;SPRF-AC;DEL01-AC;UOP01-DEL01-AC
767890;27/04/2026;segunda-feira;21:30:00;RS;116;191;PICADA CAFE;Reação tardia ou ineficiente do condutor;Tombamento;Com Vítimas Feridas;Plena Noite;Crescente;Céu Claro;Simples;Curva;Não;1;0;0;1;1;0;0;1;-29,44900133;-51,13821924;SPRF-RS;DEL05/RS;UOP02-DEL05-RS
767891;27/04/2026;segunda-feira;21:58:00;SE;101;97,2;SAO CRISTOVAO;Ingestão de álcool pelo condutor;Colisão traseira;Sem Vítimas;Plena Noite;Decrescente;Céu Claro;Dupla;Reta;Não;4;0;0;0;0;2;0;2;-10,92259;-37,17413;SPRF-SE;DEL02-SE;UOP01-DEL02-SE
767892;27/04/2026;segunda-feira;18:00:00;RO;364;423;JARU;Ausência de reação do condutor;Saída de leito carroçável;Com Vítimas Feridas;Plena Noite;Crescente;Chuva;Dupla;Reta;Sim;1;0;0;1;1;0;0;1;-10,449;-62,46297;SPRF-RO;DEL03-RO;UOP02-DEL03-RO
767893;27/04/2026;segunda-feira;23:57:00;PB;230;20;JOAO PESSOA;Avarias e/ou desgaste excessivo no pneu;Tombamento;Com Vítimas Feridas;Plena Noite;Decrescente;Chuva;Dupla;Reta;Sim;1;0;1;0;1;0;0;1;-7,139112;-34,852577;SPRF-PB;DEL01-PB;UOP01-DEL01-PB
767895;27/04/2026;segunda-feira;22:45:00;PR;369;97;CORNELIO PROCOPIO;Condutor Dormindo;Saída de leito carroçável;Com Vítimas Feridas;Plena Noite;Crescente;Céu Claro;Dupla;Reta;Não;1;0;0;1;1;0;0;1;-23,23567213;-50,68555204;SPRF-PR;DEL07/PR;UOP05-DEL07-PR
767904;28/04/2026;terça-feira;01:45:00;SC;101;79,8;ARAQUARI;Reação tardia ou ineficiente do condutor;Saída de leito carroçável;Com Vítimas Feridas;Plena Noite;Decrescente;Garoa/Chuvisco;Dupla;Reta;Não;1;0;1;0;1;0;0;1;-26,59525199;-48,72236671;SPRF-SC;DEL03/SC;UOP02-DEL03-SC
767906;28/04/2026;terça-feira;02:30:00;AL;101;246;PORTO REAL DO COLEGIO;Iluminação deficiente;Atropelamento de Animal;Com Vítimas Feridas;Plena Noite;Decrescente;Chuva;Dupla;Reta;Não;1;0;1;0;1;0;0;1;-10,189;-36,8268;SPRF-AL;DEL02-AL;UOP02-DEL02-AL
767907;28/04/2026;terça-feira;00:50:00;RJ;116;136;MAGE;Reação tardia ou ineficiente do condutor;Saída de leito carroçável;Com Vítimas Feridas;Plena Noite;Crescente;Chuva;Simples;Rotatória;Não;1;0;1;0;1;0;0;1;-22,64862307;-43,17464137;SPRF-RJ;DEL04/RJ;UOP02-DEL04-RJ
767908;28/04/2026;terça-feira;04:18:00;TO;153;502,7;PARAISO DO TOCANTINS;Chuva;Queda de ocupante de veículo;Com Vítimas Feridas;Plena Noite;Crescente;Chuva;Simples;Reta;Não;1;0;1;0;1;0;0;1;-10,222897;-48,875643;SPRF-TO;DEL01-TO;UOP01-DEL01-TO
767910;28/04/2026;terça-feira;03:45:00;PB;230;19,6;JOAO PESSOA;Acumulo de água sobre o pavimento;Saída de leito carroçável;Sem Vítimas;Plena Noite;Crescente;Chuva;Dupla;"Aclive;Curva";Sim;1;0;0;0;0;1;0;1;-7,170902;-34,868662;SPRF-PB;DEL01-PB;UOP01-DEL01-PB
767913;28/04/2026;terça-feira;05:00:00;SC;101;40;JOINVILLE;Ausência de reação do condutor;Colisão transversal;Com Vítimas Feridas;Plena Noite;Decrescente;Nublado;Múltipla;Curva;Sim;2;0;1;0;1;1;0;2;-26,30962591;-48,87792556;SPRF-SC;DEL03/SC;UOP01-DEL03-SC
767915;28/04/2026;terça-feira;02:35:00;GO;153;264;NOVA GLORIA;Condutor deixou de manter distância do veículo da frente;Colisão traseira;Com Vítimas Fatais;Plena Noite;Crescente;Céu Claro;Simples;Reta;Não;2;1;0;0;0;0;0;2;-15,03895;-49,437903;SPRF-GO;DEL07/GO;UOP02-DEL07-GO
767917;27/04/2026;segunda-feira;07:00:00;MA;402;98;HUMBERTO DE CAMPOS;Acessar a via sem observar a presença dos outros veículos;Colisão traseira;Sem Vítimas;Pleno dia;Crescente;Céu Claro;Simples;Reta;Não;2;0;0;0;0;1;0;2;-2,749471;-43,568943;SPRF-MA;DEL01-MA;UOP01-DEL01-MA
767918;28/04/2026;terça-feira;07:00:00;SP;116;200;ARUJA;Manobra de mudança de faixa;Colisão lateral mesmo sentido;Com Vítimas Feridas;Pleno dia;Crescente;Céu Claro;Múltipla;Reta;Não;2;0;1;0;1;1;0;2;-23,40264337;-46,32084846;SPRF-SP;DEL01/SP;UOP01-DEL01-SP
767920;28/04/2026;terça-feira;07:15:00;RJ;40;112;DUQUE DE CAXIAS;Manobra de mudança de faixa;Colisão com objeto;Com Vítimas Feridas;Pleno dia;Crescente;Nublado;Múltipla;Reta;Sim;1;0;1;0;1;0;0;1;-22,70576041;-43,29023598;SPRF-RJ;DEL01/RJ;UOP02-DEL01-RJ
767921;28/04/2026;terça-feira;06:24:00;PR;277;117,1;CAMPO LARGO;Acessar a via sem observar a presença dos outros veículos;Colisão transversal;Com Vítimas Feridas;Amanhecer;Decrescente;Céu Claro;Simples;Interseção de Vias;Sim;3;0;1;0;1;2;0;2;-25,443248;-49,455244;SPRF-PR;DEL01/PR;UOP07-DEL01-PR
767922;28/04/2026;terça-feira;05:40:00;RO;364;705;PORTO VELHO;Ausência de reação do condutor;Saída de leito carroçável;Com Vítimas Feridas;Amanhecer;Crescente;Nublado;Dupla;Reta;Não;2;0;1;0;1;1;0;1;-8,80036353;-63,8178405;SPRF-RO;DEL01-RO;UOP01-DEL01-RO
767923;28/04/2026;terça-feira;08:00:00;GO;153;432;ANAPOLIS;Animais na Pista;Tombamento;Com Vítimas Feridas;Pleno dia;Crescente;Céu Claro;Dupla;Interseção de Vias;Sim;1;0;1;0;1;0;0;1;-16,28295491;-48,95702744;SPRF-GO;DEL02/GO;UOP01-DEL02-GO
767924;28/04/2026;terça-feira;07:30:00;RS;116;154;CAXIAS DO SUL;Acessar a via sem observar a presença dos outros veículos;Colisão transversal;Com Vítimas Feridas;Pleno dia;Decrescente;Céu Claro;Simples;Interseção de Vias;Não;2;0;1;0;1;1;0;2;-29,19092109;-51,18062345;SPRF-RS;DEL05/RS;UOP01-DEL05-RS
767925;02/03/2026;segunda-feira;19:45:00;RJ;393;298;BARRA MANSA;Acesso irregular;Colisão frontal;Com Vítimas Feridas;Plena Noite;Crescente;Nublado;Simples;Curva;Não;2;0;1;0;1;1;0;2;-22,56598456;-44,25463104;SPRF-RJ;DEL07/RJ;UOP02-DEL07-RJ
767927;28/04/2026;terça-feira;08:01:00;PE;104;64;CARUARU;Manobra de mudança de faixa;Colisão lateral mesmo sentido;Com Vítimas Feridas;Pleno dia;Crescente;Chuva;Dupla;"Reta;Aclive;Viaduto;Interseção de Vias";Sim;2;0;1;0;1;0;0;2;-8,275508;-35,981187;SPRF-PE;DEL02/PE;UOP01-DEL02-PE
767928;19/03/2026;quinta-feira;23:15:00;PB;101;61;SANTA RITA;Condutor Dormindo;Colisão traseira;Com Vítimas Feridas;Plena Noite;Decrescente;Céu Claro;Dupla;"Aclive;Curva";Não;3;0;2;1;3;0;0;2;-7,009263;-35,060543;SPRF-PB;DEL01-PB;UOP03-DEL01-PB
767930;28/04/2026;terça-feira;07:20:00;MG;262;436;NOVA SERRANA;Reação tardia ou ineficiente do condutor;Tombamento;Com Vítimas Feridas;Pleno dia;Crescente;Céu Claro;Dupla;Reta;Não;1;0;1;0;1;0;0;1;-19,872904;-44,963209;SPRF-MG;DEL08/MG;UOP03-DEL08-MG
767931;28/04/2026;terça-feira;07:25:00;SC;280;33,1;ARAQUARI;Acessar a via sem observar a presença dos outros veículos;Colisão transversal;Com Vítimas Feridas;Pleno dia;Decrescente;Nublado;Simples;Reta;Não;2;0;1;0;1;1;0;2;-26,42632822;-48,78835201;SPRF-SC;DEL03/SC;UOP03-DEL03-SC
767933;28/04/2026;terça-feira;07:30:00;GO;452;1;RIO VERDE;Acessar a via sem observar a presença dos outros veículos;Colisão transversal;Com Vítimas Feridas;Pleno dia;Crescente;Céu Claro;Dupla;Reta;Sim;2;0;0;1;1;1;0;2;-17,787663;-50,900047;SPRF-GO;DEL04/GO;UOP01-DEL04-GO
767935;28/04/2026;terça-feira;07:45:00;DF;70;14;BRASILIA;Manobra de mudança de faixa;Colisão traseira;Com Vítimas Feridas;Pleno dia;Decrescente;Céu Claro;Dupla;Reta;Não;2;0;1;0;1;1;0;2;-15,79849377;-48,17895262;SPRF-DF;DEL03-DF;UOP02-DEL03-DF
767936;28/04/2026;terça-feira;08:25:00;SC;101;113,3;ITAJAI;Acessar a via sem observar a presença dos outros veículos;Colisão lateral mesmo sentido;Com Vítimas Feridas;Pleno dia;Decrescente;Céu Claro;Múltipla;Reta;Não;2;0;1;0;1;1;0;2;-26,8763903;-48,7269193;SPRF-SC;DEL04/SC;UOP04-DEL04-SC
767937;28/04/2026;terça-feira;07:51:00;MT;163;836;SINOP;Retorno proibido;Colisão transversal;Com Vítimas Feridas;Pleno dia;Decrescente;Nublado;Simples;Reta;Sim;6;0;1;0;1;5;0;2;-11,84169544;-55,49013799;SPRF-MT;DEL06/MT;UOP02-DEL06-MT
767938;24/04/2026;sexta-feira;20:20:00;PR;0;0;MAUA DA SERRA;Animais na Pista;Atropelamento de Animal;Sem Vítimas;Plena Noite;Não Informado;Céu Claro;Dupla;Reta;Não;1;0;0;0;0;1;0;1;-23,88704677;-51,18047208;SPRF-PR;DEL07/PR;UOP02-DEL07-PR
767939;01/04/2026;quarta-feira;06:50:00;BA;110;365;CATU;Manobra de mudança de faixa;Atropelamento de Pedestre;Com Vítimas Fatais;Pleno dia;Crescente;Céu Claro;Simples;"Declive;Reta";Não;3;1;0;1;1;1;0;2;-12,34246853;-38,38645502;SPRF-BA;DEL01/BA;UOP04-DEL01-BA
767940;28/04/2026;terça-feira;09:13:00;TO;153;391,3;RIO DOS BOIS;Demais falhas mecânicas ou elétricas;Colisão traseira;Com Vítimas Feridas;Pleno dia;Decrescente;Céu Claro;Simples;Curva;Não;4;0;2;0;2;2;0;2;-9,335011;-48,53572;SPRF-TO;DEL02-TO;UOP02-DEL02-TO
767941;28/04/2026;terça-feira;09:20:00;PA;316;50;SANTA IZABEL DO PARA;Avarias e/ou desgaste excessivo no pneu;Tombamento;Com Vítimas Feridas;Pleno dia;Crescente;Céu Claro;Dupla;Reta;Não;3;0;2;0;2;0;0;2;-1,305971;-48,041279;SPRF-PA;DEL01/PA;UOP01-DEL01-PA
767945;28/04/2026;terça-feira;08:20:00;PE;101;69;RECIFE;Acessar a via sem observar a presença dos outros veículos;Colisão traseira;Sem Vítimas;Pleno dia;Crescente;Céu Claro;Múltipla;Reta;Sim;3;0;0;0;0;2;0;2;-8,059846;-34,946046;SPRF-PE;DEL01/PE;UOP01-DEL01-PE
767949;28/04/2026;terça-feira;08:30:00;PR;116;18;CURITIBA;Ausência de reação do condutor;Queda de ocupante de veículo;Com Vítimas Feridas;Pleno dia;Crescente;Garoa/Chuvisco;Dupla;Reta;Não;1;0;1;0;1;0;0;1;-25,38892001;-49,1961306;SPRF-PR;DEL01/PR;UOP02-DEL01-PR
767950;28/04/2026;terça-feira;07:25:00;PR;373;480;CORONEL VIVIDA;Desrespeitar a preferência no cruzamento;Colisão transversal;Com Vítimas Feridas;Pleno dia;Decrescente;Céu Claro;Simples;"Reta;Interseção de Vias";Sim;2;0;2;0;2;0;0;2;-26,00313514;-52,56558037;SPRF-PR;DEL02/PR;UOP01-DEL02-PR
767951;04/04/2026;sábado;19:10:00;RJ;493;68;NOVA IGUACU;Animais na Pista;Atropelamento de Animal;Com Vítimas Feridas;Plena Noite;Crescente;Céu Claro;Dupla;Reta;Não;7;0;1;0;1;6;0;3;-22,68208425;-43,46158898;SPRF-RJ;DEL01/RJ;UOP03-DEL01-RJ
767952;28/04/2026;terça-feira;09:50:00;SP;116;220,5;GUARULHOS;Demais falhas mecânicas ou elétricas;Incêndio;Sem Vítimas;Pleno dia;Decrescente;Céu Claro;Múltipla;Reta;Sim;1;0;0;0;0;1;0;1;-23,46515182;-46,49949888;SPRF-SP;DEL01/SP;UOP01-DEL01-SP
767953;28/04/2026;terça-feira;08:26:00;PE;232;19,5;MORENO;Reação tardia ou ineficiente do condutor;Colisão traseira;Com Vítimas Feridas;Pleno dia;Crescente;Nublado;Dupla;Reta;Não;4;0;2;0;2;2;0;2;-8,09609994;-35,06957173;SPRF-PE;DEL01/PE;UOP01-DEL01-PE
767957;28/04/2026;terça-feira;07:25:00;PB;230;152;CAMPINA GRANDE;Demais falhas mecânicas ou elétricas;Tombamento;Com Vítimas Feridas;Pleno dia;Crescente;Chuva;Dupla;"Aclive;Reta;Em Obras";Sim;1;0;0;1;1;0;0;1;-7,2703;-35,8845;SPRF-PB;DEL02-PB;UOP01-DEL02-PB
767958;28/04/2026;terça-feira;10:30:00;MG;381;495;BETIM;Avarias e/ou desgaste excessivo no pneu;Tombamento;Com Vítimas Feridas;Pleno dia;Crescente;Céu Claro;Dupla;Curva;Sim;2;0;2;0;2;0;0;1;-19,97338912;-44,18475866;SPRF-MG;DEL01/MG;UOP03-DEL01-MG
767959;12/02/2026;quinta-feira;09:00:00;PE;101;84;JABOATAO DOS GUARARAPES;Reação tardia ou ineficiente do condutor;Colisão traseira;Sem Vítimas;Pleno dia;Crescente;Garoa/Chuvisco;Simples;"Reta;Declive";Não;2;0;0;0;0;2;0;2;-8,14861;-34,945965;SPRF-PE;DEL01/PE;UOP01-DEL01-PE
767962;28/04/2026;terça-feira;10:45:00;SP;381;12;BRAGANCA PAULISTA;Manobra de mudança de faixa;Colisão lateral mesmo sentido;Com Vítimas Feridas;Pleno dia;Decrescente;Céu Claro;Dupla;"Reta;Declive";Não;2;0;1;0;1;1;0;2;-22,927932;-46,459467;SPRF-SP;DEL03/SP;UOP02-DEL03-SP
767965;28/04/2026;terça-feira;10:30:00;RS;287;249;SANTA MARIA;Transitar na contramão;Colisão frontal;Com Vítimas Feridas;Pleno dia;Crescente;Céu Claro;Simples;"Curva;Rotatória";Não;3;0;1;1;2;1;0;2;-29,69474466;-53,85890722;SPRF-RS;DEL09/RS;UOP01-DEL09-RS
767966;28/04/2026;terça-feira;11:00:00;RS;290;95,4;PORTO ALEGRE;Condutor deixou de manter distância do veículo da frente;Colisão lateral mesmo sentido;Com Vítimas Feridas;Pleno dia;Crescente;Céu Claro;Dupla;Reta;Sim;2;0;1;0;1;1;0;2;-29,98026881;-51,20121145;SPRF-RS;DEL01/RS;UOP01-DEL01-RS
767969;25/04/2026;sábado;05:00:00;SC;116;130;SANTA CECILIA;Ausência de reação do condutor;Saída de leito carroçável;Com Vítimas Feridas;Plena Noite;Crescente;Nublado;Simples;Curva;Não;4;0;4;0;4;0;0;1;-26,85418596;-50,40518157;SPRF-SC;DEL06/SC;UOP02-DEL06-SC
767971;28/04/2026;terça-feira;10:45:00;SE;101;151,7;ESTANCIA;Conversão proibida;Colisão transversal;Com Vítimas Feridas;Pleno dia;Crescente;Chuva;Simples;Reta;Sim;2;0;1;0;1;1;0;2;-11,26637;-37,44195;SPRF-SE;DEL02-SE;UOP01-DEL02-SE
767972;28/04/2026;terça-feira;09:40:00;RS;116;145,5;CAXIAS DO SUL;Condutor deixou de manter distância do veículo da frente;Colisão traseira;Com Vítimas Feridas;Pleno dia;Decrescente;Céu Claro;Dupla;Reta;Sim;2;0;0;1;1;1;0;2;-29,140007;-51,134042;SPRF-RS;DEL05/RS;UOP01-DEL05-RS
767976;28/04/2026;terça-feira;11:13:00;SC;282;505,9;XANXERE;Ausência de reação do condutor;Colisão traseira;Com Vítimas Feridas;Pleno dia;Crescente;Céu Claro;Dupla;"Em Obras;Declive;Reta";Não;3;0;2;0;2;1;0;2;-26,8859809;-52,42581367;SPRF-SC;DEL07/SC;UOP01-DEL07-SC
767981;31/03/2026;terça-feira;09:25:00;PR;0;0;ITAPEJARA DOESTE;Falta de acostamento;Saída de leito carroçável;Sem Vítimas;Pleno dia;Não Informado;Céu Claro;Simples;Reta;Não;2;0;0;0;0;2;0;1;-26,1088305;-52,7554981;SPRF-PR;DEL02/PR;UOP01-DEL02-PR
767982;28/04/2026;terça-feira;08:50:00;BA;101;716;EUNAPOLIS;Acessar a via sem observar a presença dos outros veículos;Colisão transversal;Com Vítimas Feridas;Pleno dia;Crescente;Céu Claro;Simples;"Reta;Rotatória";Sim;2;0;1;0;1;0;0;2;-16,366487;-39,582572;SPRF-BA;DEL09/BA;UOP01-DEL09-BA
767985;28/04/2026;terça-feira;12:25:00;MA;135;14;SAO LUIS;Carga excessiva e/ou mal acondicionada;Colisão com objeto;Sem Vítimas;Pleno dia;Crescente;Nublado;Dupla;Reta;Sim;2;0;0;0;0;2;0;2;-2,68824209;-44,29984566;SPRF-MA;DEL01-MA;UOP01-DEL01-MA
767986;28/04/2026;terça-feira;13:00:00;ES;259;25;COLATINA;Ausência de reação do condutor;Saída de leito carroçável;Com Vítimas Feridas;Pleno dia;Decrescente;Sol;Simples;Reta;Não;1;0;0;1;1;0;0;1;-19,618617;-40,483217;SPRF-ES;DEL02-ES;UOP01-DEL02-ES
767987;28/04/2026;terça-feira;13:20:00;PR;376;188;MARIALVA;Acessar a via sem observar a presença dos outros veículos;Colisão transversal;Com Vítimas Feridas;Pleno dia;Crescente;Céu Claro;Dupla;"Retorno Regulamentado;Interseção de Vias;Reta";Sim;1;0;1;0;1;0;0;1;-23,45828;-51,842043;SPRF-PR;DEL09/PR;UOP01-DEL09-PR
767989;28/04/2026;terça-feira;13:20:00;RS;116;38,7;VACARIA;Acessar a via sem observar a presença dos outros veículos;Colisão transversal;Sem Vítimas;Pleno dia;Decrescente;Céu Claro;Simples;"Reta;Interseção de Vias";Sim;3;0;0;0;0;3;0;3;-28,510498;-50,930902;SPRF-RS;DEL05/RS;UOP03-DEL05-RS
767990;28/04/2026;terça-feira;08:50:00;PI;316;314,5;PICOS;Ingestão de álcool pelo condutor;Colisão traseira;Sem Vítimas;Pleno dia;Decrescente;Céu Claro;Múltipla;Reta;Sim;3;0;0;0;0;3;0;2;-7,07852373;-41,43695354;SPRF-PI;DEL04-PI;UOP01-DEL04-PI
767991;28/04/2026;terça-feira;12:30:00;RJ;101;485;ANGRA DOS REIS;Reação tardia ou ineficiente do condutor;Engavetamento;Com Vítimas Feridas;Pleno dia;Crescente;Nublado;Simples;"Reta;Declive";Sim;3;0;1;0;1;2;0;3;-22,99632331;-44,3013382;SPRF-RJ;DEL03/RJ;UOP03-DEL03-RJ