id;data_inversa;dia_semana;horario;uf;br;km;municipio;causa_acidente;tipo_acidente;classificacao_acidente;fase_dia;sentido_via;condicao_metereologica;tipo_pista;tracado_via;uso_solo;pessoas;mortos;feridos_leves;feridos_graves;feridos;ilesos;ignorados;veiculos;latitude;longitude;regional;delegacia;uop
767992;28/04/2026;terça-feira;13:35:00;CE;116;19,3;EUSEBIO;Demais falhas mecânicas ou elétricas;Incêndio;Sem Vítimas;Pleno dia;Decrescente;Sol;Dupla;"Retorno Regulamentado;Reta";Sim;2;0;0;0;0;2;0;1;-3,91805405;-38,50673318;SPRF-CE;DEL01/CE;UOP02-DEL01-CE
767994;28/04/2026;terça-feira;07:50:00;PR;277;12,9;FOZ DO IGUACU;Desrespeitar a preferência no cruzamento;Colisão transversal;Com Vítimas Fatais;Pleno dia;Decrescente;Céu Claro;Simples;Reta;Não;3;1;0;0;0;1;0;3;-25,586214;-54,572281;SPRF-PR;DEL05/PR;UOP04-DEL05-PR
767995;28/04/2026;terça-feira;14:00:00;SC;101;77,3;ARAQUARI;Reação tardia ou ineficiente do condutor;Capotamento;Com Vítimas Feridas;Pleno dia;Decrescente;Nublado;Dupla;Curva;Não;1;0;1;0;1;0;0;1;-26,55728418;-48,72076035;SPRF-SC;DEL03/SC;UOP02-DEL03-SC
767997;28/04/2026;terça-feira;13:25:00;SP;116;221;GUARULHOS;Reação tardia ou ineficiente do condutor;Tombamento;Com Vítimas Feridas;Pleno dia;Decrescente;Chuva;Múltipla;Reta;Sim;2;0;1;0;1;0;0;2;-23,46877189;-46,50999634;SPRF-SP;DEL01/SP;UOP01-DEL01-SP
767999;16/04/2026;quinta-feira;11:40:00;PR;277;587,1;CASCAVEL;Ausência de reação do condutor;Colisão traseira;Com Vítimas Feridas;Pleno dia;Decrescente;Céu Claro;Simples;"Aclive;Reta";Sim;5;0;1;0;1;4;0;5;-24,96380383;-53,41354602;SPRF-PR;DEL04/PR;UOP01-DEL04-PR
768000;28/04/2026;terça-feira;09:00:00;BA;101;235;CONCEICAO DO ALMEIDA;Condutor Dormindo;Saída de leito carroçável;Com Vítimas Feridas;Pleno dia;Crescente;Céu Claro;Simples;"Aclive;Reta";Não;1;0;1;0;1;0;0;1;-12,75961282;-39,18269634;SPRF-BA;DEL11/BA;UOP01-DEL11-BA
768002;28/04/2026;terça-feira;14:20:00;SC;101;215,1;PALHOCA;Reação tardia ou ineficiente do condutor;Colisão traseira;Com Vítimas Feridas;Pleno dia;Crescente;Céu Claro;Dupla;Reta;Sim;2;0;1;0;1;1;0;2;-27,65304046;-48,67722122;SPRF-SC;DEL01/SC;UOP02-DEL01-SC
768003;28/04/2026;terça-feira;14:20:00;SC;101;210,4;SAO JOSE;Reação tardia ou ineficiente do condutor;Colisão traseira;Com Vítimas Feridas;Pleno dia;Decrescente;Céu Claro;Dupla;Reta;Sim;2;0;1;0;1;1;0;2;-27,61948338;-48,64805873;SPRF-SC;DEL01/SC;UOP01-DEL01-SC
768004;28/04/2026;terça-feira;13:30:00;SC;101;330;TUBARAO;Reação tardia ou ineficiente do condutor;Colisão traseira;Com Vítimas Feridas;Pleno dia;Decrescente;Céu Claro;Múltipla;"Reta;Em Obras";Sim;2;0;0;1;1;1;0;2;-28,4573857;-48,984852;SPRF-SC;DEL02/SC;UOP01-DEL02-SC
768005;08/03/2026;domingo;04:20:00;PR;277;603;CASCAVEL;Reação tardia ou ineficiente do condutor;Colisão traseira;Com Vítimas Feridas;Amanhecer;Decrescente;Ignorado;Dupla;Reta;Não;2;0;1;0;1;0;0;2;-25,02055364;-53,54614589;SPRF-PR;DEL05/PR;UOP02-DEL05-PR
768009;28/04/2026;terça-feira;13:10:00;SC;280;235,5;CANOINHAS;Ausência de reação do condutor;Colisão lateral mesmo sentido;Com Vítimas Feridas;Pleno dia;Crescente;Sol;Simples;"Reta;Rotatória;Interseção de Vias";Sim;2;0;1;0;1;1;0;2;-26,19251278;-50,41680543;SPRF-SC;DEL06/SC;UOP04-DEL06-SC
768015;28/04/2026;terça-feira;15:30:00;RJ;116;78;TERESOPOLIS;Reação tardia ou ineficiente do condutor;Colisão lateral mesmo sentido;Com Vítimas Feridas;Pleno dia;Decrescente;Céu Claro;Simples;Reta;Sim;2;0;0;1;1;1;0;2;-22,39455196;-42,95280632;SPRF-RJ;DEL04/RJ;UOP01-DEL04-RJ
768016;07/02/2026;sábado;20:39:00;ES;101;18;CONCEICAO DA BARRA;Ingestão de álcool pelo condutor;Colisão frontal;Com Vítimas Feridas;Plena Noite;Crescente;Céu Claro;Simples;Curva;Não;3;0;0;2;2;1;0;2;-18,31328333;-39,95307667;SPRF-ES;DEL04-ES;UOP02-DEL04-ES
768018;28/04/2026;terça-feira;15:25:00;SC;470;174,9;POUSO REDONDO;Desrespeitar a preferência no cruzamento;Colisão transversal;Com Vítimas Feridas;Pleno dia;Crescente;Nublado;Simples;"Reta;Interseção de Vias";Sim;2;0;1;0;1;1;0;2;-27,256025;-49,93935;SPRF-SC;DEL04/SC;UOP02-DEL04-SC
768023;28/04/2026;terça-feira;11:50:00;MT;174;398,9;CONQUISTA DOESTE;Acesso irregular;Colisão transversal;Sem Vítimas;Pleno dia;Decrescente;Céu Claro;Simples;Reta;Não;3;0;0;0;0;3;0;3;-14,502405;-59,56733;SPRF-MT;DEL04/MT;UOP02-DEL04-MT
768025;28/04/2026;terça-feira;16:30:00;MG;40;551;NOVA LIMA;Ausência de reação do condutor;Colisão traseira;Com Vítimas Feridas;Pleno dia;Decrescente;Céu Claro;Múltipla;Reta;Sim;2;0;1;0;1;1;0;2;-20,0620005;-43,9779582;SPRF-MG;DEL01/MG;UOP02-DEL01-MG
768026;28/04/2026;terça-feira;13:53:00;MT;364;435;VARZEA GRANDE;Conversão proibida;Colisão transversal;Com Vítimas Feridas;Pleno dia;Decrescente;Céu Claro;Dupla;Reta;Sim;2;0;1;1;2;0;0;2;-15,64556604;-56,19873181;SPRF-MT;DEL01/MT;UOP02-DEL01-MT
768027;28/04/2026;terça-feira;16:45:00;RJ;116;171;SAO JOAO DE MERITI;Manobra de mudança de faixa;Colisão lateral mesmo sentido;Com Vítimas Feridas;Pleno dia;Crescente;Céu Claro;Dupla;Reta;Não;2;0;1;0;1;0;0;2;-22,80256776;-43,34886298;SPRF-RJ;DEL06/RJ;UOP01-DEL06-RJ
768030;28/04/2026;terça-feira;15:58:00;MG;459;72;SENADOR JOSE BENTO;Acumulo de água sobre o pavimento;Colisão com objeto;Com Vítimas Feridas;Pleno dia;Crescente;Chuva;Simples;"Curva;Declive";Não;2;0;1;0;1;0;0;2;-22,133897;-46,162878;SPRF-MG;DEL09/MG;UOP01-DEL09-MG
768031;28/04/2026;terça-feira;15:45:00;PR;376;299;MAUA DA SERRA;Ausência de reação do condutor;Saída de leito carroçável;Sem Vítimas;Pleno dia;Decrescente;Chuva;Dupla;"Curva;Aclive";Não;1;0;0;0;0;1;0;1;-23,94126632;-51,12143246;SPRF-PR;DEL07/PR;UOP02-DEL07-PR
768032;28/04/2026;terça-feira;15:00:00;SP;116;499;CAJATI;Reação tardia ou ineficiente do condutor;Saída de leito carroçável;Com Vítimas Feridas;Pleno dia;Crescente;Chuva;Múltipla;Curva;Não;2;0;2;0;2;0;0;1;-24,783645;-48,182688;SPRF-SP;DEL05/SP;UOP02-DEL05-SP
768034;28/04/2026;terça-feira;15:40:00;PI;316;316,7;PICOS;Acessar a via sem observar a presença dos outros veículos;Colisão transversal;Com Vítimas Feridas;Pleno dia;Crescente;Céu Claro;Simples;Reta;Sim;3;0;0;2;2;1;0;2;-7,082535;-41,417207;SPRF-PI;DEL04-PI;UOP01-DEL04-PI
768035;28/04/2026;terça-feira;07:55:00;SC;280;28,6;ARAQUARI;Trafegar com motocicleta (ou similar) entre as faixas;Colisão transversal;Com Vítimas Feridas;Pleno dia;Crescente;Céu Claro;Simples;Reta;Sim;3;0;0;2;2;1;0;2;-26,40825897;-48,74998419;SPRF-SC;DEL03/SC;UOP03-DEL03-SC
768036;28/04/2026;terça-feira;17:42:00;RN;226;109,9;SANTA CRUZ;Acessar a via sem observar a presença dos outros veículos;Colisão transversal;Com Vítimas Feridas;Plena Noite;Decrescente;Nublado;Simples;Reta;Sim;3;0;1;0;1;2;0;2;-6,236027;-36,011587;SPRF-RN;DEL03-RN;UOP02-DEL03-RN
768037;28/04/2026;terça-feira;17:35:00;PR;163;182,5;SANTA TEREZA DO OESTE;Reação tardia ou ineficiente do condutor;Colisão traseira;Com Vítimas Feridas;Pleno dia;Decrescente;Chuva;Dupla;Curva;Sim;1;0;1;0;1;0;0;1;-25,13462155;-53,5841775;SPRF-PR;DEL05/PR;UOP05-DEL05-PR
768038;28/04/2026;terça-feira;11:50:00;AM;230;547;HUMAITA;Pista Escorregadia;Saída de leito carroçável;Com Vítimas Fatais;Pleno dia;Crescente;Céu Claro;Simples;Reta;Não;4;1;1;1;2;0;0;2;-7,71161;-62,534698;SPRF-AM;DEL02-AM;UOP01-DEL02-AM
768039;28/04/2026;terça-feira;17:45:00;RS;116;290;ELDORADO DO SUL;Manobra de mudança de faixa;Colisão lateral mesmo sentido;Com Vítimas Feridas;Anoitecer;Decrescente;Céu Claro;Dupla;"Reta;Interseção de Vias";Não;2;0;0;1;1;1;0;2;-30,04076568;-51,32933585;SPRF-RS;DEL02/RS;UOP01-DEL02-RS
768041;28/04/2026;terça-feira;13:30:00;PR;376;430,9;TIBAGI;Ausência de reação do condutor;Saída de leito carroçável;Com Vítimas Feridas;Pleno dia;Crescente;Chuva;Dupla;"Aclive;Curva";Não;2;0;1;0;1;1;0;1;-24,788798;-50,5058;SPRF-PR;DEL03/PR;UOP02-DEL03-PR
768044;28/04/2026;terça-feira;18:29:00;CE;116;16;ITAITINGA;Ausência de reação do condutor;Colisão traseira;Com Vítimas Feridas;Plena Noite;Decrescente;Céu Claro;Dupla;Reta;Não;3;0;2;0;2;1;0;3;-3,8944058;-38,5033264;SPRF-CE;DEL01/CE;UOP02-DEL01-CE
768046;28/04/2026;terça-feira;18:40:00;SC;101;132;BALNEARIO CAMBORIU;Ausência de reação do condutor;Colisão traseira;Com Vítimas Feridas;Anoitecer;Crescente;Céu Claro;Dupla;Curva;Sim;3;0;1;0;1;2;0;2;-26,9969979;-48,652111;SPRF-SC;DEL04/SC;UOP03-DEL04-SC
768047;28/04/2026;terça-feira;16:00:00;BA;415;30;ILHEUS;Condutor deixou de manter distância do veículo da frente;Colisão traseira;Sem Vítimas;Pleno dia;Decrescente;Céu Claro;Simples;Reta;Não;2;0;0;0;0;2;0;2;-14,78568;-39,22615;SPRF-BA;DEL05/BA;UOP01-DEL05-BA
768049;28/04/2026;terça-feira;18:01:00;SC;101;126;ITAJAI;Trafegar com motocicleta (ou similar) entre as faixas;Colisão traseira;Com Vítimas Feridas;Anoitecer;Crescente;Nublado;Dupla;Curva;Não;2;0;1;0;1;1;0;2;-26,95554;-48,67982;SPRF-SC;DEL04/SC;UOP04-DEL04-SC
768050;28/04/2026;terça-feira;18:45:00;MG;381;867,6;POUSO ALEGRE;Condutor deixou de manter distância do veículo da frente;Engavetamento;Com Vítimas Feridas;Plena Noite;Crescente;Chuva;Dupla;Reta;Não;6;0;2;0;2;3;0;4;-22,374612;-45,939008;SPRF-MG;DEL16/MG;UOP01-DEL16-MG
768051;28/04/2026;terça-feira;19:09:00;RN;110;99,5;UPANEMA;Acessar a via sem observar a presença dos outros veículos;Colisão transversal;Com Vítimas Feridas;Plena Noite;Crescente;Céu Claro;Simples;Reta;Sim;2;0;0;1;1;1;0;2;-5,643276;-37,259197;SPRF-RN;DEL04-RN;UOP01-DEL04-RN
768054;15/03/2026;domingo;21:35:00;PB;101;87;JOAO PESSOA;Acesso irregular;Colisão transversal;Com Vítimas Feridas;Plena Noite;Decrescente;Céu Claro;Dupla;Reta;Sim;3;0;1;1;2;1;0;2;-7,158755;-34,9063054;SPRF-PB;DEL01-PB;UOP01-DEL01-PB
768055;28/04/2026;terça-feira;20:05:00;TO;153;135;ARAGUAINA;Ausência de reação do condutor;Tombamento;Com Vítimas Feridas;Plena Noite;Crescente;Céu Claro;Simples;Reta;Sim;1;0;0;1;1;0;0;1;-7,1363466;-48,2012982;SPRF-TO;DEL02-TO;UOP01-DEL02-TO
768056;28/04/2026;terça-feira;19:20:00;PB;104;136;QUEIMADAS;Reação tardia ou ineficiente do condutor;Tombamento;Com Vítimas Feridas;Plena Noite;Decrescente;Chuva;Simples;Reta;Sim;1;0;1;0;1;0;0;1;-7,334346;-35,89803;SPRF-PB;DEL02-PB;UOP03-DEL02-PB
768057;22/03/2026;domingo;00:30:00;RJ;465;17;SEROPEDICA;Reação tardia ou ineficiente do condutor;Colisão traseira;Com Vítimas Feridas;Plena Noite;Crescente;Céu Claro;Simples;Reta;Sim;2;0;0;1;1;1;0;2;-22,75635075;-43,6909348;SPRF-RJ;DEL06/RJ;UOP02-DEL06-RJ
768060;28/04/2026;terça-feira;19:30:00;AL;316;79;SANTANA DO IPANEMA;Ingestão de álcool pelo condutor;Colisão frontal;Sem Vítimas;Plena Noite;Crescente;Nublado;Simples;"Aclive;Reta";Não;4;0;0;0;0;3;0;2;-9,3417882;-37,2810257;SPRF-AL;DEL03-AL;UOP02-DEL03-AL
768061;28/04/2026;terça-feira;14:50:00;MG;50;109,6;UBERABA;Condutor Dormindo;Saída de leito carroçável;Com Vítimas Feridas;Pleno dia;Decrescente;Céu Claro;Dupla;Reta;Não;2;0;1;0;1;1;0;1;-19,23392;-48,14132;SPRF-MG;DEL13/MG;UOP01-DEL13-MG
768062;28/04/2026;terça-feira;13:10:00;PR;277;600,1;CASCAVEL;Ausência de reação do condutor;Colisão traseira;Com Vítimas Feridas;Pleno dia;Crescente;Céu Claro;Simples;Reta;Não;2;0;1;0;1;1;0;2;-24,98885871;-53,50762367;SPRF-PR;DEL04/PR;UOP01-DEL04-PR
768063;28/04/2026;terça-feira;20:50:00;RS;116;247,9;SAO LEOPOLDO;Condutor deixou de manter distância do veículo da frente;Colisão traseira;Com Vítimas Feridas;Plena Noite;Decrescente;Céu Claro;Múltipla;Reta;Sim;2;0;1;0;1;1;0;2;-29,77465162;-51,15458534;SPRF-RS;DEL01/RS;UOP02-DEL01-RS
768064;24/04/2026;sexta-feira;06:40:00;PB;101;117,1;CAAPORA;Demais falhas mecânicas ou elétricas;Colisão com objeto;Sem Vítimas;Pleno dia;Decrescente;Chuva;Dupla;"Reta;Declive";Não;2;0;0;0;0;2;0;1;-7,4143945;-34,9573782;SPRF-PB;DEL01-PB;UOP01-DEL01-PB
768065;28/04/2026;terça-feira;19:20:00;BA;330;847;IPIAU;Ausência de reação do condutor;Queda de ocupante de veículo;Com Vítimas Feridas;Pleno dia;Crescente;Céu Claro;Simples;Reta;Não;1;0;1;0;1;0;0;1;-14,16988052;-39,68437314;SPRF-BA;DEL03/BA;UOP01-DEL03-BA
768066;28/04/2026;terça-feira;20:40:00;BA;418;83;NOVA VICOSA;Objeto estático sobre o leito carroçável;Colisão com objeto;Com Vítimas Feridas;Plena Noite;Decrescente;Nublado;Simples;Curva;Não;1;0;1;0;1;0;0;1;-17,89429;-39,80882;SPRF-BA;DEL09/BA;UOP02-DEL09-BA
768067;28/04/2026;terça-feira;20:35:00;BA;101;262;SANTO ANTONIO DE JESUS;Transitar na contramão;Colisão transversal;Com Vítimas Feridas;Plena Noite;Crescente;Céu Claro;Simples;Declive;Sim;3;0;2;1;3;0;0;2;-12,9756776;-39,2759768;SPRF-BA;DEL11/BA;UOP01-DEL11-BA
768068;28/04/2026;terça-feira;18:15:00;PI;316;309;PICOS;Ausência de reação do condutor;Colisão traseira;Com Vítimas Feridas;Plena Noite;Decrescente;Céu Claro;Simples;Declive;Sim;3;0;1;0;1;2;0;2;-7,077695;-41,48226;SPRF-PI;DEL04-PI;UOP01-DEL04-PI
768069;28/04/2026;terça-feira;20:20:00;PR;369;393,1;JURANDA;Transitar na contramão;Colisão lateral sentido oposto;Com Vítimas Feridas;Plena Noite;Decrescente;Céu Claro;Simples;Reta;Não;2;0;1;0;1;1;0;2;-24,41354689;-52,82011986;SPRF-PR;DEL04/PR;UOP03-DEL04-PR
768070;28/04/2026;terça-feira;19:30:00;GO;50;181,4;CAMPO ALEGRE DE GOIAS;Animais na Pista;Atropelamento de Animal;Com Vítimas Feridas;Plena Noite;Crescente;Céu Claro;Dupla;Reta;Não;2;0;1;1;2;0;0;1;-17,419198;-47,795447;SPRF-GO;DEL06/GO;UOP01-DEL06-GO
768072;28/04/2026;terça-feira;19:00:00;SC;280;25,5;ARAQUARI;Manobra de mudança de faixa;Colisão lateral mesmo sentido;Com Vítimas Feridas;Plena Noite;Crescente;Chuva;Simples;Reta;Não;2;0;1;0;1;1;0;2;-26,387077;-48,730887;SPRF-SC;DEL03/SC;UOP03-DEL03-SC
768074;28/04/2026;terça-feira;21:45:00;ES;101;289;CARIACICA;Ausência de reação do condutor;Colisão traseira;Com Vítimas Feridas;Plena Noite;Crescente;Céu Claro;Dupla;Reta;Não;3;0;2;0;2;0;0;3;-20,282782;-40,3930961;SPRF-ES;DEL01-ES;UOP01-DEL01-ES
768079;28/04/2026;terça-feira;22:00:00;PR;116;136;MANDIRITUBA;Ausência de reação do condutor;Atropelamento de Pedestre;Com Vítimas Fatais;Plena Noite;Crescente;Garoa/Chuvisco;Dupla;Reta;Não;2;1;0;1;1;0;0;2;-25,732737;-49,317725;SPRF-PR;DEL01/PR;UOP03-DEL01-PR
768080;28/04/2026;terça-feira;21:15:00;RS;116;220;DOIS IRMAOS;Reação tardia ou ineficiente do condutor;Tombamento;Com Vítimas Feridas;Plena Noite;Crescente;Céu Claro;Simples;Reta;Sim;1;0;1;0;1;0;0;1;-29,57610914;-51,09528707;SPRF-RS;DEL01/RS;UOP02-DEL01-RS
768082;28/04/2026;terça-feira;18:30:00;SC;101;105,7;PENHA;Reação tardia ou ineficiente do condutor;Colisão traseira;Com Vítimas Feridas;Plena Noite;Crescente;Ignorado;Dupla;Curva;Não;3;0;2;0;2;1;0;2;-26,80660578;-48,68041992;SPRF-SC;DEL03/SC;UOP02-DEL03-SC
768083;28/04/2026;terça-feira;20:30:00;RJ;116;191;NOVA IGUACU;Ausência de reação do condutor;Saída de leito carroçável;Com Vítimas Feridas;Plena Noite;Crescente;Céu Claro;Dupla;Reta;Sim;1;0;1;0;1;0;0;1;-22,74396175;-43,50745864;SPRF-RJ;DEL06/RJ;UOP01-DEL06-RJ
768084;28/04/2026;terça-feira;20:46:00;PI;222;124;BATALHA;Pedestre andava na pista;Atropelamento de Pedestre;Com Vítimas Feridas;Plena Noite;Crescente;Céu Claro;Simples;Reta;Sim;2;0;1;0;1;0;0;2;-4,02834;-42,06375;SPRF-PI;DEL02-PI;UOP01-DEL02-PI
768085;28/04/2026;terça-feira;16:00:00;SP;116;137;SAO JOSE DOS CAMPOS;Velocidade Incompatível;Capotamento;Com Vítimas Feridas;Pleno dia;Crescente;Céu Claro;Dupla;Reta;Não;1;0;0;1;1;0;0;1;-23,15170285;-45,78546685;SPRF-SP;DEL02/SP;UOP01-DEL02-SP
768086;28/04/2026;terça-feira;19:21:00;RO;364;689,4;CANDEIAS DO JAMARI;Reação tardia ou ineficiente do condutor;Queda de ocupante de veículo;Com Vítimas Feridas;Plena Noite;Decrescente;Céu Claro;Simples;Reta;Não;1;0;0;1;1;0;0;1;-8,794894;-63,674268;SPRF-RO;DEL01-RO;UOP01-DEL01-RO
768087;28/04/2026;terça-feira;21:00:00;PR;373;257;PRUDENTOPOLIS;Manobra de mudança de faixa;Colisão lateral mesmo sentido;Com Vítimas Feridas;Plena Noite;Decrescente;Chuva;Simples;Reta;Não;2;0;2;0;2;0;0;2;-25,19308402;-50,91855598;SPRF-PR;DEL08/PR;UOP01-DEL08-PR
768089;28/04/2026;terça-feira;18:10:00;RO;364;342;JI-PARANA;Reação tardia ou ineficiente do condutor;Colisão traseira;Com Vítimas Feridas;Plena Noite;Crescente;Céu Claro;Dupla;Reta;Sim;3;0;2;0;2;1;0;2;-10,879703;-61,943737;SPRF-RO;DEL02-RO;UOP01-DEL02-RO
768090;28/04/2026;terça-feira;18:20:00;RR;401;132;BONFIM;Demais falhas na via;Colisão frontal;Com Vítimas Fatais;Anoitecer;Decrescente;Céu Claro;Simples;Reta;Não;3;1;1;1;2;0;0;2;3,42901814;-59,9375332;SPRF-RR;DEL01-RR;UOP01-DEL01-RR
768091;28/04/2026;terça-feira;22:35:00;BA;116;420;FEIRA DE SANTANA;Ingestão de álcool pelo condutor;Colisão transversal;Sem Vítimas;Plena Noite;Crescente;Nublado;Dupla;"Reta;Viaduto;Retorno Regulamentado";Sim;2;0;0;0;0;2;0;2;-12,19863892;-38,96517599;SPRF-BA;DEL02/BA;UOP01-DEL02-BA
768093;28/04/2026;terça-feira;18:30:00;RJ;465;18;NOVA IGUACU;Acessar a via sem observar a presença dos outros veículos;Colisão transversal;Com Vítimas Feridas;Plena Noite;Decrescente;Ignorado;Simples;Reta;Sim;2;0;2;0;2;0;0;2;-22,82752496;-43,6173588;SPRF-RJ;DEL06/RJ;UOP02-DEL06-RJ
768095;28/04/2026;terça-feira;20:35:00;SC;282;503,8;XANXERE;Velocidade Incompatível;Saída de leito carroçável;Com Vítimas Fatais;Plena Noite;Decrescente;Chuva;Dupla;Curva;Sim;3;1;2;0;2;0;0;1;-26,88254446;-52,40420866;SPRF-SC;DEL07/SC;UOP01-DEL07-SC
768097;28/04/2026;terça-feira;22:18:00;PE;101;46,3;IGARASSU;Entrada inopinada do pedestre;Atropelamento de Pedestre;Com Vítimas Fatais;Plena Noite;Crescente;Céu Claro;Múltipla;Reta;Sim;2;1;0;0;0;0;0;2;-7,878215;-34,90562;SPRF-PE;DEL01/PE;UOP02-DEL01-PE
768098;28/04/2026;terça-feira;21:45:00;RS;386;437,5;NOVA SANTA RITA;Ausência de reação do condutor;Tombamento;Com Vítimas Feridas;Plena Noite;Crescente;Céu Claro;Dupla;"Reta;Retorno Regulamentado";Sim;1;0;1;0;1;0;0;1;-29,86152003;-51,25514595;SPRF-RS;DEL04/RS;UOP02-DEL04-RS
768107;29/04/2026;quarta-feira;00:00:00;MG;153;2;PLANURA;Acessar a via sem observar a presença dos outros veículos;Colisão transversal;Com Vítimas Feridas;Plena Noite;Decrescente;Céu Claro;Simples;Interseção de Vias;Não;2;0;1;0;1;1;0;2;-20,1477719;-48,68847577;SPRF-MG;DEL15/MG;UOP03-DEL15-MG
768109;28/04/2026;terça-feira;22:01:00;AC;364;133,9;RIO BRANCO;Desrespeitar a preferência no cruzamento;Colisão transversal;Com Vítimas Feridas;Plena Noite;Crescente;Ignorado;Dupla;Rotatória;Não;2;0;1;0;1;1;0;2;-9,986582;-67,84535;SPRF-AC;DEL01-AC;UOP01-DEL01-AC
768111;29/04/2026;quarta-feira;01:10:00;RJ;101;327;NITEROI;Condutor Dormindo;Queda de ocupante de veículo;Com Vítimas Feridas;Plena Noite;Crescente;Céu Claro;Múltipla;"Aclive;Reta";Não;1;0;1;0;1;0;0;1;-22,8717908;-43,14740604;SPRF-RJ;DEL02/RJ;UOP01-DEL02-RJ
768113;29/04/2026;quarta-feira;03:40:00;SC;101;199;SAO JOSE;Reação tardia ou ineficiente do condutor;Colisão com objeto;Sem Vítimas;Plena Noite;Crescente;Céu Claro;Múltipla;Reta;Sim;1;0;0;0;0;1;0;1;-27,53201431;-48,63191946;SPRF-SC;DEL01/SC;UOP01-DEL01-SC
768116;29/04/2026;quarta-feira;05:00:00;SC;101;186;BIGUACU;Chuva;Colisão com objeto;Sem Vítimas;Plena Noite;Decrescente;Chuva;Dupla;Curva;Não;1;0;0;0;0;1;0;1;-27,43047736;-48,62345818;SPRF-SC;DEL01/SC;UOP01-DEL01-SC
768118;29/04/2026;quarta-feira;04:50:00;PI;316;295,8;PICOS;Animais na Pista;Tombamento;Com Vítimas Feridas;Plena Noite;Crescente;Céu Claro;Simples;"Declive;Reta";Não;1;0;1;0;1;0;0;1;-7,01983;-41,576762;SPRF-PI;DEL04-PI;UOP01-DEL04-PI
768119;29/04/2026;quarta-feira;03:20:00;PE;232;33,4;MORENO;Condutor Dormindo;Saída de leito carroçável;Com Vítimas Fatais;Plena Noite;Crescente;Nublado;Dupla;Reta;Não;1;1;0;0;0;0;0;1;-8,106181;-35,179694;SPRF-PE;DEL02/PE;UOP02-DEL02PE
768120;29/04/2026;quarta-feira;04:50:00;BA;101;525;BUERAREMA;Animais na Pista;Atropelamento de Animal;Com Vítimas Feridas;Amanhecer;Decrescente;Garoa/Chuvisco;Simples;Reta;Não;2;0;1;1;2;0;0;1;-14,961704;-39,309912;SPRF-BA;DEL05/BA;UOP01-DEL05-BA
768121;29/04/2026;quarta-feira;05:20:00;RJ;101;443;MANGARATIBA;Ausência de reação do condutor;Colisão com objeto;Com Vítimas Feridas;Amanhecer;Decrescente;Nublado;Simples;"Declive;Curva";Não;1;0;1;0;1;0;0;1;-22,98415526;-44,08676147;SPRF-RJ;DEL03/RJ;UOP02-DEL03-RJ
768123;29/04/2026;quarta-feira;06:30:00;MG;381;492;BETIM;Reação tardia ou ineficiente do condutor;Colisão traseira;Com Vítimas Feridas;Pleno dia;Decrescente;Céu Claro;Múltipla;Reta;Sim;2;0;1;0;1;1;0;2;-19,9657278;-44,1763822;SPRF-MG;DEL01/MG;UOP03-DEL01-MG
768124;29/04/2026;quarta-feira;04:45:00;PI;316;16,1;TERESINA;Velocidade Incompatível;Colisão traseira;Com Vítimas Fatais;Plena Noite;Crescente;Nublado;Dupla;"Retorno Regulamentado;Reta";Não;2;1;0;0;0;1;0;2;-5,234147;-42,745178;SPRF-PI;DEL01-PI;UOP02-DEL01-PI
768125;29/04/2026;quarta-feira;06:40:00;MG;262;355;BETIM;Condutor deixou de manter distância do veículo da frente;Queda de ocupante de veículo;Com Vítimas Feridas;Pleno dia;Decrescente;Céu Claro;Dupla;Reta;Não;1;0;0;1;1;0;0;1;-19,97335792;-44,27442726;SPRF-MG;DEL01/MG;UOP03-DEL01-MG
768126;29/04/2026;quarta-feira;07:05:00;PR;163;202,5;CASCAVEL;Acumulo de água sobre o pavimento;Saída de leito carroçável;Com Vítimas Feridas;Amanhecer;Decrescente;Chuva;Dupla;Reta;Não;1;0;1;0;1;0;0;1;-25,0012717;-53,5255265;SPRF-PR;DEL05/PR;UOP05-DEL05-PR
768127;29/04/2026;quarta-feira;07:00:00;MA;222;364;SANTA INES;Acessar a via sem observar a presença dos outros veículos;Colisão transversal;Com Vítimas Feridas;Pleno dia;Decrescente;Céu Claro;Simples;Reta;Sim;2;0;1;1;2;0;0;2;-3,683425;-45,396177;SPRF-MA;DEL02-MA;UOP01-DEL02-MA
768128;29/04/2026;quarta-feira;01:55:00;PE;428;191;PETROLINA;Condutor desrespeitou a iluminação vermelha do semáforo;Atropelamento de Pedestre;Com Vítimas Feridas;Plena Noite;Decrescente;Céu Claro;Dupla;"Reta;Interseção de Vias";Sim;3;0;0;1;1;0;0;2;-9,38428037;-40,51911084;SPRF-PE;DEL06/PE;UOP01-DEL06-PE
768130;29/04/2026;quarta-feira;07:15:00;SP;116;209,5;GUARULHOS;Reação tardia ou ineficiente do condutor;Colisão traseira;Com Vítimas Feridas;Amanhecer;Decrescente;Nublado;Múltipla;Declive;Sim;2;0;1;0;1;1;0;2;-23,42813129;-46,40866336;SPRF-SP;DEL01/SP;UOP01-DEL01-SP