id;data_inversa;dia_semana;horario;uf;br;km;municipio;causa_acidente;tipo_acidente;classificacao_acidente;fase_dia;sentido_via;condicao_metereologica;tipo_pista;tracado_via;uso_solo;pessoas;mortos;feridos_leves;feridos_graves;feridos;ilesos;ignorados;veiculos;latitude;longitude;regional;delegacia;uop
768131;29/04/2026;quarta-feira;06:30:00;MA;135;1;SAO LUIS;Reação tardia ou ineficiente do condutor;Colisão traseira;Com Vítimas Feridas;Pleno dia;Decrescente;Céu Claro;Dupla;Reta;Sim;2;0;1;0;1;1;0;2;-2,58922;-44,24403;SPRF-MA;DEL01-MA;UOP01-DEL01-MA
768133;29/04/2026;quarta-feira;07:40:00;DF;40;7,6;BRASILIA;Trafegar com motocicleta (ou similar) entre as faixas;Queda de ocupante de veículo;Com Vítimas Feridas;Pleno dia;Decrescente;Sol;Dupla;Reta;Sim;1;0;1;0;1;0;0;1;-16,04453;-47,98034;SPRF-DF;DEL01-DF;UOP01-DEL01-DF
768134;29/04/2026;quarta-feira;07:40:00;RS;116;261;CANOAS;Trafegar com motocicleta (ou similar) entre as faixas;Colisão lateral mesmo sentido;Com Vítimas Feridas;Pleno dia;Crescente;Céu Claro;Dupla;Reta;Sim;2;0;1;0;1;1;0;2;-29,90375807;-51,17694855;SPRF-RS;DEL01/RS;UOP01-DEL01-RS
768135;28/04/2026;terça-feira;20:30:00;RS;116;341;BARRA DO RIBEIRO;Deficiência do Sistema de Iluminação/Sinalização;Saída de leito carroçável;Com Vítimas Feridas;Plena Noite;Decrescente;Céu Claro;Simples;Reta;Não;1;0;1;0;1;0;0;1;-30,484235;-51,48791;SPRF-RS;DEL02/RS;UOP02-DEL02-RS
768136;29/04/2026;quarta-feira;07:20:00;SC;101;191;BIGUACU;Chuva;Saída de leito carroçável;Sem Vítimas;Pleno dia;Crescente;Garoa/Chuvisco;Dupla;Curva;Não;1;0;0;0;0;1;0;1;-27,4773006;-48,64123218;SPRF-SC;DEL01/SC;UOP01-DEL01-SC
768137;28/04/2026;terça-feira;21:00:00;RS;290;484,2;ROSARIO DO SUL;Demais falhas mecânicas ou elétricas;Saída de leito carroçável;Sem Vítimas;Plena Noite;Crescente;Céu Claro;Simples;Reta;Não;1;0;0;0;0;1;0;1;-30,382127;-55,037254;SPRF-RS;DEL11/RS;UOP02-DEL11-RS
768138;29/04/2026;quarta-feira;07:00:00;BA;101;405;IBIRAPITANGA;Ausência de reação do condutor;Colisão traseira;Sem Vítimas;Pleno dia;Crescente;Garoa/Chuvisco;Simples;Reta;Sim;2;0;0;0;0;2;0;2;-14,01707774;-39,43351257;SPRF-BA;DEL05/BA;UOP03-DEL05-BA
768139;29/04/2026;quarta-feira;08:15:00;SP;116;498;CAJATI;Reação tardia ou ineficiente do condutor;Queda de ocupante de veículo;Com Vítimas Feridas;Pleno dia;Decrescente;Chuva;Simples;Curva;Não;1;0;1;0;1;0;0;1;-24,77433678;-48,17056149;SPRF-SP;DEL05/SP;UOP02-DEL05-SP
768142;29/04/2026;quarta-feira;08:00:00;SC;101;143;ITAPEMA;Reação tardia ou ineficiente do condutor;Colisão com objeto;Com Vítimas Feridas;Pleno dia;Crescente;Chuva;Dupla;Curva;Sim;2;0;2;0;2;0;0;1;-27,06799195;-48,5956192;SPRF-SC;DEL04/SC;UOP03-DEL04-SC
768144;29/04/2026;quarta-feira;08:40:00;SC;282;4,1;FLORIANOPOLIS;Manobra de mudança de faixa;Colisão lateral mesmo sentido;Com Vítimas Feridas;Pleno dia;Crescente;Chuva;Dupla;Reta;Sim;2;0;1;0;1;1;0;2;-27,59271053;-48,60355552;SPRF-SC;DEL01/SC;UOP01-DEL01-SC
768145;29/04/2026;quarta-feira;08:30:00;PR;277;5;CURITIBA;Trafegar com motocicleta (ou similar) entre as faixas;Colisão lateral mesmo sentido;Com Vítimas Feridas;Pleno dia;Crescente;Chuva;Dupla;Reta;Sim;2;0;1;0;1;1;0;2;-25,431027;-49,316682;SPRF-PR;DEL01/PR;UOP06-DEL01-PR
768146;11/03/2026;quarta-feira;18:00:00;MG;381;799,1;SAO GONCALO DO SAPUCAI;Reação tardia ou ineficiente do condutor;Capotamento;Com Vítimas Fatais;Plena Noite;Crescente;Nublado;Dupla;Curva;Não;4;1;2;0;2;1;0;1;-21,921328;-45,61111;SPRF-MG;DEL16/MG;UOP02-DEL16-MG
768148;29/04/2026;quarta-feira;08:20:00;RJ;40;51;PETROPOLIS;Pedestre cruzava a pista fora da faixa;Atropelamento de Pedestre;Com Vítimas Feridas;Pleno dia;Decrescente;Sol;Simples;"Curva;Aclive;Retorno Regulamentado";Sim;2;0;1;0;1;1;0;2;-22,333015;-43,133395;SPRF-RJ;DEL05/RJ;UOP02-DEL05-RJ
768149;29/04/2026;quarta-feira;08:30:00;SC;280;102,8;SAO BENTO DO SUL;Acumulo de água sobre o pavimento;Colisão com objeto;Com Vítimas Feridas;Pleno dia;Crescente;Chuva;Múltipla;"Aclive;Curva";Não;2;0;1;0;1;1;0;1;-26,36155;-49,34971;SPRF-SC;DEL06/SC;UOP03-DEL06-SC
768150;29/04/2026;quarta-feira;09:20:00;PR;116;46;CAMPINA GRANDE DO SUL;Reação tardia ou ineficiente do condutor;Saída de leito carroçável;Com Vítimas Feridas;Pleno dia;Decrescente;Chuva;Simples;Reta;Não;4;0;3;0;3;1;0;1;-25,20928997;-48,89671326;SPRF-PR;DEL01/PR;UOP02-DEL01-PR
768151;29/04/2026;quarta-feira;09:00:00;MA;135;1;SAO LUIS;Ultrapassagem Indevida;Colisão lateral mesmo sentido;Com Vítimas Feridas;Pleno dia;Decrescente;Céu Claro;Dupla;Reta;Não;2;0;1;0;1;1;0;2;-2,58533;-44,24292;SPRF-MA;DEL01-MA;UOP01-DEL01-MA
768152;09/04/2026;quinta-feira;18:40:00;PA;0;0;ANAPU;Reação tardia ou ineficiente do condutor;Colisão com objeto;Sem Vítimas;Anoitecer;Não Informado;Chuva;Simples;"Declive;Reta";Não;4;0;0;0;0;4;0;1;-2,92694734;-51,66599751;SPRF-PA;DEL04/PA;UOP01-DEL04-PA
768155;21/04/2026;terça-feira;22:15:00;RJ;116;227;PIRAI;Iluminação deficiente;Atropelamento de Pedestre;Com Vítimas Feridas;Plena Noite;Crescente;Ignorado;Múltipla;"Curva;Em Obras;Aclive";Não;2;0;1;0;1;0;0;2;-22,67081134;-43,81814146;SPRF-RJ;DEL07/RJ;UOP01-DEL07-RJ
768156;29/04/2026;quarta-feira;09:30:00;SP;381;56;MAIRIPORA;Reação tardia ou ineficiente do condutor;Engavetamento;Sem Vítimas;Pleno dia;Crescente;Céu Claro;Múltipla;"Aclive;Reta";Sim;3;0;0;0;0;3;0;3;-23,25526146;-46,59360632;SPRF-SP;DEL03/SP;UOP01-DEL03-SP
768158;29/04/2026;quarta-feira;09:55:00;SC;101;192,7;BIGUACU;Pista Escorregadia;Capotamento;Com Vítimas Feridas;Pleno dia;Crescente;Chuva;Múltipla;Curva;Sim;1;0;1;0;1;0;0;1;-27,486983;-48,649351;SPRF-SC;DEL01/SC;UOP01-DEL01-SC
768160;29/04/2026;quarta-feira;09:56:00;TO;153;500;PARAISO DO TOCANTINS;Acessar a via sem observar a presença dos outros veículos;Colisão transversal;Com Vítimas Feridas;Pleno dia;Decrescente;Céu Claro;Simples;Reta;Sim;2;0;1;1;2;0;0;2;-10,19767;-48,87603;SPRF-TO;DEL01-TO;UOP01-DEL01-TO
768162;29/04/2026;quarta-feira;09:30:00;ES;262;85;DOMINGOS MARTINS;Frear bruscamente;Saída de leito carroçável;Com Vítimas Feridas;Pleno dia;Crescente;Sol;Simples;"Aclive;Reta";Não;1;0;1;0;1;0;0;1;-20,397748;-40,987029;SPRF-ES;DEL01-ES;UOP02-DEL01-ES
768163;19/04/2026;domingo;18:50:00;SC;153;96;CONCORDIA;Reação tardia ou ineficiente do condutor;Saída de leito carroçável;Com Vítimas Feridas;Plena Noite;Decrescente;Céu Claro;Simples;Rotatória;Não;2;0;2;0;2;0;0;1;-27,22385141;-51,9491729;SPRF-SC;DEL07/SC;UOP04-DEL07-SC
768164;12/03/2026;quinta-feira;18:00:00;MG;381;866,9;POUSO ALEGRE;Ausência de reação do condutor;Saída de leito carroçável;Com Vítimas Feridas;Anoitecer;Decrescente;Ignorado;Dupla;Reta;Não;8;0;6;0;6;2;0;1;-22,370209;-45,935065;SPRF-MG;DEL16/MG;UOP01-DEL16-MG
768166;21/03/2026;sábado;12:10:00;MG;40;618,6;CONGONHAS;Reação tardia ou ineficiente do condutor;Colisão transversal;Com Vítimas Feridas;Pleno dia;Crescente;Céu Claro;Simples;Reta;Sim;2;0;0;1;1;1;0;2;-20,561844;-43,812317;SPRF-MG;DEL05/MG;UOP02-DEL05-MG
768169;29/04/2026;quarta-feira;11:24:00;PE;101;51,6;ABREU E LIMA;Ausência de reação do condutor;Colisão traseira;Com Vítimas Feridas;Pleno dia;Decrescente;Sol;Múltipla;Reta;Sim;2;0;1;0;1;1;0;2;-7,91452036;-34,8986721;SPRF-PE;DEL01/PE;UOP02-DEL01-PE
768173;29/04/2026;quarta-feira;12:30:00;RJ;101;322;NITEROI;Ausência de reação do condutor;Colisão traseira;Com Vítimas Feridas;Pleno dia;Decrescente;Céu Claro;Dupla;Curva;Sim;2;0;1;0;1;1;0;2;-22,87860508;-43,11457287;SPRF-RJ;DEL02/RJ;UOP01-DEL02-RJ
768174;29/04/2026;quarta-feira;11:39:00;PE;232;7,6;RECIFE;Manobra de mudança de faixa;Colisão traseira;Com Vítimas Feridas;Pleno dia;Decrescente;Sol;Dupla;Reta;Não;3;0;1;1;2;1;0;2;-8,075382;-34,967738;SPRF-PE;DEL01/PE;UOP01-DEL01-PE
768175;29/04/2026;quarta-feira;11:52:00;PE;232;101,4;BEZERROS;Pedestre cruzava a pista fora da faixa;Atropelamento de Pedestre;Com Vítimas Feridas;Pleno dia;Crescente;Céu Claro;Dupla;"Declive;Reta";Sim;5;0;0;1;1;4;0;2;-8,24481;-35,75509;SPRF-PE;DEL02/PE;UOP03-DEL02-PE
768176;29/04/2026;quarta-feira;12:18:00;SC;101;207;SAO JOSE;Ausência de reação do condutor;Colisão lateral mesmo sentido;Com Vítimas Feridas;Pleno dia;Decrescente;Garoa/Chuvisco;Múltipla;Interseção de Vias;Sim;2;0;1;0;1;1;0;2;-27,59471251;-48,61883137;SPRF-SC;DEL01/SC;UOP01-DEL01-SC
768177;29/04/2026;quarta-feira;09:00:00;SC;101;142;ITAPEMA;Acessar a via sem observar a presença dos outros veículos;Colisão lateral mesmo sentido;Com Vítimas Feridas;Pleno dia;Crescente;Céu Claro;Múltipla;Reta;Não;2;0;1;0;1;1;0;2;-27,10192147;-48,61862183;SPRF-SC;DEL04/SC;UOP03-DEL04-SC
768178;29/04/2026;quarta-feira;11:25:00;SC;282;428;VARGEM BONITA;Chuva;Capotamento;Sem Vítimas;Pleno dia;Crescente;Chuva;Simples;Curva;Não;1;0;0;0;0;1;0;1;-26,97983622;-51,79763854;SPRF-SC;DEL07/SC;UOP05-DEL07-SC
768179;02/03/2026;segunda-feira;06:15:00;DF;70;7;BRASILIA;Demais falhas mecânicas ou elétricas;Incêndio;Sem Vítimas;Pleno dia;Decrescente;Céu Claro;Dupla;Reta;Não;1;0;0;0;0;1;0;1;-15,787272;-48,116124;SPRF-DF;DEL03-DF;UOP02-DEL03-DF
768181;29/04/2026;quarta-feira;11:10:00;MT;163;821;SINOP;Transitar no Acostamento;Atropelamento de Pedestre;Com Vítimas Feridas;Pleno dia;Decrescente;Céu Claro;Dupla;Reta;Sim;4;0;1;0;1;1;0;2;-11,984368;-55,517172;SPRF-MT;DEL06/MT;UOP02-DEL06-MT
768183;29/04/2026;quarta-feira;13:10:00;SC;116;51;PAPANDUVA;Ausência de reação do condutor;Saída de leito carroçável;Com Vítimas Feridas;Pleno dia;Crescente;Chuva;Dupla;Reta;Não;2;0;1;0;1;1;0;1;-26,38413;-50,13681;SPRF-SC;DEL06/SC;UOP01-DEL06-SC
768184;29/04/2026;quarta-feira;12:10:00;GO;153;511,9;APARECIDA DE GOIANIA;Acesso irregular;Tombamento;Com Vítimas Feridas;Pleno dia;Crescente;Sol;Dupla;"Reta;Em Obras";Sim;1;0;0;1;1;0;0;1;-16,806874;-49,239444;SPRF-GO;DEL01/GO;UOP03-DEL01-GO
768185;29/04/2026;quarta-feira;12:34:00;GO;153;177;CAMPINORTE;Acessar a via sem observar a presença dos outros veículos;Colisão transversal;Com Vítimas Feridas;Pleno dia;Decrescente;Céu Claro;Simples;"Reta;Interseção de Vias";Sim;3;0;2;0;2;1;0;2;-14,33392494;-49,15444136;SPRF-GO;DEL07/GO;UOP02-DEL07-GO
768186;29/04/2026;quarta-feira;12:15:00;PB;230;1,7;CABEDELO;Ultrapassagem Indevida;Colisão transversal;Com Vítimas Feridas;Pleno dia;Decrescente;Céu Claro;Simples;Reta;Sim;4;0;1;0;1;2;0;3;-6,9815093;-34,8299852;SPRF-PB;DEL01-PB;UOP01-DEL01-PB
768187;29/04/2026;quarta-feira;12:40:00;RJ;40;82;PETROPOLIS;Reação tardia ou ineficiente do condutor;Colisão traseira;Com Vítimas Feridas;Pleno dia;Crescente;Céu Claro;Simples;Interseção de Vias;Sim;2;0;1;0;1;1;0;2;-22,51792924;-43,22814024;SPRF-RJ;DEL01/RJ;UOP01-DEL01-RJ
768188;22/04/2026;quarta-feira;08:00:00;BA;324;618;SALVADOR;Transitar no Acostamento;Colisão lateral mesmo sentido;Sem Vítimas;Pleno dia;Decrescente;Céu Claro;Dupla;Reta;Não;1;0;0;0;0;1;0;1;-12,90827458;-38,45745832;SPRF-BA;DEL01/BA;UOP01-DEL01-BA
768189;29/04/2026;quarta-feira;12:30:00;SC;101;188,7;BIGUACU;Objeto estático sobre o leito carroçável;Incêndio;Sem Vítimas;Pleno dia;Crescente;Chuva;Dupla;Reta;Não;2;0;0;0;0;2;0;1;-27,457577;-48,637753;SPRF-SC;DEL01/SC;UOP01-DEL01-SC
768190;29/04/2026;quarta-feira;14:00:00;PR;376;617;SAO JOSE DOS PINHAIS;Reação tardia ou ineficiente do condutor;Colisão com objeto;Com Vítimas Feridas;Pleno dia;Decrescente;Chuva;Dupla;Curva;Sim;1;0;1;0;1;0;0;1;-25,59628176;-49,17364287;SPRF-PR;DEL01/PR;UOP04-DEL01-PR
768191;29/04/2026;quarta-feira;11:20:00;PE;232;29;MORENO;Velocidade Incompatível;Queda de ocupante de veículo;Com Vítimas Feridas;Pleno dia;Crescente;Nublado;Dupla;Reta;Não;1;0;0;1;1;0;0;1;-8,11284453;-35,13506977;SPRF-PE;DEL02/PE;UOP02-DEL02PE
768193;29/04/2026;quarta-feira;12:00:00;SP;116;537;BARRA DO TURVO;Reação tardia ou ineficiente do condutor;Colisão com objeto;Com Vítimas Feridas;Pleno dia;Decrescente;Chuva;Dupla;Curva;Não;3;0;1;0;1;2;0;1;-24,97150167;-48,35046262;SPRF-SP;DEL05/SP;UOP02-DEL05-SP
768195;29/04/2026;quarta-feira;14:00:00;SP;116;230;SAO PAULO;Reação tardia ou ineficiente do condutor;Colisão traseira;Sem Vítimas;Pleno dia;Crescente;Nublado;Múltipla;Reta;Sim;2;0;0;0;0;1;0;2;-23,51439416;-46,57805824;SPRF-SP;DEL01/SP;UOP01-DEL01-SP
768197;29/04/2026;quarta-feira;14:20:00;PR;376;614;SAO JOSE DOS PINHAIS;Velocidade Incompatível;Saída de leito carroçável;Com Vítimas Feridas;Pleno dia;Decrescente;Chuva;Simples;Curva;Sim;3;0;1;0;1;2;0;1;-25,56740866;-49,1812834;SPRF-PR;DEL01/PR;UOP03-DEL01-PR
768198;29/04/2026;quarta-feira;14:18:00;PR;376;157,1;MANDAGUACU;Avarias e/ou desgaste excessivo no pneu;Tombamento;Com Vítimas Feridas;Pleno dia;Decrescente;Nublado;Dupla;Curva;Sim;1;0;0;1;1;0;0;1;-23,34545636;-52,08991226;SPRF-PR;DEL09/PR;UOP02-DEL09-PR
768200;29/04/2026;quarta-feira;15:00:00;PE;104;65;CARUARU;Ausência de reação do condutor;Colisão traseira;Sem Vítimas;Pleno dia;Decrescente;Nublado;Dupla;Reta;Sim;2;0;0;0;0;2;0;2;-8,27797;-35,98125;SPRF-PE;DEL02/PE;UOP01-DEL02-PE
768205;29/04/2026;quarta-feira;09:00:00;MG;381;243,3;SANTANA DO PARAISO;Ausência de reação do condutor;Colisão traseira;Com Vítimas Feridas;Pleno dia;Decrescente;Céu Claro;Simples;Reta;Não;2;0;1;0;1;1;0;2;-19,45262113;-42,51967616;SPRF-MG;DEL06/MG;UOP01-DEL06-MG
768208;29/04/2026;quarta-feira;14:40:00;SC;101;185;BIGUACU;Condutor deixou de manter distância do veículo da frente;Colisão traseira;Sem Vítimas;Pleno dia;Crescente;Garoa/Chuvisco;Dupla;Curva;Sim;2;0;0;0;0;2;0;2;-27,42370942;-48,62491965;SPRF-SC;DEL01/SC;UOP01-DEL01-SC
768210;29/04/2026;quarta-feira;12:10:00;MG;50;72;UBERLANDIA;Ausência de reação do condutor;Colisão traseira;Com Vítimas Feridas;Pleno dia;Decrescente;Sol;Dupla;Reta;Sim;2;0;1;0;1;1;0;2;-18,906319;-48,229755;SPRF-MG;DEL15/MG;UOP01-DEL15-MG
768212;29/04/2026;quarta-feira;15:50:00;MG;116;625,7;ORIZANIA;Transitar na contramão;Colisão frontal;Com Vítimas Feridas;Pleno dia;Crescente;Céu Claro;Simples;Reta;Não;2;0;2;0;2;0;0;2;-20,554036;-42,208586;SPRF-MG;DEL07/MG;UOP02-DEL07-MG
768214;10/04/2026;sexta-feira;08:46:00;GO;364;78;CACHOEIRA ALTA;Condutor Dormindo;Colisão frontal;Com Vítimas Feridas;Pleno dia;Crescente;Sol;Simples;Curva;Não;5;0;3;2;5;0;0;2;-18,600852;-51,04655;SPRF-GO;DEL05/GO;UOP02-DEL05-GO
768215;29/04/2026;quarta-feira;07:40:00;SC;163;71;SAO MIGUEL DO OESTE;Acessar a via sem observar a presença dos outros veículos;Colisão transversal;Sem Vítimas;Pleno dia;Crescente;Nublado;Simples;Curva;Não;3;0;0;0;0;3;0;2;-26,71285783;-53,51560593;SPRF-SC;DEL07/SC;UOP03-DEL07-SC
768218;29/04/2026;quarta-feira;16:00:00;DF;70;11;BRASILIA;Condutor deixou de manter distância do veículo da frente;Colisão traseira;Com Vítimas Feridas;Pleno dia;Crescente;Céu Claro;Dupla;Reta;Sim;2;0;1;0;1;1;0;2;-15,791196;-48,154924;SPRF-DF;DEL03-DF;UOP02-DEL03-DF
768220;29/04/2026;quarta-feira;11:35:00;RJ;40;111;DUQUE DE CAXIAS;Condutor Dormindo;Saída de leito carroçável;Com Vítimas Fatais;Pleno dia;Decrescente;Céu Claro;Múltipla;Reta;Sim;1;1;0;0;0;0;0;1;-22,693955;-43,288101;SPRF-RJ;DEL01/RJ;UOP02-DEL01-RJ
768223;29/04/2026;quarta-feira;16:30:00;PE;101;71,9;RECIFE;Condutor deixou de manter distância do veículo da frente;Colisão traseira;Com Vítimas Feridas;Pleno dia;Decrescente;Céu Claro;Dupla;Reta;Sim;3;0;2;0;2;1;0;2;-8,084508;-34,944552;SPRF-PE;DEL01/PE;UOP01-DEL01-PE
768224;29/04/2026;quarta-feira;13:00:00;RJ;101;582;PARATY;Reação tardia ou ineficiente do condutor;Colisão traseira;Com Vítimas Feridas;Pleno dia;Crescente;Céu Claro;Simples;Reta;Não;4;0;3;0;3;1;0;2;-23,25342;-44,69962;SPRF-RJ;DEL03/RJ;UOP04-DEL03-RJ
768226;29/04/2026;quarta-feira;16:56:00;RN;405;3,7;MOSSORO;Acessar a via sem observar a presença dos outros veículos;Colisão transversal;Com Vítimas Feridas;Pleno dia;Crescente;Céu Claro;Simples;Reta;Sim;3;0;3;0;3;0;0;2;-5,194527;-37,3583804;SPRF-RN;DEL04-RN;UOP02-DEL04-RN
768229;29/04/2026;quarta-feira;16:49:00;ES;259;101,5;BAIXO GUANDU;Acessar a via sem observar a presença dos outros veículos;Colisão transversal;Com Vítimas Feridas;Pleno dia;Crescente;Céu Claro;Simples;Reta;Sim;4;0;1;0;1;3;0;2;-19,52199601;-41,01246017;SPRF-ES;DEL02-ES;UOP01-DEL02-ES
768234;29/04/2026;quarta-feira;14:25:00;MG;40;706;BARBACENA;Transitar na contramão;Colisão frontal;Com Vítimas Feridas;Pleno dia;Decrescente;Céu Claro;Simples;Curva;Não;2;0;1;0;1;1;0;2;-21,21819528;-43,74449585;SPRF-MG;DEL05/MG;UOP02-DEL05-MG
768235;29/04/2026;quarta-feira;16:45:00;RN;226;176,1;CURRAIS NOVOS;Ingestão de álcool pelo condutor;Colisão lateral mesmo sentido;Sem Vítimas;Pleno dia;Decrescente;Sol;Simples;Curva;Sim;2;0;0;0;0;2;0;2;-6,26237417;-36,5168105;SPRF-RN;DEL03-RN;UOP02-DEL03-RN
768236;29/04/2026;quarta-feira;17:00:00;PA;316;40;SANTA IZABEL DO PARA;Ausência de reação do condutor;Colisão traseira;Com Vítimas Feridas;Pleno dia;Decrescente;Céu Claro;Dupla;Reta;Não;2;0;1;0;1;1;0;2;-1,278397;-48,113793;SPRF-PA;DEL01/PA;UOP01-DEL01-PA
768237;29/04/2026;quarta-feira;17:25:00;BA;324;606;SIMOES FILHO;Manobra de mudança de faixa;Colisão lateral mesmo sentido;Com Vítimas Feridas;Anoitecer;Crescente;Céu Claro;Dupla;Reta;Sim;2;0;1;0;1;1;0;2;-12,81375785;-38,40554811;SPRF-BA;DEL01/BA;UOP01-DEL01-BA
768238;29/04/2026;quarta-feira;16:00:00;MG;381;481;CONTAGEM;Demais falhas mecânicas ou elétricas;Incêndio;Sem Vítimas;Pleno dia;Crescente;Céu Claro;Múltipla;Reta;Sim;1;0;0;0;0;0;1;1;-19,95900386;-44,06581728;SPRF-MG;DEL01/MG;UOP03-DEL01-MG
768239;29/04/2026;quarta-feira;13:50:00;RJ;116;212;SEROPEDICA;Demais falhas mecânicas ou elétricas;Queda de ocupante de veículo;Com Vítimas Feridas;Pleno dia;Decrescente;Céu Claro;Múltipla;Reta;Sim;1;0;1;0;1;0;0;1;-22,7165819;-43,7152511;SPRF-RJ;DEL06/RJ;UOP02-DEL06-RJ
768241;29/04/2026;quarta-feira;15:20:00;RJ;116;131;MAGE;Reação tardia ou ineficiente do condutor;Colisão com objeto;Com Vítimas Feridas;Pleno dia;Crescente;Sol;Dupla;Reta;Sim;1;0;1;0;1;0;0;1;-22,6593897;-43,0910041;SPRF-RJ;DEL04/RJ;UOP02-DEL04-RJ
768242;29/04/2026;quarta-feira;17:20:00;SP;101;46;UBATUBA;Acesso irregular;Colisão transversal;Com Vítimas Feridas;Plena Noite;Decrescente;Nublado;Simples;Reta;Sim;2;0;1;0;1;1;0;2;-23,41030523;-45,06488507;SPRF-SP;DEL06/SP;UOP01-DEL06-SP
768245;29/04/2026;quarta-feira;16:20:00;RJ;116;217;SEROPEDICA;Acesso irregular;Colisão lateral mesmo sentido;Com Vítimas Feridas;Anoitecer;Crescente;Céu Claro;Dupla;Curva;Não;2;0;1;0;1;1;0;2;-22,700232;-43,75101177;SPRF-RJ;DEL06/RJ;UOP02-DEL06-RJ
768246;29/04/2026;quarta-feira;17:59:00;RN;405;6;MOSSORO;Falta de acostamento;Atropelamento de Pedestre;Com Vítimas Feridas;Plena Noite;Decrescente;Nublado;Simples;Reta;Não;3;0;1;1;2;1;0;3;-5,196507;-37,41251;SPRF-RN;DEL04-RN;UOP02-DEL04-RN
768248;26/04/2026;domingo;06:30:00;SC;101;206;SAO JOSE;Ingestão de álcool pelo condutor;Colisão com objeto;Sem Vítimas;Pleno dia;Crescente;Chuva;Dupla;Reta;Sim;1;0;0;0;0;1;0;1;-27,5864549;-48,6173028;SPRF-SC;DEL01/SC;UOP01-DEL01-SC
768250;29/04/2026;quarta-feira;14:30:00;SC;280;34;ARAQUARI;Acessar a via sem observar a presença dos outros veículos;Colisão traseira;Com Vítimas Feridas;Pleno dia;Decrescente;Chuva;Simples;Reta;Sim;3;0;2;1;3;0;0;2;-26,42544865;-48,78668753;SPRF-SC;DEL03/SC;UOP03-DEL03-SC
768251;29/04/2026;quarta-feira;18:10:00;RJ;101;323;NITEROI;Ausência de reação do condutor;Tombamento;Com Vítimas Feridas;Plena Noite;Decrescente;Céu Claro;Dupla;Reta;Sim;2;0;2;0;2;0;0;1;-22,87668916;-43,11738327;SPRF-RJ;DEL02/RJ;UOP01-DEL02-RJ
768254;29/04/2026;quarta-feira;16:00:00;RJ;40;123;DUQUE DE CAXIAS;Avarias e/ou desgaste excessivo no pneu;Tombamento;Com Vítimas Feridas;Pleno dia;Crescente;Céu Claro;Dupla;Reta;Sim;2;0;1;0;1;1;0;1;-22,79976258;-43,2903707;SPRF-RJ;DEL01/RJ;UOP02-DEL01-RJ
768255;29/04/2026;quarta-feira;12:15:00;SC;282;503,3;XANXERE;Ausência de reação do condutor;Colisão lateral mesmo sentido;Com Vítimas Feridas;Pleno dia;Crescente;Céu Claro;Simples;Reta;Não;3;0;0;1;1;2;0;2;-26,884335;-52,40049362;SPRF-SC;DEL07/SC;UOP01-DEL07-SC
768256;29/04/2026;quarta-feira;16:10:00;SC;101;0,8;GARUVA;Velocidade Incompatível;Saída de leito carroçável;Com Vítimas Feridas;Anoitecer;Decrescente;Chuva;Dupla;Curva;Não;1;0;1;0;1;0;0;1;-25,98416865;-48,88494854;SPRF-SC;DEL03/SC;UOP01-DEL03-SC
768258;29/04/2026;quarta-feira;18:15:00;MG;40;690,7;RESSAQUINHA;Acessar a via sem observar a presença dos outros veículos;Colisão transversal;Com Vítimas Feridas;Plena Noite;Crescente;Céu Claro;Simples;Reta;Não;4;0;0;2;2;1;0;3;-21,10245459;-43,76368046;SPRF-MG;DEL05/MG;UOP02-DEL05-MG
768259;29/04/2026;quarta-feira;19:00:00;RS;116;555,9;CAPAO DO LEAO;Ausência de reação do condutor;Colisão frontal;Com Vítimas Feridas;Plena Noite;Decrescente;Céu Claro;Simples;Reta;Não;9;0;4;0;4;4;0;4;-31,89444562;-52,65772216;SPRF-RS;DEL07/RS;UOP03-DEL07-RS
768260;29/04/2026;quarta-feira;15:05:00;RJ;116;264,5;VOLTA REDONDA;Mal súbito do condutor;Capotamento;Com Vítimas Feridas;Pleno dia;Decrescente;Céu Claro;Dupla;Reta;Não;1;0;1;0;1;0;0;1;-22,59072503;-44,07997792;SPRF-RJ;DEL07/RJ;UOP02-DEL07-RJ
768263;29/04/2026;quarta-feira;19:30:00;SC;101;206,1;SAO JOSE;Reação tardia ou ineficiente do condutor;Engavetamento;Sem Vítimas;Plena Noite;Crescente;Garoa/Chuvisco;Múltipla;Reta;Sim;12;0;0;0;0;12;0;8;-27,592452;-48,618547;SPRF-SC;DEL01/SC;UOP01-DEL01-SC
768268;29/04/2026;quarta-feira;17:50:00;PB;230;138,1;MASSARANDUBA;Afundamento ou ondulação no pavimento;Tombamento;Com Vítimas Feridas;Plena Noite;Crescente;Nublado;Dupla;"Reta;Em Obras";Não;1;0;1;0;1;0;0;1;-7,26931;-35,790792;SPRF-PB;DEL02-PB;UOP01-DEL02-PB
768269;29/04/2026;quarta-feira;18:00:00;MG;116;537,8;SANTA RITA DE MINAS;Acessar a via sem observar a presença dos outros veículos;Colisão frontal;Com Vítimas Feridas;Plena Noite;Decrescente;Céu Claro;Simples;Reta;Sim;2;0;0;1;1;1;0;2;-19,87794106;-42,1309796;SPRF-MG;DEL06/MG;UOP02-DEL06-MG
768270;29/04/2026;quarta-feira;20:00:00;SP;116;212;GUARULHOS;Reação tardia ou ineficiente do condutor;Tombamento;Com Vítimas Feridas;Plena Noite;Decrescente;Nublado;Múltipla;Reta;Sim;1;0;1;0;1;0;0;1;-23,43739848;-46,43148422;SPRF-SP;DEL01/SP;UOP01-DEL01-SP