id;data_inversa;dia_semana;horario;uf;br;km;municipio;causa_acidente;tipo_acidente;classificacao_acidente;fase_dia;sentido_via;condicao_metereologica;tipo_pista;tracado_via;uso_solo;pessoas;mortos;feridos_leves;feridos_graves;feridos;ilesos;ignorados;veiculos;latitude;longitude;regional;delegacia;uop
768271;29/04/2026;quarta-feira;17:40:00;RS;293;431;QUARAI;Reação tardia ou ineficiente do condutor;Colisão traseira;Com Vítimas Feridas;Anoitecer;Decrescente;Céu Claro;Simples;Reta;Não;5;0;1;1;2;3;0;2;-30,43615877;-56,33639932;SPRF-RS;DEL11/RS;UOP01-DEL11-RS
768274;29/04/2026;quarta-feira;19:15:00;PB;230;36,5;SANTA RITA;Condutor deixou de manter distância do veículo da frente;Colisão lateral mesmo sentido;Com Vítimas Feridas;Plena Noite;Crescente;Céu Claro;Dupla;"Aclive;Reta";Sim;4;0;1;1;2;2;0;2;-7,127418;-34,951207;SPRF-PB;DEL01-PB;UOP02-DEL01-PB
768275;29/04/2026;quarta-feira;20:15:00;RS;116;261;CANOAS;Condutor deixou de manter distância do veículo da frente;Colisão traseira;Com Vítimas Feridas;Plena Noite;Decrescente;Céu Claro;Dupla;Em Obras;Sim;2;0;1;0;1;1;0;2;-29,87621809;-51,18015091;SPRF-RS;DEL01/RS;UOP01-DEL01-RS
768276;29/04/2026;quarta-feira;19:00:00;SC;116;89,7;MONTE CASTELO;Acessar a via sem observar a presença dos outros veículos;Colisão transversal;Com Vítimas Fatais;Plena Noite;Decrescente;Chuva;Simples;"Declive;Reta";Não;7;1;0;0;0;6;0;2;-26,635739;-50,252785;SPRF-SC;DEL06/SC;UOP02-DEL06-SC
768277;09/04/2026;quinta-feira;10:40:00;DF;70;0;BRASILIA;Reação tardia ou ineficiente do condutor;Colisão com objeto;Sem Vítimas;Pleno dia;Crescente;Nublado;Dupla;Reta;Não;3;0;0;0;0;3;0;3;-15,78418014;-48,23243737;SPRF-DF;DEL03-DF;UOP02-DEL03-DF
768279;29/04/2026;quarta-feira;18:45:00;AC;307;188;CRUZEIRO DO SUL;Acumulo de areia ou detritos sobre o pavimento;Queda de ocupante de veículo;Com Vítimas Feridas;Plena Noite;Decrescente;Ignorado;Simples;Reta;Sim;1;0;1;0;1;0;0;1;-7,6444177;-72,65890466;SPRF-AC;DEL01-AC;UOP03-DEL01-AC
768281;29/04/2026;quarta-feira;13:00:00;SP;381;86;SAO PAULO;Ausência de reação do condutor;Atropelamento de Animal;Sem Vítimas;Pleno dia;Decrescente;Céu Claro;Múltipla;Reta;Sim;1;0;0;0;0;0;1;1;-23,47037601;-46,5663871;SPRF-SP;DEL03/SP;UOP01-DEL03-SP
768282;29/04/2026;quarta-feira;19:20:00;MA;135;40;BACABEIRA;Acumulo de água sobre o pavimento;Saída de leito carroçável;Com Vítimas Feridas;Plena Noite;Decrescente;Chuva;Dupla;Reta;Não;1;0;1;0;1;0;0;1;-2,895443;-44,370935;SPRF-MA;DEL01-MA;UOP01-DEL01-MA
768283;29/04/2026;quarta-feira;20:40:00;RJ;101;329;RIO DE JANEIRO;Reação tardia ou ineficiente do condutor;Colisão traseira;Com Vítimas Feridas;Plena Noite;Crescente;Nublado;Dupla;Reta;Não;3;0;1;0;1;2;0;2;-22,8685987;-43,1831065;SPRF-RJ;DEL02/RJ;UOP01-DEL02-RJ
768284;29/04/2026;quarta-feira;19:00:00;SC;101;125;ITAJAI;Demais falhas mecânicas ou elétricas;Incêndio;Sem Vítimas;Plena Noite;Crescente;Chuva;Múltipla;Reta;Não;1;0;0;0;0;1;0;1;-26,94762758;-48,68419647;SPRF-SC;DEL04/SC;UOP04-DEL04-SC
768285;29/04/2026;quarta-feira;19:30:00;PR;376;415;TIBAGI;Velocidade Incompatível;Saída de leito carroçável;Com Vítimas Feridas;Plena Noite;Decrescente;Chuva;Dupla;"Curva;Retorno Regulamentado";Não;4;0;1;0;1;3;0;1;-24,68916;-50,58356;SPRF-PR;DEL03/PR;UOP02-DEL03-PR
768287;29/04/2026;quarta-feira;19:30:00;PR;369;350;CAMPO MOURAO;Chuva;Colisão traseira;Sem Vítimas;Plena Noite;Decrescente;Chuva;Simples;"Reta;Declive";Não;3;0;0;0;0;3;0;2;-24,12544863;-52,43405342;SPRF-PR;DEL09/PR;UOP03-DEL09-PR
768288;29/04/2026;quarta-feira;21:20:00;RN;101;99;PARNAMIRIM;Condutor deixou de manter distância do veículo da frente;Colisão traseira;Com Vítimas Feridas;Plena Noite;Decrescente;Céu Claro;Múltipla;Reta;Sim;2;0;0;1;1;1;0;2;-5,86886292;-35,21788549;SPRF-RN;DEL01-RN;UOP01-DEL01-RN
768291;29/04/2026;quarta-feira;21:19:00;TO;153;147,6;ARAGUAINA;Reação tardia ou ineficiente do condutor;Colisão traseira;Com Vítimas Feridas;Plena Noite;Crescente;Céu Claro;Dupla;Reta;Sim;2;0;1;0;1;1;0;2;-7,22940453;-48,25194089;SPRF-TO;DEL02-TO;UOP01-DEL02-TO
768295;19/03/2026;quinta-feira;12:50:00;BA;324;453;TANQUINHO;Demais falhas mecânicas ou elétricas;Incêndio;Sem Vítimas;Pleno dia;Decrescente;Céu Claro;Simples;Reta;Não;1;0;0;0;0;1;0;1;-11,980647;-39,096129;SPRF-BA;DEL04/BA;UOP02-DEL04-BA
768296;29/04/2026;quarta-feira;22:00:00;MG;40;434;PARAOPEBA;Ingestão de álcool pelo condutor;Capotamento;Com Vítimas Feridas;Plena Noite;Decrescente;Céu Claro;Dupla;Reta;Não;2;0;1;0;1;1;0;1;-19,2149;-44,45687;SPRF-MG;DEL02/MG;UOP01-DEL02-MG
768297;29/04/2026;quarta-feira;18:40:00;PI;230;194,6;OEIRAS;Transitar na contramão;Colisão frontal;Com Vítimas Feridas;Plena Noite;Decrescente;Céu Claro;Simples;Reta;Sim;2;0;0;1;1;1;0;2;-6,99417435;-42,10387643;SPRF-PI;DEL04-PI;UOP01-DEL04-PI
768298;29/04/2026;quarta-feira;21:50:00;PR;369;443,1;UBIRATA;Ingestão de álcool pelo condutor;Saída de leito carroçável;Sem Vítimas;Plena Noite;Crescente;Garoa/Chuvisco;Simples;Reta;Não;1;0;0;0;0;1;0;1;-24,556842;-53,084253;SPRF-PR;DEL04/PR;UOP03-DEL04-PR
768300;29/04/2026;quarta-feira;22:12:00;RJ;101;60,5;CAMPOS DOS GOYTACAZES;Acessar a via sem observar a presença dos outros veículos;Colisão transversal;Com Vítimas Feridas;Plena Noite;Decrescente;Céu Claro;Simples;Interseção de Vias;Sim;3;0;1;2;3;0;0;2;-21,72418612;-41,31913869;SPRF-RJ;DEL08/RJ;UOP01-DEL08-RJ
768303;29/04/2026;quarta-feira;22:00:00;PE;232;61,9;POMBOS;Acumulo de água sobre o pavimento;Saída de leito carroçável;Sem Vítimas;Plena Noite;Crescente;Chuva;Dupla;"Aclive;Reta";Não;1;0;0;0;0;1;0;1;-8,156967;-35,427298;SPRF-PE;DEL02/PE;UOP02-DEL02PE
768306;25/04/2026;sábado;22:00:00;MS;376;169;NOVA ANDRADINA;Ausência de reação do condutor;Eventos atípicos;Sem Vítimas;Plena Noite;Decrescente;Céu Claro;Simples;Reta;Não;1;0;0;0;0;0;1;1;-22,29021921;-53,3832351;SPRF-MS;DEL04/MS;UOP04-DEL04-MS
768307;29/04/2026;quarta-feira;22:20:00;PR;277;4,4;FOZ DO IGUACU;Ingestão de álcool pelo condutor;Saída de leito carroçável;Com Vítimas Feridas;Plena Noite;Decrescente;Nublado;Simples;Reta;Não;1;0;1;0;1;0;0;1;-25,52604016;-54,5283591;SPRF-PR;DEL05/PR;UOP04-DEL05-PR
768308;29/04/2026;quarta-feira;21:35:00;GO;153;507,4;APARECIDA DE GOIANIA;Mal súbito do condutor;Saída de leito carroçável;Com Vítimas Feridas;Plena Noite;Decrescente;Céu Claro;Dupla;Viaduto;Sim;1;0;0;1;1;0;0;1;-16,766533;-49,239399;SPRF-GO;DEL01/GO;UOP03-DEL01-GO
768309;29/04/2026;quarta-feira;23:15:00;RJ;116;175;SAO JOAO DE MERITI;Transitar na contramão;Colisão frontal;Com Vítimas Feridas;Plena Noite;Crescente;Céu Claro;Dupla;Reta;Sim;3;0;3;0;3;0;0;2;-22,79150261;-43,36908525;SPRF-RJ;DEL06/RJ;UOP01-DEL06-RJ
768310;29/04/2026;quarta-feira;22:39:00;RJ;101;482;ANGRA DOS REIS;Reação tardia ou ineficiente do condutor;Colisão transversal;Com Vítimas Feridas;Plena Noite;Decrescente;Céu Claro;Dupla;Reta;Sim;3;0;1;1;2;0;0;2;-23,005208;-44,297635;SPRF-RJ;DEL03/RJ;UOP03-DEL03-RJ
768312;30/04/2026;quinta-feira;00:10:00;PR;277;26,4;MORRETES;Animais na Pista;Atropelamento de Animal;Com Vítimas Feridas;Plena Noite;Decrescente;Garoa/Chuvisco;Dupla;Reta;Não;1;0;1;0;1;0;0;1;-25,53751321;-48,76787838;SPRF-PR;DEL01/PR;UOP05-DEL01-PR
768315;30/04/2026;quinta-feira;00:10:00;RS;158;325;SANTA MARIA;Ausência de reação do condutor;Colisão transversal;Com Vítimas Feridas;Plena Noite;Crescente;Céu Claro;Simples;"Interseção de Vias;Reta;Em Obras";Sim;2;0;1;0;1;1;0;2;-29,712008;-53,805903;SPRF-RS;DEL09/RS;UOP01-DEL09-RS
768320;30/04/2026;quinta-feira;01:22:00;PE;232;110,6;BEZERROS;Ingestão de álcool pelo condutor;Saída de leito carroçável;Sem Vítimas;Plena Noite;Crescente;Nublado;Dupla;Reta;Não;1;0;0;0;0;1;0;1;-8,29334;-35,82537;SPRF-PE;DEL02/PE;UOP03-DEL02-PE
768324;30/04/2026;quinta-feira;01:40:00;SC;470;86,2;RODEIO;Ausência de reação do condutor;Saída de leito carroçável;Sem Vítimas;Plena Noite;Decrescente;Garoa/Chuvisco;Simples;"Curva;Interseção de Vias";Não;1;0;0;0;0;0;1;1;-26,94959753;-49,35976077;SPRF-SC;DEL04/SC;UOP01-DEL04-SC
768325;30/04/2026;quinta-feira;01:30:00;RJ;116;21;SAPUCAIA;Condutor Dormindo;Saída de leito carroçável;Com Vítimas Feridas;Plena Noite;Crescente;Céu Claro;Simples;Reta;Não;2;0;1;0;1;1;0;1;-22,014438;-42,7661;SPRF-RJ;DEL05/RJ;UOP01-DEL05-RJ
768326;30/04/2026;quinta-feira;01:50:00;BA;116;493,5;RAFAEL JAMBEIRO;Ingestão de álcool pelo condutor;Colisão frontal;Com Vítimas Fatais;Plena Noite;Decrescente;Céu Claro;Dupla;Aclive;Não;6;2;3;0;3;1;0;2;-12,577407;-39,507649;SPRF-BA;DEL02/BA;UOP01-DEL02-BA
768328;30/04/2026;quinta-feira;03:30:00;DF;40;7,3;BRASILIA;Ingestão de álcool pelo condutor;Saída de leito carroçável;Sem Vítimas;Plena Noite;Crescente;Céu Claro;Dupla;Reta;Sim;2;0;0;0;0;2;0;1;-16,041632;-47,980047;SPRF-DF;DEL01-DF;UOP01-DEL01-DF
768329;30/04/2026;quinta-feira;04:17:00;SP;116;219;GUARULHOS;Transitar na contramão;Colisão frontal;Com Vítimas Feridas;Plena Noite;Crescente;Ignorado;Simples;"Curva;Viaduto";Sim;3;0;1;0;1;2;0;2;-23,46154985;-46,48940787;SPRF-SP;DEL01/SP;UOP01-DEL01-SP
768331;30/04/2026;quinta-feira;03:00:00;MG;381;443,7;IPATINGA;Manobra de mudança de faixa;Colisão transversal;Com Vítimas Feridas;Plena Noite;Decrescente;Céu Claro;Simples;Curva;Sim;3;0;1;0;1;2;0;2;-19,461423;-42,5275629;SPRF-MG;DEL01/MG;UOP01-DEL01-MG
768333;30/04/2026;quinta-feira;02:20:00;SC;282;589,8;SAUDADES;Condutor Dormindo;Saída de leito carroçável;Com Vítimas Feridas;Plena Noite;Crescente;Garoa/Chuvisco;Simples;Aclive;Não;1;0;1;0;1;0;0;1;-26,82630069;-53,05080827;SPRF-SC;DEL07/SC;UOP02-DEL07-SC
768334;30/04/2026;quinta-feira;05:30:00;SC;101;206;SAO JOSE;Avarias e/ou desgaste excessivo no pneu;Queda de ocupante de veículo;Com Vítimas Feridas;Plena Noite;Decrescente;Nublado;Múltipla;Declive;Sim;2;0;0;2;2;0;0;1;-27,598373;-48,620767;SPRF-SC;DEL01/SC;UOP01-DEL01-SC
768336;30/04/2026;quinta-feira;06:26:00;GO;60;59;ABADIANIA;Ausência de reação do condutor;Saída de leito carroçável;Com Vítimas Feridas;Pleno dia;Crescente;Céu Claro;Dupla;Reta;Não;1;0;1;0;1;0;0;1;-16,18638;-48,69841;SPRF-GO;DEL02/GO;UOP01-DEL02-GO
768337;30/04/2026;quinta-feira;04:00:00;PR;277;185,8;PALMEIRA;Ausência de reação do condutor;Saída de leito carroçável;Com Vítimas Feridas;Plena Noite;Crescente;Garoa/Chuvisco;Simples;Reta;Não;1;0;1;0;1;0;0;1;-25,42073;-50,08476;SPRF-PR;DEL08/PR;UOP02-DEL08-PR
768338;29/04/2026;quarta-feira;23:40:00;GO;60;347,3;SANTO ANTONIO DA BARRA;Transitar no Acostamento;Queda de ocupante de veículo;Com Vítimas Feridas;Plena Noite;Crescente;Céu Claro;Dupla;"Reta;Declive";Não;1;0;1;0;1;0;0;1;-17,577498;-50,687542;SPRF-GO;DEL04/GO;UOP02-DEL04-GO
768339;30/04/2026;quinta-feira;06:50:00;MG;381;484;BETIM;Reação tardia ou ineficiente do condutor;Colisão traseira;Com Vítimas Feridas;Pleno dia;Decrescente;Céu Claro;Dupla;"Aclive;Reta";Não;5;0;2;0;2;3;0;3;-19,95717857;-44,09358351;SPRF-MG;DEL01/MG;UOP03-DEL01-MG
768340;30/04/2026;quinta-feira;00:02:00;SC;280;25,8;ARAQUARI;Ausência de reação do condutor;Saída de leito carroçável;Com Vítimas Feridas;Plena Noite;Decrescente;Chuva;Simples;Reta;Não;2;0;2;0;2;0;0;1;-26,388545;-48,732853;SPRF-SC;DEL03/SC;UOP03-DEL03-SC
768341;30/04/2026;quinta-feira;02:30:00;GO;364;316;PORTELANDIA;Animais na Pista;Atropelamento de Animal;Com Vítimas Feridas;Plena Noite;Crescente;Céu Claro;Simples;"Aclive;Reta";Não;1;0;1;0;1;0;0;1;-17,43388264;-52,61246894;SPRF-GO;DEL05/GO;UOP01-DEL05-GO
768342;30/04/2026;quinta-feira;07:00:00;RJ;101;312;SAO GONCALO;Manobra de mudança de faixa;Colisão lateral mesmo sentido;Com Vítimas Feridas;Amanhecer;Crescente;Sol;Dupla;Reta;Sim;2;0;1;0;1;1;0;2;-22,80563991;-43,0621186;SPRF-RJ;DEL02/RJ;UOP02-DEL02-RJ
768343;30/04/2026;quinta-feira;06:30:00;SC;101;85;BARRA VELHA;Avarias e/ou desgaste excessivo no pneu;Tombamento;Com Vítimas Feridas;Pleno dia;Decrescente;Céu Claro;Múltipla;"Aclive;Reta";Sim;1;0;1;0;1;0;0;1;-26,63534159;-48,69871108;SPRF-SC;DEL03/SC;UOP02-DEL03-SC
768345;30/04/2026;quinta-feira;07:00:00;PR;476;153;ARAUCARIA;Acessar a via sem observar a presença dos outros veículos;Colisão lateral mesmo sentido;Com Vítimas Feridas;Pleno dia;Decrescente;Nublado;Dupla;Reta;Sim;2;0;1;0;1;1;0;2;-25,574494;-49,388593;SPRF-PR;DEL01/PR;UOP06-DEL01-PR
768346;30/04/2026;quinta-feira;06:45:00;MG;381;442;BELO HORIZONTE;Acesso irregular;Colisão transversal;Com Vítimas Feridas;Pleno dia;Decrescente;Céu Claro;Simples;Reta;Sim;3;0;1;0;1;2;0;3;-19,82636367;-43,83587837;SPRF-MG;DEL01/MG;UOP01-DEL01-MG
768347;30/04/2026;quinta-feira;07:30:00;SC;101;212;PALHOCA;Manobra de mudança de faixa;Colisão lateral mesmo sentido;Com Vítimas Feridas;Pleno dia;Decrescente;Céu Claro;Múltipla;Reta;Sim;3;0;0;1;1;1;0;2;-27,627767;-48,656691;SPRF-SC;DEL01/SC;UOP02-DEL01-SC
768348;30/04/2026;quinta-feira;07:30:00;PR;376;168;MARINGA;Condutor deixou de manter distância do veículo da frente;Colisão traseira;Sem Vítimas;Pleno dia;Crescente;Nublado;Dupla;"Declive;Reta";Não;4;0;0;0;0;4;0;2;-23,40591028;-51,99308602;SPRF-PR;DEL09/PR;UOP01-DEL09-PR
768349;30/04/2026;quinta-feira;07:30:00;SP;116;139;SAO JOSE DOS CAMPOS;Manobra de mudança de faixa;Colisão lateral mesmo sentido;Com Vítimas Feridas;Pleno dia;Crescente;Sol;Dupla;Reta;Não;2;0;1;0;1;1;0;2;-23,15963;-45,80059;SPRF-SP;DEL02/SP;UOP01-DEL02-SP
768350;30/04/2026;quinta-feira;07:20:00;RS;290;142;ELDORADO DO SUL;Acessar a via sem observar a presença dos outros veículos;Colisão transversal;Com Vítimas Feridas;Amanhecer;Crescente;Nevoeiro/Neblina;Simples;"Reta;Declive";Sim;2;0;1;0;1;1;0;2;-30,093857;-51,639342;SPRF-RS;DEL02/RS;UOP01-DEL02-RS
768351;30/04/2026;quinta-feira;07:20:00;MG;116;707;MURIAE;Ausência de reação do condutor;Queda de ocupante de veículo;Com Vítimas Feridas;Pleno dia;Crescente;Céu Claro;Simples;Reta;Não;2;0;2;0;2;0;0;1;-21,146464;-42,381356;SPRF-MG;DEL07/MG;UOP02-DEL07-MG
768352;30/04/2026;quinta-feira;07:36:00;GO;40;9;LUZIANIA;Reação tardia ou ineficiente do condutor;Colisão traseira;Com Vítimas Feridas;Pleno dia;Crescente;Céu Claro;Dupla;Reta;Sim;2;0;1;0;1;1;0;2;-16,129177;-47,958983;SPRF-DF;DEL01-DF;UOP01-DEL01-DF
768353;30/04/2026;quinta-feira;08:00:00;GO;40;9,9;LUZIANIA;Acessar a via sem observar a presença dos outros veículos;Colisão transversal;Com Vítimas Feridas;Pleno dia;Crescente;Céu Claro;Dupla;Reta;Sim;2;0;1;0;1;1;0;2;-16,131267;-47,957789;SPRF-DF;DEL01-DF;UOP01-DEL01-DF
768354;30/04/2026;quinta-feira;07:00:00;PR;376;176,8;MARINGA;Acumulo de areia ou detritos sobre o pavimento;Tombamento;Com Vítimas Feridas;Pleno dia;Decrescente;Nublado;Dupla;Reta;Sim;2;0;2;0;2;0;0;1;-23,4123494;-51,93278996;SPRF-PR;DEL09/PR;UOP01-DEL09-PR
768355;30/04/2026;quinta-feira;07:40:00;SP;381;84;SAO PAULO;Ausência de reação do condutor;Tombamento;Com Vítimas Feridas;Pleno dia;Decrescente;Céu Claro;Múltipla;Reta;Sim;2;0;1;0;1;1;0;1;-23,44929494;-46,56996667;SPRF-SP;DEL03/SP;UOP01-DEL03-SP
768356;30/04/2026;quinta-feira;07:30:00;RS;290;105;ELDORADO DO SUL;Reação tardia ou ineficiente do condutor;Colisão com objeto;Com Vítimas Feridas;Pleno dia;Decrescente;Nevoeiro/Neblina;Simples;Reta;Não;1;0;1;0;1;0;0;1;-29,99753036;-51,29012801;SPRF-RS;DEL02/RS;UOP01-DEL02-RS
768357;30/04/2026;quinta-feira;07:05:00;SC;101;208;SAO JOSE;Objeto estático sobre o leito carroçável;Queda de ocupante de veículo;Com Vítimas Feridas;Pleno dia;Decrescente;Céu Claro;Dupla;Reta;Sim;1;0;1;0;1;0;0;1;-27,61011;-48,638737;SPRF-SC;DEL01/SC;UOP01-DEL01-SC
768358;30/04/2026;quinta-feira;08:10:00;ES;101;295,3;CARIACICA;Manobra de mudança de faixa;Colisão lateral mesmo sentido;Com Vítimas Feridas;Pleno dia;Crescente;Céu Claro;Dupla;Reta;Sim;2;0;1;0;1;1;0;2;-20,334009;-40,401239;SPRF-ES;DEL01-ES;UOP01-DEL01-ES
768360;30/04/2026;quinta-feira;07:00:00;MG;381;327;NOVA ERA;Acessar a via sem observar a presença dos outros veículos;Colisão transversal;Com Vítimas Feridas;Pleno dia;Decrescente;Céu Claro;Simples;Interseção de Vias;Não;3;0;1;0;1;2;0;2;-19,775306;-43,045238;SPRF-MG;DEL03/MG;UOP02-DEL03-MG
768363;30/04/2026;quinta-feira;08:15:00;PR;116;88;PIRAQUARA;Demais falhas mecânicas ou elétricas;Incêndio;Sem Vítimas;Pleno dia;Crescente;Nublado;Dupla;"Declive;Reta";Sim;2;0;0;0;0;2;0;1;-25,47815697;-49,09964919;SPRF-PR;DEL01/PR;UOP08-DEL01-PR
768364;30/04/2026;quinta-feira;07:38:00;BA;324;623;SALVADOR;Manobra de mudança de faixa;Engavetamento;Com Vítimas Feridas;Pleno dia;Crescente;Nublado;Dupla;"Declive;Interseção de Vias";Sim;5;0;1;0;1;3;0;5;-12,9429768;-38,4694832;SPRF-BA;DEL01/BA;UOP01-DEL01-BA
768365;20/03/2026;sexta-feira;20:45:00;RJ;116;174;SAO JOAO DE MERITI;Manobra de mudança de faixa;Queda de ocupante de veículo;Com Vítimas Feridas;Plena Noite;Decrescente;Céu Claro;Dupla;Reta;Sim;3;0;2;0;2;1;0;2;-22,793161;-43,366364;SPRF-RJ;DEL06/RJ;UOP01-DEL06-RJ
768366;30/04/2026;quinta-feira;08:15:00;SE;101;93;NOSSA SENHORA DO SOCORRO;Reação tardia ou ineficiente do condutor;Colisão traseira;Com Vítimas Feridas;Pleno dia;Crescente;Chuva;Dupla;Reta;Sim;2;0;1;0;1;1;0;2;-10,90352526;-37,14728443;SPRF-SE;DEL01-SE;UOP01-DEL01-SE
768367;25/03/2026;quarta-feira;17:19:00;MG;381;484;BETIM;Ausência de reação do condutor;Colisão traseira;Sem Vítimas;Pleno dia;Crescente;Céu Claro;Dupla;Reta;Sim;2;0;0;0;0;1;0;2;-19,95715084;-44,09338335;SPRF-MG;DEL01/MG;UOP03-DEL01-MG
768368;30/04/2026;quinta-feira;08:08:00;DF;80;21,8;BRASILIA;Acessar a via sem observar a presença dos outros veículos;Colisão transversal;Com Vítimas Feridas;Pleno dia;Crescente;Céu Claro;Dupla;"Reta;Em Obras";Sim;2;0;1;0;1;1;0;2;-15,65843;-48,20281;SPRF-DF;DEL03-DF;UOP02-DEL03-DF
768369;30/04/2026;quinta-feira;08:00:00;MG;381;479;CONTAGEM;Reação tardia ou ineficiente do condutor;Colisão traseira;Com Vítimas Feridas;Pleno dia;Decrescente;Céu Claro;Múltipla;Reta;Sim;2;0;1;0;1;1;0;2;-19,96272497;-44,04037921;SPRF-MG;DEL01/MG;UOP03-DEL01-MG
768370;30/04/2026;quinta-feira;08:30:00;ES;101;129,9;LINHARES;Reação tardia ou ineficiente do condutor;Colisão com objeto;Com Vítimas Feridas;Pleno dia;Crescente;Céu Claro;Simples;"Aclive;Reta";Não;1;0;0;1;1;0;0;1;-19,22855;-40,092863;SPRF-ES;DEL04-ES;UOP01-DEL04-ES
768371;30/04/2026;quinta-feira;09:05:00;MG;381;495;BETIM;Reação tardia ou ineficiente do condutor;Colisão traseira;Com Vítimas Feridas;Pleno dia;Crescente;Céu Claro;Dupla;Reta;Sim;2;0;1;0;1;1;0;2;-19,96963353;-44,18161059;SPRF-MG;DEL01/MG;UOP03-DEL01-MG
768373;30/04/2026;quinta-feira;07:40:00;RJ;116;184;NOVA IGUACU;Velocidade Incompatível;Colisão traseira;Com Vítimas Feridas;Amanhecer;Decrescente;Céu Claro;Dupla;Reta;Não;2;0;1;0;1;1;0;2;-22,74101994;-43,49987268;SPRF-RJ;DEL06/RJ;UOP01-DEL06-RJ
768375;30/04/2026;quinta-feira;08:45:00;GO;60;168;GOIANIA;Acessar a via sem observar a presença dos outros veículos;Colisão traseira;Com Vítimas Feridas;Pleno dia;Decrescente;Sol;Dupla;Aclive;Sim;2;0;0;1;1;1;0;2;-16,730685;-49,389992;SPRF-GO;DEL01/GO;UOP02-DEL01-GO
768377;30/04/2026;quinta-feira;06:20:00;RS;285;253,9;AGUA SANTA;Ultrapassagem Indevida;Colisão frontal;Com Vítimas Feridas;Amanhecer;Decrescente;Nevoeiro/Neblina;Simples;"Aclive;Reta";Não;11;0;6;4;10;1;0;2;-28,2994756;-52,01306764;SPRF-RS;DEL08/RS;UOP03-DEL08-RS
768378;30/04/2026;quinta-feira;08:35:00;PB;101;88,6;JOAO PESSOA;Manobra de mudança de faixa;Colisão lateral mesmo sentido;Com Vítimas Feridas;Pleno dia;Decrescente;Céu Claro;Dupla;"Reta;Rotatória";Sim;3;0;1;1;2;1;0;2;-7,1643492;-34,863029;SPRF-PB;DEL01-PB;UOP01-DEL01-PB
768379;30/04/2026;quinta-feira;08:20:00;MG;153;3;ARAPORA;Acumulo de areia ou detritos sobre o pavimento;Queda de ocupante de veículo;Com Vítimas Feridas;Pleno dia;Crescente;Céu Claro;Dupla;"Reta;Declive";Sim;1;0;1;0;1;0;0;1;-18,439058;-49,188759;SPRF-MG;DEL15/MG;UOP03-DEL15-MG
768380;30/04/2026;quinta-feira;08:23:00;RS;153;405,9;CACHOEIRA DO SUL;Acessar a via sem observar a presença dos outros veículos;Colisão transversal;Com Vítimas Feridas;Pleno dia;Decrescente;Sol;Simples;Curva;Sim;2;0;1;0;1;1;0;2;-30,01376;-52,921627;SPRF-RS;DEL02/RS;UOP03-DEL02-RS
768381;30/04/2026;quinta-feira;06:50:00;PB;230;452,5;SOUSA;Manobra de mudança de faixa;Colisão transversal;Com Vítimas Feridas;Pleno dia;Decrescente;Sol;Simples;Reta;Não;2;0;1;0;1;1;0;2;-6,782258;-38,14272;SPRF-PB;DEL03-PB;UOP03-DEL03-PB
768383;16/02/2026;segunda-feira;07:15:00;PR;272;369,7;CAMPO MOURAO;Reação tardia ou ineficiente do condutor;Colisão transversal;Com Vítimas Feridas;Pleno dia;Crescente;Céu Claro;Simples;Reta;Não;6;0;5;0;5;1;0;2;-24,061992;-52,42639;SPRF-PR;DEL09/PR;UOP03-DEL09-PR
768385;30/04/2026;quinta-feira;05:30:00;RJ;40;105;DUQUE DE CAXIAS;Ultrapassagem Indevida;Atropelamento de Pedestre;Com Vítimas Feridas;Pleno dia;Crescente;Céu Claro;Dupla;Reta;Sim;2;0;1;0;1;1;0;2;-22,64254515;-43,28388893;SPRF-RJ;DEL01/RJ;UOP02-DEL01-RJ
768386;30/04/2026;quinta-feira;09:20:00;MG;381;883;ESTIVA;Reação tardia ou ineficiente do condutor;Colisão traseira;Com Vítimas Feridas;Pleno dia;Decrescente;Céu Claro;Dupla;Curva;Não;3;0;2;0;2;1;0;2;-22,4849077;-46,0105065;SPRF-MG;DEL16/MG;UOP01-DEL16-MG
768387;30/04/2026;quinta-feira;09:35:00;PE;232;128;CARUARU;Acesso irregular;Colisão frontal;Com Vítimas Feridas;Pleno dia;Crescente;Céu Claro;Simples;Reta;Sim;2;0;1;0;1;1;0;2;-8,30335;-35,97707;SPRF-PE;DEL02/PE;UOP03-DEL02-PE
768389;30/04/2026;quinta-feira;08:15:00;PR;376;434,4;TIBAGI;Reação tardia ou ineficiente do condutor;Colisão com objeto;Sem Vítimas;Pleno dia;Crescente;Chuva;Dupla;"Curva;Declive";Não;1;0;0;0;0;1;0;1;-24,805196;-50,488706;SPRF-PR;DEL03/PR;UOP02-DEL03-PR
768390;30/04/2026;quinta-feira;07:10:00;PR;163;167,9;LINDOESTE;Demais falhas mecânicas ou elétricas;Saída de leito carroçável;Com Vítimas Feridas;Pleno dia;Decrescente;Céu Claro;Dupla;Declive;Sim;1;0;1;0;1;0;0;1;-25,25534536;-53,57702348;SPRF-PR;DEL05/PR;UOP05-DEL05-PR
768391;30/04/2026;quinta-feira;10:00:00;ES;101;141;LINHARES;Reação tardia ou ineficiente do condutor;Colisão lateral mesmo sentido;Com Vítimas Feridas;Pleno dia;Crescente;Céu Claro;Simples;Reta;Sim;3;0;2;0;2;1;0;2;-19,327163;-40,0719482;SPRF-ES;DEL04-ES;UOP01-DEL04-ES