id;data_inversa;dia_semana;horario;uf;br;km;municipio;causa_acidente;tipo_acidente;classificacao_acidente;fase_dia;sentido_via;condicao_metereologica;tipo_pista;tracado_via;uso_solo;pessoas;mortos;feridos_leves;feridos_graves;feridos;ilesos;ignorados;veiculos;latitude;longitude;regional;delegacia;uop
768393;30/04/2026;quinta-feira;09:53:00;PR;376;441;TIBAGI;Velocidade Incompatível;Saída de leito carroçável;Com Vítimas Feridas;Pleno dia;Crescente;Garoa/Chuvisco;Dupla;Curva;Não;1;0;1;0;1;0;0;1;-24,856096;-50,45986;SPRF-PR;DEL03/PR;UOP02-DEL03-PR
768394;30/04/2026;quinta-feira;10:35:00;ES;101;4,6;ICONHA;Manobra de mudança de faixa;Colisão com objeto;Com Vítimas Feridas;Pleno dia;Decrescente;Céu Claro;Dupla;Curva;Não;4;0;2;0;2;2;0;1;-20,80297;-40,825825;SPRF-ES;DEL03-ES;UOP02-DEL03-ES
768395;14/04/2026;terça-feira;16:50:00;MG;116;377,1;MATHIAS LOBATO;Conversão proibida;Colisão traseira;Com Vítimas Feridas;Pleno dia;Crescente;Céu Claro;Simples;"Aclive;Reta";Não;2;0;2;0;2;0;0;2;-18,586494;-41,924323;SPRF-MG;DEL06/MG;UOP01-DEL06-MG
768396;30/04/2026;quinta-feira;08:21:00;RO;319;121;PORTO VELHO;Ausência de reação do condutor;Saída de leito carroçável;Com Vítimas Feridas;Pleno dia;Crescente;Céu Claro;Simples;Reta;Não;1;0;1;0;1;0;0;1;-8,65614;-63,99543;SPRF-RO;DEL01-RO;UOP01-DEL01-RO
768397;29/04/2026;quarta-feira;09:57:00;PI;316;10,1;TERESINA;Condutor Dormindo;Colisão com objeto;Com Vítimas Feridas;Pleno dia;Crescente;Céu Claro;Múltipla;Reta;Sim;1;0;1;0;1;0;0;1;-5,183639;-42,763583;SPRF-PI;DEL01-PI;UOP02-DEL01-PI
768399;30/04/2026;quinta-feira;10:50:00;SC;101;197,7;BIGUACU;Condutor deixou de manter distância do veículo da frente;Queda de ocupante de veículo;Com Vítimas Feridas;Pleno dia;Crescente;Céu Claro;Dupla;Reta;Sim;1;0;1;0;1;0;0;1;-27,524458;-48,636688;SPRF-SC;DEL01/SC;UOP01-DEL01-SC
768400;30/04/2026;quinta-feira;10:30:00;PR;376;180,5;MARINGA;Manobra de mudança de faixa;Colisão lateral mesmo sentido;Com Vítimas Feridas;Pleno dia;Decrescente;Céu Claro;Múltipla;Viaduto;Sim;3;0;1;1;2;1;0;2;-23,42461837;-51,8996631;SPRF-PR;DEL09/PR;UOP01-DEL09-PR
768401;30/04/2026;quinta-feira;10:20:00;PE;101;105,5;CABO DE SANTO AGOSTINHO;Reação tardia ou ineficiente do condutor;Saída de leito carroçável;Com Vítimas Feridas;Pleno dia;Crescente;Céu Claro;Dupla;Curva;Não;7;0;5;1;6;1;0;1;-8,307123;-35,071927;SPRF-PE;DEL01/PE;UOP03-DEL01-PE
768402;30/04/2026;quinta-feira;10:00:00;GO;60;357;RIO VERDE;Demais falhas mecânicas ou elétricas;Tombamento;Com Vítimas Feridas;Pleno dia;Decrescente;Sol;Dupla;"Aclive;Reta";Não;2;0;2;0;2;0;0;1;-17,621647;-50,759755;SPRF-GO;DEL04/GO;UOP02-DEL04-GO
768403;30/04/2026;quinta-feira;10:50:00;BA;324;566;SAO SEBASTIAO DO PASSE;Condutor Dormindo;Saída de leito carroçável;Com Vítimas Feridas;Pleno dia;Decrescente;Sol;Dupla;Reta;Não;1;0;1;0;1;0;0;1;-12,531043;-38,601127;SPRF-BA;DEL01/BA;UOP01-DEL01-BA
768404;30/04/2026;quinta-feira;11:30:00;PR;116;210,9;RIO NEGRO;Acessar a via sem observar a presença dos outros veículos;Colisão transversal;Sem Vítimas;Pleno dia;Crescente;Nublado;Simples;Interseção de Vias;Sim;2;0;0;0;0;1;0;2;-26,099405;-49,780667;SPRF-SC;DEL06/SC;UOP01-DEL06-SC
768405;30/04/2026;quinta-feira;11:23:00;RS;290;145;ELDORADO DO SUL;Acessar a via sem observar a presença dos outros veículos;Colisão transversal;Com Vítimas Feridas;Pleno dia;Decrescente;Céu Claro;Simples;Reta;Sim;2;0;0;1;1;1;0;2;-30,100603;-51,656865;SPRF-RS;DEL02/RS;UOP01-DEL02-RS
768407;30/04/2026;quinta-feira;09:18:00;RO;364;424,2;JARU;Desrespeitar a preferência no cruzamento;Colisão transversal;Com Vítimas Feridas;Pleno dia;Decrescente;Céu Claro;Simples;"Interseção de Vias;Reta";Sim;2;0;1;0;1;1;0;2;-10,44311464;-62,46686697;SPRF-RO;DEL03-RO;UOP02-DEL03-RO
768408;30/04/2026;quinta-feira;12:00:00;SE;101;104,2;SAO CRISTOVAO;Chuva;Colisão com objeto;Sem Vítimas;Pleno dia;Decrescente;Chuva;Dupla;Curva;Sim;1;0;0;0;0;1;0;1;-10,95662244;-37,22648319;SPRF-SE;DEL02-SE;UOP01-DEL02-SE
768409;30/04/2026;quinta-feira;12:00:00;SE;235;56;ITABAIANA;Retorno proibido;Colisão transversal;Com Vítimas Feridas;Pleno dia;Decrescente;Nublado;Simples;Reta;Não;2;0;2;0;2;0;0;2;-10,657185;-37,448933;SPRF-SE;DEL01-SE;UOP02-DEL01-SE
768410;30/04/2026;quinta-feira;12:30:00;PE;232;128;CARUARU;Transitar na contramão;Colisão frontal;Com Vítimas Feridas;Pleno dia;Crescente;Sol;Simples;Reta;Não;2;0;0;1;1;1;0;2;-8,3012436;-35,98325475;SPRF-PE;DEL02/PE;UOP03-DEL02-PE
768411;30/04/2026;quinta-feira;12:10:00;MG;381;344;JOAO MONLEVADE;Reação tardia ou ineficiente do condutor;Tombamento;Com Vítimas Feridas;Pleno dia;Decrescente;Céu Claro;Simples;Reta;Não;2;0;2;0;2;0;0;1;-19,858987;-43,12344;SPRF-MG;DEL03/MG;UOP01-DEL03-MG
768412;30/04/2026;quinta-feira;10:30:00;MG;262;57,5;MANHUACU;Pista esburacada;Colisão traseira;Com Vítimas Feridas;Pleno dia;Crescente;Céu Claro;Simples;Reta;Não;4;0;2;0;2;2;0;2;-20,27329883;-42,19257152;SPRF-MG;DEL06/MG;UOP03-DEL06-MG
768413;30/04/2026;quinta-feira;12:44:00;CE;116;17;ITAITINGA;Condutor deixou de manter distância do veículo da frente;Colisão traseira;Sem Vítimas;Pleno dia;Crescente;Sol;Dupla;Reta;Sim;3;0;0;0;0;2;0;3;-3,899724;-38,504057;SPRF-CE;DEL01/CE;UOP02-DEL01-CE
768414;30/04/2026;quinta-feira;05:30:00;RJ;40;77;PETROPOLIS;Pista Escorregadia;Saída de leito carroçável;Com Vítimas Feridas;Amanhecer;Crescente;Nublado;Simples;Curva;Não;3;0;1;1;2;1;0;2;-22,485933;-43,227135;SPRF-RJ;DEL01/RJ;UOP01-DEL01-RJ
768415;30/04/2026;quinta-feira;11:15:00;SC;163;84;GUARACIABA;Reação tardia ou ineficiente do condutor;Colisão traseira;Sem Vítimas;Pleno dia;Crescente;Céu Claro;Simples;"Aclive;Reta";Não;4;0;0;0;0;3;0;3;-26,61116348;-53,51799809;SPRF-SC;DEL07/SC;UOP03-DEL07-SC
768416;03/03/2026;terça-feira;19:25:00;PI;135;355;BOM JESUS;Entrada inopinada do pedestre;Atropelamento de Pedestre;Com Vítimas Feridas;Plena Noite;Crescente;Céu Claro;Simples;Reta;Sim;2;0;0;1;1;0;0;2;-9,100192;-44,365835;SPRF-PI;DEL03-PI;UOP02-DEL03-PI
768419;30/04/2026;quinta-feira;07:30:00;MS;158;147,9;APARECIDA DO TABOADO;Animais na Pista;Tombamento;Com Vítimas Feridas;Pleno dia;Crescente;Céu Claro;Dupla;Reta;Não;1;0;0;1;1;0;0;1;-20,091561;-51,148984;SPRF-MS;DEL08/MS;UOP01-DEL08-MS
768421;30/04/2026;quinta-feira;12:00:00;RS;470;213;BENTO GONCALVES;Entrada inopinada do pedestre;Atropelamento de Pedestre;Com Vítimas Feridas;Pleno dia;Decrescente;Céu Claro;Simples;"Curva;Interseção de Vias";Sim;3;0;0;1;1;1;0;2;-29,145159;-51,532732;SPRF-RS;DEL06/RS;UOP01-DEL06-RS
768422;30/04/2026;quinta-feira;13:20:00;SC;101;206;SAO JOSE;Acessar a via sem observar a presença dos outros veículos;Colisão lateral mesmo sentido;Com Vítimas Feridas;Pleno dia;Decrescente;Céu Claro;Dupla;Reta;Sim;3;0;2;0;2;1;0;2;-27,59400542;-48,61855435;SPRF-SC;DEL01/SC;UOP01-DEL01-SC
768424;30/04/2026;quinta-feira;11:31:00;SC;101;87;BARRA VELHA;Acessar a via sem observar a presença dos outros veículos;Colisão transversal;Com Vítimas Feridas;Pleno dia;Crescente;Céu Claro;Simples;"Declive;Reta;Interseção de Vias";Sim;2;0;1;0;1;1;0;2;-26,64511605;-48,68801443;SPRF-SC;DEL03/SC;UOP02-DEL03-SC
768426;30/04/2026;quinta-feira;13:00:00;ES;262;170;IBATIBA;Reação tardia ou ineficiente do condutor;Saída de leito carroçável;Com Vítimas Feridas;Pleno dia;Crescente;Sol;Simples;Curva;Não;6;0;1;0;1;4;0;2;-20,264713;-41,590855;SPRF-ES;DEL01-ES;UOP02-DEL01-ES
768429;30/04/2026;quinta-feira;10:30:00;PE;232;80;GRAVATA;Ultrapassagem Indevida;Colisão lateral sentido oposto;Com Vítimas Feridas;Pleno dia;Crescente;Céu Claro;Simples;Reta;Sim;2;0;1;0;1;1;0;2;-8,19642937;-35,57554213;SPRF-PE;DEL02/PE;UOP02-DEL02PE
768430;30/04/2026;quinta-feira;13:10:00;PI;230;306;FLORIANO;Entrada inopinada do pedestre;Atropelamento de Pedestre;Com Vítimas Feridas;Pleno dia;Decrescente;Céu Claro;Simples;Reta;Sim;2;0;1;0;1;1;0;2;-6,796502;-42,978565;SPRF-PI;DEL03-PI;UOP01-DEL03-PI
768431;30/04/2026;quinta-feira;14:36:00;PR;116;125;FAZENDA RIO GRANDE;Ausência de reação do condutor;Tombamento;Com Vítimas Feridas;Pleno dia;Crescente;Céu Claro;Dupla;Reta;Sim;1;0;0;1;1;0;0;1;-25,63690733;-49,31331245;SPRF-PR;DEL01/PR;UOP03-DEL01-PR
768436;30/04/2026;quinta-feira;12:29:00;MS;163;478;CAMPO GRANDE;Ausência de reação do condutor;Colisão traseira;Com Vítimas Feridas;Pleno dia;Crescente;Céu Claro;Simples;Reta;Sim;2;0;2;0;2;0;0;2;-20,48329037;-54,55924122;SPRF-MS;DEL01/MS;UOP01-DEL01-MS
768438;30/04/2026;quinta-feira;14:45:00;SP;116;156,7;SAO JOSE DOS CAMPOS;Avarias e/ou desgaste excessivo no pneu;Tombamento;Com Vítimas Feridas;Pleno dia;Crescente;Céu Claro;Dupla;"Reta;Declive";Sim;2;0;2;0;2;0;0;1;-23,253612;-45,941181;SPRF-SP;DEL02/SP;UOP01-DEL02-SP
768440;30/04/2026;quinta-feira;10:30:00;RO;429;218;SAO FRANCISCO DO GUAPORE;Transitar na contramão;Tombamento;Com Vítimas Fatais;Pleno dia;Decrescente;Sol;Simples;Reta;Não;3;1;2;0;2;0;0;2;-12,04905775;-63,42166901;SPRF-RO;DEL02-RO;UOP03-DEL02-RO
768441;30/04/2026;quinta-feira;15:20:00;PE;101;82;JABOATAO DOS GUARARAPES;Reação tardia ou ineficiente do condutor;Colisão lateral mesmo sentido;Com Vítimas Feridas;Pleno dia;Crescente;Céu Claro;Dupla;Reta;Sim;2;0;1;0;1;1;0;2;-8,168415;-34,937982;SPRF-PE;DEL01/PE;UOP01-DEL01-PE
768442;30/04/2026;quinta-feira;13:20:00;RJ;101;12;CAMPOS DOS GOYTACAZES;Ausência de reação do condutor;Queda de ocupante de veículo;Com Vítimas Feridas;Pleno dia;Crescente;Céu Claro;Simples;"Interseção de Vias;Rotatória";Não;2;0;2;0;2;0;0;1;-21,44763831;-41,34321974;SPRF-RJ;DEL08/RJ;UOP01-DEL08-RJ
768443;30/04/2026;quinta-feira;15:12:00;TO;153;334,4;GUARAI;Acessar a via sem observar a presença dos outros veículos;Colisão transversal;Com Vítimas Feridas;Pleno dia;Decrescente;Céu Claro;Simples;"Reta;Interseção de Vias";Sim;3;0;1;0;1;2;0;2;-8,83726214;-48,5122776;SPRF-TO;DEL02-TO;UOP02-DEL02-TO
768444;25/04/2026;sábado;17:40:00;BA;116;800;VITORIA DA CONQUISTA;Reação tardia ou ineficiente do condutor;Queda de ocupante de veículo;Com Vítimas Feridas;Anoitecer;Crescente;Céu Claro;Simples;Reta;Não;2;0;0;1;1;0;0;2;-14,76755439;-40,71074277;SPRF-BA;DEL08/BA;UOP02-DEL08-BA
768445;24/04/2026;sexta-feira;07:15:00;GO;50;277;CATALAO;Reação tardia ou ineficiente do condutor;Colisão lateral mesmo sentido;Com Vítimas Feridas;Pleno dia;Crescente;Ignorado;Dupla;Curva;Não;2;0;0;1;1;1;0;2;-18,164378;-47,910286;SPRF-GO;DEL06/GO;UOP01-DEL06-GO
768447;30/04/2026;quinta-feira;15:10:00;PR;277;533,8;GUARANIACU;Desrespeitar a preferência no cruzamento;Colisão transversal;Com Vítimas Feridas;Pleno dia;Crescente;Céu Claro;Simples;"Reta;Interseção de Vias";Não;3;0;1;1;2;1;0;2;-25,0971194;-52,967975;SPRF-PR;DEL04/PR;UOP04-DEL04-PR
768448;30/04/2026;quinta-feira;14:58:00;PE;408;45,4;NAZARE DA MATA;Acessar a via sem observar a presença dos outros veículos;Colisão lateral sentido oposto;Sem Vítimas;Pleno dia;Decrescente;Nublado;Simples;Reta;Sim;3;0;0;0;0;2;0;2;-7,7494005;-35,2336484;SPRF-PE;DEL01/PE;UOP01-DEL01-PE
768451;30/04/2026;quinta-feira;13:45:00;RJ;101;484;ANGRA DOS REIS;Trafegar com motocicleta (ou similar) entre as faixas;Colisão lateral mesmo sentido;Com Vítimas Feridas;Pleno dia;Crescente;Sol;Simples;Reta;Sim;2;0;1;0;1;0;0;2;-22,987538;-44,301673;SPRF-RJ;DEL03/RJ;UOP03-DEL03-RJ
768452;30/04/2026;quinta-feira;14:10:00;MG;40;659,7;CARANDAI;Reação tardia ou ineficiente do condutor;Colisão com objeto;Com Vítimas Fatais;Pleno dia;Crescente;Sol;Simples;"Retorno Regulamentado;Reta";Não;1;1;0;0;0;0;0;1;-20,892375;-43,81766;SPRF-MG;DEL05/MG;UOP02-DEL05-MG
768454;30/04/2026;quinta-feira;16:15:00;MG;40;513;RIBEIRAO DAS NEVES;Manobra de mudança de faixa;Colisão lateral mesmo sentido;Com Vítimas Feridas;Pleno dia;Decrescente;Céu Claro;Dupla;Reta;Não;2;0;1;0;1;1;0;2;-19,798265;-44,105244;SPRF-MG;DEL01/MG;UOP02-DEL01-MG
768456;30/04/2026;quinta-feira;15:30:00;RJ;101;294;ITABORAI;Manobra de mudança de faixa;Colisão lateral mesmo sentido;Com Vítimas Feridas;Pleno dia;Decrescente;Céu Claro;Dupla;Reta;Sim;2;0;1;0;1;0;0;2;-22,75917455;-42,89602941;SPRF-RJ;DEL02/RJ;UOP02-DEL02-RJ
768457;30/04/2026;quinta-feira;15:00:00;PI;343;345;TERESINA;Manobra de mudança de faixa;Colisão transversal;Com Vítimas Feridas;Pleno dia;Decrescente;Céu Claro;Simples;Reta;Sim;2;0;1;0;1;1;0;2;-5,107135;-42,768458;SPRF-PI;DEL01-PI;UOP01-DEL01-PI
768458;30/04/2026;quinta-feira;13:30:00;PR;277;509,7;GUARANIACU;Ausência de reação do condutor;Saída de leito carroçável;Com Vítimas Feridas;Pleno dia;Decrescente;Céu Claro;Simples;Reta;Não;1;0;0;1;1;0;0;1;-25,124992;-52,74641;SPRF-PR;DEL04/PR;UOP04-DEL04-PR
768459;30/04/2026;quinta-feira;15:35:00;DF;20;21;BRASILIA;Manobra de mudança de faixa;Colisão lateral mesmo sentido;Com Vítimas Feridas;Pleno dia;Crescente;Céu Claro;Dupla;Aclive;Sim;6;0;1;0;1;5;0;3;-15,602795;-47,683444;SPRF-DF;DEL02-DF;UOP01-DEL02-DF
768461;30/04/2026;quinta-feira;16:10:00;ES;101;144,9;LINHARES;Pedestre cruzava a pista fora da faixa;Atropelamento de Pedestre;Com Vítimas Feridas;Pleno dia;Crescente;Céu Claro;Dupla;Reta;Sim;3;0;2;1;3;0;0;2;-19,359383;-40,064793;SPRF-ES;DEL04-ES;UOP01-DEL04-ES
768463;30/04/2026;quinta-feira;14:00:00;MS;359;221;COXIM;Demais falhas mecânicas ou elétricas;Incêndio;Sem Vítimas;Pleno dia;Crescente;Sol;Simples;"Declive;Curva";Não;3;0;0;0;0;3;0;1;-18,505306;-54,647588;SPRF-MS;DEL06/MS;UOP01-DEL06-MS
768467;30/04/2026;quinta-feira;17:00:00;GO;60;101;ANAPOLIS;Trafegar com motocicleta (ou similar) entre as faixas;Colisão lateral mesmo sentido;Sem Vítimas;Pleno dia;Crescente;Sol;Dupla;Retorno Regulamentado;Sim;3;0;0;0;0;3;0;3;-16,4024532;-48,97633195;SPRF-GO;DEL02/GO;UOP01-DEL02-GO
768471;30/04/2026;quinta-feira;17:00:00;MG;50;180;UBERABA;Manobra de mudança de faixa;Colisão lateral mesmo sentido;Com Vítimas Feridas;Pleno dia;Decrescente;Céu Claro;Múltipla;"Interseção de Vias;Rotatória";Sim;2;0;1;0;1;1;0;2;-19,777627;-47,922052;SPRF-MG;DEL13/MG;UOP01-DEL13-MG
768474;30/04/2026;quinta-feira;16:35:00;ES;393;41;MUQUI;Pista esburacada;Capotamento;Com Vítimas Feridas;Pleno dia;Crescente;Céu Claro;Simples;Reta;Não;2;0;1;1;2;0;0;1;-20,96007964;-41,44227693;SPRF-ES;DEL03-ES;UOP02-DEL03-ES
768475;30/04/2026;quinta-feira;17:00:00;DF;40;2;BRASILIA;Manobra de mudança de faixa;Colisão lateral mesmo sentido;Com Vítimas Feridas;Pleno dia;Crescente;Céu Claro;Dupla;Reta;Sim;4;0;2;0;2;1;0;3;-15,9976;-47,985385;SPRF-DF;DEL01-DF;UOP01-DEL01-DF
768476;30/04/2026;quinta-feira;14:15:00;MT;364;270,9;JACIARA;Reação tardia ou ineficiente do condutor;Colisão traseira;Com Vítimas Feridas;Pleno dia;Decrescente;Céu Claro;Dupla;Declive;Sim;4;0;2;0;2;2;0;2;-15,96991115;-54,95223999;SPRF-MT;DEL05/MT;UOP02-DEL05-MT
768477;30/04/2026;quinta-feira;16:20:00;PR;376;180,5;MARINGA;Condutor deixou de manter distância do veículo da frente;Colisão traseira;Com Vítimas Feridas;Pleno dia;Decrescente;Nublado;Dupla;"Declive;Reta";Sim;3;0;1;0;1;2;0;2;-23,42483294;-51,89920871;SPRF-PR;DEL09/PR;UOP01-DEL09-PR
768478;30/04/2026;quinta-feira;17:10:00;RS;290;92;PORTO ALEGRE;Ausência de reação do condutor;Colisão traseira;Com Vítimas Feridas;Pleno dia;Crescente;Céu Claro;Dupla;Reta;Sim;2;0;1;0;1;1;0;2;-29,96995726;-51,17951916;SPRF-RS;DEL01/RS;UOP01-DEL01-RS
768479;30/04/2026;quinta-feira;15:35:00;BA;367;54;SANTA CRUZ CABRALIA;Reação tardia ou ineficiente do condutor;Atropelamento de Pedestre;Com Vítimas Feridas;Pleno dia;Crescente;Céu Claro;Simples;Reta;Não;3;0;0;1;1;2;0;3;-16,3809394;-39,32680003;SPRF-BA;DEL09/BA;UOP03-DEL09-BA
768480;30/04/2026;quinta-feira;16:45:00;DF;70;6;BRASILIA;Condutor deixou de manter distância do veículo da frente;Colisão traseira;Com Vítimas Feridas;Pleno dia;Decrescente;Céu Claro;Múltipla;Reta;Sim;5;0;4;1;5;0;0;2;-15,7952321;-48,1990865;SPRF-DF;DEL03-DF;UOP02-DEL03-DF
768482;30/04/2026;quinta-feira;13:50:00;PB;230;464;SOUSA;Acessar a via sem observar a presença dos outros veículos;Colisão transversal;Com Vítimas Feridas;Pleno dia;Decrescente;Céu Claro;Simples;"Interseção de Vias;Curva";Sim;2;0;0;1;1;1;0;2;-6,78119525;-38,25461984;SPRF-PB;DEL03-PB;UOP03-DEL03-PB
768483;22/04/2026;quarta-feira;19:21:00;SC;282;137;BOM RETIRO;Condutor deixou de manter distância do veículo da frente;Colisão traseira;Com Vítimas Feridas;Plena Noite;Crescente;Céu Claro;Simples;Reta;Sim;3;0;2;0;2;1;0;2;-27,82196569;-49,56762719;SPRF-SC;DEL05/SC;UOP01-DEL05-SC
768484;30/04/2026;quinta-feira;15:45:00;MA;10;251;IMPERATRIZ;Acessar a via sem observar a presença dos outros veículos;Colisão transversal;Com Vítimas Feridas;Pleno dia;Crescente;Céu Claro;Simples;Retorno Regulamentado;Sim;2;0;1;0;1;1;0;2;-5,53757;-47,46793;SPRF-MA;DEL04-MA;UOP01-DEL04-MA
768485;30/04/2026;quinta-feira;17:15:00;PB;230;83;CALDAS BRANDAO;Chuva;Queda de ocupante de veículo;Com Vítimas Feridas;Anoitecer;Crescente;Chuva;Dupla;Curva;Não;1;0;0;1;1;0;0;1;-7,162867;-35,347382;SPRF-PB;DEL01-PB;UOP02-DEL01-PB
768486;30/04/2026;quinta-feira;17:15:00;ES;101;207;JOAO NEIVA;Condutor deixou de manter distância do veículo da frente;Colisão traseira;Com Vítimas Feridas;Anoitecer;Crescente;Céu Claro;Dupla;Reta;Não;2;0;1;0;1;1;0;2;-19,78189663;-40,37174463;SPRF-ES;DEL02-ES;UOP01-DEL02-ES
768487;30/04/2026;quinta-feira;12:00:00;PI;222;160,9;ESPERANTINA;Avarias e/ou desgaste excessivo no pneu;Capotamento;Sem Vítimas;Pleno dia;Decrescente;Nublado;Simples;Reta;Não;3;0;0;0;0;0;1;1;-3,860988;-42,359201;SPRF-PI;DEL02-PI;UOP01-DEL02-PI
768488;30/04/2026;quinta-feira;17:50:00;SP;381;16;BRAGANCA PAULISTA;Reação tardia ou ineficiente do condutor;Tombamento;Com Vítimas Feridas;Plena Noite;Decrescente;Céu Claro;Dupla;"Reta;Declive";Não;1;0;1;0;1;0;0;1;-22,958268;-46,480688;SPRF-SP;DEL03/SP;UOP02-DEL03-SP
768489;30/04/2026;quinta-feira;17:50:00;RJ;101;484;ANGRA DOS REIS;Ausência de reação do condutor;Colisão traseira;Com Vítimas Feridas;Plena Noite;Decrescente;Céu Claro;Simples;Reta;Não;2;0;1;0;1;1;0;2;-22,98770357;-44,29805249;SPRF-RJ;DEL03/RJ;UOP03-DEL03-RJ
768490;30/04/2026;quinta-feira;18:20:00;ES;101;138;LINHARES;Condutor deixou de manter distância do veículo da frente;Engavetamento;Com Vítimas Feridas;Plena Noite;Crescente;Céu Claro;Dupla;Reta;Sim;3;0;1;0;1;1;0;3;-19,317491;-40,07622;SPRF-ES;DEL04-ES;UOP01-DEL04-ES
768491;30/04/2026;quinta-feira;18:15:00;RS;158;327;SANTA MARIA;Transitar na contramão;Colisão lateral sentido oposto;Com Vítimas Feridas;Plena Noite;Crescente;Céu Claro;Dupla;Reta;Sim;2;0;0;1;1;1;0;2;-29,71192805;-53,81832791;SPRF-RS;DEL09/RS;UOP01-DEL09-RS
768493;30/04/2026;quinta-feira;18:00:00;RS;116;254,2;SAPUCAIA DO SUL;Trafegar com motocicleta (ou similar) entre as faixas;Colisão traseira;Com Vítimas Feridas;Plena Noite;Crescente;Céu Claro;Múltipla;Reta;Sim;2;0;1;0;1;1;0;2;-29,82854121;-51,17316616;SPRF-RS;DEL01/RS;UOP02-DEL01-RS
768497;30/04/2026;quinta-feira;18:00:00;SC;280;169;MAFRA;Acessar a via sem observar a presença dos outros veículos;Colisão transversal;Com Vítimas Feridas;Plena Noite;Crescente;Nublado;Simples;"Aclive;Reta";Sim;2;0;1;0;1;1;0;2;-26,152939;-49,812893;SPRF-SC;DEL06/SC;UOP01-DEL06-SC
768499;30/04/2026;quinta-feira;18:10:00;MG;381;485;BETIM;Condutor deixou de manter distância do veículo da frente;Colisão traseira;Com Vítimas Feridas;Plena Noite;Decrescente;Céu Claro;Dupla;Reta;Sim;3;0;2;0;2;1;0;2;-19,95621045;-44,10283176;SPRF-MG;DEL01/MG;UOP03-DEL01-MG
768501;30/04/2026;quinta-feira;16:00:00;RJ;101;207;CASIMIRO DE ABREU;Desrespeitar a preferência no cruzamento;Colisão transversal;Com Vítimas Feridas;Pleno dia;Decrescente;Céu Claro;Simples;"Reta;Interseção de Vias";Sim;2;0;1;0;1;1;0;2;-22,47682444;-42,20206559;SPRF-RJ;DEL08/RJ;UOP04-DEL08-RJ
768502;23/04/2026;quinta-feira;15:00:00;MG;381;190;PERIQUITO;Ingestão de álcool pelo condutor;Saída de leito carroçável;Com Vítimas Feridas;Pleno dia;Crescente;Sol;Simples;Reta;Não;1;0;1;0;1;0;0;1;-19,120547;-42,213232;SPRF-MG;DEL06/MG;UOP01-DEL06-MG
768503;30/04/2026;quinta-feira;15:40:00;RJ;40;111;DUQUE DE CAXIAS;Reação tardia ou ineficiente do condutor;Tombamento;Com Vítimas Feridas;Pleno dia;Crescente;Céu Claro;Múltipla;Reta;Sim;2;0;2;0;2;0;0;1;-22,6989;-43,2897;SPRF-RJ;DEL01/RJ;UOP02-DEL01-RJ
768504;30/04/2026;quinta-feira;18:15:00;RJ;101;268;RIO BONITO;Reação tardia ou ineficiente do condutor;Colisão traseira;Com Vítimas Feridas;Plena Noite;Crescente;Céu Claro;Dupla;Reta;Não;4;0;1;0;1;3;0;2;-22,71522025;-42,6790085;SPRF-RJ;DEL02/RJ;UOP03-DEL02-RJ
768505;30/04/2026;quinta-feira;18:50:00;SP;381;80;SAO PAULO;Ausência de reação do condutor;Colisão traseira;Sem Vítimas;Plena Noite;Decrescente;Céu Claro;Múltipla;Reta;Sim;3;0;0;0;0;3;0;3;-23,421415;-46,577366;SPRF-SP;DEL03/SP;UOP01-DEL03-SP
768506;30/04/2026;quinta-feira;18:15:00;RS;386;75;JABOTICABA;Acessar a via sem observar a presença dos outros veículos;Colisão transversal;Com Vítimas Feridas;Anoitecer;Decrescente;Céu Claro;Simples;Interseção de Vias;Sim;2;0;1;0;1;1;0;2;-27,68292004;-53,30789566;SPRF-RS;DEL08/RS;UOP02-DEL08-RS
768507;30/04/2026;quinta-feira;19:05:00;SP;116;215;GUARULHOS;Ausência de reação do condutor;Colisão traseira;Com Vítimas Feridas;Plena Noite;Decrescente;Céu Claro;Múltipla;Reta;Não;2;0;1;0;1;1;0;2;-23,4240327;-46,3979661;SPRF-SP;DEL01/SP;UOP01-DEL01-SP
768509;30/04/2026;quinta-feira;17:50:00;SP;488;2;APARECIDA;Desrespeitar a preferência no cruzamento;Colisão traseira;Com Vítimas Feridas;Anoitecer;Decrescente;Céu Claro;Dupla;Rotatória;Sim;2;0;1;0;1;1;0;2;-22,84760119;-45,23505656;SPRF-SP;DEL08/SP;UOP01-DEL08-SP
768510;30/04/2026;quinta-feira;18:15:00;BA;116;421;FEIRA DE SANTANA;Manobra de mudança de faixa;Colisão lateral mesmo sentido;Com Vítimas Feridas;Plena Noite;Crescente;Céu Claro;Dupla;Reta;Sim;2;0;1;0;1;1;0;2;-12,2112585;-38,9652658;SPRF-BA;DEL02/BA;UOP01-DEL02-BA
768511;30/04/2026;quinta-feira;18:15:00;RN;101;106;PARNAMIRIM;Condutor deixou de manter distância do veículo da frente;Colisão traseira;Sem Vítimas;Plena Noite;Crescente;Chuva;Múltipla;Reta;Sim;2;0;0;0;0;2;0;2;-5,909437;-35,26123;SPRF-RN;DEL01-RN;UOP01-DEL01-RN