id;data_inversa;dia_semana;horario;uf;br;km;municipio;causa_acidente;tipo_acidente;classificacao_acidente;fase_dia;sentido_via;condicao_metereologica;tipo_pista;tracado_via;uso_solo;pessoas;mortos;feridos_leves;feridos_graves;feridos;ilesos;ignorados;veiculos;latitude;longitude;regional;delegacia;uop
768624;11/04/2026;sábado;02:30:00;RS;116;263;CANOAS;Velocidade Incompatível;Capotamento;Com Vítimas Feridas;Plena Noite;Decrescente;Céu Claro;Dupla;"Em Obras;Reta;Viaduto";Sim;1;0;1;0;1;0;0;1;-29,9066258;-51,1767572;SPRF-RS;DEL01/RS;UOP01-DEL01-RS
768625;01/05/2026;sexta-feira;06:13:00;SP;116;176,6;GUARAREMA;Ausência de reação do condutor;Colisão traseira;Com Vítimas Feridas;Pleno dia;Decrescente;Nublado;Dupla;"Aclive;Reta";Não;2;0;1;0;1;1;0;2;-23,321998;-46,11231;SPRF-SP;DEL01/SP;UOP01-DEL01-SP
768626;01/05/2026;sexta-feira;04:50:00;PB;230;507,5;CAJAZEIRAS;Manobra de mudança de faixa;Colisão lateral mesmo sentido;Com Vítimas Fatais;Plena Noite;Decrescente;Céu Claro;Simples;Reta;Sim;2;1;0;1;1;0;0;2;-6,89733297;-38,57418353;SPRF-PB;DEL03-PB;UOP03-DEL03-PB
768628;01/05/2026;sexta-feira;05:50:00;MG;116;301,3;ITAMBACURI;Condutor Dormindo;Tombamento;Com Vítimas Feridas;Amanhecer;Decrescente;Sol;Simples;Reta;Não;1;0;0;1;1;0;0;1;-18,016205;-41,628165;SPRF-MG;DEL11/MG;UOP01-DEL11-MG
768629;01/05/2026;sexta-feira;04:30:00;PR;376;500;PONTA GROSSA;Ausência de reação do condutor;Saída de leito carroçável;Sem Vítimas;Plena Noite;Decrescente;Ignorado;Dupla;Reta;Não;1;0;0;0;0;0;1;1;-25,199241;-50,073201;SPRF-PR;DEL03/PR;UOP03-DEL03-PR
768630;01/05/2026;sexta-feira;07:00:00;ES;101;293,4;CARIACICA;Ausência de reação do condutor;Tombamento;Com Vítimas Feridas;Pleno dia;Crescente;Céu Claro;Dupla;Reta;Não;2;0;2;0;2;0;0;1;-20,31724053;-40,39599292;SPRF-ES;DEL01-ES;UOP01-DEL01-ES
768631;01/05/2026;sexta-feira;07:16:00;SP;116;176;GUARAREMA;Acessar a via sem observar a presença dos outros veículos;Colisão lateral mesmo sentido;Com Vítimas Feridas;Amanhecer;Decrescente;Nublado;Dupla;Reta;Sim;2;0;1;0;1;1;0;2;-23,321824;-46,107661;SPRF-SP;DEL01/SP;UOP01-DEL01-SP
768632;01/05/2026;sexta-feira;07:15:00;MG;381;501;BETIM;Reação tardia ou ineficiente do condutor;Queda de ocupante de veículo;Com Vítimas Feridas;Pleno dia;Crescente;Céu Claro;Dupla;Reta;Não;1;0;1;0;1;0;0;1;-20,00358285;-44,21264741;SPRF-MG;DEL01/MG;UOP03-DEL01-MG
768637;01/05/2026;sexta-feira;05:00:00;MS;262;461;DOIS IRMAOS DO BURITI;Condutor Dormindo;Saída de leito carroçável;Sem Vítimas;Amanhecer;Decrescente;Céu Claro;Simples;Curva;Não;1;0;0;0;0;1;0;1;-20,54343629;-55,55477142;SPRF-MS;DEL03/MS;UOP01-DEL03-MS
768639;01/05/2026;sexta-feira;06:20:00;PE;101;3;GOIANA;Chuva;Colisão com objeto;Com Vítimas Feridas;Amanhecer;Crescente;Chuva;Dupla;"Curva;Declive";Não;1;0;1;0;1;0;0;1;-7,52359075;-34,9934027;SPRF-PE;DEL01/PE;UOP02-DEL01-PE
768640;01/05/2026;sexta-feira;06:40:00;RJ;101;304;SAO GONCALO;Ausência de reação do condutor;Colisão traseira;Com Vítimas Feridas;Pleno dia;Decrescente;Céu Claro;Dupla;Reta;Sim;2;0;1;0;1;1;0;2;-22,78384643;-42,98142801;SPRF-RJ;DEL02/RJ;UOP02-DEL02-RJ
768641;30/04/2026;quinta-feira;13:10:00;SC;280;131,1;RIO NEGRINHO;Acessar a via sem observar a presença dos outros veículos;Colisão transversal;Com Vítimas Feridas;Pleno dia;Decrescente;Céu Claro;Simples;"Reta;Interseção de Vias";Sim;2;0;1;0;1;1;0;2;-26,256387;-49,540443;SPRF-SC;DEL06/SC;UOP03-DEL06-SC
768643;01/05/2026;sexta-feira;07:15:00;SC;101;194;BIGUACU;Ingestão de álcool pelo condutor;Colisão frontal;Com Vítimas Feridas;Pleno dia;Crescente;Céu Claro;Simples;"Curva;Viaduto";Sim;2;0;1;0;1;1;0;2;-27,4991295;-48,6562926;SPRF-SC;DEL01/SC;UOP01-DEL01-SC
768644;01/05/2026;sexta-feira;08:05:00;ES;101;304,3;VIANA;Manobra de mudança de faixa;Colisão lateral mesmo sentido;Com Vítimas Feridas;Pleno dia;Crescente;Céu Claro;Dupla;Reta;Sim;2;0;1;0;1;1;0;2;-20,38071272;-40,45587516;SPRF-ES;DEL01-ES;UOP01-DEL01-ES
768646;11/04/2026;sábado;22:20:00;PR;376;176,3;MARINGA;Acumulo de areia ou detritos sobre o pavimento;Queda de ocupante de veículo;Com Vítimas Feridas;Plena Noite;Crescente;Ignorado;Dupla;Reta;Sim;1;0;0;1;1;0;0;1;-23,411113;-51,936954;SPRF-PR;DEL09/PR;UOP01-DEL09-PR
768647;01/05/2026;sexta-feira;05:50:00;RO;364;458;ARIQUEMES;Chuva;Tombamento;Com Vítimas Feridas;Amanhecer;Decrescente;Nublado;Simples;Reta;Não;1;0;1;0;1;0;0;1;-10,255985;-62,712697;SPRF-RO;DEL03-RO;UOP02-DEL03-RO
768648;23/04/2026;quinta-feira;12:58:00;PR;163;234,3;TOLEDO;Condutor deixou de manter distância do veículo da frente;Colisão traseira;Com Vítimas Feridas;Pleno dia;Crescente;Céu Claro;Múltipla;"Curva;Aclive";Não;2;0;1;0;1;1;0;2;-24,770231;-53,684911;SPRF-PR;DEL04/PR;UOP01-DEL04-PR
768649;01/05/2026;sexta-feira;07:50:00;RS;287;442;UNISTALDA;Transitar na contramão;Colisão frontal;Com Vítimas Feridas;Pleno dia;Crescente;Nublado;Simples;"Aclive;Reta";Não;2;0;2;0;2;0;0;2;-29,0408815;-55,22843473;SPRF-RS;DEL12/RS;UOP02-DEL12-RS
768650;28/04/2026;terça-feira;07:00:00;MS;463;1;DOURADOS;Acessar a via sem observar a presença dos outros veículos;Colisão lateral mesmo sentido;Com Vítimas Feridas;Pleno dia;Crescente;Céu Claro;Simples;Reta;Sim;3;0;1;0;1;2;0;3;-22,25925658;-54,81081817;SPRF-MS;DEL04/MS;UOP01-DEL04-MS
768652;01/05/2026;sexta-feira;08:20:00;PR;116;125,8;FAZENDA RIO GRANDE;Condutor desrespeitou a iluminação vermelha do semáforo;Colisão transversal;Com Vítimas Feridas;Pleno dia;Decrescente;Nevoeiro/Neblina;Dupla;Interseção de Vias;Sim;4;0;1;2;3;0;0;3;-25,640792;-49,312884;SPRF-PR;DEL01/PR;UOP03-DEL01-PR
768653;01/05/2026;sexta-feira;07:00:00;MG;381;312;NOVA ERA;Conversão proibida;Colisão transversal;Com Vítimas Feridas;Pleno dia;Crescente;Céu Claro;Simples;"Aclive;Curva";Não;5;0;3;0;3;2;0;2;-19,68558653;-42,98404634;SPRF-MG;DEL03/MG;UOP02-DEL03-MG
768654;01/05/2026;sexta-feira;08:15:00;MG;40;562;NOVA LIMA;Velocidade Incompatível;Colisão lateral mesmo sentido;Com Vítimas Feridas;Pleno dia;Crescente;Céu Claro;Dupla;Reta;Não;3;0;2;0;2;1;0;2;-20,13679631;-43,96248735;SPRF-MG;DEL01/MG;UOP02-DEL01-MG
768655;01/05/2026;sexta-feira;06:25:00;RS;285;206,7;LAGOA VERMELHA;Condutor Dormindo;Colisão traseira;Sem Vítimas;Amanhecer;Crescente;Ignorado;Simples;Reta;Não;6;0;0;0;0;5;0;2;-28,220186;-51,589145;SPRF-RS;DEL08/RS;UOP05-DEL08-RS
768656;01/05/2026;sexta-feira;09:02:00;TO;10;442;PORTO NACIONAL;Acesso irregular;Colisão frontal;Com Vítimas Feridas;Pleno dia;Crescente;Céu Claro;Simples;Reta;Não;5;0;1;1;2;3;0;2;-10,412745;-48,31145;SPRF-TO;DEL01-TO;UOP03-DEL01-TO
768657;01/05/2026;sexta-feira;06:15:00;RJ;40;115;DUQUE DE CAXIAS;Reação tardia ou ineficiente do condutor;Colisão traseira;Com Vítimas Feridas;Pleno dia;Crescente;Nublado;Múltipla;Reta;Não;4;0;4;0;4;0;0;2;-22,719123;-43,289915;SPRF-RJ;DEL01/RJ;UOP02-DEL01-RJ
768658;01/05/2026;sexta-feira;09:00:00;PR;277;639,6;CEU AZUL;Condutor deixou de manter distância do veículo da frente;Colisão traseira;Com Vítimas Feridas;Pleno dia;Crescente;Céu Claro;Simples;Reta;Não;3;0;1;0;1;2;0;2;-25,15611221;-53,84930559;SPRF-PR;DEL05/PR;UOP02-DEL05-PR
768659;01/05/2026;sexta-feira;08:00:00;MG;381;708,9;NEPOMUCENO;Reação tardia ou ineficiente do condutor;Colisão com objeto;Sem Vítimas;Pleno dia;Crescente;Céu Claro;Dupla;"Declive;Curva";Não;1;0;0;0;0;0;1;1;-21,345912;-45,176487;SPRF-MG;DEL04/MG;UOP02-DEL04-MG
768660;01/05/2026;sexta-feira;09:00:00;RJ;101;271;RIO BONITO;Problema com o freio;Colisão com objeto;Com Vítimas Feridas;Pleno dia;Decrescente;Céu Claro;Dupla;Curva;Não;1;0;1;0;1;0;0;1;-22,727129;-42,695392;SPRF-RJ;DEL02/RJ;UOP03-DEL02-RJ
768661;11/04/2026;sábado;21:40:00;PB;104;131;CAMPINA GRANDE;Transitar na contramão;Colisão frontal;Com Vítimas Feridas;Plena Noite;Decrescente;Céu Claro;Simples;"Em Obras;Reta";Sim;3;0;1;0;1;2;0;2;-7,27802389;-35,88921548;SPRF-PB;DEL02-PB;UOP03-DEL02-PB
768662;19/04/2026;domingo;09:26:00;SC;101;159,2;PORTO BELO;Ausência de reação do condutor;Colisão traseira;Com Vítimas Feridas;Pleno dia;Decrescente;Sol;Dupla;"Reta;Interseção de Vias";Sim;4;0;2;0;2;2;0;2;-27,20015586;-48,61509204;SPRF-SC;DEL04/SC;UOP03-DEL04-SC
768663;01/05/2026;sexta-feira;09:43:00;ES;101;151;LINHARES;Condutor deixou de manter distância do veículo da frente;Colisão traseira;Com Vítimas Feridas;Pleno dia;Decrescente;Céu Claro;Simples;Ponte;Não;4;0;0;1;1;3;0;2;-19,41237187;-40,06629671;SPRF-ES;DEL04-ES;UOP01-DEL04-ES
768665;01/05/2026;sexta-feira;08:30:00;RJ;40;90;PETROPOLIS;Reação tardia ou ineficiente do condutor;Colisão com objeto;Com Vítimas Feridas;Pleno dia;Decrescente;Garoa/Chuvisco;Simples;"Curva;Aclive";Não;1;0;1;0;1;0;0;1;-22,55525;-43,230027;SPRF-RJ;DEL01/RJ;UOP01-DEL01-RJ
768667;01/05/2026;sexta-feira;09:20:00;BA;324;610;SIMOES FILHO;Condutor deixou de manter distância do veículo da frente;Colisão traseira;Com Vítimas Feridas;Pleno dia;Crescente;Céu Claro;Dupla;Reta;Não;3;0;1;0;1;2;0;3;-12,8265684;-38,4085654;SPRF-BA;DEL01/BA;UOP01-DEL01-BA
768668;01/05/2026;sexta-feira;09:45:00;ES;262;43,7;DOMINGOS MARTINS;Acessar a via sem observar a presença dos outros veículos;Colisão transversal;Com Vítimas Feridas;Pleno dia;Decrescente;Céu Claro;Simples;Reta;Sim;2;0;2;0;2;0;0;2;-20,387748;-40,668363;SPRF-ES;DEL01-ES;UOP01-DEL01-ES
768669;01/05/2026;sexta-feira;09:18:00;SC;101;79,8;ARAQUARI;Reação tardia ou ineficiente do condutor;Colisão lateral mesmo sentido;Com Vítimas Feridas;Pleno dia;Decrescente;Nublado;Dupla;"Curva;Retorno Regulamentado";Não;8;0;2;0;2;6;0;4;-26,5953519;-48,7224662;SPRF-SC;DEL03/SC;UOP02-DEL03-SC
768672;01/05/2026;sexta-feira;10:00:00;SP;116;141,9;SAO JOSE DOS CAMPOS;Trafegar com motocicleta (ou similar) entre as faixas;Colisão traseira;Com Vítimas Feridas;Pleno dia;Decrescente;Céu Claro;Dupla;Reta;Não;3;0;1;1;2;1;0;2;-23,17265;-45,82619;SPRF-SP;DEL02/SP;UOP01-DEL02-SP
768673;01/05/2026;sexta-feira;10:15:00;SP;116;109;TAUBATE;Trafegar com motocicleta (ou similar) entre as faixas;Colisão lateral mesmo sentido;Com Vítimas Feridas;Pleno dia;Decrescente;Sol;Dupla;Reta;Sim;6;0;1;2;3;3;0;5;-23,0256821;-45,53823352;SPRF-SP;DEL02/SP;UOP02-DEL02-SP
768674;01/05/2026;sexta-feira;09:00:00;RJ;101;80;CAMPOS DOS GOYTACAZES;Transitar na contramão;Colisão frontal;Com Vítimas Feridas;Pleno dia;Decrescente;Céu Claro;Simples;Reta;Não;7;0;4;2;6;1;0;2;-21,83406828;-41,44009206;SPRF-RJ;DEL08/RJ;UOP02-DEL08-RJ
768675;01/05/2026;sexta-feira;09:25:00;PE;101;152,3;RIBEIRAO;Acumulo de água sobre o pavimento;Colisão com objeto;Com Vítimas Feridas;Pleno dia;Crescente;Chuva;Dupla;Reta;Não;2;0;1;0;1;1;0;1;-8,51564;-35,38891;SPRF-PE;DEL01/PE;UOP03-DEL01-PE
768676;01/05/2026;sexta-feira;09:35:00;SC;101;214;PALHOCA;Condutor deixou de manter distância do veículo da frente;Colisão traseira;Sem Vítimas;Pleno dia;Crescente;Céu Claro;Dupla;"Viaduto;Reta";Sim;2;0;0;0;0;2;0;2;-27,64694866;-48,67258636;SPRF-SC;DEL01/SC;UOP02-DEL01-SC
768678;01/05/2026;sexta-feira;09:40:00;RS;116;487;TURUCU;Demais falhas mecânicas ou elétricas;Incêndio;Sem Vítimas;Pleno dia;Decrescente;Nublado;Simples;Reta;Não;1;0;0;0;0;1;0;1;-31,421414;-52,178122;SPRF-RS;DEL07/RS;UOP01-DEL07-RS
768679;01/05/2026;sexta-feira;10:25:00;SC;101;212,8;PALHOCA;Reação tardia ou ineficiente do condutor;Colisão traseira;Com Vítimas Feridas;Pleno dia;Crescente;Céu Claro;Múltipla;Reta;Sim;4;0;1;1;2;1;0;3;-27,63716911;-48,66533175;SPRF-SC;DEL01/SC;UOP02-DEL01-SC
768681;01/05/2026;sexta-feira;10:00:00;PR;277;672,7;MEDIANEIRA;Velocidade Incompatível;Saída de leito carroçável;Com Vítimas Fatais;Pleno dia;Crescente;Céu Claro;Dupla;Reta;Sim;1;1;0;0;0;0;0;1;-25,284833;-54,087513;SPRF-PR;DEL05/PR;UOP01-DEL05-PR
768682;11/04/2026;sábado;23:20:00;MS;163;256;DOURADOS;Reação tardia ou ineficiente do condutor;Queda de ocupante de veículo;Com Vítimas Feridas;Plena Noite;Decrescente;Céu Claro;Dupla;Reta;Sim;2;0;1;0;1;0;0;1;-22,25894877;-54,7999212;SPRF-MS;DEL04/MS;UOP01-DEL04-MS
768683;01/05/2026;sexta-feira;10:32:00;CE;116;153;RUSSAS;Condutor deixou de manter distância do veículo da frente;Colisão traseira;Com Vítimas Feridas;Pleno dia;Decrescente;Nublado;Simples;Reta;Não;2;0;1;0;1;1;0;2;-4,870166;-38,027893;SPRF-CE;DEL03/CE;UOP01-DEL03-CE
768684;01/05/2026;sexta-feira;07:30:00;RS;116;37,4;VACARIA;Ingestão de álcool pelo condutor;Colisão transversal;Sem Vítimas;Amanhecer;Decrescente;Céu Claro;Simples;Rotatória;Não;7;0;0;0;0;7;0;2;-28,5017445;-50,9206678;SPRF-RS;DEL05/RS;UOP03-DEL05-RS
768687;01/05/2026;sexta-feira;10:30:00;RS;290;26,2;SANTO ANTONIO DA PATRULHA;Reação tardia ou ineficiente do condutor;Tombamento;Com Vítimas Feridas;Pleno dia;Decrescente;Sol;Dupla;"Interseção de Vias;Reta";Não;2;0;0;1;1;0;0;2;-29,880709;-50,51684;SPRF-RS;DEL03/RS;UOP01-DEL03-RS
768688;01/05/2026;sexta-feira;10:43:00;ES;259;50,7;COLATINA;Reação tardia ou ineficiente do condutor;Colisão transversal;Com Vítimas Feridas;Pleno dia;Crescente;Céu Claro;Simples;Curva;Sim;3;0;1;0;1;2;0;2;-19,50604;-40,61012;SPRF-ES;DEL02-ES;UOP01-DEL02-ES
768689;01/05/2026;sexta-feira;10:00:00;SE;101;20;SAO FRANCISCO;Velocidade Incompatível;Saída de leito carroçável;Com Vítimas Feridas;Pleno dia;Decrescente;Céu Claro;Dupla;"Retorno Regulamentado;Aclive;Curva";Não;4;0;0;1;1;3;0;1;-10,35664119;-36,90551933;SPRF-SE;DEL02-SE;UOP02-DEL02-SE
768690;01/05/2026;sexta-feira;11:00:00;PR;277;59;SAO JOSE DOS PINHAIS;Condutor deixou de manter distância do veículo da frente;Colisão traseira;Com Vítimas Feridas;Pleno dia;Decrescente;Céu Claro;Dupla;Reta;Não;7;0;4;0;4;3;0;2;-25,553;-49,033;SPRF-PR;DEL01/PR;UOP01-DEL01-PR
768691;01/05/2026;sexta-feira;08:50:00;PR;376;621;SAO JOSE DOS PINHAIS;Ausência de reação do condutor;Colisão traseira;Sem Vítimas;Pleno dia;Crescente;Nublado;Dupla;"Declive;Reta";Não;3;0;0;0;0;3;0;2;-25,6289384;-49,1642837;SPRF-PR;DEL01/PR;UOP04-DEL01-PR
768693;01/05/2026;sexta-feira;09:15:00;BA;367;30;PORTO SEGURO;Acessar a via sem observar a presença dos outros veículos;Colisão transversal;Com Vítimas Feridas;Pleno dia;Crescente;Céu Claro;Simples;"Reta;Interseção de Vias";Não;2;0;0;1;1;1;0;2;-16,4128;-39,0556;SPRF-BA;DEL09/BA;UOP03-DEL09-BA
768695;01/05/2026;sexta-feira;10:20:00;BA;101;817;ITAMARAJU;Reação tardia ou ineficiente do condutor;Colisão lateral sentido oposto;Com Vítimas Feridas;Pleno dia;Crescente;Nublado;Simples;Curva;Não;5;0;1;0;1;4;0;2;-17,0906678;-39,56977058;SPRF-BA;DEL09/BA;UOP01-DEL09-BA
768696;01/05/2026;sexta-feira;10:15:00;RS;290;12,4;SANTO ANTONIO DA PATRULHA;Reação tardia ou ineficiente do condutor;Saída de leito carroçável;Com Vítimas Feridas;Pleno dia;Decrescente;Nublado;Dupla;Reta;Não;5;0;4;0;4;0;0;2;-29,880349;-50,393229;SPRF-RS;DEL03/RS;UOP01-DEL03-RS
768697;01/05/2026;sexta-feira;11:45:00;SC;101;217,8;PALHOCA;Manobra de mudança de faixa;Colisão lateral mesmo sentido;Com Vítimas Feridas;Pleno dia;Crescente;Céu Claro;Dupla;Reta;Não;3;0;1;1;2;1;0;2;-27,6768057;-48,67033331;SPRF-SC;DEL01/SC;UOP02-DEL01-SC
768698;01/05/2026;sexta-feira;12:00:00;RJ;101;322;NITEROI;Ausência de reação do condutor;Colisão com objeto;Com Vítimas Feridas;Pleno dia;Crescente;Nublado;Dupla;"Reta;Ponte";Não;1;0;1;0;1;0;0;1;-22,87625427;-43,11824799;SPRF-RJ;DEL02/RJ;UOP01-DEL02-RJ
768699;01/05/2026;sexta-feira;11:40:00;PE;104;45,9;CARUARU;Acumulo de água sobre o pavimento;Capotamento;Com Vítimas Feridas;Pleno dia;Decrescente;Chuva;Dupla;Curva;Não;2;0;1;1;2;0;0;1;-8;-36,005935;SPRF-PE;DEL02/PE;UOP01-DEL02-PE
768700;01/05/2026;sexta-feira;07:00:00;SC;280;163;MAFRA;Ausência de reação do condutor;Saída de leito carroçável;Com Vítimas Feridas;Pleno dia;Crescente;Céu Claro;Simples;Reta;Não;1;0;1;0;1;0;0;1;-26,198577;-49,79669;SPRF-SC;DEL06/SC;UOP01-DEL06-SC
768701;01/05/2026;sexta-feira;12:40:00;SC;101;227;PALHOCA;Trafegar com motocicleta (ou similar) entre as faixas;Colisão lateral mesmo sentido;Com Vítimas Feridas;Pleno dia;Crescente;Céu Claro;Dupla;Reta;Não;8;0;0;2;2;6;0;3;-27,75515556;-48,63278768;SPRF-SC;DEL01/SC;UOP02-DEL01-SC
768702;01/05/2026;sexta-feira;11:30:00;MG;50;176,6;UBERABA;Velocidade Incompatível;Colisão com objeto;Com Vítimas Feridas;Pleno dia;Decrescente;Céu Claro;Dupla;"Reta;Interseção de Vias";Sim;1;0;1;0;1;0;0;1;-19,77893;-47,95636;SPRF-MG;DEL13/MG;UOP01-DEL13-MG
768703;01/05/2026;sexta-feira;12:00:00;GO;414;419,2;ABADIANIA;Condutor deixou de manter distância do veículo da frente;Engavetamento;Com Vítimas Feridas;Pleno dia;Decrescente;Céu Claro;Simples;"Aclive;Reta";Não;7;0;2;0;2;5;0;3;-16,113647;-48,886295;SPRF-GO;DEL02/GO;UOP01-DEL02-GO
768705;01/05/2026;sexta-feira;11:45:00;BA;116;356,9;SERRINHA;Acessar a via sem observar a presença dos outros veículos;Colisão transversal;Sem Vítimas;Pleno dia;Decrescente;Nublado;Simples;"Interseção de Vias;Rotatória;Retorno Regulamentado";Sim;3;0;0;0;0;2;0;3;-11,66809;-39,000484;SPRF-BA;DEL02/BA;UOP01-DEL02-BA
768707;01/05/2026;sexta-feira;13:00:00;RJ;116;93;TERESOPOLIS;Acessar a via sem observar a presença dos outros veículos;Colisão transversal;Com Vítimas Feridas;Pleno dia;Crescente;Céu Claro;Simples;Reta;Sim;2;0;0;2;2;0;0;2;-22,4517042;-42,9823071;SPRF-RJ;DEL04/RJ;UOP01-DEL04-RJ
768709;01/05/2026;sexta-feira;13:00:00;BA;324;537;AMELIA RODRIGUES;Manobra de mudança de faixa;Queda de ocupante de veículo;Com Vítimas Feridas;Pleno dia;Decrescente;Céu Claro;Dupla;Reta;Sim;2;0;1;0;1;0;0;2;-12,377552;-38,801825;SPRF-BA;DEL11/BA;UOP02-DEL11-BA
768710;01/05/2026;sexta-feira;13:05:00;RS;153;617,9;HULHA NEGRA;Acumulo de água sobre o pavimento;Saída de leito carroçável;Com Vítimas Feridas;Pleno dia;Crescente;Chuva;Simples;Curva;Não;2;0;1;0;1;0;0;2;-31,307869;-53,92758;SPRF-RS;DEL11/RS;UOP03-DEL11-RS
768711;01/05/2026;sexta-feira;13:15:00;MG;40;544,9;NOVA LIMA;Reação tardia ou ineficiente do condutor;Colisão lateral mesmo sentido;Com Vítimas Feridas;Pleno dia;Crescente;Céu Claro;Dupla;"Reta;Declive";Sim;2;0;0;1;1;1;0;2;-20,004733;-43,964703;SPRF-MG;DEL01/MG;UOP02-DEL01-MG
768712;01/05/2026;sexta-feira;11:00:00;MT;163;869;SINOP;Reação tardia ou ineficiente do condutor;Colisão transversal;Com Vítimas Fatais;Pleno dia;Crescente;Céu Claro;Simples;"Declive;Reta";Não;8;1;2;1;3;4;0;3;-11,569975;-55,410918;SPRF-MT;DEL06/MT;UOP02-DEL06-MT
768713;01/05/2026;sexta-feira;13:25:00;RS;116;264,3;CANOAS;Manobra de mudança de faixa;Colisão lateral mesmo sentido;Com Vítimas Feridas;Pleno dia;Decrescente;Nublado;Múltipla;Reta;Sim;2;0;1;0;1;1;0;2;-29,9119308;-51,1771232;SPRF-RS;DEL01/RS;UOP01-DEL01-RS
768716;09/04/2026;quinta-feira;08:30:00;RJ;0;0;RIO DE JANEIRO;Ultrapassagem Indevida;Colisão lateral mesmo sentido;Com Vítimas Feridas;Pleno dia;Não Informado;Céu Claro;Dupla;Reta;Sim;3;0;2;0;2;1;0;2;-22,93144125;-43,20890343;SPRF-RJ;DEL02/RJ;UOP02-DEL02-RJ
768718;01/05/2026;sexta-feira;11:30:00;RS;116;246,9;SAO LEOPOLDO;Trafegar com motocicleta (ou similar) entre as faixas;Tombamento;Com Vítimas Feridas;Pleno dia;Crescente;Céu Claro;Múltipla;"Reta;Viaduto";Sim;2;0;0;1;1;0;0;2;-29,77131054;-51,15388367;SPRF-RS;DEL01/RS;UOP02-DEL01-RS
768719;01/05/2026;sexta-feira;14:25:00;GO;60;162,2;GOIANIA;Acessar a via sem observar a presença dos outros veículos;Colisão lateral mesmo sentido;Com Vítimas Feridas;Pleno dia;Decrescente;Sol;Simples;Reta;Sim;3;0;2;0;2;1;0;2;-16,70390956;-49,34169924;SPRF-GO;DEL01/GO;UOP02-DEL01-GO
768723;01/05/2026;sexta-feira;14:00:00;MS;163;264;DOURADOS;Reação tardia ou ineficiente do condutor;Queda de ocupante de veículo;Com Vítimas Feridas;Pleno dia;Crescente;Céu Claro;Dupla;"Reta;Rotatória";Não;1;0;1;0;1;0;0;1;-22,22428116;-54,73252265;SPRF-MS;DEL04/MS;UOP01-DEL04-MS
768724;01/05/2026;sexta-feira;09:02:00;BA;407;205;CAEM;Reação tardia ou ineficiente do condutor;Colisão transversal;Com Vítimas Feridas;Pleno dia;Crescente;Garoa/Chuvisco;Simples;Reta;Não;2;0;1;0;1;1;0;2;-11,15181;-40,05641;SPRF-BA;DEL04/BA;UOP02-DEL04-BA
768725;01/05/2026;sexta-feira;15:31:00;ES;101;145;LINHARES;Avarias e/ou desgaste excessivo no pneu;Queda de ocupante de veículo;Com Vítimas Feridas;Pleno dia;Crescente;Céu Claro;Dupla;Reta;Sim;2;0;2;0;2;0;0;1;-19,3657374;-40,064841;SPRF-ES;DEL04-ES;UOP01-DEL04-ES
768726;01/05/2026;sexta-feira;15:35:00;MG;381;934;EXTREMA;Manobra de mudança de faixa;Saída de leito carroçável;Com Vítimas Feridas;Pleno dia;Crescente;Céu Claro;Múltipla;Reta;Não;2;0;0;2;2;0;0;1;-22,80340225;-46,27098083;SPRF-MG;DEL16/MG;UOP03-DEL16-MG
768727;01/05/2026;sexta-feira;13:40:00;RS;116;215,2;MORRO REUTER;Manobra de mudança de faixa;Colisão lateral mesmo sentido;Com Vítimas Feridas;Pleno dia;Decrescente;Céu Claro;Simples;Reta;Não;3;0;1;1;2;1;0;2;-29,540485;-51,077938;SPRF-RS;DEL05/RS;UOP02-DEL05-RS
768729;01/05/2026;sexta-feira;14:45:00;SC;282;429;VARGEM BONITA;Ingestão de álcool pelo condutor;Saída de leito carroçável;Com Vítimas Feridas;Pleno dia;Decrescente;Céu Claro;Simples;"Declive;Reta";Não;3;0;0;3;3;0;0;1;-26,978993;-51,783684;SPRF-SC;DEL07/SC;UOP05-DEL07-SC
768730;01/05/2026;sexta-feira;15:30:00;SC;116;50,5;PAPANDUVA;Acessar a via sem observar a presença dos outros veículos;Colisão lateral mesmo sentido;Com Vítimas Feridas;Pleno dia;Crescente;Céu Claro;Simples;"Aclive;Reta";Não;4;0;1;1;2;2;0;2;-26,38169;-50,13466;SPRF-SC;DEL06/SC;UOP01-DEL06-SC
768732;01/05/2026;sexta-feira;15:00:00;PE;424;87;GARANHUNS;Conversão proibida;Colisão frontal;Com Vítimas Feridas;Pleno dia;Crescente;Nublado;Simples;Declive;Sim;1;0;0;1;1;0;0;1;-8,86979;-36,50822;SPRF-PE;DEL03/PE;UOP01-DEL03-PE
768735;15/04/2026;quarta-feira;14:00:00;PR;277;424,3;CANTAGALO;Acessar a via sem observar a presença dos outros veículos;Colisão frontal;Com Vítimas Feridas;Pleno dia;Crescente;Céu Claro;Simples;Curva;Não;7;0;5;1;6;1;0;2;-25,3877;-52,114;SPRF-PR;DEL04/PR;UOP02-DEL04-PR
768736;01/05/2026;sexta-feira;12:30:00;MT;163;107;RONDONOPOLIS;Condutor deixou de manter distância do veículo da frente;Colisão traseira;Sem Vítimas;Pleno dia;Decrescente;Céu Claro;Dupla;Reta;Não;8;0;0;0;0;8;0;2;-16,58841498;-54,6910686;SPRF-MT;DEL02/MT;UOP01-DEL02-MT