id;data_inversa;dia_semana;horario;uf;br;km;municipio;causa_acidente;tipo_acidente;classificacao_acidente;fase_dia;sentido_via;condicao_metereologica;tipo_pista;tracado_via;uso_solo;pessoas;mortos;feridos_leves;feridos_graves;feridos;ilesos;ignorados;veiculos;latitude;longitude;regional;delegacia;uop
768737;01/05/2026;sexta-feira;17:00:00;ES;101;288,2;CARIACICA;Avarias e/ou desgaste excessivo no pneu;Tombamento;Com Vítimas Feridas;Pleno dia;Crescente;Céu Claro;Dupla;Curva;Não;2;0;2;0;2;0;0;1;-20,273525;-40,391807;SPRF-ES;DEL01-ES;UOP01-DEL01-ES
768738;01/05/2026;sexta-feira;16:21:00;CE;116;39,2;HORIZONTE;Ingestão de álcool pelo condutor;Colisão com objeto;Com Vítimas Feridas;Pleno dia;Crescente;Nublado;Dupla;"Viaduto;Declive;Curva";Não;4;0;1;0;1;0;0;2;-4,08995099;-38,50362229;SPRF-CE;DEL01/CE;UOP02-DEL01-CE
768739;01/05/2026;sexta-feira;17:00:00;PE;104;72;CARUARU;Ausência de reação do condutor;Saída de leito carroçável;Com Vítimas Feridas;Anoitecer;Crescente;Garoa/Chuvisco;Simples;Curva;Não;3;0;3;0;3;0;0;1;-8,33572;-35,9804;SPRF-PE;DEL02/PE;UOP01-DEL02-PE
768740;01/05/2026;sexta-feira;17:00:00;PE;428;92,2;SAO LOURENCO DA MATA;Acumulo de água sobre o pavimento;Queda de ocupante de veículo;Com Vítimas Feridas;Anoitecer;Crescente;Chuva;Dupla;Reta;Não;1;0;0;1;1;0;0;1;-8,04412842;-35,01493612;SPRF-PE;DEL06/PE;UOP03-DEL06-PE
768741;01/05/2026;sexta-feira;16:05:00;MG;40;721;JUIZ DE FORA;Velocidade Incompatível;Saída de leito carroçável;Com Vítimas Feridas;Pleno dia;Crescente;Céu Claro;Dupla;Curva;Não;1;0;0;1;1;0;0;1;-21,5995836;-43,4580413;SPRF-MG;DEL05/MG;UOP01-DEL05-MG
768742;01/05/2026;sexta-feira;16:20:00;PR;376;627;SAO JOSE DOS PINHAIS;Transitar na contramão;Colisão lateral sentido oposto;Com Vítimas Feridas;Pleno dia;Crescente;Nublado;Dupla;"Reta;Interseção de Vias";Não;3;0;2;0;2;0;0;2;-25,679253;-49,149189;SPRF-PR;DEL01/PR;UOP04-DEL01-PR
768743;01/05/2026;sexta-feira;16:00:00;SC;282;456;PONTE SERRADA;Acessar a via sem observar a presença dos outros veículos;Colisão transversal;Com Vítimas Fatais;Pleno dia;Crescente;Céu Claro;Simples;Interseção de Vias;Não;4;1;0;2;2;0;0;4;-26,890564;-51,985697;SPRF-SC;DEL07/SC;UOP04-DEL07-SC
768744;01/05/2026;sexta-feira;17:00:00;MG;40;521;CONTAGEM;Manobra de mudança de faixa;Colisão lateral mesmo sentido;Com Vítimas Feridas;Pleno dia;Decrescente;Céu Claro;Dupla;Reta;Não;2;0;1;0;1;1;0;2;-19,86173986;-44,06993715;SPRF-MG;DEL01/MG;UOP02-DEL01-MG
768746;01/05/2026;sexta-feira;07:05:00;SC;280;8,9;SAO FRANCISCO DO SUL;Demais falhas mecânicas ou elétricas;Tombamento;Com Vítimas Feridas;Pleno dia;Decrescente;Nublado;Simples;Reta;Sim;2;0;0;2;2;0;0;1;-26,28776863;-48,64594817;SPRF-SC;DEL03/SC;UOP03-DEL03-SC
768750;01/05/2026;sexta-feira;14:20:00;PI;230;195;OEIRAS;Transitar na contramão;Colisão lateral sentido oposto;Com Vítimas Feridas;Pleno dia;Decrescente;Sol;Simples;Reta;Não;2;0;0;2;2;0;0;2;-7,002607;-42,115757;SPRF-PI;DEL04-PI;UOP01-DEL04-PI
768751;01/05/2026;sexta-feira;17:20:00;SC;101;106,9;PENHA;Reação tardia ou ineficiente do condutor;Tombamento;Com Vítimas Feridas;Pleno dia;Crescente;Céu Claro;Dupla;Curva;Não;1;0;1;0;1;0;0;1;-26,81801393;-48,6835856;SPRF-SC;DEL03/SC;UOP02-DEL03-SC
768753;01/05/2026;sexta-feira;16:58:00;MT;70;120;GENERAL CARNEIRO;Reação tardia ou ineficiente do condutor;Saída de leito carroçável;Com Vítimas Feridas;Anoitecer;Crescente;Céu Claro;Simples;Reta;Não;5;0;5;0;5;0;0;1;-15,56774882;-52,98776999;SPRF-MT;DEL07/MT;UOP01-DEL07-MT
768754;01/05/2026;sexta-feira;17:00:00;RO;364;747;PORTO VELHO;Reação tardia ou ineficiente do condutor;Tombamento;Com Vítimas Feridas;Pleno dia;Decrescente;Céu Claro;Simples;Reta;Não;2;0;1;1;2;0;0;1;-9,03327321;-64,00978088;SPRF-RO;DEL01-RO;UOP02-DEL01-RO
768755;01/05/2026;sexta-feira;17:45:00;BA;101;883;TEIXEIRA DE FREITAS;Acessar a via sem observar a presença dos outros veículos;Colisão transversal;Com Vítimas Feridas;Anoitecer;Decrescente;Céu Claro;Simples;"Aclive;Rotatória";Não;2;0;0;1;1;1;0;2;-17,5915879;-39,7442581;SPRF-BA;DEL09/BA;UOP02-DEL09-BA
768756;01/05/2026;sexta-feira;16:10:00;AC;364;135;RIO BRANCO;Acesso irregular;Colisão frontal;Com Vítimas Feridas;Pleno dia;Crescente;Céu Claro;Dupla;Reta;Sim;2;0;0;1;1;1;0;2;-9,98639111;-67,84503937;SPRF-AC;DEL01-AC;UOP01-DEL01-AC
768758;01/05/2026;sexta-feira;18:00:00;PR;277;587,7;CASCAVEL;Ingestão de álcool pelo condutor;Colisão lateral sentido oposto;Com Vítimas Feridas;Anoitecer;Decrescente;Céu Claro;Simples;"Reta;Declive";Sim;3;0;2;0;2;1;0;3;-24,96405339;-53,41278998;SPRF-PR;DEL04/PR;UOP01-DEL04-PR
768761;01/05/2026;sexta-feira;18:25:00;PR;376;4;APUCARANA;Ingestão de álcool pelo condutor;Colisão transversal;Com Vítimas Feridas;Plena Noite;Crescente;Céu Claro;Simples;"Reta;Interseção de Vias";Sim;5;0;1;0;1;4;0;2;-23,5550506;-51,44456669;SPRF-PR;DEL07/PR;UOP03-DEL07-PR
768762;01/05/2026;sexta-feira;18:45:00;RJ;101;322;NITEROI;Manobra de mudança de faixa;Colisão lateral mesmo sentido;Com Vítimas Feridas;Plena Noite;Decrescente;Nublado;Múltipla;Reta;Sim;3;0;2;0;2;1;0;2;-22,87873;-43,11467;SPRF-RJ;DEL02/RJ;UOP01-DEL02-RJ
768764;01/05/2026;sexta-feira;18:30:00;SP;116;130;CACAPAVA;Ausência de reação do condutor;Colisão traseira;Sem Vítimas;Plena Noite;Decrescente;Nublado;Dupla;Reta;Não;4;0;0;0;0;2;0;4;-23,12178971;-45,7247483;SPRF-SP;DEL02/SP;UOP02-DEL02-SP
768765;01/05/2026;sexta-feira;10:20:00;RN;110;78;GOVERNADOR DIX-SEPT ROSADO;Condutor deixou de manter distância do veículo da frente;Colisão traseira;Com Vítimas Feridas;Pleno dia;Crescente;Céu Claro;Simples;Reta;Não;3;0;0;2;2;1;0;2;-5,45792395;-37,326672;SPRF-RN;DEL04-RN;UOP01-DEL04-RN
768766;01/05/2026;sexta-feira;17:30:00;RJ;101;562;PARATY;Reação tardia ou ineficiente do condutor;Saída de leito carroçável;Com Vítimas Feridas;Anoitecer;Decrescente;Nublado;Simples;Curva;Não;2;0;2;0;2;0;0;1;-23,15386445;-44,69898876;SPRF-RJ;DEL03/RJ;UOP04-DEL03-RJ
768767;01/05/2026;sexta-feira;09:30:00;RO;364;694,9;PORTO VELHO;Reação tardia ou ineficiente do condutor;Tombamento;Com Vítimas Feridas;Pleno dia;Decrescente;Céu Claro;Múltipla;Reta;Não;1;0;1;0;1;0;0;1;-8,80106297;-63,7345098;SPRF-RO;DEL01-RO;UOP01-DEL01-RO
768768;01/05/2026;sexta-feira;18:20:00;MT;364;1,9;ALTO ARAGUAIA;Transitar na contramão;Colisão frontal;Com Vítimas Feridas;Anoitecer;Decrescente;Céu Claro;Simples;Reta;Sim;6;0;2;2;4;2;0;2;-17,31034831;-53,22589427;SPRF-MT;DEL02/MT;UOP02-DEL02-MT
768769;01/05/2026;sexta-feira;19:35:00;MG;381;949;EXTREMA;Ausência de reação do condutor;Colisão traseira;Com Vítimas Feridas;Plena Noite;Decrescente;Céu Claro;Múltipla;Reta;Não;2;0;1;0;1;1;0;2;-22,8780731;-46,3684845;SPRF-MG;DEL16/MG;UOP03-DEL16-MG
768770;01/05/2026;sexta-feira;19:09:00;PI;343;343,5;TERESINA;Desrespeitar a preferência no cruzamento;Colisão transversal;Com Vítimas Feridas;Plena Noite;Decrescente;Céu Claro;Dupla;Rotatória;Sim;3;0;2;0;2;0;0;2;-5,09066633;-42,76053786;SPRF-PI;DEL01-PI;UOP01-DEL01-PI
768771;01/05/2026;sexta-feira;19:40:00;ES;101;162,7;LINHARES;Ultrapassagem Indevida;Colisão lateral sentido oposto;Com Vítimas Feridas;Plena Noite;Crescente;Céu Claro;Simples;Reta;Não;2;0;0;1;1;1;0;2;-19,49024652;-40,12561798;SPRF-ES;DEL04-ES;UOP01-DEL04-ES
768772;01/05/2026;sexta-feira;19:20:00;RJ;101;234;SILVA JARDIM;Ausência de reação do condutor;Tombamento;Com Vítimas Feridas;Plena Noite;Decrescente;Céu Claro;Dupla;Reta;Não;1;0;1;0;1;0;0;1;-22,607214;-42,393377;SPRF-RJ;DEL02/RJ;UOP03-DEL02-RJ
768773;01/05/2026;sexta-feira;19:30:00;SC;101;333,9;TUBARAO;Desrespeitar a preferência no cruzamento;Colisão transversal;Com Vítimas Feridas;Plena Noite;Decrescente;Céu Claro;Simples;"Viaduto;Interseção de Vias";Sim;5;0;1;0;1;4;0;2;-28,469453;-49,015316;SPRF-SC;DEL02/SC;UOP01-DEL02-SC
768775;01/05/2026;sexta-feira;19:40:00;SE;235;54,9;ITABAIANA;Ingestão de álcool pelo condutor;Colisão com objeto;Com Vítimas Feridas;Plena Noite;Crescente;Céu Claro;Simples;Curva;Não;1;0;1;0;1;0;0;1;-10,68992845;-37,43787646;SPRF-SE;DEL01-SE;UOP02-DEL01-SE
768776;01/05/2026;sexta-feira;19:00:00;PR;376;247;APUCARANA;Ingestão de álcool pelo condutor;Colisão traseira;Com Vítimas Feridas;Plena Noite;Decrescente;Céu Claro;Simples;Reta;Não;5;0;1;1;2;3;0;2;-23,59928;-51,40992;SPRF-PR;DEL07/PR;UOP03-DEL07-PR
768777;01/05/2026;sexta-feira;19:45:00;BA;410;10;RIBEIRA DO POMBAL;Manobra de mudança de faixa;Capotamento;Sem Vítimas;Plena Noite;Decrescente;Céu Claro;Simples;Reta;Não;1;0;0;0;0;0;1;1;-10,84110379;-38,57155514;SPRF-BA;DEL07/BA;UOP02-DEL07-BA
768778;01/05/2026;sexta-feira;20:15:00;SC;280;129,6;RIO NEGRINHO;Acessar a via sem observar a presença dos outros veículos;Colisão transversal;Com Vítimas Feridas;Plena Noite;Crescente;Céu Claro;Simples;"Reta;Declive";Não;2;0;1;0;1;1;0;2;-26,250138;-49,526708;SPRF-SC;DEL06/SC;UOP03-DEL06-SC
768779;01/05/2026;sexta-feira;20:37:00;GO;452;85;PORTEIRAO;Ausência de reação do condutor;Saída de leito carroçável;Com Vítimas Feridas;Plena Noite;Decrescente;Céu Claro;Simples;Reta;Não;2;0;1;0;1;0;0;2;-18,061667;-50,164224;SPRF-GO;DEL03/GO;UOP02-DEL03-GO
768780;01/05/2026;sexta-feira;18:00:00;MT;163;631;LUCAS DO RIO VERDE;Ausência de reação do condutor;Queda de ocupante de veículo;Sem Vítimas;Plena Noite;Crescente;Céu Claro;Dupla;"Curva;Em Obras";Não;1;0;0;0;0;0;1;1;-13,35906622;-56,06365442;SPRF-MT;DEL01/MT;UOP01-DEL01-MT
768781;01/05/2026;sexta-feira;18:50:00;RJ;40;105;DUQUE DE CAXIAS;Acessar a via sem observar a presença dos outros veículos;Colisão transversal;Sem Vítimas;Plena Noite;Decrescente;Nublado;Simples;Reta;Não;7;0;0;0;0;5;0;2;-22,642446;-43,283285;SPRF-RJ;DEL01/RJ;UOP02-DEL01-RJ
768782;01/05/2026;sexta-feira;19:00:00;RO;364;427;JARU;Transitar na contramão;Colisão frontal;Com Vítimas Feridas;Plena Noite;Crescente;Nublado;Simples;Reta;Sim;2;0;0;1;1;1;0;2;-10,42625366;-62,48915998;SPRF-RO;DEL03-RO;UOP02-DEL03-RO
768783;01/05/2026;sexta-feira;16:50:00;PR;163;235,7;TOLEDO;Ingestão de álcool pelo condutor;Colisão transversal;Com Vítimas Feridas;Pleno dia;Crescente;Sol;Dupla;Curva;Sim;2;0;1;0;1;1;0;2;-24,75887818;-53,69544838;SPRF-PR;DEL04/PR;UOP01-DEL04-PR
768785;01/05/2026;sexta-feira;18:20:00;MG;116;317,9;ITAMBACURI;Animais na Pista;Atropelamento de Animal;Com Vítimas Feridas;Anoitecer;Decrescente;Céu Claro;Simples;Reta;Não;1;0;0;1;1;0;0;1;-18,138343;-41,696144;SPRF-MG;DEL11/MG;UOP01-DEL11-MG
768786;01/05/2026;sexta-feira;19:00:00;SC;101;147;ITAPEMA;Reação tardia ou ineficiente do condutor;Tombamento;Com Vítimas Feridas;Plena Noite;Crescente;Céu Claro;Dupla;Reta;Sim;1;0;1;0;1;0;0;1;-27,09241803;-48,61715198;SPRF-SC;DEL04/SC;UOP03-DEL04-SC
768787;01/05/2026;sexta-feira;20:30:00;SC;101;375,9;ICARA;Demais falhas mecânicas ou elétricas;Incêndio;Sem Vítimas;Plena Noite;Crescente;Céu Claro;Múltipla;Reta;Não;3;0;0;0;0;3;0;1;-28,738999;-49,249701;SPRF-SC;DEL02/SC;UOP01-DEL02-SC
768788;01/05/2026;sexta-feira;18:00:00;RS;290;77;GRAVATAI;Acumulo de água sobre o pavimento;Colisão com objeto;Com Vítimas Feridas;Plena Noite;Decrescente;Chuva;Múltipla;Reta;Não;3;0;3;0;3;0;0;1;-29,95534562;-51,02714823;SPRF-RS;DEL01/RS;UOP01-DEL01-RS
768789;01/05/2026;sexta-feira;18:40:00;MS;267;411;MARACAJU;Demais falhas mecânicas ou elétricas;Incêndio;Sem Vítimas;Plena Noite;Crescente;Nublado;Simples;Reta;Não;2;0;0;0;0;2;0;1;-21,630237;-55,589952;SPRF-MS;DEL05/MS;UOP01-DEL05-MS
768790;01/05/2026;sexta-feira;18:05:00;SP;116;120;CACAPAVA;Avarias e/ou desgaste excessivo no pneu;Tombamento;Com Vítimas Feridas;Plena Noite;Decrescente;Céu Claro;Dupla;Reta;Não;2;0;1;1;2;0;0;1;-23,07348631;-45,64696759;SPRF-SP;DEL02/SP;UOP02-DEL02-SP
768791;01/05/2026;sexta-feira;18:29:00;PE;423;177;AGUAS BELAS;Ausência de reação do condutor;Colisão traseira;Com Vítimas Feridas;Plena Noite;Decrescente;Garoa/Chuvisco;Simples;"Reta;Declive";Não;2;0;1;1;2;0;0;2;-9,13016627;-37,11445277;SPRF-AL;DEL03-AL;UOP02-DEL03-AL
768792;01/05/2026;sexta-feira;18:10:00;MA;316;359,9;BACABAL;Pedestre andava na pista;Atropelamento de Pedestre;Com Vítimas Fatais;Anoitecer;Decrescente;Ignorado;Simples;Reta;Sim;2;1;0;0;0;0;0;2;-4,230333;-44,815922;SPRF-MA;DEL02-MA;UOP01-DEL02-MA
768793;01/05/2026;sexta-feira;11:20:00;RJ;40;108;DUQUE DE CAXIAS;Conversão proibida;Colisão lateral mesmo sentido;Com Vítimas Feridas;Amanhecer;Crescente;Céu Claro;Dupla;Reta;Sim;6;0;1;0;1;5;0;2;-22,67091072;-43,28595791;SPRF-RJ;DEL01/RJ;UOP02-DEL01-RJ
768794;01/05/2026;sexta-feira;20:45:00;PB;230;147;CAMPINA GRANDE;Pista esburacada;Queda de ocupante de veículo;Com Vítimas Feridas;Plena Noite;Decrescente;Céu Claro;Dupla;Reta;Não;1;0;1;0;1;0;0;1;-7,237311;-35,868112;SPRF-PB;DEL02-PB;UOP01-DEL02-PB
768795;01/05/2026;sexta-feira;19:10:00;RJ;101;503;ANGRA DOS REIS;Demais falhas na via;Colisão lateral sentido oposto;Com Vítimas Feridas;Plena Noite;Decrescente;Nublado;Simples;Reta;Sim;3;0;2;0;2;1;0;2;-22,92191148;-44,35625777;SPRF-RJ;DEL03/RJ;UOP03-DEL03-RJ
768796;01/05/2026;sexta-feira;19:45:00;RO;364;715;PORTO VELHO;Desrespeitar a preferência no cruzamento;Colisão transversal;Com Vítimas Feridas;Plena Noite;Crescente;Céu Claro;Dupla;"Reta;Declive;Interseção de Vias";Sim;3;0;1;0;1;1;0;2;-8,78104063;-63,893541;SPRF-RO;DEL01-RO;UOP01-DEL01-RO
768797;01/05/2026;sexta-feira;20:40:00;SE;101;4;PROPRIA;Velocidade Incompatível;Saída de leito carroçável;Com Vítimas Feridas;Plena Noite;Decrescente;Céu Claro;Dupla;Curva;Não;1;0;1;0;1;0;0;1;-10,232392;-36,848202;SPRF-SE;DEL02-SE;UOP02-DEL02-SE
768798;01/05/2026;sexta-feira;19:00:00;BA;20;137;SAO DESIDERIO;Acessar a via sem observar a presença dos outros veículos;Colisão transversal;Com Vítimas Fatais;Plena Noite;Crescente;Céu Claro;Simples;Reta;Não;2;1;1;0;1;0;0;2;-12,75372;-45,94372;SPRF-BA;DEL10/BA;UOP01-DEL10-BA
768799;11/03/2026;quarta-feira;08:20:00;MS;163;470;CAMPO GRANDE;Acessar a via sem observar a presença dos outros veículos;Colisão transversal;Com Vítimas Fatais;Pleno dia;Crescente;Ignorado;Simples;"Curva;Interseção de Vias";Sim;4;1;2;0;2;1;0;2;-20,55448709;-54,55601335;SPRF-MS;DEL01/MS;UOP01-DEL01-MS
768802;01/05/2026;sexta-feira;21:30:00;CE;20;82,5;TAUA;Ultrapassagem Indevida;Colisão frontal;Com Vítimas Feridas;Plena Noite;Crescente;Céu Claro;Simples;Reta;Sim;2;0;0;1;1;1;0;2;-6,009408;-40,288693;SPRF-CE;DEL02/CE;UOP02-DEL02-CE
768803;01/05/2026;sexta-feira;20:15:00;PR;373;222;IMBITUVA;Ausência de reação do condutor;Saída de leito carroçável;Sem Vítimas;Plena Noite;Crescente;Céu Claro;Simples;"Aclive;Reta";Não;2;0;0;0;0;2;0;1;-25,177517;-50,604028;SPRF-PR;DEL03/PR;UOP01-DEL03-PR
768804;01/05/2026;sexta-feira;21:50:00;RN;304;283,1;MACAIBA;Reação tardia ou ineficiente do condutor;Saída de leito carroçável;Com Vítimas Fatais;Plena Noite;Crescente;Céu Claro;Dupla;Reta;Não;2;1;0;1;1;0;0;1;-5,883655;-35,470138;SPRF-RN;DEL01-RN;UOP02-DEL01-RN
768806;01/05/2026;sexta-feira;21:35:00;PR;376;182,2;MARINGA;Ausência de reação do condutor;Colisão traseira;Com Vítimas Feridas;Plena Noite;Decrescente;Céu Claro;Dupla;"Interseção de Vias;Reta";Sim;2;0;1;0;1;1;0;2;-23,43254149;-51,88598156;SPRF-PR;DEL09/PR;UOP01-DEL09-PR
768807;01/05/2026;sexta-feira;20:40:00;SC;101;431,5;SOMBRIO;Ausência de reação do condutor;Colisão com objeto;Sem Vítimas;Plena Noite;Crescente;Nublado;Dupla;Reta;Sim;1;0;0;0;0;0;1;1;-29,07816767;-49,62854259;SPRF-SC;DEL02/SC;UOP02-DEL02-SC
768808;26/03/2026;quinta-feira;19:45:00;PR;116;211,2;RIO NEGRO;Ultrapassagem Indevida;Colisão lateral mesmo sentido;Com Vítimas Feridas;Plena Noite;Decrescente;Céu Claro;Simples;Reta;Sim;3;0;2;0;2;1;0;2;-26,1021897;-49,7805428;SPRF-SC;DEL06/SC;UOP01-DEL06-SC
768809;01/05/2026;sexta-feira;20:00:00;RS;290;339;CACAPAVA DO SUL;Acessar a via sem observar a presença dos outros veículos;Colisão transversal;Com Vítimas Feridas;Plena Noite;Decrescente;Chuva;Simples;Reta;Não;6;0;1;0;1;5;0;2;-30,373835;-53,585867;SPRF-RS;DEL09/RS;UOP02-DEL09-RS
768811;01/05/2026;sexta-feira;22:10:00;PR;376;381,8;IMBAU;Ausência de reação do condutor;Saída de leito carroçável;Com Vítimas Feridas;Plena Noite;Crescente;Céu Claro;Dupla;Reta;Não;1;0;1;0;1;0;0;1;-24,45213;-50,75722;SPRF-PR;DEL03/PR;UOP02-DEL03-PR
768813;01/05/2026;sexta-feira;23:00:00;PR;376;280;MARILANDIA DO SUL;Deixar de acionar o farol da motocicleta (ou similar);Queda de ocupante de veículo;Com Vítimas Feridas;Plena Noite;Crescente;Céu Claro;Dupla;Reta;Não;1;0;0;1;1;0;0;1;-23,83676391;-51,26215875;SPRF-PR;DEL07/PR;UOP02-DEL07-PR
768814;01/05/2026;sexta-feira;21:50:00;AL;316;254;PILAR;Ausência de reação do condutor;Colisão traseira;Com Vítimas Feridas;Plena Noite;Decrescente;Chuva;Simples;Reta;Sim;2;0;0;1;1;0;0;2;-9,5904;-35,95284;SPRF-AL;DEL02-AL;UOP01-DEL02-AL
768815;01/05/2026;sexta-feira;21:10:00;RS;470;176,9;VERANOPOLIS;Ausência de reação do condutor;Colisão frontal;Com Vítimas Feridas;Plena Noite;Crescente;Chuva;Simples;"Curva;Interseção de Vias";Sim;2;0;0;1;1;1;0;2;-28,9314886;-51,54160881;SPRF-RS;DEL06/RS;UOP02-DEL06-RS
768816;01/05/2026;sexta-feira;21:55:00;RS;290;11;OSORIO;Velocidade Incompatível;Saída de leito carroçável;Com Vítimas Feridas;Plena Noite;Decrescente;Chuva;Dupla;Reta;Não;2;0;1;0;1;1;0;1;-29,889834;-50,382321;SPRF-RS;DEL03/RS;UOP01-DEL03-RS
768818;01/05/2026;sexta-feira;23:00:00;RS;285;454;IJUI;Ingestão de álcool pelo condutor;Colisão com objeto;Com Vítimas Feridas;Plena Noite;Decrescente;Nublado;Simples;Interseção de Vias;Não;1;0;1;0;1;0;0;1;-28,38498209;-53,88778925;SPRF-RS;DEL10/RS;UOP01-DEL10-RS
768820;01/05/2026;sexta-feira;23:00:00;PR;476;242;LAPA;Chuva;Tombamento;Sem Vítimas;Plena Noite;Crescente;Céu Claro;Simples;Curva;Não;1;0;0;0;0;0;1;1;-25,86737625;-49,97447675;SPRF-PR;DEL02/PR;UOP03-DEL02-PR
768821;01/05/2026;sexta-feira;23:00:00;MG;262;310,9;NOVA ERA;Avarias e/ou desgaste excessivo no pneu;Saída de leito carroçável;Com Vítimas Feridas;Plena Noite;Crescente;Céu Claro;Simples;"Curva;Aclive";Não;2;0;2;0;2;0;0;1;-19,67653507;-42,97988892;SPRF-MG;DEL01/MG;UOP01-DEL01-MG
768822;01/05/2026;sexta-feira;22:50:00;MS;163;479,3;CAMPO GRANDE;Transitar no Acostamento;Colisão lateral mesmo sentido;Com Vítimas Feridas;Plena Noite;Crescente;Céu Claro;Simples;Reta;Sim;4;0;1;0;1;3;0;3;-20,48441147;-54,5593071;SPRF-MS;DEL01/MS;UOP01-DEL01-MS
768823;01/05/2026;sexta-feira;23:40:00;PI;343;3,4;PARNAIBA;Acessar a via sem observar a presença dos outros veículos;Tombamento;Com Vítimas Feridas;Plena Noite;Crescente;Céu Claro;Simples;Curva;Não;4;0;2;0;2;2;0;2;-2,90317086;-41,68400288;SPRF-PI;DEL05-PI;UOP01-DEL05-PI
768824;02/05/2026;sábado;00:10:00;TO;153;245,7;COLINAS DO TOCANTINS;Reação tardia ou ineficiente do condutor;Colisão frontal;Com Vítimas Feridas;Plena Noite;Decrescente;Céu Claro;Múltipla;Reta;Sim;2;0;1;0;1;1;0;2;-8,047654;-48,46591;SPRF-TO;DEL02-TO;UOP02-DEL02-TO
768825;01/05/2026;sexta-feira;23:00:00;SC;101;358;SANGAO;Condutor Dormindo;Tombamento;Com Vítimas Feridas;Plena Noite;Crescente;Céu Claro;Múltipla;Reta;Não;1;0;1;0;1;0;0;1;-28,644168;-49,100932;SPRF-SC;DEL02/SC;UOP01-DEL02-SC
768826;01/05/2026;sexta-feira;23:30:00;PE;104;67,4;CARUARU;Ingestão de álcool pelo condutor;Colisão com objeto;Sem Vítimas;Plena Noite;Crescente;Céu Claro;Múltipla;Reta;Sim;1;0;0;0;0;0;1;1;-8,29665;-35,988398;SPRF-PE;DEL02/PE;UOP01-DEL02-PE
768827;01/05/2026;sexta-feira;23:35:00;SC;282;33;AGUAS MORNAS;Velocidade Incompatível;Saída de leito carroçável;Com Vítimas Feridas;Plena Noite;Decrescente;Céu Claro;Simples;"Curva;Declive";Não;1;0;1;0;1;0;0;1;-27,7066;-48,8083;SPRF-SC;DEL01/SC;UOP03-DEL01-SC
768828;01/05/2026;sexta-feira;23:00:00;RO;425;86;GUAJARA-MIRIM;Reação tardia ou ineficiente do condutor;Saída de leito carroçável;Com Vítimas Feridas;Plena Noite;Crescente;Céu Claro;Simples;Curva;Não;1;0;1;0;1;0;0;1;-10,44688114;-65,34762025;SPRF-RO;DEL01-RO;UOP03-DEL01-RO
768829;02/05/2026;sábado;00:30:00;PR;116;128;FAZENDA RIO GRANDE;Ingestão de álcool pelo condutor;Colisão traseira;Com Vítimas Feridas;Plena Noite;Crescente;Nublado;Dupla;Reta;Não;5;0;0;1;1;4;0;3;-25,658057;-49,31227;SPRF-PR;DEL01/PR;UOP03-DEL01-PR
768830;01/05/2026;sexta-feira;23:50:00;PR;277;531,7;GUARANIACU;Ingestão de álcool pelo condutor;Saída de leito carroçável;Com Vítimas Feridas;Plena Noite;Crescente;Nublado;Simples;"Declive;Curva";Não;1;0;1;0;1;0;0;1;-25,0917167;-52,9490107;SPRF-PR;DEL04/PR;UOP04-DEL04-PR
768831;02/05/2026;sábado;00:17:00;SP;116;209;GUARULHOS;Reação tardia ou ineficiente do condutor;Colisão lateral mesmo sentido;Com Vítimas Feridas;Plena Noite;Decrescente;Céu Claro;Dupla;"Aclive;Reta";Não;8;0;7;0;7;0;0;2;-23,42931215;-46,4117953;SPRF-SP;DEL01/SP;UOP01-DEL01-SP
768834;02/05/2026;sábado;01:30:00;ES;101;169,7;LINHARES;Condutor deixou de manter distância do veículo da frente;Colisão traseira;Com Vítimas Feridas;Plena Noite;Decrescente;Céu Claro;Simples;Reta;Não;2;0;0;1;1;1;0;2;-19,55958367;-40,17496806;SPRF-ES;DEL04-ES;UOP01-DEL04-ES
768835;01/05/2026;sexta-feira;22:30:00;PB;230;0,2;CAMPINA GRANDE;Acesso irregular;Colisão frontal;Com Vítimas Feridas;Plena Noite;Decrescente;Céu Claro;Simples;"Aclive;Reta";Não;2;0;0;2;2;0;0;2;-7,205102;-35,949997;SPRF-PB;DEL02-PB;UOP01-DEL02-PB
768836;01/05/2026;sexta-feira;20:30:00;SC;101;35;JOINVILLE;Ingestão de álcool pelo condutor;Colisão com objeto;Com Vítimas Feridas;Plena Noite;Crescente;Nublado;Múltipla;Reta;Não;1;0;1;0;1;0;0;1;-26,2718039;-48,89472691;SPRF-SC;DEL03/SC;UOP01-DEL03-SC
768837;02/05/2026;sábado;02:15:00;GO;60;306;ACREUNA;Transitar na contramão;Colisão frontal;Com Vítimas Fatais;Plena Noite;Decrescente;Céu Claro;Dupla;"Retorno Regulamentado;Reta";Não;5;1;1;0;1;3;0;2;-17,40569279;-50,39616823;SPRF-GO;DEL04/GO;UOP02-DEL04-GO
768838;01/05/2026;sexta-feira;19:50:00;RS;290;365;VILA NOVA DO SUL;Acumulo de água sobre o pavimento;Tombamento;Com Vítimas Feridas;Plena Noite;Decrescente;Chuva;Simples;Reta;Não;2;0;1;0;1;1;0;1;-30,35760567;-53,82162988;SPRF-RS;DEL09/RS;UOP02-DEL09-RS