id;data_inversa;dia_semana;horario;uf;br;km;municipio;causa_acidente;tipo_acidente;classificacao_acidente;fase_dia;sentido_via;condicao_metereologica;tipo_pista;tracado_via;uso_solo;pessoas;mortos;feridos_leves;feridos_graves;feridos;ilesos;ignorados;veiculos;latitude;longitude;regional;delegacia;uop
768946;02/05/2026;sábado;14:15:00;GO;414;361;COCALZINHO DE GOIAS;Velocidade Incompatível;Saída de leito carroçável;Com Vítimas Feridas;Pleno dia;Crescente;Céu Claro;Simples;Reta;Não;1;0;1;0;1;0;0;1;-15,703675;-48,6921933;SPRF-GO;DEL02/GO;UOP01-DEL02-GO
768947;02/05/2026;sábado;13:20:00;PE;232;407,1;SERRA TALHADA;Condutor deixou de manter distância do veículo da frente;Colisão traseira;Com Vítimas Feridas;Pleno dia;Crescente;Nublado;Simples;Reta;Sim;2;0;1;0;1;1;0;2;-7,987154;-38,27975;SPRF-PE;DEL04/PE;UOP01-DEL04-PE
768948;02/05/2026;sábado;14:30:00;RJ;40;41;AREAL;Velocidade Incompatível;Tombamento;Com Vítimas Feridas;Pleno dia;Decrescente;Céu Claro;Dupla;"Curva;Declive";Não;1;0;1;0;1;0;0;1;-22,252318;-43,1058343;SPRF-RJ;DEL05/RJ;UOP02-DEL05-RJ
768950;02/05/2026;sábado;09:20:00;RJ;101;506;ANGRA DOS REIS;Entrada inopinada do pedestre;Atropelamento de Pedestre;Com Vítimas Feridas;Pleno dia;Crescente;Céu Claro;Simples;Reta;Sim;2;0;1;0;1;1;0;2;-22,93703141;-44,39912215;SPRF-RJ;DEL03/RJ;UOP03-DEL03-RJ
768952;02/05/2026;sábado;14:10:00;RS;116;658,9;JAGUARAO;Transitar no Acostamento;Colisão transversal;Com Vítimas Feridas;Pleno dia;Crescente;Céu Claro;Simples;Interseção de Vias;Sim;2;0;0;1;1;1;0;2;-32,56698699;-53,38052686;SPRF-RS;DEL07/RS;UOP03-DEL07-RS
768954;02/05/2026;sábado;15:30:00;PR;376;216;JANDAIA DO SUL;Condutor deixou de manter distância do veículo da frente;Colisão lateral mesmo sentido;Sem Vítimas;Pleno dia;Crescente;Céu Claro;Dupla;Rotatória;Não;2;0;0;0;0;2;0;2;-23,5882814;-51,64545406;SPRF-PR;DEL09/PR;UOP01-DEL09-PR
768955;02/05/2026;sábado;15:15:00;PR;376;384;IMBAU;Chuva;Saída de leito carroçável;Com Vítimas Feridas;Pleno dia;Crescente;Chuva;Dupla;"Curva;Declive";Não;1;0;0;1;1;0;0;1;-24,47185;-50,73942;SPRF-PR;DEL03/PR;UOP02-DEL03-PR
768956;27/04/2026;segunda-feira;17:00:00;RO;421;0;ARIQUEMES;Reação tardia ou ineficiente do condutor;Tombamento;Com Vítimas Feridas;Pleno dia;Crescente;Céu Claro;Simples;"Interseção de Vias;Reta";Não;2;0;1;0;1;0;0;2;-9,916072;-63,055972;SPRF-RO;DEL03-RO;UOP01-DEL03-RO
768957;02/05/2026;sábado;14:06:00;MA;10;377,6;ITINGA DO MARANHAO;Ultrapassagem Indevida;Colisão transversal;Com Vítimas Feridas;Pleno dia;Decrescente;Garoa/Chuvisco;Simples;"Interseção de Vias;Reta";Sim;4;0;2;0;2;1;0;3;-4,450107;-47,526835;SPRF-MA;DEL04-MA;UOP03-DEL04-MA
768958;02/05/2026;sábado;16:00:00;ES;262;51,6;MARECHAL FLORIANO;Acessar a via sem observar a presença dos outros veículos;Colisão transversal;Com Vítimas Feridas;Pleno dia;Crescente;Sol;Simples;Reta;Não;2;0;1;1;2;0;0;2;-20,41351725;-40,7223997;SPRF-ES;DEL01-ES;UOP01-DEL01-ES
768959;02/05/2026;sábado;16:00:00;MG;116;415,3;GOVERNADOR VALADARES;Ultrapassagem Indevida;Colisão lateral mesmo sentido;Com Vítimas Feridas;Pleno dia;Crescente;Céu Claro;Simples;Reta;Sim;3;0;2;0;2;1;0;2;-18,89208063;-41,94715804;SPRF-MG;DEL06/MG;UOP01-DEL06-MG
768962;02/05/2026;sábado;15:05:00;RO;319;64;PORTO VELHO;Ausência de reação do condutor;Colisão transversal;Com Vítimas Feridas;Pleno dia;Crescente;Céu Claro;Dupla;Interseção de Vias;Sim;2;0;0;1;1;1;0;2;-8,76497424;-63,88463974;SPRF-RO;DEL01-RO;UOP01-DEL01-RO
768963;02/05/2026;sábado;16:25:00;SE;101;151;ESTANCIA;Acessar a via sem observar a presença dos outros veículos;Colisão frontal;Com Vítimas Feridas;Pleno dia;Crescente;Céu Claro;Simples;Interseção de Vias;Sim;2;0;0;1;1;1;0;2;-11,262207;-37,441375;SPRF-SE;DEL02-SE;UOP01-DEL02-SE
768964;02/05/2026;sábado;15:50:00;GO;153;300;RIALMA;Desrespeitar a preferência no cruzamento;Colisão transversal;Com Vítimas Feridas;Pleno dia;Decrescente;Sol;Simples;"Declive;Interseção de Vias;Reta;Em Obras";Sim;5;0;2;0;2;3;0;2;-15,31040309;-49,57203833;SPRF-GO;DEL02/GO;UOP02-DEL02-GO
768967;02/05/2026;sábado;16:00:00;MG;365;10,8;MONTES CLAROS;Acessar a via sem observar a presença dos outros veículos;Colisão transversal;Com Vítimas Feridas;Pleno dia;Decrescente;Céu Claro;Simples;"Reta;Declive;Interseção de Vias";Não;3;0;1;1;2;1;0;2;-16,83434728;-43,94221409;SPRF-MG;DEL12/MG;UOP01-DEL12-MG
768968;02/05/2026;sábado;16:20:00;PR;277;26;MORRETES;Ausência de reação do condutor;Saída de leito carroçável;Com Vítimas Feridas;Pleno dia;Crescente;Nublado;Dupla;Reta;Não;4;0;4;0;4;0;0;1;-25,53686551;-48,76419067;SPRF-PR;DEL01/PR;UOP05-DEL01-PR
768969;02/05/2026;sábado;16:35:00;PE;408;66;PAUDALHO;Transitar na contramão;Colisão frontal;Com Vítimas Feridas;Pleno dia;Decrescente;Sol;Dupla;Ponte;Sim;3;0;0;1;1;2;0;2;-7,89588;-35,17314;SPRF-PE;DEL01/PE;UOP01-DEL01-PE
768970;02/05/2026;sábado;17:00:00;RS;101;11,9;DOM PEDRO DE ALCANTARA;Velocidade Incompatível;Saída de leito carroçável;Com Vítimas Feridas;Pleno dia;Crescente;Céu Claro;Dupla;Reta;Não;2;0;1;0;1;1;0;1;-29,3844587;-49,8342992;SPRF-RS;DEL03/RS;UOP02-DEL03-RS
768971;02/05/2026;sábado;17:20:00;SP;381;60;MAIRIPORA;Reação tardia ou ineficiente do condutor;Colisão traseira;Com Vítimas Feridas;Pleno dia;Crescente;Sol;Dupla;"Declive;Curva";Não;5;0;1;0;1;4;0;2;-23,2902765;-46,5842371;SPRF-SP;DEL03/SP;UOP01-DEL03-SP
768972;02/05/2026;sábado;17:45:00;PB;230;67;SAO MIGUEL DE TAIPU;Ausência de reação do condutor;Colisão traseira;Com Vítimas Feridas;Anoitecer;Crescente;Céu Claro;Dupla;"Aclive;Reta";Não;2;0;0;1;1;1;0;2;-7,184;-35,195;SPRF-PB;DEL01-PB;UOP02-DEL01-PB
768973;02/05/2026;sábado;17:30:00;ES;101;193,2;ARACRUZ;Demais falhas mecânicas ou elétricas;Tombamento;Com Vítimas Feridas;Anoitecer;Crescente;Céu Claro;Simples;Reta;Não;2;0;1;0;1;1;0;1;-19,69891887;-40,3051416;SPRF-ES;DEL04-ES;UOP01-DEL04-ES
768974;02/05/2026;sábado;16:00:00;PR;116;43;CAMPINA GRANDE DO SUL;Chuva;Saída de leito carroçável;Com Vítimas Feridas;Pleno dia;Crescente;Chuva;Dupla;"Curva;Aclive";Não;5;0;1;0;1;4;0;2;-25,18557;-48,88602;SPRF-PR;DEL01/PR;UOP02-DEL01-PR
768975;02/05/2026;sábado;17:55:00;RJ;116;173;RIO DE JANEIRO;Manobra de mudança de faixa;Colisão lateral mesmo sentido;Com Vítimas Feridas;Plena Noite;Decrescente;Céu Claro;Dupla;Reta;Não;3;0;1;0;1;2;0;3;-22,80484375;-43,3452215;SPRF-RJ;DEL06/RJ;UOP01-DEL06-RJ
768978;02/05/2026;sábado;16:30:00;PR;116;45;CAMPINA GRANDE DO SUL;Chuva;Saída de leito carroçável;Com Vítimas Feridas;Pleno dia;Crescente;Chuva;Dupla;Reta;Não;2;0;1;0;1;1;0;1;-25,199364;-48,895149;SPRF-PR;DEL01/PR;UOP02-DEL01-PR
768979;02/05/2026;sábado;17:40:00;ES;101;234;FUNDAO;Acessar a via sem observar a presença dos outros veículos;Colisão traseira;Com Vítimas Fatais;Plena Noite;Decrescente;Céu Claro;Dupla;Reta;Não;2;1;0;0;0;1;0;2;-19,91371482;-40,40646156;SPRF-ES;DEL02-ES;UOP01-DEL02-ES
768980;02/05/2026;sábado;16:50:00;SC;280;58;GUARAMIRIM;Transitar na contramão;Colisão transversal;Com Vítimas Feridas;Pleno dia;Crescente;Nublado;Dupla;Rotatória;Sim;2;0;1;0;1;1;0;2;-26,47396321;-49,0200305;SPRF-SC;DEL03/SC;UOP03-DEL03-SC
768982;02/05/2026;sábado;16:16:00;RO;364;215;PIMENTA BUENO;Objeto estático sobre o leito carroçável;Saída de leito carroçável;Com Vítimas Feridas;Pleno dia;Crescente;Céu Claro;Simples;Declive;Não;1;0;1;0;1;0;0;1;-11,55534;-61,291642;SPRF-RO;DEL02-RO;UOP02-DEL02-RO
768984;02/05/2026;sábado;17:00:00;RO;364;684,2;CANDEIAS DO JAMARI;Ausência de reação do condutor;Tombamento;Com Vítimas Feridas;Pleno dia;Crescente;Céu Claro;Simples;Reta;Não;1;0;0;1;1;0;0;1;-8,78887187;-63,61619823;SPRF-RO;DEL01-RO;UOP01-DEL01-RO
768985;02/05/2026;sábado;15:50:00;RJ;493;5;NOVA FRIBURGO;Reação tardia ou ineficiente do condutor;Colisão com objeto;Sem Vítimas;Pleno dia;Decrescente;Céu Claro;Dupla;Curva;Não;1;0;0;0;0;1;0;1;-22,44196;-42,57138;SPRF-RJ;DEL02/RJ;UOP02-DEL02-RJ
768986;02/05/2026;sábado;18:25:00;MG;40;552,1;NOVA LIMA;Condutor deixou de manter distância do veículo da frente;Colisão traseira;Com Vítimas Feridas;Plena Noite;Decrescente;Céu Claro;Dupla;Reta;Sim;4;0;0;2;2;2;0;3;-20,05940207;-43,97632957;SPRF-MG;DEL01/MG;UOP02-DEL01-MG
768987;02/05/2026;sábado;14:52:00;PI;230;197;OEIRAS;Acessar a via sem observar a presença dos outros veículos;Colisão transversal;Com Vítimas Fatais;Pleno dia;Decrescente;Céu Claro;Dupla;Reta;Sim;2;1;0;1;1;0;0;2;-7,009698;-42,127792;SPRF-PI;DEL04-PI;UOP01-DEL04-PI
768988;02/05/2026;sábado;18:30:00;MG;40;552,7;NOVA LIMA;Ausência de reação do condutor;Colisão traseira;Com Vítimas Feridas;Plena Noite;Decrescente;Céu Claro;Dupla;"Reta;Declive";Sim;3;0;2;0;2;1;0;2;-20,063443;-43,978893;SPRF-MG;DEL01/MG;UOP02-DEL01-MG
768989;02/05/2026;sábado;18:30:00;MG;381;504;BETIM;Velocidade Incompatível;Saída de leito carroçável;Sem Vítimas;Plena Noite;Decrescente;Céu Claro;Dupla;Reta;Sim;1;0;0;0;0;1;0;1;-20,032272;-44,238857;SPRF-MG;DEL01/MG;UOP03-DEL01-MG
768991;02/05/2026;sábado;14:10:00;GO;153;291,9;RIALMA;Ultrapassagem Indevida;Saída de leito carroçável;Com Vítimas Fatais;Pleno dia;Decrescente;Céu Claro;Simples;"Declive;Reta";Não;3;1;1;0;1;0;0;2;-15,236898;-49,55583;SPRF-GO;DEL02/GO;UOP02-DEL02-GO
768992;02/05/2026;sábado;17:35:00;MS;60;352,6;CAMPO GRANDE;Condutor deixou de manter distância do veículo da frente;Colisão traseira;Com Vítimas Feridas;Anoitecer;Decrescente;Céu Claro;Simples;Reta;Não;2;0;1;0;1;0;0;2;-20,453771;-54,749175;SPRF-MS;DEL01/MS;UOP03-DEL01-MS
768993;02/05/2026;sábado;18:20:00;BA;242;826;BARREIRAS;Ingestão de álcool pelo condutor;Queda de ocupante de veículo;Com Vítimas Feridas;Plena Noite;Decrescente;Céu Claro;Dupla;"Reta;Declive";Não;2;0;1;0;1;0;0;2;-12,11981438;-45,04101131;SPRF-BA;DEL10/BA;UOP01-DEL10-BA
768995;02/05/2026;sábado;19:10:00;SP;101;45;UBATUBA;Conversão proibida;Colisão lateral mesmo sentido;Com Vítimas Feridas;Plena Noite;Crescente;Céu Claro;Simples;"Interseção de Vias;Rotatória";Sim;2;0;1;0;1;1;0;2;-23,42205971;-45,07239509;SPRF-SP;DEL06/SP;UOP01-DEL06-SP
768996;02/05/2026;sábado;18:50:00;PE;232;181;BELO JARDIM;Transitar na contramão;Colisão frontal;Com Vítimas Feridas;Plena Noite;Crescente;Céu Claro;Simples;Reta;Sim;2;0;1;0;1;1;0;2;-8,3469288;-36,4403393;SPRF-PE;DEL03/PE;UOP02-DEL03-PE
768999;02/05/2026;sábado;19:32:00;RJ;101;67;CAMPOS DOS GOYTACAZES;Acessar a via sem observar a presença dos outros veículos;Atropelamento de Pedestre;Com Vítimas Feridas;Plena Noite;Crescente;Céu Claro;Simples;Reta;Sim;3;0;0;1;1;1;0;2;-21,769;-41,35166;SPRF-RJ;DEL08/RJ;UOP02-DEL08-RJ
769000;02/05/2026;sábado;19:05:00;MG;381;502;BETIM;Ausência de reação do condutor;Colisão traseira;Com Vítimas Feridas;Plena Noite;Crescente;Céu Claro;Dupla;"Curva;Declive";Não;5;0;1;0;1;4;0;2;-20,01654064;-44,22301769;SPRF-MG;DEL01/MG;UOP03-DEL01-MG
769001;02/05/2026;sábado;18:45:00;PR;376;241,6;APUCARANA;Reação tardia ou ineficiente do condutor;Saída de leito carroçável;Com Vítimas Feridas;Plena Noite;Crescente;Chuva;Dupla;"Declive;Curva";Não;1;0;0;1;1;0;0;1;-23,582048;-51,432522;SPRF-PR;DEL07/PR;UOP03-DEL07-PR
769004;02/05/2026;sábado;17:30:00;SC;163;69,5;SAO MIGUEL DO OESTE;Ingestão de álcool pelo condutor;Saída de leito carroçável;Sem Vítimas;Anoitecer;Crescente;Chuva;Dupla;Reta;Sim;1;0;0;0;0;0;1;1;-26,73710648;-53,50274054;SPRF-SC;DEL07/SC;UOP03-DEL07-SC
769005;02/05/2026;sábado;13:52:00;RJ;465;2;SEROPEDICA;Manobra de mudança de faixa;Colisão lateral mesmo sentido;Com Vítimas Feridas;Pleno dia;Crescente;Céu Claro;Simples;Reta;Não;3;0;1;0;1;2;0;2;-22,71818579;-43,72813672;SPRF-RJ;DEL06/RJ;UOP02-DEL06-RJ
769006;02/05/2026;sábado;17:50:00;PR;163;290;MARECHAL CANDIDO RONDON;Avarias e/ou desgaste excessivo no pneu;Tombamento;Com Vítimas Feridas;Plena Noite;Decrescente;Chuva;Simples;Reta;Não;1;0;1;0;1;0;0;1;-24,51707905;-54,08152454;SPRF-PR;DEL06/PR;UOP02-DEL06-PR
769007;02/05/2026;sábado;19:30:00;SC;101;212,6;PALHOCA;Reação tardia ou ineficiente do condutor;Tombamento;Com Vítimas Feridas;Plena Noite;Crescente;Nublado;Dupla;Reta;Sim;3;0;1;0;1;2;0;3;-27,63465;-48,66309;SPRF-SC;DEL01/SC;UOP02-DEL01-SC
769008;02/05/2026;sábado;19:05:00;RS;472;184,6;SANTO CRISTO;Ingestão de álcool pelo condutor;Colisão com objeto;Sem Vítimas;Plena Noite;Decrescente;Céu Claro;Simples;"Ponte;Declive";Não;1;0;0;0;0;1;0;1;-27,83748225;-54,60355282;SPRF-RS;DEL10/RS;UOP01-DEL10-RS
769009;02/05/2026;sábado;18:58:00;RS;468;17;PALMEIRA DAS MISSOES;Condutor Dormindo;Saída de leito carroçável;Com Vítimas Feridas;Plena Noite;Decrescente;Nublado;Simples;Reta;Não;4;0;2;1;3;1;0;1;-27,8018918;-53,4237427;SPRF-RS;DEL08/RS;UOP01-DEL08-RS
769011;02/05/2026;sábado;20:00:00;ES;262;112;VENDA NOVA DO IMIGRANTE;Ingestão de álcool pelo condutor;Colisão lateral sentido oposto;Com Vítimas Feridas;Plena Noite;Crescente;Céu Claro;Simples;Reta;Não;2;0;0;1;1;1;0;2;-20,33637;-41,202796;SPRF-ES;DEL01-ES;UOP02-DEL01-ES
769014;02/05/2026;sábado;19:20:00;MG;381;936,1;EXTREMA;Suicídio (presumido);Queda de ocupante de veículo;Com Vítimas Feridas;Plena Noite;Crescente;Nublado;Simples;Curva;Não;2;0;1;0;1;1;0;1;-22,808299;-46,277227;SPRF-MG;DEL16/MG;UOP03-DEL16-MG
769015;02/05/2026;sábado;19:40:00;RJ;101;331;RIO DE JANEIRO;Avarias e/ou desgaste excessivo no pneu;Queda de ocupante de veículo;Com Vítimas Feridas;Plena Noite;Crescente;Céu Claro;Múltipla;"Reta;Ponte";Não;2;0;2;0;2;0;0;1;-22,871;-43,2039;SPRF-RJ;DEL02/RJ;UOP01-DEL02-RJ
769020;02/05/2026;sábado;19:40:00;PR;376;176;MARINGA;Reação tardia ou ineficiente do condutor;Colisão traseira;Sem Vítimas;Plena Noite;Crescente;Garoa/Chuvisco;Dupla;Interseção de Vias;Sim;2;0;0;0;0;2;0;2;-23,410976;-51,94003;SPRF-PR;DEL09/PR;UOP01-DEL09-PR
769021;02/05/2026;sábado;20:45:00;MG;40;508,4;RIBEIRAO DAS NEVES;Demais falhas mecânicas ou elétricas;Queda de ocupante de veículo;Com Vítimas Feridas;Plena Noite;Decrescente;Céu Claro;Dupla;Reta;Sim;2;0;1;0;1;1;0;1;-19,762768;-44,131994;SPRF-MG;DEL02/MG;UOP01-DEL02-MG
769022;02/05/2026;sábado;21:00:00;MG;381;496;BETIM;Demais falhas mecânicas ou elétricas;Tombamento;Com Vítimas Feridas;Plena Noite;Decrescente;Céu Claro;Múltipla;Reta;Sim;2;0;1;0;1;1;0;1;-19,97501;-44,189629;SPRF-MG;DEL01/MG;UOP03-DEL01-MG
769023;02/05/2026;sábado;18:20:00;MG;381;522;BRUMADINHO;Transtornos Mentais (exceto suicidio);Incêndio;Sem Vítimas;Anoitecer;Decrescente;Nublado;Dupla;"Declive;Reta";Não;4;0;0;0;0;4;0;1;-20,12154691;-44,3013382;SPRF-MG;DEL04/MG;UOP03-DEL04-MG
769024;02/05/2026;sábado;21:08:00;RS;290;90;PORTO ALEGRE;Estacionar ou parar em local proibido;Colisão traseira;Sem Vítimas;Plena Noite;Crescente;Céu Claro;Múltipla;Reta;Sim;2;0;0;0;0;2;0;2;-29,96821398;-51,15977038;SPRF-RS;DEL01/RS;UOP01-DEL01-RS
769026;02/05/2026;sábado;21:00:00;CE;116;26;AQUIRAZ;Pedestre cruzava a pista fora da faixa;Atropelamento de Pedestre;Sem Vítimas;Plena Noite;Decrescente;Chuva;Múltipla;"Aclive;Reta";Sim;2;0;0;0;0;0;1;2;-3,979433;-38,513903;SPRF-CE;DEL01/CE;UOP02-DEL01-CE
769027;02/05/2026;sábado;21:30:00;TO;153;411;MIRANORTE;Transitar na contramão;Colisão frontal;Com Vítimas Feridas;Plena Noite;Crescente;Céu Claro;Dupla;"Curva;Declive";Sim;2;0;1;0;1;1;0;2;-9,531117;-48,593001;SPRF-TO;DEL02-TO;UOP02-DEL02-TO
769028;02/05/2026;sábado;20:23:00;RJ;493;3;GUAPIMIRIM;Acessar a via sem observar a presença dos outros veículos;Atropelamento de Pedestre;Com Vítimas Feridas;Plena Noite;Crescente;Céu Claro;Dupla;Reta;Sim;3;0;3;0;3;0;0;2;-22,668695;-43,021783;SPRF-RJ;DEL02/RJ;UOP02-DEL02-RJ
769029;02/05/2026;sábado;20:35:00;MG;116;276;TEOFILO OTONI;Ausência de reação do condutor;Tombamento;Com Vítimas Feridas;Plena Noite;Crescente;Céu Claro;Simples;"Reta;Em Obras";Sim;1;0;1;0;1;0;0;1;-17,853346;-41,514232;SPRF-MG;DEL11/MG;UOP01-DEL11-MG
769030;02/05/2026;sábado;19:15:00;GO;153;253,9;SAO LUIZ DO NORTE;Animais na Pista;Atropelamento de Animal;Com Vítimas Feridas;Plena Noite;Crescente;Céu Claro;Simples;Reta;Não;1;0;1;0;1;0;0;1;-14,959193;-49,382538;SPRF-GO;DEL07/GO;UOP02-DEL07-GO
769032;02/05/2026;sábado;20:35:00;AL;101;113;PILAR;Ausência de reação do condutor;Queda de ocupante de veículo;Com Vítimas Feridas;Plena Noite;Decrescente;Céu Claro;Dupla;Reta;Não;1;0;0;1;1;0;0;1;-9,62400082;-36,03015661;SPRF-AL;DEL02-AL;UOP01-DEL02-AL
769033;02/05/2026;sábado;22:10:00;GO;60;101,1;ANAPOLIS;Animais na Pista;Tombamento;Com Vítimas Feridas;Plena Noite;Crescente;Céu Claro;Dupla;Reta;Não;1;0;1;0;1;0;0;1;-16,40223963;-48,97362292;SPRF-GO;DEL02/GO;UOP01-DEL02-GO
769034;02/05/2026;sábado;20:00:00;PR;116;8;CAMPINA GRANDE DO SUL;Chuva;Saída de leito carroçável;Com Vítimas Feridas;Plena Noite;Crescente;Chuva;Dupla;"Reta;Declive";Não;3;0;3;0;3;0;0;1;-25,081888;-48,626454;SPRF-PR;DEL01/PR;UOP02-DEL01-PR
769035;02/05/2026;sábado;20:30:00;PR;116;59;CAMPINA GRANDE DO SUL;Ingestão de álcool pelo condutor;Capotamento;Com Vítimas Feridas;Plena Noite;Crescente;Chuva;Dupla;"Curva;Declive";Não;1;0;1;0;1;0;0;1;-25,304;-48,9447;SPRF-PR;DEL01/PR;UOP02-DEL01-PR
769036;02/05/2026;sábado;21:00:00;RS;116;68,4;CAMPESTRE DA SERRA;Pedestre andava na pista;Atropelamento de Pedestre;Com Vítimas Feridas;Plena Noite;Crescente;Céu Claro;Simples;Reta;Não;5;0;0;1;1;4;0;2;-28,706018;-51,079352;SPRF-RS;DEL05/RS;UOP03-DEL05-RS
769037;02/05/2026;sábado;19:25:00;RO;435;124;CEREJEIRAS;Desrespeitar a preferência no cruzamento;Colisão transversal;Com Vítimas Feridas;Plena Noite;Decrescente;Céu Claro;Dupla;"Reta;Interseção de Vias";Sim;4;0;1;0;1;3;0;3;-13,188958;-60,816318;SPRF-RO;DEL04-RO;UOP02-DEL04-RO
769038;02/05/2026;sábado;22:00:00;RJ;101;397;ITAGUAI;Condutor deixou de manter distância do veículo da frente;Colisão traseira;Com Vítimas Feridas;Plena Noite;Decrescente;Céu Claro;Múltipla;Reta;Sim;3;0;2;0;2;0;0;2;-22,85897337;-43,75931316;SPRF-RJ;DEL03/RJ;UOP01-DEL03-RJ
769040;02/05/2026;sábado;20:30:00;PB;434;10;JOCA CLAUDINO;Ausência de reação do condutor;Queda de ocupante de veículo;Com Vítimas Feridas;Plena Noite;Crescente;Garoa/Chuvisco;Simples;Reta;Não;1;0;0;1;1;0;0;1;-6,458867;-38,463765;SPRF-PB;DEL03-PB;UOP03-DEL03-PB
769042;02/05/2026;sábado;23:30:00;PE;101;69;RECIFE;Entrada inopinada do pedestre;Atropelamento de Pedestre;Com Vítimas Feridas;Plena Noite;Decrescente;Céu Claro;Dupla;Reta;Sim;3;0;0;1;1;1;0;2;-8,05966;-34,94565;SPRF-PE;DEL01/PE;UOP01-DEL01-PE
769043;02/05/2026;sábado;22:30:00;MS;262;410,3;TERENOS;Animais na Pista;Atropelamento de Animal;Com Vítimas Feridas;Plena Noite;Crescente;Céu Claro;Simples;Reta;Não;3;0;1;0;1;2;0;1;-20,440808;-55,117608;SPRF-MS;DEL01/MS;UOP03-DEL01-MS
769044;02/05/2026;sábado;23:40:00;PB;101;88,7;JOAO PESSOA;Condutor deixou de manter distância do veículo da frente;Colisão traseira;Com Vítimas Feridas;Plena Noite;Crescente;Chuva;Dupla;Reta;Sim;3;0;0;1;1;0;0;2;-7,169477;-34,897062;SPRF-PB;DEL01-PB;UOP01-DEL01-PB
769045;02/05/2026;sábado;23:40:00;SC;101;272,9;IMBITUBA;Ingestão de álcool pelo condutor;Colisão com objeto;Sem Vítimas;Plena Noite;Decrescente;Ignorado;Simples;"Curva;Viaduto";Não;1;0;0;0;0;1;0;1;-28,13026619;-48,69251168;SPRF-SC;DEL02/SC;UOP03-DEL02-SC
769046;03/05/2026;domingo;00:10:00;GO;414;346;COCALZINHO DE GOIAS;Velocidade Incompatível;Colisão com objeto;Com Vítimas Feridas;Plena Noite;Crescente;Céu Claro;Simples;Curva;Não;1;0;1;0;1;0;0;1;-15,5743351;-48,6227568;SPRF-GO;DEL02/GO;UOP01-DEL02-GO
769047;03/05/2026;domingo;00:00:00;MG;381;920,1;CAMANDUCAIA;Velocidade Incompatível;Colisão com objeto;Sem Vítimas;Plena Noite;Crescente;Céu Claro;Dupla;"Declive;Reta";Não;1;0;0;0;0;0;1;1;-22,7598695;-46,1596794;SPRF-MG;DEL16/MG;UOP03-DEL16-MG
769048;02/05/2026;sábado;22:50:00;RJ;101;297;ITABORAI;Conversão proibida;Colisão transversal;Com Vítimas Feridas;Plena Noite;Decrescente;Céu Claro;Dupla;Reta;Não;3;0;1;0;1;2;0;2;-22,77019115;-42,91995613;SPRF-RJ;DEL02/RJ;UOP02-DEL02-RJ
769049;02/05/2026;sábado;22:45:00;SC;470;133,8;RIO DO SUL;Neblina;Saída de leito carroçável;Com Vítimas Feridas;Plena Noite;Decrescente;Nevoeiro/Neblina;Simples;"Interseção de Vias;Curva";Sim;1;0;1;0;1;0;0;1;-27,17471024;-49,58942056;SPRF-SC;DEL04/SC;UOP02-DEL04-SC
769050;03/05/2026;domingo;00:45:00;MT;70;0,3;BARRA DO GARCAS;Ultrapassagem Indevida;Colisão com objeto;Com Vítimas Feridas;Plena Noite;Crescente;Céu Claro;Simples;"Ponte;Reta";Sim;1;0;1;0;1;0;0;1;-15,8946137;-52,25726735;SPRF-MT;DEL07/MT;UOP01-DEL07-MT
769051;03/05/2026;domingo;00:30:00;MG;40;517;RIBEIRAO DAS NEVES;Condutor Dormindo;Colisão lateral mesmo sentido;Com Vítimas Feridas;Plena Noite;Decrescente;Céu Claro;Dupla;Reta;Sim;2;0;0;1;1;1;0;2;-19,83783784;-44,07500874;SPRF-MG;DEL01/MG;UOP02-DEL01-MG
769052;03/05/2026;domingo;00:35:00;SC;101;169;TIJUCAS;Animais na Pista;Atropelamento de Animal;Com Vítimas Feridas;Plena Noite;Crescente;Céu Claro;Dupla;Reta;Não;3;0;0;3;3;0;0;1;-27,29534192;-48,63130074;SPRF-SC;DEL04/SC;UOP03-DEL04-SC
769053;03/05/2026;domingo;00:50:00;RJ;493;23,9;MAGE;Condutor Dormindo;Queda de ocupante de veículo;Com Vítimas Feridas;Plena Noite;Crescente;Céu Claro;Simples;Reta;Sim;1;0;1;0;1;0;0;1;-22,65848832;-43,0793978;SPRF-RJ;DEL04/RJ;UOP02-DEL04-RJ
769055;03/05/2026;domingo;00:44:00;RJ;101;511;ANGRA DOS REIS;Reação tardia ou ineficiente do condutor;Colisão frontal;Com Vítimas Fatais;Plena Noite;Crescente;Céu Claro;Simples;Reta;Não;3;1;0;0;0;1;0;3;-22,95644293;-44,43706675;SPRF-RJ;DEL03/RJ;UOP03-DEL03-RJ
769056;03/05/2026;domingo;01:00:00;MG;40;517,6;RIBEIRAO DAS NEVES;Retorno proibido;Colisão frontal;Sem Vítimas;Plena Noite;Decrescente;Céu Claro;Dupla;Retorno Regulamentado;Sim;2;0;0;0;0;2;0;2;-19,8289652;-44,0831056;SPRF-MG;DEL01/MG;UOP02-DEL01-MG
769057;03/05/2026;domingo;02:15:00;RJ;116;181;NOVA IGUACU;Demais falhas mecânicas ou elétricas;Queda de ocupante de veículo;Com Vítimas Feridas;Plena Noite;Decrescente;Céu Claro;Dupla;Reta;Sim;2;0;1;0;1;0;0;1;-22,7625439;-43,42173306;SPRF-RJ;DEL06/RJ;UOP01-DEL06-RJ
769058;03/05/2026;domingo;01:15:00;RS;471;170,5;RIO PARDO;Pedestre andava na pista;Atropelamento de Pedestre;Com Vítimas Fatais;Plena Noite;Crescente;Céu Claro;Simples;Reta;Não;2;1;1;0;1;0;0;2;-29,94866097;-52,38000689;SPRF-RS;DEL02/RS;UOP03-DEL02-RS