id;data_inversa;dia_semana;horario;uf;br;km;municipio;causa_acidente;tipo_acidente;classificacao_acidente;fase_dia;sentido_via;condicao_metereologica;tipo_pista;tracado_via;uso_solo;pessoas;mortos;feridos_leves;feridos_graves;feridos;ilesos;ignorados;veiculos;latitude;longitude;regional;delegacia;uop
769173;03/05/2026;domingo;11:45:00;SP;381;26;ATIBAIA;Trafegar com motocicleta (ou similar) entre as faixas;Tombamento;Com Vítimas Feridas;Pleno dia;Decrescente;Céu Claro;Dupla;"Aclive;Reta";Não;1;0;0;1;1;0;0;1;-23,028214;-46,537258;SPRF-SP;DEL03/SP;UOP02-DEL03-SP
769174;03/05/2026;domingo;12:00:00;SC;280;96;CORUPA;Ausência de reação do condutor;Saída de leito carroçável;Com Vítimas Feridas;Pleno dia;Decrescente;Chuva;Simples;"Aclive;Curva";Não;1;0;1;0;1;0;0;1;-26,378828;-49,317205;SPRF-SC;DEL06/SC;UOP03-DEL06-SC
769175;03/05/2026;domingo;14:30:00;PR;277;43,5;MORRETES;Velocidade Incompatível;Colisão com objeto;Com Vítimas Feridas;Pleno dia;Decrescente;Nublado;Dupla;"Declive;Curva";Não;2;0;1;0;1;1;0;1;-25,59176633;-48,87860147;SPRF-PR;DEL01/PR;UOP05-DEL01-PR
769176;03/05/2026;domingo;15:00:00;ES;101;70,1;SAO MATEUS;Condutor deixou de manter distância do veículo da frente;Colisão traseira;Com Vítimas Feridas;Pleno dia;Crescente;Céu Claro;Simples;"Aclive;Reta";Não;4;0;2;0;2;2;0;2;-18,745004;-39,8609791;SPRF-ES;DEL04-ES;UOP02-DEL04-ES
769177;03/05/2026;domingo;10:40:00;MG;262;374;JUATUBA;Ausência de reação do condutor;Saída de leito carroçável;Com Vítimas Feridas;Pleno dia;Crescente;Céu Claro;Dupla;Curva;Não;1;0;0;1;1;0;0;1;-19,93300957;-44,41291809;SPRF-MG;DEL01/MG;UOP03-DEL01-MG
769178;03/05/2026;domingo;14:50:00;SP;381;74;SAO PAULO;Velocidade Incompatível;Colisão com objeto;Com Vítimas Feridas;Pleno dia;Decrescente;Garoa/Chuvisco;Dupla;"Aclive;Curva";Não;2;0;1;1;2;0;0;1;-23,38148979;-46,56275153;SPRF-SP;DEL03/SP;UOP01-DEL03-SP
769179;03/05/2026;domingo;14:50:00;BA;324;556,4;AMELIA RODRIGUES;Reação tardia ou ineficiente do condutor;Engavetamento;Sem Vítimas;Pleno dia;Crescente;Sol;Dupla;Reta;Não;3;0;0;0;0;3;0;3;-12,474173;-38,678385;SPRF-BA;DEL11/BA;UOP02-DEL11-BA
769180;03/05/2026;domingo;15:45:00;PI;343;41;BURITI DOS LOPES;Ausência de reação do condutor;Colisão traseira;Sem Vítimas;Pleno dia;Crescente;Céu Claro;Simples;"Em Obras;Reta;Ponte";Não;2;0;0;0;0;2;0;2;-3,154472;-41,814178;SPRF-PI;DEL05-PI;UOP01-DEL05-PI
769181;03/05/2026;domingo;15:30:00;MG;40;602;OURO PRETO;Demais falhas mecânicas ou elétricas;Incêndio;Sem Vítimas;Pleno dia;Decrescente;Céu Claro;Simples;Reta;Não;1;0;0;0;0;1;0;1;-20,43235698;-43,85277531;SPRF-MG;DEL05/MG;UOP02-DEL05-MG
769183;03/05/2026;domingo;15:40:00;RN;101;97;NATAL;Mal súbito do condutor;Colisão com objeto;Com Vítimas Feridas;Pleno dia;Decrescente;Sol;Múltipla;"Reta;Viaduto";Sim;1;0;1;0;1;0;0;1;-5,858993;-35,213357;SPRF-RN;DEL01-RN;UOP01-DEL01-RN
769185;03/05/2026;domingo;15:30:00;MG;50;61;UBERLANDIA;Reação tardia ou ineficiente do condutor;Capotamento;Com Vítimas Feridas;Pleno dia;Decrescente;Céu Claro;Dupla;Reta;Não;1;0;1;0;1;0;0;1;-18,80166812;-48,23890686;SPRF-MG;DEL15/MG;UOP02-DEL15-MG
769186;03/05/2026;domingo;15:30:00;SP;153;159;PROMISSAO;Pista esburacada;Queda de ocupante de veículo;Com Vítimas Feridas;Pleno dia;Crescente;Céu Claro;Simples;Reta;Não;2;0;1;0;1;0;0;2;-21,4914;-49,77985;SPRF-SP;DEL07/SP;UOP01-DEL07-SP
769187;03/05/2026;domingo;16:20:00;RS;116;243;SAO LEOPOLDO;Condutor deixou de manter distância do veículo da frente;Colisão traseira;Com Vítimas Feridas;Pleno dia;Crescente;Sol;Múltipla;Reta;Sim;2;0;1;0;1;1;0;2;-29,73831587;-51,15061543;SPRF-RS;DEL01/RS;UOP02-DEL01-RS
769190;03/05/2026;domingo;16:20:00;ES;101;373;ANCHIETA;Velocidade Incompatível;Colisão traseira;Com Vítimas Feridas;Pleno dia;Crescente;Chuva;Simples;Reta;Não;3;0;1;0;1;2;0;3;-20,68578973;-40,67481995;SPRF-ES;DEL03-ES;UOP01-DEL03-ES
769191;03/05/2026;domingo;15:20:00;PB;101;8;MAMANGUAPE;Velocidade Incompatível;Queda de ocupante de veículo;Com Vítimas Fatais;Pleno dia;Decrescente;Sol;Dupla;Curva;Não;1;1;0;0;0;0;0;1;-6,566868;-35,1421435;SPRF-PB;DEL01-PB;UOP03-DEL01-PB
769192;03/05/2026;domingo;16:15:00;GO;40;92,7;CRISTALINA;Desrespeitar a preferência no cruzamento;Colisão transversal;Com Vítimas Fatais;Pleno dia;Crescente;Céu Claro;Simples;"Interseção de Vias;Rotatória";Sim;7;1;4;1;5;1;0;2;-16,733978;-47,621608;SPRF-DF;DEL01-DF;UOP02-DEL01-DF
769193;03/05/2026;domingo;15:15:00;MG;267;44,5;MARIPA DE MINAS;Reação tardia ou ineficiente do condutor;Colisão traseira;Com Vítimas Feridas;Pleno dia;Crescente;Nublado;Simples;Curva;Não;6;0;2;0;2;3;0;3;-21,690876;-42,955482;SPRF-MG;DEL07/MG;UOP01-DEL07-MG
769194;03/05/2026;domingo;15:30:00;MG;116;614,4;ORIZANIA;Acessar a via sem observar a presença dos outros veículos;Colisão transversal;Com Vítimas Feridas;Pleno dia;Decrescente;Nublado;Simples;"Reta;Declive";Sim;3;0;2;0;2;1;0;2;-20,459786;-42,174398;SPRF-MG;DEL07/MG;UOP02-DEL07-MG
769195;03/05/2026;domingo;15:30:00;SC;101;144,7;ITAPEMA;Trafegar com motocicleta (ou similar) entre as faixas;Colisão traseira;Com Vítimas Feridas;Pleno dia;Decrescente;Céu Claro;Dupla;Reta;Sim;3;0;1;1;2;1;0;2;-27,07805;-48,60048;SPRF-SC;DEL04/SC;UOP03-DEL04-SC
769196;03/05/2026;domingo;14:57:00;MT;70;265;POXOREU;Ingestão de álcool pelo condutor;Colisão lateral mesmo sentido;Com Vítimas Feridas;Pleno dia;Decrescente;Céu Claro;Simples;Reta;Sim;3;0;2;0;2;1;0;2;-15,55083129;-54,19196248;SPRF-MT;DEL05/MT;UOP01-DEL05-MT
769197;03/05/2026;domingo;11:45:00;RJ;101;432;MANGARATIBA;Reação tardia ou ineficiente do condutor;Colisão lateral sentido oposto;Com Vítimas Feridas;Pleno dia;Crescente;Chuva;Simples;Curva;Não;6;0;5;0;5;1;0;2;-22,93806764;-44,03357434;SPRF-RJ;DEL03/RJ;UOP02-DEL03-RJ
769198;03/05/2026;domingo;15:30:00;PR;376;217,6;JANDAIA DO SUL;Acessar a via sem observar a presença dos outros veículos;Colisão lateral mesmo sentido;Com Vítimas Feridas;Pleno dia;Crescente;Nublado;Simples;"Reta;Interseção de Vias";Sim;2;0;0;1;1;1;0;2;-23,59693404;-51,63534749;SPRF-PR;DEL09/PR;UOP01-DEL09-PR
769199;03/05/2026;domingo;16:00:00;SP;101;50;UBATUBA;Condutor deixou de manter distância do veículo da frente;Colisão traseira;Com Vítimas Feridas;Pleno dia;Crescente;Nublado;Simples;Reta;Sim;5;0;0;1;1;4;0;2;-23,45988976;-45,06748365;SPRF-SP;DEL06/SP;UOP01-DEL06-SP
769200;03/05/2026;domingo;15:43:00;SC;470;193;POUSO REDONDO;Reação tardia ou ineficiente do condutor;Tombamento;Com Vítimas Feridas;Pleno dia;Crescente;Céu Claro;Simples;"Aclive;Curva";Não;2;0;2;0;2;0;0;1;-27,303443;-50,078734;SPRF-SC;DEL04/SC;UOP02-DEL04-SC
769201;03/05/2026;domingo;15:35:00;PE;101;104;CABO DE SANTO AGOSTINHO;Ausência de reação do condutor;Saída de leito carroçável;Sem Vítimas;Pleno dia;Decrescente;Céu Claro;Dupla;Reta;Não;1;0;0;0;0;0;1;1;-8,302788;-35,07006;SPRF-PE;DEL01/PE;UOP03-DEL01-PE
769202;03/05/2026;domingo;16:25:00;RJ;101;512;ANGRA DOS REIS;Condutor deixou de manter distância do veículo da frente;Colisão traseira;Com Vítimas Feridas;Pleno dia;Decrescente;Garoa/Chuvisco;Simples;Reta;Sim;3;0;1;0;1;1;0;3;-22,966354;-44,439477;SPRF-RJ;DEL03/RJ;UOP03-DEL03-RJ
769203;03/05/2026;domingo;16:19:00;RN;101;95;NATAL;Acesso irregular;Colisão lateral mesmo sentido;Sem Vítimas;Pleno dia;Decrescente;Céu Claro;Dupla;Interseção de Vias;Sim;1;0;0;0;0;1;0;1;-5,83945588;-35,21069038;SPRF-RN;DEL01-RN;UOP01-DEL01-RN
769204;03/05/2026;domingo;10:40:00;MG;50;195;DELTA;Reação tardia ou ineficiente do condutor;Tombamento;Com Vítimas Feridas;Pleno dia;Decrescente;Céu Claro;Simples;"Declive;Reta";Não;1;0;0;1;1;0;0;1;-19,9422573;-47,8112739;SPRF-MG;DEL13/MG;UOP01-DEL13-MG
769205;03/05/2026;domingo;16:30:00;SC;101;119;ITAJAI;Condutor usando celular;Colisão com objeto;Com Vítimas Feridas;Pleno dia;Crescente;Nublado;Múltipla;Reta;Não;1;0;1;0;1;0;0;1;-26,90149574;-48,71693585;SPRF-SC;DEL04/SC;UOP04-DEL04-SC
769206;03/05/2026;domingo;17:00:00;PR;116;14,5;CAMPINA GRANDE DO SUL;Velocidade Incompatível;Saída de leito carroçável;Com Vítimas Feridas;Anoitecer;Crescente;Garoa/Chuvisco;Dupla;Curva;Não;2;0;0;1;1;1;0;1;-25,09988385;-48,67655827;SPRF-PR;DEL01/PR;UOP02-DEL01-PR
769207;03/05/2026;domingo;16:35:00;MG;459;58,1;IPUIUNA;Ingestão de álcool pelo condutor;Saída de leito carroçável;Sem Vítimas;Pleno dia;Crescente;Céu Claro;Simples;Reta;Não;1;0;0;0;0;1;0;1;-22,0833855;-46,2354866;SPRF-MG;DEL09/MG;UOP01-DEL09-MG
769208;03/05/2026;domingo;17:00:00;PR;116;126;FAZENDA RIO GRANDE;Condutor deixou de manter distância do veículo da frente;Engavetamento;Sem Vítimas;Pleno dia;Crescente;Céu Claro;Dupla;Reta;Sim;3;0;0;0;0;2;0;3;-25,639666;-49,313022;SPRF-PR;DEL01/PR;UOP03-DEL01-PR
769209;03/05/2026;domingo;15:00:00;MG;262;72,1;MATIPO;Desrespeitar a preferência no cruzamento;Colisão transversal;Com Vítimas Feridas;Pleno dia;Decrescente;Céu Claro;Simples;Reta;Não;6;0;4;0;4;2;0;2;-20,310671;-42,316607;SPRF-MG;DEL06/MG;UOP03-DEL06-MG
769210;03/05/2026;domingo;17:20:00;ES;259;5;JOAO NEIVA;Ausência de reação do condutor;Colisão lateral sentido oposto;Com Vítimas Feridas;Anoitecer;Crescente;Céu Claro;Simples;Reta;Não;5;0;1;0;1;4;0;2;-19,707083;-40,380357;SPRF-ES;DEL02-ES;UOP01-DEL02-ES
769212;03/05/2026;domingo;16:00:00;PR;376;258;CALIFORNIA;Demais falhas mecânicas ou elétricas;Queda de ocupante de veículo;Com Vítimas Feridas;Pleno dia;Decrescente;Nublado;Simples;Reta;Sim;1;0;1;0;1;0;0;1;-23,67497;-51,35551;SPRF-PR;DEL07/PR;UOP03-DEL07-PR
769213;03/05/2026;domingo;17:00:00;CE;122;9;CHOROZINHO;Condutor deixou de manter distância do veículo da frente;Colisão traseira;Com Vítimas Feridas;Pleno dia;Decrescente;Céu Claro;Simples;Reta;Não;3;0;2;0;2;1;0;2;-4,33801166;-38,47619245;SPRF-CE;DEL01/CE;UOP04-DEL01-CE
769214;03/05/2026;domingo;16:00:00;PA;316;30;SANTA IZABEL DO PARA;Acumulo de água sobre o pavimento;Capotamento;Com Vítimas Feridas;Anoitecer;Crescente;Chuva;Dupla;Curva;Não;5;0;1;0;1;4;0;1;-1,30030779;-48,19360256;SPRF-PA;DEL01/PA;UOP01-DEL01-PA
769215;03/05/2026;domingo;17:50:00;ES;262;74;DOMINGOS MARTINS;Acessar a via sem observar a presença dos outros veículos;Colisão transversal;Com Vítimas Feridas;Anoitecer;Crescente;Garoa/Chuvisco;Simples;"Reta;Interseção de Vias";Não;2;0;1;0;1;1;0;2;-20,41144;-40,89386;SPRF-ES;DEL01-ES;UOP02-DEL01-ES
769217;03/05/2026;domingo;17:20:00;PB;361;4,5;PATOS;Ausência de reação do condutor;Colisão traseira;Sem Vítimas;Pleno dia;Crescente;Céu Claro;Simples;Reta;Não;3;0;0;0;0;3;0;2;-7,03358;-37,299417;SPRF-PB;DEL03-PB;UOP01-DEL03-PB
769219;30/04/2026;quinta-feira;23:36:00;RJ;101;331;RIO DE JANEIRO;Manobra de mudança de faixa;Colisão traseira;Com Vítimas Feridas;Plena Noite;Crescente;Nublado;Múltipla;"Reta;Ponte";Sim;2;0;0;1;1;1;0;2;-22,870248;-43,203128;SPRF-RJ;DEL02/RJ;UOP01-DEL02-RJ
769220;03/05/2026;domingo;17:30:00;BA;418;105,6;NOVA VICOSA;Pista esburacada;Tombamento;Com Vítimas Feridas;Anoitecer;Crescente;Céu Claro;Simples;Reta;Não;2;0;1;0;1;1;0;1;-17,89907;-40,011138;SPRF-BA;DEL09/BA;UOP02-DEL09-BA
769222;03/05/2026;domingo;18:00:00;PR;116;14;CAMPINA GRANDE DO SUL;Chuva;Saída de leito carroçável;Com Vítimas Feridas;Anoitecer;Crescente;Chuva;Dupla;Curva;Não;2;0;1;0;1;1;0;1;-25,0997458;-48,69194269;SPRF-PR;DEL01/PR;UOP02-DEL01-PR
769223;18/04/2026;sábado;18:05:00;SC;280;127,6;RIO NEGRINHO;Ultrapassagem Indevida;Colisão frontal;Com Vítimas Feridas;Amanhecer;Crescente;Céu Claro;Simples;"Declive;Reta";Sim;3;0;0;1;1;0;0;3;-26,24144;-49,51036;SPRF-SC;DEL06/SC;UOP03-DEL06-SC
769224;03/05/2026;domingo;18:15:00;SC;282;1,4;FLORIANOPOLIS;Reação tardia ou ineficiente do condutor;Colisão traseira;Com Vítimas Feridas;Anoitecer;Decrescente;Céu Claro;Múltipla;Reta;Não;2;0;1;0;1;1;0;2;-27,603489;-48,588442;SPRF-SC;DEL01/SC;UOP01-DEL01-SC
769226;03/05/2026;domingo;18:00:00;BA;235;0;UAUA;Acessar a via sem observar a presença dos outros veículos;Colisão traseira;Com Vítimas Fatais;Plena Noite;Crescente;Nublado;Simples;"Reta;Declive";Não;3;1;0;2;2;0;0;2;-9,846273;-39,467883;SPRF-BA;DEL07/BA;UOP01-DEL07-BA
769228;03/05/2026;domingo;19:00:00;BA;20;130;SAO DESIDERIO;Reação tardia ou ineficiente do condutor;Colisão traseira;Com Vítimas Feridas;Plena Noite;Crescente;Céu Claro;Simples;Reta;Não;3;0;0;1;1;2;0;2;-12,8191;-45,9576;SPRF-BA;DEL10/BA;UOP01-DEL10-BA
769230;03/05/2026;domingo;18:15:00;RS;116;38;VACARIA;Pedestre - Ingestão de álcool/ substâncias psicoativas;Atropelamento de Pedestre;Com Vítimas Feridas;Plena Noite;Crescente;Céu Claro;Dupla;Reta;Sim;2;0;1;0;1;0;0;2;-28,505447;-50,925152;SPRF-RS;DEL05/RS;UOP03-DEL05-RS
769231;03/05/2026;domingo;18:35:00;SC;101;150,6;ITAPEMA;Manobra de mudança de faixa;Colisão lateral mesmo sentido;Com Vítimas Feridas;Anoitecer;Decrescente;Vento;Dupla;Reta;Sim;2;0;1;0;1;1;0;2;-27,12165;-48,6094;SPRF-SC;DEL04/SC;UOP03-DEL04-SC
769232;03/05/2026;domingo;18:08:00;PE;424;55,5;CAETES;Transitar na contramão;Colisão frontal;Com Vítimas Fatais;Plena Noite;Decrescente;Céu Claro;Simples;Reta;Não;3;1;1;1;2;0;0;2;-8,73495187;-36,73272015;SPRF-PE;DEL03/PE;UOP01-DEL03-PE
769233;03/05/2026;domingo;18:40:00;GO;40;131;CRISTALINA;Reação tardia ou ineficiente do condutor;Colisão traseira;Com Vítimas Feridas;Plena Noite;Decrescente;Céu Claro;Dupla;Reta;Não;5;0;0;1;1;4;0;2;-16,919552;-47,345501;SPRF-DF;DEL01-DF;UOP02-DEL01-DF
769234;03/05/2026;domingo;18:30:00;MS;163;263;DOURADOS;Acessar a via sem observar a presença dos outros veículos;Colisão transversal;Com Vítimas Feridas;Plena Noite;Crescente;Céu Claro;Dupla;"Reta;Rotatória";Sim;3;0;2;0;2;1;0;2;-22,231646;-54,747532;SPRF-MS;DEL04/MS;UOP01-DEL04-MS
769235;03/05/2026;domingo;16:20:00;PE;407;123;PETROLINA;Ausência de reação do condutor;Colisão traseira;Com Vítimas Feridas;Pleno dia;Decrescente;Céu Claro;Dupla;Reta;Sim;4;0;3;0;3;1;0;2;-9,363923;-40,544491;SPRF-PE;DEL06/PE;UOP01-DEL06-PE
769236;03/05/2026;domingo;18:55:00;SP;116;173;JACAREI;Condutor deixou de manter distância do veículo da frente;Colisão traseira;Com Vítimas Feridas;Plena Noite;Crescente;Céu Claro;Dupla;Reta;Não;6;0;0;1;1;5;0;2;-23,31326759;-46,06549619;SPRF-SP;DEL02/SP;UOP01-DEL02-SP
769237;03/05/2026;domingo;14:30:00;MG;116;635,3;DIVINO;Ausência de reação do condutor;Saída de leito carroçável;Sem Vítimas;Pleno dia;Decrescente;Céu Claro;Simples;Reta;Não;1;0;0;0;0;0;1;1;-20,62916204;-42,22587168;SPRF-MG;DEL07/MG;UOP02-DEL07-MG
769238;03/05/2026;domingo;18:15:00;PE;316;79;OURICURI;Ausência de reação do condutor;Colisão com objeto;Com Vítimas Feridas;Plena Noite;Crescente;Céu Claro;Simples;"Reta;Ponte";Não;2;0;0;2;2;0;0;1;-7,84386311;-40,13083041;SPRF-PE;DEL05/PE;UOP02-DEL05-PE
769239;03/05/2026;domingo;19:30:00;RJ;101;274,8;TANGUA;Trafegar com motocicleta (ou similar) entre as faixas;Colisão lateral mesmo sentido;Com Vítimas Feridas;Plena Noite;Crescente;Ignorado;Dupla;Reta;Sim;3;0;1;1;2;1;0;2;-22,73628706;-42,72869158;SPRF-RJ;DEL02/RJ;UOP03-DEL02-RJ
769240;03/05/2026;domingo;18:40:00;MA;135;6,7;SAO LUIS;Ingestão de álcool pelo condutor;Colisão traseira;Com Vítimas Feridas;Plena Noite;Crescente;Céu Claro;Dupla;Reta;Sim;2;0;2;0;2;0;0;2;-2,62874181;-44,266271;SPRF-MA;DEL01-MA;UOP01-DEL01-MA
769241;03/05/2026;domingo;18:30:00;SC;116;19,8;ITAIOPOLIS;Acessar a via sem observar a presença dos outros veículos;Colisão transversal;Com Vítimas Feridas;Anoitecer;Crescente;Nublado;Simples;"Reta;Declive";Não;4;0;1;1;2;2;0;2;-26,24111277;-49,90236492;SPRF-SC;DEL06/SC;UOP01-DEL06-SC
769242;03/05/2026;domingo;18:05:00;PE;423;95,8;GARANHUNS;Acessar a via sem observar a presença dos outros veículos;Queda de ocupante de veículo;Com Vítimas Feridas;Plena Noite;Decrescente;Céu Claro;Simples;Interseção de Vias;Sim;3;0;1;0;1;1;0;2;-8,879453;-36,485536;SPRF-PE;DEL03/PE;UOP01-DEL03-PE
769243;03/05/2026;domingo;20:25:00;BA;324;516;FEIRA DE SANTANA;Conversão proibida;Colisão frontal;Com Vítimas Feridas;Plena Noite;Decrescente;Céu Claro;Simples;Reta;Sim;2;0;1;0;1;1;0;2;-12,24883782;-38,93382875;SPRF-BA;DEL02/BA;UOP01-DEL02-BA
769244;03/05/2026;domingo;19:25:00;ES;101;66,3;SAO MATEUS;Ausência de reação do condutor;Colisão lateral mesmo sentido;Com Vítimas Feridas;Plena Noite;Decrescente;Céu Claro;Dupla;Interseção de Vias;Sim;2;0;1;0;1;1;0;2;-18,7156729;-39,8756416;SPRF-ES;DEL04-ES;UOP02-DEL04-ES
769245;03/05/2026;domingo;20:02:00;GO;414;362;COCALZINHO DE GOIAS;Ausência de reação do condutor;Saída de leito carroçável;Sem Vítimas;Plena Noite;Decrescente;Céu Claro;Simples;"Curva;Aclive";Não;3;0;0;0;0;3;0;1;-15,712052;-48,694092;SPRF-GO;DEL02/GO;UOP01-DEL02-GO
769246;03/05/2026;domingo;18:15:00;MT;163;1054;MATUPA;Deficiência do Sistema de Iluminação/Sinalização;Colisão traseira;Com Vítimas Feridas;Anoitecer;Decrescente;Nublado;Simples;Reta;Não;3;0;0;2;2;1;0;2;-10,095695;-54,92045;SPRF-MT;DEL06/MT;UOP03-DEL06-MT
769247;03/05/2026;domingo;20:20:00;MG;381;490;BETIM;Manobra de mudança de faixa;Colisão lateral mesmo sentido;Com Vítimas Feridas;Plena Noite;Decrescente;Nublado;Múltipla;Reta;Não;4;0;1;0;1;3;0;2;-19,95748111;-44,14982406;SPRF-MG;DEL01/MG;UOP03-DEL01-MG
769248;03/05/2026;domingo;20:10:00;MG;381;482;BETIM;Manobra de mudança de faixa;Colisão lateral mesmo sentido;Com Vítimas Feridas;Plena Noite;Decrescente;Céu Claro;Dupla;Reta;Não;3;0;2;0;2;1;0;2;-19,95822736;-44,07700745;SPRF-MG;DEL01/MG;UOP03-DEL01-MG
769251;03/05/2026;domingo;20:37:00;GO;153;331,9;JARAGUA;Reação tardia ou ineficiente do condutor;Colisão traseira;Com Vítimas Fatais;Plena Noite;Crescente;Céu Claro;Simples;"Aclive;Reta";Não;3;1;0;1;1;1;0;2;-15,55719725;-49,42598887;SPRF-GO;DEL02/GO;UOP02-DEL02-GO
769253;03/05/2026;domingo;19:00:00;RJ;116;20,9;SAPUCAIA;Animais na Pista;Tombamento;Com Vítimas Feridas;Plena Noite;Crescente;Nublado;Simples;Reta;Não;1;0;0;1;1;0;0;1;-22,00742;-42,762918;SPRF-RJ;DEL05/RJ;UOP01-DEL05-RJ
769254;03/05/2026;domingo;19:50:00;MS;163;126;NAVIRAI;Ausência de reação do condutor;Colisão com objeto;Com Vítimas Feridas;Plena Noite;Crescente;Céu Claro;Simples;Reta;Sim;1;0;1;0;1;0;0;1;-23,056496;-54,234314;SPRF-MS;DEL09/MS;UOP01-DEL09-MS
769255;03/05/2026;domingo;21:00:00;PR;277;710;SANTA TEREZINHA DE ITAIPU;Pista Escorregadia;Tombamento;Com Vítimas Feridas;Plena Noite;Crescente;Chuva;Dupla;Reta;Sim;1;0;1;0;1;0;0;1;-25,4483745;-54,4082146;SPRF-PR;DEL05/PR;UOP01-DEL05-PR
769256;03/05/2026;domingo;19:42:00;PE;232;78;GRAVATA;Transitar na contramão;Colisão frontal;Com Vítimas Feridas;Plena Noite;Crescente;Céu Claro;Simples;Reta;Sim;2;0;0;1;1;1;0;2;-8,18615908;-35,49911318;SPRF-PE;DEL02/PE;UOP02-DEL02PE
769257;03/05/2026;domingo;19:00:00;BA;101;253;CONCEICAO DO ALMEIDA;Transitar na contramão;Colisão frontal;Com Vítimas Feridas;Plena Noite;Decrescente;Nublado;Simples;"Aclive;Reta";Não;3;0;0;1;1;2;0;2;-12,913955;-39,242818;SPRF-BA;DEL11/BA;UOP01-DEL11-BA
769258;03/05/2026;domingo;19:10:00;MS;163;257,1;DOURADOS;Ausência de reação do condutor;Tombamento;Com Vítimas Feridas;Plena Noite;Decrescente;Céu Claro;Dupla;Reta;Sim;1;0;1;0;1;0;0;1;-22,25889;-54,792787;SPRF-MS;DEL04/MS;UOP01-DEL04-MS
769259;03/05/2026;domingo;18:10:00;SC;280;211,9;TRES BARRAS;Pedestre andava na pista;Atropelamento de Pedestre;Com Vítimas Feridas;Plena Noite;Crescente;Nublado;Simples;Reta;Não;2;0;0;1;1;1;0;2;-26,17838;-50,1869;SPRF-SC;DEL06/SC;UOP04-DEL06-SC
769261;03/05/2026;domingo;16:40:00;MA;10;356;ITINGA DO MARANHAO;Demais falhas mecânicas ou elétricas;Incêndio;Sem Vítimas;Pleno dia;Decrescente;Céu Claro;Simples;Reta;Não;1;0;0;0;0;0;1;1;-4,632077;-47,494195;SPRF-MA;DEL04-MA;UOP03-DEL04-MA
769262;03/05/2026;domingo;19:40:00;TO;153;404;MIRANORTE;Ultrapassagem Indevida;Colisão lateral sentido oposto;Com Vítimas Feridas;Plena Noite;Crescente;Céu Claro;Simples;"Declive;Reta";Não;6;0;4;1;5;1;0;2;-9,453285;-48,577929;SPRF-TO;DEL02-TO;UOP02-DEL02-TO
769263;03/05/2026;domingo;17:04:00;MS;163;402,7;NOVA ALVORADA DO SUL;Ausência de reação do condutor;Saída de leito carroçável;Sem Vítimas;Pleno dia;Crescente;Sol;Simples;Reta;Não;3;0;0;0;0;1;0;2;-21,143225;-54,476986;SPRF-MS;DEL02/MS;UOP01-DEL02-MS
769264;03/05/2026;domingo;22:14:00;SP;116;283;EMBU DAS ARTES;Ausência de reação do condutor;Saída de leito carroçável;Sem Vítimas;Plena Noite;Decrescente;Garoa/Chuvisco;Dupla;Reta;Não;1;0;0;0;0;0;1;1;-23,67528121;-46,85678156;SPRF-SP;DEL04/SP;UOP01-DEL04-SP
769265;30/04/2026;quinta-feira;21:00:00;SC;282;543,8;CHAPECO;Ingestão de álcool pelo condutor;Colisão traseira;Com Vítimas Feridas;Plena Noite;Decrescente;Nublado;Simples;"Aclive;Reta";Não;3;0;0;1;1;1;0;3;-27,000393;-52,712055;SPRF-SC;DEL07/SC;UOP01-DEL07-SC
769266;03/05/2026;domingo;18:55:00;PR;277;646;CEU AZUL;Mal súbito do condutor;Colisão frontal;Com Vítimas Fatais;Plena Noite;Decrescente;Garoa/Chuvisco;Simples;Aclive;Não;3;1;0;0;0;2;0;3;-25,173562;-53,885144;SPRF-PR;DEL05/PR;UOP02-DEL05-PR
769267;03/05/2026;domingo;19:30:00;RS;472;618;BARRA DO QUARAI;Demais falhas mecânicas ou elétricas;Incêndio;Sem Vítimas;Plena Noite;Decrescente;Céu Claro;Simples;Reta;Não;1;0;0;0;0;1;0;1;-30,028655;-57,239054;SPRF-RS;DEL13/RS;UOP01-DEL13-RS
769268;03/05/2026;domingo;19:35:00;PA;308;157;CAPANEMA;Ausência de reação do condutor;Colisão traseira;Com Vítimas Fatais;Plena Noite;Decrescente;Nublado;Simples;Reta;Não;5;1;0;0;0;4;0;2;-1,211166;-47,133028;SPRF-PA;DEL01/PA;UOP03-DEL01-PA
769269;03/05/2026;domingo;20:30:00;MA;316;257;SANTA INES;Ausência de reação do condutor;Capotamento;Com Vítimas Fatais;Plena Noite;Crescente;Nublado;Simples;Curva;Não;2;1;0;1;1;0;0;1;-3,6588622;-45,4050202;SPRF-MA;DEL02-MA;UOP01-DEL02-MA
769270;03/05/2026;domingo;20:00:00;MS;376;166,4;NOVA ANDRADINA;Velocidade Incompatível;Saída de leito carroçável;Com Vítimas Feridas;Plena Noite;Crescente;Céu Claro;Simples;Curva;Não;1;0;0;1;1;0;0;1;-22,307591;-53,39624;SPRF-MS;DEL04/MS;UOP04-DEL04-MS