id;data_inversa;dia_semana;horario;uf;br;km;municipio;causa_acidente;tipo_acidente;classificacao_acidente;fase_dia;sentido_via;condicao_metereologica;tipo_pista;tracado_via;uso_solo;pessoas;mortos;feridos_leves;feridos_graves;feridos;ilesos;ignorados;veiculos;latitude;longitude;regional;delegacia;uop
769271;03/05/2026;domingo;21:30:00;RJ;116;137;MAGE;Reação tardia ou ineficiente do condutor;Colisão traseira;Sem Vítimas;Plena Noite;Crescente;Chuva;Dupla;Reta;Sim;2;0;0;0;0;2;0;2;-22,64757579;-43,18316666;SPRF-RJ;DEL04/RJ;UOP02-DEL04-RJ
769272;03/05/2026;domingo;18:55:00;MG;116;719;MURIAE;Pista Escorregadia;Colisão frontal;Com Vítimas Feridas;Plena Noite;Crescente;Chuva;Simples;Curva;Não;5;0;4;1;5;0;0;3;-21,18441176;-42,37014771;SPRF-MG;DEL07/MG;UOP02-DEL07-MG
769273;03/05/2026;domingo;16:45:00;PA;155;266;ELDORADO DO CARAJAS;Transitar na contramão;Colisão frontal;Com Vítimas Fatais;Pleno dia;Decrescente;Sol;Simples;Reta;Não;4;1;0;0;0;3;0;2;-6,00331335;-49,25308228;SPRF-PA;DEL03/PA;UOP01-DEL03-PA
769274;03/05/2026;domingo;20:25:00;BA;418;93;NOVA VICOSA;Entrada inopinada do pedestre;Atropelamento de Pedestre;Com Vítimas Feridas;Plena Noite;Crescente;Céu Claro;Simples;Reta;Sim;2;0;0;2;2;0;0;2;-17,88169;-39,860323;SPRF-BA;DEL09/BA;UOP02-DEL09-BA
769275;03/05/2026;domingo;22:14:00;RO;364;710;CANDEIAS DO JAMARI;Velocidade Incompatível;Capotamento;Com Vítimas Feridas;Plena Noite;Crescente;Céu Claro;Dupla;Reta;Sim;1;0;1;0;1;0;0;1;-8,784811;-63,60091;SPRF-RO;DEL01-RO;UOP01-DEL01-RO
769276;03/05/2026;domingo;21:30:00;RJ;101;117;CAMPOS DOS GOYTACAZES;Animais na Pista;Atropelamento de Animal;Sem Vítimas;Plena Noite;Decrescente;Nublado;Dupla;Reta;Não;1;0;0;0;0;1;0;1;-22,018613;-41,682997;SPRF-RJ;DEL08/RJ;UOP02-DEL08-RJ
769277;03/05/2026;domingo;20:50:00;PA;163;975;SANTAREM;Condutor deixou de manter distância do veículo da frente;Colisão traseira;Com Vítimas Feridas;Plena Noite;Crescente;Nublado;Simples;Reta;Não;8;0;3;0;3;5;0;3;-2,64322649;-54,78462791;SPRF-PA;DEL05/PA;UOP01-DEL05-PA
769278;03/05/2026;domingo;20:45:00;SC;282;108,2;ALFREDO WAGNER;Reação tardia ou ineficiente do condutor;Saída de leito carroçável;Com Vítimas Feridas;Plena Noite;Crescente;Nublado;Simples;"Aclive;Reta";Não;6;0;1;3;4;2;0;1;-27,71132;-49,35679;SPRF-SC;DEL01/SC;UOP03-DEL01-SC
769279;03/05/2026;domingo;21:25:00;MS;163;727,9;COXIM;Acesso irregular;Saída de leito carroçável;Sem Vítimas;Plena Noite;Crescente;Céu Claro;Simples;Reta;Sim;1;0;0;0;0;1;0;1;-18,528749;-54,740761;SPRF-MS;DEL06/MS;UOP01-DEL06-MS
769281;03/05/2026;domingo;23:00:00;PR;476;115;COLOMBO;Ausência de reação do condutor;Colisão lateral mesmo sentido;Com Vítimas Feridas;Plena Noite;Decrescente;Nublado;Simples;Reta;Sim;2;0;1;0;1;1;0;2;-25,345661;-49,160315;SPRF-PR;DEL01/PR;UOP01-DEL01-PR
769282;03/05/2026;domingo;21:15:00;SC;101;117;NAVEGANTES;Sinalização mal posicionada;Colisão transversal;Com Vítimas Feridas;Plena Noite;Crescente;Céu Claro;Simples;Interseção de Vias;Não;2;0;0;1;1;1;0;2;-26,88992331;-48,66222382;SPRF-SC;DEL04/SC;UOP04-DEL04-SC
769284;03/05/2026;domingo;23:50:00;PA;163;987;SANTAREM;Ingestão de álcool pelo condutor;Tombamento;Com Vítimas Feridas;Plena Noite;Decrescente;Chuva;Simples;Reta;Não;1;0;1;0;1;0;0;1;-2,58925724;-54,71993772;SPRF-PA;DEL05/PA;UOP01-DEL05-PA
769285;03/05/2026;domingo;23:28:00;RJ;101;478,9;ANGRA DOS REIS;Chuva;Tombamento;Sem Vítimas;Plena Noite;Crescente;Chuva;Simples;"Curva;Declive";Não;2;0;0;0;0;2;0;1;-23,007527;-44,275289;SPRF-RJ;DEL03/RJ;UOP03-DEL03-RJ
769286;03/05/2026;domingo;21:10:00;MT;163;576;NOVA MUTUM;Ausência de reação do condutor;Saída de leito carroçável;Com Vítimas Feridas;Plena Noite;Crescente;Céu Claro;Dupla;Reta;Não;2;0;2;0;2;0;0;1;-14,010231;-56,098789;SPRF-MT;DEL01/MT;UOP01-DEL01-MT
769289;03/05/2026;domingo;13:30:00;RJ;40;74;PETROPOLIS;Chuva;Capotamento;Com Vítimas Feridas;Pleno dia;Decrescente;Chuva;Simples;Reta;Não;2;0;2;0;2;0;0;1;-22,474644;-43,218554;SPRF-RJ;DEL01/RJ;UOP01-DEL01-RJ
769290;04/05/2026;segunda-feira;00:05:00;PR;116;4;QUATRO BARRAS;Ingestão de álcool pelo condutor;Colisão traseira;Com Vítimas Feridas;Plena Noite;Decrescente;Nublado;Dupla;Reta;Sim;2;0;1;0;1;1;0;2;-25,36371623;-49,08404281;SPRF-PR;DEL01/PR;UOP02-DEL01-PR
769291;03/05/2026;domingo;23:35:00;PE;232;103,8;BEZERROS;Ingestão de álcool pelo condutor;Colisão traseira;Com Vítimas Feridas;Anoitecer;Crescente;Céu Claro;Dupla;Reta;Não;4;0;2;0;2;2;0;2;-8,257618;-35,780777;SPRF-PE;DEL02/PE;UOP03-DEL02-PE
769292;04/05/2026;segunda-feira;00:05:00;PI;343;345,5;TERESINA;Condutor desrespeitou a iluminação vermelha do semáforo;Colisão transversal;Sem Vítimas;Plena Noite;Crescente;Nublado;Simples;"Interseção de Vias;Reta;Em Obras";Sim;2;0;0;0;0;1;0;2;-5,10591;-42,76812;SPRF-PI;DEL01-PI;UOP01-DEL01-PI
769294;04/05/2026;segunda-feira;00:46:00;RN;304;1,7;TIBAU;Velocidade Incompatível;Colisão traseira;Com Vítimas Fatais;Plena Noite;Crescente;Céu Claro;Simples;Reta;Não;4;1;0;2;2;0;0;3;-4,894264;-37,438069;SPRF-RN;DEL04-RN;UOP02-DEL04-RN
769295;04/05/2026;segunda-feira;01:25:00;SP;116;216;GUARULHOS;Manobra de mudança de faixa;Colisão lateral mesmo sentido;Com Vítimas Feridas;Plena Noite;Crescente;Céu Claro;Múltipla;Reta;Sim;6;0;2;0;2;4;0;2;-23,45371919;-46,47126675;SPRF-SP;DEL01/SP;UOP01-DEL01-SP
769296;04/05/2026;segunda-feira;01:30:00;PE;101;66,1;RECIFE;Reação tardia ou ineficiente do condutor;Colisão com objeto;Com Vítimas Fatais;Plena Noite;Decrescente;Chuva;Múltipla;"Curva;Declive;Interseção de Vias";Sim;2;1;0;0;0;0;0;2;-8,035312;-34,94138;SPRF-PE;DEL01/PE;UOP01-DEL01-PE
769300;04/05/2026;segunda-feira;01:30:00;MS;163;176,3;JUTI;Condutor Dormindo;Saída de leito carroçável;Com Vítimas Feridas;Plena Noite;Decrescente;Céu Claro;Simples;Reta;Não;4;0;3;0;3;1;0;1;-22,85173;-54,648854;SPRF-MS;DEL09/MS;UOP01-DEL09-MS
769301;03/05/2026;domingo;22:40:00;PB;405;32,3;SAO JOAO DO RIO DO PEIXE;Velocidade Incompatível;Colisão traseira;Com Vítimas Feridas;Plena Noite;Crescente;Céu Claro;Simples;Reta;Sim;3;0;0;2;2;0;0;2;-6,721519;-38,449272;SPRF-PB;DEL03-PB;UOP03-DEL03-PB
769303;04/05/2026;segunda-feira;04:10:00;RS;116;658,3;JAGUARAO;Ausência de reação do condutor;Colisão com objeto;Com Vítimas Feridas;Plena Noite;Crescente;Nublado;Simples;Reta;Sim;1;0;0;1;1;0;0;1;-32,5623402;-53,38320673;SPRF-RS;DEL07/RS;UOP03-DEL07-RS
769304;04/05/2026;segunda-feira;04:30:00;BA;116;384,4;SANTA BARBARA;Acostamento em desnível;Saída de leito carroçável;Com Vítimas Feridas;Plena Noite;Crescente;Nevoeiro/Neblina;Simples;Reta;Não;4;0;4;0;4;0;0;1;-11,890418;-38,980918;SPRF-BA;DEL02/BA;UOP01-DEL02-BA
769305;03/05/2026;domingo;23:10:00;PR;376;170,6;MARINGA;Ingestão de álcool pelo condutor;Colisão traseira;Com Vítimas Feridas;Plena Noite;Crescente;Céu Claro;Dupla;Aclive;Sim;4;0;3;0;3;1;0;2;-23,40982;-51,98804;SPRF-PR;DEL09/PR;UOP01-DEL09-PR
769306;04/05/2026;segunda-feira;00:10:00;MG;40;274;TRES MARIAS;Animais na Pista;Atropelamento de Animal;Com Vítimas Feridas;Plena Noite;Crescente;Céu Claro;Simples;Declive;Sim;1;0;1;0;1;0;0;1;-18,20978472;-45,23002625;SPRF-MG;DEL14/MG;UOP02-DEL14-MG
769307;04/05/2026;segunda-feira;05:00:00;RJ;116;212;SEROPEDICA;Condutor Dormindo;Colisão com objeto;Com Vítimas Feridas;Plena Noite;Crescente;Céu Claro;Múltipla;Reta;Não;1;0;1;0;1;0;0;1;-22,7162951;-43,71664731;SPRF-RJ;DEL06/RJ;UOP02-DEL06-RJ
769309;04/05/2026;segunda-feira;06:24:00;SP;116;201;ARUJA;Curva acentuada;Queda de ocupante de veículo;Com Vítimas Feridas;Amanhecer;Decrescente;Céu Claro;Dupla;Curva;Não;1;0;1;0;1;0;0;1;-23,40470368;-46,332733;SPRF-SP;DEL01/SP;UOP01-DEL01-SP
769311;04/05/2026;segunda-feira;06:40:00;BA;324;615;SALVADOR;Trafegar com motocicleta (ou similar) entre as faixas;Colisão traseira;Com Vítimas Feridas;Pleno dia;Decrescente;Céu Claro;Dupla;Declive;Sim;2;0;1;0;1;1;0;2;-12,8857554;-38,4373226;SPRF-BA;DEL01/BA;UOP01-DEL01-BA
769312;04/05/2026;segunda-feira;06:45:00;MG;116;280;TEOFILO OTONI;Velocidade Incompatível;Capotamento;Com Vítimas Feridas;Pleno dia;Decrescente;Céu Claro;Simples;Curva;Não;1;0;0;1;1;0;0;1;-17,886139;-41,522293;SPRF-MG;DEL11/MG;UOP01-DEL11-MG
769315;04/05/2026;segunda-feira;06:20:00;PR;277;239;FERNANDES PINHEIRO;Acesso irregular;Saída de leito carroçável;Sem Vítimas;Pleno dia;Crescente;Garoa/Chuvisco;Simples;Reta;Não;1;0;0;0;0;1;0;1;-25,46559429;-50,5796814;SPRF-PR;DEL08/PR;UOP02-DEL08-PR
769317;04/05/2026;segunda-feira;05:40:00;AL;316;83,6;SANTANA DO IPANEMA;Acessar a via sem observar a presença dos outros veículos;Colisão lateral mesmo sentido;Com Vítimas Feridas;Amanhecer;Crescente;Nublado;Dupla;"Aclive;Interseção de Vias;Reta";Sim;3;0;1;0;1;2;0;2;-9,36681;-37,25549;SPRF-AL;DEL03-AL;UOP02-DEL03-AL
769318;04/05/2026;segunda-feira;06:34:00;SP;116;219;GUARULHOS;Trafegar com motocicleta (ou similar) entre as faixas;Colisão traseira;Com Vítimas Feridas;Pleno dia;Decrescente;Nublado;Múltipla;Reta;Sim;2;0;1;0;1;0;0;2;-23,46348253;-46,49396896;SPRF-SP;DEL01/SP;UOP01-DEL01-SP
769320;04/05/2026;segunda-feira;07:00:00;MG;381;350;JOAO MONLEVADE;Conversão proibida;Colisão transversal;Com Vítimas Feridas;Pleno dia;Crescente;Céu Claro;Simples;Reta;Sim;2;0;1;0;1;1;0;2;-19,8417954;-43,1763267;SPRF-MG;DEL03/MG;UOP01-DEL03-MG
769321;03/05/2026;domingo;20:04:00;RJ;465;13;SEROPEDICA;Transitar na contramão;Colisão frontal;Com Vítimas Feridas;Plena Noite;Crescente;Chuva;Simples;Reta;Não;2;0;0;1;1;1;0;2;-22,74149983;-43,70768487;SPRF-RJ;DEL06/RJ;UOP02-DEL06-RJ
769323;04/05/2026;segunda-feira;03:00:00;PA;316;105;SANTA MARIA DO PARA;Ingestão de álcool pelo condutor;Colisão lateral sentido oposto;Com Vítimas Feridas;Plena Noite;Decrescente;Chuva;Simples;Reta;Não;2;0;2;0;2;0;0;2;-1,341987;-47,553952;SPRF-PA;DEL01/PA;UOP02-DEL01-PA
769324;04/05/2026;segunda-feira;00:30:00;GO;60;29,6;ALEXANIA;Ausência de reação do condutor;Saída de leito carroçável;Com Vítimas Feridas;Plena Noite;Decrescente;Céu Claro;Dupla;"Reta;Declive";Sim;2;0;0;2;2;0;0;1;-16,09777;-48,481117;SPRF-DF;DEL03-DF;UOP01-DEL03-DF
769326;04/05/2026;segunda-feira;07:06:00;BA;101;879;TEIXEIRA DE FREITAS;Ausência de reação do condutor;Colisão traseira;Com Vítimas Feridas;Pleno dia;Decrescente;Céu Claro;Simples;Reta;Sim;2;0;0;1;1;1;0;2;-17,557183;-39,721123;SPRF-BA;DEL09/BA;UOP02-DEL09-BA
769327;04/05/2026;segunda-feira;07:15:00;CE;222;226,2;SOBRAL;Ultrapassagem Indevida;Colisão lateral mesmo sentido;Com Vítimas Feridas;Pleno dia;Crescente;Céu Claro;Simples;Reta;Sim;3;0;1;0;1;2;0;3;-3,70122;-40,36827;SPRF-CE;DEL04/CE;UOP01-DEL04-CE
769328;04/05/2026;segunda-feira;06:30:00;PR;376;516;PONTA GROSSA;Reação tardia ou ineficiente do condutor;Saída de leito carroçável;Com Vítimas Feridas;Pleno dia;Decrescente;Nublado;Dupla;Curva;Não;3;0;3;0;3;0;0;1;-25,264793;-49,95811;SPRF-PR;DEL03/PR;UOP03-DEL03-PR
769329;03/05/2026;domingo;21:00:00;RR;174;7;BOA VISTA;Ingestão de álcool pelo condutor;Saída de leito carroçável;Com Vítimas Feridas;Plena Noite;Crescente;Céu Claro;Simples;Reta;Não;2;0;2;0;2;0;0;1;2,93509259;-60,71639434;SPRF-RR;DEL01-RR;UOP01-DEL01-RR
769330;04/05/2026;segunda-feira;04:00:00;MA;226;299,1;BARRA DO CORDA;Reação tardia ou ineficiente do condutor;Colisão com objeto;Com Vítimas Feridas;Plena Noite;Crescente;Céu Claro;Simples;"Curva;Declive";Sim;1;0;0;1;1;0;0;1;-5,49910826;-45,24267465;SPRF-MA;DEL06-MA;UOP01-DEL06-MA
769332;04/05/2026;segunda-feira;08:07:00;PB;230;21,6;JOAO PESSOA;Ausência de reação do condutor;Tombamento;Com Vítimas Feridas;Pleno dia;Decrescente;Céu Claro;Dupla;Reta;Sim;3;0;1;2;3;0;0;1;-7,1496727;-34,8514604;SPRF-PB;DEL01-PB;UOP01-DEL01-PB
769333;04/05/2026;segunda-feira;07:53:00;RN;101;81,2;SAO GONCALO DO AMARANTE;Condutor deixou de manter distância do veículo da frente;Colisão traseira;Sem Vítimas;Pleno dia;Crescente;Céu Claro;Simples;Reta;Sim;2;0;0;0;0;2;0;2;-5,765283;-35,281807;SPRF-RN;DEL02-RN;UOP01-DEL02-RN
769334;04/05/2026;segunda-feira;08:15:00;SP;116;220;GUARULHOS;Velocidade Incompatível;Colisão traseira;Com Vítimas Feridas;Pleno dia;Decrescente;Céu Claro;Múltipla;Reta;Sim;1;0;1;0;1;0;0;1;-23,46405151;-46,49718158;SPRF-SP;DEL01/SP;UOP01-DEL01-SP
769336;04/05/2026;segunda-feira;06:30:00;CE;222;69,9;SAO GONCALO DO AMARANTE;Ausência de reação do condutor;Colisão traseira;Com Vítimas Feridas;Pleno dia;Crescente;Céu Claro;Simples;Reta;Não;3;0;1;0;1;2;0;2;-3,67075711;-39,12764518;SPRF-CE;DEL01/CE;UOP03-DEL01-CE
769337;30/04/2026;quinta-feira;23:20:00;RJ;101;334;RIO DE JANEIRO;Pista Escorregadia;Colisão com objeto;Sem Vítimas;Plena Noite;Crescente;Chuva;Dupla;Curva;Sim;3;0;0;0;0;2;0;1;-22,88968494;-43,21745529;SPRF-RJ;DEL02/RJ;UOP01-DEL02-RJ
769338;04/05/2026;segunda-feira;08:00:00;GO;153;360;JARAGUA;Conversão proibida;Colisão lateral mesmo sentido;Com Vítimas Feridas;Pleno dia;Decrescente;Céu Claro;Simples;"Aclive;Reta";Não;3;0;2;0;2;1;0;2;-15,77068685;-49,30832356;SPRF-GO;DEL02/GO;UOP02-DEL02-GO
769339;04/05/2026;segunda-feira;08:15:00;ES;101;213;IBIRACU;Acesso irregular;Colisão transversal;Com Vítimas Feridas;Pleno dia;Crescente;Céu Claro;Simples;Reta;Não;2;0;1;0;1;1;0;2;-19,82623172;-40,36905187;SPRF-ES;DEL02-ES;UOP01-DEL02-ES
769340;04/05/2026;segunda-feira;08:10:00;PR;469;16;FOZ DO IGUACU;Velocidade Incompatível;Colisão traseira;Sem Vítimas;Pleno dia;Crescente;Céu Claro;Múltipla;"Em Obras;Desvio Temporário;Reta";Sim;2;0;0;0;0;2;0;2;-25,59452681;-54,51268413;SPRF-PR;DEL05/PR;UOP04-DEL05-PR
769341;04/05/2026;segunda-feira;07:25:00;RO;364;351,1;JI-PARANA;Faixas de trânsito com largura insuficiente;Queda de ocupante de veículo;Com Vítimas Feridas;Pleno dia;Crescente;Céu Claro;Simples;"Reta;Em Obras";Não;1;0;1;0;1;0;0;1;-10,838943;-62,008418;SPRF-RO;DEL02-RO;UOP01-DEL02-RO
769342;13/04/2026;segunda-feira;13:00:00;SC;101;331,8;TUBARAO;Desrespeitar a preferência no cruzamento;Colisão transversal;Com Vítimas Feridas;Pleno dia;Decrescente;Céu Claro;Dupla;"Curva;Viaduto;Rotatória;Interseção de Vias";Sim;3;0;2;0;2;1;0;2;-28,46618161;-48,99577109;SPRF-SC;DEL02/SC;UOP01-DEL02-SC
769344;04/05/2026;segunda-feira;07:00:00;RS;285;125,8;VACARIA;Ausência de reação do condutor;Atropelamento de Pedestre;Com Vítimas Feridas;Pleno dia;Crescente;Nublado;Simples;Reta;Sim;2;0;0;1;1;1;0;2;-28,47808044;-50,96537113;SPRF-RS;DEL05/RS;UOP03-DEL05-RS
769345;03/05/2026;domingo;18:00:00;PA;316;24;BENEVIDES;Acessar a via sem observar a presença dos outros veículos;Colisão com objeto;Sem Vítimas;Anoitecer;Decrescente;Chuva;Dupla;Curva;Não;2;0;0;0;0;2;0;2;-1,341093;-48,245372;SPRF-PA;DEL01/PA;UOP01-DEL01-PA
769346;04/05/2026;segunda-feira;08:00:00;PR;376;403;TIBAGI;Acessar a via sem observar a presença dos outros veículos;Colisão traseira;Sem Vítimas;Pleno dia;Crescente;Céu Claro;Dupla;"Declive;Curva";Não;3;0;0;0;0;3;0;2;-24,58767204;-50,68009123;SPRF-PR;DEL03/PR;UOP02-DEL03-PR
769347;04/05/2026;segunda-feira;08:30:00;MG;40;546;NOVA LIMA;Ausência de reação do condutor;Colisão traseira;Com Vítimas Feridas;Pleno dia;Decrescente;Chuva;Dupla;Reta;Não;2;0;0;1;1;1;0;2;-20,15985;-43,97005;SPRF-MG;DEL01/MG;UOP02-DEL01-MG
769348;04/05/2026;segunda-feira;06:50:00;MG;116;412,5;GOVERNADOR VALADARES;Desrespeitar a preferência no cruzamento;Colisão transversal;Com Vítimas Feridas;Pleno dia;Decrescente;Nublado;Simples;"Retorno Regulamentado;Reta";Sim;2;0;0;1;1;1;0;2;-18,877058;-41,963266;SPRF-MG;DEL06/MG;UOP01-DEL06-MG
769349;04/05/2026;segunda-feira;08:00:00;RS;287;406;SANTIAGO;Condutor Dormindo;Saída de leito carroçável;Com Vítimas Feridas;Pleno dia;Decrescente;Céu Claro;Simples;Reta;Não;1;0;0;1;1;0;0;1;-29,12428983;-54,89998466;SPRF-RS;DEL12/RS;UOP02-DEL12-RS
769350;04/05/2026;segunda-feira;04:50:00;AL;416;20,7;COLONIA LEOPOLDINA;Ausência de reação do condutor;Saída de leito carroçável;Com Vítimas Feridas;Pleno dia;Crescente;Nublado;Simples;Reta;Não;1;0;1;0;1;0;0;1;-8,925522;-35,748243;SPRF-AL;DEL01-AL;UOP02-DEL01-AL
769352;04/05/2026;segunda-feira;07:40:00;MS;163;408,1;SIDROLANDIA;Velocidade Incompatível;Colisão transversal;Com Vítimas Feridas;Pleno dia;Crescente;Céu Claro;Simples;Reta;Não;2;0;0;1;1;1;0;2;-21,03708256;-54,50265884;SPRF-MS;DEL02/MS;UOP01-DEL02-MS
769353;04/05/2026;segunda-feira;06:40:00;RS;392;244;CACAPAVA DO SUL;Retorno proibido;Colisão lateral mesmo sentido;Com Vítimas Feridas;Pleno dia;Decrescente;Céu Claro;Simples;"Aclive;Interseção de Vias;Reta";Não;3;0;0;1;1;2;0;2;-30,580868;-53,395295;SPRF-RS;DEL09/RS;UOP02-DEL09-RS
769354;04/05/2026;segunda-feira;07:10:00;PB;230;151,4;CAMPINA GRANDE;Acessar a via sem observar a presença dos outros veículos;Colisão frontal;Com Vítimas Feridas;Pleno dia;Crescente;Céu Claro;Simples;"Curva;Declive";Não;2;0;0;1;1;1;0;2;-7,263273;-35,881122;SPRF-PB;DEL02-PB;UOP01-DEL02-PB
769355;04/05/2026;segunda-feira;05:50:00;BA;101;807,1;ITAMARAJU;Acessar a via sem observar a presença dos outros veículos;Colisão transversal;Com Vítimas Feridas;Amanhecer;Decrescente;Chuva;Simples;Reta;Sim;3;0;2;0;2;1;0;2;-17,016565;-39,542363;SPRF-BA;DEL09/BA;UOP01-DEL09-BA
769356;04/05/2026;segunda-feira;07:10:00;SP;116;275,8;EMBU DAS ARTES;Reação tardia ou ineficiente do condutor;Colisão traseira;Com Vítimas Feridas;Pleno dia;Crescente;Nublado;Dupla;Curva;Sim;2;0;0;1;1;1;0;2;-23,621787;-46,813502;SPRF-SP;DEL04/SP;UOP01-DEL04-SP
769357;04/05/2026;segunda-feira;08:50:00;PR;277;729;FOZ DO IGUACU;Ingestão de álcool pelo condutor;Colisão traseira;Com Vítimas Feridas;Pleno dia;Crescente;Céu Claro;Dupla;Reta;Não;2;0;1;0;1;1;0;2;-25,50850949;-54,58106445;SPRF-PR;DEL05/PR;UOP03-DEL05-PR
769358;04/05/2026;segunda-feira;09:36:00;RS;116;268;CANOAS;Ausência de reação do condutor;Colisão lateral mesmo sentido;Com Vítimas Feridas;Pleno dia;Decrescente;Céu Claro;Dupla;Reta;Sim;2;0;1;0;1;1;0;2;-29,952341;-51,1761972;SPRF-RS;DEL01/RS;UOP01-DEL01-RS
769359;04/05/2026;segunda-feira;09:20:00;PI;343;4;TERESINA;Condutor deixou de manter distância do veículo da frente;Colisão traseira;Com Vítimas Feridas;Pleno dia;Crescente;Céu Claro;Dupla;Reta;Sim;2;0;1;0;1;0;0;2;-5,07996;-42,78847;SPRF-PI;DEL01-PI;UOP01-DEL01-PI
769360;04/05/2026;segunda-feira;07:30:00;BA;110;347;ALAGOINHAS;Condutor deixou de manter distância do veículo da frente;Colisão traseira;Com Vítimas Feridas;Pleno dia;Decrescente;Sol;Simples;Declive;Não;3;0;0;2;2;1;0;2;-12,208489;-38,413324;SPRF-BA;DEL01/BA;UOP04-DEL01-BA
769361;04/05/2026;segunda-feira;09:00:00;RJ;101;64;CAMPOS DOS GOYTACAZES;Reação tardia ou ineficiente do condutor;Queda de ocupante de veículo;Com Vítimas Feridas;Pleno dia;Decrescente;Nublado;Simples;Reta;Sim;1;0;1;0;1;0;0;1;-21,750995;-41,338003;SPRF-RJ;DEL08/RJ;UOP02-DEL08-RJ
769362;04/05/2026;segunda-feira;09:00:00;RJ;116;83;TERESOPOLIS;Ausência de reação do condutor;Tombamento;Com Vítimas Feridas;Pleno dia;Crescente;Nublado;Simples;"Interseção de Vias;Rotatória;Retorno Regulamentado";Sim;1;0;1;0;1;0;0;1;-22,4171548;-42,9476277;SPRF-RJ;DEL04/RJ;UOP01-DEL04-RJ
769364;04/05/2026;segunda-feira;09:50:00;MG;50;70;UBERLANDIA;Reação tardia ou ineficiente do condutor;Colisão traseira;Com Vítimas Feridas;Pleno dia;Crescente;Sol;Dupla;"Aclive;Reta";Não;2;0;0;1;1;1;0;2;-18,890585;-48,25626;SPRF-MG;DEL15/MG;UOP01-DEL15-MG
769365;04/05/2026;segunda-feira;09:50:00;MG;262;380;MATEUS LEME;Pista Escorregadia;Capotamento;Com Vítimas Feridas;Pleno dia;Crescente;Chuva;Dupla;Reta;Sim;1;0;1;0;1;0;0;1;-19,920915;-44,470127;SPRF-MG;DEL01/MG;UOP03-DEL01-MG
769366;04/05/2026;segunda-feira;09:00:00;MG;116;530,2;CARATINGA;Conversão proibida;Colisão transversal;Com Vítimas Feridas;Pleno dia;Crescente;Céu Claro;Simples;Reta;Sim;3;0;1;0;1;2;0;2;-19,8160766;-42,1360899;SPRF-MG;DEL06/MG;UOP02-DEL06-MG
769368;04/05/2026;segunda-feira;07:00:00;RJ;116;145;DUQUE DE CAXIAS;Trafegar com motocicleta (ou similar) entre as faixas;Colisão lateral mesmo sentido;Com Vítimas Feridas;Pleno dia;Crescente;Céu Claro;Múltipla;Reta;Não;4;0;2;0;2;2;0;3;-22,66332774;-43,25720014;SPRF-RJ;DEL01/RJ;UOP02-DEL01-RJ
769369;04/05/2026;segunda-feira;10:00:00;ES;101;147,7;LINHARES;Acesso irregular;Colisão transversal;Com Vítimas Feridas;Pleno dia;Decrescente;Nublado;Dupla;Interseção de Vias;Sim;2;0;1;0;1;1;0;2;-19,385774;-40,06709;SPRF-ES;DEL04-ES;UOP01-DEL04-ES
769370;04/05/2026;segunda-feira;08:00:00;RS;290;175,9;BUTIA;Desrespeitar a preferência no cruzamento;Colisão transversal;Com Vítimas Feridas;Pleno dia;Decrescente;Sol;Simples;Em Obras;Não;2;0;1;0;1;1;0;2;-30,13532931;-51,99760437;SPRF-RS;DEL02/RS;UOP03-DEL02-RS
769371;04/05/2026;segunda-feira;10:30:00;RJ;101;383;RIO DE JANEIRO;Pedestre cruzava a pista fora da faixa;Atropelamento de Pedestre;Com Vítimas Feridas;Pleno dia;Crescente;Céu Claro;Múltipla;Reta;Sim;2;0;1;0;1;1;0;2;-22,877565;-43,616907;SPRF-RJ;DEL03/RJ;UOP01-DEL03-RJ
769372;04/05/2026;segunda-feira;09:30:00;SP;116;362,3;MIRACATU;Condutor deixou de manter distância do veículo da frente;Queda de ocupante de veículo;Com Vítimas Feridas;Pleno dia;Crescente;Céu Claro;Dupla;Reta;Não;2;0;1;0;1;1;0;2;-24,13825186;-47,27321371;SPRF-SP;DEL04/SP;UOP03-DEL04-SP
769374;04/05/2026;segunda-feira;10:20:00;PR;116;113;CURITIBA;Reação tardia ou ineficiente do condutor;Queda de ocupante de veículo;Com Vítimas Feridas;Pleno dia;Decrescente;Nublado;Dupla;Reta;Sim;1;0;1;0;1;0;0;1;-25,54919523;-49,28465573;SPRF-PR;DEL01/PR;UOP03-DEL01-PR
769376;02/05/2026;sábado;03:05:00;PA;230;681;ALTAMIRA;Pedestre andava na pista;Atropelamento de Pedestre;Com Vítimas Fatais;Plena Noite;Decrescente;Nublado;Simples;"Reta;Declive";Não;3;2;0;0;0;0;0;2;-3,27533136;-52,41066098;SPRF-PA;DEL04/PA;UOP01-DEL04-PA
769377;04/05/2026;segunda-feira;09:50:00;RN;304;107;ACU;Demais falhas mecânicas ou elétricas;Tombamento;Com Vítimas Feridas;Pleno dia;Crescente;Sol;Simples;Reta;Não;2;0;2;0;2;0;0;1;-5,5869;-36,95842;SPRF-RN;DEL04-RN;UOP01-DEL04-RN
769378;04/05/2026;segunda-feira;09:55:00;MG;262;380;MATEUS LEME;Ausência de reação do condutor;Saída de leito carroçável;Sem Vítimas;Pleno dia;Crescente;Céu Claro;Dupla;Curva;Não;1;0;0;0;0;0;1;1;-19,92090028;-44,46877811;SPRF-MG;DEL01/MG;UOP03-DEL01-MG