id;data_inversa;dia_semana;horario;uf;br;km;municipio;causa_acidente;tipo_acidente;classificacao_acidente;fase_dia;sentido_via;condicao_metereologica;tipo_pista;tracado_via;uso_solo;pessoas;mortos;feridos_leves;feridos_graves;feridos;ilesos;ignorados;veiculos;latitude;longitude;regional;delegacia;uop
769380;04/05/2026;segunda-feira;06:30:00;PE;104;102;CUPIRA;Condutor Dormindo;Colisão lateral sentido oposto;Com Vítimas Feridas;Pleno dia;Crescente;Sol;Simples;"Curva;Declive";Não;2;0;0;1;1;1;0;2;-8,57973391;-35,95007507;SPRF-PE;DEL02/PE;UOP01-DEL02-PE
769381;04/05/2026;segunda-feira;08:50:00;CE;222;116;ITAPAJE;Desrespeitar a preferência no cruzamento;Colisão transversal;Com Vítimas Feridas;Pleno dia;Crescente;Céu Claro;Simples;Reta;Sim;3;0;0;3;3;0;0;2;-3,73607487;-39,54817263;SPRF-CE;DEL04/CE;UOP03-DEL04-CE
769382;04/05/2026;segunda-feira;11:30:00;PR;277;77,4;SAO JOSE DOS PINHAIS;Reação tardia ou ineficiente do condutor;Colisão traseira;Com Vítimas Feridas;Pleno dia;Crescente;Nublado;Dupla;Reta;Sim;2;0;1;0;1;1;0;2;-25,484109;-49,189295;SPRF-PR;DEL01/PR;UOP08-DEL01-PR
769383;04/05/2026;segunda-feira;10:40:00;ES;101;237,5;FUNDAO;Faixas de trânsito com largura insuficiente;Colisão lateral sentido oposto;Com Vítimas Feridas;Pleno dia;Decrescente;Céu Claro;Dupla;Interseção de Vias;Sim;2;0;1;0;1;1;0;2;-20,00129646;-40,41318512;SPRF-ES;DEL02-ES;UOP01-DEL02-ES
769385;04/05/2026;segunda-feira;12:00:00;PE;101;70;RECIFE;Demais falhas mecânicas ou elétricas;Queda de ocupante de veículo;Com Vítimas Feridas;Pleno dia;Decrescente;Céu Claro;Dupla;Reta;Não;2;0;1;0;1;0;0;2;-8,0707564;-34,9390629;SPRF-PE;DEL01/PE;UOP01-DEL01-PE
769387;04/05/2026;segunda-feira;08:00:00;RS;116;112;SAO MARCOS;Acessar a via sem observar a presença dos outros veículos;Colisão transversal;Com Vítimas Feridas;Pleno dia;Crescente;Céu Claro;Simples;Reta;Não;2;0;1;0;1;1;0;2;-28,95621593;-51,08027665;SPRF-RS;DEL05/RS;UOP01-DEL05-RS
769388;09/03/2026;segunda-feira;05:00:00;RJ;465;17;NOVA IGUACU;Transitar na contramão;Colisão frontal;Com Vítimas Feridas;Amanhecer;Crescente;Nublado;Simples;Reta;Não;2;0;1;0;1;1;0;2;-22,8220225;-43,62073772;SPRF-RJ;DEL06/RJ;UOP02-DEL06-RJ
769390;04/05/2026;segunda-feira;07:30:00;PA;230;648;ALTAMIRA;Reação tardia ou ineficiente do condutor;Tombamento;Com Vítimas Fatais;Pleno dia;Decrescente;Nublado;Simples;"Declive;Curva";Não;1;1;0;0;0;0;0;1;-3,22112;-52,27669;SPRF-PA;DEL04/PA;UOP01-DEL04-PA
769392;24/04/2026;sexta-feira;05:30:00;CE;222;249,5;SOBRAL;Entrada inopinada do pedestre;Atropelamento de Pedestre;Com Vítimas Feridas;Pleno dia;Crescente;Céu Claro;Simples;Reta;Sim;2;0;0;1;1;0;0;2;-3,75575;-40,5605;SPRF-CE;DEL04/CE;UOP01-DEL04-CE
769393;04/05/2026;segunda-feira;12:49:00;SP;116;202;ARUJA;Ausência de reação do condutor;Colisão com objeto;Com Vítimas Feridas;Pleno dia;Decrescente;Céu Claro;Dupla;"Curva;Aclive";Não;1;0;0;1;1;0;0;1;-23,402177;-46,32902;SPRF-SP;DEL01/SP;UOP01-DEL01-SP
769400;04/05/2026;segunda-feira;12:00:00;SC;470;38,4;GASPAR;Demais falhas mecânicas ou elétricas;Tombamento;Com Vítimas Feridas;Pleno dia;Crescente;Céu Claro;Dupla;Reta;Não;1;0;0;1;1;0;0;1;-26,90223246;-48,98187725;SPRF-SC;DEL04/SC;UOP01-DEL04-SC
769401;04/05/2026;segunda-feira;11:00:00;RJ;101;484;ANGRA DOS REIS;Acessar a via sem observar a presença dos outros veículos;Engavetamento;Sem Vítimas;Pleno dia;Crescente;Céu Claro;Simples;Curva;Sim;3;0;0;0;0;2;0;3;-22,99122168;-44,30436943;SPRF-RJ;DEL03/RJ;UOP03-DEL03-RJ
769402;04/05/2026;segunda-feira;12:40:00;PE;408;97,3;JABOATAO DOS GUARARAPES;Acessar a via sem observar a presença dos outros veículos;Colisão traseira;Com Vítimas Feridas;Pleno dia;Decrescente;Sol;Dupla;Reta;Sim;2;0;0;1;1;1;0;2;-8,0762;-34,99218;SPRF-PE;DEL01/PE;UOP01-DEL01-PE
769403;04/05/2026;segunda-feira;12:30:00;SC;163;0,7;DIONISIO CERQUEIRA;Frear bruscamente;Colisão traseira;Sem Vítimas;Pleno dia;Crescente;Céu Claro;Simples;"Aclive;Interseção de Vias;Reta";Sim;4;0;0;0;0;3;0;2;-26,26301657;-53,6224165;SPRF-SC;DEL07/SC;UOP03-DEL07-SC
769405;04/05/2026;segunda-feira;08:50:00;BA;101;560;ARATACA;Animais na Pista;Atropelamento de Animal;Com Vítimas Feridas;Pleno dia;Crescente;Céu Claro;Simples;Reta;Não;6;0;1;0;1;5;0;2;-15,19208;-39,441698;SPRF-BA;DEL05/BA;UOP02-DEL05-BA
769406;04/05/2026;segunda-feira;13:30:00;SP;381;55;MAIRIPORA;Reação tardia ou ineficiente do condutor;Tombamento;Com Vítimas Feridas;Pleno dia;Decrescente;Céu Claro;Dupla;"Reta;Declive";Não;1;0;1;0;1;0;0;1;-23,2560638;-46,5925577;SPRF-SP;DEL03/SP;UOP01-DEL03-SP
769408;04/05/2026;segunda-feira;13:45:00;SC;101;202,4;SAO JOSE;Ausência de reação do condutor;Colisão lateral mesmo sentido;Com Vítimas Feridas;Pleno dia;Crescente;Céu Claro;Dupla;Reta;Sim;3;0;2;0;2;1;0;2;-27,560941;-48,617071;SPRF-SC;DEL01/SC;UOP01-DEL01-SC
769409;04/05/2026;segunda-feira;13:00:00;SP;116;5,9;QUELUZ;Frear bruscamente;Engavetamento;Com Vítimas Feridas;Pleno dia;Crescente;Sol;Dupla;Reta;Não;8;0;4;0;4;4;0;4;-22,53150729;-44,75282085;SPRF-SP;DEL08/SP;UOP02-DEL08-SP
769411;04/05/2026;segunda-feira;11:40:00;PR;376;469;PONTA GROSSA;Ausência de reação do condutor;Colisão com objeto;Com Vítimas Feridas;Pleno dia;Crescente;Ignorado;Dupla;Curva;Não;2;0;2;0;2;0;0;1;-25,035499;-50,297891;SPRF-PR;DEL03/PR;UOP01-DEL03-PR
769412;04/05/2026;segunda-feira;10:53:00;BA;242;379;PALMEIRAS;Acumulo de areia ou detritos sobre o pavimento;Tombamento;Sem Vítimas;Pleno dia;Decrescente;Sol;Simples;Curva;Não;1;0;0;0;0;1;0;1;-12,43119;-41,50551;SPRF-BA;DEL06/BA;UOP01-DEL06-BA
769417;04/05/2026;segunda-feira;10:01:00;RJ;493;82;JAPERI;Ausência de reação do condutor;Saída de leito carroçável;Com Vítimas Feridas;Pleno dia;Crescente;Céu Claro;Dupla;Reta;Não;2;0;2;0;2;0;0;1;-22,6652035;-43,591893;SPRF-RJ;DEL01/RJ;UOP03-DEL01-RJ
769423;04/05/2026;segunda-feira;14:45:00;PR;277;336;GUARAPUAVA;Reação tardia ou ineficiente do condutor;Colisão traseira;Sem Vítimas;Pleno dia;Crescente;Céu Claro;Dupla;"Aclive;Reta";Sim;2;0;0;0;0;2;0;2;-25,35265;-51,36886;SPRF-PR;DEL08/PR;UOP01-DEL08-PR
769425;04/05/2026;segunda-feira;13:30:00;PI;343;9,6;PARNAIBA;Acessar a via sem observar a presença dos outros veículos;Colisão lateral mesmo sentido;Com Vítimas Feridas;Pleno dia;Crescente;Céu Claro;Simples;"Reta;Interseção de Vias";Sim;2;0;0;1;1;0;0;2;-2,90128612;-41,73681289;SPRF-PI;DEL05-PI;UOP01-DEL05-PI
769426;04/05/2026;segunda-feira;13:00:00;PI;343;339;TERESINA;Condutor deixou de manter distância do veículo da frente;Colisão lateral mesmo sentido;Com Vítimas Feridas;Pleno dia;Decrescente;Céu Claro;Dupla;Curva;Não;3;0;2;0;2;0;0;2;-5,06842231;-42,73246957;SPRF-PI;DEL01-PI;UOP01-DEL01-PI
769429;04/05/2026;segunda-feira;14:40:00;DF;20;11,3;BRASILIA;Condutor deixou de manter distância do veículo da frente;Colisão lateral mesmo sentido;Com Vítimas Feridas;Pleno dia;Crescente;Céu Claro;Múltipla;Reta;Sim;2;0;1;0;1;1;0;2;-15,64717202;-47,76739597;SPRF-DF;DEL02-DF;UOP01-DEL02-DF
769430;04/05/2026;segunda-feira;11:30:00;MG;251;450;GRAO MOGOL;Ausência de reação do condutor;Saída de leito carroçável;Sem Vítimas;Pleno dia;Decrescente;Céu Claro;Simples;"Reta;Declive";Não;1;0;0;0;0;0;1;1;-16,429825;-43,284232;SPRF-MG;DEL12/MG;UOP01-DEL12-MG
769431;04/05/2026;segunda-feira;14:40:00;PB;230;26,4;JOAO PESSOA;Ausência de reação do condutor;Tombamento;Com Vítimas Feridas;Pleno dia;Decrescente;Céu Claro;Dupla;Reta;Sim;1;0;1;0;1;0;0;1;-7,1685939;-34,8823123;SPRF-PB;DEL01-PB;UOP01-DEL01-PB
769432;02/05/2026;sábado;09:40:00;SC;282;618;IRACEMINHA;Chuva;Saída de leito carroçável;Com Vítimas Feridas;Pleno dia;Decrescente;Chuva;Simples;Curva;Não;3;0;1;0;1;2;0;1;-26,78265455;-53,28575749;SPRF-SC;DEL07/SC;UOP02-DEL07-SC
769434;04/05/2026;segunda-feira;15:15:00;PR;116;141;MANDIRITUBA;Desrespeitar a preferência no cruzamento;Colisão traseira;Com Vítimas Feridas;Pleno dia;Crescente;Céu Claro;Dupla;"Declive;Interseção de Vias;Reta";Sim;4;0;1;2;3;1;0;2;-25,773257;-49,323411;SPRF-PR;DEL01/PR;UOP03-DEL01-PR
769435;05/04/2026;domingo;06:29:00;PE;232;180;BELO JARDIM;Ausência de reação do condutor;Colisão traseira;Com Vítimas Feridas;Pleno dia;Decrescente;Céu Claro;Simples;Reta;Sim;2;0;1;0;1;1;0;2;-8,343913;-36,425537;SPRF-PE;DEL03/PE;UOP02-DEL03-PE
769439;04/05/2026;segunda-feira;15:00:00;SP;116;541;BARRA DO TURVO;Chuva;Capotamento;Com Vítimas Feridas;Pleno dia;Crescente;Chuva;Dupla;Curva;Não;4;0;2;0;2;2;0;1;-24,97294474;-48,40059981;SPRF-SP;DEL05/SP;UOP02-DEL05-SP
769440;04/05/2026;segunda-feira;14:30:00;RO;364;710;PORTO VELHO;Acessar a via sem observar a presença dos outros veículos;Colisão traseira;Sem Vítimas;Pleno dia;Crescente;Céu Claro;Dupla;Interseção de Vias;Sim;2;0;0;0;0;2;0;2;-8,78461148;-63,85985613;SPRF-RO;DEL01-RO;UOP01-DEL01-RO
769441;04/05/2026;segunda-feira;16:20:00;BA;101;171;FEIRA DE SANTANA;Pista Escorregadia;Queda de ocupante de veículo;Com Vítimas Feridas;Pleno dia;Crescente;Garoa/Chuvisco;Simples;Reta;Não;1;0;1;0;1;0;0;1;-12,3592427;-38,8632942;SPRF-BA;DEL11/BA;UOP02-DEL11-BA
769443;04/05/2026;segunda-feira;12:40:00;RS;116;149;CAXIAS DO SUL;Ingestão de álcool pelo condutor;Atropelamento de Pedestre;Com Vítimas Feridas;Pleno dia;Decrescente;Céu Claro;Dupla;Reta;Não;2;0;0;1;1;1;0;2;-29,1643924;-51,15853278;SPRF-RS;DEL05/RS;UOP01-DEL05-RS
769445;04/05/2026;segunda-feira;17:15:00;ES;101;280,9;SERRA;Velocidade Incompatível;Tombamento;Com Vítimas Feridas;Pleno dia;Crescente;Nublado;Dupla;Reta;Não;1;0;1;0;1;0;0;1;-20,22217598;-40,35814583;SPRF-ES;DEL02-ES;UOP01-DEL02-ES
769447;04/05/2026;segunda-feira;16:00:00;SC;470;115;IBIRAMA;Acessar a via sem observar a presença dos outros veículos;Colisão transversal;Com Vítimas Feridas;Pleno dia;Decrescente;Nublado;Simples;"Reta;Retorno Regulamentado";Sim;3;0;2;1;3;0;0;2;-27,08017655;-49,48571412;SPRF-SC;DEL04/SC;UOP02-DEL04-SC
769448;04/05/2026;segunda-feira;17:00:00;ES;101;144;LINHARES;Condutor deixou de manter distância do veículo da frente;Colisão traseira;Com Vítimas Feridas;Plena Noite;Decrescente;Céu Claro;Dupla;Reta;Sim;3;0;1;0;1;2;0;3;-19,355539;-40,063833;SPRF-ES;DEL04-ES;UOP01-DEL04-ES
769449;04/05/2026;segunda-feira;15:20:00;RJ;40;109;DUQUE DE CAXIAS;Reação tardia ou ineficiente do condutor;Queda de ocupante de veículo;Com Vítimas Feridas;Pleno dia;Decrescente;Céu Claro;Dupla;Reta;Não;1;0;1;0;1;0;0;1;-22,6826527;-43,2998028;SPRF-RJ;DEL01/RJ;UOP02-DEL01-RJ
769450;04/05/2026;segunda-feira;16:59:00;PE;101;57;RECIFE;Ausência de reação do condutor;Colisão lateral mesmo sentido;Sem Vítimas;Anoitecer;Decrescente;Céu Claro;Dupla;Reta;Não;2;0;0;0;0;2;0;2;-7,965797;-34,917377;SPRF-PE;DEL01/PE;UOP02-DEL01-PE
769451;04/05/2026;segunda-feira;18:00:00;RN;101;105;PARNAMIRIM;Demais falhas mecânicas ou elétricas;Queda de ocupante de veículo;Com Vítimas Feridas;Plena Noite;Crescente;Céu Claro;Múltipla;Reta;Não;1;0;1;0;1;0;0;1;-5,89681404;-35,25820182;SPRF-RN;DEL01-RN;UOP01-DEL01-RN
769452;04/05/2026;segunda-feira;16:00:00;SC;116;228;CORREIA PINTO;Ultrapassagem Indevida;Saída de leito carroçável;Com Vítimas Feridas;Pleno dia;Decrescente;Chuva;Simples;Reta;Não;4;0;4;0;4;0;0;1;-27,62858998;-50,34113344;SPRF-SC;DEL05/SC;UOP03-DEL05-SC
769453;04/05/2026;segunda-feira;15:45:00;AM;319;706;HUMAITA;Animais na Pista;Saída de leito carroçável;Com Vítimas Feridas;Pleno dia;Decrescente;Céu Claro;Simples;Reta;Não;1;0;1;0;1;0;0;1;-7,761235;-63,144873;SPRF-AM;DEL02-AM;UOP01-DEL02-AM
769455;04/05/2026;segunda-feira;18:00:00;RJ;101;80;CAMPOS DOS GOYTACAZES;Ausência de reação do condutor;Atropelamento de Pedestre;Com Vítimas Feridas;Plena Noite;Crescente;Céu Claro;Simples;Reta;Não;3;0;0;1;1;1;0;2;-21,757033;-41,327739;SPRF-RJ;DEL08/RJ;UOP02-DEL08-RJ
769456;04/05/2026;segunda-feira;15:30:00;BA;324;565;SAO SEBASTIAO DO PASSE;Ausência de reação do condutor;Colisão traseira;Sem Vítimas;Pleno dia;Decrescente;Garoa/Chuvisco;Múltipla;Reta;Não;2;0;0;0;0;2;0;2;-12,533063;-38,598459;SPRF-BA;DEL01/BA;UOP01-DEL01-BA
769457;04/05/2026;segunda-feira;10:00:00;PI;316;311;PICOS;Acessar a via sem observar a presença dos outros veículos;Colisão transversal;Sem Vítimas;Pleno dia;Decrescente;Céu Claro;Dupla;"Reta;Retorno Regulamentado";Sim;2;0;0;0;0;2;0;2;-7,08100932;-41,45800201;SPRF-PI;DEL04-PI;UOP01-DEL04-PI
769458;04/05/2026;segunda-feira;18:10:00;MG;381;503;BETIM;Ausência de reação do condutor;Saída de leito carroçável;Com Vítimas Feridas;Plena Noite;Decrescente;Céu Claro;Dupla;"Declive;Reta";Não;2;0;1;0;1;1;0;1;-20,02931713;-44,23511672;SPRF-MG;DEL01/MG;UOP03-DEL01-MG
769459;04/05/2026;segunda-feira;17:30:00;MG;262;438;NOVA SERRANA;Ultrapassagem Indevida;Colisão lateral mesmo sentido;Com Vítimas Feridas;Plena Noite;Decrescente;Céu Claro;Dupla;Reta;Sim;3;0;0;1;1;1;0;3;-19,786768;-44,9296672;SPRF-MG;DEL08/MG;UOP03-DEL08-MG
769460;04/05/2026;segunda-feira;17:55:00;SC;101;199,1;SAO JOSE;Reação tardia ou ineficiente do condutor;Colisão traseira;Com Vítimas Feridas;Plena Noite;Decrescente;Céu Claro;Múltipla;Reta;Não;2;0;1;0;1;1;0;2;-27,53488;-48,62885;SPRF-SC;DEL01/SC;UOP01-DEL01-SC
769461;04/05/2026;segunda-feira;17:30:00;TO;226;5;AGUIARNOPOLIS;Condutor Dormindo;Saída de leito carroçável;Com Vítimas Feridas;Anoitecer;Decrescente;Céu Claro;Simples;Aclive;Não;1;0;1;0;1;0;0;1;-6,53566837;-47,49736659;SPRF-TO;DEL02-TO;UOP03-DEL02-TO
769462;04/05/2026;segunda-feira;17:50:00;MG;381;322;NOVA ERA;Acessar a via sem observar a presença dos outros veículos;Colisão transversal;Com Vítimas Feridas;Anoitecer;Decrescente;Nublado;Dupla;Retorno Regulamentado;Não;2;0;0;1;1;1;0;2;-19,7567661;-43,0272033;SPRF-MG;DEL03/MG;UOP02-DEL03-MG
769463;04/05/2026;segunda-feira;18:13:00;TO;153;497;PARAISO DO TOCANTINS;Reação tardia ou ineficiente do condutor;Colisão transversal;Com Vítimas Feridas;Anoitecer;Decrescente;Céu Claro;Simples;Reta;Sim;2;0;1;0;1;1;0;2;-10,17140084;-48,88065068;SPRF-TO;DEL01-TO;UOP01-DEL01-TO
769464;04/05/2026;segunda-feira;10:15:00;MG;381;394;BOM JESUS DO AMPARO;Reação tardia ou ineficiente do condutor;Colisão com objeto;Com Vítimas Feridas;Pleno dia;Decrescente;Céu Claro;Dupla;"Declive;Curva";Sim;1;0;1;0;1;0;0;1;-19,74537797;-43,4941864;SPRF-MG;DEL01/MG;UOP01-DEL01-MG
769465;24/03/2026;terça-feira;02:00:00;RJ;101;493;ANGRA DOS REIS;Reação tardia ou ineficiente do condutor;Colisão com objeto;Com Vítimas Feridas;Plena Noite;Crescente;Céu Claro;Simples;Curva;Não;1;0;1;0;1;0;0;1;-22,93436549;-44,32193756;SPRF-RJ;DEL03/RJ;UOP03-DEL03-RJ
769466;04/05/2026;segunda-feira;18:10:00;RS;290;90;PORTO ALEGRE;Trafegar com motocicleta (ou similar) entre as faixas;Colisão traseira;Com Vítimas Feridas;Plena Noite;Decrescente;Nublado;Dupla;Reta;Não;2;0;1;0;1;1;0;2;-29,96793746;-51,14907213;SPRF-RS;DEL01/RS;UOP01-DEL01-RS
769467;04/05/2026;segunda-feira;16:29:00;MS;262;422;TERENOS;Avarias e/ou desgaste excessivo no pneu;Tombamento;Com Vítimas Feridas;Pleno dia;Decrescente;Céu Claro;Simples;Reta;Não;2;0;0;2;2;0;0;1;-20,467419;-55,222954;SPRF-MS;DEL01/MS;UOP03-DEL01-MS
769469;04/05/2026;segunda-feira;18:00:00;GO;60;232;CEZARINA;Reação tardia ou ineficiente do condutor;Colisão traseira;Com Vítimas Feridas;Pleno dia;Decrescente;Nublado;Dupla;Reta;Não;2;0;1;0;1;1;0;2;-17,07452;-49,82024;SPRF-GO;DEL01/GO;UOP02-DEL01-GO
769471;04/05/2026;segunda-feira;18:15:00;BA;324;617;SALVADOR;Ausência de reação do condutor;Queda de ocupante de veículo;Com Vítimas Feridas;Plena Noite;Decrescente;Céu Claro;Dupla;Reta;Sim;2;0;1;0;1;1;0;1;-12,8909054;-38,445659;SPRF-BA;DEL01/BA;UOP01-DEL01-BA
769473;04/05/2026;segunda-feira;15:48:00;MS;60;449,8;SIDROLANDIA;Ausência de reação do condutor;Saída de leito carroçável;Com Vítimas Feridas;Pleno dia;Crescente;Céu Claro;Simples;Curva;Não;1;0;1;0;1;0;0;1;-21,004548;-55,156148;SPRF-MS;DEL01/MS;UOP04-DEL01-MS
769475;04/05/2026;segunda-feira;17:13:00;MS;163;256,9;DOURADOS;Ausência de reação do condutor;Eventos atípicos;Com Vítimas Feridas;Plena Noite;Crescente;Céu Claro;Dupla;Reta;Não;2;0;0;1;1;0;0;2;-22,25899391;-54,79577065;SPRF-MS;DEL04/MS;UOP01-DEL04-MS
769476;17/03/2026;terça-feira;16:10:00;GO;414;437;ANAPOLIS;Ingestão de álcool pelo condutor;Colisão com objeto;Com Vítimas Feridas;Pleno dia;Crescente;Chuva;Simples;Reta;Sim;2;0;1;1;2;0;0;1;-16,256344;-48,936558;SPRF-GO;DEL02/GO;UOP01-DEL02-GO
769479;04/05/2026;segunda-feira;17:35:00;PA;316;69;CASTANHAL;Avarias e/ou desgaste excessivo no pneu;Tombamento;Com Vítimas Feridas;Pleno dia;Crescente;Nublado;Simples;Reta;Não;2;0;2;0;2;0;0;1;-1,291722;-47,868282;SPRF-PA;DEL01/PA;UOP01-DEL01-PA
769480;04/05/2026;segunda-feira;16:40:00;BA;116;414,8;FEIRA DE SANTANA;Acessar a via sem observar a presença dos outros veículos;Colisão traseira;Com Vítimas Feridas;Pleno dia;Decrescente;Céu Claro;Dupla;Reta;Não;3;0;2;0;2;1;0;2;-12,16250038;-38,96472168;SPRF-BA;DEL02/BA;UOP01-DEL02-BA
769481;04/05/2026;segunda-feira;18:15:00;SP;153;63,8;SAO JOSE DO RIO PRETO;Ausência de reação do condutor;Colisão com objeto;Com Vítimas Feridas;Anoitecer;Decrescente;Céu Claro;Dupla;"Curva;Declive";Sim;2;0;1;1;2;0;0;1;-20,82724765;-49,35916901;SPRF-SP;DEL09/SP;UOP01-DEL09-SP
769482;23/04/2026;quinta-feira;13:45:00;MS;463;103;PONTA PORA;Ausência de reação do condutor;Engavetamento;Com Vítimas Feridas;Pleno dia;Crescente;Céu Claro;Simples;Reta;Não;3;0;1;0;1;2;0;3;-22,59018885;-55,52024301;SPRF-MS;DEL04/MS;UOP03-DEL04-MS
769483;04/05/2026;segunda-feira;18:29:00;RS;386;356,3;ESTRELA;Desrespeitar a preferência no cruzamento;Colisão transversal;Com Vítimas Feridas;Plena Noite;Crescente;Nublado;Dupla;"Retorno Regulamentado;Interseção de Vias";Não;2;0;0;1;1;1;0;2;-29,52793383;-51,93089096;SPRF-RS;DEL04/RS;UOP01-DEL04-RS
769484;04/05/2026;segunda-feira;17:16:00;MS;262;327;CAMPO GRANDE;Manobra de mudança de faixa;Colisão traseira;Com Vítimas Feridas;Plena Noite;Crescente;Céu Claro;Dupla;Reta;Sim;2;0;1;0;1;1;0;2;-20,466986;-54,541562;SPRF-MS;DEL01/MS;UOP01-DEL01-MS
769485;04/05/2026;segunda-feira;18:00:00;SC;280;127,8;RIO NEGRINHO;Acessar a via sem observar a presença dos outros veículos;Colisão transversal;Com Vítimas Feridas;Plena Noite;Decrescente;Céu Claro;Simples;"Reta;Interseção de Vias;Retorno Regulamentado";Sim;2;0;1;0;1;1;0;2;-26,2426;-49,5115;SPRF-SC;DEL06/SC;UOP03-DEL06-SC
769486;29/03/2026;domingo;06:30:00;RJ;101;388;RIO DE JANEIRO;Demais Fenômenos da natureza;Colisão traseira;Com Vítimas Feridas;Pleno dia;Decrescente;Céu Claro;Múltipla;Reta;Não;6;0;2;0;2;4;0;2;-22,8894249;-43,66113631;SPRF-RJ;DEL03/RJ;UOP01-DEL03-RJ
769487;27/04/2026;segunda-feira;06:20:00;SC;101;207;SAO JOSE;Trafegar com motocicleta (ou similar) entre as faixas;Colisão lateral mesmo sentido;Com Vítimas Feridas;Pleno dia;Decrescente;Céu Claro;Dupla;Reta;Sim;3;0;2;0;2;1;0;3;-27,60266738;-48,63058877;SPRF-SC;DEL01/SC;UOP01-DEL01-SC
769488;04/05/2026;segunda-feira;19:00:00;SC;101;214,7;PALHOCA;Condutor deixou de manter distância do veículo da frente;Colisão lateral mesmo sentido;Com Vítimas Feridas;Plena Noite;Crescente;Nublado;Múltipla;Reta;Sim;4;0;1;1;2;1;0;4;-27,649922;-48,674653;SPRF-SC;DEL01/SC;UOP02-DEL01-SC
769489;04/05/2026;segunda-feira;18:30:00;PR;277;82,5;CURITIBA;Velocidade Incompatível;Engavetamento;Com Vítimas Feridas;Plena Noite;Decrescente;Nublado;Dupla;Reta;Sim;5;0;3;0;3;1;0;3;-25,4599029;-49,22068873;SPRF-PR;DEL01/PR;UOP03-DEL01-PR
769490;04/05/2026;segunda-feira;18:30:00;RJ;101;277;TANGUA;Animais na Pista;Atropelamento de Animal;Com Vítimas Feridas;Plena Noite;Crescente;Céu Claro;Dupla;Reta;Não;1;0;0;1;1;0;0;1;-22,73894201;-42,74537802;SPRF-RJ;DEL02/RJ;UOP03-DEL02-RJ
769491;04/05/2026;segunda-feira;18:00:00;BA;101;99;ALAGOINHAS;Transitar na contramão;Colisão lateral sentido oposto;Com Vítimas Feridas;Plena Noite;Decrescente;Céu Claro;Simples;"Reta;Declive";Não;2;0;0;1;1;1;0;2;-12,10051987;-38,37153977;SPRF-BA;DEL01/BA;UOP04-DEL01-BA
769492;04/05/2026;segunda-feira;18:55:00;PE;407;125;PETROLINA;Reação tardia ou ineficiente do condutor;Atropelamento de Pedestre;Com Vítimas Feridas;Plena Noite;Crescente;Céu Claro;Dupla;Reta;Sim;2;0;1;0;1;0;0;2;-9,382943;-40,530602;SPRF-PE;DEL06/PE;UOP01-DEL06-PE
769493;04/05/2026;segunda-feira;19:30:00;SP;381;21;BRAGANCA PAULISTA;Ausência de reação do condutor;Capotamento;Com Vítimas Feridas;Plena Noite;Decrescente;Céu Claro;Simples;"Reta;Declive";Sim;2;0;1;0;1;1;0;1;-22,993;-46,51;SPRF-SP;DEL03/SP;UOP02-DEL03-SP
769495;04/05/2026;segunda-feira;18:00:00;RJ;493;25;MAGE;Condutor deixou de manter distância do veículo da frente;Colisão traseira;Com Vítimas Feridas;Plena Noite;Decrescente;Céu Claro;Simples;"Reta;Em Obras";Não;3;0;1;0;1;2;0;2;-22,65790272;-43,07597486;SPRF-RJ;DEL04/RJ;UOP02-DEL04-RJ
769498;04/05/2026;segunda-feira;16:40:00;BA;101;207;GOVERNADOR MANGABEIRA;Ausência de reação do condutor;Colisão frontal;Com Vítimas Fatais;Anoitecer;Decrescente;Céu Claro;Múltipla;Reta;Não;2;1;0;0;0;1;0;2;-12,59946484;-39,02412415;SPRF-BA;DEL11/BA;UOP01-DEL11-BA
769499;04/05/2026;segunda-feira;20:00:00;PE;101;80,5;JABOATAO DOS GUARARAPES;Condutor deixou de manter distância do veículo da frente;Colisão traseira;Com Vítimas Feridas;Plena Noite;Crescente;Nublado;Múltipla;Reta;Não;2;0;1;0;1;1;0;2;-8,15607;-34,94155;SPRF-PE;DEL01/PE;UOP01-DEL01-PE
769500;04/05/2026;segunda-feira;19:50:00;PR;158;222;CAMPO MOURAO;Frear bruscamente;Colisão traseira;Com Vítimas Feridas;Plena Noite;Crescente;Céu Claro;Simples;Reta;Não;3;0;1;0;1;2;0;2;-24,060811;-52,341203;SPRF-PR;DEL09/PR;UOP03-DEL09-PR
769503;04/05/2026;segunda-feira;19:30:00;RO;364;10,9;JI-PARANA;Acesso irregular;Eventos atípicos;Com Vítimas Feridas;Plena Noite;Crescente;Céu Claro;Simples;Reta;Não;1;0;1;0;1;0;0;1;-10,862851;-62,003137;SPRF-RO;DEL02-RO;UOP01-DEL02-RO
769505;04/05/2026;segunda-feira;16:00:00;BA;330;861;UBATA;Ausência de sinalização;Colisão traseira;Com Vítimas Feridas;Pleno dia;Crescente;Sol;Simples;Reta;Não;4;0;1;1;2;2;0;4;-14,196224;-39,54336;SPRF-BA;DEL03/BA;UOP01-DEL03-BA