id;data_inversa;dia_semana;horario;uf;br;km;municipio;causa_acidente;tipo_acidente;classificacao_acidente;fase_dia;sentido_via;condicao_metereologica;tipo_pista;tracado_via;uso_solo;pessoas;mortos;feridos_leves;feridos_graves;feridos;ilesos;ignorados;veiculos;latitude;longitude;regional;delegacia;uop
769764;06/05/2026;quarta-feira;07:00:00;ES;101;140;LINHARES;Acessar a via sem observar a presença dos outros veículos;Colisão transversal;Com Vítimas Feridas;Pleno dia;Crescente;Céu Claro;Simples;Reta;Sim;2;0;0;1;1;1;0;2;-19,31098051;-40,08032799;SPRF-ES;DEL04-ES;UOP01-DEL04-ES
769765;06/05/2026;quarta-feira;08:00:00;SC;470;60,2;BLUMENAU;Ausência de reação do condutor;Colisão transversal;Com Vítimas Feridas;Pleno dia;Decrescente;Céu Claro;Simples;"Reta;Rotatória";Sim;2;0;0;1;1;1;0;2;-26,88058298;-49,16722476;SPRF-SC;DEL04/SC;UOP01-DEL04-SC
769766;06/05/2026;quarta-feira;08:25:00;ES;101;332,6;GUARAPARI;Velocidade Incompatível;Colisão com objeto;Com Vítimas Feridas;Pleno dia;Crescente;Nublado;Dupla;Curva;Não;2;0;1;0;1;1;0;1;-20,61205;-40,511422;SPRF-ES;DEL03-ES;UOP01-DEL03-ES
769768;06/05/2026;quarta-feira;08:30:00;RS;116;143,4;CAXIAS DO SUL;Reação tardia ou ineficiente do condutor;Colisão lateral mesmo sentido;Com Vítimas Feridas;Pleno dia;Decrescente;Sol;Dupla;Reta;Sim;2;0;1;0;1;1;0;2;-29,1238457;-51,1253015;SPRF-RS;DEL05/RS;UOP01-DEL05-RS
769769;06/05/2026;quarta-feira;08:36:00;BA;410;2;RIBEIRA DO POMBAL;Ausência de reação do condutor;Queda de ocupante de veículo;Com Vítimas Feridas;Pleno dia;Crescente;Céu Claro;Simples;Reta;Não;1;0;1;0;1;0;0;1;-10,82016316;-38,53706932;SPRF-BA;DEL07/BA;UOP02-DEL07-BA
769772;06/05/2026;quarta-feira;08:57:00;PB;101;95,1;CONDE;Velocidade Incompatível;Colisão com objeto;Sem Vítimas;Pleno dia;Decrescente;Nublado;Simples;"Curva;Declive";Não;1;0;0;0;0;1;0;1;-7,22308704;-34,91424736;SPRF-PB;DEL01-PB;UOP01-DEL01-PB
769773;06/05/2026;quarta-feira;09:00:00;RS;285;537,8;SAO LUIZ GONZAGA;Acessar a via sem observar a presença dos outros veículos;Colisão transversal;Com Vítimas Fatais;Pleno dia;Decrescente;Sol;Simples;"Em Obras;Interseção de Vias;Rotatória";Não;2;1;0;0;0;1;0;2;-28,400788;-54,65093;SPRF-RS;DEL10/RS;UOP01-DEL10-RS
769774;06/05/2026;quarta-feira;08:30:00;MS;0;0;CAMPO GRANDE;Reação tardia ou ineficiente do condutor;Saída de leito carroçável;Sem Vítimas;Pleno dia;Não Informado;Céu Claro;Simples;Interseção de Vias;Sim;2;0;0;0;0;2;0;1;-20,480839;-54,756981;SPRF-MS;DEL01/MS;UOP03-DEL01-MS
769776;06/05/2026;quarta-feira;08:30:00;BA;101;876;TEIXEIRA DE FREITAS;Ausência de sinalização;Colisão traseira;Com Vítimas Feridas;Pleno dia;Crescente;Nublado;Simples;"Aclive;Interseção de Vias;Reta";Sim;2;0;1;0;1;1;0;2;-17,539782;-39,71533863;SPRF-BA;DEL09/BA;UOP02-DEL09-BA
769777;06/05/2026;quarta-feira;09:05:00;MG;116;769,3;LEOPOLDINA;Ausência de reação do condutor;Colisão com objeto;Com Vítimas Feridas;Pleno dia;Decrescente;Céu Claro;Simples;Curva;Não;1;0;0;1;1;0;0;1;-21,55069644;-42,67043637;SPRF-MG;DEL07/MG;UOP01-DEL07-MG
769778;06/05/2026;quarta-feira;08:15:00;GO;60;380;RIO VERDE;Ausência de reação do condutor;Queda de ocupante de veículo;Com Vítimas Feridas;Pleno dia;Decrescente;Céu Claro;Dupla;Reta;Sim;1;0;1;0;1;0;0;1;-17,77933296;-50,89377377;SPRF-GO;DEL04/GO;UOP02-DEL04-GO
769779;06/05/2026;quarta-feira;06:50:00;AC;364;138;RIO BRANCO;Condutor deixou de manter distância do veículo da frente;Colisão traseira;Com Vítimas Feridas;Pleno dia;Decrescente;Céu Claro;Dupla;Reta;Não;2;0;1;0;1;1;0;2;-9,9588228;-67,8576602;SPRF-AC;DEL01-AC;UOP01-DEL01-AC
769780;06/05/2026;quarta-feira;08:45:00;RS;285;518;VITORIA DAS MISSOES;Transitar na contramão;Saída de leito carroçável;Com Vítimas Feridas;Pleno dia;Crescente;Céu Claro;Simples;Reta;Não;2;0;1;0;1;1;0;2;-28,393937;-54,459761;SPRF-RS;DEL10/RS;UOP01-DEL10-RS
769782;06/05/2026;quarta-feira;10:00:00;SP;116;72,6;APARECIDA;Frear bruscamente;Colisão traseira;Com Vítimas Feridas;Pleno dia;Crescente;Céu Claro;Dupla;Reta;Não;6;0;1;0;1;5;0;2;-22,86643258;-45,24172939;SPRF-SP;DEL08/SP;UOP01-DEL08-SP
769783;06/05/2026;quarta-feira;09:26:00;PI;343;3,8;TERESINA;Condutor desrespeitou a iluminação vermelha do semáforo;Colisão transversal;Com Vítimas Feridas;Pleno dia;Crescente;Céu Claro;Dupla;"Interseção de Vias;Reta";Sim;4;0;0;1;1;1;0;3;-5,080471;-42,7835;SPRF-PI;DEL01-PI;UOP01-DEL01-PI
769784;05/05/2026;terça-feira;08:30:00;RN;101;105,9;PARNAMIRIM;Acessar a via sem observar a presença dos outros veículos;Colisão transversal;Com Vítimas Feridas;Pleno dia;Crescente;Céu Claro;Dupla;Interseção de Vias;Sim;2;0;1;0;1;1;0;2;-5,91113499;-35,26169149;SPRF-RN;DEL01-RN;UOP01-DEL01-RN
769788;06/05/2026;quarta-feira;10:45:00;PB;230;17,9;JOAO PESSOA;Acessar a via sem observar a presença dos outros veículos;Colisão traseira;Com Vítimas Feridas;Pleno dia;Decrescente;Nublado;Dupla;"Reta;Declive";Sim;2;0;1;0;1;0;0;2;-7,12212376;-34,84523088;SPRF-PB;DEL01-PB;UOP01-DEL01-PB
769789;06/05/2026;quarta-feira;08:00:00;MS;163;191;CAARAPO;Reação tardia ou ineficiente do condutor;Saída de leito carroçável;Sem Vítimas;Pleno dia;Decrescente;Céu Claro;Simples;"Curva;Declive";Não;1;0;0;0;0;1;0;1;-22,779007;-54,765137;SPRF-MS;DEL04/MS;UOP02-DEL04-MS
769790;06/05/2026;quarta-feira;10:20:00;GO;40;4;VALPARAISO DE GOIAS;Velocidade Incompatível;Colisão traseira;Com Vítimas Feridas;Pleno dia;Decrescente;Céu Claro;Dupla;Reta;Sim;3;0;2;0;2;1;0;2;-16,08843502;-47,98496515;SPRF-DF;DEL01-DF;UOP01-DEL01-DF
769791;06/05/2026;quarta-feira;09:34:00;DF;70;3;BRASILIA;Ausência de reação do condutor;Colisão traseira;Com Vítimas Feridas;Pleno dia;Decrescente;Céu Claro;Dupla;Reta;Não;2;0;2;0;2;0;0;2;-15,8024649;-48,0804275;SPRF-DF;DEL03-DF;UOP02-DEL03-DF
769795;06/05/2026;quarta-feira;10:35:00;DF;70;18,6;BRASILIA;Demais falhas mecânicas ou elétricas;Queda de ocupante de veículo;Com Vítimas Feridas;Pleno dia;Decrescente;Sol;Dupla;Aclive;Sim;2;0;1;0;1;1;0;1;-15,789055;-48,226333;SPRF-DF;DEL03-DF;UOP02-DEL03-DF
769796;06/05/2026;quarta-feira;09:25:00;RJ;116;185;NOVA IGUACU;Ausência de reação do condutor;Engavetamento;Com Vítimas Feridas;Pleno dia;Crescente;Céu Claro;Dupla;Reta;Sim;6;0;1;0;1;5;0;4;-22,74782788;-43,4439615;SPRF-RJ;DEL06/RJ;UOP01-DEL06-RJ
769801;06/05/2026;quarta-feira;11:00:00;DF;70;3;BRASILIA;Condutor deixou de manter distância do veículo da frente;Colisão traseira;Com Vítimas Feridas;Pleno dia;Decrescente;Céu Claro;Dupla;Reta;Não;2;0;0;1;1;1;0;2;-15,79495609;-48,19919165;SPRF-DF;DEL03-DF;UOP02-DEL03-DF
769802;06/05/2026;quarta-feira;11:18:00;TO;10;458;PALMAS;Acessar a via sem observar a presença dos outros veículos;Colisão lateral mesmo sentido;Com Vítimas Feridas;Pleno dia;Crescente;Céu Claro;Múltipla;Reta;Não;2;0;0;1;1;1;0;2;-10,267678;-48,306714;SPRF-TO;DEL01-TO;UOP03-DEL01-TO
769803;06/05/2026;quarta-feira;09:15:00;BA;415;30;ILHEUS;Velocidade Incompatível;Colisão com objeto;Com Vítimas Feridas;Pleno dia;Decrescente;Sol;Dupla;Curva;Não;2;0;2;0;2;0;0;1;-14,7822979;-39,23480735;SPRF-BA;DEL05/BA;UOP01-DEL05-BA
769806;06/05/2026;quarta-feira;10:30:00;RJ;116;179;NOVA IGUACU;Ausência de reação do condutor;Colisão com objeto;Com Vítimas Feridas;Pleno dia;Decrescente;Céu Claro;Dupla;Reta;Não;1;0;1;0;1;0;0;1;-22,7665506;-43,41355769;SPRF-RJ;DEL06/RJ;UOP01-DEL06-RJ
769807;06/05/2026;quarta-feira;08:55:00;PR;163;141;CAPITAO LEONIDAS MARQUES;Transitar na contramão;Capotamento;Com Vítimas Feridas;Pleno dia;Decrescente;Céu Claro;Simples;"Curva;Em Obras;Retorno Regulamentado;Desvio Temporário;Viaduto";Sim;12;0;2;0;2;9;0;2;-25,47204429;-53,58722105;SPRF-PR;DEL05/PR;UOP05-DEL05-PR
769808;06/05/2026;quarta-feira;05:50:00;BA;110;368;CATU;Demais falhas mecânicas ou elétricas;Incêndio;Sem Vítimas;Pleno dia;Crescente;Nublado;Simples;"Aclive;Reta";Não;1;0;0;0;0;1;0;1;-12,35950618;-38,39200258;SPRF-BA;DEL01/BA;UOP04-DEL01-BA
769809;06/05/2026;quarta-feira;11:02:00;MG;40;487;ESMERALDAS;Frear bruscamente;Tombamento;Com Vítimas Feridas;Pleno dia;Decrescente;Céu Claro;Dupla;Reta;Não;1;0;1;0;1;0;0;1;-19,60092;-44,2217;SPRF-MG;DEL02/MG;UOP01-DEL02-MG
769811;06/05/2026;quarta-feira;11:30:00;DF;20;1,2;BRASILIA;Falta de elemento de contenção que evite a saída do leito carroçável;Colisão com objeto;Com Vítimas Feridas;Pleno dia;Decrescente;Céu Claro;Dupla;Reta;Não;1;0;0;1;1;0;0;1;-15,6792123;-47,8388709;SPRF-DF;DEL02-DF;UOP01-DEL02-DF
769815;30/04/2026;quinta-feira;18:20:00;MS;60;425;SIDROLANDIA;Acessar a via sem observar a presença dos outros veículos;Colisão transversal;Com Vítimas Feridas;Anoitecer;Crescente;Céu Claro;Múltipla;"Reta;Interseção de Vias";Sim;5;0;1;0;1;4;0;2;-20,92588863;-54,95522261;SPRF-MS;DEL01/MS;UOP04-DEL01-MS
769817;06/05/2026;quarta-feira;11:55:00;RS;448;5;ESTEIO;Reação tardia ou ineficiente do condutor;Colisão traseira;Com Vítimas Feridas;Pleno dia;Decrescente;Sol;Múltipla;Reta;Não;2;0;1;0;1;1;0;2;-29,84544585;-51,19992614;SPRF-RS;DEL01/RS;UOP02-DEL01-RS
769818;06/05/2026;quarta-feira;12:30:00;RS;290;70;GRAVATAI;Ausência de reação do condutor;Saída de leito carroçável;Com Vítimas Feridas;Pleno dia;Decrescente;Céu Claro;Múltipla;Reta;Não;1;0;1;0;1;0;0;1;-29,9489457;-50,9585007;SPRF-RS;DEL03/RS;UOP01-DEL03-RS
769819;06/05/2026;quarta-feira;12:14:00;MT;70;525;VARZEA GRANDE;Conversão proibida;Colisão frontal;Com Vítimas Feridas;Pleno dia;Crescente;Céu Claro;Simples;Reta;Não;2;0;1;0;1;1;0;2;-15,65216646;-56,20129019;SPRF-MT;DEL01/MT;UOP02-DEL01-MT
769820;06/05/2026;quarta-feira;13:21:00;TO;153;583;SANTA RITA DO TOCANTINS;Pista esburacada;Saída de leito carroçável;Com Vítimas Feridas;Pleno dia;Crescente;Céu Claro;Simples;Reta;Não;3;0;3;0;3;0;0;1;-10,945965;-48,9095;SPRF-TO;DEL01-TO;UOP01-DEL01-TO
769822;03/04/2026;sexta-feira;20:50:00;SC;101;88;BARRA VELHA;Reação tardia ou ineficiente do condutor;Atropelamento de Pedestre;Com Vítimas Feridas;Plena Noite;Decrescente;Céu Claro;Dupla;"Reta;Viaduto;Interseção de Vias";Sim;3;0;1;1;2;1;0;3;-26,65048887;-48,68788719;SPRF-SC;DEL03/SC;UOP02-DEL03-SC
769823;28/04/2026;terça-feira;17:00:00;GO;60;164;GOIANIA;Desvio temporário;Colisão com objeto;Com Vítimas Feridas;Pleno dia;Crescente;Céu Claro;Dupla;Declive;Não;1;0;1;0;1;0;0;1;-16,712235;-49,356543;SPRF-GO;DEL01/GO;UOP02-DEL01-GO
769824;06/05/2026;quarta-feira;13:10:00;ES;447;15,6;VILA VELHA;Acessar a via sem observar a presença dos outros veículos;Colisão transversal;Com Vítimas Feridas;Pleno dia;Crescente;Sol;Dupla;Rotatória;Sim;2;0;1;0;1;1;0;2;-20,3409109;-40,3277472;SPRF-ES;DEL01-ES;UOP01-DEL01-ES
769825;06/05/2026;quarta-feira;13:00:00;MT;70;1,5;BARRA DO GARCAS;Acessar a via sem observar a presença dos outros veículos;Colisão lateral mesmo sentido;Com Vítimas Feridas;Pleno dia;Crescente;Céu Claro;Simples;Reta;Sim;3;0;1;0;1;2;0;2;-15,89008989;-52,2641623;SPRF-MT;DEL07/MT;UOP01-DEL07-MT
769827;06/05/2026;quarta-feira;13:30:00;SC;101;201,6;SAO JOSE;Condutor deixou de manter distância do veículo da frente;Colisão traseira;Com Vítimas Feridas;Pleno dia;Crescente;Céu Claro;Dupla;Declive;Sim;4;0;2;0;2;2;0;2;-27,55352;-48,61951;SPRF-SC;DEL01/SC;UOP01-DEL01-SC
769828;06/05/2026;quarta-feira;13:20:00;GO;60;53,5;ABADIANIA;Avarias e/ou desgaste excessivo no pneu;Queda de ocupante de veículo;Com Vítimas Feridas;Pleno dia;Decrescente;Céu Claro;Dupla;"Declive;Curva";Não;2;0;1;0;1;1;0;1;-16,178296;-48,650889;SPRF-GO;DEL02/GO;UOP01-DEL02-GO
769829;06/05/2026;quarta-feira;12:40:00;SC;101;170;TIJUCAS;Ausência de reação do condutor;Colisão frontal;Sem Vítimas;Pleno dia;Decrescente;Céu Claro;Múltipla;Reta;Não;2;0;0;0;0;1;0;2;-27,298295;-48,631347;SPRF-SC;DEL04/SC;UOP03-DEL04-SC
769830;06/05/2026;quarta-feira;12:50:00;SP;101;50,6;UBATUBA;Condutor deixou de manter distância do veículo da frente;Colisão traseira;Com Vítimas Feridas;Pleno dia;Crescente;Céu Claro;Simples;Reta;Sim;2;0;1;0;1;1;0;2;-23,45404307;-45,07353242;SPRF-SP;DEL06/SP;UOP01-DEL06-SP
769831;06/05/2026;quarta-feira;13:20:00;PE;104;61,9;CARUARU;Manobra de mudança de faixa;Colisão lateral mesmo sentido;Com Vítimas Feridas;Pleno dia;Decrescente;Céu Claro;Dupla;"Reta;Retorno Regulamentado";Sim;3;0;2;1;3;0;0;2;-8,24547393;-35,97493207;SPRF-PE;DEL02/PE;UOP01-DEL02-PE
769832;06/05/2026;quarta-feira;13:40:00;RJ;116;286;BARRA MANSA;Ausência de reação do condutor;Colisão com objeto;Com Vítimas Feridas;Pleno dia;Crescente;Céu Claro;Dupla;Reta;Não;1;0;0;1;1;0;0;1;-22,5034053;-44,2270182;SPRF-RJ;DEL07/RJ;UOP02-DEL07-RJ
769833;06/05/2026;quarta-feira;20:20:00;RJ;116;185;NOVA IGUACU;Ausência de sinalização;Colisão traseira;Com Vítimas Feridas;Plena Noite;Decrescente;Céu Claro;Dupla;Reta;Sim;2;0;0;1;1;1;0;2;-22,73989192;-43,46157074;SPRF-RJ;DEL06/RJ;UOP01-DEL06-RJ
769834;06/05/2026;quarta-feira;07:34:00;RN;226;274,8;TRIUNFO POTIGUAR;Acessar a via sem observar a presença dos outros veículos;Colisão frontal;Com Vítimas Feridas;Pleno dia;Crescente;Sol;Simples;Reta;Sim;2;0;1;0;1;1;0;2;-5,8643479;-37,18736736;SPRF-RN;DEL03-RN;UOP01-DEL03-RN
769835;16/04/2026;quinta-feira;09:00:00;MG;381;354;BETIM;Acessar a via sem observar a presença dos outros veículos;Colisão lateral mesmo sentido;Com Vítimas Feridas;Pleno dia;Decrescente;Céu Claro;Múltipla;Curva;Não;2;0;1;0;1;1;0;2;-19,975666;-44,260095;SPRF-MG;DEL03/MG;UOP01-DEL03-MG
769836;06/05/2026;quarta-feira;13:30:00;PR;153;41,4;SANTO ANTONIO DA PLATINA;Transitar no Acostamento;Colisão transversal;Com Vítimas Feridas;Pleno dia;Crescente;Céu Claro;Simples;Reta;Sim;2;0;0;1;1;1;0;2;-23,29422932;-50,0645241;SPRF-PR;DEL07/PR;UOP04-DEL07-PR
769838;06/05/2026;quarta-feira;06:30:00;MT;163;604;NOVA MUTUM;Reação tardia ou ineficiente do condutor;Colisão lateral mesmo sentido;Com Vítimas Feridas;Pleno dia;Crescente;Céu Claro;Dupla;Reta;Não;2;0;1;0;1;1;0;2;-13,78188671;-56,06135488;SPRF-MT;DEL01/MT;UOP01-DEL01-MT
769842;27/03/2026;sexta-feira;06:30:00;BA;101;222;CRUZ DAS ALMAS;Transitar no Acostamento;Colisão frontal;Com Vítimas Feridas;Amanhecer;Crescente;Céu Claro;Simples;Reta;Não;3;0;3;0;3;0;0;2;-12,6740879;-39,1431491;SPRF-BA;DEL11/BA;UOP01-DEL11-BA
769845;06/05/2026;quarta-feira;13:26:00;MG;116;455,8;ENGENHEIRO CALDAS;Acumulo de óleo sobre o pavimento;Queda de ocupante de veículo;Com Vítimas Feridas;Pleno dia;Decrescente;Céu Claro;Simples;Reta;Sim;2;0;1;0;1;1;0;1;-19,200928;-42,047704;SPRF-MG;DEL06/MG;UOP02-DEL06-MG
769846;06/05/2026;quarta-feira;14:20:00;SC;282;31,7;ARAQUARI;Desrespeitar a preferência no cruzamento;Colisão transversal;Sem Vítimas;Pleno dia;Decrescente;Sol;Simples;Rotatória;Sim;2;0;0;0;0;2;0;2;-26,418017;-48,778603;SPRF-SC;DEL01/SC;UOP03-DEL01-SC
769852;06/05/2026;quarta-feira;14:20:00;MG;267;64;BICAS;Ultrapassagem Indevida;Colisão transversal;Com Vítimas Feridas;Pleno dia;Crescente;Céu Claro;Simples;"Reta;Declive;Interseção de Vias";Não;3;0;1;1;2;1;0;2;-21,740204;-43,103295;SPRF-MG;DEL05/MG;UOP01-DEL05-MG
769853;06/05/2026;quarta-feira;14:45:00;SC;282;4,6;SAO JOSE;Condutor deixou de manter distância do veículo da frente;Colisão traseira;Com Vítimas Feridas;Pleno dia;Crescente;Sol;Múltipla;Reta;Sim;3;0;2;0;2;1;0;2;-27,58986;-48,60956;SPRF-SC;DEL01/SC;UOP01-DEL01-SC
769855;06/05/2026;quarta-feira;14:25:00;PR;116;115,1;CURITIBA;Condutor deixou de manter distância do veículo da frente;Colisão lateral mesmo sentido;Com Vítimas Feridas;Pleno dia;Decrescente;Céu Claro;Dupla;"Declive;Reta";Não;3;0;1;0;1;2;0;2;-25,543248;-49,302969;SPRF-PR;DEL01/PR;UOP03-DEL01-PR
769857;06/05/2026;quarta-feira;15:39:00;ES;101;221;IBIRACU;Conversão proibida;Colisão transversal;Com Vítimas Feridas;Pleno dia;Crescente;Céu Claro;Simples;Reta;Não;2;0;0;1;1;1;0;2;-19,86488;-40,39443;SPRF-ES;DEL02-ES;UOP01-DEL02-ES
769858;06/05/2026;quarta-feira;15:35:00;PR;376;174,3;MARINGA;Ausência de reação do condutor;Engavetamento;Sem Vítimas;Pleno dia;Crescente;Céu Claro;Dupla;Reta;Sim;3;0;0;0;0;3;0;3;-23,4200741;-51,97817675;SPRF-PR;DEL09/PR;UOP01-DEL09-PR
769859;06/05/2026;quarta-feira;13:20:00;RJ;116;130;MAGE;Ausência de reação do condutor;Capotamento;Com Vítimas Feridas;Pleno dia;Decrescente;Céu Claro;Dupla;Reta;Não;1;0;1;0;1;0;0;1;-22,66441806;-43,09622504;SPRF-RJ;DEL04/RJ;UOP02-DEL04-RJ
769860;06/05/2026;quarta-feira;15:30:00;SC;101;288,3;IMBITUBA;Desrespeitar a preferência no cruzamento;Colisão transversal;Com Vítimas Feridas;Pleno dia;Decrescente;Céu Claro;Múltipla;Interseção de Vias;Sim;2;0;1;0;1;1;0;2;-28,26825692;-48,70084612;SPRF-SC;DEL02/SC;UOP03-DEL02-SC
769861;06/05/2026;quarta-feira;16:15:00;DF;70;1,7;BRASILIA;Manobra de mudança de faixa;Colisão traseira;Com Vítimas Feridas;Pleno dia;Decrescente;Céu Claro;Dupla;"Reta;Interseção de Vias";Não;3;0;1;0;1;2;0;2;-15,7972337;-48,0698179;SPRF-DF;DEL03-DF;UOP02-DEL03-DF
769862;06/05/2026;quarta-feira;11:30:00;RS;285;569,6;SAO LUIZ GONZAGA;Acesso irregular;Colisão transversal;Com Vítimas Feridas;Pleno dia;Decrescente;Céu Claro;Simples;Reta;Não;2;0;1;1;2;0;0;2;-28,41495077;-54,97439889;SPRF-RS;DEL12/RS;UOP01-DEL12-RS
769863;06/05/2026;quarta-feira;17:20:00;PR;476;163;ARAUCARIA;Ausência de reação do condutor;Colisão traseira;Com Vítimas Feridas;Anoitecer;Crescente;Céu Claro;Simples;"Reta;Declive";Não;2;0;1;0;1;1;0;2;-25,644324;-49,473375;SPRF-PR;DEL01/PR;UOP06-DEL01-PR
769865;05/05/2026;terça-feira;08:25:00;RJ;116;202;SAO JOAO DE MERITI;Reação tardia ou ineficiente do condutor;Queda de ocupante de veículo;Com Vítimas Feridas;Pleno dia;Decrescente;Céu Claro;Dupla;Reta;Sim;1;0;1;0;1;0;0;1;-22,7766865;-43,370947;SPRF-RJ;DEL06/RJ;UOP02-DEL06-RJ
769866;06/05/2026;quarta-feira;11:35:00;PI;343;1,6;TERESINA;Acessar a via sem observar a presença dos outros veículos;Colisão transversal;Com Vítimas Feridas;Pleno dia;Crescente;Céu Claro;Múltipla;"Reta;Retorno Regulamentado";Sim;3;0;1;1;2;1;0;2;-5,0871287;-42,764179;SPRF-PI;DEL01-PI;UOP01-DEL01-PI
769868;01/05/2026;sexta-feira;17:30:00;PA;316;29;BENEVIDES;Acumulo de água sobre o pavimento;Saída de leito carroçável;Com Vítimas Feridas;Anoitecer;Decrescente;Chuva;Dupla;Curva;Não;3;0;3;0;3;0;0;1;-1,3111242;-48,22137849;SPRF-PA;DEL01/PA;UOP01-DEL01-PA
769869;06/05/2026;quarta-feira;16:05:00;RJ;101;484;ANGRA DOS REIS;Retorno proibido;Colisão transversal;Com Vítimas Feridas;Pleno dia;Decrescente;Céu Claro;Simples;"Aclive;Reta";Sim;4;0;1;0;1;2;0;3;-22,99000238;-44,30408478;SPRF-RJ;DEL03/RJ;UOP03-DEL03-RJ
769872;06/05/2026;quarta-feira;16:45:00;PR;153;328,7;IRATI;Ingestão de álcool pelo condutor;Saída de leito carroçável;Com Vítimas Feridas;Pleno dia;Crescente;Sol;Dupla;Reta;Não;1;0;1;0;1;0;0;1;-25,448966;-50,616743;SPRF-PR;DEL08/PR;UOP02-DEL08-PR
769873;06/05/2026;quarta-feira;16:50:00;MG;381;497;BETIM;Manobra de mudança de faixa;Colisão lateral mesmo sentido;Com Vítimas Feridas;Anoitecer;Decrescente;Céu Claro;Múltipla;Reta;Sim;2;0;1;0;1;1;0;2;-19,975879;-44,197459;SPRF-MG;DEL01/MG;UOP03-DEL01-MG
769874;06/05/2026;quarta-feira;15:10:00;ES;262;112,1;VENDA NOVA DO IMIGRANTE;Demais falhas mecânicas ou elétricas;Tombamento;Com Vítimas Feridas;Pleno dia;Crescente;Chuva;Simples;Reta;Não;2;0;1;1;2;0;0;1;-20,335637;-41,203077;SPRF-ES;DEL01-ES;UOP02-DEL01-ES
769875;06/05/2026;quarta-feira;15:25:00;BA;407;3;JUAZEIRO;Transitar na contramão;Colisão transversal;Com Vítimas Feridas;Pleno dia;Decrescente;Céu Claro;Dupla;Em Obras;Não;2;0;0;1;1;1;0;2;-9,42956367;-40,49888873;SPRF-PE;DEL06/PE;UOP01-DEL06-PE
769876;06/05/2026;quarta-feira;16:00:00;SC;282;32,6;SANTO AMARO DA IMPERATRIZ;Acessar a via sem observar a presença dos outros veículos;Tombamento;Com Vítimas Feridas;Pleno dia;Crescente;Céu Claro;Simples;"Curva;Interseção de Vias;Rotatória";Sim;2;0;1;0;1;0;0;2;-27,704283;-48,805555;SPRF-SC;DEL01/SC;UOP03-DEL01-SC
769877;06/05/2026;quarta-feira;14:30:00;MG;365;429;PATOS DE MINAS;Afundamento ou ondulação no pavimento;Queda de ocupante de veículo;Com Vítimas Feridas;Pleno dia;Decrescente;Sol;Simples;"Aclive;Reta";Não;3;0;0;2;2;0;0;2;-18,753473;-46,649863;SPRF-MG;DEL10/MG;UOP01-DEL10-MG
769879;06/05/2026;quarta-feira;16:20:00;MG;381;434,8;SABARA;Condutor deixou de manter distância do veículo da frente;Colisão traseira;Com Vítimas Feridas;Pleno dia;Decrescente;Céu Claro;Simples;Reta;Não;3;0;1;0;1;2;0;2;-19,81031518;-43,76781464;SPRF-MG;DEL01/MG;UOP01-DEL01-MG
769880;06/05/2026;quarta-feira;17:41:00;PR;369;430,3;UBIRATA;Acessar a via sem observar a presença dos outros veículos;Colisão transversal;Com Vítimas Feridas;Anoitecer;Decrescente;Céu Claro;Simples;"Reta;Declive";Sim;2;0;1;0;1;1;0;2;-24,55492493;-52,97497485;SPRF-PR;DEL04/PR;UOP03-DEL04-PR
769882;06/05/2026;quarta-feira;17:30:00;MT;70;4,5;BARRA DO GARCAS;Ausência de reação do condutor;Colisão transversal;Com Vítimas Feridas;Pleno dia;Decrescente;Céu Claro;Dupla;Retorno Regulamentado;Sim;3;0;2;0;2;1;0;2;-15,8780624;-52,29435895;SPRF-MT;DEL07/MT;UOP01-DEL07-MT
769883;06/05/2026;quarta-feira;14:00:00;MG;365;810;GURINHATA;Demais falhas mecânicas ou elétricas;Tombamento;Com Vítimas Feridas;Pleno dia;Decrescente;Céu Claro;Simples;"Aclive;Reta";Não;2;0;1;1;2;0;0;1;-18,89087251;-49,99863831;SPRF-MG;DEL15/MG;UOP03-DEL15-MG
769884;06/05/2026;quarta-feira;18:00:00;RJ;116;174;SAO JOAO DE MERITI;Ausência de reação do condutor;Engavetamento;Sem Vítimas;Anoitecer;Crescente;Céu Claro;Dupla;Reta;Não;3;0;0;0;0;3;0;3;-22,79220229;-43,36757407;SPRF-RJ;DEL06/RJ;UOP01-DEL06-RJ
769885;06/05/2026;quarta-feira;17:50:00;SC;158;102;CUNHA PORA;Condutor deixou de manter distância do veículo da frente;Colisão traseira;Com Vítimas Feridas;Anoitecer;Decrescente;Céu Claro;Simples;Reta;Não;5;0;1;0;1;4;0;2;-26,834954;-53,176575;SPRF-SC;DEL07/SC;UOP02-DEL07-SC
769886;06/05/2026;quarta-feira;16:35:00;PR;376;132,9;NOVA ESPERANCA;Reação tardia ou ineficiente do condutor;Saída de leito carroçável;Com Vítimas Feridas;Pleno dia;Decrescente;Céu Claro;Dupla;"Aclive;Reta";Não;1;0;0;1;1;0;0;1;-23,18110338;-52,21768348;SPRF-PR;DEL09/PR;UOP02-DEL09-PR