id;data_inversa;dia_semana;horario;uf;br;km;municipio;causa_acidente;tipo_acidente;classificacao_acidente;fase_dia;sentido_via;condicao_metereologica;tipo_pista;tracado_via;uso_solo;pessoas;mortos;feridos_leves;feridos_graves;feridos;ilesos;ignorados;veiculos;latitude;longitude;regional;delegacia;uop
769888;06/05/2026;quarta-feira;16:15:00;BA;367;83;EUNAPOLIS;Reação tardia ou ineficiente do condutor;Colisão traseira;Com Vítimas Feridas;Pleno dia;Decrescente;Céu Claro;Simples;Rotatória;Sim;2;0;1;0;1;1;0;2;-16,3738384;-39,5745486;SPRF-BA;DEL09/BA;UOP03-DEL09-BA
769889;06/05/2026;quarta-feira;18:40:00;MG;40;448,7;CAETANOPOLIS;Animais na Pista;Atropelamento de Animal;Com Vítimas Feridas;Plena Noite;Decrescente;Céu Claro;Dupla;"Reta;Aclive";Sim;1;0;1;0;1;0;0;1;-19,301678;-44,377453;SPRF-MG;DEL02/MG;UOP01-DEL02-MG
769890;06/05/2026;quarta-feira;18:20:00;GO;70;8;AGUAS LINDAS DE GOIAS;Ausência de reação do condutor;Colisão traseira;Com Vítimas Feridas;Anoitecer;Crescente;Céu Claro;Dupla;Reta;Sim;2;0;1;0;1;1;0;2;-15,73655;-48,28655;SPRF-DF;DEL03-DF;UOP02-DEL03-DF
769891;06/05/2026;quarta-feira;18:30:00;RS;116;260,8;CANOAS;Condutor deixou de manter distância do veículo da frente;Colisão traseira;Com Vítimas Feridas;Plena Noite;Decrescente;Céu Claro;Múltipla;Reta;Sim;3;0;1;0;1;2;0;2;-29,88728856;-51,17919185;SPRF-RS;DEL01/RS;UOP01-DEL01-RS
769892;06/05/2026;quarta-feira;17:50:00;BA;110;160;RIBEIRA DO POMBAL;Avarias e/ou desgaste excessivo no pneu;Colisão traseira;Com Vítimas Feridas;Anoitecer;Decrescente;Chuva;Simples;Aclive;Não;7;0;1;0;1;5;0;3;-10,733502;-38,490323;SPRF-BA;DEL07/BA;UOP02-DEL07-BA
769893;06/05/2026;quarta-feira;18:20:00;ES;101;49,8;CONCEICAO DA BARRA;Acessar a via sem observar a presença dos outros veículos;Colisão transversal;Com Vítimas Feridas;Plena Noite;Crescente;Céu Claro;Simples;Interseção de Vias;Não;3;0;2;0;2;1;0;2;-18,58436551;-39,89391088;SPRF-ES;DEL04-ES;UOP02-DEL04-ES
769894;06/05/2026;quarta-feira;18:00:00;PR;373;175,1;PONTA GROSSA;Entrada inopinada do pedestre;Atropelamento de Pedestre;Com Vítimas Fatais;Anoitecer;Crescente;Céu Claro;Múltipla;Reta;Sim;3;1;0;0;0;2;0;2;-25,064866;-50,212881;SPRF-PR;DEL03/PR;UOP01-DEL03-PR
769895;06/05/2026;quarta-feira;17:01:00;CE;304;49;ARACATI;Acessar a via sem observar a presença dos outros veículos;Colisão transversal;Com Vítimas Feridas;Anoitecer;Decrescente;Céu Claro;Simples;Reta;Sim;2;0;1;0;1;1;0;2;-4,57618965;-37,76685476;SPRF-CE;DEL03/CE;UOP02-DEL03-CE
769896;06/05/2026;quarta-feira;19:30:00;MG;381;351,2;JOAO MONLEVADE;Pedestre cruzava a pista fora da faixa;Atropelamento de Pedestre;Com Vítimas Feridas;Plena Noite;Crescente;Nublado;Simples;"Curva;Declive";Sim;2;0;0;1;1;1;0;2;-19,837367;-43,186763;SPRF-MG;DEL03/MG;UOP01-DEL03-MG
769897;04/05/2026;segunda-feira;12:00:00;MT;163;791;VERA;Acumulo de areia ou detritos sobre o pavimento;Colisão com objeto;Sem Vítimas;Pleno dia;Decrescente;Céu Claro;Simples;"Aclive;Reta";Não;3;0;0;0;0;3;0;1;-12,253993;-55,5522366;SPRF-MT;DEL06/MT;UOP02-DEL06-MT
769898;06/05/2026;quarta-feira;18:27:00;MS;163;615;SAO GABRIEL DO OESTE;Acessar a via sem observar a presença dos outros veículos;Colisão transversal;Sem Vítimas;Plena Noite;Decrescente;Céu Claro;Simples;"Reta;Interseção de Vias";Sim;2;0;0;0;0;2;0;2;-19,39163353;-54,57004163;SPRF-MS;DEL06/MS;UOP02-DEL06-MS
769900;06/05/2026;quarta-feira;18:50:00;MA;135;4,9;SAO LUIS;Entrada inopinada do pedestre;Atropelamento de Pedestre;Com Vítimas Feridas;Plena Noite;Decrescente;Nublado;Dupla;Reta;Sim;2;0;1;0;1;1;0;2;-2,62092;-44,2575;SPRF-MA;DEL01-MA;UOP01-DEL01-MA
769902;06/05/2026;quarta-feira;18:30:00;PR;373;265;PRUDENTOPOLIS;Ingestão de álcool pelo condutor;Colisão traseira;Sem Vítimas;Plena Noite;Decrescente;Céu Claro;Simples;"Reta;Rotatória";Sim;2;0;0;0;0;2;0;2;-25,20535177;-50,995839;SPRF-PR;DEL08/PR;UOP01-DEL08-PR
769903;06/05/2026;quarta-feira;18:05:00;CE;222;209,3;FORQUILHA;Acesso irregular;Colisão transversal;Sem Vítimas;Plena Noite;Crescente;Céu Claro;Simples;"Aclive;Reta";Sim;2;0;0;0;0;2;0;2;-3,79870343;-40,26410171;SPRF-CE;DEL04/CE;UOP01-DEL04-CE
769904;06/05/2026;quarta-feira;17:00:00;RJ;40;122;DUQUE DE CAXIAS;Trafegar com motocicleta (ou similar) entre as faixas;Colisão lateral mesmo sentido;Com Vítimas Feridas;Plena Noite;Crescente;Céu Claro;Múltipla;Reta;Sim;4;0;1;0;1;3;0;2;-22,79332;-43,28722;SPRF-RJ;DEL01/RJ;UOP02-DEL01-RJ
769906;06/05/2026;quarta-feira;18:44:00;PI;343;20;PARNAIBA;Pedestre andava na pista;Atropelamento de Pedestre;Com Vítimas Feridas;Plena Noite;Crescente;Céu Claro;Simples;Reta;Não;2;0;0;2;2;0;0;2;-2,983039;-41,763007;SPRF-PI;DEL05-PI;UOP01-DEL05-PI
769907;06/05/2026;quarta-feira;17:45:00;SP;101;49,6;UBATUBA;Ultrapassagem Indevida;Colisão frontal;Com Vítimas Feridas;Plena Noite;Decrescente;Nublado;Simples;Reta;Sim;2;0;1;0;1;1;0;2;-23,44795586;-45,07983176;SPRF-SP;DEL06/SP;UOP01-DEL06-SP
769909;06/05/2026;quarta-feira;18:20:00;RO;364;710;PORTO VELHO;Ausência de reação do condutor;Colisão transversal;Com Vítimas Feridas;Anoitecer;Decrescente;Nublado;Dupla;Reta;Sim;2;0;1;1;2;0;0;2;-8,785762;-63,858165;SPRF-RO;DEL01-RO;UOP01-DEL01-RO
769910;06/05/2026;quarta-feira;14:00:00;SP;116;230;SAO PAULO;Manobra de mudança de faixa;Colisão traseira;Com Vítimas Feridas;Pleno dia;Crescente;Céu Claro;Múltipla;Reta;Sim;2;0;1;0;1;1;0;2;-23,518433;-46,582115;SPRF-SP;DEL01/SP;UOP01-DEL01-SP
769913;06/05/2026;quarta-feira;14:20:00;RJ;116;186;NOVA IGUACU;Trafegar com motocicleta (ou similar) entre as faixas;Colisão lateral mesmo sentido;Com Vítimas Feridas;Pleno dia;Decrescente;Céu Claro;Dupla;Reta;Sim;3;0;2;0;2;1;0;2;-22,73989192;-43,46172094;SPRF-RJ;DEL06/RJ;UOP01-DEL06-RJ
769914;06/05/2026;quarta-feira;20:05:00;MG;116;530;CARATINGA;Animais na Pista;Atropelamento de Animal;Com Vítimas Feridas;Plena Noite;Crescente;Céu Claro;Simples;Reta;Não;1;0;0;1;1;0;0;1;-19,8154764;-42,1360167;SPRF-MG;DEL06/MG;UOP02-DEL06-MG
769915;06/05/2026;quarta-feira;20:50:00;SC;101;130,4;CAMBORIU;Condutor deixou de manter distância do veículo da frente;Colisão traseira;Com Vítimas Feridas;Plena Noite;Crescente;Céu Claro;Múltipla;Reta;Sim;3;0;3;0;3;0;0;2;-26,987031;-48,666252;SPRF-SC;DEL04/SC;UOP03-DEL04-SC
769916;06/05/2026;quarta-feira;21:10:00;RJ;101;384;RIO DE JANEIRO;Ausência de reação do condutor;Queda de ocupante de veículo;Com Vítimas Feridas;Plena Noite;Crescente;Céu Claro;Dupla;Reta;Sim;2;0;2;0;2;0;0;1;-22,87847745;-43,61975368;SPRF-RJ;DEL03/RJ;UOP01-DEL03-RJ
769918;06/05/2026;quarta-feira;22:00:00;PR;369;144;LONDRINA;Deficiência do Sistema de Iluminação/Sinalização;Colisão traseira;Com Vítimas Feridas;Plena Noite;Decrescente;Céu Claro;Dupla;Reta;Sim;2;0;0;1;1;1;0;2;-23,29368102;-51,10779159;SPRF-PR;DEL07/PR;UOP01-DEL07-PR
769919;08/03/2026;domingo;06:00:00;ES;101;302;VIANA;Transitar na contramão;Colisão frontal;Com Vítimas Feridas;Pleno dia;Crescente;Céu Claro;Dupla;"Viaduto;Declive;Retorno Regulamentado";Não;2;0;0;2;2;0;0;2;-20,36968728;-40,44413361;SPRF-ES;DEL01-ES;UOP01-DEL01-ES
769920;06/05/2026;quarta-feira;21:51:00;PE;104;34,2;CARUARU;Transitar na contramão;Colisão frontal;Sem Vítimas;Plena Noite;Crescente;Céu Claro;Dupla;Reta;Não;2;0;0;0;0;1;0;2;-8,02974;-36,05389;SPRF-PE;DEL02/PE;UOP01-DEL02-PE
769922;06/05/2026;quarta-feira;21:24:00;MA;316;287;SATUBINHA;Acessar a via sem observar a presença dos outros veículos;Colisão frontal;Sem Vítimas;Plena Noite;Crescente;Céu Claro;Simples;Reta;Sim;3;0;0;0;0;2;0;2;-3,79725;-45,205647;SPRF-MA;DEL02-MA;UOP01-DEL02-MA
769923;06/05/2026;quarta-feira;12:08:00;RO;425;81;NOVA MAMORE;Ausência de reação do condutor;Colisão transversal;Com Vítimas Feridas;Pleno dia;Decrescente;Céu Claro;Simples;"Reta;Interseção de Vias";Sim;3;0;2;0;2;1;0;2;-10,40970449;-65,33023149;SPRF-RO;DEL01-RO;UOP03-DEL01-RO
769924;06/05/2026;quarta-feira;21:11:00;AL;316;143,7;ESTRELA DE ALAGOAS;Ingestão de álcool pelo condutor;Colisão lateral sentido oposto;Com Vítimas Feridas;Plena Noite;Decrescente;Nublado;Simples;Reta;Sim;3;0;1;0;1;2;0;2;-9,39627;-36,72442;SPRF-AL;DEL03-AL;UOP01-DEL03-AL
769926;06/05/2026;quarta-feira;20:00:00;MG;50;24;ARAGUARI;Mal súbito do condutor;Saída de leito carroçável;Com Vítimas Feridas;Plena Noite;Crescente;Céu Claro;Dupla;"Reta;Declive";Não;1;0;1;0;1;0;0;1;-18,61033233;-48,05753455;SPRF-MG;DEL15/MG;UOP02-DEL15-MG
769927;06/05/2026;quarta-feira;20:00:00;RS;116;329,6;BARRA DO RIBEIRO;Ausência de reação do condutor;Saída de leito carroçável;Com Vítimas Feridas;Plena Noite;Decrescente;Céu Claro;Dupla;Reta;Não;2;0;2;0;2;0;0;1;-30,368408;-51,430365;SPRF-RS;DEL02/RS;UOP02-DEL02-RS
769928;06/05/2026;quarta-feira;22:00:00;AL;423;56;AGUA BRANCA;Objeto estático sobre o leito carroçável;Colisão com objeto;Com Vítimas Feridas;Pleno dia;Crescente;Nublado;Simples;Reta;Não;4;0;0;1;1;3;0;1;-9,280535;-37,778843;SPRF-AL;DEL03-AL;UOP02-DEL03-AL
769929;06/05/2026;quarta-feira;20:45:00;RO;364;9,8;VILHENA;Desrespeitar a preferência no cruzamento;Colisão transversal;Com Vítimas Feridas;Plena Noite;Crescente;Nublado;Simples;Interseção de Vias;Sim;2;0;1;0;1;0;0;2;-12,753421;-60,105239;SPRF-RO;DEL04-RO;UOP01-DEL04-RO
769932;06/05/2026;quarta-feira;21:30:00;MG;40;503,2;ESMERALDAS;Ingestão de álcool pelo condutor;Colisão com objeto;Com Vítimas Feridas;Plena Noite;Decrescente;Céu Claro;Dupla;"Aclive;Reta";Não;2;0;1;0;1;1;0;2;-19,72256;-44,15528;SPRF-MG;DEL02/MG;UOP01-DEL02-MG
769934;06/05/2026;quarta-feira;20:00:00;SC;280;234,4;CANOINHAS;Ausência de reação do condutor;Colisão lateral sentido oposto;Com Vítimas Feridas;Plena Noite;Crescente;Céu Claro;Simples;Reta;Sim;2;0;1;0;1;0;0;2;-26,19150388;-50,40376989;SPRF-SC;DEL06/SC;UOP04-DEL06-SC
769939;07/05/2026;quinta-feira;00:20:00;AL;101;206,1;SAO SEBASTIAO;Ausência de reação do condutor;Capotamento;Com Vítimas Feridas;Plena Noite;Crescente;Nublado;Simples;Reta;Sim;2;0;1;1;2;0;0;1;-9,98569374;-36,57056808;SPRF-AL;DEL02-AL;UOP02-DEL02-AL
769944;07/05/2026;quinta-feira;00:30:00;RJ;101;505;ANGRA DOS REIS;Velocidade Incompatível;Colisão com objeto;Com Vítimas Feridas;Plena Noite;Crescente;Céu Claro;Simples;"Curva;Ponte";Sim;2;0;0;2;2;0;0;1;-22,93499785;-44,39540863;SPRF-RJ;DEL03/RJ;UOP03-DEL03-RJ
769945;25/04/2026;sábado;00:25:00;SC;101;198;BIGUACU;Ausência de reação do condutor;Colisão traseira;Com Vítimas Feridas;Plena Noite;Crescente;Céu Claro;Múltipla;Reta;Sim;2;0;1;0;1;1;0;2;-27,532;-48,63178;SPRF-SC;DEL01/SC;UOP01-DEL01-SC
769947;07/05/2026;quinta-feira;02:15:00;PR;476;353;UNIAO DA VITORIA;Ingestão de álcool pelo condutor;Colisão frontal;Com Vítimas Fatais;Plena Noite;Crescente;Garoa/Chuvisco;Simples;Reta;Não;2;1;0;0;0;1;0;2;-26,198;-50,99925;SPRF-PR;DEL02/PR;UOP03-DEL02-PR
769950;07/05/2026;quinta-feira;05:45:00;GO;153;433;ANAPOLIS;Ingestão de álcool pelo condutor;Colisão traseira;Com Vítimas Feridas;Amanhecer;Crescente;Céu Claro;Dupla;Reta;Sim;2;0;1;0;1;0;0;2;-16,27456383;-48,96983922;SPRF-GO;DEL02/GO;UOP01-DEL02-GO
769953;07/05/2026;quinta-feira;00:42:00;AM;174;991;PRESIDENTE FIGUEIREDO;Conversão proibida;Colisão transversal;Com Vítimas Fatais;Plena Noite;Crescente;Céu Claro;Dupla;Reta;Sim;3;1;1;0;1;1;0;2;-2,05334118;-60,02360375;SPRF-AM;DEL01-AM;UOP02-DEL01-AM
769954;07/05/2026;quinta-feira;06:25:00;DF;40;7,9;BRASILIA;Manobra de mudança de faixa;Colisão lateral mesmo sentido;Com Vítimas Feridas;Pleno dia;Decrescente;Céu Claro;Dupla;"Aclive;Reta";Não;2;0;1;0;1;1;0;2;-16,04679;-47,9807;SPRF-DF;DEL01-DF;UOP01-DEL01-DF
769955;07/05/2026;quinta-feira;07:00:00;SC;101;210;SAO JOSE;Ausência de reação do condutor;Tombamento;Com Vítimas Feridas;Pleno dia;Decrescente;Céu Claro;Múltipla;Reta;Não;1;0;1;0;1;0;0;1;-27,61877991;-48,64762958;SPRF-SC;DEL01/SC;UOP01-DEL01-SC
769956;07/05/2026;quinta-feira;07:10:00;CE;20;348,8;CARIDADE;Acessar a via sem observar a presença dos outros veículos;Colisão transversal;Com Vítimas Fatais;Amanhecer;Crescente;Céu Claro;Simples;"Declive;Curva";Sim;4;1;0;0;0;3;0;2;-4,094851;-39,0559;SPRF-CE;DEL02/CE;UOP01-DEL02-CE
769957;07/05/2026;quinta-feira;06:37:00;PE;101;65;RECIFE;Condutor deixou de manter distância do veículo da frente;Colisão traseira;Com Vítimas Feridas;Pleno dia;Crescente;Céu Claro;Múltipla;Reta;Sim;2;0;1;0;1;1;0;2;-8,02921309;-34,94308798;SPRF-PE;DEL01/PE;UOP01-DEL01-PE
769958;07/05/2026;quinta-feira;06:45:00;RS;285;430,6;PEJUCARA;Ausência de reação do condutor;Saída de leito carroçável;Com Vítimas Feridas;Pleno dia;Crescente;Céu Claro;Simples;Curva;Não;1;0;1;0;1;0;0;1;-28,329181;-53,657667;SPRF-RS;DEL10/RS;UOP01-DEL10-RS
769960;06/05/2026;quarta-feira;21:00:00;MG;262;406;IGARATINGA;Desrespeitar a preferência no cruzamento;Colisão transversal;Com Vítimas Feridas;Plena Noite;Decrescente;Céu Claro;Dupla;Reta;Não;2;0;0;1;1;1;0;2;-19,9046214;-44,68945027;SPRF-MG;DEL01/MG;UOP03-DEL01-MG
769961;07/05/2026;quinta-feira;06:50:00;SP;116;216,5;GUARULHOS;Pedestre cruzava a pista fora da faixa;Atropelamento de Pedestre;Com Vítimas Feridas;Pleno dia;Crescente;Sol;Múltipla;Reta;Sim;3;0;0;1;1;1;0;2;-23,452478;-46,467787;SPRF-SP;DEL01/SP;UOP01-DEL01-SP
769962;07/05/2026;quinta-feira;07:20:00;SC;101;213,2;PALHOCA;Manobra de mudança de faixa;Colisão lateral mesmo sentido;Com Vítimas Feridas;Pleno dia;Decrescente;Nublado;Múltipla;Reta;Sim;3;0;2;0;2;1;0;2;-27,6384;-48,66593;SPRF-SC;DEL01/SC;UOP02-DEL01-SC
769964;24/04/2026;sexta-feira;16:30:00;RJ;116;175;SAO JOAO DE MERITI;Ausência de reação do condutor;Colisão traseira;Sem Vítimas;Pleno dia;Decrescente;Céu Claro;Dupla;Reta;Sim;2;0;0;0;0;2;0;2;-22,79695902;-43,35952591;SPRF-RJ;DEL06/RJ;UOP01-DEL06-RJ
769965;07/05/2026;quinta-feira;07:25:00;PR;277;712;SANTA TEREZINHA DE ITAIPU;Condutor deixou de manter distância do veículo da frente;Colisão traseira;Com Vítimas Feridas;Amanhecer;Decrescente;Sol;Dupla;"Reta;Interseção de Vias";Sim;2;0;0;1;1;1;0;2;-25,45579558;-54,42618219;SPRF-PR;DEL05/PR;UOP01-DEL05-PR
769966;07/05/2026;quinta-feira;07:25:00;PA;316;56;CASTANHAL;Demais falhas mecânicas ou elétricas;Tombamento;Com Vítimas Feridas;Amanhecer;Decrescente;Céu Claro;Dupla;"Aclive;Reta";Não;2;0;2;0;2;0;0;1;-1,302227;-47,98921;SPRF-PA;DEL01/PA;UOP01-DEL01-PA
769968;07/05/2026;quinta-feira;07:34:00;PR;277;590,1;CASCAVEL;Reação tardia ou ineficiente do condutor;Colisão traseira;Sem Vítimas;Pleno dia;Decrescente;Céu Claro;Simples;"Reta;Interseção de Vias";Sim;2;0;0;0;0;2;0;2;-24,9664514;-53,42371345;SPRF-PR;DEL04/PR;UOP01-DEL04-PR
769969;06/05/2026;quarta-feira;18:00:00;MT;163;954;NOVA SANTA HELENA;Reação tardia ou ineficiente do condutor;Saída de leito carroçável;Com Vítimas Feridas;Plena Noite;Decrescente;Céu Claro;Simples;Reta;Não;1;0;1;0;1;0;0;1;-10,864282;-55,194193;SPRF-MT;DEL06/MT;UOP02-DEL06-MT
769970;07/05/2026;quinta-feira;08:00:00;RJ;101;317;SAO GONCALO;Ausência de reação do condutor;Colisão lateral mesmo sentido;Com Vítimas Feridas;Pleno dia;Crescente;Céu Claro;Dupla;Reta;Não;3;0;2;0;2;1;0;2;-22,840025;-43,096029;SPRF-RJ;DEL02/RJ;UOP02-DEL02-RJ
769971;07/05/2026;quinta-feira;08:05:00;CE;20;302;CANINDE;Acessar a via sem observar a presença dos outros veículos;Colisão transversal;Com Vítimas Feridas;Pleno dia;Crescente;Sol;Simples;Interseção de Vias;Não;3;0;2;0;2;1;0;2;-4,389425;-39,313057;SPRF-CE;DEL02/CE;UOP01-DEL02-CE
769972;07/05/2026;quinta-feira;08:15:00;CE;20;314,1;CANINDE;Acumulo de areia ou detritos sobre o pavimento;Tombamento;Sem Vítimas;Pleno dia;Crescente;Céu Claro;Simples;Em Obras;Não;1;0;0;0;0;1;0;1;-4,309792;-39,264889;SPRF-CE;DEL02/CE;UOP01-DEL02-CE
769974;07/05/2026;quinta-feira;06:46:00;GO;153;433;ANAPOLIS;Entrada inopinada do pedestre;Colisão com objeto;Com Vítimas Feridas;Pleno dia;Crescente;Céu Claro;Dupla;Reta;Sim;1;0;1;0;1;0;0;1;-16,28420382;-48,95189917;SPRF-GO;DEL02/GO;UOP01-DEL02-GO
769975;07/05/2026;quinta-feira;08:00:00;RJ;101;317;SAO GONCALO;Reação tardia ou ineficiente do condutor;Colisão traseira;Com Vítimas Feridas;Pleno dia;Decrescente;Céu Claro;Dupla;Reta;Sim;4;0;3;0;3;0;0;3;-22,83975763;-43,0956277;SPRF-RJ;DEL02/RJ;UOP02-DEL02-RJ
769976;07/05/2026;quinta-feira;08:01:00;PR;277;80;CURITIBA;Ausência de reação do condutor;Colisão lateral mesmo sentido;Com Vítimas Feridas;Pleno dia;Crescente;Céu Claro;Dupla;Reta;Sim;3;0;1;0;1;1;0;2;-25,47023704;-49,21226677;SPRF-PR;DEL01/PR;UOP03-DEL01-PR
769977;07/05/2026;quinta-feira;07:25:00;MG;262;37,2;MANHUACU;Desrespeitar a preferência no cruzamento;Colisão transversal;Com Vítimas Feridas;Pleno dia;Decrescente;Céu Claro;Simples;Reta;Não;2;0;1;0;1;1;0;2;-20,27286631;-42,04001444;SPRF-MG;DEL06/MG;UOP03-DEL06-MG
769978;07/05/2026;quinta-feira;07:15:00;MG;40;53;PARACATU;Reação tardia ou ineficiente do condutor;Colisão frontal;Com Vítimas Feridas;Pleno dia;Decrescente;Céu Claro;Simples;Curva;Não;2;0;0;1;1;1;0;2;-17,26036441;-46,78664155;SPRF-MG;DEL14/MG;UOP01-DEL14-MG
769979;03/05/2026;domingo;12:20:00;BA;116;23;VITORIA DA CONQUISTA;Acessar a via sem observar a presença dos outros veículos;Colisão transversal;Com Vítimas Feridas;Pleno dia;Decrescente;Céu Claro;Simples;Aclive;Não;5;0;4;0;4;1;0;2;-14,865684;-40,799843;SPRF-BA;DEL08/BA;UOP01-DEL08-BA
769980;22/04/2026;quarta-feira;05:00:00;MS;376;64;JATEI;Animais na Pista;Atropelamento de Animal;Com Vítimas Feridas;Amanhecer;Crescente;Céu Claro;Simples;Aclive;Não;1;0;1;0;1;0;0;1;-22,46790204;-54,29097623;SPRF-MS;DEL04/MS;UOP01-DEL04-MS
769981;07/05/2026;quinta-feira;08:00:00;RJ;101;320;NITEROI;Acessar a via sem observar a presença dos outros veículos;Colisão lateral mesmo sentido;Com Vítimas Feridas;Pleno dia;Crescente;Céu Claro;Dupla;Reta;Não;4;0;3;0;3;1;0;3;-22,863601;-43,107635;SPRF-RJ;DEL02/RJ;UOP01-DEL02-RJ
769982;07/05/2026;quinta-feira;07:20:00;RO;364;702;PORTO VELHO;Condutor deixou de manter distância do veículo da frente;Colisão traseira;Com Vítimas Feridas;Pleno dia;Decrescente;Céu Claro;Simples;Reta;Não;4;0;2;0;2;2;0;2;-8,80040572;-63,76176226;SPRF-RO;DEL01-RO;UOP01-DEL01-RO
769989;07/05/2026;quinta-feira;08:40:00;SC;101;132,9;CAMBORIU;Trafegar com motocicleta (ou similar) entre as faixas;Tombamento;Com Vítimas Feridas;Pleno dia;Crescente;Céu Claro;Simples;Reta;Sim;2;0;0;1;1;1;0;1;-26,99796076;-48,65329742;SPRF-SC;DEL04/SC;UOP03-DEL04-SC
769990;07/05/2026;quinta-feira;07:15:00;PR;369;18;CAMBARA;Reação tardia ou ineficiente do condutor;Colisão traseira;Com Vítimas Feridas;Pleno dia;Decrescente;Céu Claro;Simples;Reta;Sim;4;0;0;1;1;2;0;4;-23,03592559;-50,06709902;SPRF-PR;DEL07/PR;UOP05-DEL07-PR
769991;07/05/2026;quinta-feira;07:50:00;CE;222;218,5;SOBRAL;Reação tardia ou ineficiente do condutor;Colisão lateral mesmo sentido;Com Vítimas Feridas;Pleno dia;Decrescente;Céu Claro;Simples;Reta;Não;7;0;1;0;1;6;0;3;-3,72878788;-40,32162063;SPRF-CE;DEL04/CE;UOP01-DEL04-CE
769995;07/05/2026;quinta-feira;08:20:00;ES;101;285,9;CARIACICA;Trafegar com motocicleta (ou similar) entre as faixas;Queda de ocupante de veículo;Com Vítimas Feridas;Pleno dia;Decrescente;Céu Claro;Dupla;Reta;Não;2;0;1;0;1;0;0;2;-20,26419958;-40,38364697;SPRF-ES;DEL01-ES;UOP01-DEL01-ES
769996;07/05/2026;quinta-feira;09:05:00;RJ;101;309;SAO GONCALO;Manobra de mudança de faixa;Colisão lateral mesmo sentido;Com Vítimas Feridas;Pleno dia;Crescente;Céu Claro;Dupla;Reta;Sim;3;0;1;0;1;2;0;2;-22,7947381;-43,034091;SPRF-RJ;DEL02/RJ;UOP02-DEL02-RJ
770000;07/05/2026;quinta-feira;10:20:00;PR;277;81;CURITIBA;Trafegar com motocicleta (ou similar) entre as faixas;Colisão traseira;Com Vítimas Feridas;Pleno dia;Crescente;Nublado;Dupla;"Reta;Em Obras";Sim;2;0;1;0;1;1;0;2;-25,45905045;-49,22118394;SPRF-PR;DEL01/PR;UOP03-DEL01-PR
770001;07/05/2026;quinta-feira;08:50:00;PR;116;162;QUITANDINHA;Acessar a via sem observar a presença dos outros veículos;Colisão transversal;Com Vítimas Feridas;Pleno dia;Crescente;Sol;Simples;Reta;Não;4;0;2;0;2;2;0;2;-25,8696079;-49,4571986;SPRF-PR;DEL01/PR;UOP03-DEL01-PR
770003;07/05/2026;quinta-feira;10:20:00;PR;277;677,5;MEDIANEIRA;Mal súbito do condutor;Saída de leito carroçável;Com Vítimas Feridas;Pleno dia;Crescente;Céu Claro;Dupla;"Aclive;Reta";Sim;1;0;1;0;1;0;0;1;-25,30914645;-54,14323211;SPRF-PR;DEL05/PR;UOP01-DEL05-PR
770004;07/05/2026;quinta-feira;10:15:00;MG;262;472;BOM DESPACHO;Velocidade Incompatível;Colisão traseira;Com Vítimas Feridas;Pleno dia;Decrescente;Sol;Simples;"Reta;Aclive";Sim;2;0;1;0;1;1;0;2;-19,78409649;-45,27115693;SPRF-MG;DEL08/MG;UOP03-DEL08-MG
770007;07/05/2026;quinta-feira;11:20:00;SC;101;229;PALHOCA;Reação tardia ou ineficiente do condutor;Queda de ocupante de veículo;Com Vítimas Feridas;Pleno dia;Decrescente;Céu Claro;Simples;"Declive;Reta";Sim;1;0;0;1;1;0;0;1;-27,7680335;-48,6310502;SPRF-SC;DEL01/SC;UOP02-DEL01-SC
770008;21/04/2026;terça-feira;18:10:00;PB;104;134,5;QUEIMADAS;Deficiência do Sistema de Iluminação/Sinalização;Colisão traseira;Com Vítimas Feridas;Plena Noite;Crescente;Céu Claro;Simples;Reta;Não;2;0;0;1;1;1;0;2;-7,322272;-35,895952;SPRF-PB;DEL02-PB;UOP03-DEL02-PB
770009;07/05/2026;quinta-feira;08:00:00;RS;293;208;BAGE;Ingestão de álcool pelo condutor;Saída de leito carroçável;Sem Vítimas;Pleno dia;Crescente;Nublado;Simples;Reta;Não;1;0;0;0;0;1;0;1;-31,24908071;-54,22851169;SPRF-RS;DEL11/RS;UOP03-DEL11-RS
770010;07/05/2026;quinta-feira;11:08:00;PE;101;67;RECIFE;Condutor deixou de manter distância do veículo da frente;Colisão traseira;Com Vítimas Feridas;Pleno dia;Crescente;Chuva;Dupla;Reta;Sim;2;0;0;1;1;1;0;2;-8,047477;-34,945213;SPRF-PE;DEL01/PE;UOP01-DEL01-PE
770012;07/05/2026;quinta-feira;11:20:00;MA;135;23;SAO LUIS;Acessar a via sem observar a presença dos outros veículos;Colisão transversal;Com Vítimas Feridas;Pleno dia;Decrescente;Céu Claro;Simples;"Retorno Regulamentado;Reta";Sim;2;0;1;0;1;1;0;2;-2,55104;-44,30723;SPRF-MA;DEL01-MA;UOP01-DEL01-MA
770015;03/05/2026;domingo;10:15:00;RS;116;169,1;CAXIAS DO SUL;Transitar na contramão;Colisão lateral sentido oposto;Com Vítimas Feridas;Pleno dia;Crescente;Céu Claro;Simples;"Declive;Curva";Não;3;0;2;0;2;1;0;2;-29,291039;-51,162221;SPRF-RS;DEL05/RS;UOP02-DEL05-RS