id;data_inversa;dia_semana;horario;uf;br;km;municipio;causa_acidente;tipo_acidente;classificacao_acidente;fase_dia;sentido_via;condicao_metereologica;tipo_pista;tracado_via;uso_solo;pessoas;mortos;feridos_leves;feridos_graves;feridos;ilesos;ignorados;veiculos;latitude;longitude;regional;delegacia;uop
770017;07/05/2026;quinta-feira;12:00:00;PR;369;348;CAMPO MOURAO;Reação tardia ou ineficiente do condutor;Colisão traseira;Sem Vítimas;Pleno dia;Crescente;Céu Claro;Simples;Reta;Não;2;0;0;0;0;2;0;2;-24,1118356;-52,43546359;SPRF-PR;DEL09/PR;UOP03-DEL09-PR
770018;07/05/2026;quinta-feira;08:40:00;PR;277;525;GUARANIACU;Acessar a via sem observar a presença dos outros veículos;Colisão transversal;Com Vítimas Feridas;Pleno dia;Crescente;Céu Claro;Simples;"Reta;Interseção de Vias";Sim;4;0;2;0;2;2;0;2;-25,09962;-52,89492;SPRF-PR;DEL04/PR;UOP04-DEL04-PR
770019;07/05/2026;quinta-feira;11:45:00;SP;116;315;JUQUITIBA;Ausência de reação do condutor;Queda de ocupante de veículo;Com Vítimas Feridas;Pleno dia;Decrescente;Céu Claro;Dupla;Reta;Não;1;0;1;0;1;0;0;1;-23,8987255;-46,98734656;SPRF-SP;DEL04/SP;UOP03-DEL04-SP
770020;07/05/2026;quinta-feira;12:10:00;RJ;116;147;DUQUE DE CAXIAS;Acessar a via sem observar a presença dos outros veículos;Colisão traseira;Com Vítimas Fatais;Pleno dia;Decrescente;Sol;Múltipla;Reta;Sim;3;1;0;1;1;0;0;2;-22,66939028;-43,27164738;SPRF-RJ;DEL01/RJ;UOP02-DEL01-RJ
770021;07/05/2026;quinta-feira;10:00:00;RO;364;342;JI-PARANA;Reação tardia ou ineficiente do condutor;Colisão traseira;Com Vítimas Feridas;Pleno dia;Crescente;Céu Claro;Dupla;Reta;Sim;2;0;1;0;1;1;0;2;-10,88078954;-61,9420108;SPRF-RO;DEL02-RO;UOP01-DEL02-RO
770025;07/05/2026;quinta-feira;12:29:00;RN;101;97,2;NATAL;Condutor deixou de manter distância do veículo da frente;Colisão traseira;Com Vítimas Feridas;Pleno dia;Decrescente;Céu Claro;Múltipla;Reta;Sim;9;0;2;1;3;6;0;2;-5,863051;-35,21531451;SPRF-RN;DEL01-RN;UOP01-DEL01-RN
770026;07/05/2026;quinta-feira;08:55:00;PE;428;186,9;PETROLINA;Suicídio (presumido);Queda de ocupante de veículo;Com Vítimas Feridas;Pleno dia;Crescente;Nublado;Dupla;"Retorno Regulamentado;Reta";Sim;3;0;1;0;1;1;0;2;-9,36473365;-40,48309263;SPRF-PE;DEL06/PE;UOP01-DEL06-PE
770027;07/05/2026;quinta-feira;13:00:00;RS;116;222,5;DOIS IRMAOS;Acessar a via sem observar a presença dos outros veículos;Colisão traseira;Com Vítimas Feridas;Pleno dia;Crescente;Céu Claro;Dupla;Reta;Sim;2;0;1;0;1;1;0;2;-29,58172262;-51,09617175;SPRF-RS;DEL01/RS;UOP02-DEL01-RS
770029;07/05/2026;quinta-feira;13:28:00;SC;280;69,4;JARAGUA DO SUL;Acessar a via sem observar a presença dos outros veículos;Atropelamento de Pedestre;Com Vítimas Feridas;Pleno dia;Crescente;Céu Claro;Simples;Reta;Não;2;0;0;1;1;1;0;2;-26,465768;-49,1245;SPRF-SC;DEL03/SC;UOP03-DEL03-SC
770032;07/05/2026;quinta-feira;13:40:00;MG;146;437,2;CABO VERDE;Acessar a via sem observar a presença dos outros veículos;Colisão lateral mesmo sentido;Com Vítimas Feridas;Pleno dia;Crescente;Céu Claro;Simples;Reta;Não;3;0;2;0;2;1;0;2;-21,45376063;-46,41194379;SPRF-MG;DEL09/MG;UOP01-DEL09-MG
770033;07/05/2026;quinta-feira;14:15:00;AP;210;2;MACAPA;Reação tardia ou ineficiente do condutor;Colisão traseira;Com Vítimas Feridas;Pleno dia;Decrescente;Nublado;Simples;Reta;Sim;2;0;1;0;1;1;0;2;0,08614067;-51,08407527;SPRF-AP;DEL01-AP;UOP01-DEL01-AP
770034;07/05/2026;quinta-feira;12:36:00;AL;101;180;TEOTONIO VILELA;Acessar a via sem observar a presença dos outros veículos;Colisão transversal;Com Vítimas Feridas;Pleno dia;Crescente;Céu Claro;Dupla;Reta;Não;2;0;2;0;2;0;0;2;-9,88825588;-36,39941566;SPRF-AL;DEL02-AL;UOP02-DEL02-AL
770035;07/05/2026;quinta-feira;14:05:00;GO;153;299,3;RIALMA;Transitar no Acostamento;Colisão traseira;Com Vítimas Feridas;Pleno dia;Crescente;Céu Claro;Simples;Reta;Sim;2;0;1;0;1;1;0;2;-15,297668;-49,569464;SPRF-GO;DEL02/GO;UOP02-DEL02-GO
770037;29/04/2026;quarta-feira;06:40:00;PB;230;17;JOAO PESSOA;Manobra de mudança de faixa;Colisão traseira;Com Vítimas Feridas;Pleno dia;Decrescente;Céu Claro;Dupla;Reta;Sim;2;0;1;0;1;1;0;2;-7,11347355;-34,84217254;SPRF-PB;DEL01-PB;UOP01-DEL01-PB
770038;07/05/2026;quinta-feira;14:20:00;PE;101;63;RECIFE;Acessar a via sem observar a presença dos outros veículos;Colisão lateral mesmo sentido;Com Vítimas Feridas;Pleno dia;Crescente;Céu Claro;Dupla;Reta;Não;2;0;1;0;1;1;0;2;-8,015943;-34,94047;SPRF-PE;DEL01/PE;UOP01-DEL01-PE
770040;07/05/2026;quinta-feira;11:45:00;SP;101;1;UBATUBA;Condutor deixou de manter distância do veículo da frente;Colisão traseira;Com Vítimas Feridas;Pleno dia;Decrescente;Céu Claro;Simples;Reta;Não;2;0;0;1;1;1;0;2;-23,34972063;-44,75696437;SPRF-SP;DEL06/SP;UOP01-DEL06-SP
770041;07/05/2026;quinta-feira;14:30:00;CE;116;478,9;MILAGRES;Condutor Dormindo;Colisão traseira;Sem Vítimas;Pleno dia;Crescente;Céu Claro;Simples;Reta;Não;2;0;0;0;0;2;0;2;-7,30464328;-38,91711473;SPRF-CE;DEL05/CE;UOP03-DEL05-CE
770042;07/05/2026;quinta-feira;14:08:00;BA;324;620;SALVADOR;Ausência de reação do condutor;Colisão traseira;Com Vítimas Feridas;Pleno dia;Crescente;Céu Claro;Dupla;Reta;Sim;3;0;1;0;1;2;0;2;-12,9159033;-38,4623483;SPRF-BA;DEL01/BA;UOP01-DEL01-BA
770044;07/05/2026;quinta-feira;11:15:00;RO;364;15;VILHENA;Acessar a via sem observar a presença dos outros veículos;Colisão transversal;Com Vítimas Feridas;Pleno dia;Crescente;Céu Claro;Simples;"Interseção de Vias;Rotatória";Sim;2;0;0;1;1;1;0;2;-12,73659226;-60,14701992;SPRF-RO;DEL04-RO;UOP01-DEL04-RO
770045;15/01/2026;quinta-feira;19:30:00;SC;470;39;GASPAR;Avarias e/ou desgaste excessivo no pneu;Tombamento;Com Vítimas Feridas;Anoitecer;Decrescente;Ignorado;Dupla;Curva;Não;2;0;2;0;2;0;0;1;-26,89485712;-48,9878165;SPRF-SC;DEL04/SC;UOP01-DEL04-SC
770046;07/05/2026;quinta-feira;12:20:00;MG;40;40,9;PARACATU;Reação tardia ou ineficiente do condutor;Tombamento;Com Vítimas Feridas;Pleno dia;Crescente;Céu Claro;Simples;"Interseção de Vias;Reta";Não;1;0;1;0;1;0;0;1;-17,212573;-46,873201;SPRF-MG;DEL14/MG;UOP01-DEL14-MG
770052;07/05/2026;quinta-feira;16:28:00;PB;230;24;JOAO PESSOA;Condutor deixou de manter distância do veículo da frente;Colisão traseira;Com Vítimas Feridas;Pleno dia;Decrescente;Nublado;Dupla;Reta;Não;2;0;1;0;1;1;0;2;-7,16705335;-34,86355662;SPRF-PB;DEL01-PB;UOP01-DEL01-PB
770053;07/05/2026;quinta-feira;16:50:00;RS;116;266;CANOAS;Ausência de reação do condutor;Colisão lateral mesmo sentido;Com Vítimas Feridas;Pleno dia;Decrescente;Nublado;Múltipla;Reta;Não;3;0;2;0;2;1;0;2;-29,92840731;-51,17754806;SPRF-RS;DEL01/RS;UOP01-DEL01-RS
770057;07/05/2026;quinta-feira;16:20:00;ES;101;61;SAO MATEUS;Desrespeitar a preferência no cruzamento;Colisão transversal;Com Vítimas Feridas;Pleno dia;Crescente;Céu Claro;Simples;Rotatória;Sim;2;0;1;0;1;1;0;2;-18,64896837;-39,87343674;SPRF-ES;DEL04-ES;UOP02-DEL04-ES
770059;07/05/2026;quinta-feira;17:30:00;PR;277;72;SAO JOSE DOS PINHAIS;Acesso irregular;Queda de ocupante de veículo;Com Vítimas Feridas;Anoitecer;Decrescente;Garoa/Chuvisco;Dupla;"Aclive;Em Obras";Não;1;0;1;0;1;0;0;1;-25,49984849;-49,15285873;SPRF-PR;DEL01/PR;UOP08-DEL01-PR
770060;07/05/2026;quinta-feira;16:50:00;RN;101;107,7;PARNAMIRIM;Ausência de reação do condutor;Colisão traseira;Com Vítimas Feridas;Pleno dia;Decrescente;Céu Claro;Múltipla;Reta;Sim;3;0;1;0;1;1;0;3;-5,924417;-35,264617;SPRF-RN;DEL01-RN;UOP01-DEL01-RN
770061;07/05/2026;quinta-feira;17:14:00;RN;406;170,8;SAO GONCALO DO AMARANTE;Entrada inopinada do pedestre;Atropelamento de Pedestre;Com Vítimas Feridas;Plena Noite;Decrescente;Chuva;Múltipla;Reta;Sim;2;0;0;1;1;1;0;2;-5,76073105;-35,29330015;SPRF-RN;DEL02-RN;UOP01-DEL02-RN
770062;07/05/2026;quinta-feira;16:40:00;RJ;116;169;RIO DE JANEIRO;Manobra de mudança de faixa;Colisão transversal;Com Vítimas Feridas;Pleno dia;Crescente;Céu Claro;Dupla;"Reta;Declive";Sim;3;0;2;0;2;1;0;2;-22,816432;-43,324134;SPRF-RJ;DEL06/RJ;UOP01-DEL06-RJ
770063;07/05/2026;quinta-feira;14:30:00;RJ;493;84,8;JAPERI;Demais falhas mecânicas ou elétricas;Saída de leito carroçável;Com Vítimas Feridas;Pleno dia;Crescente;Céu Claro;Dupla;Reta;Não;2;0;1;0;1;1;0;1;-22,66162088;-43,62258911;SPRF-RJ;DEL01/RJ;UOP03-DEL01-RJ
770064;07/05/2026;quinta-feira;17:00:00;ES;101;286,5;CARIACICA;Afundamento ou ondulação no pavimento;Colisão com objeto;Com Vítimas Feridas;Pleno dia;Crescente;Céu Claro;Dupla;Curva;Sim;1;0;0;1;1;0;0;1;-20,26036754;-40,37803507;SPRF-ES;DEL01-ES;UOP01-DEL01-ES
770065;07/05/2026;quinta-feira;17:50:00;GO;40;5;VALPARAISO DE GOIAS;Reação tardia ou ineficiente do condutor;Atropelamento de Pedestre;Com Vítimas Feridas;Anoitecer;Crescente;Céu Claro;Dupla;Reta;Sim;3;0;0;1;1;2;0;3;-16,095858;-47,980243;SPRF-DF;DEL01-DF;UOP01-DEL01-DF
770066;07/05/2026;quinta-feira;16:25:00;SC;470;135,9;RIO DO SUL;Acessar a via sem observar a presença dos outros veículos;Eventos atípicos;Com Vítimas Feridas;Pleno dia;Decrescente;Céu Claro;Simples;Reta;Sim;4;0;2;0;2;2;0;2;-27,19366;-49,623496;SPRF-SC;DEL04/SC;UOP02-DEL04-SC
770067;07/05/2026;quinta-feira;17:43:00;PE;232;129;CARUARU;Ausência de reação do condutor;Colisão lateral mesmo sentido;Com Vítimas Feridas;Plena Noite;Crescente;Nublado;Dupla;Declive;Sim;3;0;2;1;3;0;0;2;-8,30012;-35,99431;SPRF-PE;DEL02/PE;UOP03-DEL02-PE
770069;07/05/2026;quinta-feira;17:58:00;PB;230;22;JOAO PESSOA;Ausência de reação do condutor;Colisão traseira;Sem Vítimas;Plena Noite;Decrescente;Chuva;Dupla;Reta;Não;2;0;0;0;0;2;0;2;-7,15642169;-34,8575592;SPRF-PB;DEL01-PB;UOP01-DEL01-PB
770070;07/05/2026;quinta-feira;17:00:00;MG;40;633;CONSELHEIRO LAFAIETE;Acessar a via sem observar a presença dos outros veículos;Colisão transversal;Com Vítimas Feridas;Anoitecer;Decrescente;Nublado;Simples;Retorno Regulamentado;Sim;3;0;1;0;1;2;0;2;-20,6773738;-43,7943945;SPRF-MG;DEL05/MG;UOP02-DEL05-MG
770071;07/05/2026;quinta-feira;18:15:00;SP;153;66;SAO JOSE DO RIO PRETO;Reação tardia ou ineficiente do condutor;Colisão traseira;Com Vítimas Feridas;Plena Noite;Decrescente;Céu Claro;Dupla;Reta;Sim;4;0;0;2;2;1;0;3;-20,844053;-49,372167;SPRF-SP;DEL09/SP;UOP01-DEL09-SP
770072;07/05/2026;quinta-feira;17:26:00;SP;116;275,5;EMBU DAS ARTES;Reação tardia ou ineficiente do condutor;Colisão com objeto;Com Vítimas Feridas;Plena Noite;Decrescente;Céu Claro;Dupla;Reta;Não;3;0;1;0;1;2;0;2;-23,6198306;-46,8104646;SPRF-SP;DEL04/SP;UOP01-DEL04-SP
770074;07/05/2026;quinta-feira;18:20:00;RS;285;457,1;IJUI;Acessar a via sem observar a presença dos outros veículos;Colisão transversal;Com Vítimas Feridas;Plena Noite;Decrescente;Nublado;Simples;"Reta;Em Obras";Sim;4;0;1;1;2;0;0;3;-28,39792637;-53,89775483;SPRF-RS;DEL10/RS;UOP01-DEL10-RS
770075;07/05/2026;quinta-feira;17:40:00;GO;60;385;RIO VERDE;Animais na Pista;Atropelamento de Animal;Com Vítimas Feridas;Anoitecer;Decrescente;Céu Claro;Múltipla;"Aclive;Reta";Sim;1;0;0;1;1;0;0;1;-17,810713;-50,927347;SPRF-GO;DEL04/GO;UOP02-DEL04-GO
770076;07/05/2026;quinta-feira;18:24:00;SP;116;186;SANTA ISABEL;Demais falhas mecânicas ou elétricas;Colisão traseira;Com Vítimas Feridas;Plena Noite;Decrescente;Ignorado;Dupla;"Aclive;Reta";Sim;2;0;1;0;1;1;0;2;-23,35275934;-46,20075498;SPRF-SP;DEL01/SP;UOP01-DEL01-SP
770077;07/05/2026;quinta-feira;18:25:00;RJ;101;66;CAMPOS DOS GOYTACAZES;Acessar a via sem observar a presença dos outros veículos;Colisão transversal;Com Vítimas Feridas;Plena Noite;Decrescente;Céu Claro;Dupla;Rotatória;Sim;2;0;1;0;1;1;0;2;-21,76682991;-41,34603739;SPRF-RJ;DEL08/RJ;UOP02-DEL08-RJ
770079;07/05/2026;quinta-feira;18:20:00;DF;60;0,8;BRASILIA;Reação tardia ou ineficiente do condutor;Colisão traseira;Com Vítimas Feridas;Anoitecer;Decrescente;Céu Claro;Dupla;Reta;Sim;3;0;1;0;1;2;0;2;-15,8842803;-48,068532;SPRF-DF;DEL03-DF;UOP01-DEL03-DF
770080;07/05/2026;quinta-feira;18:35:00;SP;116;194;ARUJA;Demais falhas mecânicas ou elétricas;Colisão transversal;Com Vítimas Feridas;Plena Noite;Crescente;Céu Claro;Dupla;Curva;Não;2;0;1;0;1;0;0;2;-23,41955309;-46,3670785;SPRF-SP;DEL01/SP;UOP01-DEL01-SP
770082;07/05/2026;quinta-feira;17:00:00;PR;277;189,5;PALMEIRA;Reação tardia ou ineficiente do condutor;Saída de leito carroçável;Sem Vítimas;Pleno dia;Crescente;Céu Claro;Simples;Reta;Não;1;0;0;0;0;0;1;1;-25,42772;-50,120655;SPRF-PR;DEL08/PR;UOP02-DEL08-PR
770084;07/05/2026;quinta-feira;17:25:00;CE;116;40,6;HORIZONTE;Acessar a via sem observar a presença dos outros veículos;Colisão lateral mesmo sentido;Com Vítimas Feridas;Anoitecer;Crescente;Céu Claro;Múltipla;Reta;Sim;3;0;3;0;3;0;0;2;-4,1134809;-38,49066496;SPRF-CE;DEL01/CE;UOP02-DEL01-CE
770085;07/05/2026;quinta-feira;18:45:00;MG;40;496;ESMERALDAS;Demais falhas mecânicas ou elétricas;Incêndio;Sem Vítimas;Anoitecer;Crescente;Céu Claro;Dupla;Declive;Não;1;0;0;0;0;1;0;1;-19,66976;-44,19454;SPRF-MG;DEL02/MG;UOP01-DEL02-MG
770086;07/05/2026;quinta-feira;17:10:00;RS;290;457,4;ROSARIO DO SUL;Chuva;Colisão traseira;Com Vítimas Feridas;Pleno dia;Crescente;Chuva;Simples;"Declive;Curva";Não;3;0;1;2;3;0;0;2;-30,22979483;-54,69119593;SPRF-RS;DEL11/RS;UOP02-DEL11-RS
770087;07/05/2026;quinta-feira;19:20:00;RN;110;47;MOSSORO;Condutor deixou de manter distância do veículo da frente;Colisão traseira;Com Vítimas Feridas;Plena Noite;Decrescente;Nublado;Simples;Reta;Sim;3;0;2;0;2;1;0;2;-5,2069;-37,33035;SPRF-RN;DEL04-RN;UOP01-DEL04-RN
770088;07/05/2026;quinta-feira;19:10:00;DF;40;3;BRASILIA;Reação tardia ou ineficiente do condutor;Capotamento;Com Vítimas Feridas;Plena Noite;Crescente;Céu Claro;Dupla;"Aclive;Viaduto";Sim;2;0;1;0;1;1;0;2;-16,00315;-47,98407;SPRF-DF;DEL01-DF;UOP01-DEL01-DF
770089;07/05/2026;quinta-feira;18:15:00;ES;393;4,9;CACHOEIRO DE ITAPEMIRIM;Animais na Pista;Atropelamento de Animal;Com Vítimas Feridas;Plena Noite;Decrescente;Céu Claro;Simples;Reta;Não;1;0;0;1;1;0;0;1;-20,8236;-41,198;SPRF-ES;DEL03-ES;UOP02-DEL03-ES
770090;07/05/2026;quinta-feira;18:30:00;BA;407;5,4;JUAZEIRO;Acessar a via sem observar a presença dos outros veículos;Colisão lateral mesmo sentido;Com Vítimas Feridas;Plena Noite;Decrescente;Céu Claro;Simples;Interseção de Vias;Sim;2;0;1;0;1;1;0;2;-9,45184016;-40,48834568;SPRF-PE;DEL06/PE;UOP01-DEL06-PE
770091;07/05/2026;quinta-feira;18:30:00;RJ;116;83;TERESOPOLIS;Reação tardia ou ineficiente do condutor;Colisão traseira;Com Vítimas Feridas;Plena Noite;Crescente;Nublado;Simples;Interseção de Vias;Não;2;0;1;0;1;1;0;2;-22,414794;-42,949893;SPRF-RJ;DEL04/RJ;UOP01-DEL04-RJ
770092;07/05/2026;quinta-feira;18:40:00;RS;158;331;SANTA MARIA;Pedestre - Ingestão de álcool/ substâncias psicoativas;Atropelamento de Pedestre;Com Vítimas Feridas;Plena Noite;Crescente;Nublado;Simples;Reta;Sim;2;0;0;1;1;1;0;2;-29,70741381;-53,85339109;SPRF-RS;DEL09/RS;UOP01-DEL09-RS
770095;07/05/2026;quinta-feira;18:30:00;PR;369;139;IBIPORA;Acessar a via sem observar a presença dos outros veículos;Colisão transversal;Com Vítimas Feridas;Plena Noite;Crescente;Céu Claro;Dupla;Interseção de Vias;Sim;2;0;1;0;1;1;0;2;-23,27366369;-51,05640099;SPRF-PR;DEL07/PR;UOP01-DEL07-PR
770096;07/05/2026;quinta-feira;19:00:00;RJ;40;15;TRES RIOS;Animais na Pista;Atropelamento de Animal;Com Vítimas Feridas;Plena Noite;Decrescente;Céu Claro;Dupla;"Curva;Aclive";Não;4;0;4;0;4;0;0;1;-22,073011;-43,184597;SPRF-RJ;DEL05/RJ;UOP02-DEL05-RJ
770098;07/05/2026;quinta-feira;19:35:00;SC;101;140;BALNEARIO CAMBORIU;Reação tardia ou ineficiente do condutor;Engavetamento;Com Vítimas Feridas;Plena Noite;Crescente;Céu Claro;Simples;"Aclive;Reta";Não;3;0;1;0;1;2;0;3;-27,05148198;-48,6000824;SPRF-SC;DEL04/SC;UOP03-DEL04-SC
770100;07/05/2026;quinta-feira;20:00:00;RS;285;122;VACARIA;Conversão proibida;Colisão transversal;Com Vítimas Feridas;Plena Noite;Crescente;Céu Claro;Simples;Reta;Sim;2;0;1;0;1;1;0;2;-28,50517024;-50,94471781;SPRF-RS;DEL05/RS;UOP03-DEL05-RS
770101;07/05/2026;quinta-feira;19:00:00;RS;116;237;NOVO HAMBURGO;Mal súbito do condutor;Engavetamento;Com Vítimas Feridas;Plena Noite;Decrescente;Céu Claro;Dupla;Reta;Sim;4;0;2;0;2;2;0;3;-29,67582784;-51,14237374;SPRF-RS;DEL01/RS;UOP02-DEL01-RS
770102;07/05/2026;quinta-feira;20:35:00;CE;116;27;AQUIRAZ;Reação tardia ou ineficiente do condutor;Colisão com objeto;Sem Vítimas;Plena Noite;Crescente;Céu Claro;Dupla;"Curva;Aclive";Sim;1;0;0;0;0;1;0;1;-3,9903816;-38,5162979;SPRF-CE;DEL01/CE;UOP02-DEL01-CE
770103;07/05/2026;quinta-feira;18:00:00;RN;101;72;EXTREMOZ;Animais na Pista;Tombamento;Com Vítimas Feridas;Anoitecer;Crescente;Céu Claro;Simples;Reta;Não;1;0;1;0;1;0;0;1;-5,698323;-35,263149;SPRF-RN;DEL02-RN;UOP01-DEL02-RN
770105;21/04/2026;terça-feira;10:15:00;RJ;101;464;ANGRA DOS REIS;Acessar a via sem observar a presença dos outros veículos;Colisão transversal;Com Vítimas Feridas;Pleno dia;Crescente;Sol;Dupla;Curva;Não;5;0;0;1;1;4;0;2;-23,02683736;-44,21917677;SPRF-RJ;DEL03/RJ;UOP03-DEL03-RJ
770106;07/05/2026;quinta-feira;20:30:00;PR;116;123;CURITIBA;Transitar no Acostamento;Colisão transversal;Com Vítimas Feridas;Plena Noite;Crescente;Céu Claro;Dupla;Reta;Sim;2;0;1;0;1;1;0;2;-25,607261;-49,319031;SPRF-PR;DEL01/PR;UOP03-DEL01-PR
770107;07/05/2026;quinta-feira;20:40:00;PB;101;86,1;JOAO PESSOA;Transitar no Acostamento;Colisão com objeto;Com Vítimas Fatais;Plena Noite;Decrescente;Chuva;Dupla;Reta;Sim;1;1;0;0;0;0;0;1;-7,151137;-34,909625;SPRF-PB;DEL01-PB;UOP01-DEL01-PB
770108;07/05/2026;quinta-feira;20:45:00;SP;116;284;EMBU DAS ARTES;Ultrapassagem Indevida;Colisão lateral mesmo sentido;Com Vítimas Feridas;Plena Noite;Decrescente;Nublado;Dupla;Reta;Sim;3;0;1;0;1;2;0;2;-23,67494129;-46,85651115;SPRF-SP;DEL04/SP;UOP01-DEL04-SP
770111;07/05/2026;quinta-feira;12:10:00;RJ;40;109;DUQUE DE CAXIAS;Acessar a via sem observar a presença dos outros veículos;Colisão lateral mesmo sentido;Com Vítimas Feridas;Pleno dia;Crescente;Céu Claro;Dupla;Interseção de Vias;Sim;2;0;1;0;1;1;0;2;-22,67355283;-43,286665;SPRF-RJ;DEL01/RJ;UOP02-DEL01-RJ
770117;07/05/2026;quinta-feira;19:15:00;RJ;101;295;ITABORAI;Reação tardia ou ineficiente do condutor;Colisão traseira;Com Vítimas Feridas;Plena Noite;Crescente;Céu Claro;Dupla;Reta;Sim;2;0;1;0;1;1;0;2;-22,7634972;-42,90133372;SPRF-RJ;DEL02/RJ;UOP02-DEL02-RJ
770119;03/05/2026;domingo;22:00:00;RJ;40;83;DUQUE DE CAXIAS;Chuva;Saída de leito carroçável;Com Vítimas Feridas;Plena Noite;Crescente;Chuva;Simples;Reta;Não;3;0;2;0;2;1;0;1;-22,521681;-43,237428;SPRF-RJ;DEL01/RJ;UOP01-DEL01-RJ
770120;07/05/2026;quinta-feira;10:40:00;RJ;101;373;RIO DE JANEIRO;Manobra de mudança de faixa;Colisão lateral mesmo sentido;Sem Vítimas;Pleno dia;Decrescente;Céu Claro;Dupla;Reta;Sim;2;0;0;0;0;2;0;2;-22,85514728;-43,48861881;SPRF-RJ;DEL06/RJ;UOP01-DEL06-RJ
770122;07/05/2026;quinta-feira;18:30:00;PB;110;184,7;MONTEIRO;Transitar na contramão;Colisão lateral sentido oposto;Com Vítimas Feridas;Plena Noite;Crescente;Céu Claro;Simples;Reta;Não;2;0;0;2;2;0;0;2;-7,913135;-37,150962;SPRF-PB;DEL02-PB;UOP02-DEL02-PB
770123;07/05/2026;quinta-feira;21:15:00;PR;373;192;PONTA GROSSA;Ingestão de álcool pelo condutor;Colisão frontal;Com Vítimas Feridas;Plena Noite;Crescente;Céu Claro;Simples;"Aclive;Reta";Não;5;0;3;0;3;1;0;2;-25,06579255;-50,35282485;SPRF-PR;DEL03/PR;UOP01-DEL03-PR
770124;07/05/2026;quinta-feira;22:20:00;ES;262;46,6;MARECHAL FLORIANO;Condutor desrespeitou a iluminação vermelha do semáforo;Colisão transversal;Com Vítimas Feridas;Plena Noite;Crescente;Céu Claro;Múltipla;"Reta;Retorno Regulamentado";Não;2;0;0;2;2;0;0;2;-20,410768;-40,677336;SPRF-ES;DEL01-ES;UOP01-DEL01-ES
770125;07/05/2026;quinta-feira;19:15:00;PB;412;74,2;SERRA BRANCA;Acessar a via sem observar a presença dos outros veículos;Colisão frontal;Com Vítimas Feridas;Plena Noite;Decrescente;Céu Claro;Simples;"Reta;Interseção de Vias";Sim;2;0;0;1;1;1;0;2;-7,488853;-36,650212;SPRF-PB;DEL02-PB;UOP02-DEL02-PB
770126;07/05/2026;quinta-feira;22:30:00;MG;381;490,9;BETIM;Manobra de mudança de faixa;Colisão traseira;Com Vítimas Feridas;Plena Noite;Decrescente;Céu Claro;Múltipla;Reta;Não;2;0;1;0;1;1;0;2;-19,96158546;-44,15959803;SPRF-MG;DEL01/MG;UOP03-DEL01-MG
770127;07/05/2026;quinta-feira;17:50:00;MT;70;2;BARRA DO GARCAS;Ausência de reação do condutor;Colisão transversal;Com Vítimas Feridas;Anoitecer;Crescente;Céu Claro;Simples;Reta;Sim;2;0;2;0;2;0;0;2;-15,87237913;-52,38549716;SPRF-MT;DEL07/MT;UOP01-DEL07-MT
770129;07/05/2026;quinta-feira;22:25:00;CE;116;70;CHOROZINHO;Reação tardia ou ineficiente do condutor;Saída de leito carroçável;Com Vítimas Feridas;Plena Noite;Crescente;Garoa/Chuvisco;Dupla;Rotatória;Sim;2;0;1;0;1;1;0;1;-4,3333496;-38,4802624;SPRF-CE;DEL01/CE;UOP04-DEL01-CE
770131;07/05/2026;quinta-feira;18:55:00;RO;364;342;JI-PARANA;Ausência de reação do condutor;Colisão traseira;Com Vítimas Feridas;Pleno dia;Crescente;Céu Claro;Dupla;"Reta;Ponte";Sim;3;0;2;0;2;1;0;2;-10,88289672;-61,93884227;SPRF-RO;DEL02-RO;UOP01-DEL02-RO
770133;07/05/2026;quinta-feira;21:10:00;MG;116;410,9;GOVERNADOR VALADARES;Ausência de reação do condutor;Colisão transversal;Com Vítimas Feridas;Plena Noite;Crescente;Céu Claro;Dupla;Interseção de Vias;Sim;2;0;0;2;2;0;0;2;-18,86733081;-41,97294323;SPRF-MG;DEL06/MG;UOP01-DEL06-MG
770135;07/05/2026;quinta-feira;22:50:00;SC;282;30,9;SANTO AMARO DA IMPERATRIZ;Velocidade Incompatível;Saída de leito carroçável;Com Vítimas Feridas;Plena Noite;Decrescente;Nublado;Simples;Curva;Não;1;0;0;1;1;0;0;1;-27,695463;-48,793202;SPRF-SC;DEL01/SC;UOP03-DEL01-SC
770136;07/05/2026;quinta-feira;18:00:00;ES;262;46,5;MARECHAL FLORIANO;Reação tardia ou ineficiente do condutor;Colisão lateral mesmo sentido;Com Vítimas Feridas;Plena Noite;Decrescente;Céu Claro;Simples;Reta;Não;2;0;1;0;1;1;0;2;-20,41015863;-40,67508197;SPRF-ES;DEL01-ES;UOP01-DEL01-ES
770137;07/05/2026;quinta-feira;23:40:00;RJ;40;85;PETROPOLIS;Acumulo de água sobre o pavimento;Saída de leito carroçável;Com Vítimas Feridas;Plena Noite;Decrescente;Céu Claro;Simples;Curva;Não;1;0;0;1;1;0;0;1;-22,551111;-43,225731;SPRF-RJ;DEL01/RJ;UOP01-DEL01-RJ