id;data_inversa;dia_semana;horario;uf;br;km;municipio;causa_acidente;tipo_acidente;classificacao_acidente;fase_dia;sentido_via;condicao_metereologica;tipo_pista;tracado_via;uso_solo;pessoas;mortos;feridos_leves;feridos_graves;feridos;ilesos;ignorados;veiculos;latitude;longitude;regional;delegacia;uop
770639;09/05/2026;sábado;23:00:00;RJ;116;170;RIO DE JANEIRO;Ausência de reação do condutor;Capotamento;Com Vítimas Feridas;Plena Noite;Crescente;Céu Claro;Múltipla;Reta;Não;2;0;1;0;1;1;0;1;-22,8122824;-43,3311422;SPRF-RJ;DEL06/RJ;UOP01-DEL06-RJ
770640;09/05/2026;sábado;23:00:00;SP;116;130;CACAPAVA;Pedestre cruzava a pista fora da faixa;Atropelamento de Pedestre;Com Vítimas Fatais;Plena Noite;Decrescente;Céu Claro;Dupla;Reta;Sim;2;1;0;0;0;1;0;2;-23,12391746;-45,72940855;SPRF-SP;DEL02/SP;UOP02-DEL02-SP
770641;09/05/2026;sábado;22:30:00;SC;470;37,5;GASPAR;Pedestre andava na pista;Atropelamento de Pedestre;Com Vítimas Feridas;Plena Noite;Decrescente;Chuva;Dupla;"Curva;Declive";Não;3;0;0;1;1;2;0;2;-26,909642;-48,97829231;SPRF-SC;DEL04/SC;UOP01-DEL04-SC
770642;09/05/2026;sábado;22:40:00;RJ;101;310;SAO GONCALO;Ausência de reação do condutor;Colisão traseira;Com Vítimas Feridas;Plena Noite;Decrescente;Céu Claro;Dupla;Declive;Sim;5;0;1;0;1;4;0;2;-22,79675583;-43,04134369;SPRF-RJ;DEL02/RJ;UOP02-DEL02-RJ
770644;09/05/2026;sábado;23:00:00;SP;116;143;SAO JOSE DOS CAMPOS;Reação tardia ou ineficiente do condutor;Colisão com objeto;Com Vítimas Feridas;Plena Noite;Crescente;Céu Claro;Dupla;Reta;Não;1;0;1;0;1;0;0;1;-23,17633158;-45,83356424;SPRF-SP;DEL02/SP;UOP01-DEL02-SP
770646;09/05/2026;sábado;22:00:00;MS;163;838;SONORA;Ingestão de álcool pelo condutor;Colisão com objeto;Com Vítimas Feridas;Plena Noite;Decrescente;Nevoeiro/Neblina;Simples;Reta;Sim;1;0;1;0;1;0;0;1;-17,589713;-54,744686;SPRF-MS;DEL06/MS;UOP01-DEL06-MS
770647;09/05/2026;sábado;23:00:00;RS;116;240;SAO LEOPOLDO;Ausência de reação do condutor;Colisão com objeto;Com Vítimas Fatais;Plena Noite;Decrescente;Céu Claro;Dupla;"Curva;Aclive;Em Obras";Sim;1;1;0;0;0;0;0;1;-29,77270149;-51,15438893;SPRF-RS;DEL01/RS;UOP02-DEL01-RS
770648;09/05/2026;sábado;23:09:00;PA;155;312;MARABA;Desrespeitar a preferência no cruzamento;Colisão transversal;Com Vítimas Feridas;Plena Noite;Crescente;Nublado;Simples;Curva;Sim;4;0;1;1;2;0;0;2;-5,637741;-49,107927;SPRF-PA;DEL03/PA;UOP01-DEL03-PA
770652;09/05/2026;sábado;21:37:00;AC;364;155;BUJARI;Ausência de reação do condutor;Atropelamento de Pedestre;Com Vítimas Feridas;Plena Noite;Decrescente;Céu Claro;Simples;Reta;Sim;3;0;2;1;3;0;0;2;-9,83891397;-67,94047706;SPRF-AC;DEL01-AC;UOP01-DEL01-AC
770653;09/05/2026;sábado;23:50:00;RS;386;360;ESTRELA;Reação tardia ou ineficiente do condutor;Colisão com objeto;Sem Vítimas;Plena Noite;Decrescente;Céu Claro;Dupla;Reta;Não;1;0;0;0;0;0;1;1;-29,548738;-51,907028;SPRF-RS;DEL04/RS;UOP01-DEL04-RS
770654;10/05/2026;domingo;00:01:00;MG;40;451;CAETANOPOLIS;Ingestão de álcool pelo condutor;Colisão traseira;Com Vítimas Feridas;Pleno dia;Decrescente;Céu Claro;Dupla;Reta;Não;2;0;1;0;1;1;0;2;-19,32042;-44,36571;SPRF-MG;DEL02/MG;UOP01-DEL02-MG
770655;09/05/2026;sábado;23:50:00;RJ;101;298;ITABORAI;Acessar a via sem observar a presença dos outros veículos;Colisão transversal;Sem Vítimas;Plena Noite;Crescente;Céu Claro;Dupla;Reta;Sim;2;0;0;0;0;2;0;2;-22,772449;-42,93378;SPRF-RJ;DEL02/RJ;UOP02-DEL02-RJ
770657;09/05/2026;sábado;20:30:00;RO;364;1040,9;PORTO VELHO;Transitar na contramão;Colisão frontal;Com Vítimas Feridas;Plena Noite;Crescente;Céu Claro;Simples;"Aclive;Reta";Sim;3;0;3;0;3;0;0;2;-9,77117092;-66,35787159;SPRF-RO;DEL01-RO;UOP03-DEL01-RO
770658;10/05/2026;domingo;00:10:00;PR;376;124,1;ALTO PARANA;Demais falhas mecânicas ou elétricas;Saída de leito carroçável;Com Vítimas Feridas;Plena Noite;Decrescente;Chuva;Dupla;Reta;Não;2;0;2;0;2;0;0;1;-23,13842695;-52,2891333;SPRF-PR;DEL09/PR;UOP02-DEL09-PR
770660;10/05/2026;domingo;00:15:00;GO;60;134;GOIANIA;Ausência de reação do condutor;Tombamento;Com Vítimas Feridas;Plena Noite;Crescente;Nublado;Dupla;Declive;Não;1;0;1;0;1;0;0;1;-16,58319;-49,189225;SPRF-GO;DEL01/GO;UOP01-DEL01-GO
770661;10/05/2026;domingo;00:30:00;SP;459;25,6;LORENA;Velocidade Incompatível;Capotamento;Sem Vítimas;Plena Noite;Decrescente;Ignorado;Simples;Rotatória;Não;1;0;0;0;0;0;1;1;-22,69086314;-45,12484366;SPRF-SP;DEL08/SP;UOP02-DEL08-SP
770662;10/05/2026;domingo;00:30:00;MG;116;531,1;CARATINGA;Demais falhas mecânicas ou elétricas;Incêndio;Sem Vítimas;Plena Noite;Crescente;Céu Claro;Simples;Reta;Não;1;0;0;0;0;1;0;1;-19,7641;-42,1318;SPRF-MG;DEL06/MG;UOP02-DEL06-MG
770663;09/05/2026;sábado;23:00:00;RS;285;60;BOM JESUS;Reação tardia ou ineficiente do condutor;Saída de leito carroçável;Com Vítimas Feridas;Plena Noite;Crescente;Céu Claro;Simples;Rotatória;Não;1;0;1;0;1;0;0;1;-28,65351496;-50,43526975;SPRF-RS;DEL05/RS;UOP03-DEL05-RS
770664;10/05/2026;domingo;01:20:00;RN;101;85,9;NATAL;Animais na Pista;Atropelamento de Animal;Com Vítimas Feridas;Plena Noite;Decrescente;Garoa/Chuvisco;Dupla;Ponte;Sim;2;0;2;0;2;0;0;1;-5,779038;-35,248398;SPRF-RN;DEL02-RN;UOP01-DEL02-RN
770665;09/05/2026;sábado;23:45:00;MG;262;418,2;IGARATINGA;Velocidade Incompatível;Colisão traseira;Com Vítimas Feridas;Plena Noite;Decrescente;Céu Claro;Dupla;Declive;Não;4;0;2;0;2;2;0;2;-19,88763;-44,79391;SPRF-MG;DEL08/MG;UOP03-DEL08-MG
770666;10/05/2026;domingo;01:42:00;PR;376;4;APUCARANA;Ingestão de álcool pelo condutor;Saída de leito carroçável;Com Vítimas Feridas;Plena Noite;Crescente;Chuva;Simples;Reta;Sim;1;0;0;1;1;0;0;1;-23,5542924;-51,4451501;SPRF-PR;DEL07/PR;UOP03-DEL07-PR
770667;10/05/2026;domingo;01:30:00;PR;277;204;PALMEIRA;Ausência de reação do condutor;Saída de leito carroçável;Sem Vítimas;Plena Noite;Decrescente;Garoa/Chuvisco;Simples;Reta;Não;2;0;0;0;0;0;1;2;-25,465;-50,255;SPRF-PR;DEL08/PR;UOP02-DEL08-PR
770668;10/05/2026;domingo;00:50:00;PR;476;155;ARAUCARIA;Acessar a via sem observar a presença dos outros veículos;Colisão transversal;Sem Vítimas;Plena Noite;Crescente;Nevoeiro/Neblina;Dupla;Reta;Sim;2;0;0;0;0;1;0;2;-25,59068;-49,41037;SPRF-PR;DEL01/PR;UOP06-DEL01-PR
770669;10/05/2026;domingo;02:40:00;SC;101;214,9;PALHOCA;Ingestão de álcool pelo condutor;Colisão com objeto;Com Vítimas Feridas;Plena Noite;Crescente;Céu Claro;Múltipla;Reta;Sim;1;0;1;0;1;0;0;1;-27,65217518;-48,67640867;SPRF-SC;DEL01/SC;UOP02-DEL01-SC
770670;10/05/2026;domingo;00:52:00;GO;70;10;AGUAS LINDAS DE GOIAS;Entrada inopinada do pedestre;Atropelamento de Pedestre;Com Vítimas Fatais;Plena Noite;Decrescente;Céu Claro;Múltipla;Reta;Sim;3;1;1;0;1;1;0;2;-15,738255;-48,296622;SPRF-DF;DEL03-DF;UOP02-DEL03-DF
770671;10/05/2026;domingo;01:15:00;MT;364;216;RONDONOPOLIS;Manobra de mudança de faixa;Queda de ocupante de veículo;Com Vítimas Feridas;Plena Noite;Crescente;Céu Claro;Dupla;Reta;Não;1;0;1;0;1;0;0;1;-16,37488978;-54,71847439;SPRF-MT;DEL02/MT;UOP01-DEL02-MT
770673;10/05/2026;domingo;02:10:00;SC;101;96;BALNEARIO PICARRAS;Ingestão de álcool pelo condutor;Colisão com objeto;Com Vítimas Feridas;Plena Noite;Crescente;Garoa/Chuvisco;Dupla;Reta;Sim;3;0;2;0;2;1;0;1;-26,72502495;-48,70203719;SPRF-SC;DEL03/SC;UOP02-DEL03-SC
770674;10/05/2026;domingo;02:35:00;GO;40;15;LUZIANIA;Transitar na contramão;Colisão frontal;Com Vítimas Feridas;Plena Noite;Crescente;Céu Claro;Dupla;Reta;Não;3;0;1;1;2;0;0;2;-16,15940656;-47,93279171;SPRF-DF;DEL01-DF;UOP01-DEL01-DF
770675;10/05/2026;domingo;03:04:00;GO;40;109;CRISTALINA;Ingestão de álcool pelo condutor;Tombamento;Com Vítimas Feridas;Plena Noite;Decrescente;Céu Claro;Dupla;Reta;Não;1;0;0;1;1;0;0;1;-16,84707;-47,67607;SPRF-DF;DEL01-DF;UOP02-DEL01-DF
770676;10/05/2026;domingo;03:38:00;ES;393;1;CACHOEIRO DE ITAPEMIRIM;Acessar a via sem observar a presença dos outros veículos;Colisão frontal;Com Vítimas Feridas;Plena Noite;Crescente;Céu Claro;Simples;Reta;Não;2;0;0;1;1;1;0;2;-20,83528333;-41,17018938;SPRF-ES;DEL03-ES;UOP02-DEL03-ES
770677;10/05/2026;domingo;01:40:00;RJ;493;6;ITABORAI;Ausência de reação do condutor;Queda de ocupante de veículo;Sem Vítimas;Plena Noite;Decrescente;Nublado;Dupla;Reta;Não;1;0;0;0;0;0;1;1;-22,72641444;-42,95270205;SPRF-RJ;DEL02/RJ;UOP02-DEL02-RJ
770678;10/05/2026;domingo;03:50:00;SC;101;363,6;SANGAO;Condutor Dormindo;Colisão com objeto;Com Vítimas Feridas;Plena Noite;Crescente;Céu Claro;Múltipla;Reta;Não;1;0;1;0;1;0;0;1;-28,682143;-49,145765;SPRF-SC;DEL02/SC;UOP01-DEL02-SC
770679;10/05/2026;domingo;03:57:00;SP;153;62,4;SAO JOSE DO RIO PRETO;Demais falhas mecânicas ou elétricas;Queda de ocupante de veículo;Com Vítimas Feridas;Plena Noite;Crescente;Garoa/Chuvisco;Dupla;"Reta;Aclive";Sim;5;0;2;0;2;3;0;4;-20,81773;-49,357447;SPRF-SP;DEL09/SP;UOP01-DEL09-SP
770680;10/05/2026;domingo;02:40:00;SP;116;43,6;CANAS;Objeto estático sobre o leito carroçável;Capotamento;Com Vítimas Feridas;Plena Noite;Decrescente;Céu Claro;Dupla;Reta;Não;2;0;2;0;2;0;0;1;-22,700258;-45,03413;SPRF-SP;DEL08/SP;UOP02-DEL08-SP
770681;10/05/2026;domingo;04:00:00;PB;104;130,8;CAMPINA GRANDE;Ingestão de álcool pelo condutor;Colisão com objeto;Com Vítimas Feridas;Plena Noite;Decrescente;Céu Claro;Simples;"Reta;Em Obras";Sim;1;0;0;1;1;0;0;1;-7,282283;-35,889257;SPRF-PB;DEL02-PB;UOP03-DEL02-PB
770683;10/05/2026;domingo;04:40:00;SC;101;199;SAO JOSE;Animais na Pista;Saída de leito carroçável;Com Vítimas Feridas;Pleno dia;Decrescente;Céu Claro;Dupla;Reta;Sim;1;0;1;0;1;0;0;1;-27,53059077;-48,63216162;SPRF-SC;DEL01/SC;UOP01-DEL01-SC
770684;10/05/2026;domingo;02:30:00;GO;60;21;ALEXANIA;Ausência de reação do condutor;Saída de leito carroçável;Com Vítimas Feridas;Plena Noite;Crescente;Céu Claro;Dupla;Curva;Sim;4;0;4;0;4;0;0;1;-16,122175;-48,410669;SPRF-DF;DEL03-DF;UOP01-DEL03-DF
770685;10/05/2026;domingo;04:20:00;SC;282;0,4;FLORIANOPOLIS;Reação tardia ou ineficiente do condutor;Colisão com objeto;Com Vítimas Feridas;Plena Noite;Crescente;Chuva;Dupla;Reta;Sim;1;0;1;0;1;0;0;1;-27,59928;-48,57528;SPRF-SC;DEL01/SC;UOP01-DEL01-SC
770686;10/05/2026;domingo;05:10:00;SC;101;195;BIGUACU;Avarias e/ou desgaste excessivo no pneu;Saída de leito carroçável;Com Vítimas Feridas;Amanhecer;Decrescente;Garoa/Chuvisco;Múltipla;Reta;Sim;1;0;1;0;1;0;0;1;-27,50244754;-48,65226746;SPRF-SC;DEL01/SC;UOP01-DEL01-SC
770687;10/05/2026;domingo;02:18:00;MT;364;266;JACIARA;Condutor deixou de manter distância do veículo da frente;Colisão traseira;Com Vítimas Feridas;Plena Noite;Decrescente;Nublado;Dupla;"Em Obras;Reta";Não;5;0;1;1;2;1;0;3;-15,995197;-54,920727;SPRF-MT;DEL02/MT;UOP01-DEL02-MT
770688;10/05/2026;domingo;04:40:00;PR;476;192;LAPA;Ausência de reação do condutor;Saída de leito carroçável;Sem Vítimas;Plena Noite;Decrescente;Chuva;Simples;Aclive;Não;1;0;0;0;0;1;0;1;-25,73033;-49,70666;SPRF-PR;DEL01/PR;UOP06-DEL01-PR
770689;10/05/2026;domingo;05:00:00;PR;476;99,7;BOCAIUVA DO SUL;Velocidade Incompatível;Colisão frontal;Com Vítimas Feridas;Amanhecer;Decrescente;Garoa/Chuvisco;Simples;"Rotatória;Curva;Aclive";Não;3;0;2;1;3;0;0;2;-25,2463;-49,138361;SPRF-PR;DEL01/PR;UOP01-DEL01-PR
770690;10/05/2026;domingo;05:45:00;SC;101;199,2;SAO JOSE;Ingestão de álcool pelo condutor;Saída de leito carroçável;Sem Vítimas;Plena Noite;Crescente;Céu Claro;Dupla;Reta;Sim;1;0;0;0;0;1;0;1;-27,53506486;-48,62960815;SPRF-SC;DEL01/SC;UOP01-DEL01-SC
770691;09/05/2026;sábado;23:30:00;RJ;101;486;ANGRA DOS REIS;Acessar a via sem observar a presença dos outros veículos;Atropelamento de Pedestre;Com Vítimas Feridas;Plena Noite;Crescente;Céu Claro;Simples;Reta;Sim;2;0;1;0;1;1;0;2;-22,98146866;-44,29550171;SPRF-RJ;DEL03/RJ;UOP03-DEL03-RJ
770692;10/05/2026;domingo;05:30:00;MG;40;805;MATIAS BARBOSA;Demais falhas mecânicas ou elétricas;Incêndio;Sem Vítimas;Amanhecer;Decrescente;Céu Claro;Dupla;Reta;Não;1;0;0;0;0;1;0;1;-21,85511;-43,37849;SPRF-MG;DEL05/MG;UOP01-DEL05-MG
770693;10/05/2026;domingo;06:15:00;GO;50;214;CAMPO ALEGRE DE GOIAS;Condutor Dormindo;Saída de leito carroçável;Sem Vítimas;Amanhecer;Decrescente;Sol;Dupla;Reta;Não;1;0;0;0;0;1;0;1;-17,71600426;-47,7218628;SPRF-GO;DEL06/GO;UOP01-DEL06-GO
770694;10/05/2026;domingo;03:30:00;PI;230;195;OEIRAS;Ultrapassagem Indevida;Colisão frontal;Com Vítimas Feridas;Plena Noite;Decrescente;Céu Claro;Simples;Reta;Não;2;0;1;0;1;1;0;2;-7,000045;-42,114087;SPRF-PI;DEL04-PI;UOP01-DEL04-PI
770696;10/05/2026;domingo;05:20:00;MS;60;208,8;CAMAPUA;Transitar na contramão;Colisão frontal;Com Vítimas Fatais;Plena Noite;Decrescente;Garoa/Chuvisco;Simples;Reta;Não;20;2;16;1;17;1;0;2;-19,61436571;-54,05677378;SPRF-MS;DEL06/MS;UOP02-DEL06-MS
770697;10/05/2026;domingo;05:40:00;RJ;101;385;ITAGUAI;Velocidade Incompatível;Queda de ocupante de veículo;Com Vítimas Feridas;Pleno dia;Crescente;Céu Claro;Dupla;Reta;Sim;2;0;1;1;2;0;0;1;-22,858924;-43,75937838;SPRF-RJ;DEL03/RJ;UOP01-DEL03-RJ
770698;10/05/2026;domingo;06:00:00;DF;251;33;BRASILIA;Velocidade Incompatível;Saída de leito carroçável;Com Vítimas Feridas;Pleno dia;Crescente;Céu Claro;Dupla;"Curva;Interseção de Vias";Sim;1;0;0;1;1;0;0;1;-15,93730819;-47,74993865;SPRF-DF;DEL01-DF;UOP01-DEL01-DF
770699;10/05/2026;domingo;04:30:00;SC;280;31,7;ARAQUARI;Ingestão de álcool pelo condutor;Saída de leito carroçável;Com Vítimas Feridas;Plena Noite;Crescente;Nublado;Simples;Rotatória;Sim;1;0;1;0;1;0;0;1;-26,418017;-48,778603;SPRF-SC;DEL03/SC;UOP03-DEL03-SC
770701;09/05/2026;sábado;22:46:00;ES;101;159,9;LINHARES;Manobra de mudança de faixa;Colisão lateral sentido oposto;Com Vítimas Feridas;Plena Noite;Decrescente;Céu Claro;Simples;Reta;Não;4;0;1;1;2;2;0;2;-19,48432837;-40,12258379;SPRF-ES;DEL04-ES;UOP01-DEL04-ES
770702;09/05/2026;sábado;21:49:00;PR;116;8;CAMPINA GRANDE DO SUL;Reação tardia ou ineficiente do condutor;Saída de leito carroçável;Sem Vítimas;Plena Noite;Crescente;Chuva;Dupla;Reta;Não;2;0;0;0;0;2;0;1;-25,28043122;-48,9266395;SPRF-PR;DEL01/PR;UOP02-DEL01-PR
770703;10/05/2026;domingo;07:00:00;PR;277;1,4;PARANAGUA;Chuva;Tombamento;Com Vítimas Feridas;Pleno dia;Crescente;Chuva;Dupla;Reta;Sim;1;0;1;0;1;0;0;1;-25,552999;-48,554447;SPRF-PR;DEL01/PR;UOP05-DEL01-PR
770704;10/05/2026;domingo;06:00:00;MT;163;816,6;SINOP;Condutor Dormindo;Saída de leito carroçável;Com Vítimas Feridas;Amanhecer;Crescente;Chuva;Dupla;Reta;Não;1;0;1;0;1;0;0;1;-12,0347;-55,51727;SPRF-MT;DEL06/MT;UOP02-DEL06-MT
770707;10/05/2026;domingo;04:00:00;PA;316;245;CACHOEIRA DO PIRIA;Acessar a via sem observar a presença dos outros veículos;Colisão transversal;Com Vítimas Fatais;Plena Noite;Decrescente;Céu Claro;Simples;Reta;Sim;2;1;0;0;0;1;0;2;-1,7559331;-46,55036543;SPRF-PA;DEL01/PA;UOP04-DEL01-PA
770710;10/05/2026;domingo;07:40:00;DF;20;11,2;BRASILIA;Condutor deixou de manter distância do veículo da frente;Colisão traseira;Com Vítimas Feridas;Pleno dia;Crescente;Céu Claro;Dupla;Reta;Não;1;0;1;0;1;0;0;1;-15,645257;-47,76329;SPRF-DF;DEL02-DF;UOP01-DEL02-DF
770711;10/05/2026;domingo;00:10:00;RJ;116;130;MAGE;Ausência de reação do condutor;Tombamento;Com Vítimas Feridas;Plena Noite;Crescente;Céu Claro;Dupla;Reta;Sim;1;0;1;0;1;0;0;1;-22,65704134;-43,12890021;SPRF-RJ;DEL04/RJ;UOP02-DEL04-RJ
770713;10/05/2026;domingo;07:30:00;PR;376;605;CURITIBA;Manobra de mudança de faixa;Queda de ocupante de veículo;Com Vítimas Feridas;Pleno dia;Decrescente;Nublado;Dupla;Reta;Não;1;0;1;0;1;0;0;1;-25,53627317;-49,31500308;SPRF-PR;DEL01/PR;UOP03-DEL01-PR
770714;10/05/2026;domingo;05:30:00;MG;365;456,7;PATROCINIO;Ausência de reação do condutor;Saída de leito carroçável;Com Vítimas Feridas;Amanhecer;Decrescente;Céu Claro;Simples;Reta;Não;3;0;1;0;1;2;0;1;-18,848832;-46,871008;SPRF-MG;DEL10/MG;UOP01-DEL10-MG
770715;10/05/2026;domingo;07:17:00;GO;364;18;SAO SIMAO;Condutor Dormindo;Colisão lateral sentido oposto;Com Vítimas Feridas;Pleno dia;Decrescente;Nublado;Simples;"Reta;Declive";Não;2;0;1;1;2;0;0;1;-18,940862;-50,6382212;SPRF-GO;DEL05/GO;UOP02-DEL05-GO
770718;10/05/2026;domingo;08:20:00;BA;324;518;FEIRA DE SANTANA;Acesso irregular;Colisão transversal;Com Vítimas Feridas;Pleno dia;Decrescente;Céu Claro;Simples;Reta;Sim;3;0;1;0;1;2;0;2;-12,26604565;-38,93306875;SPRF-BA;DEL02/BA;UOP01-DEL02-BA
770720;10/05/2026;domingo;09:00:00;GO;60;46;ALEXANIA;Reação tardia ou ineficiente do condutor;Colisão com objeto;Com Vítimas Feridas;Pleno dia;Crescente;Céu Claro;Dupla;"Curva;Declive";Não;1;0;0;1;1;0;0;1;-16,1447933;-48,601345;SPRF-GO;DEL02/GO;UOP01-DEL02-GO
770721;10/05/2026;domingo;08:40:00;GO;70;0;AGUAS LINDAS DE GOIAS;Reação tardia ou ineficiente do condutor;Queda de ocupante de veículo;Com Vítimas Feridas;Pleno dia;Crescente;Céu Claro;Dupla;"Ponte;Reta";Não;2;0;2;0;2;0;0;1;-15,78141321;-48,2341218;SPRF-DF;DEL03-DF;UOP02-DEL03-DF
770723;10/05/2026;domingo;06:00:00;PI;222;128,1;BATALHA;Manobra de mudança de faixa;Colisão transversal;Com Vítimas Feridas;Pleno dia;Decrescente;Céu Claro;Simples;Reta;Sim;2;0;0;1;1;0;0;2;-4,010462;-42,091252;SPRF-PI;DEL02-PI;UOP01-DEL02-PI
770725;10/05/2026;domingo;02:04:00;GO;153;320,9;RIANAPOLIS;Reação tardia ou ineficiente do condutor;Colisão com objeto;Com Vítimas Feridas;Plena Noite;Decrescente;Céu Claro;Simples;"Rotatória;Interseção de Vias";Não;3;0;3;0;3;0;0;1;-15,4742652;-49,49626668;SPRF-GO;DEL02/GO;UOP02-DEL02-GO
770726;21/04/2026;terça-feira;18:30:00;AM;319;112;CAREIRO;Condutor deixou de manter distância do veículo da frente;Colisão com objeto;Sem Vítimas;Anoitecer;Crescente;Céu Claro;Simples;Reta;Sim;5;0;0;0;0;4;0;2;-3,81785708;-60,35059011;SPRF-AM;DEL01-AM;UOP04-DEL01-AM
770727;10/05/2026;domingo;07:20:00;RO;364;715;PORTO VELHO;Acessar a via sem observar a presença dos outros veículos;Colisão transversal;Com Vítimas Feridas;Pleno dia;Decrescente;Céu Claro;Simples;Interseção de Vias;Sim;2;0;1;0;1;1;0;2;-8,78135055;-63,89318559;SPRF-RO;DEL01-RO;UOP01-DEL01-RO
770730;10/05/2026;domingo;01:00:00;MA;226;138;SENADOR ALEXANDRE COSTA;Transitar na contramão;Colisão frontal;Com Vítimas Fatais;Plena Noite;Crescente;Nublado;Simples;Reta;Não;2;1;0;0;0;0;0;2;-5,331042;-43,954637;SPRF-MA;DEL06-MA;UOP01-DEL06-MA
770731;10/05/2026;domingo;09:40:00;PR;153;337;IRATI;Mal súbito do condutor;Saída de leito carroçável;Com Vítimas Feridas;Pleno dia;Crescente;Céu Claro;Simples;Reta;Sim;1;0;1;0;1;0;0;1;-25,48737626;-50,64387973;SPRF-PR;DEL08/PR;UOP02-DEL08-PR
770733;10/05/2026;domingo;10:30:00;MG;40;788;JUIZ DE FORA;Manobra de mudança de faixa;Colisão lateral mesmo sentido;Com Vítimas Feridas;Pleno dia;Decrescente;Céu Claro;Dupla;Reta;Não;2;0;1;0;1;1;0;2;-21,735945;-43,442753;SPRF-MG;DEL05/MG;UOP01-DEL05-MG
770734;10/05/2026;domingo;10:15:00;SP;381;90;GUARULHOS;Reação tardia ou ineficiente do condutor;Colisão lateral mesmo sentido;Com Vítimas Feridas;Pleno dia;Decrescente;Garoa/Chuvisco;Múltipla;Reta;Sim;4;0;2;0;2;2;0;2;-23,50015;-46,55975;SPRF-SP;DEL03/SP;UOP01-DEL03-SP
770735;10/05/2026;domingo;10:10:00;SP;153;30;NOVA GRANADA;Demais falhas mecânicas ou elétricas;Incêndio;Sem Vítimas;Pleno dia;Crescente;Nublado;Simples;"Aclive;Reta";Não;1;0;0;0;0;1;0;1;-20,51540196;-49,32350032;SPRF-SP;DEL09/SP;UOP01-DEL09-SP
770736;10/05/2026;domingo;10:20:00;MG;40;548,8;NOVA LIMA;Frear bruscamente;Colisão traseira;Com Vítimas Feridas;Pleno dia;Crescente;Sol;Dupla;"Aclive;Reta";Não;4;0;1;0;1;3;0;2;-20,0388535;-43,9680025;SPRF-MG;DEL01/MG;UOP02-DEL01-MG
770737;10/05/2026;domingo;08:30:00;MA;135;6;SAO LUIS;Acesso irregular;Colisão lateral mesmo sentido;Com Vítimas Feridas;Pleno dia;Decrescente;Chuva;Dupla;Reta;Sim;3;0;0;3;3;0;0;2;-2,63478;-44,26727;SPRF-MA;DEL01-MA;UOP01-DEL01-MA
770738;09/05/2026;sábado;21:00:00;PA;10;61,7;ULIANOPOLIS;Acumulo de areia ou detritos sobre o pavimento;Saída de leito carroçável;Com Vítimas Feridas;Plena Noite;Crescente;Chuva;Simples;"Declive;Reta";Não;4;0;3;1;4;0;0;1;-3,906053;-47,528122;SPRF-PA;DEL02/PA;UOP02-DEL02-PA
770740;10/05/2026;domingo;10:00:00;MG;146;439;CABO VERDE;Acessar a via sem observar a presença dos outros veículos;Colisão transversal;Com Vítimas Feridas;Pleno dia;Decrescente;Céu Claro;Simples;Reta;Não;3;0;2;0;2;1;0;2;-21,463177;-46,404914;SPRF-MG;DEL09/MG;UOP01-DEL09-MG
770741;10/05/2026;domingo;11:00:00;SP;116;511;CAJATI;Chuva;Capotamento;Com Vítimas Feridas;Pleno dia;Decrescente;Chuva;Simples;Curva;Não;1;0;1;0;1;0;0;1;-24,81540708;-48,20869446;SPRF-SP;DEL05/SP;UOP02-DEL05-SP
770742;10/05/2026;domingo;10:40:00;RS;116;323;BARRA DO RIBEIRO;Conversão proibida;Colisão lateral mesmo sentido;Sem Vítimas;Pleno dia;Crescente;Céu Claro;Dupla;Reta;Não;7;0;0;0;0;7;0;2;-30,32805731;-51,42217129;SPRF-RS;DEL02/RS;UOP01-DEL02-RS
770743;10/05/2026;domingo;10:58:00;RJ;493;0;ITABORAI;Avarias e/ou desgaste excessivo no pneu;Tombamento;Com Vítimas Feridas;Pleno dia;Crescente;Nublado;Simples;"Reta;Em Obras";Sim;2;0;2;0;2;0;0;1;-22,76926884;-42,92246745;SPRF-RJ;DEL02/RJ;UOP02-DEL02-RJ
770744;08/05/2026;sexta-feira;07:25:00;MG;381;726,8;CARMO DA CACHOEIRA;Reação tardia ou ineficiente do condutor;Colisão com objeto;Com Vítimas Feridas;Pleno dia;Decrescente;Céu Claro;Dupla;"Curva;Aclive";Não;2;0;1;0;1;1;0;1;-21,47906485;-45,20108923;SPRF-MG;DEL04/MG;UOP02-DEL04-MG
770745;10/05/2026;domingo;09:09:00;MT;70;206;GENERAL CARNEIRO;Neblina;Capotamento;Sem Vítimas;Pleno dia;Crescente;Nevoeiro/Neblina;Simples;Reta;Não;2;0;0;0;0;2;0;1;-15,7171;-53,767;SPRF-MT;DEL05/MT;UOP01-DEL05-MT
770747;10/05/2026;domingo;11:40:00;SC;282;196;BIGUACU;Condutor deixou de manter distância do veículo da frente;Colisão traseira;Com Vítimas Feridas;Pleno dia;Decrescente;Céu Claro;Dupla;Reta;Sim;3;0;1;0;1;1;0;2;-27,51091838;-48,64285195;SPRF-SC;DEL05/SC;UOP01-DEL05-SC
770749;10/05/2026;domingo;11:00:00;GO;60;273;JANDAIA;Acessar a via sem observar a presença dos outros veículos;Colisão com objeto;Com Vítimas Feridas;Pleno dia;Decrescente;Céu Claro;Dupla;Reta;Não;1;0;0;1;1;0;0;1;-17,216918;-50,173993;SPRF-GO;DEL01/GO;UOP02-DEL01-GO
770751;10/05/2026;domingo;12:40:00;MG;365;629;UBERLANDIA;Velocidade Incompatível;Colisão traseira;Com Vítimas Feridas;Pleno dia;Crescente;Céu Claro;Dupla;"Aclive;Reta";Não;4;0;3;0;3;1;0;2;-18,89991318;-48,36751771;SPRF-MG;DEL15/MG;UOP01-DEL15-MG