id;data_inversa;dia_semana;horario;uf;br;km;municipio;causa_acidente;tipo_acidente;classificacao_acidente;fase_dia;sentido_via;condicao_metereologica;tipo_pista;tracado_via;uso_solo;pessoas;mortos;feridos_leves;feridos_graves;feridos;ilesos;ignorados;veiculos;latitude;longitude;regional;delegacia;uop
770971;11/05/2026;segunda-feira;04:00:00;DF;251;10,5;BRASILIA;Neblina;Saída de leito carroçável;Com Vítimas Feridas;Plena Noite;Crescente;Nevoeiro/Neblina;Simples;Rotatória;Não;1;0;1;0;1;0;0;1;-15,96968;-47,58732;SPRF-DF;DEL01-DF;UOP01-DEL01-DF
770972;11/05/2026;segunda-feira;07:35:00;PE;101;186;PALMARES;Ausência de reação do condutor;Colisão traseira;Com Vítimas Feridas;Pleno dia;Decrescente;Céu Claro;Simples;Reta;Não;3;0;2;0;2;1;0;2;-8,683403;-35,580408;SPRF-PE;DEL01/PE;UOP03-DEL01-PE
770973;11/05/2026;segunda-feira;07:05:00;MG;381;712,5;CARMO DA CACHOEIRA;Reação tardia ou ineficiente do condutor;Colisão com objeto;Com Vítimas Feridas;Pleno dia;Crescente;Nublado;Dupla;Curva;Não;1;0;1;0;1;0;0;1;-21,37060494;-45,18874168;SPRF-MG;DEL04/MG;UOP02-DEL04-MG
770974;11/05/2026;segunda-feira;06:25:00;PI;343;265,5;CAMPO MAIOR;Manobra de mudança de faixa;Colisão transversal;Com Vítimas Feridas;Pleno dia;Decrescente;Sol;Simples;Reta;Sim;2;0;0;1;1;1;0;2;-4,8386277;-42,1713578;SPRF-PI;DEL01-PI;UOP03-DEL01-PI
770975;03/05/2026;domingo;05:00:00;PR;376;488;PONTA GROSSA;Ausência de reação do condutor;Saída de leito carroçável;Sem Vítimas;Amanhecer;Crescente;Nevoeiro/Neblina;Dupla;Reta;Sim;1;0;0;0;0;1;0;1;-25,08575;-50,192557;SPRF-PR;DEL03/PR;UOP03-DEL03-PR
770976;11/05/2026;segunda-feira;07:48:00;RS;158;327;SANTA MARIA;Manobra de mudança de faixa;Colisão transversal;Com Vítimas Feridas;Pleno dia;Decrescente;Céu Claro;Múltipla;"Reta;Retorno Regulamentado";Não;2;0;1;0;1;1;0;2;-29,71050336;-53,82106662;SPRF-RS;DEL09/RS;UOP01-DEL09-RS
770980;11/05/2026;segunda-feira;06:50:00;PB;230;38;SANTA RITA;Demais falhas mecânicas ou elétricas;Colisão lateral mesmo sentido;Sem Vítimas;Pleno dia;Decrescente;Céu Claro;Dupla;Reta;Não;2;0;0;0;0;2;0;2;-7,133688;-34,960973;SPRF-PB;DEL01-PB;UOP02-DEL01-PB
770981;11/05/2026;segunda-feira;06:10:00;RJ;101;304;SAO GONCALO;Manobra de mudança de faixa;Colisão lateral mesmo sentido;Com Vítimas Feridas;Pleno dia;Crescente;Garoa/Chuvisco;Dupla;Reta;Não;2;0;1;0;1;1;0;2;-22,78559118;-42,98690289;SPRF-RJ;DEL02/RJ;UOP02-DEL02-RJ
770983;11/05/2026;segunda-feira;08:30:00;RJ;101;267;RIO BONITO;Chuva;Queda de ocupante de veículo;Com Vítimas Feridas;Pleno dia;Crescente;Chuva;Dupla;Reta;Sim;1;0;1;0;1;0;0;1;-22,70670726;-42,65515157;SPRF-RJ;DEL02/RJ;UOP03-DEL02-RJ
770985;11/05/2026;segunda-feira;06:30:00;MS;163;478;CAMPO GRANDE;Acumulo de areia ou detritos sobre o pavimento;Tombamento;Com Vítimas Feridas;Amanhecer;Crescente;Céu Claro;Simples;Reta;Não;1;0;0;1;1;0;0;1;-20,49297874;-54,55901591;SPRF-MS;DEL01/MS;UOP01-DEL01-MS
770986;11/05/2026;segunda-feira;08:06:00;PE;232;51;VITORIA DE SANTO ANTAO;Acessar a via sem observar a presença dos outros veículos;Colisão lateral mesmo sentido;Com Vítimas Feridas;Pleno dia;Decrescente;Céu Claro;Dupla;Reta;Não;2;0;1;0;1;1;0;2;-8,14332947;-35,31783867;SPRF-PE;DEL02/PE;UOP02-DEL02PE
770987;11/05/2026;segunda-feira;07:36:00;RO;364;197,4;PIMENTA BUENO;Acessar a via sem observar a presença dos outros veículos;Colisão transversal;Com Vítimas Feridas;Pleno dia;Decrescente;Céu Claro;Simples;"Interseção de Vias;Rotatória";Sim;3;0;1;0;1;1;0;3;-11,67076319;-61,19147319;SPRF-RO;DEL02-RO;UOP02-DEL02-RO
770988;11/05/2026;segunda-feira;07:30:00;PR;376;616;SAO JOSE DOS PINHAIS;Condutor deixou de manter distância do veículo da frente;Colisão traseira;Com Vítimas Feridas;Pleno dia;Decrescente;Céu Claro;Múltipla;"Declive;Reta";Sim;3;0;1;0;1;1;0;3;-25,584343;-49,175655;SPRF-PR;DEL01/PR;UOP04-DEL01-PR
770989;11/05/2026;segunda-feira;09:00:00;RJ;101;279;ITABORAI;Velocidade Incompatível;Colisão traseira;Com Vítimas Feridas;Pleno dia;Crescente;Garoa/Chuvisco;Dupla;Reta;Não;3;0;1;0;1;2;0;2;-22,73819;-42,774748;SPRF-RJ;DEL02/RJ;UOP03-DEL02-RJ
770990;11/05/2026;segunda-feira;09:00:00;SC;101;228,1;PALHOCA;Objeto estático sobre o leito carroçável;Colisão com objeto;Com Vítimas Feridas;Pleno dia;Crescente;Céu Claro;Dupla;Curva;Não;3;0;1;0;1;2;0;2;-27,7589;-48,6311;SPRF-SC;DEL01/SC;UOP02-DEL01-SC
770992;11/05/2026;segunda-feira;08:35:00;CE;222;313;TIANGUA;Condutor desrespeitou a iluminação vermelha do semáforo;Colisão traseira;Com Vítimas Feridas;Pleno dia;Decrescente;Nublado;Múltipla;"Viaduto;Interseção de Vias;Reta";Sim;2;0;1;0;1;1;0;2;-3,73368742;-41,00216243;SPRF-CE;DEL04/CE;UOP02-DEL04-CE
770994;11/05/2026;segunda-feira;09:30:00;BA;135;184,1;BARREIRAS;Acessar a via sem observar a presença dos outros veículos;Colisão transversal;Com Vítimas Feridas;Pleno dia;Crescente;Sol;Simples;Reta;Não;4;0;1;1;2;2;0;2;-12,18541789;-45,01175579;SPRF-BA;DEL10/BA;UOP01-DEL10-BA
770995;11/05/2026;segunda-feira;06:45:00;MG;50;10;UBERLANDIA;Ausência de reação do condutor;Queda de ocupante de veículo;Com Vítimas Feridas;Amanhecer;Crescente;Nublado;Dupla;Reta;Não;2;0;1;0;1;0;0;1;-18,86737951;-48,21290553;SPRF-MG;DEL15/MG;UOP01-DEL15-MG
770996;11/05/2026;segunda-feira;09:00:00;MG;365;603;UBERLANDIA;Ausência de reação do condutor;Saída de leito carroçável;Com Vítimas Feridas;Pleno dia;Crescente;Céu Claro;Dupla;Reta;Não;1;0;1;0;1;0;0;1;-18,89285194;-48,1405863;SPRF-MG;DEL15/MG;UOP01-DEL15-MG
770999;11/05/2026;segunda-feira;08:52:00;MG;40;283,8;TRES MARIAS;Reação tardia ou ineficiente do condutor;Colisão com objeto;Sem Vítimas;Pleno dia;Crescente;Céu Claro;Simples;Reta;Não;1;0;0;0;0;1;0;1;-18,249258;-45,176828;SPRF-MG;DEL14/MG;UOP02-DEL14-MG
771000;10/05/2026;domingo;21:20:00;MS;267;481;JARDIM;Conversão proibida;Colisão frontal;Sem Vítimas;Plena Noite;Crescente;Céu Claro;Simples;Reta;Sim;3;0;0;0;0;3;0;2;-21,480443;-56,1400088;SPRF-MS;DEL05/MS;UOP01-DEL05-MS
771002;11/05/2026;segunda-feira;09:45:00;SC;282;3;FLORIANOPOLIS;Manobra de mudança de faixa;Queda de ocupante de veículo;Com Vítimas Feridas;Pleno dia;Decrescente;Sol;Múltipla;Reta;Sim;1;0;1;0;1;0;0;1;-27,60012785;-48,59984636;SPRF-SC;DEL01/SC;UOP01-DEL01-SC
771003;11/05/2026;segunda-feira;09:40:00;PR;277;76;SAO JOSE DOS PINHAIS;Ausência de reação do condutor;Saída de leito carroçável;Com Vítimas Feridas;Pleno dia;Crescente;Céu Claro;Simples;Reta;Sim;1;0;1;0;1;0;0;1;-25,49;-49,175;SPRF-PR;DEL01/PR;UOP08-DEL01-PR
771004;11/05/2026;segunda-feira;08:20:00;RJ;101;144;MACAE;Acumulo de água sobre o pavimento;Saída de leito carroçável;Com Vítimas Feridas;Pleno dia;Crescente;Chuva;Dupla;Curva;Não;1;0;1;0;1;0;0;1;-22,210028;-41,754611;SPRF-RJ;DEL08/RJ;UOP04-DEL08-RJ
771008;11/05/2026;segunda-feira;07:45:00;RO;364;385;OURO PRETO DO OESTE;Acessar a via sem observar a presença dos outros veículos;Colisão transversal;Com Vítimas Feridas;Pleno dia;Crescente;Céu Claro;Simples;Reta;Sim;2;0;0;1;1;1;0;2;-10,70130819;-62,2623203;SPRF-RO;DEL02-RO;UOP01-DEL02-RO
771010;11/05/2026;segunda-feira;08:49:00;MS;262;143;AGUA CLARA;Acessar a via sem observar a presença dos outros veículos;Colisão transversal;Com Vítimas Feridas;Pleno dia;Crescente;Céu Claro;Simples;Reta;Sim;2;0;1;0;1;1;0;2;-20,445448;-52,874308;SPRF-MS;DEL07/MS;UOP02-DEL07-MS
771011;11/05/2026;segunda-feira;10:45:00;SC;101;209;SAO JOSE;Frear bruscamente;Colisão traseira;Com Vítimas Feridas;Pleno dia;Crescente;Céu Claro;Múltipla;Reta;Sim;2;0;1;0;1;1;0;2;-27,60930692;-48,63843648;SPRF-SC;DEL01/SC;UOP01-DEL01-SC
771012;11/05/2026;segunda-feira;10:20:00;BA;242;402;SEABRA;Ausência de reação do condutor;Saída de leito carroçável;Com Vítimas Feridas;Pleno dia;Decrescente;Céu Claro;Simples;"Curva;Aclive";Não;1;0;0;1;1;0;0;1;-12,470645;-41,694873;SPRF-BA;DEL06/BA;UOP01-DEL06-BA
771014;11/05/2026;segunda-feira;10:45:00;RJ;40;58;PETROPOLIS;Acessar a via sem observar a presença dos outros veículos;Colisão traseira;Com Vítimas Feridas;Pleno dia;Crescente;Chuva;Simples;Reta;Sim;4;0;1;0;1;3;0;2;-22,38140558;-43,13349277;SPRF-RJ;DEL05/RJ;UOP02-DEL05-RJ
771015;11/05/2026;segunda-feira;08:50:00;RO;421;11;ARIQUEMES;Acessar a via sem observar a presença dos outros veículos;Colisão transversal;Com Vítimas Feridas;Pleno dia;Decrescente;Céu Claro;Simples;Reta;Não;2;0;1;0;1;1;0;2;-9,98082932;-63,13445663;SPRF-RO;DEL03-RO;UOP01-DEL03-RO
771018;24/03/2026;terça-feira;13:15:00;RJ;356;154;CAMPOS DOS GOYTACAZES;Ultrapassagem Indevida;Colisão frontal;Com Vítimas Feridas;Pleno dia;Decrescente;Céu Claro;Simples;Reta;Não;2;0;1;0;1;1;0;2;-21,756991;-41,240842;SPRF-RJ;DEL08/RJ;UOP02-DEL08-RJ
771019;11/05/2026;segunda-feira;11:45:00;SP;116;134;SAO JOSE DOS CAMPOS;Demais falhas mecânicas ou elétricas;Tombamento;Com Vítimas Feridas;Pleno dia;Crescente;Sol;Dupla;Reta;Não;2;0;2;0;2;0;0;1;-23,13871488;-45,75913341;SPRF-SP;DEL02/SP;UOP02-DEL02-SP
771020;11/05/2026;segunda-feira;10:30:00;SE;101;24;MALHADA DOS BOIS;Condutor deixou de manter distância do veículo da frente;Saída de leito carroçável;Com Vítimas Feridas;Pleno dia;Decrescente;Céu Claro;Dupla;Reta;Não;1;0;1;0;1;0;0;1;-10,39101902;-36,91577268;SPRF-SE;DEL02-SE;UOP02-DEL02-SE
771022;11/05/2026;segunda-feira;10:00:00;PR;373;433,7;CHOPINZINHO;Ausência de reação do condutor;Colisão traseira;Com Vítimas Feridas;Pleno dia;Decrescente;Céu Claro;Simples;Reta;Não;3;0;1;0;1;2;0;2;-25,80004573;-52,27612495;SPRF-PR;DEL02/PR;UOP01-DEL02-PR
771024;11/05/2026;segunda-feira;09:05:00;RJ;101;519;ANGRA DOS REIS;Pista Escorregadia;Colisão transversal;Com Vítimas Feridas;Pleno dia;Crescente;Chuva;Simples;Curva;Não;4;0;1;2;3;1;0;2;-23,00967529;-44,45115566;SPRF-RJ;DEL03/RJ;UOP03-DEL03-RJ
771030;11/05/2026;segunda-feira;10:15:00;MG;262;404,4;PARA DE MINAS;Velocidade Incompatível;Saída de leito carroçável;Com Vítimas Feridas;Pleno dia;Crescente;Céu Claro;Dupla;Curva;Não;1;0;1;0;1;0;0;1;-19,88460574;-44,61718083;SPRF-MG;DEL01/MG;UOP03-DEL01-MG
771031;11/05/2026;segunda-feira;12:50:00;PB;101;83,1;BAYEUX;Condutor deixou de manter distância do veículo da frente;Colisão traseira;Com Vítimas Feridas;Pleno dia;Decrescente;Céu Claro;Dupla;Reta;Sim;3;0;2;0;2;0;0;2;-7,134092;-34,92912;SPRF-PB;DEL01-PB;UOP01-DEL01-PB
771032;11/05/2026;segunda-feira;12:55:00;RJ;101;81,4;CAMPOS DOS GOYTACAZES;Pista Escorregadia;Colisão frontal;Com Vítimas Feridas;Pleno dia;Crescente;Garoa/Chuvisco;Simples;Curva;Não;4;0;2;2;4;0;0;2;-21,830708;-41,452892;SPRF-RJ;DEL08/RJ;UOP02-DEL08-RJ
771033;25/04/2026;sábado;09:25:00;SC;470;93,7;APIUNA;Manobra de mudança de faixa;Colisão lateral mesmo sentido;Com Vítimas Feridas;Pleno dia;Decrescente;Céu Claro;Simples;Reta;Não;3;0;0;1;1;0;0;3;-27,00125789;-49,37515195;SPRF-SC;DEL04/SC;UOP01-DEL04-SC
771035;11/05/2026;segunda-feira;12:20:00;MG;381;656;SANTO ANTONIO DO AMPARO;Velocidade Incompatível;Queda de ocupante de veículo;Com Vítimas Feridas;Pleno dia;Crescente;Chuva;Dupla;"Curva;Declive";Não;1;0;1;0;1;0;0;1;-20,98758456;-44,94871013;SPRF-MG;DEL04/MG;UOP02-DEL04-MG
771036;11/05/2026;segunda-feira;13:00:00;DF;20;4,8;BRASILIA;Ausência de reação do condutor;Colisão transversal;Com Vítimas Feridas;Pleno dia;Decrescente;Céu Claro;Dupla;"Aclive;Reta";Sim;3;0;1;0;1;1;0;3;-15,6722134;-47,81891584;SPRF-DF;DEL02-DF;UOP01-DEL02-DF
771040;11/05/2026;segunda-feira;12:47:00;MS;163;464,4;CAMPO GRANDE;Ausência de reação do condutor;Saída de leito carroçável;Com Vítimas Feridas;Pleno dia;Crescente;Céu Claro;Simples;"Aclive;Reta";Não;1;0;1;0;1;0;0;1;-20,601624;-54,578793;SPRF-MS;DEL01/MS;UOP01-DEL01-MS
771043;11/05/2026;segunda-feira;14:20:00;SC;101;238;PALHOCA;Ausência de reação do condutor;Colisão lateral mesmo sentido;Com Vítimas Feridas;Pleno dia;Crescente;Céu Claro;Múltipla;Reta;Sim;2;0;1;0;1;1;0;2;-27,849242;-48,638733;SPRF-SC;DEL01/SC;UOP02-DEL01-SC
771044;11/05/2026;segunda-feira;14:03:00;PB;230;22;JOAO PESSOA;Acostamento em desnível;Tombamento;Com Vítimas Feridas;Pleno dia;Crescente;Céu Claro;Dupla;Reta;Não;2;0;1;1;2;0;0;1;-7,14150645;-34,85194869;SPRF-PB;DEL01-PB;UOP01-DEL01-PB
771045;11/05/2026;segunda-feira;13:20:00;RJ;356;74,7;ITALVA;Acessar a via sem observar a presença dos outros veículos;Colisão transversal;Com Vítimas Feridas;Pleno dia;Crescente;Céu Claro;Simples;Reta;Não;2;0;1;0;1;1;0;2;-21,42038;-41,6916;SPRF-RJ;DEL08/RJ;UOP03-DEL08-RJ
771046;20/03/2026;sexta-feira;10:00:00;PA;163;310;NOVO PROGRESSO;Acesso irregular;Colisão lateral mesmo sentido;Sem Vítimas;Pleno dia;Crescente;Ignorado;Simples;Reta;Não;2;0;0;0;0;0;1;2;-7,04437418;-55,41303126;SPRF-PA;DEL05/PA;UOP03-DEL05-PA
771047;11/05/2026;segunda-feira;14:00:00;ES;262;104,1;VENDA NOVA DO IMIGRANTE;Ausência de reação do condutor;Colisão traseira;Com Vítimas Feridas;Pleno dia;Crescente;Nublado;Múltipla;Reta;Sim;3;0;1;0;1;1;0;3;-20,3319212;-41,12989426;SPRF-ES;DEL01-ES;UOP02-DEL01-ES
771049;11/05/2026;segunda-feira;13:50:00;PR;277;75;SAO JOSE DOS PINHAIS;Condutor deixou de manter distância do veículo da frente;Colisão traseira;Com Vítimas Feridas;Pleno dia;Crescente;Céu Claro;Dupla;Reta;Não;2;0;1;0;1;1;0;2;-25,49169556;-49,1723555;SPRF-PR;DEL01/PR;UOP08-DEL01-PR
771052;11/05/2026;segunda-feira;14:05:00;SC;282;32,9;AGUAS MORNAS;Condutor Dormindo;Colisão frontal;Com Vítimas Feridas;Pleno dia;Crescente;Céu Claro;Simples;"Reta;Declive";Não;4;0;3;0;3;1;0;2;-27,7047;-48,81192;SPRF-SC;DEL01/SC;UOP03-DEL01-SC
771053;11/05/2026;segunda-feira;13:21:00;AC;364;124;RIO BRANCO;Manobra de mudança de faixa;Colisão lateral mesmo sentido;Com Vítimas Feridas;Pleno dia;Crescente;Céu Claro;Dupla;Reta;Sim;3;0;1;0;1;2;0;2;-10,01147761;-67,7964455;SPRF-AC;DEL01-AC;UOP01-DEL01-AC
771054;11/05/2026;segunda-feira;15:50:00;RJ;116;303;RESENDE;Velocidade Incompatível;Colisão traseira;Com Vítimas Feridas;Pleno dia;Decrescente;Garoa/Chuvisco;Dupla;Reta;Não;2;0;0;1;1;1;0;2;-22,45430246;-44,37359557;SPRF-RJ;DEL07/RJ;UOP02-DEL07-RJ
771055;11/05/2026;segunda-feira;16:05:00;SP;381;25;BRAGANCA PAULISTA;Pista esburacada;Tombamento;Com Vítimas Feridas;Pleno dia;Crescente;Nublado;Dupla;Reta;Sim;2;0;1;0;1;1;0;1;-23,01495712;-46,52472925;SPRF-SP;DEL03/SP;UOP02-DEL03-SP
771056;11/05/2026;segunda-feira;15:30:00;SC;282;538,8;CHAPECO;Demais falhas na via;Saída de leito carroçável;Com Vítimas Feridas;Pleno dia;Crescente;Céu Claro;Simples;Curva;Não;1;0;0;1;1;0;0;1;-26,991309;-52,686318;SPRF-SC;DEL07/SC;UOP01-DEL07-SC
771057;11/05/2026;segunda-feira;11:30:00;MT;0;0;SINOP;Afundamento ou ondulação no pavimento;Colisão com objeto;Sem Vítimas;Pleno dia;Não Informado;Céu Claro;Dupla;Reta;Sim;3;0;0;0;0;3;0;1;-11,982845;-55,5174095;SPRF-MT;DEL06/MT;N/A
771058;11/05/2026;segunda-feira;15:30:00;SC;282;5,6;SAO JOSE;Mal súbito do condutor;Colisão lateral mesmo sentido;Com Vítimas Feridas;Pleno dia;Crescente;Céu Claro;Dupla;Curva;Sim;3;0;1;0;1;2;0;2;-27,58455;-48,616992;SPRF-SC;DEL01/SC;UOP01-DEL01-SC
771059;11/05/2026;segunda-feira;11:10:00;RO;364;492;ARIQUEMES;Condutor deixou de manter distância do veículo da frente;Colisão traseira;Com Vítimas Feridas;Pleno dia;Decrescente;Sol;Simples;Reta;Não;2;0;1;0;1;1;0;2;-10,095173;-62,96366;SPRF-RO;DEL03-RO;UOP01-DEL03-RO
771060;11/05/2026;segunda-feira;16:30:00;AL;104;87,3;RIO LARGO;Acessar a via sem observar a presença dos outros veículos;Colisão lateral mesmo sentido;Com Vítimas Feridas;Pleno dia;Crescente;Céu Claro;Dupla;Reta;Sim;2;0;1;0;1;1;0;2;-9,475554;-35,821353;SPRF-AL;DEL01-AL;UOP01-DEL01-AL
771061;11/05/2026;segunda-feira;15:13:00;PI;343;591,9;FLORIANO;Reação tardia ou ineficiente do condutor;Colisão traseira;Com Vítimas Feridas;Pleno dia;Crescente;Céu Claro;Dupla;"Retorno Regulamentado;Reta";Sim;3;0;1;0;1;0;0;3;-6,777705;-43,031498;SPRF-PI;DEL03-PI;UOP01-DEL03-PI
771065;11/05/2026;segunda-feira;16:38:00;PB;230;12,1;CABEDELO;Acessar a via sem observar a presença dos outros veículos;Colisão transversal;Com Vítimas Feridas;Pleno dia;Crescente;Céu Claro;Simples;"Em Obras;Interseção de Vias;Viaduto";Sim;2;0;1;0;1;1;0;2;-7,07859826;-34,84946966;SPRF-PB;DEL01-PB;UOP01-DEL01-PB
771067;11/05/2026;segunda-feira;10:37:00;GO;60;95;ANAPOLIS;Mal súbito do condutor;Saída de leito carroçável;Com Vítimas Feridas;Pleno dia;Crescente;Sol;Dupla;Reta;Sim;1;0;1;0;1;0;0;1;-16,3627636;-48,93406248;SPRF-GO;DEL02/GO;UOP01-DEL02-GO
771068;11/05/2026;segunda-feira;13:20:00;MS;359;219,5;COXIM;Animais na Pista;Tombamento;Com Vítimas Feridas;Pleno dia;Crescente;Céu Claro;Simples;"Declive;Reta";Não;1;0;1;0;1;0;0;1;-18,47339991;-54,57007281;SPRF-MS;DEL06/MS;UOP01-DEL06-MS
771071;11/05/2026;segunda-feira;15:56:00;RN;101;84,5;NATAL;Condutor deixou de manter distância do veículo da frente;Colisão traseira;Com Vítimas Feridas;Pleno dia;Decrescente;Céu Claro;Dupla;"Reta;Aclive";Sim;3;0;1;1;2;1;0;2;-5,77569;-35,253562;SPRF-RN;DEL02-RN;UOP01-DEL02-RN
771072;11/05/2026;segunda-feira;15:50:00;ES;101;68;COLATINA;Ausência de reação do condutor;Colisão traseira;Com Vítimas Feridas;Pleno dia;Decrescente;Céu Claro;Simples;Reta;Não;2;0;1;0;1;1;0;2;-19,50496301;-40,74282853;SPRF-ES;DEL04-ES;UOP02-DEL04-ES
771073;11/05/2026;segunda-feira;17:10:00;SP;116;165;JACAREI;Demais falhas mecânicas ou elétricas;Tombamento;Com Vítimas Feridas;Pleno dia;Crescente;Céu Claro;Dupla;Reta;Não;1;0;1;0;1;0;0;1;-23,29646789;-46,00776243;SPRF-SP;DEL02/SP;UOP01-DEL02-SP
771075;21/01/2026;quarta-feira;18:02:00;RN;101;108;PARNAMIRIM;Ingestão de álcool pelo condutor;Atropelamento de Pedestre;Com Vítimas Fatais;Plena Noite;Decrescente;Céu Claro;Dupla;Reta;Não;2;1;0;0;0;1;0;2;-5,93045412;-35,26465666;SPRF-RN;DEL01-RN;UOP01-DEL01-RN
771077;03/05/2026;domingo;15:50:00;SC;101;400;MARACAJA;Objeto estático sobre o leito carroçável;Colisão com objeto;Sem Vítimas;Pleno dia;Decrescente;Céu Claro;Dupla;Reta;Não;2;0;0;0;0;2;0;1;-28,86233989;-49,44499969;SPRF-SC;DEL02/SC;UOP02-DEL02-SC
771079;11/05/2026;segunda-feira;17:10:00;ES;101;396,9;RIO NOVO DO SUL;Transitar no Acostamento;Colisão frontal;Com Vítimas Feridas;Pleno dia;Crescente;Nublado;Simples;Reta;Não;2;0;2;0;2;0;0;2;-20,87226;-40,94759;SPRF-ES;DEL03-ES;UOP02-DEL03-ES
771080;11/05/2026;segunda-feira;08:30:00;BA;324;526;FEIRA DE SANTANA;Condutor deixou de manter distância do veículo da frente;Engavetamento;Com Vítimas Feridas;Pleno dia;Crescente;Nublado;Dupla;Reta;Sim;4;0;0;1;1;3;0;3;-12,316486;-38,877152;SPRF-BA;DEL11/BA;UOP02-DEL11-BA
771081;11/05/2026;segunda-feira;17:10:00;PR;369;132,4;IBIPORA;Ausência de reação do condutor;Colisão traseira;Sem Vítimas;Pleno dia;Decrescente;Sol;Dupla;"Reta;Declive";Não;6;0;0;0;0;6;0;4;-23,26018018;-51,00346899;SPRF-PR;DEL07/PR;UOP01-DEL07-PR
771082;11/05/2026;segunda-feira;04:30:00;PR;163;314,2;TERRA ROXA;Declive acentuado;Saída de leito carroçável;Sem Vítimas;Plena Noite;Decrescente;Nublado;Simples;"Declive;Curva";Não;1;0;0;0;0;0;1;1;-24,35135465;-54,14868101;SPRF-PR;DEL06/PR;UOP02-DEL06-PR
771084;11/05/2026;segunda-feira;17:30:00;MA;230;402;BALSAS;Manobra de mudança de faixa;Colisão lateral mesmo sentido;Com Vítimas Feridas;Anoitecer;Decrescente;Nublado;Simples;Reta;Não;2;0;2;0;2;0;0;2;-7,51625734;-46,03501081;SPRF-MA;DEL05-MA;UOP01-DEL05-MA
771086;11/05/2026;segunda-feira;17:10:00;PR;376;178,4;MARINGA;Manobra de mudança de faixa;Colisão lateral mesmo sentido;Com Vítimas Feridas;Pleno dia;Decrescente;Céu Claro;Dupla;Reta;Sim;3;0;1;1;2;1;0;2;-23,41772696;-51,9174837;SPRF-PR;DEL09/PR;UOP01-DEL09-PR
771088;11/05/2026;segunda-feira;16:20:00;BA;324;536;AMELIA RODRIGUES;Acessar a via sem observar a presença dos outros veículos;Colisão transversal;Com Vítimas Feridas;Pleno dia;Decrescente;Céu Claro;Dupla;Reta;Sim;4;0;1;0;1;3;0;2;-12,37705;-38,802231;SPRF-BA;DEL11/BA;UOP02-DEL11-BA
771089;11/05/2026;segunda-feira;11:42:00;PI;343;63;BURITI DOS LOPES;Ausência de reação do condutor;Saída de leito carroçável;Com Vítimas Feridas;Pleno dia;Crescente;Céu Claro;Simples;Reta;Não;1;0;1;0;1;0;0;1;-3,27679;-41,778292;SPRF-PI;DEL05-PI;UOP01-DEL05-PI
771094;11/05/2026;segunda-feira;18:00:00;DF;40;3;BRASILIA;Ausência de reação do condutor;Colisão lateral mesmo sentido;Com Vítimas Feridas;Anoitecer;Crescente;Céu Claro;Dupla;Reta;Sim;2;0;1;0;1;1;0;2;-15,98950262;-47,98691718;SPRF-DF;DEL01-DF;UOP01-DEL01-DF
771095;11/05/2026;segunda-feira;14:40:00;PE;101;49;ABREU E LIMA;Reação tardia ou ineficiente do condutor;Colisão traseira;Com Vítimas Feridas;Pleno dia;Decrescente;Nublado;Múltipla;Aclive;Sim;2;0;1;0;1;1;0;2;-7,90298448;-34,90155665;SPRF-PE;DEL01/PE;UOP02-DEL01-PE
771096;11/05/2026;segunda-feira;17:45:00;BA;324;513;FEIRA DE SANTANA;Pedestre cruzava a pista fora da faixa;Atropelamento de Pedestre;Com Vítimas Feridas;Anoitecer;Decrescente;Céu Claro;Simples;Reta;Sim;2;0;0;1;1;1;0;2;-12,23147;-38,96002;SPRF-BA;DEL02/BA;UOP01-DEL02-BA
771097;11/05/2026;segunda-feira;18:00:00;RS;285;566;SAO LUIZ GONZAGA;Acessar a via sem observar a presença dos outros veículos;Colisão transversal;Com Vítimas Feridas;Anoitecer;Decrescente;Céu Claro;Simples;"Declive;Reta";Sim;2;0;1;0;1;1;0;2;-28,41943291;-54,95079009;SPRF-RS;DEL10/RS;UOP01-DEL10-RS
771100;11/05/2026;segunda-feira;17:00:00;MG;262;442,4;NOVA SERRANA;Ultrapassagem Indevida;Tombamento;Com Vítimas Feridas;Pleno dia;Crescente;Sol;Simples;Reta;Não;1;0;0;1;1;0;0;1;-19,85628625;-45,0157392;SPRF-MG;DEL08/MG;UOP03-DEL08-MG
771102;11/05/2026;segunda-feira;09:30:00;BA;324;526,9;CONCEICAO DO JACUIPE;Trafegar com motocicleta (ou similar) entre as faixas;Colisão lateral mesmo sentido;Com Vítimas Feridas;Pleno dia;Decrescente;Céu Claro;Dupla;Reta;Sim;2;0;1;0;1;1;0;2;-12,36777295;-38,81544963;SPRF-BA;DEL11/BA;UOP02-DEL11-BA
771103;11/05/2026;segunda-feira;18:00:00;RJ;101;320;NITEROI;Reação tardia ou ineficiente do condutor;Colisão traseira;Com Vítimas Feridas;Plena Noite;Decrescente;Nublado;Dupla;Curva;Sim;2;0;1;0;1;1;0;2;-22,86630782;-43,10887098;SPRF-RJ;DEL02/RJ;UOP01-DEL02-RJ