id;data_inversa;dia_semana;horario;uf;br;km;municipio;causa_acidente;tipo_acidente;classificacao_acidente;fase_dia;sentido_via;condicao_metereologica;tipo_pista;tracado_via;uso_solo;pessoas;mortos;feridos_leves;feridos_graves;feridos;ilesos;ignorados;veiculos;latitude;longitude;regional;delegacia;uop
771870;15/05/2026;sexta-feira;08:30:00;RJ;356;26;ITAPERUNA;Ultrapassagem Indevida;Colisão lateral mesmo sentido;Com Vítimas Feridas;Pleno dia;Decrescente;Céu Claro;Simples;Reta;Não;5;0;2;0;2;3;0;2;-21,25825;-41,76883164;SPRF-RJ;DEL08/RJ;UOP03-DEL08-RJ
771871;15/05/2026;sexta-feira;14:20:00;RJ;101;322;NITEROI;Ausência de reação do condutor;Tombamento;Com Vítimas Feridas;Pleno dia;Crescente;Nublado;Simples;Reta;Não;1;0;1;0;1;0;0;1;-22,89164431;-43,06699634;SPRF-RJ;DEL02/RJ;UOP01-DEL02-RJ
771873;15/05/2026;sexta-feira;15:40:00;RJ;101;419;MANGARATIBA;Reação tardia ou ineficiente do condutor;Colisão com objeto;Com Vítimas Feridas;Pleno dia;Decrescente;Nublado;Simples;Aclive;Não;2;0;1;0;1;1;0;2;-22,91902304;-43,9219044;SPRF-RJ;DEL03/RJ;UOP02-DEL03-RJ
771874;15/05/2026;sexta-feira;13:15:00;SC;101;157,8;PORTO BELO;Reação tardia ou ineficiente do condutor;Colisão com objeto;Com Vítimas Feridas;Pleno dia;Decrescente;Céu Claro;Dupla;Reta;Sim;1;0;0;1;1;0;0;1;-27,19204453;-48,61244202;SPRF-SC;DEL04/SC;UOP03-DEL04-SC
771875;11/05/2026;segunda-feira;07:00:00;BA;116;419,3;FEIRA DE SANTANA;Condutor deixou de manter distância do veículo da frente;Colisão traseira;Com Vítimas Feridas;Pleno dia;Crescente;Nublado;Dupla;Reta;Sim;3;0;1;2;3;0;0;2;-12,19307;-38,96555;SPRF-BA;DEL02/BA;UOP01-DEL02-BA
771876;15/05/2026;sexta-feira;13:48:00;RO;364;236,8;CACOAL;Condutor deixou de manter distância do veículo da frente;Colisão traseira;Com Vítimas Feridas;Pleno dia;Crescente;Céu Claro;Simples;Reta;Sim;3;0;1;0;1;2;0;2;-11,443288;-61,446803;SPRF-RO;DEL02-RO;UOP02-DEL02-RO
771877;15/05/2026;sexta-feira;16:00:00;RJ;101;387;RIO DE JANEIRO;Demais falhas mecânicas ou elétricas;Incêndio;Sem Vítimas;Pleno dia;Decrescente;Céu Claro;Dupla;Reta;Não;1;0;0;0;0;1;0;1;-22,886643;-43,622194;SPRF-RJ;DEL03/RJ;UOP01-DEL03-RJ
771881;15/05/2026;sexta-feira;16:00:00;MA;135;5;SAO LUIS;Acessar a via sem observar a presença dos outros veículos;Colisão transversal;Com Vítimas Feridas;Pleno dia;Decrescente;Céu Claro;Dupla;Reta;Não;4;0;1;0;1;3;0;2;-2,62702;-44,26167;SPRF-MA;DEL01-MA;UOP01-DEL01-MA
771883;15/05/2026;sexta-feira;16:20:00;SC;470;54;BLUMENAU;Ultrapassagem Indevida;Colisão lateral mesmo sentido;Com Vítimas Feridas;Pleno dia;Crescente;Garoa/Chuvisco;Simples;Reta;Sim;4;0;1;0;1;3;0;2;-26,87177417;-49,11217896;SPRF-SC;DEL04/SC;UOP01-DEL04-SC
771884;15/05/2026;sexta-feira;16:50:00;MG;381;0;BETIM;Acessar a via sem observar a presença dos outros veículos;Colisão lateral mesmo sentido;Com Vítimas Feridas;Pleno dia;Decrescente;Céu Claro;Dupla;"Curva;Declive";Não;4;0;2;0;2;2;0;2;-19,959864;-44,154524;SPRF-MG;DEL01/MG;UOP03-DEL01-MG
771886;15/05/2026;sexta-feira;16:28:00;SP;116;217;GUARULHOS;Reação tardia ou ineficiente do condutor;Colisão traseira;Com Vítimas Feridas;Pleno dia;Decrescente;Garoa/Chuvisco;Múltipla;Reta;Sim;2;0;1;0;1;1;0;2;-23,4530273;-46,46858303;SPRF-SP;DEL01/SP;UOP01-DEL01-SP
771888;15/05/2026;sexta-feira;16:30:00;SP;101;46;UBATUBA;Reação tardia ou ineficiente do condutor;Tombamento;Com Vítimas Feridas;Pleno dia;Decrescente;Nublado;Simples;Reta;Sim;1;0;1;0;1;0;0;1;-23,4244729;-45,07531497;SPRF-SP;DEL06/SP;UOP01-DEL06-SP
771889;15/05/2026;sexta-feira;16:35:00;RS;153;48;ERECHIM;Acessar a via sem observar a presença dos outros veículos;Atropelamento de Pedestre;Com Vítimas Feridas;Pleno dia;Crescente;Nublado;Dupla;"Interseção de Vias;Viaduto";Sim;3;0;0;1;1;1;0;2;-27,64817906;-52,25387583;SPRF-RS;DEL08/RS;UOP04-DEL08-RS
771891;15/05/2026;sexta-feira;17:05:00;SP;153;57,3;SAO JOSE DO RIO PRETO;Avarias e/ou desgaste excessivo no pneu;Tombamento;Com Vítimas Feridas;Pleno dia;Decrescente;Nublado;Dupla;Declive;Sim;3;0;0;2;2;0;0;2;-20,777643;-49,35275;SPRF-SP;DEL09/SP;UOP01-DEL09-SP
771892;15/05/2026;sexta-feira;15:10:00;PR;153;394;MALLET;Velocidade Incompatível;Saída de leito carroçável;Com Vítimas Feridas;Pleno dia;Crescente;Chuva;Simples;Curva;Não;1;0;1;0;1;0;0;1;-25,90493861;-50,83648682;SPRF-PR;DEL08/PR;UOP02-DEL08-PR
771894;15/05/2026;sexta-feira;17:33:00;SC;280;60;GUARAMIRIM;Reação tardia ou ineficiente do condutor;Colisão traseira;Sem Vítimas;Anoitecer;Decrescente;Garoa/Chuvisco;Dupla;Reta;Sim;2;0;0;0;0;2;0;2;-26,4747395;-49,02861288;SPRF-SC;DEL03/SC;UOP03-DEL03-SC
771895;11/05/2026;segunda-feira;08:11:00;RN;101;93,4;NATAL;Conversão proibida;Colisão lateral mesmo sentido;Sem Vítimas;Pleno dia;Decrescente;Ignorado;Dupla;Reta;Sim;1;0;0;0;0;1;0;1;-5,82472197;-35,20936847;SPRF-RN;DEL01-RN;UOP01-DEL01-RN
771898;15/05/2026;sexta-feira;18:00:00;PR;476;114;COLOMBO;Acessar a via sem observar a presença dos outros veículos;Colisão frontal;Com Vítimas Feridas;Anoitecer;Decrescente;Garoa/Chuvisco;Simples;"Interseção de Vias;Reta";Não;2;0;2;0;2;0;0;2;-25,37623215;-49,19468308;SPRF-PR;DEL01/PR;UOP01-DEL01-PR
771900;15/05/2026;sexta-feira;17:35:00;MG;381;650,2;SANTO ANTONIO DO AMPARO;Acumulo de areia ou detritos sobre o pavimento;Tombamento;Com Vítimas Feridas;Anoitecer;Decrescente;Céu Claro;Dupla;"Interseção de Vias;Reta";Não;1;0;1;0;1;0;0;1;-20,95520733;-44,91341352;SPRF-MG;DEL04/MG;UOP02-DEL04-MG
771901;11/05/2026;segunda-feira;07:00:00;ES;393;0,9;CACHOEIRO DE ITAPEMIRIM;Reação tardia ou ineficiente do condutor;Colisão traseira;Com Vítimas Feridas;Pleno dia;Crescente;Céu Claro;Simples;Reta;Não;3;0;0;2;2;1;0;2;-20,83783364;-41,16589168;SPRF-ES;DEL03-ES;UOP02-DEL03-ES
771903;15/05/2026;sexta-feira;16:50:00;GO;40;4;VALPARAISO DE GOIAS;Reação tardia ou ineficiente do condutor;Colisão traseira;Com Vítimas Feridas;Pleno dia;Crescente;Chuva;Dupla;Reta;Sim;3;0;1;0;1;2;0;3;-16,075372;-47,985636;SPRF-DF;DEL01-DF;UOP01-DEL01-DF
771904;15/05/2026;sexta-feira;19:30:00;ES;101;137,2;LINHARES;Reação tardia ou ineficiente do condutor;Colisão traseira;Com Vítimas Feridas;Plena Noite;Decrescente;Nublado;Simples;Reta;Não;3;0;1;1;2;1;0;2;-19,29949707;-40,0846421;SPRF-ES;DEL04-ES;UOP01-DEL04-ES
771905;15/05/2026;sexta-feira;18:30:00;PR;277;731,2;FOZ DO IGUACU;Pedestre cruzava a pista fora da faixa;Colisão lateral mesmo sentido;Com Vítimas Feridas;Plena Noite;Crescente;Nublado;Simples;Curva;Sim;3;0;1;0;1;1;0;3;-25,50938541;-54,59408785;SPRF-PR;DEL05/PR;UOP03-DEL05-PR
771906;15/05/2026;sexta-feira;20:05:00;PR;116;124;CURITIBA;Manobra de mudança de faixa;Colisão lateral mesmo sentido;Com Vítimas Feridas;Plena Noite;Crescente;Nublado;Dupla;Reta;Sim;3;0;2;0;2;1;0;2;-25,61735;-49,3173333;SPRF-PR;DEL01/PR;UOP03-DEL01-PR
771907;15/05/2026;sexta-feira;17:30:00;BA;101;716;EUNAPOLIS;Área urbana sem a presença de local apropriado para a travessia de pedestres;Atropelamento de Pedestre;Com Vítimas Feridas;Anoitecer;Decrescente;Céu Claro;Dupla;"Reta;Declive;Interseção de Vias";Sim;3;0;0;1;1;1;0;2;-16,36166097;-39,58017826;SPRF-BA;DEL09/BA;UOP01-DEL09-BA
771908;15/05/2026;sexta-feira;19:45:00;PR;376;351;ORTIGUEIRA;Pedestre andava na pista;Atropelamento de Pedestre;Com Vítimas Fatais;Plena Noite;Decrescente;Chuva;Simples;Reta;Não;2;1;0;0;0;0;0;2;-24,238112;-50,915945;SPRF-PR;DEL07/PR;UOP02-DEL07-PR
771909;15/05/2026;sexta-feira;20:45:00;ES;101;147,4;LINHARES;Manobra de mudança de faixa;Colisão traseira;Com Vítimas Feridas;Plena Noite;Crescente;Céu Claro;Múltipla;Reta;Sim;4;0;2;0;2;2;0;2;-19,38296323;-40,06731812;SPRF-ES;DEL04-ES;UOP01-DEL04-ES
771910;15/05/2026;sexta-feira;21:00:00;RS;116;297;GUAIBA;Ingestão de álcool pelo condutor;Colisão lateral mesmo sentido;Com Vítimas Feridas;Plena Noite;Crescente;Céu Claro;Dupla;Reta;Sim;3;0;2;0;2;1;0;2;-30,09956675;-51,34322969;SPRF-RS;DEL02/RS;UOP01-DEL02-RS
771912;15/05/2026;sexta-feira;19:51:00;SP;116;175;GUARAREMA;Frear bruscamente;Engavetamento;Com Vítimas Feridas;Plena Noite;Crescente;Nublado;Dupla;"Reta;Declive";Sim;4;0;1;0;1;3;0;3;-23,32173015;-46,10862899;SPRF-SP;DEL02/SP;UOP01-DEL02-SP
771913;15/05/2026;sexta-feira;19:40:00;MG;116;244,3;TEOFILO OTONI;Reação tardia ou ineficiente do condutor;Atropelamento de Pedestre;Com Vítimas Feridas;Plena Noite;Crescente;Céu Claro;Simples;Reta;Sim;2;0;0;2;2;0;0;2;-17,59606;-41,49163;SPRF-MG;DEL11/MG;UOP01-DEL11-MG
771914;15/05/2026;sexta-feira;17:50:00;MT;163;828;SINOP;Ausência de reação do condutor;Queda de ocupante de veículo;Com Vítimas Feridas;Plena Noite;Crescente;Céu Claro;Simples;Reta;Sim;1;0;1;0;1;0;0;1;-11,92162336;-55,51097322;SPRF-MT;DEL06/MT;UOP02-DEL06-MT
771915;15/05/2026;sexta-feira;19:00:00;DF;20;19;BRASILIA;Velocidade Incompatível;Colisão traseira;Com Vítimas Feridas;Anoitecer;Crescente;Céu Claro;Dupla;"Declive;Reta";Sim;15;0;13;0;13;2;0;2;-15,61128223;-47,69867786;SPRF-DF;DEL02-DF;UOP01-DEL02-DF
771916;15/05/2026;sexta-feira;17:25:00;RJ;465;19;NOVA IGUACU;Conversão proibida;Colisão traseira;Com Vítimas Feridas;Plena Noite;Decrescente;Céu Claro;Simples;Reta;Sim;2;0;1;0;1;1;0;2;-22,841665;-43,608875;SPRF-RJ;DEL06/RJ;UOP02-DEL06-RJ
771917;15/05/2026;sexta-feira;21:20:00;SC;101;129,9;CAMBORIU;Ingestão de álcool pelo condutor;Saída de leito carroçável;Com Vítimas Feridas;Plena Noite;Crescente;Nublado;Dupla;Reta;Sim;1;0;1;0;1;0;0;1;-26,98334313;-48,67225528;SPRF-SC;DEL04/SC;UOP03-DEL04-SC
771918;15/05/2026;sexta-feira;20:01:00;GO;50;116;CRISTALINA;Velocidade Incompatível;Saída de leito carroçável;Com Vítimas Feridas;Plena Noite;Crescente;Céu Claro;Dupla;Curva;Não;1;0;1;0;1;0;0;1;-16,91188;-47,6862;SPRF-DF;DEL01-DF;UOP02-DEL01-DF
771919;15/05/2026;sexta-feira;17:20:00;CE;20;125,8;TAUA;Ultrapassagem Indevida;Colisão lateral sentido oposto;Com Vítimas Feridas;Pleno dia;Decrescente;Sol;Simples;Reta;Não;3;0;2;0;2;1;0;2;-5,674712;-40,126018;SPRF-CE;DEL02/CE;UOP02-DEL02-CE
771920;15/05/2026;sexta-feira;21:00:00;MA;135;95;ITAPECURU MIRIM;Reação tardia ou ineficiente do condutor;Colisão lateral mesmo sentido;Sem Vítimas;Plena Noite;Crescente;Céu Claro;Simples;Reta;Sim;2;0;0;0;0;2;0;2;-3,33016444;-44,44450068;SPRF-MA;DEL01-MA;UOP02-DEL01-MA
771921;15/05/2026;sexta-feira;22:20:00;RS;470;177,3;VERANOPOLIS;Desrespeitar a preferência no cruzamento;Colisão transversal;Com Vítimas Feridas;Plena Noite;Crescente;Céu Claro;Simples;"Reta;Interseção de Vias;Aclive";Sim;2;0;1;0;1;1;0;2;-28,93900698;-51,54528586;SPRF-RS;DEL06/RS;UOP02-DEL06-RS
771922;15/05/2026;sexta-feira;22:30:00;MG;381;410;CAETE;Ausência de reação do condutor;Tombamento;Com Vítimas Feridas;Plena Noite;Decrescente;Céu Claro;Dupla;"Curva;Em Obras";Não;1;0;0;1;1;0;0;1;-19,7376137;-43,6047445;SPRF-MG;DEL01/MG;UOP01-DEL01-MG
771926;15/05/2026;sexta-feira;20:40:00;PR;376;224;CAMBIRA;Conversão proibida;Saída de leito carroçável;Sem Vítimas;Plena Noite;Decrescente;Céu Claro;Dupla;Reta;Não;1;0;0;0;0;1;0;1;-23,59467838;-51,579301;SPRF-PR;DEL07/PR;UOP03-DEL07-PR
771927;15/05/2026;sexta-feira;20:20:00;RO;364;13;VILHENA;Frear bruscamente;Colisão transversal;Sem Vítimas;Plena Noite;Decrescente;Céu Claro;Dupla;"Rotatória;Interseção de Vias";Sim;4;0;0;0;0;4;0;2;-12,74330153;-60,12359512;SPRF-RO;DEL04-RO;UOP01-DEL04-RO
771928;15/05/2026;sexta-feira;17:10:00;SP;381;37;ATIBAIA;Condutor deixou de manter distância do veículo da frente;Engavetamento;Com Vítimas Feridas;Anoitecer;Crescente;Garoa/Chuvisco;Dupla;Reta;Sim;4;0;1;0;1;2;0;3;-23,10597827;-46,56913016;SPRF-SP;DEL03/SP;UOP01-DEL03-SP
771931;15/05/2026;sexta-feira;19:15:00;SP;381;59;MAIRIPORA;Pista Escorregadia;Colisão com objeto;Com Vítimas Feridas;Plena Noite;Decrescente;Chuva;Dupla;"Aclive;Curva";Não;3;0;1;0;1;2;0;2;-23,28918889;-46,58106246;SPRF-SP;DEL03/SP;UOP01-DEL03-SP
771932;15/05/2026;sexta-feira;14:20:00;MA;10;255;IMPERATRIZ;Acessar a via sem observar a presença dos outros veículos;Colisão transversal;Com Vítimas Feridas;Pleno dia;Decrescente;Céu Claro;Simples;Interseção de Vias;Sim;3;0;1;0;1;2;0;2;-5,50707;-47,47156;SPRF-MA;DEL04-MA;UOP01-DEL04-MA
771933;15/05/2026;sexta-feira;22:20:00;BA;116;476;SANTO ESTEVAO;Pedestre cruzava a pista fora da faixa;Atropelamento de Pedestre;Com Vítimas Fatais;Plena Noite;Decrescente;Céu Claro;Dupla;Reta;Não;2;1;0;0;0;1;0;2;-12,50927;-39,36898;SPRF-BA;DEL02/BA;UOP01-DEL02-BA
771935;15/05/2026;sexta-feira;20:05:00;MG;116;526,7;CARATINGA;Acessar a via sem observar a presença dos outros veículos;Colisão lateral mesmo sentido;Com Vítimas Feridas;Plena Noite;Decrescente;Céu Claro;Múltipla;"Reta;Aclive";Sim;2;0;1;1;2;0;0;2;-19,7878961;-42,13548571;SPRF-MG;DEL06/MG;UOP02-DEL06-MG
771936;15/05/2026;sexta-feira;21:00:00;MG;50;60;UBERLANDIA;Ingestão de álcool pelo condutor;Saída de leito carroçável;Sem Vítimas;Plena Noite;Decrescente;Céu Claro;Dupla;Reta;Não;1;0;0;0;0;1;0;1;-18,81117419;-48,24654579;SPRF-MG;DEL15/MG;UOP02-DEL15-MG
771939;15/05/2026;sexta-feira;22:15:00;RS;290;32;SANTO ANTONIO DA PATRULHA;Reação tardia ou ineficiente do condutor;Colisão lateral mesmo sentido;Com Vítimas Feridas;Plena Noite;Crescente;Céu Claro;Dupla;Reta;Não;3;0;1;0;1;2;0;1;-29,8841136;-50,55599213;SPRF-RS;DEL03/RS;UOP01-DEL03-RS
771940;15/05/2026;sexta-feira;17:00:00;MG;381;244;SANTANA DO PARAISO;Ausência de reação do condutor;Colisão traseira;Com Vítimas Feridas;Anoitecer;Crescente;Céu Claro;Simples;Reta;Não;3;0;2;1;3;0;0;3;-19,451347;-42,518292;SPRF-MG;DEL06/MG;UOP01-DEL06-MG
771941;15/05/2026;sexta-feira;19:15:00;RO;364;240,6;CACOAL;Ultrapassagem Indevida;Colisão lateral mesmo sentido;Com Vítimas Fatais;Plena Noite;Decrescente;Céu Claro;Simples;Reta;Não;2;1;0;1;1;0;0;2;-11,43898476;-61,47575855;SPRF-RO;DEL02-RO;UOP02-DEL02-RO
771943;15/05/2026;sexta-feira;19:30:00;MT;364;17;ALTO ARAGUAIA;Sinalização mal posicionada;Saída de leito carroçável;Com Vítimas Feridas;Pleno dia;Decrescente;Céu Claro;Simples;Rotatória;Não;5;0;5;0;5;0;0;1;-17,23344801;-53,32231522;SPRF-MT;DEL02/MT;UOP02-DEL02-MT
771944;15/05/2026;sexta-feira;23:25:00;CE;222;62;SAO GONCALO DO AMARANTE;Ingestão de álcool pelo condutor;Colisão frontal;Sem Vítimas;Plena Noite;Decrescente;Nublado;Simples;Reta;Sim;2;0;0;0;0;1;0;2;-3,67208;-39,11658;SPRF-CE;DEL01/CE;UOP03-DEL01-CE
771945;15/05/2026;sexta-feira;19:20:00;RO;364;14,1;VILHENA;Acessar a via sem observar a presença dos outros veículos;Colisão transversal;Com Vítimas Feridas;Plena Noite;Decrescente;Céu Claro;Simples;"Rotatória;Reta";Sim;2;0;0;1;1;1;0;2;-12,739263;-60,13949;SPRF-RO;DEL04-RO;UOP01-DEL04-RO
771947;16/05/2026;sábado;00:10:00;SC;101;222,8;PALHOCA;Ausência de reação do condutor;Colisão traseira;Com Vítimas Feridas;Plena Noite;Decrescente;Céu Claro;Múltipla;Reta;Não;2;0;1;0;1;1;0;2;-27,7134;-48,65009;SPRF-SC;DEL01/SC;UOP02-DEL01-SC
771948;15/05/2026;sexta-feira;23:50:00;RS;116;247,5;SAO LEOPOLDO;Velocidade Incompatível;Colisão com objeto;Com Vítimas Feridas;Plena Noite;Crescente;Nublado;Dupla;Curva;Sim;1;0;0;1;1;0;0;1;-29,77016507;-51,15358679;SPRF-RS;DEL01/RS;UOP02-DEL01-RS
771950;16/05/2026;sábado;01:20:00;RS;116;150,6;CAXIAS DO SUL;Ingestão de álcool pelo condutor;Colisão com objeto;Sem Vítimas;Plena Noite;Decrescente;Céu Claro;Dupla;"Viaduto;Reta;Aclive;Interseção de Vias";Sim;1;0;0;0;0;1;0;1;-29,17461;-51,1611;SPRF-RS;DEL05/RS;UOP01-DEL05-RS
771951;15/05/2026;sexta-feira;17:30:00;MT;163;11,6;ITIQUIRA;Ausência de reação do condutor;Saída de leito carroçável;Com Vítimas Feridas;Anoitecer;Crescente;Céu Claro;Dupla;Declive;Não;2;0;2;0;2;0;0;1;-17,416603;-54,752887;SPRF-MT;DEL02/MT;UOP03-DEL02-MT
771952;16/05/2026;sábado;01:30:00;PR;277;65,1;SAO JOSE DOS PINHAIS;Ingestão de álcool pelo condutor;Saída de leito carroçável;Sem Vítimas;Plena Noite;Decrescente;Nublado;Dupla;Reta;Não;1;0;0;0;0;1;0;1;-25,53223622;-49,08223026;SPRF-PR;DEL01/PR;UOP01-DEL01-PR
771953;16/05/2026;sábado;01:25:00;PA;230;15;ALTAMIRA;Condutor Dormindo;Queda de ocupante de veículo;Com Vítimas Feridas;Plena Noite;Crescente;Nublado;Simples;Reta;Sim;1;0;1;0;1;0;0;1;-3,21684145;-52,24384725;SPRF-PA;DEL03/PA;UOP01-DEL03-PA
771954;15/05/2026;sexta-feira;17:56:00;PE;408;74,6;PAUDALHO;Entrada inopinada do pedestre;Atropelamento de Pedestre;Com Vítimas Fatais;Plena Noite;Decrescente;Nublado;Dupla;Reta;Sim;2;1;0;1;1;0;0;2;-7,94227;-35,12238;SPRF-PE;DEL01/PE;UOP01-DEL01-PE
771955;15/05/2026;sexta-feira;20:00:00;RS;116;270;PORTO ALEGRE;Pedestre cruzava a pista fora da faixa;Atropelamento de Pedestre;Com Vítimas Feridas;Plena Noite;Decrescente;Nublado;Múltipla;Reta;Sim;3;0;0;1;1;2;0;3;-29,96984111;-51,17637634;SPRF-RS;DEL01/RS;UOP01-DEL01-RS
771956;16/05/2026;sábado;00:35:00;SC;101;459,5;PASSO DE TORRES;Condutor Dormindo;Saída de leito carroçável;Com Vítimas Feridas;Plena Noite;Decrescente;Nublado;Dupla;Curva;Não;3;0;2;1;3;0;0;1;-29,254983;-49,755527;SPRF-RS;DEL03/RS;UOP02-DEL03-RS
771959;01/05/2026;sexta-feira;11:00:00;RJ;116;175;SAO JOAO DE MERITI;Acessar a via sem observar a presença dos outros veículos;Colisão traseira;Com Vítimas Feridas;Pleno dia;Crescente;Céu Claro;Dupla;Reta;Sim;3;0;2;0;2;1;0;2;-22,78260049;-43,3858436;SPRF-RJ;DEL06/RJ;UOP01-DEL06-RJ
771960;16/05/2026;sábado;03:30:00;GO;153;506;APARECIDA DE GOIANIA;Reação tardia ou ineficiente do condutor;Colisão com objeto;Com Vítimas Feridas;Plena Noite;Crescente;Céu Claro;Múltipla;Aclive;Sim;1;0;0;1;1;0;0;1;-16,75911;-49,240332;SPRF-GO;DEL01/GO;UOP01-DEL01-GO
771961;15/05/2026;sexta-feira;17:00:00;RJ;101;67,8;CAMPOS DOS GOYTACAZES;Acessar a via sem observar a presença dos outros veículos;Atropelamento de Pedestre;Com Vítimas Feridas;Pleno dia;Crescente;Céu Claro;Simples;Reta;Não;4;0;0;1;1;3;0;2;-21,771181;-41,355878;SPRF-RJ;DEL08/RJ;UOP02-DEL08-RJ
771962;16/05/2026;sábado;03:20:00;SC;282;533;CORDILHEIRA ALTA;Ingestão de álcool pelo condutor;Saída de leito carroçável;Com Vítimas Feridas;Plena Noite;Crescente;Nevoeiro/Neblina;Múltipla;"Curva;Aclive";Não;1;0;1;0;1;0;0;1;-26,99486828;-52,62720156;SPRF-SC;DEL07/SC;UOP01-DEL07-SC
771963;16/05/2026;sábado;03:50:00;RS;392;350,6;SANTA MARIA;Ingestão de álcool pelo condutor;Colisão traseira;Sem Vítimas;Plena Noite;Crescente;Nublado;Simples;"Interseção de Vias;Em Obras";Sim;4;0;0;0;0;4;0;2;-29,734891;-53,7989413;SPRF-RS;DEL09/RS;UOP01-DEL09-RS
771964;16/05/2026;sábado;01:30:00;RJ;40;91;PETROPOLIS;Reação tardia ou ineficiente do condutor;Colisão com objeto;Sem Vítimas;Plena Noite;Crescente;Garoa/Chuvisco;Dupla;"Curva;Declive";Não;2;0;0;0;0;2;0;1;-22,54972245;-43,24440747;SPRF-RJ;DEL01/RJ;UOP01-DEL01-RJ
771966;16/05/2026;sábado;03:35:00;SP;381;61,9;MAIRIPORA;Ingestão de álcool pelo condutor;Colisão com objeto;Com Vítimas Feridas;Plena Noite;Crescente;Nublado;Dupla;"Declive;Curva";Sim;2;0;2;0;2;0;0;1;-23,295075;-46,572028;SPRF-SP;DEL03/SP;UOP01-DEL03-SP
771967;15/05/2026;sexta-feira;18:02:00;MT;70;517,3;VARZEA GRANDE;Ausência de reação do condutor;Colisão traseira;Com Vítimas Feridas;Plena Noite;Decrescente;Céu Claro;Simples;Reta;Sim;2;0;0;1;1;1;0;2;-15,694425;-56,167037;SPRF-MT;DEL01/MT;UOP02-DEL01-MT
771968;16/05/2026;sábado;04:25:00;MT;163;1035;MATUPA;Manobra de mudança de faixa;Colisão frontal;Com Vítimas Feridas;Amanhecer;Decrescente;Nevoeiro/Neblina;Simples;Reta;Não;3;0;1;0;1;2;0;2;-10,2083907;-54,9620364;SPRF-MT;DEL06/MT;UOP03-DEL06-MT
771970;16/05/2026;sábado;05:50:00;SP;116;210;GUARULHOS;Ausência de reação do condutor;Colisão com objeto;Com Vítimas Feridas;Pleno dia;Crescente;Nevoeiro/Neblina;Dupla;Reta;Sim;1;0;1;0;1;0;0;1;-23,42961045;-46,41381073;SPRF-SP;DEL01/SP;UOP01-DEL01-SP
771972;15/05/2026;sexta-feira;19:05:00;SC;101;107;PENHA;Condutor deixou de manter distância do veículo da frente;Tombamento;Com Vítimas Feridas;Plena Noite;Crescente;Garoa/Chuvisco;Dupla;Reta;Não;1;0;0;1;1;0;0;1;-26,818889;-48,68367;SPRF-SC;DEL03/SC;UOP02-DEL03-SC
771973;16/05/2026;sábado;05:20:00;PR;376;628;SAO JOSE DOS PINHAIS;Ausência de reação do condutor;Saída de leito carroçável;Com Vítimas Feridas;Plena Noite;Decrescente;Chuva;Dupla;Reta;Não;1;0;1;0;1;0;0;1;-25,68608;-49,146873;SPRF-PR;DEL01/PR;UOP04-DEL01-PR
771974;16/05/2026;sábado;02:30:00;MG;262;436,9;NOVA SERRANA;Ausência de reação do condutor;Queda de ocupante de veículo;Com Vítimas Feridas;Plena Noite;Decrescente;Céu Claro;Dupla;Reta;Não;1;0;0;1;1;0;0;1;-19,87246271;-44,96556899;SPRF-MG;DEL08/MG;UOP03-DEL08-MG
771975;16/05/2026;sábado;06:00:00;SC;101;204;SAO JOSE;Ausência de reação do condutor;Capotamento;Com Vítimas Feridas;Amanhecer;Decrescente;Céu Claro;Múltipla;Reta;Não;1;0;1;0;1;0;0;1;-27,57577916;-48,61333144;SPRF-SC;DEL01/SC;UOP01-DEL01-SC
771977;15/05/2026;sexta-feira;17:45:00;PI;316;307;PICOS;Acessar a via sem observar a presença dos outros veículos;Colisão transversal;Com Vítimas Feridas;Plena Noite;Decrescente;Céu Claro;Simples;Reta;Não;3;0;2;0;2;1;0;2;-7,07772;-41,494492;SPRF-PI;DEL04-PI;UOP01-DEL04-PI
771979;15/05/2026;sexta-feira;19:00:00;PI;407;577;PAULISTANA;Ausência de reação do condutor;Saída de leito carroçável;Com Vítimas Fatais;Plena Noite;Decrescente;Céu Claro;Simples;"Aclive;Reta";Não;1;1;0;0;0;0;0;1;-8,180852;-41,10859;SPRF-PI;DEL04-PI;UOP01-DEL04-PI
771980;16/05/2026;sábado;05:45:00;RS;468;14;PALMEIRA DAS MISSOES;Ingestão de álcool pelo condutor;Colisão frontal;Com Vítimas Fatais;Amanhecer;Decrescente;Nublado;Simples;Curva;Não;2;1;1;0;1;0;0;2;-27,827249;-53,415746;SPRF-RS;DEL08/RS;UOP01-DEL08-RS
771981;16/05/2026;sábado;06:00:00;PR;376;130,8;NOVA ESPERANCA;Reação tardia ou ineficiente do condutor;Saída de leito carroçável;Com Vítimas Feridas;Amanhecer;Decrescente;Nublado;Dupla;"Aclive;Reta";Não;1;0;1;0;1;0;0;1;-23,17424476;-52,2360443;SPRF-PR;DEL09/PR;UOP02-DEL09-PR
771982;16/05/2026;sábado;00:35:00;PR;369;197;ARAPONGAS;Reação tardia ou ineficiente do condutor;Queda de ocupante de veículo;Com Vítimas Feridas;Plena Noite;Decrescente;Nevoeiro/Neblina;Dupla;Reta;Não;1;0;1;0;1;0;0;1;-23,50041265;-51,42379618;SPRF-PR;DEL07/PR;UOP03-DEL07-PR