id;data_inversa;dia_semana;horario;uf;br;km;municipio;causa_acidente;tipo_acidente;classificacao_acidente;fase_dia;sentido_via;condicao_metereologica;tipo_pista;tracado_via;uso_solo;pessoas;mortos;feridos_leves;feridos_graves;feridos;ilesos;ignorados;veiculos;latitude;longitude;regional;delegacia;uop
772838;19/05/2026;terça-feira;19:30:00;MG;40;499;ESMERALDAS;Reação tardia ou ineficiente do condutor;Saída de leito carroçável;Sem Vítimas;Plena Noite;Crescente;Chuva;Dupla;Reta;Não;1;0;0;0;0;1;0;1;-19,68854;-44,17306;SPRF-MG;DEL02/MG;UOP01-DEL02-MG
772839;19/05/2026;terça-feira;18:30:00;RJ;101;304;SAO GONCALO;Ausência de reação do condutor;Engavetamento;Com Vítimas Feridas;Plena Noite;Decrescente;Céu Claro;Dupla;Reta;Não;4;0;1;0;1;3;0;3;-22,78349075;-42,97934946;SPRF-RJ;DEL02/RJ;UOP02-DEL02-RJ
772840;19/05/2026;terça-feira;21:40:00;RS;116;530;CAPAO DO LEAO;Ausência de reação do condutor;Colisão transversal;Com Vítimas Feridas;Plena Noite;Crescente;Céu Claro;Simples;Interseção de Vias;Sim;2;0;1;0;1;1;0;2;-31,76002271;-52,43805377;SPRF-RS;DEL07/RS;UOP01-DEL07-RS
772841;19/05/2026;terça-feira;18:30:00;BA;242;609;MUQUEM DE SAO FRANCISCO;Acessar a via sem observar a presença dos outros veículos;Colisão lateral mesmo sentido;Com Vítimas Fatais;Pleno dia;Decrescente;Céu Claro;Simples;Reta;Não;1;1;0;0;0;0;0;1;-12,177751;-43,246324;SPRF-BA;DEL10/BA;UOP01-DEL10-BA
772843;19/05/2026;terça-feira;22:05:00;GO;40;12;LUZIANIA;Acessar a via sem observar a presença dos outros veículos;Colisão traseira;Com Vítimas Feridas;Plena Noite;Decrescente;Céu Claro;Dupla;Reta;Sim;3;0;1;0;1;2;0;2;-16,149927;-47,940323;SPRF-DF;DEL01-DF;UOP01-DEL01-DF
772844;21/04/2026;terça-feira;11:45:00;AL;101;168;TEOTONIO VILELA;Acumulo de água sobre o pavimento;Capotamento;Com Vítimas Feridas;Pleno dia;Crescente;Nublado;Dupla;Reta;Não;4;0;1;0;1;3;0;1;-9,903572;-36,311067;SPRF-AL;DEL02-AL;UOP02-DEL02-AL
772845;19/05/2026;terça-feira;10:10:00;RN;226;109,8;SANTA CRUZ;Acessar a via sem observar a presença dos outros veículos;Colisão transversal;Com Vítimas Feridas;Pleno dia;Crescente;Céu Claro;Simples;"Reta;Declive";Sim;2;0;2;0;2;0;0;2;-6,2372822;-36,0086557;SPRF-RN;DEL03-RN;UOP02-DEL03-RN
772846;19/05/2026;terça-feira;23:00:00;PR;376;242;APUCARANA;Demais falhas mecânicas ou elétricas;Saída de leito carroçável;Sem Vítimas;Plena Noite;Crescente;Céu Claro;Dupla;"Curva;Declive";Não;4;0;0;0;0;4;0;1;-23,581683;-51,426486;SPRF-PR;DEL07/PR;UOP03-DEL07-PR
772847;19/05/2026;terça-feira;22:20:00;PB;104;135,9;QUEIMADAS;Ausência de reação do condutor;Colisão traseira;Com Vítimas Feridas;Plena Noite;Crescente;Céu Claro;Simples;Reta;Não;4;0;1;0;1;3;0;2;-7,32708472;-35,89682252;SPRF-PB;DEL02-PB;UOP03-DEL02-PB
772848;19/05/2026;terça-feira;16:19:00;SC;282;36,3;AGUAS MORNAS;Ausência de reação do condutor;Colisão traseira;Com Vítimas Feridas;Pleno dia;Crescente;Nublado;Simples;Curva;Não;2;0;1;0;1;1;0;2;-27,70423;-48,83714;SPRF-SC;DEL01/SC;UOP03-DEL01-SC
772849;19/05/2026;terça-feira;16:20:00;SC;282;32,6;SANTO AMARO DA IMPERATRIZ;Ausência de reação do condutor;Colisão traseira;Com Vítimas Feridas;Pleno dia;Decrescente;Nublado;Simples;Interseção de Vias;Sim;2;0;1;0;1;1;0;2;-27,70472;-48,80528;SPRF-SC;DEL01/SC;UOP03-DEL01-SC
772854;20/05/2026;quarta-feira;02:05:00;CE;116;376;ICO;Afundamento ou ondulação no pavimento;Eventos atípicos;Com Vítimas Fatais;Plena Noite;Crescente;Céu Claro;Simples;Reta;Sim;2;1;0;1;1;0;0;1;-6,40685;-38,8478;SPRF-CE;DEL05/CE;UOP01-DEL05-CE
772862;20/05/2026;quarta-feira;06:45:00;SC;101;203;SAO JOSE;Desrespeitar a preferência no cruzamento;Colisão transversal;Com Vítimas Feridas;Pleno dia;Crescente;Céu Claro;Dupla;Reta;Sim;2;0;2;0;2;0;0;2;-27,56604;-48,61469;SPRF-SC;DEL01/SC;UOP01-DEL01-SC
772863;15/05/2026;sexta-feira;19:15:00;RS;116;531;CAPAO DO LEAO;Acessar a via sem observar a presença dos outros veículos;Atropelamento de Pedestre;Com Vítimas Feridas;Anoitecer;Crescente;Céu Claro;Simples;Reta;Sim;2;0;2;0;2;0;0;2;-31,76100293;-52,43952211;SPRF-RS;DEL07/RS;UOP01-DEL07-RS
772864;20/05/2026;quarta-feira;07:25:00;SC;101;119;ITAJAI;Trafegar com motocicleta (ou similar) entre as faixas;Colisão lateral mesmo sentido;Com Vítimas Feridas;Pleno dia;Decrescente;Céu Claro;Múltipla;Reta;Sim;2;0;0;1;1;1;0;2;-26,90941627;-48,71318579;SPRF-SC;DEL04/SC;UOP04-DEL04-SC
772865;20/05/2026;quarta-feira;07:20:00;SC;101;132,4;BALNEARIO CAMBORIU;Reação tardia ou ineficiente do condutor;Tombamento;Com Vítimas Feridas;Pleno dia;Crescente;Sol;Dupla;Reta;Sim;1;0;1;0;1;0;0;1;-26,99829;-48,65083;SPRF-SC;DEL04/SC;UOP03-DEL04-SC
772866;20/05/2026;quarta-feira;07:30:00;SC;101;152;PORTO BELO;Acessar a via sem observar a presença dos outros veículos;Colisão transversal;Com Vítimas Feridas;Amanhecer;Decrescente;Céu Claro;Dupla;Interseção de Vias;Sim;2;0;1;0;1;1;0;2;-27,1424524;-48,6102258;SPRF-SC;DEL04/SC;UOP03-DEL04-SC
772867;20/05/2026;quarta-feira;07:30:00;RJ;116;320;ITATIAIA;Acumulo de água sobre o pavimento;Saída de leito carroçável;Com Vítimas Feridas;Pleno dia;Decrescente;Chuva;Dupla;Reta;Sim;2;0;1;0;1;1;0;1;-22,4802024;-44,53342128;SPRF-RJ;DEL07/RJ;UOP02-DEL07-RJ
772868;20/05/2026;quarta-feira;07:15:00;SC;101;121;ITAJAI;Manobra de mudança de faixa;Colisão lateral mesmo sentido;Com Vítimas Feridas;Pleno dia;Decrescente;Céu Claro;Múltipla;Reta;Não;2;0;0;1;1;1;0;2;-26,9205628;-48,70861027;SPRF-SC;DEL04/SC;UOP04-DEL04-SC
772869;20/05/2026;quarta-feira;07:00:00;SP;116;157,5;SAO JOSE DOS CAMPOS;Ausência de reação do condutor;Tombamento;Com Vítimas Feridas;Pleno dia;Crescente;Sol;Múltipla;"Reta;Declive";Não;1;0;1;0;1;0;0;1;-23,25778;-45,94727;SPRF-SP;DEL02/SP;UOP01-DEL02-SP
772870;16/05/2026;sábado;04:00:00;SC;282;646;SAO MIGUEL DO OESTE;Ingestão de álcool pelo condutor;Colisão lateral sentido oposto;Sem Vítimas;Plena Noite;Decrescente;Céu Claro;Múltipla;Reta;Sim;2;0;0;0;0;1;0;2;-26,76229005;-53,49909352;SPRF-SC;DEL07/SC;UOP03-DEL07-SC
772871;20/05/2026;quarta-feira;07:20:00;ES;262;22,3;VIANA;Demais falhas mecânicas ou elétricas;Incêndio;Sem Vítimas;Pleno dia;Decrescente;Céu Claro;Simples;Curva;Não;1;0;0;0;0;1;0;1;-20,37779424;-40,51627636;SPRF-ES;DEL01-ES;UOP01-DEL01-ES
772872;20/05/2026;quarta-feira;07:20:00;RN;101;98,2;NATAL;Condutor deixou de manter distância do veículo da frente;Colisão traseira;Com Vítimas Feridas;Pleno dia;Decrescente;Céu Claro;Dupla;Reta;Sim;5;0;2;0;2;3;0;2;-5,867432;-35,21742;SPRF-RN;DEL01-RN;UOP01-DEL01-RN
772874;20/05/2026;quarta-feira;07:45:00;AL;316;270;SATUBA;Ultrapassagem Indevida;Atropelamento de Pedestre;Com Vítimas Feridas;Pleno dia;Decrescente;Céu Claro;Simples;Reta;Sim;3;0;1;1;2;0;0;2;-9,57161906;-35,82527787;SPRF-AL;DEL02-AL;UOP01-DEL02-AL
772875;20/05/2026;quarta-feira;06:40:00;RJ;40;66;PETROPOLIS;Pista Escorregadia;Saída de leito carroçável;Com Vítimas Feridas;Amanhecer;Crescente;Chuva;Dupla;Reta;Não;1;0;0;1;1;0;0;1;-22,28264367;-43,119699;SPRF-RJ;DEL05/RJ;UOP02-DEL05-RJ
772878;20/05/2026;quarta-feira;08:00:00;ES;101;183,4;ARACRUZ;Velocidade Incompatível;Saída de leito carroçável;Com Vítimas Feridas;Pleno dia;Crescente;Céu Claro;Simples;Curva;Não;1;0;1;0;1;0;0;1;-19,650809;-40,232143;SPRF-ES;DEL04-ES;UOP01-DEL04-ES
772879;20/05/2026;quarta-feira;06:30:00;SC;470;3;NAVEGANTES;Conversão proibida;Colisão traseira;Com Vítimas Feridas;Pleno dia;Decrescente;Céu Claro;Dupla;Em Obras;Não;3;0;2;0;2;1;0;2;-26,86928969;-48,67464558;SPRF-SC;DEL04/SC;UOP04-DEL04-SC
772880;20/05/2026;quarta-feira;08:00:00;PR;369;153;LONDRINA;Manobra de mudança de faixa;Colisão traseira;Com Vítimas Feridas;Pleno dia;Crescente;Garoa/Chuvisco;Dupla;Reta;Sim;2;0;1;0;1;1;0;2;-23,29732322;-51,20068622;SPRF-PR;DEL07/PR;UOP01-DEL07-PR
772881;20/05/2026;quarta-feira;08:30:00;RJ;116;295;BARRA MANSA;Velocidade Incompatível;Colisão com objeto;Com Vítimas Feridas;Pleno dia;Crescente;Chuva;Dupla;Reta;Não;1;0;1;0;1;0;0;1;-22,45541298;-44,29394469;SPRF-RJ;DEL07/RJ;UOP02-DEL07-RJ
772883;20/05/2026;quarta-feira;06:50:00;RO;364;330;JI-PARANA;Reação tardia ou ineficiente do condutor;Saída de leito carroçável;Com Vítimas Feridas;Pleno dia;Crescente;Céu Claro;Simples;Reta;Não;1;0;0;1;1;0;0;1;-10,985856;-61,91707742;SPRF-RO;DEL02-RO;UOP01-DEL02-RO
772884;20/05/2026;quarta-feira;05:00:00;CE;116;380,4;ICO;Animais na Pista;Atropelamento de Animal;Com Vítimas Feridas;Pleno dia;Decrescente;Céu Claro;Simples;"Reta;Declive";Não;1;0;1;0;1;0;0;1;-6,436683;-38,857498;SPRF-CE;DEL05/CE;UOP01-DEL05-CE
772885;20/05/2026;quarta-feira;07:50:00;PR;476;120,5;COLOMBO;Condutor deixou de manter distância do veículo da frente;Colisão traseira;Com Vítimas Feridas;Pleno dia;Crescente;Nublado;Dupla;"Reta;Interseção de Vias";Sim;3;0;1;0;1;2;0;3;-25,373852;-49,193025;SPRF-PR;DEL01/PR;UOP01-DEL01-PR
772886;20/05/2026;quarta-feira;08:40:00;CE;116;29;AQUIRAZ;Acessar a via sem observar a presença dos outros veículos;Colisão lateral mesmo sentido;Com Vítimas Feridas;Pleno dia;Crescente;Céu Claro;Múltipla;Reta;Não;2;0;0;1;1;1;0;2;-4,008237;-38,517731;SPRF-CE;DEL01/CE;UOP02-DEL01-CE
772887;20/05/2026;quarta-feira;08:15:00;MG;262;411;PARA DE MINAS;Ausência de reação do condutor;Tombamento;Com Vítimas Feridas;Pleno dia;Decrescente;Sol;Dupla;Reta;Não;2;0;2;0;2;0;0;1;-19,88486;-44,73021;SPRF-MG;DEL08/MG;UOP03-DEL08-MG
772888;20/05/2026;quarta-feira;07:45:00;MG;40;521,4;CONTAGEM;Condutor deixou de manter distância do veículo da frente;Colisão traseira;Com Vítimas Feridas;Pleno dia;Crescente;Céu Claro;Dupla;Reta;Sim;3;0;1;0;1;2;0;2;-19,85187643;-44,0725565;SPRF-MG;DEL01/MG;UOP02-DEL01-MG
772889;20/05/2026;quarta-feira;07:31:00;PB;230;157,8;CAMPINA GRANDE;Reação tardia ou ineficiente do condutor;Colisão traseira;Com Vítimas Feridas;Pleno dia;Crescente;Céu Claro;Dupla;"Reta;Declive";Sim;3;0;2;0;2;1;0;2;-7,261205;-35,923255;SPRF-PB;DEL02-PB;UOP01-DEL02-PB
772890;20/05/2026;quarta-feira;08:10:00;MG;381;1;BETIM;Manobra de mudança de faixa;Colisão traseira;Com Vítimas Feridas;Pleno dia;Crescente;Céu Claro;Dupla;"Aclive;Reta";Não;2;0;1;0;1;1;0;2;-19,96429785;-44,15807059;SPRF-MG;DEL01/MG;UOP03-DEL01-MG
772891;20/05/2026;quarta-feira;08:00:00;BA;116;26,9;VITORIA DA CONQUISTA;Acesso irregular;Colisão frontal;Com Vítimas Feridas;Pleno dia;Crescente;Céu Claro;Simples;Reta;Sim;2;0;0;1;1;1;0;2;-14,848055;-40,811275;SPRF-BA;DEL08/BA;UOP01-DEL08-BA
772892;20/05/2026;quarta-feira;08:25:00;RJ;393;239;VASSOURAS;Velocidade Incompatível;Saída de leito carroçável;Com Vítimas Feridas;Pleno dia;Decrescente;Chuva;Simples;"Curva;Declive";Não;1;0;1;0;1;0;0;1;-22,42882517;-43,70543611;SPRF-RJ;DEL05/RJ;UOP04-DEL05-RJ
772893;20/05/2026;quarta-feira;09:15:00;SP;381;54;MAIRIPORA;Carga excessiva e/ou mal acondicionada;Colisão traseira;Com Vítimas Feridas;Pleno dia;Decrescente;Nublado;Dupla;Reta;Não;3;0;1;0;1;2;0;3;-23,23969107;-46,60262177;SPRF-SP;DEL03/SP;UOP01-DEL03-SP
772894;20/05/2026;quarta-feira;09:20:00;DF;40;6,9;BRASILIA;Mal súbito do condutor;Saída de leito carroçável;Com Vítimas Feridas;Pleno dia;Decrescente;Céu Claro;Dupla;Reta;Não;1;0;1;0;1;0;0;1;-16,03808;-47,97957;SPRF-DF;DEL01-DF;UOP01-DEL01-DF
772895;20/05/2026;quarta-feira;08:20:00;MS;463;32,1;PONTA PORA;Reação tardia ou ineficiente do condutor;Capotamento;Sem Vítimas;Pleno dia;Crescente;Céu Claro;Simples;Reta;Não;1;0;0;0;0;1;0;1;-22,298928;-55,086977;SPRF-MS;DEL04/MS;UOP03-DEL04-MS
772897;04/04/2026;sábado;09:30:00;MA;135;234,9;PERITORO;Condutor deixou de manter distância do veículo da frente;Colisão lateral mesmo sentido;Com Vítimas Fatais;Pleno dia;Crescente;Nublado;Simples;Reta;Sim;2;1;0;0;0;1;0;2;-4,448904;-44,375795;SPRF-MA;DEL03-MA;UOP01-DEL03-MA
772898;10/04/2026;sexta-feira;01:05:00;RJ;101;470;ANGRA DOS REIS;Transitar na contramão;Colisão frontal;Com Vítimas Feridas;Plena Noite;Crescente;Chuva;Simples;Curva;Não;2;0;0;1;1;1;0;2;-23,00297143;-44,22879744;SPRF-RJ;DEL03/RJ;UOP03-DEL03-RJ
772900;20/05/2026;quarta-feira;10:30:00;SP;116;141;SAO JOSE DOS CAMPOS;Ingestão de álcool pelo condutor;Saída de leito carroçável;Com Vítimas Feridas;Pleno dia;Decrescente;Nublado;Dupla;Reta;Não;2;0;2;0;2;0;0;1;-23,16816926;-45,81659317;SPRF-SP;DEL02/SP;UOP01-DEL02-SP
772901;20/05/2026;quarta-feira;05:20:00;SC;101;101,3;BALNEARIO PICARRAS;Condutor Dormindo;Saída de leito carroçável;Com Vítimas Feridas;Plena Noite;Crescente;Nublado;Simples;"Reta;Aclive";Não;1;0;1;0;1;0;0;1;-26,76613529;-48,68658951;SPRF-SC;DEL03/SC;UOP02-DEL03-SC
772904;30/04/2026;quinta-feira;19:30:00;MS;267;12,6;BATAGUASSU;Reação tardia ou ineficiente do condutor;Tombamento;Com Vítimas Feridas;Plena Noite;Decrescente;Céu Claro;Dupla;Reta;Não;1;0;1;0;1;0;0;1;-21,72;-52,26;SPRF-MS;DEL02/MS;UOP04-DEL02-MS
772906;20/05/2026;quarta-feira;08:30:00;BA;101;506,9;ITABUNA;Acesso irregular;Colisão transversal;Com Vítimas Feridas;Pleno dia;Decrescente;Sol;Simples;Reta;Sim;2;0;1;0;1;1;0;2;-14,808402;-39,296778;SPRF-BA;DEL05/BA;UOP01-DEL05-BA
772907;20/05/2026;quarta-feira;11:30:00;DF;60;2,5;BRASILIA;Manobra de mudança de faixa;Colisão lateral mesmo sentido;Com Vítimas Feridas;Pleno dia;Crescente;Céu Claro;Dupla;Reta;Sim;3;0;1;0;1;2;0;2;-15,888757;-48,080937;SPRF-DF;DEL03-DF;UOP01-DEL03-DF
772910;20/05/2026;quarta-feira;10:00:00;MG;116;550,5;SANTA BARBARA DO LESTE;Pedestre cruzava a pista fora da faixa;Atropelamento de Pedestre;Com Vítimas Feridas;Pleno dia;Crescente;Céu Claro;Simples;"Interseção de Vias;Rotatória";Sim;3;0;2;0;2;1;0;2;-19,98025646;-42,141779;SPRF-MG;DEL06/MG;UOP02-DEL06-MG
772912;20/05/2026;quarta-feira;11:59:00;RN;101;101;NATAL;Acessar a via sem observar a presença dos outros veículos;Colisão traseira;Com Vítimas Feridas;Pleno dia;Crescente;Céu Claro;Múltipla;Declive;Sim;2;0;1;0;1;1;0;2;-5,87865919;-35,22468632;SPRF-RN;DEL01-RN;UOP01-DEL01-RN
772916;20/05/2026;quarta-feira;12:00:00;MT;163;823;SINOP;Retorno proibido;Colisão lateral mesmo sentido;Sem Vítimas;Pleno dia;Decrescente;Céu Claro;Dupla;Reta;Sim;2;0;0;0;0;2;0;2;-11,971358;-55,516872;SPRF-MT;DEL06/MT;UOP02-DEL06-MT
772917;20/05/2026;quarta-feira;12:10:00;SP;381;65;MAIRIPORA;Acessar a via sem observar a presença dos outros veículos;Colisão transversal;Com Vítimas Feridas;Pleno dia;Crescente;Nublado;Simples;Rotatória;Sim;2;0;1;0;1;1;0;2;-23,31531048;-46,58193899;SPRF-SP;DEL03/SP;UOP01-DEL03-SP
772918;20/05/2026;quarta-feira;12:00:00;RJ;101;473;ANGRA DOS REIS;Acessar a via sem observar a presença dos outros veículos;Colisão transversal;Com Vítimas Feridas;Pleno dia;Crescente;Garoa/Chuvisco;Simples;Reta;Sim;2;0;1;0;1;1;0;2;-22,99110316;-44,24534289;SPRF-RJ;DEL03/RJ;UOP03-DEL03-RJ
772919;30/04/2026;quinta-feira;14:30:00;MG;381;896;CAMBUI;Demais falhas mecânicas ou elétricas;Incêndio;Sem Vítimas;Pleno dia;Decrescente;Céu Claro;Dupla;Reta;Sim;1;0;0;0;0;1;0;1;-22,59878578;-46,05691686;SPRF-MG;DEL16/MG;UOP01-DEL16-MG
772923;20/05/2026;quarta-feira;11:00:00;MG;365;407;PATOS DE MINAS;Afundamento ou ondulação no pavimento;Queda de ocupante de veículo;Com Vítimas Feridas;Pleno dia;Decrescente;Céu Claro;Múltipla;Reta;Sim;1;0;1;0;1;0;0;1;-18,64143115;-46,49551241;SPRF-MG;DEL10/MG;UOP01-DEL10-MG
772925;20/05/2026;quarta-feira;13:50:00;MG;40;564;NOVA LIMA;Velocidade Incompatível;Saída de leito carroçável;Com Vítimas Fatais;Pleno dia;Crescente;Céu Claro;Dupla;Curva;Não;1;1;0;0;0;0;0;1;-20,081758;-43,979095;SPRF-MG;DEL01/MG;UOP02-DEL01-MG
772926;20/05/2026;quarta-feira;14:15:00;RS;290;91,9;PORTO ALEGRE;Condutor deixou de manter distância do veículo da frente;Colisão traseira;Com Vítimas Feridas;Pleno dia;Decrescente;Céu Claro;Dupla;Reta;Sim;2;0;1;0;1;1;0;2;-29,9725672;-51,1756596;SPRF-RS;DEL01/RS;UOP01-DEL01-RS
772927;20/05/2026;quarta-feira;08:19:00;MA;222;670;ACAILANDIA;Desrespeitar a preferência no cruzamento;Colisão frontal;Com Vítimas Feridas;Pleno dia;Crescente;Céu Claro;Simples;Reta;Sim;2;0;1;1;2;0;0;2;-4,939204;-47,462469;SPRF-MA;DEL04-MA;UOP03-DEL04-MA
772930;20/05/2026;quarta-feira;11:25:00;SC;280;31;ARAQUARI;Acessar a via sem observar a presença dos outros veículos;Colisão transversal;Com Vítimas Feridas;Pleno dia;Decrescente;Céu Claro;Simples;Reta;Não;3;0;1;1;2;1;0;2;-26,41672;-48,772255;SPRF-SC;DEL03/SC;UOP03-DEL03-SC
772931;20/05/2026;quarta-feira;13:25:00;RO;364;710;PORTO VELHO;Acessar a via sem observar a presença dos outros veículos;Colisão transversal;Com Vítimas Feridas;Pleno dia;Decrescente;Nublado;Simples;Reta;Sim;2;0;0;1;1;1;0;2;-8,77693;-63,873;SPRF-RO;DEL01-RO;UOP01-DEL01-RO
772933;08/05/2026;sexta-feira;16:30:00;PR;277;526,7;GUARANIACU;Manobra de mudança de faixa;Colisão frontal;Com Vítimas Feridas;Pleno dia;Crescente;Chuva;Múltipla;Reta;Não;4;0;0;2;2;2;0;2;-25,09891;-52,906322;SPRF-PR;DEL04/PR;UOP04-DEL04-PR
772935;20/05/2026;quarta-feira;14:46:00;SE;235;4;NOSSA SENHORA DO SOCORRO;Condutor deixou de manter distância do veículo da frente;Colisão traseira;Sem Vítimas;Pleno dia;Decrescente;Céu Claro;Dupla;Reta;Não;4;0;0;0;0;3;0;3;-10,90664365;-37,11519448;SPRF-SE;DEL01-SE;UOP01-DEL01-SE
772936;20/05/2026;quarta-feira;14:00:00;ES;101;66,7;SAO MATEUS;Condutor deixou de manter distância do veículo da frente;Colisão traseira;Com Vítimas Feridas;Pleno dia;Crescente;Céu Claro;Dupla;Reta;Sim;2;0;1;0;1;1;0;2;-18,717894;-39,871972;SPRF-ES;DEL04-ES;UOP02-DEL04-ES
772937;02/04/2026;quinta-feira;11:35:00;BA;101;35,5;ESPLANADA;Conversão proibida;Colisão frontal;Com Vítimas Feridas;Pleno dia;Crescente;Céu Claro;Simples;"Reta;Interseção de Vias;Declive";Sim;4;0;3;0;3;1;0;2;-11,776888;-37,94571;SPRF-SE;DEL02-SE;UOP03-DEL02-SE
772938;20/05/2026;quarta-feira;14:20:00;MG;153;221;FRUTAL;Condutor deixou de manter distância do veículo da frente;Colisão traseira;Com Vítimas Feridas;Pleno dia;Crescente;Céu Claro;Simples;Reta;Não;1;0;1;0;1;0;0;1;-20,103779;-49,0922;SPRF-MG;DEL13/MG;UOP02-DEL13-MG
772940;20/05/2026;quarta-feira;10:30:00;MG;381;398;BOM JESUS DO AMPARO;Mal súbito do condutor;Colisão traseira;Com Vítimas Feridas;Pleno dia;Crescente;Céu Claro;Dupla;"Aclive;Curva";Não;3;0;2;0;2;1;0;2;-19,73846699;-43,51322874;SPRF-MG;DEL01/MG;UOP01-DEL01-MG
772941;20/05/2026;quarta-feira;15:40:00;PA;230;121;MARABA;Acessar a via sem observar a presença dos outros veículos;Colisão transversal;Com Vítimas Feridas;Pleno dia;Crescente;Céu Claro;Dupla;Reta;Sim;3;0;0;2;2;1;0;2;-5,361015;-49,123928;SPRF-PA;DEL03/PA;UOP01-DEL03-PA
772942;20/05/2026;quarta-feira;15:00:00;RS;116;265;CANOAS;Condutor desrespeitou a iluminação vermelha do semáforo;Colisão lateral mesmo sentido;Com Vítimas Feridas;Pleno dia;Decrescente;Céu Claro;Simples;Curva;Sim;2;0;1;0;1;1;0;2;-29,92580133;-51,1776076;SPRF-RS;DEL01/RS;UOP01-DEL01-RS
772943;20/05/2026;quarta-feira;14:45:00;PR;116;10,3;COLOMBO;Ausência de reação do condutor;Saída de leito carroçável;Com Vítimas Feridas;Pleno dia;Decrescente;Sol;Dupla;"Curva;Declive;Viaduto";Sim;1;0;1;0;1;0;0;1;-25,37171968;-49,13041798;SPRF-PR;DEL01/PR;UOP02-DEL01-PR
772944;20/05/2026;quarta-feira;14:30:00;PE;408;64;PAUDALHO;Ausência de reação do condutor;Colisão com objeto;Sem Vítimas;Pleno dia;Crescente;Céu Claro;Dupla;Reta;Sim;2;0;0;0;0;0;1;2;-7,88612;-35,18084;SPRF-PE;DEL01/PE;UOP01-DEL01-PE
772945;12/05/2026;terça-feira;04:30:00;PE;101;84,4;JABOATAO DOS GUARARAPES;Ausência de reação do condutor;Saída de leito carroçável;Sem Vítimas;Amanhecer;Crescente;Chuva;Dupla;Reta;Não;1;0;0;0;0;1;0;1;-8,178663;-34,95668;SPRF-PE;DEL01/PE;UOP01-DEL01-PE
772946;20/05/2026;quarta-feira;15:45:00;GO;60;65,8;ABADIANIA;Mal súbito do condutor;Tombamento;Com Vítimas Feridas;Pleno dia;Decrescente;Céu Claro;Dupla;Reta;Não;3;0;0;1;1;0;0;2;-16,2117944;-48,7444911;SPRF-GO;DEL02/GO;UOP01-DEL02-GO
772947;20/05/2026;quarta-feira;14:50:00;PA;316;98;IGARAPE-ACU;Velocidade Incompatível;Capotamento;Com Vítimas Feridas;Pleno dia;Decrescente;Céu Claro;Simples;Reta;Não;2;0;1;0;1;1;0;1;-1,33165;-47,62312;SPRF-PA;DEL01/PA;UOP02-DEL01-PA
772948;18/03/2026;quarta-feira;17:33:00;GO;50;256;CATALAO;Reação tardia ou ineficiente do condutor;Saída de leito carroçável;Com Vítimas Feridas;Pleno dia;Crescente;Céu Claro;Dupla;Reta;Não;2;0;1;0;1;1;0;1;-18,026392;-47,824096;SPRF-GO;DEL06/GO;UOP01-DEL06-GO
772950;20/05/2026;quarta-feira;16:15:00;PE;104;67;CARUARU;Condutor deixou de manter distância do veículo da frente;Colisão traseira;Com Vítimas Feridas;Pleno dia;Decrescente;Céu Claro;Dupla;"Reta;Declive";Sim;2;0;1;0;1;1;0;2;-8,295188;-35,987217;SPRF-PE;DEL02/PE;UOP01-DEL02-PE
772951;20/05/2026;quarta-feira;15:40:00;ES;101;292,6;CARIACICA;Manobra de mudança de faixa;Colisão lateral mesmo sentido;Com Vítimas Feridas;Pleno dia;Crescente;Nublado;Dupla;Reta;Sim;2;0;1;0;1;1;0;2;-20,312249;-40,39577;SPRF-ES;DEL01-ES;UOP01-DEL01-ES
772953;12/05/2026;terça-feira;07:46:00;MS;262;321,1;CAMPO GRANDE;Demais falhas mecânicas ou elétricas;Tombamento;Com Vítimas Feridas;Pleno dia;Decrescente;Céu Claro;Simples;"Declive;Reta";Não;2;0;2;0;2;0;0;1;-20,469549;-54,4904;SPRF-MS;DEL01/MS;UOP01-DEL01-MS
772955;20/05/2026;quarta-feira;16:28:00;PE;101;63,5;RECIFE;Transitar na contramão;Colisão frontal;Com Vítimas Feridas;Pleno dia;Crescente;Céu Claro;Múltipla;Reta;Sim;2;0;1;1;2;0;0;2;-8,01188071;-34,93834734;SPRF-PE;DEL01/PE;UOP01-DEL01-PE
772957;20/05/2026;quarta-feira;15:50:00;MT;364;205;RONDONOPOLIS;Acesso irregular;Colisão lateral mesmo sentido;Com Vítimas Feridas;Pleno dia;Crescente;Céu Claro;Dupla;"Reta;Interseção de Vias";Não;2;0;0;2;2;0;0;2;-16,447844;-54,666178;SPRF-MT;DEL02/MT;UOP01-DEL02-MT
772958;20/05/2026;quarta-feira;16:50:00;SP;381;85,9;SAO PAULO;Entrada inopinada do pedestre;Atropelamento de Pedestre;Com Vítimas Feridas;Pleno dia;Crescente;Céu Claro;Dupla;Reta;Sim;2;0;0;1;1;1;0;2;-23,4697657;-46,5683666;SPRF-SP;DEL03/SP;UOP01-DEL03-SP
772960;20/05/2026;quarta-feira;15:59:00;PB;230;4,7;CABEDELO;Acessar a via sem observar a presença dos outros veículos;Colisão lateral mesmo sentido;Com Vítimas Feridas;Pleno dia;Crescente;Céu Claro;Múltipla;Reta;Não;3;0;2;0;2;1;0;2;-7,009612;-34,831153;SPRF-PB;DEL01-PB;UOP01-DEL01-PB