id;data_inversa;dia_semana;horario;uf;br;km;municipio;causa_acidente;tipo_acidente;classificacao_acidente;fase_dia;sentido_via;condicao_metereologica;tipo_pista;tracado_via;uso_solo;pessoas;mortos;feridos_leves;feridos_graves;feridos;ilesos;ignorados;veiculos;latitude;longitude;regional;delegacia;uop
772962;08/05/2026;sexta-feira;17:00:00;PA;230;139;MARABA;Reação tardia ou ineficiente do condutor;Saída de leito carroçável;Sem Vítimas;Pleno dia;Decrescente;Céu Claro;Simples;"Declive;Reta";Não;1;0;0;0;0;1;0;1;-5,31;-49,24;SPRF-PA;DEL03/PA;UOP01-DEL03-PA
772963;20/05/2026;quarta-feira;17:05:00;PR;277;578,1;CASCAVEL;Velocidade Incompatível;Tombamento;Com Vítimas Feridas;Pleno dia;Decrescente;Céu Claro;Dupla;Reta;Não;1;0;1;0;1;0;0;1;-24,9884;-53,3262;SPRF-PR;DEL04/PR;UOP01-DEL04-PR
772964;20/05/2026;quarta-feira;13:30:00;SC;280;67;JARAGUA DO SUL;Transitar na contramão;Colisão transversal;Com Vítimas Feridas;Pleno dia;Decrescente;Céu Claro;Simples;Reta;Sim;2;0;0;1;1;1;0;2;-26,47693074;-49,10474539;SPRF-SC;DEL03/SC;UOP03-DEL03-SC
772966;20/05/2026;quarta-feira;18:10:00;SC;101;205,3;SAO JOSE;Objeto estático sobre o leito carroçável;Tombamento;Com Vítimas Feridas;Anoitecer;Decrescente;Céu Claro;Múltipla;"Reta;Viaduto";Sim;3;0;2;0;2;0;0;2;-27,58641;-48,61643;SPRF-SC;DEL01/SC;UOP01-DEL01-SC
772967;20/05/2026;quarta-feira;18:00:00;SC;470;60,2;BLUMENAU;Acessar a via sem observar a presença dos outros veículos;Colisão transversal;Com Vítimas Feridas;Plena Noite;Crescente;Céu Claro;Simples;"Retorno Regulamentado;Reta";Sim;3;0;1;0;1;2;0;3;-26,88068381;-49,16708915;SPRF-SC;DEL04/SC;UOP01-DEL04-SC
772969;20/05/2026;quarta-feira;18:10:00;RN;101;85,1;NATAL;Trafegar com motocicleta (ou similar) entre as faixas;Colisão lateral mesmo sentido;Com Vítimas Feridas;Anoitecer;Decrescente;Céu Claro;Dupla;"Reta;Ponte";Sim;2;0;1;0;1;1;0;2;-5,783618;-35,246845;SPRF-RN;DEL02-RN;UOP01-DEL02-RN
772972;20/05/2026;quarta-feira;16:45:00;MG;365;561;INDIANOPOLIS;Mal súbito do condutor;Saída de leito carroçável;Com Vítimas Feridas;Pleno dia;Crescente;Céu Claro;Simples;Reta;Não;1;0;1;0;1;0;0;1;-18,925653;-47,769892;SPRF-MG;DEL15/MG;UOP02-DEL15-MG
772975;20/05/2026;quarta-feira;17:05:00;RS;470;217,4;BENTO GONCALVES;Pedestre cruzava a pista fora da faixa;Atropelamento de Pedestre;Com Vítimas Feridas;Pleno dia;Crescente;Céu Claro;Simples;"Curva;Declive";Não;5;0;0;1;1;0;0;2;-29,178674;-51,518374;SPRF-RS;DEL06/RS;UOP01-DEL06-RS
772978;20/05/2026;quarta-feira;17:20:00;MG;262;597;CAMPOS ALTOS;Chuva;Colisão transversal;Com Vítimas Feridas;Pleno dia;Decrescente;Chuva;Simples;Reta;Não;4;0;1;0;1;3;0;2;-19,617813;-46,275903;SPRF-MG;DEL08/MG;UOP02-DEL08-MG
772980;20/05/2026;quarta-feira;18:00:00;SC;282;510,2;XANXERE;Acessar a via sem observar a presença dos outros veículos;Colisão transversal;Com Vítimas Feridas;Plena Noite;Crescente;Céu Claro;Simples;Reta;Não;2;0;1;0;1;1;0;2;-26,89535542;-52,46259062;SPRF-SC;DEL07/SC;UOP01-DEL07-SC
772981;20/05/2026;quarta-feira;18:20:00;SC;101;211;PALHOCA;Ausência de reação do condutor;Colisão traseira;Com Vítimas Feridas;Plena Noite;Decrescente;Nublado;Dupla;Reta;Sim;2;0;1;0;1;1;0;2;-27,62472303;-48,65348411;SPRF-SC;DEL01/SC;UOP02-DEL01-SC
772985;20/05/2026;quarta-feira;17:45:00;PR;376;374;IMBAU;Ausência de reação do condutor;Colisão frontal;Com Vítimas Feridas;Anoitecer;Crescente;Céu Claro;Simples;"Reta;Declive";Não;3;0;2;0;2;1;0;2;-24,392278;-50,785097;SPRF-PR;DEL07/PR;UOP02-DEL07-PR
772986;20/05/2026;quarta-feira;16:00:00;PA;316;145;PEIXE-BOI;Afundamento ou ondulação no pavimento;Capotamento;Com Vítimas Feridas;Pleno dia;Crescente;Céu Claro;Simples;Reta;Não;1;0;1;0;1;0;0;1;-1,236477;-47,225068;SPRF-PA;DEL01/PA;UOP03-DEL01-PA
772987;20/05/2026;quarta-feira;17:30:00;MG;381;257;CORONEL FABRICIANO;Condutor deixou de manter distância do veículo da frente;Colisão traseira;Com Vítimas Feridas;Anoitecer;Crescente;Vento;Simples;Reta;Sim;3;0;1;1;2;0;0;2;-19,532928;-42,598889;SPRF-MG;DEL03/MG;UOP01-DEL03-MG
772988;20/05/2026;quarta-feira;18:20:00;SC;101;218,4;PALHOCA;Sinalização mal posicionada;Colisão transversal;Com Vítimas Feridas;Plena Noite;Decrescente;Céu Claro;Simples;Interseção de Vias;Não;2;0;1;0;1;1;0;2;-27,69492159;-48,66261386;SPRF-SC;DEL01/SC;UOP02-DEL01-SC
772990;20/05/2026;quarta-feira;18:45:00;PB;230;11,4;CABEDELO;Trafegar com motocicleta (ou similar) entre as faixas;Colisão lateral mesmo sentido;Com Vítimas Feridas;Plena Noite;Decrescente;Céu Claro;Dupla;Reta;Sim;2;0;1;0;1;1;0;2;-7,067827;-34,849775;SPRF-PB;DEL01-PB;UOP01-DEL01-PB
772991;20/05/2026;quarta-feira;19:00:00;PR;277;4;PARANAGUA;Ausência de reação do condutor;Colisão lateral mesmo sentido;Com Vítimas Feridas;Plena Noite;Decrescente;Nublado;Dupla;Reta;Sim;2;0;1;0;1;1;0;2;-25,537868;-48,532344;SPRF-PR;DEL01/PR;UOP05-DEL01-PR
772994;20/05/2026;quarta-feira;19:20:00;SC;101;212,4;PALHOCA;Condutor deixou de manter distância do veículo da frente;Colisão lateral mesmo sentido;Com Vítimas Feridas;Plena Noite;Decrescente;Céu Claro;Múltipla;Reta;Sim;2;0;0;1;1;1;0;2;-27,6337164;-48,6619097;SPRF-SC;DEL01/SC;UOP02-DEL01-SC
772996;20/05/2026;quarta-feira;18:50:00;RJ;116;185;NOVA IGUACU;Reação tardia ou ineficiente do condutor;Colisão traseira;Com Vítimas Feridas;Plena Noite;Crescente;Nublado;Dupla;"Reta;Aclive";Não;3;0;1;0;1;2;0;2;-22,74046583;-43,45623851;SPRF-RJ;DEL06/RJ;UOP01-DEL06-RJ
772998;20/05/2026;quarta-feira;18:50:00;RS;287;533;SAO BORJA;Ausência de reação do condutor;Colisão com objeto;Com Vítimas Feridas;Plena Noite;Decrescente;Céu Claro;Simples;Reta;Não;1;0;1;0;1;0;0;1;-28,67450199;-55,9631753;SPRF-RS;DEL12/RS;UOP01-DEL12-RS
773000;20/05/2026;quarta-feira;17:30:00;MT;70;87;GENERAL CARNEIRO;Reação tardia ou ineficiente do condutor;Saída de leito carroçável;Com Vítimas Feridas;Plena Noite;Decrescente;Céu Claro;Simples;"Curva;Declive";Não;1;0;1;0;1;0;0;1;-15,622535;-52,84616;SPRF-MT;DEL07/MT;UOP01-DEL07-MT
773001;20/05/2026;quarta-feira;19:30:00;MG;40;804,8;MATIAS BARBOSA;Ausência de reação do condutor;Queda de ocupante de veículo;Com Vítimas Feridas;Plena Noite;Crescente;Nevoeiro/Neblina;Dupla;Reta;Não;1;0;0;1;1;0;0;1;-21,84502;-43,377589;SPRF-MG;DEL05/MG;UOP01-DEL05-MG
773003;20/05/2026;quarta-feira;19:40:00;ES;101;129,3;SOORETAMA;Acumulo de água sobre o pavimento;Queda de ocupante de veículo;Com Vítimas Feridas;Plena Noite;Crescente;Garoa/Chuvisco;Simples;Declive;Não;1;0;1;0;1;0;0;1;-19,222965;-40,093453;SPRF-ES;DEL04-ES;UOP01-DEL04-ES
773005;20/05/2026;quarta-feira;18:55:00;RO;364;231,7;CACOAL;Demais falhas mecânicas ou elétricas;Saída de leito carroçável;Com Vítimas Feridas;Plena Noite;Decrescente;Nublado;Simples;"Reta;Declive";Sim;2;0;2;0;2;0;0;1;-11,46574;-61,407168;SPRF-RO;DEL02-RO;UOP02-DEL02-RO
773009;20/05/2026;quarta-feira;17:30:00;RJ;40;121;DUQUE DE CAXIAS;Manobra de mudança de faixa;Colisão lateral mesmo sentido;Com Vítimas Feridas;Pleno dia;Decrescente;Céu Claro;Múltipla;Reta;Não;2;0;1;0;1;1;0;2;-22,783967;-43,285582;SPRF-RJ;DEL01/RJ;UOP02-DEL01-RJ
773010;20/05/2026;quarta-feira;20:30:00;MG;381;443;SABARA;Desrespeitar a preferência no cruzamento;Colisão transversal;Com Vítimas Feridas;Plena Noite;Crescente;Garoa/Chuvisco;Simples;Reta;Sim;2;0;1;1;2;0;0;2;-19,83233665;-43,84552829;SPRF-MG;DEL01/MG;UOP01-DEL01-MG
773011;20/05/2026;quarta-feira;19:45:00;PR;369;86;CORNELIO PROCOPIO;Desrespeitar a preferência no cruzamento;Colisão transversal;Com Vítimas Feridas;Plena Noite;Decrescente;Garoa/Chuvisco;Simples;"Retorno Regulamentado;Reta;Interseção de Vias";Sim;3;0;1;1;2;1;0;2;-23,17353852;-50,62022416;SPRF-PR;DEL07/PR;UOP05-DEL07-PR
773012;20/05/2026;quarta-feira;13:30:00;PI;407;588;ACAUA;Ausência de reação do condutor;Saída de leito carroçável;Com Vítimas Fatais;Pleno dia;Crescente;Céu Claro;Simples;Reta;Não;1;1;0;0;0;0;0;1;-8,238203;-41,065155;SPRF-PI;DEL04-PI;UOP01-DEL04-PI
773013;20/05/2026;quarta-feira;19:00:00;BA;110;342;ALAGOINHAS;Acessar a via sem observar a presença dos outros veículos;Colisão transversal;Com Vítimas Feridas;Plena Noite;Crescente;Céu Claro;Simples;"Rotatória;Reta";Não;2;0;1;0;1;1;0;2;-12,07626387;-38,34530599;SPRF-BA;DEL01/BA;UOP04-DEL01-BA
773014;20/05/2026;quarta-feira;18:10:00;SC;163;104;SAO JOSE DO CEDRO;Desrespeitar a preferência no cruzamento;Colisão frontal;Com Vítimas Feridas;Plena Noite;Crescente;Céu Claro;Simples;"Reta;Interseção de Vias";Sim;2;0;1;0;1;1;0;2;-26,4543095;-53,510124;SPRF-SC;DEL07/SC;UOP03-DEL07-SC
773015;20/05/2026;quarta-feira;19:40:00;GO;364;314;MINEIROS;Ingestão de álcool pelo condutor;Colisão lateral mesmo sentido;Com Vítimas Feridas;Anoitecer;Crescente;Garoa/Chuvisco;Simples;Reta;Não;2;0;1;0;1;1;0;2;-17,44875;-52,59529;SPRF-GO;DEL05/GO;UOP01-DEL05-GO
773017;20/05/2026;quarta-feira;20:45:00;PR;163;232,9;TOLEDO;Velocidade Incompatível;Tombamento;Com Vítimas Feridas;Plena Noite;Decrescente;Nublado;Dupla;Reta;Não;1;0;1;0;1;0;0;1;-24,7818;-53,678;SPRF-PR;DEL04/PR;UOP01-DEL04-PR
773019;20/05/2026;quarta-feira;20:30:00;PE;101;59;RECIFE;Entrada inopinada do pedestre;Atropelamento de Pedestre;Sem Vítimas;Plena Noite;Crescente;Nublado;Dupla;Reta;Sim;2;0;0;0;0;1;0;2;-7,96793004;-34,91923702;SPRF-PE;DEL01/PE;UOP02-DEL01-PE
773021;20/05/2026;quarta-feira;21:30:00;MG;40;282;TRES MARIAS;Acesso irregular;Colisão transversal;Com Vítimas Feridas;Plena Noite;Crescente;Céu Claro;Simples;Curva;Sim;5;0;1;1;2;3;0;2;-18,25140653;-45,19642923;SPRF-MG;DEL14/MG;UOP02-DEL14-MG
773022;20/05/2026;quarta-feira;21:40:00;RJ;101;383,8;RIO DE JANEIRO;Chuva;Colisão com objeto;Com Vítimas Feridas;Plena Noite;Crescente;Céu Claro;Múltipla;Reta;Não;2;0;1;0;1;1;0;2;-22,879658;-43,626873;SPRF-RJ;DEL03/RJ;UOP01-DEL03-RJ
773024;20/05/2026;quarta-feira;21:15:00;MG;116;528;CARATINGA;Velocidade Incompatível;Colisão com objeto;Com Vítimas Feridas;Plena Noite;Decrescente;Céu Claro;Simples;Curva;Sim;1;0;1;0;1;0;0;1;-19,797666;-42,138083;SPRF-MG;DEL06/MG;UOP02-DEL06-MG
773025;20/05/2026;quarta-feira;22:30:00;PR;116;11;COLOMBO;Velocidade Incompatível;Colisão traseira;Sem Vítimas;Plena Noite;Decrescente;Nublado;Dupla;Reta;Sim;2;0;0;0;0;2;0;2;-25,37278959;-49,14021206;SPRF-PR;DEL01/PR;UOP02-DEL01-PR
773029;20/05/2026;quarta-feira;23:30:00;PR;116;100;SAO JOSE DOS PINHAIS;Reação tardia ou ineficiente do condutor;Colisão traseira;Com Vítimas Feridas;Plena Noite;Crescente;Garoa/Chuvisco;Dupla;Reta;Não;2;0;1;0;1;1;0;2;-25,56767043;-49,17200983;SPRF-PR;DEL01/PR;UOP08-DEL01-PR
773030;20/05/2026;quarta-feira;23:00:00;MA;222;668;ACAILANDIA;Iluminação deficiente;Colisão com objeto;Com Vítimas Feridas;Plena Noite;Crescente;Céu Claro;Simples;Reta;Sim;1;0;1;0;1;0;0;1;-4,92683;-47,441242;SPRF-MA;DEL04-MA;UOP03-DEL04-MA
773031;20/05/2026;quarta-feira;23:50:00;SP;116;2;GUARULHOS;Acessar a via sem observar a presença dos outros veículos;Colisão lateral mesmo sentido;Sem Vítimas;Plena Noite;Crescente;Nublado;Dupla;Reta;Não;3;0;0;0;0;3;0;3;-23,45295159;-46,49081921;SPRF-SP;DEL01/SP;UOP01-DEL01-SP
773034;20/05/2026;quarta-feira;17:10:00;RS;470;225;GARIBALDI;Ausência de reação do condutor;Engavetamento;Com Vítimas Feridas;Anoitecer;Decrescente;Céu Claro;Simples;Reta;Não;3;0;1;0;1;2;0;3;-29,248472;-51,514663;SPRF-RS;DEL06/RS;UOP01-DEL06-RS
773036;21/05/2026;quinta-feira;01:23:00;PE;104;48;CARUARU;Pedestre andava na pista;Capotamento;Com Vítimas Feridas;Plena Noite;Crescente;Céu Claro;Dupla;Declive;Não;3;0;2;0;2;1;0;1;-8,09571996;-36,03320821;SPRF-PE;DEL02/PE;UOP01-DEL02-PE
773037;20/05/2026;quarta-feira;15:30:00;MA;135;21;SAO LUIS;Acessar a via sem observar a presença dos outros veículos;Colisão frontal;Com Vítimas Feridas;Pleno dia;Decrescente;Céu Claro;Dupla;Reta;Sim;2;0;0;1;1;1;0;2;-2,56602;-44,32405;SPRF-MA;DEL01-MA;UOP01-DEL01-MA
773040;21/05/2026;quinta-feira;04:00:00;MG;40;571,3;NOVA LIMA;Transitar na contramão;Colisão lateral sentido oposto;Com Vítimas Feridas;Plena Noite;Decrescente;Céu Claro;Simples;"Curva;Declive";Sim;2;0;1;0;1;1;0;2;-20,22105;-43,971183;SPRF-MG;DEL01/MG;UOP02-DEL01-MG
773044;21/05/2026;quinta-feira;02:35:00;MT;163;755;SORRISO;Ausência de reação do condutor;Saída de leito carroçável;Sem Vítimas;Plena Noite;Decrescente;Céu Claro;Dupla;Retorno Regulamentado;Sim;1;0;0;0;0;1;0;1;-12,52672664;-55,70345163;SPRF-MT;DEL06/MT;UOP01-DEL06-MT
773045;21/05/2026;quinta-feira;05:00:00;RJ;101;53;CAMPOS DOS GOYTACAZES;Ausência de reação do condutor;Queda de ocupante de veículo;Com Vítimas Feridas;Amanhecer;Crescente;Céu Claro;Simples;Reta;Não;2;0;2;0;2;0;0;1;-21,661401;-41,311443;SPRF-RJ;DEL08/RJ;UOP01-DEL08-RJ
773046;21/05/2026;quinta-feira;05:00:00;GO;60;377;RIO VERDE;Ingestão de álcool pelo condutor;Saída de leito carroçável;Sem Vítimas;Plena Noite;Crescente;Céu Claro;Dupla;Reta;Não;1;0;0;0;0;1;0;1;-17,756198;-50,879125;SPRF-GO;DEL04/GO;UOP02-DEL04-GO
773049;21/05/2026;quinta-feira;05:20:00;BA;324;579;CANDEIAS;Demais falhas mecânicas ou elétricas;Incêndio;Sem Vítimas;Pleno dia;Crescente;Céu Claro;Dupla;Reta;Não;2;0;0;0;0;2;0;1;-12,60273161;-38,50253105;SPRF-BA;DEL01/BA;UOP01-DEL01-BA
773050;21/05/2026;quinta-feira;04:40:00;MG;116;486,9;INHAPIM;Ausência de reação do condutor;Saída de leito carroçável;Com Vítimas Feridas;Plena Noite;Decrescente;Céu Claro;Simples;"Curva;Declive";Não;4;0;4;0;4;0;0;1;-19,4525016;-42,1290342;SPRF-MG;DEL06/MG;UOP02-DEL06-MG
773051;21/05/2026;quinta-feira;06:30:00;RN;101;82,4;SAO GONCALO DO AMARANTE;Condutor deixou de manter distância do veículo da frente;Colisão traseira;Sem Vítimas;Pleno dia;Crescente;Céu Claro;Dupla;Reta;Sim;5;0;0;0;0;3;0;3;-5,769127;-35,271632;SPRF-RN;DEL02-RN;UOP01-DEL02-RN
773053;20/05/2026;quarta-feira;15:00:00;PI;407;423,9;PICOS;Reação tardia ou ineficiente do condutor;Colisão traseira;Sem Vítimas;Pleno dia;Crescente;Sol;Simples;Reta;Sim;3;0;0;0;0;3;0;3;-7,090223;-41,425973;SPRF-PI;DEL04-PI;UOP01-DEL04-PI
773054;21/05/2026;quinta-feira;06:10:00;SC;101;207,9;SAO JOSE;Manobra de mudança de faixa;Colisão lateral mesmo sentido;Com Vítimas Feridas;Amanhecer;Decrescente;Céu Claro;Dupla;"Reta;Declive";Sim;2;0;1;0;1;1;0;2;-27,60463499;-48,63300598;SPRF-SC;DEL01/SC;UOP01-DEL01-SC
773056;21/05/2026;quinta-feira;05:30:00;PR;277;4,9;CURITIBA;Ausência de sinalização;Tombamento;Sem Vítimas;Amanhecer;Decrescente;Nublado;Dupla;Reta;Sim;2;0;0;0;0;1;0;2;-25,43042988;-49,31752405;SPRF-PR;DEL01/PR;UOP06-DEL01-PR
773058;21/05/2026;quinta-feira;06:50:00;MT;70;6;BARRA DO GARCAS;Pista Escorregadia;Queda de ocupante de veículo;Com Vítimas Feridas;Pleno dia;Decrescente;Céu Claro;Simples;"Curva;Declive";Sim;1;0;1;0;1;0;0;1;-15,8780317;-52,31293;SPRF-MT;DEL07/MT;UOP01-DEL07-MT
773059;21/05/2026;quinta-feira;06:04:00;DF;60;2,5;BRASILIA;Condutor deixou de manter distância do veículo da frente;Colisão traseira;Com Vítimas Feridas;Pleno dia;Crescente;Céu Claro;Dupla;Reta;Sim;2;0;1;0;1;1;0;2;-15,88823;-48,080837;SPRF-DF;DEL03-DF;UOP01-DEL03-DF
773060;21/05/2026;quinta-feira;06:00:00;MA;316;265;SANTA INES;Ingestão de álcool pelo condutor;Colisão transversal;Sem Vítimas;Amanhecer;Crescente;Nublado;Simples;Reta;Sim;2;0;0;0;0;2;0;2;-3,68337334;-45,34881592;SPRF-MA;DEL02-MA;UOP01-DEL02-MA
773061;21/05/2026;quinta-feira;06:20:00;PR;369;70,9;SANTA MARIANA;Ultrapassagem Indevida;Saída de leito carroçável;Com Vítimas Feridas;Amanhecer;Crescente;Nublado;Simples;Reta;Não;1;0;0;1;1;0;0;1;-23,14262167;-50,49023375;SPRF-PR;DEL07/PR;UOP05-DEL07-PR
773062;21/05/2026;quinta-feira;07:00:00;SP;116;218,9;GUARULHOS;Trafegar com motocicleta (ou similar) entre as faixas;Colisão lateral mesmo sentido;Com Vítimas Feridas;Pleno dia;Crescente;Nublado;Múltipla;Reta;Não;2;0;1;0;1;0;0;2;-23,462123;-46,491923;SPRF-SP;DEL01/SP;UOP01-DEL01-SP
773063;21/05/2026;quinta-feira;06:34:00;TO;10;437;PALMAS;Acessar a via sem observar a presença dos outros veículos;Colisão transversal;Com Vítimas Feridas;Pleno dia;Crescente;Céu Claro;Múltipla;Reta;Não;2;0;0;1;1;1;0;2;-10,26529;-48,30774;SPRF-TO;DEL01-TO;UOP03-DEL01-TO
773064;21/05/2026;quinta-feira;04:12:00;PI;316;391;FRANCISCO MACEDO;Ingestão de álcool pelo condutor;Tombamento;Com Vítimas Feridas;Plena Noite;Crescente;Céu Claro;Simples;"Reta;Declive";Não;1;0;1;0;1;0;0;1;-7,287475;-40,824542;SPRF-PI;DEL04-PI;UOP03-DEL04-PI
773065;21/05/2026;quinta-feira;06:20:00;SC;470;62,4;INDAIAL;Trafegar com motocicleta (ou similar) entre as faixas;Colisão lateral mesmo sentido;Com Vítimas Feridas;Amanhecer;Decrescente;Céu Claro;Simples;Curva;Não;5;0;1;0;1;4;0;2;-26,87451507;-49,1866593;SPRF-SC;DEL04/SC;UOP01-DEL04-SC
773066;21/05/2026;quinta-feira;07:10:00;MG;116;277,1;TEOFILO OTONI;Desrespeitar a preferência no cruzamento;Colisão transversal;Com Vítimas Feridas;Amanhecer;Decrescente;Nublado;Dupla;Interseção de Vias;Sim;2;0;1;0;1;1;0;2;-17,861218;-41,514872;SPRF-MG;DEL11/MG;UOP01-DEL11-MG
773067;21/05/2026;quinta-feira;07:15:00;RS;116;258;ESTEIO;Acessar a via sem observar a presença dos outros veículos;Colisão traseira;Com Vítimas Feridas;Pleno dia;Decrescente;Céu Claro;Dupla;Reta;Sim;2;0;1;0;1;1;0;2;-29,84355146;-51,1772207;SPRF-RS;DEL01/RS;UOP02-DEL01-RS
773069;20/05/2026;quarta-feira;22:20:00;RJ;116;182;NOVA IGUACU;Acessar a via sem observar a presença dos outros veículos;Colisão traseira;Com Vítimas Feridas;Plena Noite;Crescente;Garoa/Chuvisco;Simples;Reta;Sim;5;0;2;0;2;1;0;3;-22,753313;-43,436447;SPRF-RJ;DEL06/RJ;UOP01-DEL06-RJ
773073;21/05/2026;quinta-feira;05:00:00;AM;230;617;HUMAITA;Reação tardia ou ineficiente do condutor;Colisão traseira;Com Vítimas Feridas;Amanhecer;Crescente;Nevoeiro/Neblina;Simples;Reta;Não;2;0;1;0;1;0;0;2;-7,53675;-63,058383;SPRF-AM;DEL02-AM;UOP01-DEL02-AM
773075;21/05/2026;quinta-feira;07:50:00;RS;285;569;SAO LUIZ GONZAGA;Conversão proibida;Colisão frontal;Com Vítimas Feridas;Pleno dia;Decrescente;Céu Claro;Simples;Reta;Sim;4;0;0;1;1;3;0;3;-28,41529422;-54,97347987;SPRF-RS;DEL12/RS;UOP01-DEL12-RS
773078;21/05/2026;quinta-feira;08:15:00;SC;101;202;SAO JOSE;Mal súbito do condutor;Colisão com objeto;Com Vítimas Feridas;Pleno dia;Decrescente;Céu Claro;Múltipla;"Reta;Ponte";Sim;1;0;1;0;1;0;0;1;-27,55137;-48,62064;SPRF-SC;DEL01/SC;UOP01-DEL01-SC
773079;21/05/2026;quinta-feira;07:50:00;PR;277;652,8;MATELANDIA;Ausência de reação do condutor;Colisão traseira;Com Vítimas Feridas;Pleno dia;Crescente;Céu Claro;Simples;Reta;Sim;2;0;1;0;1;1;0;2;-25,19778572;-53,94379076;SPRF-PR;DEL05/PR;UOP02-DEL05-PR
773080;21/05/2026;quinta-feira;07:15:00;RS;386;440;CANOAS;Manobra de mudança de faixa;Colisão lateral mesmo sentido;Com Vítimas Feridas;Amanhecer;Crescente;Céu Claro;Dupla;Reta;Sim;2;0;1;0;1;1;0;2;-29,88123493;-51,23888108;SPRF-RS;DEL01/RS;UOP01-DEL01-RS
773081;21/05/2026;quinta-feira;05:50:00;RS;290;27;SANTO ANTONIO DA PATRULHA;Ausência de reação do condutor;Saída de leito carroçável;Com Vítimas Feridas;Plena Noite;Crescente;Céu Claro;Múltipla;Reta;Não;5;0;5;0;5;0;0;2;-29,88209411;-50,52976783;SPRF-RS;DEL03/RS;UOP01-DEL03-RS
773082;21/05/2026;quinta-feira;06:00:00;PR;280;299,1;FLOR DA SERRA DO SUL;Condutor Dormindo;Saída de leito carroçável;Com Vítimas Feridas;Amanhecer;Decrescente;Céu Claro;Simples;Curva;Não;2;0;1;1;2;0;0;1;-26,25123851;-53,34909439;SPRF-PR;DEL02/PR;UOP01-DEL02-PR
773083;21/05/2026;quinta-feira;07:45:00;PR;376;1,1;APUCARANA;Acessar a via sem observar a presença dos outros veículos;Colisão transversal;Com Vítimas Feridas;Pleno dia;Crescente;Céu Claro;Simples;"Reta;Aclive";Sim;2;0;0;1;1;1;0;2;-23,57168708;-51,42782807;SPRF-PR;DEL07/PR;UOP03-DEL07-PR
773084;21/05/2026;quinta-feira;07:50:00;RN;304;296;MACAIBA;Acessar a via sem observar a presença dos outros veículos;Colisão transversal;Com Vítimas Feridas;Pleno dia;Crescente;Nublado;Simples;"Aclive;Em Obras";Sim;2;0;1;0;1;0;0;2;-5,865118;-35,351104;SPRF-RN;DEL01-RN;UOP02-DEL01-RN
773086;21/05/2026;quinta-feira;06:20:00;RS;116;193;PICADA CAFE;Reação tardia ou ineficiente do condutor;Colisão frontal;Com Vítimas Feridas;Amanhecer;Crescente;Céu Claro;Simples;Curva;Não;2;0;2;0;2;0;0;2;-29,4435727;-51,14013283;SPRF-RS;DEL05/RS;UOP02-DEL05-RS
773087;21/05/2026;quinta-feira;05:40:00;RS;471;150,4;SANTA CRUZ DO SUL;Pedestre cruzava a pista fora da faixa;Atropelamento de Pedestre;Com Vítimas Feridas;Plena Noite;Crescente;Céu Claro;Dupla;"Retorno Regulamentado;Reta;Interseção de Vias";Sim;2;0;1;0;1;1;0;2;-29,77925403;-52,41579143;SPRF-RS;DEL02/RS;UOP03-DEL02-RS
773088;21/05/2026;quinta-feira;05:30:00;BA;324;579;CANDEIAS;Demais falhas mecânicas ou elétricas;Incêndio;Sem Vítimas;Pleno dia;Crescente;Nublado;Dupla;Reta;Não;1;0;0;0;0;1;0;1;-12,60955425;-38,49299178;SPRF-BA;DEL01/BA;UOP01-DEL01-BA
773089;18/04/2026;sábado;09:00:00;AL;316;79;SANTANA DO IPANEMA;Acessar a via sem observar a presença dos outros veículos;Colisão transversal;Com Vítimas Feridas;Pleno dia;Decrescente;Céu Claro;Simples;Reta;Não;2;0;0;1;1;1;0;2;-9,343877;-37,279842;SPRF-AL;DEL03-AL;UOP02-DEL03-AL
773090;21/05/2026;quinta-feira;07:30:00;SP;116;385;MIRACATU;Acesso irregular;Colisão transversal;Com Vítimas Feridas;Pleno dia;Decrescente;Céu Claro;Simples;Retorno Regulamentado;Não;3;0;1;0;1;2;0;2;-24,25127316;-47,37280933;SPRF-SP;DEL04/SP;UOP02-DEL04-SP
773091;21/05/2026;quinta-feira;07:20:00;BA;415;20,4;ILHEUS;Velocidade Incompatível;Capotamento;Com Vítimas Feridas;Pleno dia;Crescente;Chuva;Dupla;Curva;Não;1;0;1;0;1;0;0;1;-14,80402;-39,146543;SPRF-BA;DEL05/BA;UOP01-DEL05-BA
773092;21/05/2026;quinta-feira;08:30:00;MG;381;846;SAO SEBASTIAO DA BELA VISTA;Demais falhas mecânicas ou elétricas;Incêndio;Sem Vítimas;Pleno dia;Crescente;Céu Claro;Dupla;Reta;Não;2;0;0;0;0;2;0;1;-22,211161;-45,866778;SPRF-MG;DEL16/MG;UOP01-DEL16-MG
773093;21/05/2026;quinta-feira;06:41:00;AC;364;138;RIO BRANCO;Mal súbito do condutor;Queda de ocupante de veículo;Com Vítimas Feridas;Pleno dia;Decrescente;Céu Claro;Dupla;Reta;Sim;2;0;1;1;2;0;0;1;-9,960013;-67,857023;SPRF-AC;DEL01-AC;UOP01-DEL01-AC