id;data_inversa;dia_semana;horario;uf;br;km;municipio;causa_acidente;tipo_acidente;classificacao_acidente;fase_dia;sentido_via;condicao_metereologica;tipo_pista;tracado_via;uso_solo;pessoas;mortos;feridos_leves;feridos_graves;feridos;ilesos;ignorados;veiculos;latitude;longitude;regional;delegacia;uop
773094;21/05/2026;quinta-feira;07:42:00;MT;163;835;SINOP;Reação tardia ou ineficiente do condutor;Colisão lateral mesmo sentido;Com Vítimas Feridas;Pleno dia;Decrescente;Nublado;Dupla;Declive;Sim;2;0;1;0;1;1;0;2;-11,859359;-55,494757;SPRF-MT;DEL06/MT;UOP02-DEL06-MT
773098;21/05/2026;quinta-feira;08:20:00;PA;230;113;MARABA;Ausência de reação do condutor;Colisão transversal;Com Vítimas Feridas;Pleno dia;Crescente;Céu Claro;Simples;Reta;Não;2;0;1;0;1;1;0;2;-5,366443;-49,059158;SPRF-PA;DEL03/PA;UOP01-DEL03-PA
773099;21/05/2026;quinta-feira;09:30:00;GO;20;18,1;FORMOSA;Acessar a via sem observar a presença dos outros veículos;Colisão transversal;Com Vítimas Feridas;Pleno dia;Decrescente;Céu Claro;Simples;"Reta;Interseção de Vias";Não;5;0;3;0;3;2;0;2;-15,557133;-47,198097;SPRF-DF;DEL02-DF;UOP02-DEL02-DF
773100;21/05/2026;quinta-feira;09:55:00;MA;316;601;TIMON;Condutor deixou de manter distância do veículo da frente;Colisão traseira;Com Vítimas Feridas;Pleno dia;Crescente;Céu Claro;Simples;Reta;Não;2;0;0;1;1;1;0;2;-5,03806237;-42,93187213;SPRF-MA;DEL03-MA;UOP02-DEL03-MA
773101;20/05/2026;quarta-feira;07:15:00;RJ;40;124;DUQUE DE CAXIAS;Acumulo de água sobre o pavimento;Tombamento;Com Vítimas Feridas;Pleno dia;Crescente;Chuva;Simples;Curva;Sim;2;0;1;0;1;1;0;2;-22,80619721;-43,28975272;SPRF-RJ;DEL01/RJ;UOP02-DEL01-RJ
773102;16/05/2026;sábado;19:00:00;MS;267;672;PORTO MURTINHO;Animais na Pista;Atropelamento de Animal;Com Vítimas Feridas;Plena Noite;Crescente;Chuva;Simples;Curva;Não;1;0;1;0;1;0;0;1;-21,70554828;-57,79363366;SPRF-MS;DEL05/MS;UOP01-DEL05-MS
773103;21/05/2026;quinta-feira;08:35:00;RJ;393;3;VOLTA REDONDA;Retorno proibido;Colisão transversal;Com Vítimas Feridas;Pleno dia;Crescente;Nublado;Simples;"Reta;Aclive";Não;4;0;2;2;4;0;0;2;-22,50718991;-44,05713916;SPRF-RJ;DEL05/RJ;UOP04-DEL05-RJ
773107;21/05/2026;quinta-feira;08:10:00;MG;381;907,9;CAMBUI;Reação tardia ou ineficiente do condutor;Tombamento;Com Vítimas Feridas;Pleno dia;Decrescente;Céu Claro;Dupla;"Curva;Declive";Não;1;0;0;1;1;0;0;1;-22,67482673;-46,0916698;SPRF-MG;DEL16/MG;UOP03-DEL16-MG
773108;21/05/2026;quinta-feira;06:45:00;SP;116;219;GUARULHOS;Manobra de mudança de faixa;Colisão traseira;Com Vítimas Feridas;Pleno dia;Crescente;Nublado;Múltipla;Reta;Sim;3;0;0;1;1;2;0;3;-23,458035;-46,491005;SPRF-SP;DEL01/SP;UOP01-DEL01-SP
773110;21/05/2026;quinta-feira;08:59:00;BA;367;25;PORTO SEGURO;Ausência de reação do condutor;Colisão traseira;Sem Vítimas;Pleno dia;Crescente;Sol;Múltipla;Reta;Sim;2;0;0;0;0;2;0;2;-16,433283;-39,094777;SPRF-BA;DEL09/BA;UOP03-DEL09-BA
773112;27/04/2026;segunda-feira;10:20:00;MG;116;501,7;INHAPIM;Mal súbito do condutor;Colisão frontal;Com Vítimas Fatais;Pleno dia;Crescente;Sol;Simples;Reta;Não;3;1;0;1;1;0;0;3;-19,578022;-42,11548;SPRF-MG;DEL06/MG;UOP02-DEL06-MG
773116;21/05/2026;quinta-feira;10:47:00;PI;316;3,4;TERESINA;Ausência de reação do condutor;Colisão traseira;Com Vítimas Feridas;Pleno dia;Decrescente;Céu Claro;Simples;Reta;Sim;2;0;1;0;1;1;0;2;-5,131718;-42,791368;SPRF-PI;DEL01-PI;UOP02-DEL01-PI
773117;21/04/2026;terça-feira;07:00:00;PA;230;130;MARABA;Ausência de reação do condutor;Colisão com objeto;Com Vítimas Fatais;Amanhecer;Decrescente;Chuva;Simples;"Reta;Declive";Não;3;1;2;0;2;0;0;1;-5,36789;-49,19498;SPRF-PA;DEL03/PA;UOP01-DEL03-PA
773119;21/05/2026;quinta-feira;09:30:00;MG;381;577,8;CARMOPOLIS DE MINAS;Reação tardia ou ineficiente do condutor;Incêndio;Sem Vítimas;Pleno dia;Crescente;Céu Claro;Dupla;Reta;Não;1;0;0;0;0;0;1;1;-20,46796353;-44,58225424;SPRF-MG;DEL04/MG;UOP01-DEL04-MG
773120;20/05/2026;quarta-feira;17:20:00;SC;101;179,7;BIGUACU;Reação tardia ou ineficiente do condutor;Atropelamento de Pedestre;Com Vítimas Feridas;Anoitecer;Crescente;Nublado;Dupla;"Reta;Viaduto";Sim;2;0;0;1;1;1;0;2;-27,37895;-48,6311;SPRF-SC;DEL01/SC;UOP01-DEL01-SC
773124;21/05/2026;quinta-feira;11:50:00;MA;316;262,6;SANTA INES;Ingestão de álcool pelo condutor;Colisão frontal;Com Vítimas Feridas;Pleno dia;Crescente;Céu Claro;Simples;Reta;Sim;2;0;0;1;1;1;0;2;-3,676089;-45,374885;SPRF-MA;DEL02-MA;UOP01-DEL02-MA
773126;21/05/2026;quinta-feira;10:30:00;RJ;40;92;PETROPOLIS;Pista Escorregadia;Colisão com objeto;Com Vítimas Feridas;Pleno dia;Decrescente;Garoa/Chuvisco;Dupla;Curva;Não;2;0;2;0;2;0;0;1;-22,57296273;-43,25471878;SPRF-RJ;DEL01/RJ;UOP01-DEL01-RJ
773127;21/05/2026;quinta-feira;10:15:00;RJ;40;93;DUQUE DE CAXIAS;Pista Escorregadia;Tombamento;Com Vítimas Feridas;Pleno dia;Crescente;Nublado;Dupla;Curva;Sim;3;0;2;0;2;1;0;1;-22,557014;-43,2658674;SPRF-RJ;DEL01/RJ;UOP01-DEL01-RJ
773128;21/05/2026;quinta-feira;12:20:00;RS;116;262;CANOAS;Manobra de mudança de faixa;Colisão lateral mesmo sentido;Com Vítimas Feridas;Pleno dia;Crescente;Céu Claro;Dupla;Reta;Sim;3;0;2;0;2;1;0;2;-29,89509174;-51,17638634;SPRF-RS;DEL01/RS;UOP01-DEL01-RS
773129;21/05/2026;quinta-feira;12:50:00;PR;277;73;SAO JOSE DOS PINHAIS;Ausência de reação do condutor;Saída de leito carroçável;Com Vítimas Feridas;Pleno dia;Decrescente;Nublado;Dupla;"Reta;Em Obras";Não;1;0;0;1;1;0;0;1;-25,502;-49,147;SPRF-PR;DEL01/PR;UOP08-DEL01-PR
773131;13/05/2026;quarta-feira;15:58:00;RN;101;130;NISIA FLORESTA;Reação tardia ou ineficiente do condutor;Colisão traseira;Com Vítimas Feridas;Pleno dia;Decrescente;Céu Claro;Dupla;"Reta;Ponte";Não;2;0;1;0;1;1;0;2;-6,11168634;-35,23374908;SPRF-RN;DEL01-RN;UOP01-DEL01-RN
773132;21/05/2026;quinta-feira;13:00:00;GO;70;5,6;AGUAS LINDAS DE GOIAS;Ausência de reação do condutor;Colisão com objeto;Com Vítimas Feridas;Pleno dia;Crescente;Céu Claro;Dupla;"Reta;Retorno Regulamentado";Sim;2;0;1;0;1;1;0;2;-15,74127872;-48,27029622;SPRF-DF;DEL03-DF;UOP02-DEL03-DF
773135;21/05/2026;quinta-feira;12:10:00;MG;116;487;INHAPIM;Reação tardia ou ineficiente do condutor;Colisão traseira;Sem Vítimas;Pleno dia;Crescente;Nublado;Simples;Reta;Não;2;0;0;0;0;2;0;2;-19,50556068;-42,12712096;SPRF-MG;DEL06/MG;UOP02-DEL06-MG
773136;21/05/2026;quinta-feira;11:43:00;BA;110;202;CIPO;Conversão proibida;Colisão lateral mesmo sentido;Com Vítimas Feridas;Pleno dia;Decrescente;Nublado;Simples;Reta;Não;3;0;1;1;2;1;0;2;-11,07846811;-38,509655;SPRF-BA;DEL07/BA;UOP02-DEL07-BA
773138;21/05/2026;quinta-feira;12:00:00;RO;364;12;VILHENA;Condutor deixou de manter distância do veículo da frente;Colisão traseira;Com Vítimas Feridas;Pleno dia;Decrescente;Céu Claro;Dupla;Reta;Sim;2;0;1;0;1;1;0;2;-12,74487923;-60,12019157;SPRF-RO;DEL04-RO;UOP01-DEL04-RO
773139;21/05/2026;quinta-feira;13:30:00;PR;277;117;CAMPO LARGO;Condutor deixou de manter distância do veículo da frente;Engavetamento;Sem Vítimas;Pleno dia;Decrescente;Céu Claro;Dupla;"Aclive;Reta";Sim;3;0;0;0;0;2;0;3;-25,443327;-49,457562;SPRF-PR;DEL01/PR;UOP07-DEL01-PR
773148;21/05/2026;quinta-feira;09:20:00;BA;324;575;SAO SEBASTIAO DO PASSE;Demais falhas mecânicas ou elétricas;Tombamento;Sem Vítimas;Pleno dia;Crescente;Nublado;Dupla;Reta;Não;1;0;0;0;0;1;0;1;-12,58354923;-38,53124142;SPRF-BA;DEL01/BA;UOP01-DEL01-BA
773149;21/05/2026;quinta-feira;07:30:00;RJ;393;4,8;VOLTA REDONDA;Ausência de reação do condutor;Saída de leito carroçável;Com Vítimas Feridas;Pleno dia;Decrescente;Céu Claro;Simples;"Curva;Aclive";Não;1;0;1;0;1;0;0;1;-22,52301107;-44,04979437;SPRF-RJ;DEL05/RJ;UOP04-DEL05-RJ
773150;21/05/2026;quinta-feira;11:58:00;SC;470;76,9;INDAIAL;Condutor deixou de manter distância do veículo da frente;Colisão traseira;Com Vítimas Feridas;Pleno dia;Decrescente;Céu Claro;Simples;Reta;Não;2;0;0;1;1;1;0;2;-26,91337312;-49,27904304;SPRF-SC;DEL04/SC;UOP01-DEL04-SC
773152;21/05/2026;quinta-feira;13:15:00;SC;101;360;SANGAO;Reação tardia ou ineficiente do condutor;Colisão traseira;Com Vítimas Feridas;Pleno dia;Decrescente;Céu Claro;Simples;Reta;Não;3;0;1;1;2;1;0;2;-28,664505;-49,113228;SPRF-SC;DEL02/SC;UOP01-DEL02-SC
773153;21/05/2026;quinta-feira;13:50:00;MG;116;414,5;GOVERNADOR VALADARES;Ultrapassagem Indevida;Colisão transversal;Com Vítimas Feridas;Pleno dia;Decrescente;Sol;Simples;Retorno Regulamentado;Sim;2;0;1;0;1;1;0;2;-18,90297756;-41,94653034;SPRF-MG;DEL06/MG;UOP01-DEL06-MG
773157;21/05/2026;quinta-feira;09:35:00;GO;153;272;NOVA GLORIA;Objeto estático sobre o leito carroçável;Colisão com objeto;Com Vítimas Feridas;Pleno dia;Crescente;Céu Claro;Simples;Reta;Não;4;0;4;0;4;0;0;1;-15,04435;-49,441595;SPRF-GO;DEL07/GO;UOP02-DEL07-GO
773160;21/05/2026;quinta-feira;14:50:00;SP;116;110;TAUBATE;Condutor deixou de manter distância do veículo da frente;Colisão lateral mesmo sentido;Com Vítimas Feridas;Pleno dia;Crescente;Nublado;Dupla;Reta;Não;2;0;0;1;1;1;0;2;-23,02900422;-45,54586021;SPRF-SP;DEL02/SP;UOP02-DEL02-SP
773161;21/05/2026;quinta-feira;14:40:00;BA;324;624;SALVADOR;Condutor deixou de manter distância do veículo da frente;Engavetamento;Com Vítimas Feridas;Pleno dia;Crescente;Céu Claro;Dupla;Reta;Não;4;0;1;0;1;3;0;4;-12,9412872;-38,4710438;SPRF-BA;DEL01/BA;UOP01-DEL01-BA
773162;21/05/2026;quinta-feira;14:10:00;SP;116;277,9;ITAPECERICA DA SERRA;Demais falhas mecânicas ou elétricas;Incêndio;Sem Vítimas;Pleno dia;Decrescente;Garoa/Chuvisco;Dupla;Curva;Não;1;0;0;0;0;0;1;1;-23,70050923;-46,86869837;SPRF-SP;DEL04/SP;UOP01-DEL04-SP
773163;21/05/2026;quinta-feira;15:00:00;PR;277;83,8;CURITIBA;Ausência de reação do condutor;Queda de ocupante de veículo;Com Vítimas Feridas;Pleno dia;Decrescente;Céu Claro;Dupla;Reta;Sim;2;0;1;0;1;1;0;2;-25,44472289;-49,23278284;SPRF-PR;DEL01/PR;UOP03-DEL01-PR
773166;21/05/2026;quinta-feira;13:00:00;RO;425;80;NOVA MAMORE;Reação tardia ou ineficiente do condutor;Colisão transversal;Com Vítimas Feridas;Pleno dia;Crescente;Céu Claro;Simples;Reta;Sim;4;0;1;0;1;3;0;3;-10,41777576;-65,33335447;SPRF-RO;DEL01-RO;UOP03-DEL01-RO
773168;21/05/2026;quinta-feira;16:10:00;MG;40;809,3;MATIAS BARBOSA;Avarias e/ou desgaste excessivo no pneu;Tombamento;Com Vítimas Feridas;Pleno dia;Decrescente;Céu Claro;Dupla;Reta;Não;2;0;2;0;2;0;0;1;-21,8677811;-43,3534834;SPRF-MG;DEL05/MG;UOP01-DEL05-MG
773169;21/05/2026;quinta-feira;15:15:00;MG;381;501,5;BETIM;Condutor deixou de manter distância do veículo da frente;Colisão traseira;Com Vítimas Feridas;Pleno dia;Decrescente;Nublado;Dupla;Reta;Sim;1;0;1;0;1;0;0;1;-19,99674953;-44,20916375;SPRF-MG;DEL01/MG;UOP03-DEL01-MG
773171;21/05/2026;quinta-feira;14:50:00;MS;163;610;SAO GABRIEL DO OESTE;Ausência de reação do condutor;Colisão traseira;Sem Vítimas;Pleno dia;Crescente;Nublado;Simples;"Reta;Aclive";Não;2;0;0;0;0;2;0;2;-19,43116029;-54,53982923;SPRF-MS;DEL06/MS;UOP02-DEL06-MS
773172;21/05/2026;quinta-feira;13:00:00;RJ;101;470;ANGRA DOS REIS;Chuva;Saída de leito carroçável;Sem Vítimas;Pleno dia;Crescente;Chuva;Simples;Reta;Não;2;0;0;0;0;2;0;1;-23,00443;-44,2301;SPRF-RJ;DEL03/RJ;UOP03-DEL03-RJ
773173;21/05/2026;quinta-feira;16:37:00;RN;101;83,7;NATAL;Condutor deixou de manter distância do veículo da frente;Colisão traseira;Com Vítimas Feridas;Pleno dia;Decrescente;Nublado;Dupla;Reta;Sim;3;0;2;0;2;1;0;2;-5,772528;-35,262103;SPRF-RN;DEL02-RN;UOP01-DEL02-RN
773175;21/05/2026;quinta-feira;08:05:00;RO;364;425;JARU;Reação tardia ou ineficiente do condutor;Colisão lateral mesmo sentido;Com Vítimas Feridas;Pleno dia;Decrescente;Nublado;Simples;"Reta;Declive";Sim;2;0;1;0;1;1;0;2;-10,43658;-62,47322;SPRF-RO;DEL03-RO;UOP02-DEL03-RO
773176;21/05/2026;quinta-feira;15:50:00;ES;101;423,5;ATILIO VIVACQUA;Velocidade Incompatível;Colisão com objeto;Sem Vítimas;Pleno dia;Crescente;Céu Claro;Simples;Curva;Não;1;0;0;0;0;1;0;1;-20,9897473;-41,1187477;SPRF-ES;DEL03-ES;UOP02-DEL03-ES
773178;21/05/2026;quinta-feira;17:00:00;MG;116;688;MURIAE;Manobra de mudança de faixa;Saída de leito carroçável;Com Vítimas Feridas;Anoitecer;Crescente;Nublado;Simples;"Curva;Aclive";Não;1;0;1;0;1;0;0;1;-21,006394;-42,362551;SPRF-MG;DEL07/MG;UOP02-DEL07-MG
773179;21/05/2026;quinta-feira;10:30:00;RO;435;125;CEREJEIRAS;Conversão proibida;Colisão lateral mesmo sentido;Com Vítimas Feridas;Pleno dia;Crescente;Nublado;Simples;Reta;Não;2;0;1;0;1;1;0;2;-13,1889934;-60,83743215;SPRF-RO;DEL04-RO;UOP02-DEL04-RO
773180;21/05/2026;quinta-feira;16:25:00;RS;116;334;BARRA DO RIBEIRO;Ingestão de substâncias psicoativas pelo condutor;Colisão com objeto;Sem Vítimas;Pleno dia;Crescente;Céu Claro;Dupla;Reta;Não;1;0;0;0;0;1;0;1;-30,40802653;-51,45398422;SPRF-RS;DEL02/RS;UOP02-DEL02-RS
773181;21/05/2026;quinta-feira;15:00:00;AC;364;137;RIO BRANCO;Acessar a via sem observar a presença dos outros veículos;Colisão transversal;Com Vítimas Feridas;Pleno dia;Decrescente;Céu Claro;Dupla;Reta;Sim;2;0;1;0;1;1;0;2;-9,96936261;-67,85289137;SPRF-AC;DEL01-AC;UOP01-DEL01-AC
773182;21/05/2026;quinta-feira;16:00:00;SP;116;210;GUARULHOS;Manobra de mudança de faixa;Colisão lateral mesmo sentido;Com Vítimas Feridas;Pleno dia;Crescente;Nublado;Múltipla;Reta;Sim;2;0;1;0;1;1;0;2;-23,426667;-46,407009;SPRF-SP;DEL01/SP;UOP01-DEL01-SP
773184;21/05/2026;quinta-feira;09:20:00;SP;101;43;UBATUBA;Reação tardia ou ineficiente do condutor;Colisão lateral mesmo sentido;Com Vítimas Feridas;Pleno dia;Decrescente;Chuva;Simples;Rotatória;Sim;2;0;1;0;1;1;0;2;-23,409449;-45,059505;SPRF-SP;DEL06/SP;UOP01-DEL06-SP
773185;21/05/2026;quinta-feira;17:20:00;ES;101;144,1;LINHARES;Reação tardia ou ineficiente do condutor;Queda de ocupante de veículo;Com Vítimas Feridas;Anoitecer;Crescente;Céu Claro;Dupla;"Interseção de Vias;Aclive;Curva";Sim;1;0;1;0;1;0;0;1;-19,352926;-40,063635;SPRF-ES;DEL04-ES;UOP01-DEL04-ES
773187;21/05/2026;quinta-feira;16:25:00;PE;232;117,5;CARUARU;Ingestão de álcool pelo condutor;Saída de leito carroçável;Com Vítimas Feridas;Pleno dia;Decrescente;Céu Claro;Dupla;Curva;Não;1;0;0;1;1;0;0;1;-8,29451;-35,88292;SPRF-PE;DEL02/PE;UOP03-DEL02-PE
773188;21/05/2026;quinta-feira;17:20:00;PR;376;218;JANDAIA DO SUL;Mal súbito do condutor;Saída de leito carroçável;Com Vítimas Feridas;Anoitecer;Decrescente;Céu Claro;Dupla;Reta;Não;1;0;1;0;1;0;0;1;-23,588077;-51,623974;SPRF-PR;DEL09/PR;UOP01-DEL09-PR
773189;21/05/2026;quinta-feira;18:15:00;RJ;40;109;DUQUE DE CAXIAS;Manobra de mudança de faixa;Colisão traseira;Com Vítimas Feridas;Plena Noite;Decrescente;Garoa/Chuvisco;Múltipla;Reta;Sim;2;0;1;0;1;1;0;2;-22,68130795;-43,28556034;SPRF-RJ;DEL01/RJ;UOP02-DEL01-RJ
773191;21/05/2026;quinta-feira;17:35:00;RS;116;151,4;CAXIAS DO SUL;Manobra de mudança de faixa;Colisão lateral mesmo sentido;Com Vítimas Feridas;Plena Noite;Crescente;Céu Claro;Dupla;Curva;Sim;2;0;1;0;1;1;0;2;-29,180707;-51,164838;SPRF-RS;DEL05/RS;UOP01-DEL05-RS
773192;21/05/2026;quinta-feira;16:30:00;SC;101;135;BALNEARIO CAMBORIU;Reação tardia ou ineficiente do condutor;Colisão traseira;Com Vítimas Feridas;Pleno dia;Crescente;Céu Claro;Dupla;Reta;Sim;2;0;1;0;1;1;0;2;-27,00644223;-48,62357587;SPRF-SC;DEL04/SC;UOP03-DEL04-SC
773193;21/05/2026;quinta-feira;18:20:00;CE;116;15;ITAITINGA;Manobra de mudança de faixa;Colisão lateral mesmo sentido;Com Vítimas Feridas;Plena Noite;Crescente;Céu Claro;Múltipla;Reta;Sim;3;0;2;0;2;0;0;2;-3,89134;-38,50223;SPRF-CE;DEL01/CE;UOP02-DEL01-CE
773194;21/05/2026;quinta-feira;18:20:00;PE;101;25,8;ITAPISSUMA;Animais na Pista;Atropelamento de Animal;Com Vítimas Feridas;Plena Noite;Crescente;Nublado;Dupla;"Reta;Declive";Não;1;0;1;0;1;0;0;1;-7,70767;-34,9276;SPRF-PE;DEL01/PE;UOP02-DEL01-PE
773195;21/05/2026;quinta-feira;17:05:00;RS;287;398,9;SANTIAGO;Desrespeitar a preferência no cruzamento;Colisão transversal;Com Vítimas Feridas;Anoitecer;Crescente;Céu Claro;Simples;"Reta;Interseção de Vias;Aclive";Sim;3;0;1;0;1;2;0;2;-29,16900169;-54,86283157;SPRF-RS;DEL12/RS;UOP02-DEL12-RS
773200;21/05/2026;quinta-feira;18:15:00;RS;116;268;CANOAS;Condutor deixou de manter distância do veículo da frente;Colisão traseira;Com Vítimas Feridas;Anoitecer;Crescente;Céu Claro;Múltipla;Reta;Sim;5;0;3;0;3;2;0;2;-29,94988203;-51,17668655;SPRF-RS;DEL01/RS;UOP01-DEL01-RS
773201;28/04/2026;terça-feira;20:50:00;SP;381;74;SAO PAULO;Demais falhas mecânicas ou elétricas;Colisão lateral mesmo sentido;Com Vítimas Feridas;Plena Noite;Decrescente;Céu Claro;Múltipla;Reta;Não;3;0;1;0;1;2;0;3;-23,37749312;-46,56148911;SPRF-SP;DEL03/SP;UOP01-DEL03-SP
773202;13/05/2026;quarta-feira;09:00:00;RS;392;329;SANTA MARIA;Objeto estático sobre o leito carroçável;Colisão com objeto;Sem Vítimas;Pleno dia;Decrescente;Céu Claro;Simples;Reta;Não;2;0;0;0;0;2;0;1;-29,912986;-53,728533;SPRF-RS;DEL09/RS;UOP01-DEL09-RS
773204;21/05/2026;quinta-feira;19:00:00;RS;472;179;SANTA ROSA;Condutor deixou de manter distância do veículo da frente;Colisão traseira;Com Vítimas Feridas;Plena Noite;Decrescente;Céu Claro;Simples;Reta;Não;2;0;1;0;1;1;0;2;-27,84787978;-54,55295563;SPRF-RS;DEL10/RS;UOP01-DEL10-RS
773205;21/05/2026;quinta-feira;18:15:00;SC;101;282,8;IMBITUBA;Manobra de mudança de faixa;Tombamento;Com Vítimas Feridas;Plena Noite;Crescente;Céu Claro;Múltipla;Interseção de Vias;Não;1;0;1;0;1;0;0;1;-28,219549;-48,7004;SPRF-SC;DEL02/SC;UOP03-DEL02-SC
773206;21/05/2026;quinta-feira;18:10:00;RO;364;14;VILHENA;Ausência de reação do condutor;Queda de ocupante de veículo;Com Vítimas Feridas;Anoitecer;Decrescente;Céu Claro;Dupla;Reta;Sim;1;0;0;1;1;0;0;1;-12,73877264;-60,14191596;SPRF-RO;DEL04-RO;UOP01-DEL04-RO
773207;21/05/2026;quinta-feira;19:20:00;GO;40;11;LUZIANIA;Manobra de mudança de faixa;Colisão lateral mesmo sentido;Com Vítimas Feridas;Plena Noite;Decrescente;Céu Claro;Dupla;"Reta;Interseção de Vias";Sim;2;0;1;0;1;1;0;2;-16,14983536;-47,94065519;SPRF-DF;DEL01-DF;UOP01-DEL01-DF
773210;21/05/2026;quinta-feira;18:05:00;PE;428;172;PETROLINA;Reação tardia ou ineficiente do condutor;Engavetamento;Com Vítimas Feridas;Plena Noite;Crescente;Céu Claro;Simples;Reta;Não;16;0;11;0;11;4;0;5;-9,237658;-40,417758;SPRF-PE;DEL06/PE;UOP01-DEL06-PE
773212;21/05/2026;quinta-feira;19:00:00;PR;369;74;SANTA MARIANA;Ausência de reação do condutor;Atropelamento de Animal;Sem Vítimas;Plena Noite;Crescente;Nublado;Simples;Reta;Não;2;0;0;0;0;2;0;1;-23,154207;-50,518066;SPRF-PR;DEL07/PR;UOP05-DEL07-PR
773213;21/05/2026;quinta-feira;19:41:00;RN;101;107;PARNAMIRIM;Condutor deixou de manter distância do veículo da frente;Colisão traseira;Com Vítimas Feridas;Plena Noite;Decrescente;Céu Claro;Simples;Reta;Sim;3;0;1;0;1;1;0;2;-5,9263096;-35,2652508;SPRF-RN;DEL01-RN;UOP01-DEL01-RN
773214;21/05/2026;quinta-feira;19:35:00;MG;40;794;JUIZ DE FORA;Demais falhas mecânicas ou elétricas;Incêndio;Sem Vítimas;Plena Noite;Decrescente;Céu Claro;Dupla;Curva;Não;1;0;0;0;0;1;0;1;-21,77871;-43,42341;SPRF-MG;DEL05/MG;UOP01-DEL05-MG
773215;21/05/2026;quinta-feira;19:40:00;PB;230;327,9;PATOS;Reação tardia ou ineficiente do condutor;Tombamento;Com Vítimas Feridas;Plena Noite;Decrescente;Céu Claro;Simples;"Reta;Declive";Não;2;0;2;0;2;0;0;1;-7,016843;-37,224008;SPRF-PB;DEL03-PB;UOP01-DEL03-PB
773216;21/05/2026;quinta-feira;19:50:00;PE;101;72,2;RECIFE;Reação tardia ou ineficiente do condutor;Colisão traseira;Com Vítimas Feridas;Plena Noite;Crescente;Céu Claro;Dupla;Reta;Sim;2;0;1;0;1;1;0;2;-8,091502;-34,946853;SPRF-PE;DEL01/PE;UOP01-DEL01-PE
773218;21/05/2026;quinta-feira;20:20:00;GO;153;432;ANAPOLIS;Pedestre andava na pista;Atropelamento de Pedestre;Com Vítimas Fatais;Plena Noite;Crescente;Céu Claro;Dupla;Reta;Sim;3;1;0;1;1;1;0;3;-16,277994;-48,964238;SPRF-GO;DEL02/GO;UOP01-DEL02-GO
773219;21/05/2026;quinta-feira;17:40:00;RJ;393;282;VOLTA REDONDA;Trafegar com motocicleta (ou similar) entre as faixas;Colisão frontal;Com Vítimas Feridas;Anoitecer;Crescente;Garoa/Chuvisco;Simples;Reta;Sim;3;0;2;0;2;1;0;3;-22,482743;-44,062757;SPRF-RJ;DEL05/RJ;UOP04-DEL05-RJ
773220;21/05/2026;quinta-feira;19:50:00;DF;60;0,4;BRASILIA;Ausência de reação do condutor;Saída de leito carroçável;Com Vítimas Feridas;Plena Noite;Crescente;Céu Claro;Dupla;Reta;Sim;1;0;1;0;1;0;0;1;-15,883589;-48,063766;SPRF-DF;DEL03-DF;UOP01-DEL03-DF
773221;21/05/2026;quinta-feira;20:20:00;ES;101;296;CARIACICA;Ausência de reação do condutor;Colisão lateral mesmo sentido;Com Vítimas Feridas;Plena Noite;Crescente;Nublado;Simples;Curva;Sim;2;0;2;0;2;0;0;2;-20,34344494;-40,40703356;SPRF-ES;DEL01-ES;UOP01-DEL01-ES
773222;21/05/2026;quinta-feira;19:40:00;PR;476;114;COLOMBO;Reação tardia ou ineficiente do condutor;Colisão frontal;Com Vítimas Feridas;Plena Noite;Crescente;Nublado;Simples;Reta;Sim;2;0;0;1;1;1;0;2;-25,33867;-49,157615;SPRF-PR;DEL01/PR;UOP01-DEL01-PR
773223;21/05/2026;quinta-feira;20:00:00;DF;40;1,7;BRASILIA;Reação tardia ou ineficiente do condutor;Colisão traseira;Com Vítimas Feridas;Plena Noite;Decrescente;Céu Claro;Dupla;Reta;Sim;3;0;1;1;2;1;0;2;-15,95051071;-47,99357861;SPRF-DF;DEL01-DF;UOP01-DEL01-DF
773225;21/05/2026;quinta-feira;20:56:00;ES;262;55;MARECHAL FLORIANO;Ausência de reação do condutor;Saída de leito carroçável;Com Vítimas Feridas;Plena Noite;Decrescente;Chuva;Simples;"Curva;Declive";Não;3;0;3;0;3;0;0;1;-20,41207;-40,750342;SPRF-ES;DEL01-ES;UOP01-DEL01-ES
773226;21/05/2026;quinta-feira;20:00:00;RJ;101;318;SAO GONCALO;Ausência de reação do condutor;Colisão lateral mesmo sentido;Com Vítimas Feridas;Plena Noite;Decrescente;Chuva;Dupla;Reta;Não;2;0;1;0;1;1;0;2;-22,85012447;-43,09980825;SPRF-RJ;DEL02/RJ;UOP02-DEL02-RJ
773227;21/05/2026;quinta-feira;20:40:00;PE;101;77;JABOATAO DOS GUARARAPES;Reação tardia ou ineficiente do condutor;Colisão lateral mesmo sentido;Sem Vítimas;Plena Noite;Crescente;Nublado;Dupla;Retorno Regulamentado;Sim;2;0;0;0;0;2;0;2;-8,1524237;-34,94262543;SPRF-PE;DEL01/PE;UOP01-DEL01-PE
773229;21/05/2026;quinta-feira;16:30:00;MG;381;902;CAMBUI;Reação tardia ou ineficiente do condutor;Saída de leito carroçável;Com Vítimas Feridas;Pleno dia;Decrescente;Nublado;Múltipla;Reta;Não;1;0;1;0;1;0;0;1;-22,6355536;-46,07686043;SPRF-MG;DEL16/MG;UOP03-DEL16-MG