id;data_inversa;dia_semana;horario;uf;br;km;municipio;causa_acidente;tipo_acidente;classificacao_acidente;fase_dia;sentido_via;condicao_metereologica;tipo_pista;tracado_via;uso_solo;pessoas;mortos;feridos_leves;feridos_graves;feridos;ilesos;ignorados;veiculos;latitude;longitude;regional;delegacia;uop
773231;21/05/2026;quinta-feira;19:15:00;RJ;40;122;DUQUE DE CAXIAS;Acessar a via sem observar a presença dos outros veículos;Colisão lateral mesmo sentido;Com Vítimas Feridas;Plena Noite;Decrescente;Chuva;Dupla;Reta;Sim;2;0;1;0;1;1;0;2;-22,79250273;-43,28651905;SPRF-RJ;DEL01/RJ;UOP02-DEL01-RJ
773233;21/05/2026;quinta-feira;18:25:00;SC;163;71,5;SAO MIGUEL DO OESTE;Manobra de mudança de faixa;Colisão lateral mesmo sentido;Com Vítimas Feridas;Plena Noite;Decrescente;Céu Claro;Dupla;Reta;Sim;3;0;1;0;1;2;0;3;-26,72356672;-53,51408092;SPRF-SC;DEL07/SC;UOP03-DEL07-SC
773235;21/05/2026;quinta-feira;20:15:00;PE;101;69,8;RECIFE;Reação tardia ou ineficiente do condutor;Tombamento;Sem Vítimas;Plena Noite;Crescente;Céu Claro;Múltipla;"Curva;Declive;Viaduto";Sim;1;0;0;0;0;0;1;1;-8,06663;-34,94294;SPRF-PE;DEL01/PE;UOP01-DEL01-PE
773236;21/05/2026;quinta-feira;18:50:00;RS;101;20;TRES CACHOEIRAS;Reação tardia ou ineficiente do condutor;Queda de ocupante de veículo;Com Vítimas Feridas;Plena Noite;Crescente;Céu Claro;Dupla;Reta;Não;1;0;1;0;1;0;0;1;-29,432642;-49,890227;SPRF-RS;DEL03/RS;UOP02-DEL03-RS
773237;21/05/2026;quinta-feira;19:20:00;RO;364;424;JARU;Desrespeitar a preferência no cruzamento;Colisão transversal;Com Vítimas Feridas;Plena Noite;Crescente;Céu Claro;Dupla;"Reta;Declive;Interseção de Vias";Sim;2;0;0;1;1;1;0;2;-10,438173;-62,470538;SPRF-RO;DEL03-RO;UOP02-DEL03-RO
773238;21/05/2026;quinta-feira;21:30:00;SC;470;145;RIO DO SUL;Acessar a via sem observar a presença dos outros veículos;Colisão transversal;Com Vítimas Feridas;Plena Noite;Crescente;Céu Claro;Simples;Interseção de Vias;Sim;3;0;1;0;1;2;0;2;-27,21726047;-49,65420596;SPRF-SC;DEL04/SC;UOP02-DEL04-SC
773239;21/05/2026;quinta-feira;19:29:00;PE;428;186;PETROLINA;Desrespeitar a preferência no cruzamento;Colisão transversal;Com Vítimas Feridas;Plena Noite;Decrescente;Céu Claro;Múltipla;Interseção de Vias;Sim;2;0;1;0;1;1;0;2;-9,35702;-40,47891;SPRF-PE;DEL06/PE;UOP01-DEL06-PE
773240;10/05/2026;domingo;11:30:00;RJ;40;111;DUQUE DE CAXIAS;Acessar a via sem observar a presença dos outros veículos;Colisão traseira;Com Vítimas Feridas;Pleno dia;Decrescente;Céu Claro;Múltipla;Reta;Sim;5;0;2;0;2;2;0;4;-22,69531;-43,28823;SPRF-RJ;DEL01/RJ;UOP02-DEL01-RJ
773241;21/05/2026;quinta-feira;22:08:00;MG;116;606,9;SAO JOAO DO MANHUACU;Condutor deixou de manter distância do veículo da frente;Colisão traseira;Sem Vítimas;Plena Noite;Decrescente;Céu Claro;Simples;Reta;Sim;2;0;0;0;0;2;0;2;-20,395639;-42,148358;SPRF-MG;DEL06/MG;UOP03-DEL06-MG
773242;21/05/2026;quinta-feira;10:30:00;RJ;101;320;NITEROI;Demais falhas mecânicas ou elétricas;Colisão traseira;Com Vítimas Feridas;Pleno dia;Crescente;Garoa/Chuvisco;Dupla;Reta;Não;3;0;2;0;2;1;0;2;-22,86745685;-43,11041427;SPRF-RJ;DEL02/RJ;UOP01-DEL02-RJ
773243;21/05/2026;quinta-feira;23:05:00;SP;116;219;GUARULHOS;Ingestão de álcool pelo condutor;Colisão traseira;Sem Vítimas;Plena Noite;Decrescente;Chuva;Múltipla;Reta;Sim;6;0;0;0;0;6;0;2;-23,4616269;-46,48985831;SPRF-SP;DEL01/SP;UOP01-DEL01-SP
773244;21/05/2026;quinta-feira;21:00:00;RJ;101;390;RIO DE JANEIRO;Reação tardia ou ineficiente do condutor;Colisão com objeto;Com Vítimas Feridas;Plena Noite;Decrescente;Garoa/Chuvisco;Dupla;Curva;Sim;1;0;1;0;1;0;0;1;-22,89546931;-43,67958069;SPRF-RJ;DEL03/RJ;UOP01-DEL03-RJ
773245;21/05/2026;quinta-feira;23:30:00;SC;101;36,4;JOINVILLE;Velocidade Incompatível;Saída de leito carroçável;Com Vítimas Feridas;Plena Noite;Decrescente;Nublado;Dupla;Reta;Sim;1;0;1;0;1;0;0;1;-26,28055831;-48,89030663;SPRF-SC;DEL03/SC;UOP01-DEL03-SC
773246;21/05/2026;quinta-feira;23:30:00;MG;459;90,5;CONGONHAL;Pedestre andava na pista;Atropelamento de Pedestre;Com Vítimas Fatais;Plena Noite;Decrescente;Céu Claro;Simples;"Aclive;Reta";Não;2;1;0;0;0;1;0;2;-22,150991;-46,015938;SPRF-MG;DEL09/MG;UOP01-DEL09-MG
773247;21/05/2026;quinta-feira;22:40:00;RS;471;662;SANTA VITORIA DO PALMAR;Animais na Pista;Atropelamento de Animal;Com Vítimas Feridas;Plena Noite;Decrescente;Nublado;Simples;Reta;Sim;1;0;0;1;1;0;0;1;-33,5552167;-53,3673917;SPRF-RS;DEL07/RS;UOP04-DEL07-RS
773248;21/05/2026;quinta-feira;22:43:00;SC;101;138,2;BALNEARIO CAMBORIU;Acesso irregular;Colisão transversal;Com Vítimas Feridas;Plena Noite;Crescente;Nublado;Dupla;Reta;Sim;2;0;1;0;1;1;0;2;-27,02432;-48,60774;SPRF-SC;DEL04/SC;UOP03-DEL04-SC
773253;21/05/2026;quinta-feira;20:30:00;PA;10;156,5;PARAGOMINAS;Manobra de mudança de faixa;Colisão frontal;Com Vítimas Fatais;Plena Noite;Crescente;Ignorado;Simples;Reta;Não;2;1;0;1;1;0;0;2;-3,066053;-47,474457;SPRF-PA;DEL02/PA;UOP01-DEL02-PA
773254;22/05/2026;sexta-feira;00:15:00;MS;262;321,5;CAMPO GRANDE;Transitar na contramão;Colisão frontal;Sem Vítimas;Plena Noite;Crescente;Céu Claro;Simples;Reta;Não;2;0;0;0;0;1;0;2;-20,46951601;-54,49356079;SPRF-MS;DEL01/MS;UOP01-DEL01-MS
773255;22/05/2026;sexta-feira;00:50:00;PR;369;150;LONDRINA;Transitar na contramão;Colisão transversal;Com Vítimas Feridas;Plena Noite;Crescente;Céu Claro;Dupla;Reta;Sim;2;0;1;0;1;1;0;2;-23,29286;-51,16161;SPRF-PR;DEL07/PR;UOP01-DEL07-PR
773259;22/05/2026;sexta-feira;02:40:00;SC;101;209,5;SAO JOSE;Ausência de reação do condutor;Saída de leito carroçável;Com Vítimas Fatais;Plena Noite;Decrescente;Céu Claro;Múltipla;Reta;Sim;1;1;0;0;0;0;0;1;-27,61379;-48,64248;SPRF-SC;DEL01/SC;UOP01-DEL01-SC
773261;22/05/2026;sexta-feira;03:10:00;SP;116;128;CACAPAVA;Pedestre andava na pista;Atropelamento de Pedestre;Com Vítimas Fatais;Plena Noite;Crescente;Céu Claro;Dupla;Reta;Não;2;1;0;0;0;0;0;2;-23,11439556;-45,71098773;SPRF-SP;DEL02/SP;UOP02-DEL02-SP
773264;22/05/2026;sexta-feira;04:45:00;CE;116;23;AQUIRAZ;Ausência de reação do condutor;Saída de leito carroçável;Com Vítimas Feridas;Amanhecer;Decrescente;Céu Claro;Dupla;Reta;Não;2;0;1;0;1;1;0;1;-3,952371;-38,512364;SPRF-CE;DEL01/CE;UOP02-DEL01-CE
773265;22/05/2026;sexta-feira;05:10:00;RJ;116;183,9;NOVA IGUACU;Ausência de reação do condutor;Atropelamento de Pedestre;Com Vítimas Feridas;Pleno dia;Decrescente;Nublado;Dupla;Reta;Sim;2;0;1;0;1;1;0;2;-22,7506814;-43,44013302;SPRF-RJ;DEL06/RJ;UOP01-DEL06-RJ
773266;22/05/2026;sexta-feira;04:50:00;SP;153;280,5;OCAUCU;Condutor Dormindo;Colisão com objeto;Com Vítimas Feridas;Plena Noite;Crescente;Nublado;Simples;Reta;Não;1;0;1;0;1;0;0;1;-22,422035;-49,859931;SPRF-SP;DEL07/SP;UOP02-DEL07-SP
773267;22/05/2026;sexta-feira;06:00:00;MG;381;498;BETIM;Ausência de reação do condutor;Saída de leito carroçável;Com Vítimas Feridas;Pleno dia;Decrescente;Nublado;Dupla;Curva;Sim;2;0;2;0;2;0;0;1;-19,99053473;-44,20568911;SPRF-MG;DEL01/MG;UOP03-DEL01-MG
773268;27/04/2026;segunda-feira;17:10:00;PB;104;138,6;QUEIMADAS;Ultrapassagem Indevida;Colisão lateral mesmo sentido;Com Vítimas Feridas;Pleno dia;Crescente;Sol;Simples;"Reta;Declive";Sim;2;0;1;1;2;0;0;2;-7,36555367;-35,90132028;SPRF-PB;DEL02-PB;UOP03-DEL02-PB
773269;22/05/2026;sexta-feira;05:00:00;SC;280;128,8;RIO NEGRINHO;Pedestre andava na pista;Atropelamento de Pedestre;Com Vítimas Feridas;Plena Noite;Crescente;Céu Claro;Simples;"Reta;Declive";Sim;2;0;1;0;1;1;0;2;-26,24536876;-49,52069163;SPRF-SC;DEL06/SC;UOP03-DEL06-SC
773270;22/05/2026;sexta-feira;04:08:00;MG;50;102,5;UBERABA;Reação tardia ou ineficiente do condutor;Colisão com objeto;Com Vítimas Feridas;Plena Noite;Decrescente;Céu Claro;Dupla;"Reta;Declive";Não;1;0;1;0;1;0;0;1;-19,15711972;-48,16443104;SPRF-MG;DEL13/MG;UOP01-DEL13-MG
773273;22/05/2026;sexta-feira;07:16:00;PR;277;83;CURITIBA;Condutor deixou de manter distância do veículo da frente;Colisão traseira;Com Vítimas Feridas;Pleno dia;Crescente;Nublado;Simples;"Curva;Interseção de Vias";Sim;2;0;1;0;1;1;0;2;-25,44989151;-49,22837377;SPRF-PR;DEL01/PR;UOP03-DEL01-PR
773274;22/05/2026;sexta-feira;04:00:00;RJ;465;5;SEROPEDICA;Conversão proibida;Colisão frontal;Sem Vítimas;Plena Noite;Decrescente;Garoa/Chuvisco;Simples;Reta;Sim;3;0;0;0;0;3;0;2;-22,751484;-43,69561;SPRF-RJ;DEL06/RJ;UOP02-DEL06-RJ
773275;21/05/2026;quinta-feira;21:15:00;MG;116;417;GOVERNADOR VALADARES;Acessar a via sem observar a presença dos outros veículos;Colisão transversal;Com Vítimas Feridas;Plena Noite;Crescente;Céu Claro;Simples;Interseção de Vias;Sim;2;0;1;0;1;1;0;2;-18,90181425;-41,94464207;SPRF-MG;DEL06/MG;UOP01-DEL06-MG
773276;12/02/2026;quinta-feira;18:10:00;SC;282;645;SAO MIGUEL DO OESTE;Acessar a via sem observar a presença dos outros veículos;Tombamento;Com Vítimas Feridas;Plena Noite;Decrescente;Céu Claro;Simples;Reta;Sim;4;0;1;0;1;2;0;2;-26,76211634;-53,49940237;SPRF-SC;DEL07/SC;UOP03-DEL07-SC
773277;22/05/2026;sexta-feira;05:40:00;MG;381;786;SAO GONCALO DO SAPUCAI;Ausência de reação do condutor;Capotamento;Com Vítimas Feridas;Amanhecer;Decrescente;Céu Claro;Dupla;Reta;Não;1;0;1;0;1;0;0;1;-21,84934903;-45,51963536;SPRF-MG;DEL16/MG;UOP02-DEL16-MG
773279;22/05/2026;sexta-feira;06:40:00;RS;290;577;ALEGRETE;Transitar na contramão;Colisão frontal;Com Vítimas Feridas;Amanhecer;Crescente;Céu Claro;Simples;Reta;Sim;2;0;1;0;1;1;0;2;-29,812611;-55,748225;SPRF-RS;DEL13/RS;UOP02-DEL13-RS
773281;22/05/2026;sexta-feira;07:30:00;RJ;356;36;ITAPERUNA;Condutor deixou de manter distância do veículo da frente;Colisão traseira;Com Vítimas Feridas;Amanhecer;Decrescente;Nevoeiro/Neblina;Simples;Reta;Não;2;0;2;0;2;0;0;2;-21,22297157;-41,81972091;SPRF-RJ;DEL08/RJ;UOP03-DEL08-RJ
773282;22/05/2026;sexta-feira;07:20:00;MA;135;3;SAO LUIS;Acessar a via sem observar a presença dos outros veículos;Colisão transversal;Com Vítimas Feridas;Pleno dia;Crescente;Céu Claro;Dupla;Reta;Sim;2;0;1;0;1;0;0;2;-2,606486;-44,247344;SPRF-MA;DEL01-MA;UOP01-DEL01-MA
773283;22/05/2026;sexta-feira;06:30:00;MS;163;381,4;NOVA ALVORADA DO SUL;Afundamento ou ondulação no pavimento;Colisão com objeto;Sem Vítimas;Pleno dia;Decrescente;Céu Claro;Simples;Reta;Não;1;0;0;0;0;1;0;1;-21,33086502;-54,42170685;SPRF-MS;DEL02/MS;UOP01-DEL02-MS
773284;22/05/2026;sexta-feira;00:00:00;MT;364;16;ALTO ARAGUAIA;Reação tardia ou ineficiente do condutor;Saída de leito carroçável;Com Vítimas Feridas;Plena Noite;Decrescente;Nublado;Simples;Rotatória;Não;1;0;0;1;1;0;0;1;-17,23330637;-53,32235503;SPRF-MT;DEL02/MT;UOP02-DEL02-MT
773285;22/05/2026;sexta-feira;05:40:00;MT;364;352;SANTO ANTONIO DO LEVERGER;Condutor Dormindo;Saída de leito carroçável;Com Vítimas Feridas;Amanhecer;Decrescente;Nevoeiro/Neblina;Dupla;Curva;Não;2;0;2;0;2;0;0;1;-15,79667214;-55,59064865;SPRF-MT;DEL05/MT;UOP02-DEL05-MT
773286;22/05/2026;sexta-feira;08:10:00;DF;20;9;BRASILIA;Desrespeitar a preferência no cruzamento;Colisão transversal;Com Vítimas Feridas;Pleno dia;Decrescente;Céu Claro;Múltipla;"Viaduto;Interseção de Vias;Declive";Sim;4;0;2;1;3;1;0;3;-15,6530074;-47,7824923;SPRF-DF;DEL02-DF;UOP01-DEL02-DF
773287;22/05/2026;sexta-feira;07:30:00;PI;343;4;TERESINA;Reação tardia ou ineficiente do condutor;Colisão traseira;Com Vítimas Feridas;Pleno dia;Crescente;Céu Claro;Múltipla;Reta;Sim;2;0;1;0;1;1;0;2;-5,080173;-42,788963;SPRF-PI;DEL01-PI;UOP01-DEL01-PI
773289;22/05/2026;sexta-feira;08:10:00;RN;101;107,3;PARNAMIRIM;Manobra de mudança de faixa;Colisão traseira;Com Vítimas Feridas;Pleno dia;Decrescente;Céu Claro;Dupla;Reta;Não;3;0;1;0;1;2;0;2;-5,917865;-35,263413;SPRF-RN;DEL01-RN;UOP01-DEL01-RN
773290;22/05/2026;sexta-feira;08:20:00;TO;10;453;PALMAS;Ausência de reação do condutor;Colisão lateral mesmo sentido;Com Vítimas Feridas;Pleno dia;Crescente;Céu Claro;Múltipla;Reta;Não;2;0;1;0;1;1;0;2;-10,32488399;-48,29763182;SPRF-TO;DEL01-TO;UOP03-DEL01-TO
773292;21/05/2026;quinta-feira;21:00:00;RJ;40;109;DUQUE DE CAXIAS;Avarias e/ou desgaste excessivo no pneu;Colisão com objeto;Com Vítimas Feridas;Plena Noite;Decrescente;Chuva;Dupla;Reta;Sim;3;0;3;0;3;0;0;1;-22,679546;-43,28565;SPRF-RJ;DEL01/RJ;UOP02-DEL01-RJ
773295;22/05/2026;sexta-feira;00:38:00;MT;163;948;NOVA SANTA HELENA;Ausência de reação do condutor;Saída de leito carroçável;Com Vítimas Feridas;Plena Noite;Crescente;Céu Claro;Simples;Curva;Não;1;0;1;0;1;0;0;1;-10,908215;-55,196755;SPRF-MT;DEL06/MT;UOP02-DEL06-MT
773296;22/05/2026;sexta-feira;07:15:00;MT;70;277;PRIMAVERA DO LESTE;Reação tardia ou ineficiente do condutor;Saída de leito carroçável;Com Vítimas Feridas;Pleno dia;Crescente;Nevoeiro/Neblina;Simples;"Curva;Aclive";Não;2;0;1;0;1;1;0;1;-15,55452856;-54,26395476;SPRF-MT;DEL05/MT;UOP01-DEL05-MT
773297;06/03/2026;sexta-feira;13:00:00;RJ;40;63;MAGE;Conversão proibida;Colisão transversal;Com Vítimas Feridas;Pleno dia;Decrescente;Céu Claro;Simples;Reta;Não;2;0;0;1;1;1;0;2;-22,57066431;-43,19566727;SPRF-RJ;DEL05/RJ;UOP02-DEL05-RJ
773298;10/05/2026;domingo;22:00:00;RJ;101;49;CAMPOS DOS GOYTACAZES;Acessar a via sem observar a presença dos outros veículos;Colisão lateral mesmo sentido;Com Vítimas Feridas;Plena Noite;Crescente;Céu Claro;Simples;Reta;Sim;3;0;3;0;3;0;0;1;-21,62755514;-41,31382791;SPRF-RJ;DEL08/RJ;UOP01-DEL08-RJ
773300;22/05/2026;sexta-feira;08:10:00;SC;101;136;BALNEARIO CAMBORIU;Condutor deixou de manter distância do veículo da frente;Colisão lateral mesmo sentido;Com Vítimas Feridas;Pleno dia;Crescente;Céu Claro;Simples;"Curva;Retorno Regulamentado;Viaduto;Aclive";Não;4;0;1;0;1;3;0;2;-27,01004754;-48,61472894;SPRF-SC;DEL04/SC;UOP03-DEL04-SC
773301;04/04/2026;sábado;06:40:00;GO;60;380;RIO VERDE;Reação tardia ou ineficiente do condutor;Colisão com objeto;Sem Vítimas;Amanhecer;Crescente;Céu Claro;Dupla;Reta;Sim;2;0;0;0;0;2;0;2;-17,78137064;-50,89597184;SPRF-GO;DEL04/GO;UOP02-DEL04-GO
773302;11/02/2026;quarta-feira;08:19:00;SC;101;192;BIGUACU;Transitar na contramão;Tombamento;Com Vítimas Feridas;Pleno dia;Decrescente;Céu Claro;Dupla;Interseção de Vias;Sim;2;0;0;1;1;1;0;2;-27,48671063;-48,64901511;SPRF-SC;DEL01/SC;UOP01-DEL01-SC
773305;22/05/2026;sexta-feira;09:35:00;GO;60;30;ALEXANIA;Reação tardia ou ineficiente do condutor;Colisão traseira;Com Vítimas Feridas;Pleno dia;Crescente;Céu Claro;Dupla;Reta;Sim;5;0;1;0;1;4;0;2;-16,093875;-48,49069;SPRF-DF;DEL03-DF;UOP01-DEL03-DF
773306;05/05/2026;terça-feira;17:30:00;MG;262;184;SAO DOMINGOS DO PRATA;Demais falhas na via;Saída de leito carroçável;Com Vítimas Feridas;Pleno dia;Decrescente;Ignorado;Simples;Reta;Não;2;0;2;0;2;0;0;1;-19,90078753;-43,03721175;SPRF-MG;DEL03/MG;UOP01-DEL03-MG
773307;22/05/2026;sexta-feira;08:10:00;SC;101;214,6;PALHOCA;Trafegar com motocicleta (ou similar) entre as faixas;Colisão lateral mesmo sentido;Com Vítimas Feridas;Pleno dia;Decrescente;Céu Claro;Múltipla;Reta;Sim;3;0;2;0;2;0;0;2;-27,64904;-48,6738;SPRF-SC;DEL01/SC;UOP02-DEL01-SC
773308;22/05/2026;sexta-feira;09:20:00;SE;235;0,2;ARACAJU;Ausência de reação do condutor;Colisão traseira;Com Vítimas Feridas;Pleno dia;Decrescente;Nublado;Múltipla;Reta;Sim;2;0;1;0;1;1;0;2;-10,9093;-37,08;SPRF-SE;DEL01-SE;UOP01-DEL01-SE
773310;07/04/2026;terça-feira;15:50:00;BA;418;80;NOVA VICOSA;Demais falhas na via;Queda de ocupante de veículo;Com Vítimas Feridas;Pleno dia;Decrescente;Ignorado;Simples;Reta;Não;1;0;1;0;1;0;0;1;-17,882525;-39,783612;SPRF-BA;DEL09/BA;UOP02-DEL09-BA
773312;06/01/2026;terça-feira;18:49:00;SP;116;488;CAJATI;Desrespeitar a preferência no cruzamento;Colisão transversal;Com Vítimas Feridas;Anoitecer;Crescente;Céu Claro;Simples;Interseção de Vias;Sim;2;0;1;0;1;1;0;2;-24,73591802;-48,12114716;SPRF-SP;DEL05/SP;UOP01-DEL05-SP
773313;14/05/2026;quinta-feira;21:57:00;GO;364;140;JATAI;Ausência de reação do condutor;Saída de leito carroçável;Com Vítimas Feridas;Plena Noite;Crescente;Céu Claro;Simples;Reta;Não;2;0;2;0;2;0;0;1;-18,19611;-51,357892;SPRF-GO;DEL05/GO;UOP02-DEL05-GO
773314;22/05/2026;sexta-feira;09:20:00;BA;101;161;CONCEICAO DO JACUIPE;Transitar na contramão;Colisão lateral sentido oposto;Com Vítimas Feridas;Pleno dia;Decrescente;Céu Claro;Dupla;"Reta;Aclive";Não;2;0;1;0;1;1;0;2;-12,35588118;-38,78305531;SPRF-BA;DEL11/BA;UOP02-DEL11-BA
773317;18/05/2026;segunda-feira;04:40:00;MT;174;3;PONTES E LACERDA;Acessar a via sem observar a presença dos outros veículos;Colisão transversal;Com Vítimas Feridas;Plena Noite;Crescente;Céu Claro;Simples;Reta;Sim;2;0;0;1;1;0;0;2;-15,238107;-59,33888;SPRF-MT;DEL04/MT;UOP01-DEL04-MT
773318;22/05/2026;sexta-feira;10:18:00;RO;319;144;PORTO VELHO;Condutor deixou de manter distância do veículo da frente;Colisão traseira;Sem Vítimas;Pleno dia;Crescente;Céu Claro;Múltipla;Reta;Sim;2;0;0;0;0;2;0;2;-8,7681765;-63,88416767;SPRF-RO;DEL01-RO;UOP01-DEL01-RO
773322;28/04/2026;terça-feira;10:50:00;SP;116;547,8;BARRA DO TURVO;Reação tardia ou ineficiente do condutor;Colisão com objeto;Sem Vítimas;Pleno dia;Crescente;Chuva;Simples;"Curva;Declive";Não;1;0;0;0;0;1;0;1;-24,95347403;-48,44978683;SPRF-SP;DEL05/SP;UOP02-DEL05-SP
773323;22/05/2026;sexta-feira;10:10:00;SC;470;153,7;AGRONOMICA;Desrespeitar a preferência no cruzamento;Colisão transversal;Com Vítimas Feridas;Pleno dia;Crescente;Nublado;Simples;"Curva;Interseção de Vias";Sim;2;0;1;0;1;1;0;2;-27,2753;-49,74315;SPRF-SC;DEL04/SC;UOP02-DEL04-SC
773324;22/05/2026;sexta-feira;11:45:00;GO;414;440;ANAPOLIS;Entrada inopinada do pedestre;Atropelamento de Pedestre;Com Vítimas Feridas;Pleno dia;Crescente;Céu Claro;Simples;Interseção de Vias;Sim;2;0;1;0;1;1;0;2;-16,2858083;-48,943778;SPRF-GO;DEL02/GO;UOP01-DEL02-GO
773325;22/05/2026;sexta-feira;11:05:00;PR;277;83,1;CURITIBA;Reação tardia ou ineficiente do condutor;Colisão lateral mesmo sentido;Sem Vítimas;Pleno dia;Decrescente;Nublado;Dupla;Reta;Sim;2;0;0;0;0;2;0;2;-25,449329;-49,228981;SPRF-PR;DEL01/PR;UOP03-DEL01-PR
773327;27/03/2026;sexta-feira;08:00:00;MG;381;498;BETIM;Ausência de reação do condutor;Colisão lateral mesmo sentido;Com Vítimas Feridas;Pleno dia;Decrescente;Céu Claro;Dupla;"Declive;Reta";Não;2;0;1;0;1;1;0;2;-19,99101512;-44,20603824;SPRF-MG;DEL01/MG;UOP03-DEL01-MG
773329;22/05/2026;sexta-feira;12:25:00;SC;101;96,6;BALNEARIO PICARRAS;Trafegar com motocicleta (ou similar) entre as faixas;Colisão lateral mesmo sentido;Com Vítimas Feridas;Pleno dia;Decrescente;Céu Claro;Múltipla;Reta;Sim;2;0;1;0;1;1;0;2;-26,72921088;-48,70196192;SPRF-SC;DEL03/SC;UOP02-DEL03-SC
773330;22/05/2026;sexta-feira;12:00:00;RJ;116;298,9;PORTO REAL;Reação tardia ou ineficiente do condutor;Engavetamento;Sem Vítimas;Pleno dia;Decrescente;Céu Claro;Dupla;Reta;Não;3;0;0;0;0;3;0;3;-22,44976333;-44,326965;SPRF-RJ;DEL07/RJ;UOP02-DEL07-RJ
773331;22/05/2026;sexta-feira;11:39:00;MG;381;541,9;ITATIAIUCU;Reação tardia ou ineficiente do condutor;Saída de leito carroçável;Com Vítimas Feridas;Pleno dia;Decrescente;Nublado;Dupla;Curva;Não;1;0;1;0;1;0;0;1;-20,23811449;-44,40934388;SPRF-MG;DEL04/MG;UOP03-DEL04-MG
773332;22/05/2026;sexta-feira;10:00:00;PR;277;729;FOZ DO IGUACU;Problema com o freio;Engavetamento;Com Vítimas Feridas;Pleno dia;Crescente;Garoa/Chuvisco;Dupla;"Reta;Declive";Sim;7;0;2;0;2;5;0;7;-25,51008384;-54,5666825;SPRF-PR;DEL05/PR;UOP03-DEL05-PR
773334;22/05/2026;sexta-feira;11:32:00;DF;80;21,1;BRASILIA;Manobra de mudança de faixa;Colisão transversal;Com Vítimas Feridas;Pleno dia;Crescente;Céu Claro;Dupla;Reta;Sim;3;0;0;2;2;1;0;2;-15,668703;-48,20391;SPRF-DF;DEL03-DF;UOP02-DEL03-DF
773335;13/04/2026;segunda-feira;11:20:00;AL;101;199;SAO SEBASTIAO;Ausência de reação do condutor;Capotamento;Com Vítimas Feridas;Pleno dia;Crescente;Céu Claro;Dupla;Reta;Não;1;0;1;0;1;0;0;1;-9,94585633;-36,53743744;SPRF-AL;DEL02-AL;UOP02-DEL02-AL
773342;22/05/2026;sexta-feira;11:40:00;RO;174;15;VILHENA;Desrespeitar a preferência no cruzamento;Colisão transversal;Com Vítimas Feridas;Pleno dia;Decrescente;Nublado;Simples;"Interseção de Vias;Em Obras";Sim;3;0;1;0;1;2;0;2;-12,72594825;-60,12871027;SPRF-RO;DEL04-RO;UOP01-DEL04-RO
773346;22/05/2026;sexta-feira;12:00:00;RJ;116;205;SEROPEDICA;Condutor deixou de manter distância do veículo da frente;Colisão traseira;Com Vítimas Feridas;Pleno dia;Decrescente;Céu Claro;Múltipla;Reta;Não;2;0;1;0;1;1;0;2;-22,7283738;-43,65245819;SPRF-RJ;DEL06/RJ;UOP02-DEL06-RJ
773348;22/05/2026;sexta-feira;02:50:00;PA;230;114;MARABA;Ausência de reação do condutor;Colisão frontal;Sem Vítimas;Plena Noite;Crescente;Céu Claro;Simples;Reta;Sim;2;0;0;0;0;2;0;2;-5,36499;-49,06478;SPRF-PA;DEL03/PA;UOP01-DEL03-PA
773349;22/05/2026;sexta-feira;11:05:00;MA;222;674;ACAILANDIA;Frear bruscamente;Colisão traseira;Com Vítimas Feridas;Pleno dia;Crescente;Sol;Simples;Reta;Sim;4;0;2;0;2;2;0;2;-4,953577;-47,487717;SPRF-MA;DEL04-MA;UOP03-DEL04-MA
773350;02/04/2026;quinta-feira;16:55:00;GO;153;558;MORRINHOS;Chuva;Saída de leito carroçável;Com Vítimas Feridas;Pleno dia;Decrescente;Chuva;Dupla;"Curva;Aclive";Não;6;0;1;1;2;4;0;1;-17,62642571;-49,17789208;SPRF-GO;DEL03/GO;UOP01-DEL03-GO
773351;14/05/2026;quinta-feira;16:40:00;SC;101;147;ITAPEMA;Ausência de reação do condutor;Colisão lateral mesmo sentido;Com Vítimas Feridas;Pleno dia;Crescente;Céu Claro;Dupla;Reta;Não;2;0;1;0;1;1;0;2;-27,089884;-48,61530511;SPRF-SC;DEL04/SC;UOP03-DEL04-SC
773352;22/05/2026;sexta-feira;10:07:00;RJ;40;116;DUQUE DE CAXIAS;Demais falhas mecânicas ou elétricas;Queda de ocupante de veículo;Com Vítimas Feridas;Pleno dia;Decrescente;Nublado;Múltipla;Reta;Não;2;0;2;0;2;0;0;1;-22,7423;-43,28811;SPRF-RJ;DEL01/RJ;UOP02-DEL01-RJ
773354;20/05/2026;quarta-feira;15:20:00;PE;101;69,2;RECIFE;Demais falhas mecânicas ou elétricas;Colisão com objeto;Sem Vítimas;Pleno dia;Crescente;Céu Claro;Dupla;Reta;Sim;2;0;0;0;0;2;0;2;-8,06044063;-34,94581461;SPRF-PE;DEL01/PE;UOP01-DEL01-PE
773356;22/05/2026;sexta-feira;15:05:00;RJ;101;322;NITEROI;Reação tardia ou ineficiente do condutor;Colisão traseira;Com Vítimas Feridas;Pleno dia;Decrescente;Nublado;Múltipla;"Reta;Ponte";Não;2;0;1;0;1;1;0;2;-22,8764;-43,1179;SPRF-RJ;DEL02/RJ;UOP01-DEL02-RJ