id;data_inversa;dia_semana;horario;uf;br;km;municipio;causa_acidente;tipo_acidente;classificacao_acidente;fase_dia;sentido_via;condicao_metereologica;tipo_pista;tracado_via;uso_solo;pessoas;mortos;feridos_leves;feridos_graves;feridos;ilesos;ignorados;veiculos;latitude;longitude;regional;delegacia;uop
773357;22/05/2026;sexta-feira;13:35:00;PI;343;3,1;TERESINA;Deficiência do Sistema de Iluminação/Sinalização;Colisão transversal;Com Vítimas Feridas;Pleno dia;Crescente;Céu Claro;Múltipla;Interseção de Vias;Sim;2;0;1;0;1;1;0;2;-5,08082881;-42,77803509;SPRF-PI;DEL01-PI;UOP01-DEL01-PI
773358;14/01/2026;quarta-feira;16:20:00;ES;101;18,5;SERRA;Ausência de reação do condutor;Queda de ocupante de veículo;Com Vítimas Feridas;Pleno dia;Decrescente;Sol;Simples;Curva;Sim;2;0;0;2;2;0;0;1;-20,217018;-40,335037;SPRF-ES;DEL02-ES;UOP01-DEL02-ES
773359;22/05/2026;sexta-feira;15:00:00;RN;405;0,9;MOSSORO;Acessar a via sem observar a presença dos outros veículos;Colisão transversal;Com Vítimas Feridas;Pleno dia;Crescente;Céu Claro;Dupla;Reta;Sim;2;0;1;0;1;0;0;2;-5,191388;-37,360483;SPRF-RN;DEL04-RN;UOP02-DEL04-RN
773360;22/05/2026;sexta-feira;14:07:00;SC;101;213;PALHOCA;Reação tardia ou ineficiente do condutor;Colisão traseira;Sem Vítimas;Pleno dia;Crescente;Nublado;Simples;Reta;Sim;2;0;0;0;0;1;0;2;-27,641197;-48,668451;SPRF-SC;DEL01/SC;UOP02-DEL01-SC
773362;22/05/2026;sexta-feira;15:02:00;RS;116;439;CRISTAL;Demais falhas mecânicas ou elétricas;Saída de leito carroçável;Com Vítimas Feridas;Pleno dia;Decrescente;Nublado;Dupla;Reta;Não;2;0;2;0;2;0;0;1;-31,07318443;-52,03808276;SPRF-RS;DEL02/RS;UOP02-DEL02-RS
773363;22/05/2026;sexta-feira;12:25:00;PE;232;28,2;MORENO;Ausência de reação do condutor;Colisão traseira;Com Vítimas Feridas;Pleno dia;Crescente;Sol;Dupla;Reta;Não;3;0;1;0;1;2;0;3;-8,112548;-35,136225;SPRF-PE;DEL02/PE;UOP02-DEL02PE
773365;22/05/2026;sexta-feira;15:50:00;PR;277;239;FERNANDES PINHEIRO;Reação tardia ou ineficiente do condutor;Colisão com objeto;Com Vítimas Feridas;Pleno dia;Crescente;Chuva;Simples;Rotatória;Não;2;0;1;0;1;1;0;1;-25,4648123;-50,5753072;SPRF-PR;DEL08/PR;UOP02-DEL08-PR
773366;22/05/2026;sexta-feira;16:28:00;RN;101;106;PARNAMIRIM;Reação tardia ou ineficiente do condutor;Colisão traseira;Sem Vítimas;Pleno dia;Crescente;Céu Claro;Dupla;"Reta;Interseção de Vias";Sim;2;0;0;0;0;2;0;2;-5,908413;-35,261178;SPRF-RN;DEL01-RN;UOP01-DEL01-RN
773367;22/05/2026;sexta-feira;16:22:00;PE;408;95;RECIFE;Pedestre cruzava a pista fora da faixa;Atropelamento de Pedestre;Com Vítimas Feridas;Anoitecer;Decrescente;Céu Claro;Dupla;Reta;Não;5;0;0;1;1;4;0;2;-8,06243;-34,99029;SPRF-PE;DEL01/PE;UOP01-DEL01-PE
773368;22/05/2026;sexta-feira;16:00:00;GO;40;22,1;LUZIANIA;Acessar a via sem observar a presença dos outros veículos;Colisão transversal;Com Vítimas Feridas;Pleno dia;Crescente;Sol;Dupla;Reta;Sim;3;0;2;0;2;0;0;2;-16,228492;-47,91393;SPRF-DF;DEL01-DF;UOP01-DEL01-DF
773370;22/05/2026;sexta-feira;16:40:00;MG;40;452,9;CAETANOPOLIS;Avarias e/ou desgaste excessivo no pneu;Tombamento;Com Vítimas Feridas;Pleno dia;Decrescente;Céu Claro;Dupla;Curva;Não;2;0;2;0;2;0;0;1;-19,33921811;-44,35768604;SPRF-MG;DEL02/MG;UOP01-DEL02-MG
773371;22/05/2026;sexta-feira;12:20:00;SC;282;553,5;NOVA ITABERABA;Acessar a via sem observar a presença dos outros veículos;Colisão transversal;Com Vítimas Feridas;Pleno dia;Crescente;Nublado;Simples;Declive;Não;4;0;2;0;2;2;0;2;-26,939407;-52,790882;SPRF-SC;DEL07/SC;UOP01-DEL07-SC
773372;22/05/2026;sexta-feira;16:43:00;PR;163;172,4;LINDOESTE;Acumulo de água sobre o pavimento;Saída de leito carroçável;Com Vítimas Feridas;Pleno dia;Decrescente;Chuva;Dupla;Curva;Não;2;0;1;0;1;1;0;1;-25,1832513;-53,6018755;SPRF-PR;DEL05/PR;UOP05-DEL05-PR
773373;22/05/2026;sexta-feira;16:45:00;RS;285;338,1;CARAZINHO;Condutor deixou de manter distância do veículo da frente;Colisão traseira;Com Vítimas Feridas;Pleno dia;Crescente;Nublado;Simples;Declive;Sim;4;0;2;0;2;2;0;2;-28,3170163;-52,7780346;SPRF-RS;DEL08/RS;UOP03-DEL08-RS
773375;22/05/2026;sexta-feira;16:06:00;RN;304;37,9;MOSSORO;Condutor deixou de manter distância do veículo da frente;Colisão traseira;Com Vítimas Feridas;Pleno dia;Decrescente;Céu Claro;Dupla;"Retorno Regulamentado;Reta;Viaduto";Sim;3;0;2;0;2;1;0;2;-5,1811488;-37,3685886;SPRF-RN;DEL04-RN;UOP02-DEL04-RN
773377;22/05/2026;sexta-feira;16:20:00;SC;470;123,2;IBIRAMA;Desrespeitar a preferência no cruzamento;Colisão transversal;Com Vítimas Feridas;Pleno dia;Crescente;Nublado;Simples;"Reta;Interseção de Vias";Sim;3;0;2;0;2;1;0;2;-27,11005;-49,52584;SPRF-SC;DEL04/SC;UOP02-DEL04-SC
773378;22/05/2026;sexta-feira;16:25:00;MA;316;235,6;BOM JARDIM;Ausência de reação do condutor;Colisão traseira;Sem Vítimas;Pleno dia;Decrescente;Céu Claro;Simples;Reta;Sim;2;0;0;0;0;2;0;2;-3,570938;-45,575058;SPRF-MA;DEL02-MA;UOP01-DEL02-MA
773379;22/05/2026;sexta-feira;17:00:00;RS;392;352;SANTA MARIA;Acessar a via sem observar a presença dos outros veículos;Colisão transversal;Com Vítimas Feridas;Pleno dia;Crescente;Céu Claro;Dupla;Em Obras;Sim;2;0;1;0;1;1;0;2;-29,71785533;-53,80862117;SPRF-RS;DEL09/RS;UOP01-DEL09-RS
773380;22/05/2026;sexta-feira;17:00:00;GO;153;438;ANAPOLIS;Demais falhas mecânicas ou elétricas;Saída de leito carroçável;Com Vítimas Feridas;Pleno dia;Decrescente;Céu Claro;Dupla;Reta;Sim;1;0;1;0;1;0;0;1;-16,30835;-48,92352;SPRF-GO;DEL02/GO;UOP01-DEL02-GO
773381;22/05/2026;sexta-feira;17:20:00;SP;153;61,3;SAO JOSE DO RIO PRETO;Ausência de reação do condutor;Colisão traseira;Sem Vítimas;Pleno dia;Crescente;Céu Claro;Dupla;"Declive;Reta";Sim;4;0;0;0;0;4;0;3;-20,805951;-49,356015;SPRF-SP;DEL09/SP;UOP01-DEL09-SP
773382;14/05/2026;quinta-feira;17:27:00;MT;70;734;CACERES;Acessar a via sem observar a presença dos outros veículos;Colisão transversal;Com Vítimas Feridas;Pleno dia;Decrescente;Céu Claro;Simples;Reta;Sim;2;0;1;0;1;1;0;2;-16,08181805;-57,69901953;SPRF-MT;DEL03/MT;UOP01-DEL03-MT
773383;22/05/2026;sexta-feira;17:00:00;MG;40;618,3;CONGONHAS;Conversão proibida;Colisão transversal;Com Vítimas Feridas;Pleno dia;Crescente;Céu Claro;Simples;Reta;Sim;2;0;1;1;2;0;0;2;-20,55811;-43,8138;SPRF-MG;DEL05/MG;UOP02-DEL05-MG
773384;22/05/2026;sexta-feira;17:47:00;RN;406;161,2;CEARA-MIRIM;Condutor deixou de manter distância do veículo da frente;Colisão traseira;Com Vítimas Feridas;Plena Noite;Decrescente;Céu Claro;Simples;Reta;Sim;3;0;0;1;1;0;0;2;-5,720309;-35,367059;SPRF-RN;DEL02-RN;UOP01-DEL02-RN
773385;06/04/2026;segunda-feira;11:29:00;SC;0;0;FLORIANOPOLIS;Acumulo de água sobre o pavimento;Colisão lateral mesmo sentido;Sem Vítimas;Pleno dia;Não Informado;Chuva;Dupla;"Curva;Aclive";Sim;2;0;0;0;0;2;0;2;-27,43963471;-48,41651469;DG;N/A;N/A
773387;29/04/2026;quarta-feira;00:50:00;MG;381;478,5;CONTAGEM;Ausência de reação do condutor;Colisão com objeto;Com Vítimas Feridas;Plena Noite;Crescente;Ignorado;Dupla;"Reta;Aclive";Não;1;0;1;0;1;0;0;1;-19,961788;-44,039068;SPRF-MG;DEL01/MG;UOP03-DEL01-MG
773388;22/05/2026;sexta-feira;18:15:00;SP;153;62,3;SAO JOSE DO RIO PRETO;Reação tardia ou ineficiente do condutor;Colisão traseira;Com Vítimas Feridas;Anoitecer;Decrescente;Céu Claro;Dupla;Reta;Sim;2;0;1;0;1;1;0;2;-20,82498;-49,35815;SPRF-SP;DEL09/SP;UOP01-DEL09-SP
773389;22/05/2026;sexta-feira;18:07:00;RN;110;47,5;MOSSORO;Ausência de reação do condutor;Colisão traseira;Com Vítimas Feridas;Plena Noite;Crescente;Céu Claro;Simples;"Reta;Declive";Sim;3;0;1;0;1;1;0;3;-5,2064033;-37,3297283;SPRF-RN;DEL04-RN;UOP01-DEL04-RN
773390;11/04/2026;sábado;20:13:00;PB;230;8,1;CABEDELO;Ausência de reação do condutor;Colisão traseira;Com Vítimas Feridas;Plena Noite;Crescente;Céu Claro;Simples;Reta;Sim;4;0;2;0;2;2;0;2;-6,98898504;-34,82870847;SPRF-PB;DEL01-PB;UOP01-DEL01-PB
773391;22/05/2026;sexta-feira;13:00:00;PA;230;12;ALTAMIRA;Acesso irregular;Colisão lateral mesmo sentido;Com Vítimas Feridas;Pleno dia;Crescente;Céu Claro;Simples;Interseção de Vias;Sim;3;0;0;1;1;1;0;3;-3,20164;-52,237856;SPRF-PA;DEL03/PA;UOP01-DEL03-PA
773392;22/05/2026;sexta-feira;17:50:00;RJ;40;84;PETROPOLIS;Pista Escorregadia;Saída de leito carroçável;Com Vítimas Feridas;Anoitecer;Crescente;Garoa/Chuvisco;Dupla;"Curva;Declive;Túnel";Não;1;0;1;0;1;0;0;1;-22,53193829;-43,23510915;SPRF-RJ;DEL01/RJ;UOP01-DEL01-RJ
773393;22/05/2026;sexta-feira;17:20:00;ES;101;289,6;CARIACICA;Manobra de mudança de faixa;Colisão lateral mesmo sentido;Com Vítimas Feridas;Anoitecer;Crescente;Céu Claro;Dupla;"Reta;Aclive";Sim;2;0;1;0;1;0;0;2;-20,28404273;-40,39309502;SPRF-ES;DEL01-ES;UOP01-DEL01-ES
773395;22/05/2026;sexta-feira;18:00:00;AL;316;155;PALMEIRA DOS INDIOS;Acessar a via sem observar a presença dos outros veículos;Colisão transversal;Sem Vítimas;Plena Noite;Decrescente;Nublado;Simples;Reta;Sim;3;0;0;0;0;2;0;3;-9,42263;-36,62639;SPRF-AL;DEL03-AL;UOP01-DEL03-AL
773396;22/05/2026;sexta-feira;18:04:00;PB;104;130,1;CAMPINA GRANDE;Ausência de reação do condutor;Colisão traseira;Com Vítimas Feridas;Plena Noite;Decrescente;Céu Claro;Dupla;"Retorno Regulamentado;Reta";Sim;2;0;2;0;2;0;0;2;-7,27523753;-35,88847911;SPRF-PB;DEL02-PB;UOP01-DEL02-PB
773397;22/05/2026;sexta-feira;17:45:00;SC;280;26;ARAQUARI;Acessar a via sem observar a presença dos outros veículos;Colisão transversal;Com Vítimas Feridas;Anoitecer;Decrescente;Nublado;Simples;Reta;Não;2;0;0;1;1;1;0;2;-26,390238;-48,734807;SPRF-SC;DEL03/SC;UOP03-DEL03-SC
773398;22/05/2026;sexta-feira;15:00:00;RJ;101;327;RIO DE JANEIRO;Reação tardia ou ineficiente do condutor;Queda de ocupante de veículo;Com Vítimas Feridas;Pleno dia;Decrescente;Nublado;Dupla;"Reta;Ponte";Não;1;0;1;0;1;0;0;1;-22,87102162;-43,15757487;SPRF-RJ;DEL02/RJ;UOP01-DEL02-RJ
773399;22/05/2026;sexta-feira;19:00:00;DF;70;9,3;BRASILIA;Entrada inopinada do pedestre;Atropelamento de Pedestre;Com Vítimas Feridas;Plena Noite;Decrescente;Céu Claro;Dupla;Reta;Sim;3;0;0;1;1;2;0;2;-15,786757;-48,138157;SPRF-DF;DEL03-DF;UOP02-DEL03-DF
773400;22/05/2026;sexta-feira;12:25:00;MA;402;124,7;PRIMEIRA CRUZ;Pista esburacada;Saída de leito carroçável;Sem Vítimas;Pleno dia;Crescente;Céu Claro;Simples;"Reta;Declive";Não;3;0;0;0;0;3;0;1;-2,74748;-43,34849;SPRF-MA;DEL01-MA;UOP01-DEL01-MA
773402;22/05/2026;sexta-feira;18:20:00;SC;101;192,6;BIGUACU;Reação tardia ou ineficiente do condutor;Colisão traseira;Com Vítimas Feridas;Anoitecer;Decrescente;Chuva;Múltipla;Reta;Sim;1;0;1;0;1;0;0;1;-27,48812;-48,652663;SPRF-SC;DEL01/SC;UOP01-DEL01-SC
773403;22/05/2026;sexta-feira;18:20:00;RJ;101;313;SAO GONCALO;Reação tardia ou ineficiente do condutor;Colisão lateral mesmo sentido;Com Vítimas Feridas;Plena Noite;Decrescente;Garoa/Chuvisco;Dupla;Reta;Sim;2;0;1;0;1;1;0;2;-22,80882201;-43,0668354;SPRF-RJ;DEL02/RJ;UOP02-DEL02-RJ
773404;22/05/2026;sexta-feira;18:20:00;SE;235;9;NOSSA SENHORA DO SOCORRO;Conversão proibida;Colisão transversal;Com Vítimas Feridas;Plena Noite;Decrescente;Chuva;Simples;Reta;Não;4;0;1;0;1;3;0;3;-10,88022636;-37,14539766;SPRF-SE;DEL01-SE;UOP01-DEL01-SE
773405;22/05/2026;sexta-feira;18:30:00;PI;343;2;TERESINA;Reação tardia ou ineficiente do condutor;Colisão traseira;Com Vítimas Feridas;Plena Noite;Crescente;Céu Claro;Dupla;Rotatória;Sim;2;0;1;0;1;1;0;2;-5,080769;-42,774579;SPRF-PI;DEL01-PI;UOP01-DEL01-PI
773406;22/05/2026;sexta-feira;17:45:00;SC;153;0,3;AGUA DOCE;Acumulo de água sobre o pavimento;Colisão frontal;Com Vítimas Feridas;Anoitecer;Decrescente;Chuva;Simples;Curva;Não;3;0;1;0;1;2;0;2;-26,613501;-51,497547;SPRF-SC;DEL07/SC;UOP07-DEL07-SC
773407;22/05/2026;sexta-feira;18:50:00;PE;101;58,8;RECIFE;Manobra de mudança de faixa;Colisão lateral mesmo sentido;Com Vítimas Feridas;Plena Noite;Decrescente;Céu Claro;Dupla;Reta;Sim;2;0;1;0;1;1;0;2;-7,97652842;-34,92481014;SPRF-PE;DEL01/PE;UOP02-DEL01-PE
773408;22/05/2026;sexta-feira;19:10:00;RS;472;144;TRES DE MAIO;Entrada inopinada do pedestre;Atropelamento de Pedestre;Com Vítimas Fatais;Plena Noite;Decrescente;Céu Claro;Simples;Reta;Não;3;1;0;0;0;2;0;3;-27,769901;-54,351535;SPRF-RS;DEL10/RS;UOP01-DEL10-RS
773410;22/05/2026;sexta-feira;19:20:00;SP;116;414;JUQUIA;Transitar na contramão;Colisão frontal;Com Vítimas Feridas;Plena Noite;Crescente;Garoa/Chuvisco;Simples;Viaduto;Sim;4;0;4;0;4;0;0;2;-24,33145621;-47,63088226;SPRF-SP;DEL05/SP;UOP01-DEL05-SP
773412;22/05/2026;sexta-feira;17:45:00;BA;415;48;ITABUNA;Acessar a via sem observar a presença dos outros veículos;Colisão frontal;Com Vítimas Feridas;Anoitecer;Decrescente;Céu Claro;Simples;Reta;Sim;3;0;1;0;1;1;0;3;-14,816751;-39,300631;SPRF-BA;DEL05/BA;UOP01-DEL05-BA
773413;22/05/2026;sexta-feira;19:15:00;RS;386;245,3;SOLEDADE;Acessar a via sem observar a presença dos outros veículos;Colisão transversal;Com Vítimas Feridas;Plena Noite;Crescente;Garoa/Chuvisco;Simples;Reta;Não;3;0;2;0;2;1;0;2;-28,804372;-52,506915;SPRF-RS;DEL04/RS;UOP03-DEL04-RS
773414;22/05/2026;sexta-feira;18:10:00;MG;116;463,6;TARUMIRIM;Conversão proibida;Colisão transversal;Com Vítimas Feridas;Plena Noite;Decrescente;Céu Claro;Simples;"Reta;Declive";Não;2;0;0;1;1;1;0;2;-19,26766833;-42,06538166;SPRF-MG;DEL06/MG;UOP02-DEL06-MG
773415;22/05/2026;sexta-feira;17:50:00;RS;116;401;CAMAQUA;Ausência de reação do condutor;Saída de leito carroçável;Com Vítimas Feridas;Anoitecer;Decrescente;Chuva;Simples;Reta;Não;1;0;1;0;1;0;0;1;-30,86084307;-51,78954475;SPRF-RS;DEL02/RS;UOP02-DEL02-RS
773416;22/05/2026;sexta-feira;18:50:00;ES;101;94,1;JAGUARE;Acessar a via sem observar a presença dos outros veículos;Colisão transversal;Com Vítimas Feridas;Plena Noite;Decrescente;Nublado;Simples;Retorno Regulamentado;Sim;3;0;2;0;2;1;0;2;-18,93240869;-39,97261897;SPRF-ES;DEL04-ES;UOP02-DEL04-ES
773417;22/05/2026;sexta-feira;20:10:00;SC;101;137;BALNEARIO CAMBORIU;Condutor deixou de manter distância do veículo da frente;Colisão traseira;Com Vítimas Feridas;Plena Noite;Decrescente;Chuva;Múltipla;Reta;Não;3;0;1;0;1;1;0;2;-27,01340543;-48,61318552;SPRF-SC;DEL04/SC;UOP03-DEL04-SC
773420;22/05/2026;sexta-feira;18:15:00;RO;364;8;VILHENA;Transitar na contramão;Colisão frontal;Com Vítimas Feridas;Plena Noite;Crescente;Céu Claro;Simples;Reta;Sim;2;0;0;2;2;0;0;2;-12,76881041;-60,09611607;SPRF-RO;DEL04-RO;UOP01-DEL04-RO
773423;22/05/2026;sexta-feira;19:00:00;ES;101;100,2;JAGUARE;Pedestre - Ingestão de álcool/ substâncias psicoativas;Atropelamento de Pedestre;Com Vítimas Feridas;Plena Noite;Crescente;Garoa/Chuvisco;Simples;Interseção de Vias;Sim;2;0;0;1;1;1;0;2;-18,9840359;-39,9970948;SPRF-ES;DEL04-ES;UOP02-DEL04-ES
773424;22/05/2026;sexta-feira;17:00:00;SC;282;612,8;MARAVILHA;Velocidade Incompatível;Colisão frontal;Com Vítimas Fatais;Pleno dia;Crescente;Chuva;Simples;Reta;Não;3;1;1;0;1;0;0;3;-26,764303;-53,25412;SPRF-SC;DEL07/SC;UOP02-DEL07-SC
773425;22/05/2026;sexta-feira;20:30:00;SC;101;129;CAMBORIU;Ausência de reação do condutor;Colisão lateral mesmo sentido;Com Vítimas Feridas;Plena Noite;Crescente;Garoa/Chuvisco;Dupla;Curva;Não;2;0;1;0;1;0;0;2;-26,97964998;-48,68065986;SPRF-SC;DEL04/SC;UOP03-DEL04-SC
773426;22/05/2026;sexta-feira;20:30:00;MG;381;505,8;BETIM;Avarias e/ou desgaste excessivo no pneu;Tombamento;Com Vítimas Feridas;Plena Noite;Crescente;Ignorado;Dupla;Reta;Não;1;0;1;0;1;0;0;1;-20,036315;-44,24617;SPRF-MG;DEL01/MG;UOP03-DEL01-MG
773427;22/05/2026;sexta-feira;19:30:00;RJ;40;107;DUQUE DE CAXIAS;Acessar a via sem observar a presença dos outros veículos;Colisão transversal;Com Vítimas Feridas;Plena Noite;Crescente;Nublado;Dupla;Reta;Sim;2;0;1;0;1;1;0;2;-22,655914;-43,283771;SPRF-RJ;DEL01/RJ;UOP02-DEL01-RJ
773428;22/05/2026;sexta-feira;18:00:00;RS;116;529;CAPAO DO LEAO;Acessar a via sem observar a presença dos outros veículos;Atropelamento de Pedestre;Com Vítimas Feridas;Anoitecer;Crescente;Céu Claro;Simples;Reta;Não;3;0;1;0;1;1;0;2;-31,75514113;-52,42991989;SPRF-RS;DEL07/RS;UOP01-DEL07-RS
773429;22/05/2026;sexta-feira;17:10:00;SP;116;230;SAO PAULO;Reação tardia ou ineficiente do condutor;Tombamento;Com Vítimas Feridas;Anoitecer;Crescente;Céu Claro;Múltipla;Reta;Sim;1;0;1;0;1;0;0;1;-23,51554921;-46,57919733;SPRF-SP;DEL01/SP;UOP01-DEL01-SP
773430;21/05/2026;quinta-feira;15:10:00;RJ;40;110;DUQUE DE CAXIAS;Frear bruscamente;Colisão com objeto;Com Vítimas Feridas;Pleno dia;Crescente;Chuva;Simples;Reta;Não;2;0;0;1;1;1;0;2;-22,64369;-43,28404;SPRF-RJ;DEL01/RJ;UOP02-DEL01-RJ
773431;22/05/2026;sexta-feira;18:10:00;MS;267;489;JARDIM;Acessar a via sem observar a presença dos outros veículos;Eventos atípicos;Com Vítimas Feridas;Plena Noite;Decrescente;Céu Claro;Simples;Reta;Não;3;0;2;0;2;0;0;2;-21,49588822;-56,2641964;SPRF-MS;DEL05/MS;UOP01-DEL05-MS
773432;22/05/2026;sexta-feira;19:40:00;SC;101;106,1;PENHA;Trafegar com motocicleta (ou similar) entre as faixas;Colisão lateral mesmo sentido;Sem Vítimas;Plena Noite;Crescente;Chuva;Dupla;"Curva;Aclive";Não;2;0;0;0;0;2;0;2;-26,81122558;-48,68304698;SPRF-SC;DEL03/SC;UOP02-DEL03-SC
773433;22/05/2026;sexta-feira;19:30:00;MG;40;42,3;PARACATU;Acessar a via sem observar a presença dos outros veículos;Colisão transversal;Com Vítimas Feridas;Plena Noite;Crescente;Céu Claro;Simples;"Retorno Regulamentado;Reta;Interseção de Vias;Aclive";Sim;2;0;1;0;1;1;0;2;-17,221671;-46,865815;SPRF-MG;DEL14/MG;UOP01-DEL14-MG
773437;22/05/2026;sexta-feira;20:20:00;BA;116;425;FEIRA DE SANTANA;Animais na Pista;Queda de ocupante de veículo;Com Vítimas Feridas;Plena Noite;Decrescente;Céu Claro;Dupla;Reta;Sim;2;0;0;2;2;0;0;1;-12,25357316;-38,98907214;SPRF-BA;DEL02/BA;UOP01-DEL02-BA
773438;22/05/2026;sexta-feira;20:40:00;RJ;40;56;PETROPOLIS;Reação tardia ou ineficiente do condutor;Colisão com objeto;Com Vítimas Feridas;Plena Noite;Decrescente;Céu Claro;Dupla;Curva;Não;1;0;1;0;1;0;0;1;-22,36861333;-43,12762;SPRF-RJ;DEL05/RJ;UOP02-DEL05-RJ
773439;22/05/2026;sexta-feira;18:50:00;GO;364;5,5;SAO SIMAO;Reação tardia ou ineficiente do condutor;Queda de ocupante de veículo;Com Vítimas Feridas;Anoitecer;Crescente;Céu Claro;Simples;"Reta;Aclive";Não;2;0;1;0;1;1;0;2;-19,016885;-50,538643;SPRF-GO;DEL05/GO;UOP02-DEL05-GO
773444;22/05/2026;sexta-feira;21:00:00;GO;60;32;ALEXANIA;Acessar a via sem observar a presença dos outros veículos;Colisão transversal;Com Vítimas Fatais;Plena Noite;Decrescente;Céu Claro;Dupla;Reta;Sim;2;1;0;0;0;1;0;2;-16,090621;-48,512754;SPRF-DF;DEL03-DF;UOP01-DEL03-DF
773445;22/05/2026;sexta-feira;19:45:00;MG;40;717,6;BARBACENA;Ingestão de álcool pelo condutor;Colisão traseira;Com Vítimas Fatais;Plena Noite;Crescente;Céu Claro;Dupla;Reta;Não;4;1;0;1;1;2;0;2;-21,2600133;-43,66252166;SPRF-MG;DEL05/MG;UOP01-DEL05-MG
773446;22/05/2026;sexta-feira;20:55:00;RS;116;59,5;CAMPESTRE DA SERRA;Ultrapassagem Indevida;Colisão lateral sentido oposto;Com Vítimas Feridas;Plena Noite;Decrescente;Nublado;Simples;"Reta;Aclive";Não;2;0;1;1;2;0;0;2;-28,638605;-51,044226;SPRF-RS;DEL05/RS;UOP03-DEL05-RS
773447;22/05/2026;sexta-feira;20:10:00;RJ;40;119;DUQUE DE CAXIAS;Transitar na contramão;Colisão frontal;Com Vítimas Feridas;Plena Noite;Decrescente;Nublado;Múltipla;Reta;Sim;2;0;1;0;1;0;0;2;-22,76516;-43,2864;SPRF-RJ;DEL01/RJ;UOP02-DEL01-RJ
773448;22/05/2026;sexta-feira;21:45:00;SC;101;426,6;SOMBRIO;Ausência de reação do condutor;Colisão transversal;Com Vítimas Feridas;Plena Noite;Decrescente;Garoa/Chuvisco;Dupla;Reta;Não;3;0;1;0;1;2;0;2;-29,03515231;-49,60817383;SPRF-SC;DEL02/SC;UOP02-DEL02-SC
773449;22/05/2026;sexta-feira;21:30:00;RS;116;122,1;SAO MARCOS;Reação tardia ou ineficiente do condutor;Saída de leito carroçável;Com Vítimas Feridas;Plena Noite;Decrescente;Garoa/Chuvisco;Simples;Curva;Não;2;0;2;0;2;0;0;1;-29,01161;-51,07447;SPRF-RS;DEL05/RS;UOP01-DEL05-RS
773450;22/05/2026;sexta-feira;22:00:00;PR;277;275;PRUDENTOPOLIS;Ausência de reação do condutor;Saída de leito carroçável;Sem Vítimas;Plena Noite;Crescente;Garoa/Chuvisco;Simples;Reta;Não;1;0;0;0;0;1;0;1;-25,361845;-50,913491;SPRF-PR;DEL08/PR;UOP02-DEL08-PR
773451;22/05/2026;sexta-feira;21:50:00;SE;101;0,5;PROPRIA;Avarias e/ou desgaste excessivo no pneu;Eventos atípicos;Com Vítimas Fatais;Plena Noite;Crescente;Garoa/Chuvisco;Dupla;"Ponte;Reta";Sim;3;1;0;0;0;1;0;2;-10,21402383;-36,8222421;SPRF-SE;DEL02-SE;UOP02-DEL02-SE
773452;22/05/2026;sexta-feira;22:50:00;MG;381;506;BETIM;Avarias e/ou desgaste excessivo no pneu;Queda de ocupante de veículo;Com Vítimas Feridas;Plena Noite;Crescente;Nublado;Dupla;"Reta;Declive";Não;1;0;1;0;1;0;0;1;-20,038382;-44,254292;SPRF-MG;DEL01/MG;UOP03-DEL01-MG
773453;22/05/2026;sexta-feira;22:35:00;RN;405;2;MOSSORO;Manobra de mudança de faixa;Colisão transversal;Com Vítimas Feridas;Plena Noite;Crescente;Céu Claro;Dupla;Reta;Sim;2;0;2;0;2;0;0;2;-5,193117;-37,37435;SPRF-RN;DEL04-RN;UOP02-DEL04-RN
773455;22/05/2026;sexta-feira;21:40:00;DF;60;1,2;BRASILIA;Velocidade Incompatível;Colisão lateral mesmo sentido;Com Vítimas Fatais;Plena Noite;Crescente;Céu Claro;Simples;Reta;Sim;2;1;0;0;0;0;0;2;-15,884587;-48,068452;SPRF-DF;DEL03-DF;UOP01-DEL03-DF
773457;22/05/2026;sexta-feira;22:25:00;MA;222;409,1;SANTA LUZIA;Pedestre andava na pista;Atropelamento de Pedestre;Com Vítimas Feridas;Plena Noite;Decrescente;Ignorado;Simples;"Reta;Declive";Sim;2;0;0;1;1;1;0;2;-3,974493;-45,669012;SPRF-MA;DEL02-MA;UOP01-DEL02-MA
773458;22/05/2026;sexta-feira;23:00:00;GO;60;266;INDIARA;Acesso irregular;Colisão com objeto;Sem Vítimas;Plena Noite;Decrescente;Céu Claro;Dupla;"Curva;Declive";Não;1;0;0;0;0;1;0;1;-17,205971;-50,099335;SPRF-GO;DEL01/GO;UOP02-DEL01-GO
773459;22/05/2026;sexta-feira;22:00:00;RJ;101;294;ITABORAI;Entrada inopinada do pedestre;Atropelamento de Pedestre;Com Vítimas Fatais;Plena Noite;Crescente;Nublado;Dupla;Reta;Sim;3;1;1;0;1;0;0;2;-22,7614572;-42,8992688;SPRF-RJ;DEL02/RJ;UOP02-DEL02-RJ
773460;22/05/2026;sexta-feira;23:00:00;PR;277;1;CURITIBA;Ausência de reação do condutor;Colisão traseira;Sem Vítimas;Anoitecer;Decrescente;Ignorado;Dupla;Reta;Sim;2;0;0;0;0;2;0;2;-25,53597134;-49,32124746;SPRF-PR;DEL01/PR;UOP06-DEL01-PR