id;data_inversa;dia_semana;horario;uf;br;km;municipio;causa_acidente;tipo_acidente;classificacao_acidente;fase_dia;sentido_via;condicao_metereologica;tipo_pista;tracado_via;uso_solo;pessoas;mortos;feridos_leves;feridos_graves;feridos;ilesos;ignorados;veiculos;latitude;longitude;regional;delegacia;uop
773461;22/05/2026;sexta-feira;20:00:00;MG;116;412;GOVERNADOR VALADARES;Ultrapassagem Indevida;Colisão frontal;Com Vítimas Feridas;Plena Noite;Decrescente;Céu Claro;Simples;Reta;Sim;2;0;1;0;1;0;0;2;-18,87387;-41,96658;SPRF-MG;DEL06/MG;UOP01-DEL06-MG
773462;22/05/2026;sexta-feira;17:50:00;SC;163;67,7;SAO MIGUEL DO OESTE;Manobra de mudança de faixa;Colisão transversal;Com Vítimas Feridas;Plena Noite;Crescente;Chuva;Múltipla;"Reta;Aclive";Sim;3;0;1;0;1;2;0;2;-26,75362677;-53,50064917;SPRF-SC;DEL07/SC;UOP03-DEL07-SC
773463;23/05/2026;sábado;00:20:00;PR;153;43,4;SANTO ANTONIO DA PLATINA;Ingestão de álcool pelo condutor;Queda de ocupante de veículo;Com Vítimas Feridas;Plena Noite;Crescente;Céu Claro;Simples;Reta;Não;1;0;1;0;1;0;0;1;-23,31400904;-50,06961584;SPRF-PR;DEL07/PR;UOP04-DEL07-PR
773465;23/05/2026;sábado;00:40:00;GO;414;436,8;ANAPOLIS;Acessar a via sem observar a presença dos outros veículos;Colisão transversal;Com Vítimas Feridas;Plena Noite;Decrescente;Céu Claro;Simples;Reta;Sim;3;0;2;0;2;0;0;2;-16,253148;-48,935743;SPRF-GO;DEL02/GO;UOP01-DEL02-GO
773466;22/05/2026;sexta-feira;23:36:00;PA;163;990,7;SANTAREM;Ingestão de álcool pelo condutor;Colisão lateral sentido oposto;Sem Vítimas;Plena Noite;Decrescente;Céu Claro;Simples;Reta;Sim;2;0;0;0;0;2;0;2;-2,56702;-54,72139;SPRF-PA;DEL05/PA;UOP01-DEL05-PA
773467;22/05/2026;sexta-feira;21:15:00;MA;402;78;MORROS;Pedestre andava na pista;Atropelamento de Pedestre;Com Vítimas Fatais;Plena Noite;Decrescente;Céu Claro;Simples;Reta;Não;2;1;0;0;0;1;0;2;-2,75954;-43,73124;SPRF-MA;DEL01-MA;UOP01-DEL01-MA
773468;22/05/2026;sexta-feira;23:50:00;PR;376;668,1;GUARATUBA;Velocidade Incompatível;Saída de leito carroçável;Com Vítimas Feridas;Plena Noite;Crescente;Chuva;Dupla;"Curva;Declive";Não;4;0;1;0;1;3;0;1;-25,872;-48,936;SPRF-PR;DEL01/PR;UOP04-DEL01-PR
773469;22/05/2026;sexta-feira;21:55:00;PR;376;628,8;SAO JOSE DOS PINHAIS;Reação tardia ou ineficiente do condutor;Tombamento;Com Vítimas Feridas;Plena Noite;Decrescente;Nublado;Dupla;Curva;Não;1;0;1;0;1;0;0;1;-25,69111537;-49,14521456;SPRF-PR;DEL01/PR;UOP04-DEL01-PR
773471;23/05/2026;sábado;01:50:00;PR;277;428,4;CANTAGALO;Transitar na contramão;Colisão frontal;Com Vítimas Feridas;Plena Noite;Crescente;Nublado;Simples;Reta;Não;7;0;0;1;1;2;0;6;-25,38354139;-52,14699268;SPRF-PR;DEL04/PR;UOP02-DEL04-PR
773472;22/05/2026;sexta-feira;22:00:00;BA;135;135;RIACHAO DAS NEVES;Reação tardia ou ineficiente do condutor;Atropelamento de Pedestre;Com Vítimas Fatais;Plena Noite;Crescente;Céu Claro;Simples;Reta;Não;2;1;0;0;0;0;0;2;-11,832053;-44,856193;SPRF-BA;DEL10/BA;UOP01-DEL10-BA
773473;23/05/2026;sábado;02:30:00;RS;116;526;PELOTAS;Ingestão de álcool pelo condutor;Colisão com objeto;Sem Vítimas;Plena Noite;Crescente;Chuva;Simples;Viaduto;Não;1;0;0;0;0;1;0;1;-31,74479616;-52,40435994;SPRF-RS;DEL07/RS;UOP01-DEL07-RS
773474;23/05/2026;sábado;02:00:00;SC;282;384;JOACABA;Desvio temporário;Colisão traseira;Sem Vítimas;Plena Noite;Decrescente;Chuva;Simples;"Reta;Ponte;Em Obras";Não;2;0;0;0;0;2;0;2;-27,2014727;-51,50875568;SPRF-SC;DEL07/SC;UOP05-DEL07-SC
773475;23/05/2026;sábado;01:30:00;PR;476;345;PAULA FREITAS;Ausência de reação do condutor;Colisão com objeto;Com Vítimas Feridas;Plena Noite;Crescente;Chuva;Simples;Curva;Não;2;0;1;1;2;0;0;1;-26,18435995;-50,94221815;SPRF-PR;DEL02/PR;UOP03-DEL02-PR
773477;23/05/2026;sábado;02:30:00;SC;101;206;SAO JOSE;Reação tardia ou ineficiente do condutor;Tombamento;Com Vítimas Feridas;Plena Noite;Crescente;Chuva;Múltipla;"Aclive;Reta";Sim;1;0;1;0;1;0;0;1;-27,60053149;-48,62320153;SPRF-SC;DEL01/SC;UOP01-DEL01-SC
773479;23/05/2026;sábado;03:00:00;RS;392;682,6;ROQUE GONZALES;Ausência de reação do condutor;Colisão com objeto;Com Vítimas Feridas;Plena Noite;Crescente;Nevoeiro/Neblina;Simples;Rotatória;Não;2;0;2;0;2;0;0;1;-28,12248254;-54,93768096;SPRF-RS;DEL10/RS;UOP01-DEL10-RS
773480;23/05/2026;sábado;03:15:00;DF;20;24,6;BRASILIA;Ingestão de álcool pelo condutor;Colisão com objeto;Sem Vítimas;Plena Noite;Crescente;Céu Claro;Dupla;Curva;Sim;2;0;0;0;0;1;0;1;-15,595033;-47,656547;SPRF-DF;DEL02-DF;UOP01-DEL02-DF
773481;23/05/2026;sábado;04:15:00;GO;414;439;ANAPOLIS;Ingestão de álcool pelo condutor;Colisão frontal;Com Vítimas Feridas;Plena Noite;Crescente;Ignorado;Simples;Reta;Sim;2;0;0;1;1;0;0;2;-16,27649;-48,9414;SPRF-GO;DEL02/GO;UOP01-DEL02-GO
773482;23/05/2026;sábado;04:15:00;RS;392;648,3;GUARANI DAS MISSOES;Animais na Pista;Atropelamento de Animal;Sem Vítimas;Plena Noite;Crescente;Nublado;Simples;Reta;Não;1;0;0;0;0;1;0;1;-28,13282424;-54,60896015;SPRF-RS;DEL10/RS;UOP01-DEL10-RS
773483;23/05/2026;sábado;04:30:00;RS;472;138,1;TRES DE MAIO;Ausência de reação do condutor;Saída de leito carroçável;Com Vítimas Feridas;Plena Noite;Decrescente;Nevoeiro/Neblina;Simples;"Reta;Interseção de Vias";Não;5;0;2;1;3;2;0;1;-27,775015;-54,29342;SPRF-RS;DEL10/RS;UOP01-DEL10-RS
773484;23/05/2026;sábado;03:00:00;SC;470;262;CURITIBANOS;Ausência de reação do condutor;Saída de leito carroçável;Sem Vítimas;Plena Noite;Decrescente;Chuva;Simples;Reta;Não;1;0;0;0;0;0;1;1;-27,3031333;-50,7088746;SPRF-SC;DEL05/SC;UOP03-DEL05-SC
773487;23/05/2026;sábado;03:50:00;MG;50;179,6;UBERABA;Ausência de reação do condutor;Colisão com objeto;Com Vítimas Feridas;Plena Noite;Crescente;Céu Claro;Simples;"Curva;Rotatória;Interseção de Vias;Viaduto";Sim;2;0;1;1;2;0;0;1;-19,77738988;-47,9237882;SPRF-MG;DEL13/MG;UOP01-DEL13-MG
773488;23/05/2026;sábado;04:00:00;MS;262;373,5;TERENOS;Ingestão de álcool pelo condutor;Colisão lateral sentido oposto;Com Vítimas Feridas;Plena Noite;Crescente;Nublado;Simples;Curva;Não;8;0;3;0;3;5;0;3;-20,48996;-54,810817;SPRF-MS;DEL01/MS;UOP03-DEL01-MS
773489;23/05/2026;sábado;04:10:00;RS;290;124;ELDORADO DO SUL;Reação tardia ou ineficiente do condutor;Saída de leito carroçável;Sem Vítimas;Plena Noite;Crescente;Céu Claro;Simples;Reta;Não;1;0;0;0;0;1;0;1;-30,05458;-51,451027;SPRF-RS;DEL02/RS;UOP01-DEL02-RS
773490;23/05/2026;sábado;05:40:00;SC;101;460;PASSO DE TORRES;Ausência de reação do condutor;Saída de leito carroçável;Com Vítimas Feridas;Plena Noite;Crescente;Chuva;Dupla;Reta;Não;2;0;1;0;1;1;0;1;-29,27982595;-49,75510169;SPRF-RS;DEL03/RS;UOP02-DEL03-RS
773493;23/05/2026;sábado;06:00:00;BA;116;419;FEIRA DE SANTANA;Transitar na contramão;Colisão frontal;Com Vítimas Feridas;Amanhecer;Crescente;Nublado;Múltipla;Viaduto;Sim;2;0;1;0;1;1;0;2;-12,199975;-38,9655283;SPRF-BA;DEL02/BA;UOP01-DEL02-BA
773494;23/05/2026;sábado;05:25:00;RS;116;265;CANOAS;Ausência de reação do condutor;Colisão traseira;Com Vítimas Feridas;Plena Noite;Decrescente;Céu Claro;Dupla;"Reta;Viaduto";Sim;4;0;1;0;1;2;0;4;-29,92748305;-51,17764473;SPRF-RS;DEL01/RS;UOP01-DEL01-RS
773495;23/05/2026;sábado;00:40:00;MA;222;660;ACAILANDIA;Pista esburacada;Saída de leito carroçável;Com Vítimas Feridas;Plena Noite;Crescente;Céu Claro;Simples;Reta;Não;5;0;2;0;2;3;0;1;-4,891185;-47,379933;SPRF-MA;DEL04-MA;UOP03-DEL04-MA
773496;23/05/2026;sábado;06:28:00;PB;230;17;JOAO PESSOA;Acessar a via sem observar a presença dos outros veículos;Colisão lateral mesmo sentido;Com Vítimas Feridas;Pleno dia;Crescente;Céu Claro;Múltipla;Curva;Sim;2;0;1;0;1;1;0;2;-7,11677122;-34,84235493;SPRF-PB;DEL01-PB;UOP01-DEL01-PB
773497;23/05/2026;sábado;06:15:00;PR;376;152,5;MANDAGUACU;Animais na Pista;Atropelamento de Animal;Com Vítimas Feridas;Pleno dia;Crescente;Nevoeiro/Neblina;Dupla;Reta;Sim;2;0;1;0;1;1;0;2;-23,31639962;-52,10955475;SPRF-PR;DEL09/PR;UOP02-DEL09-PR
773498;23/05/2026;sábado;06:00:00;MG;116;276,8;TEOFILO OTONI;Reação tardia ou ineficiente do condutor;Queda de ocupante de veículo;Com Vítimas Feridas;Amanhecer;Decrescente;Céu Claro;Simples;"Em Obras;Reta";Sim;1;0;1;0;1;0;0;1;-17,858517;-41,515038;SPRF-MG;DEL11/MG;UOP01-DEL11-MG
773499;23/05/2026;sábado;06:45:00;ES;262;41,5;DOMINGOS MARTINS;Conversão proibida;Colisão traseira;Com Vítimas Feridas;Pleno dia;Crescente;Garoa/Chuvisco;Dupla;"Aclive;Reta";Não;3;0;1;0;1;1;0;3;-20,38563886;-40,6491336;SPRF-ES;DEL01-ES;UOP01-DEL01-ES
773501;23/05/2026;sábado;00:40:00;RJ;116;211;SEROPEDICA;Falta de elemento de contenção que evite a saída do leito carroçável;Saída de leito carroçável;Com Vítimas Feridas;Plena Noite;Crescente;Nublado;Dupla;Reta;Não;2;0;2;0;2;0;0;1;-22,71820961;-43,70266613;SPRF-RJ;DEL06/RJ;UOP02-DEL06-RJ
773502;23/05/2026;sábado;06:00:00;SC;282;5,1;SAO JOSE;Ausência de sinalização;Colisão traseira;Sem Vítimas;Plena Noite;Crescente;Céu Claro;Dupla;Reta;Sim;3;0;0;0;0;2;0;2;-27,587885;-48,61361;SPRF-SC;DEL01/SC;UOP01-DEL01-SC
773505;23/05/2026;sábado;07:25:00;ES;101;149,3;LINHARES;Reação tardia ou ineficiente do condutor;Colisão traseira;Com Vítimas Feridas;Pleno dia;Crescente;Garoa/Chuvisco;Dupla;Interseção de Vias;Sim;2;0;0;1;1;1;0;2;-19,39961791;-40,06249076;SPRF-ES;DEL04-ES;UOP01-DEL04-ES
773506;23/05/2026;sábado;06:00:00;SC;101;279;IMBITUBA;Chuva;Colisão frontal;Com Vítimas Feridas;Amanhecer;Crescente;Chuva;Múltipla;"Reta;Interseção de Vias";Não;2;0;0;1;1;1;0;2;-28,185874;-48,69668;SPRF-SC;DEL02/SC;UOP03-DEL02-SC
773507;23/05/2026;sábado;07:39:00;PB;230;153,9;CAMPINA GRANDE;Reação tardia ou ineficiente do condutor;Tombamento;Com Vítimas Feridas;Pleno dia;Crescente;Chuva;Dupla;Reta;Sim;2;0;2;0;2;0;0;1;-7,2788817;-35,8931117;SPRF-PB;DEL02-PB;UOP01-DEL02-PB
773509;15/05/2026;sexta-feira;22:00:00;CE;116;489;MILAGRES;Ausência de reação do condutor;Colisão traseira;Com Vítimas Feridas;Plena Noite;Crescente;Céu Claro;Simples;Reta;Não;4;0;1;0;1;3;0;2;-7,36969428;-38,95183057;SPRF-CE;DEL05/CE;UOP03-DEL05-CE
773510;23/05/2026;sábado;03:35:00;RJ;101;23;ITAPERUNA;Avarias e/ou desgaste excessivo no pneu;Queda de ocupante de veículo;Com Vítimas Feridas;Plena Noite;Decrescente;Garoa/Chuvisco;Simples;Reta;Sim;1;0;1;0;1;0;0;1;-21,17929973;-41,97709143;SPRF-RJ;DEL08/RJ;UOP01-DEL08-RJ
773511;23/05/2026;sábado;07:50:00;PR;369;193;ARAPONGAS;Reação tardia ou ineficiente do condutor;Colisão com objeto;Com Vítimas Feridas;Pleno dia;Decrescente;Nublado;Dupla;"Reta;Declive";Não;1;0;1;0;1;0;0;1;-23,46335459;-51,42345071;SPRF-PR;DEL07/PR;UOP03-DEL07-PR
773512;23/05/2026;sábado;07:48:00;GO;60;181;ABADIA DE GOIAS;Mal súbito do condutor;Saída de leito carroçável;Com Vítimas Feridas;Pleno dia;Decrescente;Céu Claro;Dupla;"Reta;Declive";Não;1;0;1;0;1;0;0;1;-16,783322;-49,4925;SPRF-GO;DEL01/GO;UOP02-DEL01-GO
773513;23/05/2026;sábado;07:10:00;GO;414;371,2;COCALZINHO DE GOIAS;Velocidade Incompatível;Saída de leito carroçável;Com Vítimas Feridas;Pleno dia;Crescente;Céu Claro;Dupla;Retorno Regulamentado;Não;3;0;2;0;2;0;0;1;-15,756317;-48,752216;SPRF-GO;DEL02/GO;UOP01-DEL02-GO
773514;23/05/2026;sábado;06:30:00;BA;135;150;RIACHAO DAS NEVES;Reação tardia ou ineficiente do condutor;Colisão frontal;Com Vítimas Fatais;Amanhecer;Decrescente;Sol;Simples;Reta;Não;3;1;1;0;1;1;0;2;-11,940383;-44,899376;SPRF-BA;DEL10/BA;UOP01-DEL10-BA
773515;23/05/2026;sábado;07:50:00;MG;40;586;ITABIRITO;Condutor deixou de manter distância do veículo da frente;Colisão traseira;Com Vítimas Feridas;Pleno dia;Crescente;Céu Claro;Simples;"Reta;Aclive";Não;2;0;2;0;2;0;0;2;-20,339038;-43,920631;SPRF-MG;DEL01/MG;UOP02-DEL01-MG
773516;23/05/2026;sábado;08:00:00;RJ;101;442;MANGARATIBA;Conversão proibida;Colisão traseira;Com Vítimas Feridas;Pleno dia;Crescente;Céu Claro;Simples;Reta;Não;2;0;0;1;1;1;0;2;-22,97695906;-44,08521879;SPRF-RJ;DEL03/RJ;UOP02-DEL03-RJ
773517;23/05/2026;sábado;08:10:00;SC;101;79;BARRA VELHA;Problema com o freio;Colisão transversal;Com Vítimas Feridas;Pleno dia;Decrescente;Nublado;Dupla;Curva;Não;2;0;1;0;1;1;0;2;-26,60071547;-48,72511474;SPRF-SC;DEL03/SC;UOP02-DEL03-SC
773518;23/05/2026;sábado;07:10:00;PA;230;126,9;MARABA;Ultrapassagem Indevida;Colisão frontal;Com Vítimas Feridas;Pleno dia;Crescente;Céu Claro;Simples;"Reta;Aclive";Sim;2;0;1;0;1;1;0;2;-5,374747;-49,158752;SPRF-PA;DEL03/PA;UOP01-DEL03-PA
773519;23/05/2026;sábado;08:30:00;RJ;40;48;PETROPOLIS;Demais falhas na via;Queda de ocupante de veículo;Com Vítimas Feridas;Pleno dia;Crescente;Chuva;Dupla;Curva;Sim;2;0;2;0;2;0;0;1;-22,29854905;-43,13021746;SPRF-RJ;DEL05/RJ;UOP02-DEL05-RJ
773522;23/05/2026;sábado;07:20:00;PB;230;168,9;CAMPINA GRANDE;Acessar a via sem observar a presença dos outros veículos;Colisão transversal;Com Vítimas Feridas;Pleno dia;Decrescente;Chuva;Simples;"Retorno Regulamentado;Reta";Não;3;0;1;1;2;1;0;2;-7,185488;-35,975362;SPRF-PB;DEL02-PB;UOP02-DEL02-PB
773523;23/05/2026;sábado;04:55:00;MG;381;342,5;JOAO MONLEVADE;Ausência de reação do condutor;Saída de leito carroçável;Com Vítimas Feridas;Amanhecer;Decrescente;Céu Claro;Simples;Curva;Não;3;0;0;3;3;0;0;1;-19,85899;-43,107352;SPRF-MG;DEL03/MG;UOP01-DEL03-MG
773525;23/05/2026;sábado;05:03:00;PI;135;224;COLONIA DO GURGUEIA;Transitar na contramão;Colisão frontal;Com Vítimas Fatais;Pleno dia;Crescente;Céu Claro;Simples;"Reta;Interseção de Vias";Não;3;1;0;0;0;0;0;2;-8,157303;-43,779029;SPRF-PI;DEL03-PI;UOP02-DEL03-PI
773526;23/05/2026;sábado;09:40:00;RJ;101;113;CAMPOS DOS GOYTACAZES;Acumulo de água sobre o pavimento;Colisão com objeto;Com Vítimas Feridas;Pleno dia;Decrescente;Chuva;Dupla;Reta;Não;1;0;1;0;1;0;0;1;-21,9090917;-41,60987;SPRF-RJ;DEL08/RJ;UOP02-DEL08-RJ
773527;10/04/2026;sexta-feira;17:10:00;PR;277;729;FOZ DO IGUACU;Manobra de mudança de faixa;Colisão lateral mesmo sentido;Com Vítimas Feridas;Anoitecer;Crescente;Céu Claro;Dupla;Reta;Sim;1;0;1;0;1;0;0;1;-25,50972648;-54,57185682;SPRF-PR;DEL05/PR;UOP03-DEL05-PR
773528;23/05/2026;sábado;09:40:00;ES;101;150,5;LINHARES;Chuva;Saída de leito carroçável;Com Vítimas Feridas;Pleno dia;Crescente;Chuva;Simples;"Interseção de Vias;Declive;Curva";Sim;2;0;1;0;1;1;0;1;-19,40713393;-40,06403494;SPRF-ES;DEL04-ES;UOP01-DEL04-ES
773530;23/05/2026;sábado;08:15:00;RS;480;65;BARAO DE COTEGIPE;Avarias e/ou desgaste excessivo no pneu;Colisão com objeto;Sem Vítimas;Pleno dia;Crescente;Garoa/Chuvisco;Simples;Curva;Não;1;0;0;0;0;0;1;1;-27,63075289;-52,36222235;SPRF-RS;DEL08/RS;UOP04-DEL08-RS
773531;23/05/2026;sábado;09:40:00;SP;381;34;ATIBAIA;Reação tardia ou ineficiente do condutor;Colisão traseira;Com Vítimas Feridas;Pleno dia;Decrescente;Sol;Dupla;Curva;Não;2;0;1;0;1;1;0;2;-23,0741299;-46,56585786;SPRF-SP;DEL03/SP;UOP02-DEL03-SP
773532;23/05/2026;sábado;09:25:00;RJ;101;53;CAMPOS DOS GOYTACAZES;Reação tardia ou ineficiente do condutor;Saída de leito carroçável;Com Vítimas Feridas;Pleno dia;Decrescente;Nublado;Simples;Reta;Sim;1;0;1;0;1;0;0;1;-21,66172038;-41,31134955;SPRF-RJ;DEL08/RJ;UOP01-DEL08-RJ
773533;23/05/2026;sábado;09:00:00;SC;470;81,9;RODEIO;Reação tardia ou ineficiente do condutor;Saída de leito carroçável;Sem Vítimas;Pleno dia;Crescente;Nublado;Simples;Curva;Não;1;0;0;0;0;0;1;1;-26,96007388;-49,3252751;SPRF-SC;DEL04/SC;UOP01-DEL04-SC
773535;23/05/2026;sábado;08:30:00;SC;282;515,7;XAXIM;Acumulo de água sobre o pavimento;Saída de leito carroçável;Com Vítimas Feridas;Pleno dia;Decrescente;Nevoeiro/Neblina;Múltipla;"Curva;Declive";Não;1;0;1;0;1;0;0;1;-26,928387;-52,499141;SPRF-SC;DEL07/SC;UOP01-DEL07-SC
773536;23/05/2026;sábado;10:20:00;SC;101;133,7;BALNEARIO CAMBORIU;Desrespeitar a preferência no cruzamento;Colisão transversal;Com Vítimas Feridas;Pleno dia;Crescente;Nublado;Múltipla;Rotatória;Sim;2;0;1;0;1;1;0;2;-27,00216;-48,63806;SPRF-SC;DEL04/SC;UOP03-DEL04-SC
773537;23/05/2026;sábado;08:35:00;ES;101;66,2;SAO MATEUS;Acessar a via sem observar a presença dos outros veículos;Colisão transversal;Com Vítimas Feridas;Pleno dia;Crescente;Chuva;Dupla;"Reta;Interseção de Vias";Sim;2;0;0;1;1;1;0;2;-18,717573;-39,872624;SPRF-ES;DEL04-ES;UOP02-DEL04-ES
773538;23/05/2026;sábado;10:00:00;RS;116;270;CANOAS;Ausência de reação do condutor;Colisão lateral mesmo sentido;Sem Vítimas;Pleno dia;Decrescente;Garoa/Chuvisco;Dupla;Reta;Sim;2;0;0;0;0;2;0;2;-29,96809944;-51,17534637;SPRF-RS;DEL01/RS;UOP01-DEL01-RS
773539;23/05/2026;sábado;09:45:00;PR;373;450;CHOPINZINHO;Velocidade Incompatível;Colisão traseira;Com Vítimas Feridas;Pleno dia;Decrescente;Garoa/Chuvisco;Simples;Reta;Sim;5;0;2;0;2;3;0;3;-25,85658256;-52,33101217;SPRF-PR;DEL02/PR;UOP01-DEL02-PR
773543;22/05/2026;sexta-feira;23:53:00;PA;163;415;ITAITUBA;Transitar na contramão;Colisão frontal;Com Vítimas Fatais;Plena Noite;Decrescente;Ignorado;Simples;Reta;Não;3;1;0;0;0;2;0;2;-6,183972;-55,632202;SPRF-PA;DEL05/PA;UOP03-DEL05-PA
773544;23/05/2026;sábado;09:10:00;BA;101;69;ENTRE RIOS;Ausência de reação do condutor;Saída de leito carroçável;Com Vítimas Feridas;Pleno dia;Decrescente;Chuva;Dupla;Reta;Não;3;0;1;1;2;0;0;1;-11,96743349;-38,12142718;SPRF-BA;DEL01/BA;UOP04-DEL01-BA
773545;23/05/2026;sábado;11:20:00;MG;381;484;BETIM;Ausência de reação do condutor;Tombamento;Com Vítimas Feridas;Pleno dia;Decrescente;Céu Claro;Dupla;Reta;Sim;1;0;1;0;1;0;0;1;-19,95656893;-44,10118103;SPRF-MG;DEL01/MG;UOP03-DEL01-MG
773546;23/05/2026;sábado;11:15:00;ES;101;223;IBIRACU;Reação tardia ou ineficiente do condutor;Queda de ocupante de veículo;Com Vítimas Feridas;Pleno dia;Decrescente;Garoa/Chuvisco;Simples;Curva;Não;1;0;1;0;1;0;0;1;-19,879282;-40,416951;SPRF-ES;DEL02-ES;UOP01-DEL02-ES
773548;23/05/2026;sábado;06:20:00;SC;282;629,9;IRACEMINHA;Neblina;Saída de leito carroçável;Com Vítimas Feridas;Amanhecer;Crescente;Nevoeiro/Neblina;Simples;"Curva;Ponte";Não;2;0;1;1;2;0;0;1;-26,82104;-53,38267414;SPRF-SC;DEL07/SC;UOP03-DEL07-SC
773549;23/05/2026;sábado;09:15:00;MG;116;421,8;ALPERCATA;Acessar a via sem observar a presença dos outros veículos;Colisão transversal;Com Vítimas Feridas;Pleno dia;Decrescente;Nublado;Simples;"Reta;Interseção de Vias";Não;3;0;2;0;2;1;0;2;-18,9452;-41,95015;SPRF-MG;DEL06/MG;UOP01-DEL06-MG
773551;23/05/2026;sábado;12:20:00;DF;40;8;BRASILIA;Ultrapassagem Indevida;Colisão lateral mesmo sentido;Com Vítimas Feridas;Pleno dia;Crescente;Nublado;Dupla;Reta;Sim;2;0;1;0;1;1;0;2;-16,04701885;-47,981047;SPRF-DF;DEL01-DF;UOP01-DEL01-DF
773552;16/05/2026;sábado;05:20:00;SP;116;445;REGISTRO;Reação tardia ou ineficiente do condutor;Colisão traseira;Sem Vítimas;Amanhecer;Crescente;Nublado;Dupla;Reta;Sim;3;0;0;0;0;3;0;2;-24,50212538;-47,84681082;SPRF-SP;DEL05/SP;UOP01-DEL05-SP
773553;23/05/2026;sábado;10:40:00;SC;280;151;MAFRA;Ausência de reação do condutor;Saída de leito carroçável;Com Vítimas Feridas;Pleno dia;Decrescente;Nublado;Simples;Reta;Não;2;0;2;0;2;0;0;1;-26,231653;-49,701399;SPRF-SC;DEL06/SC;UOP03-DEL06-SC
773554;23/05/2026;sábado;11:30:00;ES;101;343,3;GUARAPARI;Velocidade Incompatível;Saída de leito carroçável;Com Vítimas Feridas;Pleno dia;Decrescente;Chuva;Dupla;"Curva;Aclive";Não;1;0;1;0;1;0;0;1;-20,66343532;-40,59314132;SPRF-ES;DEL03-ES;UOP01-DEL03-ES
773555;23/05/2026;sábado;10:30:00;PB;104;98,7;ESPERANCA;Acessar a via sem observar a presença dos outros veículos;Queda de ocupante de veículo;Com Vítimas Feridas;Pleno dia;Crescente;Céu Claro;Simples;"Reta;Interseção de Vias;Aclive";Sim;2;0;1;0;1;0;0;2;-7,02721269;-35,85629582;SPRF-PB;DEL02-PB;UOP04-DEL02-PB
773558;23/05/2026;sábado;11:20:00;MG;40;611;CONGONHAS;Velocidade Incompatível;Colisão com objeto;Com Vítimas Feridas;Pleno dia;Crescente;Sol;Simples;Curva;Sim;5;0;1;0;1;4;0;3;-20,5075119;-43,8381478;SPRF-MG;DEL05/MG;UOP02-DEL05-MG
773559;23/05/2026;sábado;12:15:00;RS;116;239;NOVO HAMBURGO;Animais na Pista;Colisão traseira;Com Vítimas Feridas;Pleno dia;Decrescente;Nublado;Dupla;"Em Obras;Reta;Declive";Sim;3;0;2;0;2;1;0;2;-29,69266412;-51,14352249;SPRF-RS;DEL01/RS;UOP02-DEL01-RS
773560;23/05/2026;sábado;10:50:00;MT;364;362;SANTO ANTONIO DO LEVERGER;Ausência de reação do condutor;Saída de leito carroçável;Com Vítimas Feridas;Pleno dia;Crescente;Nublado;Dupla;Curva;Não;4;0;4;0;4;0;0;1;-15,75642;-55,65793;SPRF-MT;DEL01/MT;UOP02-DEL01-MT
773563;23/05/2026;sábado;12:15:00;RJ;116;172;RIO DE JANEIRO;Ausência de reação do condutor;Colisão traseira;Com Vítimas Feridas;Pleno dia;Decrescente;Céu Claro;Múltipla;Reta;Não;3;0;1;0;1;2;0;2;-22,80415839;-43,34697101;SPRF-RJ;DEL06/RJ;UOP01-DEL06-RJ
773564;23/05/2026;sábado;13:30:00;SC;282;4,9;SAO JOSE;Ausência de reação do condutor;Tombamento;Com Vítimas Feridas;Pleno dia;Decrescente;Nublado;Dupla;Reta;Sim;2;0;1;0;1;0;0;1;-27,58848;-48,61284;SPRF-SC;DEL01/SC;UOP01-DEL01-SC
773567;23/05/2026;sábado;13:00:00;PR;376;186,5;MARIALVA;Ausência de reação do condutor;Saída de leito carroçável;Com Vítimas Feridas;Pleno dia;Crescente;Nublado;Dupla;"Reta;Aclive";Não;1;0;1;0;1;0;0;1;-23,45635;-51,84648;SPRF-PR;DEL09/PR;UOP01-DEL09-PR
773568;23/05/2026;sábado;11:20:00;MG;262;418,1;IGARATINGA;Acessar a via sem observar a presença dos outros veículos;Colisão traseira;Com Vítimas Feridas;Pleno dia;Crescente;Céu Claro;Dupla;"Retorno Regulamentado;Reta";Não;2;0;1;0;1;1;0;2;-19,88816398;-44,79567307;SPRF-MG;DEL08/MG;UOP03-DEL08-MG
773569;23/05/2026;sábado;13:30:00;RJ;101;455;MANGARATIBA;Desrespeitar a preferência no cruzamento;Colisão transversal;Com Vítimas Feridas;Pleno dia;Crescente;Céu Claro;Dupla;Retorno Regulamentado;Sim;3;0;1;0;1;2;0;2;-23,03186312;-44,16530728;SPRF-RJ;DEL03/RJ;UOP02-DEL03-RJ
773570;23/05/2026;sábado;14:15:00;SC;282;535;CHAPECO;Acessar a via sem observar a presença dos outros veículos;Colisão transversal;Com Vítimas Feridas;Pleno dia;Crescente;Nublado;Simples;"Curva;Rotatória";Não;7;0;1;0;1;6;0;2;-26,99963653;-52,64640634;SPRF-SC;DEL07/SC;UOP01-DEL07-SC
773571;23/05/2026;sábado;13:20:00;RS;116;144,3;CAXIAS DO SUL;Mal súbito do condutor;Tombamento;Com Vítimas Feridas;Pleno dia;Decrescente;Nublado;Dupla;"Reta;Declive";Sim;2;0;1;0;1;0;0;2;-29,1303503;-51,1280576;SPRF-RS;DEL05/RS;UOP01-DEL05-RS