id;data_inversa;dia_semana;horario;uf;br;km;municipio;causa_acidente;tipo_acidente;classificacao_acidente;fase_dia;sentido_via;condicao_metereologica;tipo_pista;tracado_via;uso_solo;pessoas;mortos;feridos_leves;feridos_graves;feridos;ilesos;ignorados;veiculos;latitude;longitude;regional;delegacia;uop
773933;24/05/2026;domingo;23:10:00;PA;230;578;VITORIA DO XINGU;Animais na Pista;Atropelamento de Animal;Com Vítimas Feridas;Plena Noite;Crescente;Céu Claro;Simples;Reta;Não;1;0;1;0;1;0;0;1;-3,11818;-51,81539;SPRF-PA;DEL04/PA;UOP01-DEL04-PA
773934;25/05/2026;segunda-feira;00:10:00;ES;262;159,7;IBATIBA;Ingestão de álcool pelo condutor;Colisão com objeto;Com Vítimas Feridas;Plena Noite;Crescente;Céu Claro;Simples;Reta;Sim;2;0;2;0;2;0;0;1;-20,23745956;-41,51200993;SPRF-ES;DEL01-ES;UOP02-DEL01-ES
773935;25/05/2026;segunda-feira;00:05:00;SC;101;207,9;FLORIANOPOLIS;Ingestão de álcool pelo condutor;Colisão com objeto;Com Vítimas Feridas;Plena Noite;Crescente;Nublado;Dupla;Reta;Sim;1;0;1;0;1;0;0;1;-27,60688777;-48,63578796;SPRF-SC;DEL01/SC;UOP01-DEL01-SC
773937;25/05/2026;segunda-feira;00:45:00;RS;386;236;SOLEDADE;Ingestão de álcool pelo condutor;Colisão traseira;Sem Vítimas;Plena Noite;Crescente;Nevoeiro/Neblina;Dupla;Reta;Não;2;0;0;0;0;2;0;2;-28,740937;-52,55195;SPRF-RS;DEL04/RS;UOP03-DEL04-RS
773938;25/05/2026;segunda-feira;00:00:00;BA;242;826;BARREIRAS;Pista Escorregadia;Saída de leito carroçável;Com Vítimas Feridas;Plena Noite;Crescente;Chuva;Simples;Curva;Não;2;0;1;0;1;1;0;1;-12,11901717;-45,05315065;SPRF-BA;DEL10/BA;UOP01-DEL10-BA
773940;24/05/2026;domingo;23:40:00;PR;277;459,2;LARANJEIRAS DO SUL;Ingestão de álcool pelo condutor;Saída de leito carroçável;Com Vítimas Feridas;Plena Noite;Decrescente;Céu Claro;Simples;"Aclive;Curva";Não;6;0;4;0;4;2;0;1;-25,3842;-52,42703;SPRF-PR;DEL04/PR;UOP02-DEL04-PR
773941;24/05/2026;domingo;23:30:00;PE;232;195;SANHARO;Ingestão de álcool pelo condutor;Colisão frontal;Com Vítimas Feridas;Plena Noite;Crescente;Chuva;Dupla;Reta;Não;4;0;1;1;2;1;0;2;-8,366837;-36,565855;SPRF-PE;DEL03/PE;UOP02-DEL03-PE
773942;25/05/2026;segunda-feira;00:15:00;PE;408;86,9;SAO LOURENCO DA MATA;Suicídio (presumido);Atropelamento de Pedestre;Com Vítimas Fatais;Plena Noite;Decrescente;Chuva;Dupla;Reta;Sim;4;1;0;0;0;3;0;2;-8,00988;-35,04258;SPRF-PE;DEL01/PE;UOP01-DEL01-PE
773943;24/05/2026;domingo;21:05:00;MT;174;303,9;PONTES E LACERDA;Reação tardia ou ineficiente do condutor;Saída de leito carroçável;Com Vítimas Feridas;Plena Noite;Crescente;Céu Claro;Simples;Reta;Sim;1;0;1;0;1;0;0;1;-15,24079611;-59,31475639;SPRF-MT;DEL04/MT;UOP01-DEL04-MT
773944;24/05/2026;domingo;22:00:00;RJ;40;120;DUQUE DE CAXIAS;Reação tardia ou ineficiente do condutor;Colisão traseira;Com Vítimas Feridas;Plena Noite;Crescente;Céu Claro;Múltipla;Reta;Sim;3;0;1;0;1;2;0;2;-22,777;-43,2861;SPRF-RJ;DEL01/RJ;UOP02-DEL01-RJ
773946;25/05/2026;segunda-feira;01:00:00;GO;153;434,5;ANAPOLIS;Ingestão de álcool pelo condutor;Tombamento;Com Vítimas Feridas;Plena Noite;Decrescente;Céu Claro;Dupla;Reta;Sim;1;0;0;1;1;0;0;1;-16,287023;-48,942445;SPRF-GO;DEL02/GO;UOP01-DEL02-GO
773947;25/05/2026;segunda-feira;00:50:00;RS;116;245,6;SAO LEOPOLDO;Pedestre andava na pista;Atropelamento de Pedestre;Com Vítimas Fatais;Plena Noite;Crescente;Nevoeiro/Neblina;Dupla;Reta;Sim;2;1;0;0;0;0;0;2;-29,752735;-51,1519174;SPRF-RS;DEL01/RS;UOP02-DEL01-RS
773948;25/05/2026;segunda-feira;01:10:00;PR;376;162,6;MARINGA;Velocidade Incompatível;Colisão transversal;Com Vítimas Feridas;Plena Noite;Decrescente;Nublado;Dupla;Reta;Sim;6;0;4;1;5;1;0;3;-23,37282136;-52,05517991;SPRF-PR;DEL09/PR;UOP02-DEL09-PR
773949;25/05/2026;segunda-feira;02:00:00;PR;369;160,9;CAMBE;Transitar na contramão;Colisão frontal;Com Vítimas Feridas;Plena Noite;Crescente;Nevoeiro/Neblina;Dupla;Reta;Sim;3;0;2;1;3;0;0;2;-23,28824776;-51,26136726;SPRF-PR;DEL07/PR;UOP01-DEL07-PR
773950;24/05/2026;domingo;23:45:00;AL;104;50,5;MURICI;Ausência de reação do condutor;Tombamento;Com Vítimas Feridas;Plena Noite;Decrescente;Garoa/Chuvisco;Simples;Reta;Não;1;0;1;0;1;0;0;1;-9,26;-35,983;SPRF-AL;DEL01-AL;UOP02-DEL01-AL
773951;25/05/2026;segunda-feira;00:06:00;RO;319;137;PORTO VELHO;Pedestre andava na pista;Atropelamento de Pedestre;Com Vítimas Feridas;Plena Noite;Crescente;Céu Claro;Simples;Declive;Não;3;0;2;0;2;1;0;2;-8,73738;-63,9194;SPRF-RO;DEL01-RO;UOP01-DEL01-RO
773952;25/05/2026;segunda-feira;02:50:00;PR;277;7;PARANAGUA;Condutor Dormindo;Saída de leito carroçável;Sem Vítimas;Plena Noite;Crescente;Nublado;Dupla;Reta;Não;1;0;0;0;0;1;0;1;-25,563247;-48,593265;SPRF-PR;DEL01/PR;UOP05-DEL01-PR
773955;25/05/2026;segunda-feira;03:02:00;GO;153;515;HIDROLANDIA;Condutor deixou de manter distância do veículo da frente;Colisão traseira;Com Vítimas Feridas;Plena Noite;Decrescente;Vento;Dupla;Reta;Não;3;0;1;1;2;1;0;2;-16,92173771;-49,25258272;SPRF-GO;DEL01/GO;UOP03-DEL01-GO
773956;25/05/2026;segunda-feira;04:00:00;PR;376;490;PONTA GROSSA;Velocidade Incompatível;Saída de leito carroçável;Sem Vítimas;Plena Noite;Decrescente;Céu Claro;Dupla;Curva;Não;1;0;0;0;0;0;1;1;-25,139443;-50,161761;SPRF-PR;DEL03/PR;UOP03-DEL03-PR
773957;25/05/2026;segunda-feira;00:30:00;MG;40;509,3;RIBEIRAO DAS NEVES;Velocidade Incompatível;Saída de leito carroçável;Com Vítimas Feridas;Plena Noite;Decrescente;Céu Claro;Dupla;Reta;Sim;3;0;3;0;3;0;0;1;-19,769736;-44,127091;SPRF-MG;DEL01/MG;UOP02-DEL01-MG
773958;25/05/2026;segunda-feira;02:45:00;MT;70;496,9;CUIABA;Ausência de sinalização;Saída de leito carroçável;Com Vítimas Feridas;Plena Noite;Crescente;Céu Claro;Dupla;Curva;Não;1;0;0;1;1;0;0;1;-15,660217;-56,005625;SPRF-MT;DEL01/MT;UOP02-DEL01-MT
773960;25/05/2026;segunda-feira;04:00:00;SP;459;29;LORENA;Animais na Pista;Atropelamento de Animal;Sem Vítimas;Plena Noite;Crescente;Garoa/Chuvisco;Simples;Reta;Não;1;0;0;0;0;1;0;1;-22,72407606;-45,10419695;SPRF-SP;DEL08/SP;UOP02-DEL08-SP
773961;25/05/2026;segunda-feira;04:45:00;SC;470;57,8;BLUMENAU;Reação tardia ou ineficiente do condutor;Tombamento;Com Vítimas Feridas;Plena Noite;Crescente;Nublado;Dupla;"Reta;Interseção de Vias;Em Obras";Sim;1;0;1;0;1;0;0;1;-26,88377733;-49,14585829;SPRF-SC;DEL04/SC;UOP01-DEL04-SC
773962;25/05/2026;segunda-feira;06:30:00;MG;40;510,7;RIBEIRAO DAS NEVES;Trafegar com motocicleta (ou similar) entre as faixas;Colisão lateral mesmo sentido;Sem Vítimas;Pleno dia;Crescente;Céu Claro;Dupla;Reta;Sim;3;0;0;0;0;3;0;2;-19,78379629;-44,11550403;SPRF-MG;DEL01/MG;UOP02-DEL01-MG
773963;25/05/2026;segunda-feira;06:20:00;SC;101;17,4;PALHOCA;Desrespeitar a preferência no cruzamento;Colisão transversal;Com Vítimas Feridas;Amanhecer;Crescente;Céu Claro;Simples;Interseção de Vias;Não;2;0;0;1;1;1;0;2;-27,67478538;-48,69621277;SPRF-SC;DEL03/SC;UOP01-DEL03-SC
773964;25/05/2026;segunda-feira;06:40:00;MG;381;766;CAMPANHA;Condutor Dormindo;Colisão com objeto;Com Vítimas Feridas;Pleno dia;Decrescente;Céu Claro;Dupla;Reta;Sim;1;0;1;0;1;0;0;1;-21,72430961;-45,38164045;SPRF-MG;DEL16/MG;UOP02-DEL16-MG
773965;24/05/2026;domingo;14:00:00;MG;381;242,5;SANTANA DO PARAISO;Condutor deixou de manter distância do veículo da frente;Colisão traseira;Com Vítimas Feridas;Pleno dia;Crescente;Céu Claro;Simples;Interseção de Vias;Não;3;0;1;0;1;2;0;2;-19,44621637;-42,51440898;SPRF-MG;DEL06/MG;UOP01-DEL06-MG
773969;25/05/2026;segunda-feira;06:30:00;RS;290;85;PORTO ALEGRE;Manobra de mudança de faixa;Colisão lateral mesmo sentido;Com Vítimas Feridas;Amanhecer;Decrescente;Nevoeiro/Neblina;Múltipla;Reta;Não;2;0;1;0;1;0;0;2;-29,96869118;-51,10878175;SPRF-RS;DEL01/RS;UOP01-DEL01-RS
773970;25/05/2026;segunda-feira;06:20:00;PI;316;295;PICOS;Mal súbito do condutor;Saída de leito carroçável;Com Vítimas Feridas;Amanhecer;Crescente;Céu Claro;Simples;"Declive;Reta";Não;3;0;3;0;3;0;0;1;-7,020027;-41,576242;SPRF-PI;DEL04-PI;UOP01-DEL04-PI
773971;24/05/2026;domingo;19:45:00;SC;116;41;ITAIOPOLIS;Ausência de reação do condutor;Saída de leito carroçável;Com Vítimas Feridas;Plena Noite;Crescente;Céu Claro;Simples;"Curva;Aclive";Não;1;0;1;0;1;0;0;1;-26,33938015;-50,05859122;SPRF-SC;DEL06/SC;UOP01-DEL06-SC
773972;25/05/2026;segunda-feira;06:55:00;SC;282;4,2;FLORIANOPOLIS;Manobra de mudança de faixa;Colisão lateral mesmo sentido;Com Vítimas Feridas;Pleno dia;Decrescente;Céu Claro;Múltipla;Reta;Sim;2;0;1;0;1;1;0;2;-27,59157;-48,60579;SPRF-SC;DEL01/SC;UOP01-DEL01-SC
773973;25/05/2026;segunda-feira;06:23:00;PE;101;54,6;PAULISTA;Pedestre cruzava a pista fora da faixa;Atropelamento de Pedestre;Com Vítimas Feridas;Pleno dia;Crescente;Chuva;Dupla;Reta;Não;3;0;0;1;1;2;0;2;-7,9392814;-34,9084468;SPRF-PE;DEL01/PE;UOP02-DEL01-PE
773974;25/05/2026;segunda-feira;06:15:00;PR;116;126;FAZENDA RIO GRANDE;Ausência de reação do condutor;Colisão traseira;Com Vítimas Feridas;Pleno dia;Decrescente;Nublado;Múltipla;Reta;Sim;2;0;0;1;1;1;0;2;-25,64800373;-49,31223957;SPRF-PR;DEL01/PR;UOP03-DEL01-PR
773976;25/05/2026;segunda-feira;06:50:00;DF;40;0,6;BRASILIA;Trafegar com motocicleta (ou similar) entre as faixas;Colisão lateral mesmo sentido;Com Vítimas Feridas;Pleno dia;Crescente;Céu Claro;Dupla;Reta;Não;3;0;1;0;1;2;0;2;-15,98412;-47,98793;SPRF-DF;DEL01-DF;UOP01-DEL01-DF
773977;25/05/2026;segunda-feira;07:19:00;ES;101;141,2;LINHARES;Reação tardia ou ineficiente do condutor;Tombamento;Com Vítimas Feridas;Pleno dia;Crescente;Céu Claro;Dupla;Reta;Sim;2;0;1;0;1;1;0;1;-19,327138;-40,071824;SPRF-ES;DEL04-ES;UOP01-DEL04-ES
773978;25/05/2026;segunda-feira;06:10:00;PR;369;129;JATAIZINHO;Conversão proibida;Colisão lateral mesmo sentido;Com Vítimas Feridas;Amanhecer;Decrescente;Nublado;Dupla;Reta;Sim;2;0;0;1;1;0;0;2;-23,260576;-50,9795;SPRF-PR;DEL07/PR;UOP01-DEL07-PR
773979;25/05/2026;segunda-feira;06:55:00;MG;116;525,9;CARATINGA;Velocidade Incompatível;Colisão transversal;Com Vítimas Feridas;Pleno dia;Decrescente;Céu Claro;Simples;"Retorno Regulamentado;Reta;Interseção de Vias";Sim;4;0;1;0;1;3;0;2;-19,7792733;-42,13297833;SPRF-MG;DEL06/MG;UOP02-DEL06-MG
773980;25/05/2026;segunda-feira;07:30:00;PR;116;122;CURITIBA;Ausência de reação do condutor;Queda de ocupante de veículo;Com Vítimas Feridas;Pleno dia;Decrescente;Nublado;Dupla;Curva;Sim;1;0;1;0;1;0;0;1;-25,60852886;-49,31904014;SPRF-PR;DEL01/PR;UOP03-DEL01-PR
773986;24/05/2026;domingo;18:14:00;BA;324;438;RIACHAO DO JACUIPE;Ausência de reação do condutor;Queda de ocupante de veículo;Com Vítimas Feridas;Plena Noite;Crescente;Nublado;Simples;Reta;Não;1;0;0;1;1;0;0;1;-11,8007885;-39,4011562;SPRF-BA;DEL04/BA;UOP02-DEL04-BA
773987;25/05/2026;segunda-feira;08:00:00;SP;116;145,1;SAO JOSE DOS CAMPOS;Reação tardia ou ineficiente do condutor;Colisão traseira;Com Vítimas Feridas;Pleno dia;Crescente;Nublado;Dupla;Reta;Sim;2;0;1;0;1;1;0;2;-23,186112;-45,85355;SPRF-SP;DEL02/SP;UOP01-DEL02-SP
773988;25/05/2026;segunda-feira;08:02:00;SP;116;145;SAO JOSE DOS CAMPOS;Condutor deixou de manter distância do veículo da frente;Colisão traseira;Com Vítimas Feridas;Pleno dia;Crescente;Nublado;Múltipla;Reta;Sim;2;0;1;0;1;1;0;2;-23,18879649;-45,85860193;SPRF-SP;DEL02/SP;UOP01-DEL02-SP
773989;11/05/2026;segunda-feira;17:36:00;SP;116;216;GUARULHOS;Ausência de reação do condutor;Colisão lateral mesmo sentido;Com Vítimas Feridas;Anoitecer;Decrescente;Céu Claro;Múltipla;Reta;Sim;4;0;3;0;3;1;0;2;-23,43657909;-46,43436979;SPRF-SP;DEL01/SP;UOP01-DEL01-SP
773990;25/05/2026;segunda-feira;06:30:00;SP;116;108;TAUBATE;Reação tardia ou ineficiente do condutor;Saída de leito carroçável;Com Vítimas Feridas;Amanhecer;Crescente;Nublado;Dupla;Reta;Sim;1;0;1;0;1;0;0;1;-23,027969;-45,544743;SPRF-SP;DEL02/SP;UOP02-DEL02-SP
773992;25/05/2026;segunda-feira;06:30:00;MS;163;25,8;MUNDO NOVO;Acessar a via sem observar a presença dos outros veículos;Colisão transversal;Com Vítimas Feridas;Pleno dia;Crescente;Céu Claro;Simples;"Reta;Interseção de Vias";Não;5;0;2;0;2;3;0;2;-23,883259;-54,317782;SPRF-MS;DEL09/MS;UOP02-DEL09-MS
773993;25/05/2026;segunda-feira;06:30:00;RO;364;807;PORTO VELHO;Ausência de reação do condutor;Saída de leito carroçável;Sem Vítimas;Amanhecer;Crescente;Céu Claro;Simples;Reta;Não;1;0;0;0;0;1;0;1;-9,26284457;-64,45190412;SPRF-RO;DEL01-RO;UOP02-DEL01-RO
773994;25/05/2026;segunda-feira;08:20:00;DF;20;2;BRASILIA;Condutor deixou de manter distância do veículo da frente;Engavetamento;Com Vítimas Feridas;Pleno dia;Decrescente;Céu Claro;Dupla;Reta;Sim;9;0;3;0;3;6;0;5;-15,68151075;-47,83732653;SPRF-DF;DEL02-DF;UOP01-DEL02-DF
773995;25/05/2026;segunda-feira;08:00:00;MG;381;491,5;BETIM;Ausência de reação do condutor;Colisão traseira;Com Vítimas Feridas;Pleno dia;Decrescente;Sol;Dupla;Reta;Sim;2;0;1;0;1;1;0;2;-19,961833;-44,157368;SPRF-MG;DEL01/MG;UOP03-DEL01-MG
773996;25/05/2026;segunda-feira;08:30:00;SC;282;1,7;FLORIANOPOLIS;Reação tardia ou ineficiente do condutor;Colisão lateral mesmo sentido;Com Vítimas Feridas;Pleno dia;Crescente;Nublado;Múltipla;Reta;Sim;2;0;1;0;1;1;0;2;-27,60365954;-48,58444897;SPRF-SC;DEL01/SC;UOP01-DEL01-SC
773997;25/05/2026;segunda-feira;07:55:00;RS;290;107;ELDORADO DO SUL;Ausência de reação do condutor;Colisão traseira;Sem Vítimas;Pleno dia;Crescente;Nublado;Dupla;Viaduto;Sim;5;0;0;0;0;5;0;2;-30,00321958;-51,30852049;SPRF-RS;DEL02/RS;UOP01-DEL02-RS
773999;24/05/2026;domingo;02:13:00;PR;376;171;MARINGA;Ausência de reação do condutor;Colisão com objeto;Sem Vítimas;Plena Noite;Decrescente;Céu Claro;Dupla;Interseção de Vias;Sim;1;0;0;0;0;0;1;1;-23,40887731;-51,98880458;SPRF-PR;DEL09/PR;UOP01-DEL09-PR
774000;25/05/2026;segunda-feira;06:15:00;PE;232;310,9;SERTANIA;Manobra de mudança de faixa;Colisão frontal;Com Vítimas Fatais;Pleno dia;Decrescente;Nublado;Simples;Reta;Não;2;1;0;0;0;1;0;2;-8,145892;-37,4672;SPRF-PE;DEL04/PE;UOP02-DEL04-PE
774002;24/05/2026;domingo;19:15:00;BA;324;359;CAPIM GROSSO;Reação tardia ou ineficiente do condutor;Tombamento;Com Vítimas Feridas;Plena Noite;Crescente;Céu Claro;Simples;Reta;Não;2;0;2;0;2;0;0;1;-11,393862;-39,971328;SPRF-BA;DEL04/BA;UOP02-DEL04-BA
774003;25/05/2026;segunda-feira;09:00:00;PR;469;10,9;FOZ DO IGUACU;Ausência de reação do condutor;Colisão com objeto;Sem Vítimas;Pleno dia;Crescente;Nublado;Dupla;Reta;Sim;1;0;0;0;0;1;0;1;-25,57524009;-54,54998601;SPRF-PR;DEL05/PR;UOP04-DEL05-PR
774004;25/05/2026;segunda-feira;09:00:00;ES;101;287,3;CARIACICA;Ausência de reação do condutor;Colisão traseira;Com Vítimas Fatais;Pleno dia;Decrescente;Céu Claro;Dupla;Reta;Não;3;1;0;0;0;2;0;2;-20,2656959;-40,384271;SPRF-ES;DEL01-ES;UOP01-DEL01-ES
774005;25/05/2026;segunda-feira;07:00:00;RS;290;88;PORTO ALEGRE;Avarias e/ou desgaste excessivo no pneu;Tombamento;Com Vítimas Feridas;Amanhecer;Crescente;Nublado;Dupla;Reta;Não;2;0;2;0;2;0;0;1;-29,96757584;-51,1421299;SPRF-RS;DEL01/RS;UOP01-DEL01-RS
774007;25/05/2026;segunda-feira;06:45:00;RJ;40;110;DUQUE DE CAXIAS;Entrada inopinada do pedestre;Atropelamento de Pedestre;Com Vítimas Feridas;Pleno dia;Decrescente;Garoa/Chuvisco;Dupla;Reta;Sim;2;0;1;0;1;1;0;2;-22,69001448;-43,28666138;SPRF-RJ;DEL01/RJ;UOP02-DEL01-RJ
774008;23/04/2026;quinta-feira;06:25:00;SC;101;116;ITAJAI;Acessar a via sem observar a presença dos outros veículos;Colisão lateral mesmo sentido;Com Vítimas Feridas;Pleno dia;Crescente;Céu Claro;Simples;Reta;Sim;2;0;0;1;1;1;0;1;-26,87372606;-48,72858938;SPRF-SC;DEL04/SC;UOP04-DEL04-SC
774009;25/05/2026;segunda-feira;09:15:00;PE;116;25;SALGUEIRO;Acessar a via sem observar a presença dos outros veículos;Colisão transversal;Com Vítimas Feridas;Pleno dia;Crescente;Céu Claro;Simples;"Reta;Interseção de Vias";Não;4;0;2;0;2;2;0;2;-8,07115479;-39,13370472;SPRF-PE;DEL05/PE;UOP01-DEL05-PE
774010;25/05/2026;segunda-feira;09:20:00;CE;116;502;BREJO SANTO;Acessar a via sem observar a presença dos outros veículos;Colisão transversal;Com Vítimas Feridas;Pleno dia;Crescente;Céu Claro;Simples;Interseção de Vias;Sim;2;0;1;0;1;1;0;2;-7,48603757;-38,98345113;SPRF-CE;DEL05/CE;UOP03-DEL05-CE
774011;25/05/2026;segunda-feira;07:30:00;RO;364;706;PORTO VELHO;Frear bruscamente;Engavetamento;Com Vítimas Feridas;Pleno dia;Crescente;Céu Claro;Múltipla;Reta;Sim;4;0;1;0;1;3;0;4;-8,80032717;-63,82176264;SPRF-RO;DEL01-RO;UOP01-DEL01-RO
774012;25/05/2026;segunda-feira;09:20:00;RJ;116;312;RESENDE;Ausência de reação do condutor;Colisão com objeto;Sem Vítimas;Pleno dia;Decrescente;Céu Claro;Dupla;Reta;Não;2;0;0;0;0;1;0;1;-22,459773;-44,458981;SPRF-RJ;DEL07/RJ;UOP02-DEL07-RJ
774013;25/05/2026;segunda-feira;09:28:00;RN;101;96,7;NATAL;Manobra de mudança de faixa;Colisão traseira;Com Vítimas Feridas;Pleno dia;Decrescente;Sol;Dupla;Reta;Sim;2;0;1;0;1;1;0;2;-5,85295735;-35,21076171;SPRF-RN;DEL01-RN;UOP01-DEL01-RN
774015;25/05/2026;segunda-feira;07:55:00;PR;277;36;MORRETES;Ausência de reação do condutor;Colisão com objeto;Com Vítimas Feridas;Pleno dia;Crescente;Céu Claro;Dupla;Reta;Não;1;0;1;0;1;0;0;1;-25,570869;-48,839125;SPRF-PR;DEL01/PR;UOP05-DEL01-PR
774016;25/05/2026;segunda-feira;09:55:00;PB;101;85,7;BAYEUX;Manobra de mudança de faixa;Queda de ocupante de veículo;Com Vítimas Feridas;Pleno dia;Crescente;Nublado;Dupla;Reta;Não;2;0;1;0;1;1;0;1;-7,149541;-34,912175;SPRF-PB;DEL01-PB;UOP01-DEL01-PB
774017;25/05/2026;segunda-feira;09:35:00;MG;381;484;BETIM;Ausência de reação do condutor;Tombamento;Com Vítimas Feridas;Pleno dia;Decrescente;Sol;Dupla;"Aclive;Curva";Sim;1;0;1;0;1;0;0;1;-19,959258;-44,09044;SPRF-MG;DEL01/MG;UOP03-DEL01-MG
774018;25/05/2026;segunda-feira;10:00:00;RS;290;26,2;SANTO ANTONIO DA PATRULHA;Ausência de reação do condutor;Colisão traseira;Com Vítimas Feridas;Pleno dia;Crescente;Céu Claro;Dupla;Reta;Não;4;0;2;0;2;2;0;2;-29,8805153;-50,5165897;SPRF-RS;DEL03/RS;UOP01-DEL03-RS
774022;25/05/2026;segunda-feira;07:00:00;MG;262;18;MARTINS SOARES;Ultrapassagem Indevida;Colisão lateral mesmo sentido;Com Vítimas Feridas;Pleno dia;Crescente;Céu Claro;Simples;Reta;Não;2;0;1;0;1;1;0;2;-20,25489553;-41,78130594;SPRF-MG;DEL06/MG;UOP03-DEL06-MG
774023;17/05/2026;domingo;00:38:00;RN;101;94,6;NATAL;Transitar na contramão;Colisão frontal;Com Vítimas Feridas;Plena Noite;Crescente;Chuva;Múltipla;Viaduto;Sim;2;0;2;0;2;0;0;2;-5,83308622;-35,21227598;SPRF-RN;DEL01-RN;UOP01-DEL01-RN
774024;25/05/2026;segunda-feira;08:47:00;MS;463;2;DOURADOS;Acessar a via sem observar a presença dos outros veículos;Colisão lateral mesmo sentido;Sem Vítimas;Pleno dia;Decrescente;Céu Claro;Dupla;"Reta;Rotatória";Sim;2;0;0;0;0;2;0;2;-22,2595391;-54,82745357;SPRF-MS;DEL04/MS;UOP01-DEL04-MS
774025;25/05/2026;segunda-feira;09:20:00;BA;101;801,7;ITAMARAJU;Pedestre andava na pista;Atropelamento de Pedestre;Com Vítimas Fatais;Pleno dia;Decrescente;Céu Claro;Simples;Reta;Não;2;1;0;0;0;1;0;2;-16,973477;-39,551668;SPRF-BA;DEL09/BA;UOP01-DEL09-BA
774026;19/04/2026;domingo;21:40:00;PR;369;141;IBIPORA;Ultrapassagem Indevida;Colisão lateral mesmo sentido;Com Vítimas Feridas;Plena Noite;Decrescente;Céu Claro;Dupla;Rotatória;Sim;2;0;1;0;1;1;0;2;-23,276554;-51,062187;SPRF-PR;DEL07/PR;UOP01-DEL07-PR
774027;25/05/2026;segunda-feira;10:20:00;SP;116;110;TAUBATE;Ausência de reação do condutor;Colisão traseira;Com Vítimas Feridas;Pleno dia;Crescente;Nublado;Dupla;Reta;Sim;3;0;1;0;1;1;0;2;-23,03596555;-45,55476129;SPRF-SP;DEL02/SP;UOP02-DEL02-SP
774028;25/05/2026;segunda-feira;07:30:00;RJ;356;26;ITAPERUNA;Ausência de reação do condutor;Colisão lateral mesmo sentido;Com Vítimas Feridas;Pleno dia;Crescente;Céu Claro;Simples;Reta;Não;2;0;1;0;1;1;0;2;-21,17952;-41,9603;SPRF-RJ;DEL08/RJ;UOP03-DEL08-RJ
774030;25/05/2026;segunda-feira;09:00:00;MT;163;103;RONDONOPOLIS;Reação tardia ou ineficiente do condutor;Saída de leito carroçável;Com Vítimas Feridas;Pleno dia;Decrescente;Céu Claro;Dupla;"Reta;Declive";Não;2;0;2;0;2;0;0;1;-16,629063;-54,69718;SPRF-MT;DEL02/MT;UOP03-DEL02-MT
774032;25/05/2026;segunda-feira;11:00:00;RS;116;145;CAXIAS DO SUL;Manobra de mudança de faixa;Colisão lateral mesmo sentido;Com Vítimas Feridas;Pleno dia;Crescente;Nublado;Dupla;Reta;Sim;2;0;1;0;1;1;0;2;-29,13593575;-51,13085238;SPRF-RS;DEL05/RS;UOP01-DEL05-RS
774036;25/05/2026;segunda-feira;11:50:00;GO;153;434,5;ANAPOLIS;Reação tardia ou ineficiente do condutor;Colisão com objeto;Com Vítimas Feridas;Pleno dia;Crescente;Céu Claro;Múltipla;"Aclive;Reta";Sim;1;0;1;0;1;0;0;1;-16,28731135;-48,94245028;SPRF-GO;DEL02/GO;UOP01-DEL02-GO
774038;25/05/2026;segunda-feira;12:35:00;PB;101;86;JOAO PESSOA;Reação tardia ou ineficiente do condutor;Tombamento;Com Vítimas Feridas;Pleno dia;Crescente;Céu Claro;Dupla;Reta;Não;2;0;1;0;1;1;0;1;-7,1532098;-34,9084468;SPRF-PB;DEL01-PB;UOP01-DEL01-PB
774039;25/05/2026;segunda-feira;13:00:00;RS;285;485;ENTRE-IJUIS;Acumulo de água sobre o pavimento;Colisão frontal;Com Vítimas Feridas;Pleno dia;Decrescente;Chuva;Simples;"Aclive;Reta";Não;4;0;3;0;3;1;0;2;-28,37327715;-54,14028168;SPRF-RS;DEL10/RS;UOP01-DEL10-RS
774041;25/05/2026;segunda-feira;08:35:00;SP;116;230;SAO PAULO;Manobra de mudança de faixa;Colisão transversal;Com Vítimas Feridas;Pleno dia;Crescente;Céu Claro;Múltipla;Reta;Sim;2;0;1;0;1;1;0;2;-23,52230604;-46,58568517;SPRF-SP;DEL01/SP;UOP01-DEL01-SP
774042;25/05/2026;segunda-feira;13:00:00;SP;116;201,9;ARUJA;Ausência de reação do condutor;Colisão traseira;Com Vítimas Feridas;Pleno dia;Decrescente;Nublado;Dupla;Curva;Não;2;0;1;0;1;1;0;2;-23,40792451;-46,33826917;SPRF-SP;DEL01/SP;UOP01-DEL01-SP
774043;17/04/2026;sexta-feira;23:00:00;AL;316;252;PILAR;Animais na Pista;Atropelamento de Animal;Com Vítimas Feridas;Plena Noite;Decrescente;Nublado;Simples;Reta;Não;11;0;7;4;11;0;0;2;-9,573045;-35,965395;SPRF-AL;DEL02-AL;UOP01-DEL02-AL
774044;14/05/2026;quinta-feira;00:00:00;BA;110;400;SAO SEBASTIAO DO PASSE;Ausência de reação do condutor;Saída de leito carroçável;Sem Vítimas;Plena Noite;Decrescente;Nevoeiro/Neblina;Dupla;"Curva;Declive";Não;1;0;0;0;0;1;0;1;-12,49216003;-38,48551646;SPRF-BA;DEL01/BA;UOP01-DEL01-BA