id;data_inversa;dia_semana;horario;uf;br;km;municipio;causa_acidente;tipo_acidente;classificacao_acidente;fase_dia;sentido_via;condicao_metereologica;tipo_pista;tracado_via;uso_solo;pessoas;mortos;feridos_leves;feridos_graves;feridos;ilesos;ignorados;veiculos;latitude;longitude;regional;delegacia;uop
774045;25/05/2026;segunda-feira;13:30:00;PR;116;209;RIO NEGRO;Desrespeitar a preferência no cruzamento;Colisão transversal;Com Vítimas Feridas;Pleno dia;Crescente;Nublado;Simples;Interseção de Vias;Sim;4;0;2;0;2;1;0;3;-26,085135;-49,777815;SPRF-SC;DEL06/SC;UOP01-DEL06-SC
774046;19/05/2026;terça-feira;18:50:00;MS;163;25;MUNDO NOVO;Acessar a via sem observar a presença dos outros veículos;Colisão transversal;Com Vítimas Feridas;Plena Noite;Crescente;Céu Claro;Simples;"Interseção de Vias;Reta";Não;2;0;0;1;1;1;0;2;-23,9046657;-54,3010151;SPRF-MS;DEL09/MS;UOP02-DEL09-MS
774048;25/05/2026;segunda-feira;13:03:00;PE;408;51;TRACUNHAEM;Reação tardia ou ineficiente do condutor;Colisão transversal;Com Vítimas Feridas;Pleno dia;Decrescente;Céu Claro;Simples;Reta;Sim;2;0;0;1;1;1;0;2;-7,80655;-35,24355;SPRF-PE;DEL01/PE;UOP01-DEL01-PE
774050;25/05/2026;segunda-feira;13:50:00;PR;369;180;ROLANDIA;Ausência de reação do condutor;Queda de ocupante de veículo;Com Vítimas Feridas;Pleno dia;Crescente;Céu Claro;Dupla;Reta;Não;1;0;1;0;1;0;0;1;-23,358985;-51,39723;SPRF-PR;DEL07/PR;UOP03-DEL07-PR
774053;25/05/2026;segunda-feira;11:15:00;PR;116;23,7;ANTONINA;Velocidade Incompatível;Saída de leito carroçável;Com Vítimas Feridas;Pleno dia;Decrescente;Garoa/Chuvisco;Dupla;Curva;Não;1;0;1;0;1;0;0;1;-25,112489;-48,763908;SPRF-PR;DEL01/PR;UOP02-DEL01-PR
774054;25/05/2026;segunda-feira;14:10:00;PB;230;22,4;JOAO PESSOA;Manobra de mudança de faixa;Colisão traseira;Com Vítimas Feridas;Pleno dia;Decrescente;Céu Claro;Dupla;Reta;Sim;3;0;1;0;1;2;0;2;-7,157481;-34,85779;SPRF-PB;DEL01-PB;UOP01-DEL01-PB
774055;25/05/2026;segunda-feira;13:11:00;RO;364;237,4;CACOAL;Condutor deixou de manter distância do veículo da frente;Colisão traseira;Com Vítimas Feridas;Pleno dia;Crescente;Céu Claro;Simples;"Retorno Regulamentado;Interseção de Vias;Declive";Sim;3;0;1;0;1;2;0;2;-11,44128457;-61,45028679;SPRF-RO;DEL02-RO;UOP02-DEL02-RO
774056;16/04/2026;quinta-feira;07:00:00;SP;116;120;CACAPAVA;Demais falhas mecânicas ou elétricas;Incêndio;Sem Vítimas;Pleno dia;Decrescente;Céu Claro;Dupla;Reta;Não;1;0;0;0;0;1;0;1;-23,07047711;-45,64223027;SPRF-SP;DEL02/SP;UOP02-DEL02-SP
774059;16/05/2026;sábado;15:50:00;MS;163;618,5;SAO GABRIEL DO OESTE;Acessar a via sem observar a presença dos outros veículos;Colisão transversal;Com Vítimas Feridas;Pleno dia;Crescente;Céu Claro;Simples;Interseção de Vias;Sim;5;0;1;0;1;4;0;2;-19,48613426;-54,48536396;SPRF-MS;DEL06/MS;UOP02-DEL06-MS
774060;25/05/2026;segunda-feira;12:40:00;RO;364;521;ARIQUEMES;Demais falhas mecânicas ou elétricas;Tombamento;Com Vítimas Feridas;Pleno dia;Decrescente;Céu Claro;Simples;Reta;Não;1;0;1;0;1;0;0;1;-9,870595;-63,057835;SPRF-RO;DEL03-RO;UOP01-DEL03-RO
774062;25/05/2026;segunda-feira;14:30:00;RJ;101;66;CAMPOS DOS GOYTACAZES;Manobra de mudança de faixa;Colisão lateral mesmo sentido;Com Vítimas Feridas;Pleno dia;Crescente;Sol;Dupla;Reta;Sim;2;0;1;0;1;1;0;2;-21,76481555;-41,34666306;SPRF-RJ;DEL08/RJ;UOP02-DEL08-RJ
774064;04/05/2026;segunda-feira;17:57:00;PE;101;41,3;IGARASSU;Ausência de reação do condutor;Engavetamento;Sem Vítimas;Pleno dia;Crescente;Céu Claro;Dupla;Reta;Sim;3;0;0;0;0;3;0;3;-7,83461094;-34,91323952;SPRF-PE;DEL01/PE;UOP02-DEL01-PE
774065;25/05/2026;segunda-feira;14:25:00;PR;376;178,3;MARINGA;Manobra de mudança de faixa;Colisão lateral mesmo sentido;Com Vítimas Feridas;Pleno dia;Crescente;Céu Claro;Dupla;Reta;Sim;2;0;2;0;2;0;0;2;-23,41759;-51,917967;SPRF-PR;DEL09/PR;UOP01-DEL09-PR
774067;25/05/2026;segunda-feira;14:21:00;RJ;116;111;GUAPIMIRIM;Acessar a via sem observar a presença dos outros veículos;Atropelamento de Pedestre;Com Vítimas Feridas;Pleno dia;Crescente;Céu Claro;Simples;Reta;Sim;3;0;1;0;1;1;0;2;-22,55165131;-42,989856;SPRF-RJ;DEL04/RJ;UOP02-DEL04-RJ
774068;25/05/2026;segunda-feira;15:00:00;PE;232;19,1;JABOATAO DOS GUARARAPES;Reação tardia ou ineficiente do condutor;Saída de leito carroçável;Com Vítimas Feridas;Pleno dia;Decrescente;Nublado;Dupla;Reta;Não;1;0;1;0;1;0;0;1;-8,09808623;-35,06179333;SPRF-PE;DEL01/PE;UOP01-DEL01-PE
774069;23/04/2026;quinta-feira;09:00:00;RJ;101;503;ANGRA DOS REIS;Conversão proibida;Colisão transversal;Com Vítimas Feridas;Pleno dia;Decrescente;Céu Claro;Simples;Reta;Não;3;0;2;0;2;1;0;2;-22,928637;-44,3787089;SPRF-RJ;DEL03/RJ;UOP03-DEL03-RJ
774071;25/05/2026;segunda-feira;14:43:00;SP;116;227;SAO PAULO;Ausência de reação do condutor;Colisão lateral mesmo sentido;Com Vítimas Feridas;Pleno dia;Decrescente;Nublado;Dupla;"Curva;Interseção de Vias";Sim;3;0;2;0;2;0;0;2;-23,50123016;-46,56301665;SPRF-SP;DEL01/SP;UOP01-DEL01-SP
774072;25/05/2026;segunda-feira;13:57:00;MT;163;917;ITAUBA;Reação tardia ou ineficiente do condutor;Saída de leito carroçável;Com Vítimas Fatais;Pleno dia;Crescente;Sol;Simples;Reta;Não;2;1;0;1;1;0;0;1;-11,1693;-55,3124;SPRF-MT;DEL06/MT;UOP02-DEL06-MT
774073;25/05/2026;segunda-feira;08:30:00;SC;470;55;BLUMENAU;Acessar a via sem observar a presença dos outros veículos;Colisão transversal;Sem Vítimas;Pleno dia;Crescente;Céu Claro;Simples;Reta;Não;3;0;0;0;0;3;0;2;-26,87532038;-49,12114978;SPRF-SC;DEL04/SC;UOP01-DEL04-SC
774074;25/05/2026;segunda-feira;16:00:00;RS;293;16,9;CAPAO DO LEAO;Ausência de reação do condutor;Queda de ocupante de veículo;Com Vítimas Feridas;Pleno dia;Crescente;Nublado;Simples;Reta;Não;1;0;1;0;1;0;0;1;-31,746477;-52,490928;SPRF-RS;DEL07/RS;UOP01-DEL07-RS
774075;24/02/2026;terça-feira;15:30:00;MA;222;528,7;BOM JESUS DAS SELVAS;Ultrapassagem Indevida;Colisão frontal;Com Vítimas Feridas;Pleno dia;Crescente;Ignorado;Múltipla;"Reta;Declive";Não;3;0;0;2;2;0;0;2;-4,303055;-46,503202;SPRF-MA;DEL04-MA;UOP03-DEL04-MA
774076;11/05/2026;segunda-feira;12:00:00;PR;373;281,5;PRUDENTOPOLIS;Ausência de reação do condutor;Saída de leito carroçável;Com Vítimas Feridas;Pleno dia;Decrescente;Céu Claro;Simples;Reta;Não;4;0;3;0;3;1;0;1;-25,288065;-51,121945;SPRF-PR;DEL08/PR;UOP01-DEL08-PR
774078;25/05/2026;segunda-feira;16:20:00;SC;282;5,4;SAO JOSE;Pista Escorregadia;Tombamento;Com Vítimas Feridas;Pleno dia;Decrescente;Nublado;Múltipla;"Curva;Declive";Sim;1;0;1;0;1;0;0;1;-27,5849;-48,61764;SPRF-SC;DEL01/SC;UOP01-DEL01-SC
774079;25/05/2026;segunda-feira;16:00:00;RN;406;150;CEARA-MIRIM;Desrespeitar a preferência no cruzamento;Colisão transversal;Sem Vítimas;Pleno dia;Decrescente;Céu Claro;Simples;Interseção de Vias;Sim;2;0;0;0;0;2;0;2;-5,650707;-35,42599;SPRF-RN;DEL02-RN;UOP01-DEL02-RN
774080;25/05/2026;segunda-feira;16:40:00;SP;381;88;SAO PAULO;Condutor deixou de manter distância do veículo da frente;Colisão lateral mesmo sentido;Com Vítimas Feridas;Anoitecer;Crescente;Nublado;Múltipla;Reta;Não;3;0;1;0;1;2;0;3;-23,46740897;-46,57153831;SPRF-SP;DEL03/SP;UOP01-DEL03-SP
774082;25/05/2026;segunda-feira;12:15:00;SP;153;52,4;SAO JOSE DO RIO PRETO;Manobra de mudança de faixa;Colisão lateral mesmo sentido;Com Vítimas Feridas;Pleno dia;Decrescente;Nublado;Dupla;"Reta;Interseção de Vias;Declive";Sim;4;0;0;2;2;1;0;3;-20,731628;-49,338051;SPRF-SP;DEL09/SP;UOP01-DEL09-SP
774086;25/05/2026;segunda-feira;15:00:00;RJ;495;28;PETROPOLIS;Ultrapassagem Indevida;Colisão lateral mesmo sentido;Com Vítimas Feridas;Pleno dia;Decrescente;Céu Claro;Simples;Reta;Sim;3;0;1;0;1;2;0;2;-22,40273846;-43,10350478;SPRF-RJ;DEL05/RJ;UOP02-DEL05-RJ
774088;25/05/2026;segunda-feira;16:10:00;RJ;40;58;PETROPOLIS;Condutor deixou de manter distância do veículo da frente;Colisão traseira;Com Vítimas Feridas;Pleno dia;Crescente;Céu Claro;Dupla;Reta;Não;2;0;1;0;1;1;0;2;-22,3821428;-43,13396573;SPRF-RJ;DEL05/RJ;UOP02-DEL05-RJ
774092;25/05/2026;segunda-feira;17:42:00;MG;381;486;BETIM;Condutor deixou de manter distância do veículo da frente;Colisão traseira;Com Vítimas Feridas;Anoitecer;Crescente;Nublado;Dupla;"Reta;Declive";Sim;3;0;1;0;1;1;0;3;-19,956055;-44,101605;SPRF-MG;DEL01/MG;UOP03-DEL01-MG
774095;25/05/2026;segunda-feira;16:20:00;PR;116;18,8;CURITIBA;Trafegar com motocicleta (ou similar) entre as faixas;Colisão lateral mesmo sentido;Com Vítimas Feridas;Pleno dia;Crescente;Nublado;Dupla;Reta;Sim;5;0;1;0;1;4;0;3;-25,38866361;-49,20204369;SPRF-PR;DEL01/PR;UOP02-DEL01-PR
774097;25/05/2026;segunda-feira;17:20:00;PB;230;151;CAMPINA GRANDE;Animais na Pista;Atropelamento de Animal;Com Vítimas Feridas;Anoitecer;Crescente;Nublado;Simples;Reta;Sim;1;0;1;0;1;0;0;1;-7,259412;-35,878358;SPRF-PB;DEL02-PB;UOP01-DEL02-PB
774098;25/05/2026;segunda-feira;17:10:00;SC;470;57,6;BLUMENAU;Desrespeitar a preferência no cruzamento;Colisão transversal;Com Vítimas Feridas;Plena Noite;Crescente;Nublado;Dupla;"Interseção de Vias;Viaduto";Sim;2;0;1;0;1;1;0;2;-26,88247854;-49,14167404;SPRF-SC;DEL04/SC;UOP01-DEL04-SC
774100;25/05/2026;segunda-feira;17:40:00;SP;153;74,9;BADY BASSITT;Transitar no Acostamento;Colisão traseira;Com Vítimas Feridas;Anoitecer;Crescente;Nublado;Dupla;"Reta;Interseção de Vias";Não;2;0;1;0;1;1;0;2;-20,893893;-49,433679;SPRF-SP;DEL09/SP;UOP01-DEL09-SP
774102;25/05/2026;segunda-feira;16:45:00;SP;116;507,2;CAJATI;Reação tardia ou ineficiente do condutor;Saída de leito carroçável;Com Vítimas Feridas;Anoitecer;Decrescente;Chuva;Dupla;Curva;Não;1;0;1;0;1;0;0;1;-24,8179496;-48,2111122;SPRF-SP;DEL05/SP;UOP02-DEL05-SP
774104;25/05/2026;segunda-feira;07:30:00;GO;153;500;GOIANIA;Ausência de reação do condutor;Colisão lateral mesmo sentido;Com Vítimas Feridas;Pleno dia;Decrescente;Céu Claro;Dupla;Reta;Sim;2;0;1;0;1;1;0;2;-16,705787;-49,230782;SPRF-GO;DEL01/GO;UOP01-DEL01-GO
774105;25/05/2026;segunda-feira;17:35:00;MG;116;524,9;CARATINGA;Ausência de reação do condutor;Colisão traseira;Com Vítimas Feridas;Anoitecer;Decrescente;Céu Claro;Simples;Reta;Sim;2;0;0;1;1;1;0;2;-19,76945192;-42,13166535;SPRF-MG;DEL06/MG;UOP02-DEL06-MG
774106;25/05/2026;segunda-feira;16:20:00;RO;364;191;PIMENTA BUENO;Acessar a via sem observar a presença dos outros veículos;Colisão transversal;Com Vítimas Feridas;Pleno dia;Decrescente;Céu Claro;Simples;"Reta;Declive";Não;4;0;1;0;1;2;0;3;-11,72093;-61,14594;SPRF-RO;DEL02-RO;UOP02-DEL02-RO
774108;25/05/2026;segunda-feira;17:10:00;RJ;116;212;SEROPEDICA;Reação tardia ou ineficiente do condutor;Queda de ocupante de veículo;Com Vítimas Feridas;Anoitecer;Decrescente;Céu Claro;Dupla;Reta;Não;1;0;1;0;1;0;0;1;-22,715522;-43,723115;SPRF-RJ;DEL06/RJ;UOP02-DEL06-RJ
774109;25/05/2026;segunda-feira;17:40:00;PB;230;408;POMBAL;Velocidade Incompatível;Colisão traseira;Com Vítimas Feridas;Anoitecer;Decrescente;Céu Claro;Simples;"Interseção de Vias;Reta";Sim;2;0;0;1;1;1;0;2;-6,761718;-37,793273;SPRF-PB;DEL03-PB;UOP02-DEL03-PB
774110;23/04/2026;quinta-feira;10:55:00;RJ;101;411;ITAGUAI;Demais falhas mecânicas ou elétricas;Tombamento;Com Vítimas Feridas;Pleno dia;Crescente;Céu Claro;Dupla;Reta;Não;2;0;1;0;1;1;0;1;-22,88851109;-43,83750916;SPRF-RJ;DEL03/RJ;UOP01-DEL03-RJ
774111;25/05/2026;segunda-feira;17:00:00;RS;386;48,4;SEBERI;Acessar a via sem observar a presença dos outros veículos;Colisão transversal;Com Vítimas Feridas;Pleno dia;Crescente;Garoa/Chuvisco;Simples;Interseção de Vias;Sim;2;0;1;0;1;1;0;2;-27,47311414;-53,4017086;SPRF-RS;DEL08/RS;UOP02-DEL08-RS
774112;25/05/2026;segunda-feira;17:40:00;ES;101;147;LINHARES;Conversão proibida;Colisão transversal;Sem Vítimas;Plena Noite;Crescente;Céu Claro;Dupla;Interseção de Vias;Não;1;0;0;0;0;1;0;1;-19,38239352;-40,06676165;SPRF-ES;DEL04-ES;UOP01-DEL04-ES
774113;25/05/2026;segunda-feira;18:30:00;SP;381;89;GUARULHOS;Ausência de reação do condutor;Colisão com objeto;Com Vítimas Feridas;Plena Noite;Crescente;Nublado;Múltipla;Reta;Não;1;0;1;0;1;0;0;1;-23,48134219;-46,56003848;SPRF-SP;DEL03/SP;UOP01-DEL03-SP
774114;25/05/2026;segunda-feira;16:30:00;GO;70;472;ARAGARCAS;Condutor deixou de manter distância do veículo da frente;Colisão traseira;Com Vítimas Feridas;Pleno dia;Decrescente;Céu Claro;Dupla;Reta;Sim;2;0;1;0;1;1;0;2;-15,89593854;-52,25031519;SPRF-GO;DEL04/GO;UOP02-DEL04-GO
774115;25/05/2026;segunda-feira;17:50:00;PE;101;69,9;RECIFE;Pedestre cruzava a pista fora da faixa;Queda de ocupante de veículo;Com Vítimas Feridas;Plena Noite;Crescente;Garoa/Chuvisco;Dupla;Reta;Não;2;0;0;1;1;0;0;1;-8,06744;-34,94308;SPRF-PE;DEL01/PE;UOP01-DEL01-PE
774117;25/05/2026;segunda-feira;18:00:00;PR;116;118;CURITIBA;Ausência de reação do condutor;Colisão lateral mesmo sentido;Com Vítimas Feridas;Plena Noite;Crescente;Garoa/Chuvisco;Dupla;"Reta;Aclive";Sim;2;0;1;0;1;1;0;2;-25,57418;-49,31179;SPRF-PR;DEL01/PR;UOP03-DEL01-PR
774118;25/05/2026;segunda-feira;17:55:00;MG;381;485;BETIM;Manobra de mudança de faixa;Tombamento;Com Vítimas Feridas;Anoitecer;Decrescente;Céu Claro;Múltipla;Reta;Sim;2;0;1;1;2;0;0;1;-19,95602247;-44,10207622;SPRF-MG;DEL01/MG;UOP03-DEL01-MG
774119;25/05/2026;segunda-feira;19:00:00;SC;101;129;BALNEARIO CAMBORIU;Manobra de mudança de faixa;Colisão lateral mesmo sentido;Com Vítimas Feridas;Plena Noite;Decrescente;Nublado;Dupla;Reta;Não;2;0;1;0;1;1;0;2;-26,982726;-48,67305491;SPRF-SC;DEL04/SC;UOP03-DEL04-SC
774120;25/05/2026;segunda-feira;18:30:00;MG;262;437,5;NOVA SERRANA;Pedestre cruzava a pista fora da faixa;Atropelamento de Pedestre;Com Vítimas Feridas;Plena Noite;Crescente;Nublado;Dupla;"Reta;Interseção de Vias";Sim;2;0;0;1;1;1;0;2;-19,87197;-44,97321;SPRF-MG;DEL08/MG;UOP03-DEL08-MG
774122;25/05/2026;segunda-feira;18:50:00;BA;116;14,5;VITORIA DA CONQUISTA;Ausência de reação do condutor;Colisão traseira;Com Vítimas Feridas;Plena Noite;Crescente;Chuva;Simples;"Reta;Declive;Interseção de Vias";Sim;3;0;0;1;1;2;0;3;-14,895683;-40,86152;SPRF-BA;DEL08/BA;UOP01-DEL08-BA
774123;25/05/2026;segunda-feira;18:40:00;AP;210;3;MACAPA;Condutor deixou de manter distância do veículo da frente;Colisão traseira;Com Vítimas Feridas;Anoitecer;Decrescente;Garoa/Chuvisco;Dupla;"Retorno Regulamentado;Reta";Sim;2;0;1;0;1;1;0;2;0,08829775;-51,09693682;SPRF-AP;DEL01-AP;UOP01-DEL01-AP
774124;25/05/2026;segunda-feira;18:30:00;SP;116;297;ITAPECERICA DA SERRA;Ausência de reação do condutor;Colisão lateral mesmo sentido;Com Vítimas Feridas;Plena Noite;Crescente;Nublado;Dupla;Reta;Não;2;0;1;0;1;1;0;2;-23,77568397;-46,91485047;SPRF-SP;DEL04/SP;UOP01-DEL04-SP
774125;25/05/2026;segunda-feira;17:30:00;RS;470;210;BENTO GONCALVES;Transitar na contramão;Colisão frontal;Com Vítimas Feridas;Anoitecer;Crescente;Chuva;Simples;Curva;Não;7;0;3;0;3;4;0;2;-29,12823973;-51,54147595;SPRF-RS;DEL06/RS;UOP01-DEL06-RS
774126;25/05/2026;segunda-feira;18:30:00;PR;116;116;CURITIBA;Manobra de mudança de faixa;Colisão lateral mesmo sentido;Com Vítimas Feridas;Plena Noite;Crescente;Nublado;Dupla;Reta;Não;2;0;1;0;1;1;0;2;-25,553258;-49,305168;SPRF-PR;DEL01/PR;UOP03-DEL01-PR
774128;25/05/2026;segunda-feira;19:00:00;RS;116;489,9;PELOTAS;Transitar na contramão;Colisão frontal;Com Vítimas Fatais;Plena Noite;Crescente;Nublado;Simples;Reta;Não;2;1;0;1;1;0;0;2;-31,47356585;-52,2131145;SPRF-RS;DEL07/RS;UOP01-DEL07-RS
774129;25/05/2026;segunda-feira;19:30:00;RS;290;86;PORTO ALEGRE;Acumulo de água sobre o pavimento;Colisão com objeto;Com Vítimas Feridas;Plena Noite;Crescente;Chuva;Múltipla;Reta;Não;4;0;2;0;2;2;0;3;-29,96820787;-51,11659527;SPRF-RS;DEL01/RS;UOP01-DEL01-RS
774130;25/05/2026;segunda-feira;17:35:00;RJ;101;312;SAO GONCALO;Reação tardia ou ineficiente do condutor;Queda de ocupante de veículo;Com Vítimas Feridas;Anoitecer;Crescente;Nublado;Dupla;Reta;Sim;1;0;1;0;1;0;0;1;-22,79306583;-43,02487886;SPRF-RJ;DEL02/RJ;UOP02-DEL02-RJ
774131;25/05/2026;segunda-feira;18:40:00;DF;60;5,4;BRASILIA;Ausência de reação do condutor;Queda de ocupante de veículo;Com Vítimas Feridas;Plena Noite;Crescente;Céu Claro;Dupla;Reta;Sim;1;0;1;0;1;0;0;1;-15,89697;-48,10943;SPRF-DF;DEL03-DF;UOP01-DEL03-DF
774133;25/05/2026;segunda-feira;18:40:00;CE;304;54,1;ARACATI;Pedestre andava na pista;Atropelamento de Pedestre;Com Vítimas Feridas;Plena Noite;Decrescente;Céu Claro;Simples;"Reta;Declive";Sim;3;0;0;1;1;2;0;2;-4,57615389;-37,73077939;SPRF-CE;DEL03/CE;UOP02-DEL03-CE
774135;25/05/2026;segunda-feira;19:50:00;PE;101;68,7;RECIFE;Demais falhas mecânicas ou elétricas;Tombamento;Com Vítimas Feridas;Plena Noite;Decrescente;Nublado;Múltipla;Reta;Sim;2;0;1;0;1;1;0;1;-8,057378;-34,946258;SPRF-PE;DEL01/PE;UOP01-DEL01-PE
774140;25/05/2026;segunda-feira;18:00:00;BA;324;613;SALVADOR;Condutor deixou de manter distância do veículo da frente;Colisão traseira;Com Vítimas Feridas;Plena Noite;Crescente;Nublado;Dupla;Reta;Sim;2;0;1;0;1;1;0;2;-12,87000364;-38,42622757;SPRF-BA;DEL01/BA;UOP01-DEL01-BA
774141;25/05/2026;segunda-feira;15:50:00;RS;470;211;BENTO GONCALVES;Transitar na contramão;Colisão frontal;Com Vítimas Fatais;Pleno dia;Decrescente;Chuva;Simples;Curva;Não;3;1;1;0;1;0;0;3;-29,13472845;-51,54483542;SPRF-RS;DEL06/RS;UOP01-DEL06-RS
774142;25/05/2026;segunda-feira;19:30:00;SC;282;263,7;SAO JOSE DO CERRITO;Condutor deixou de manter distância do veículo da frente;Engavetamento;Com Vítimas Feridas;Plena Noite;Crescente;Chuva;Simples;"Reta;Interseção de Vias";Não;8;0;1;0;1;6;0;4;-27,62689369;-50,62442986;SPRF-SC;DEL05/SC;UOP02-DEL05-SC
774143;25/05/2026;segunda-feira;19:15:00;MG;116;415;GOVERNADOR VALADARES;Reação tardia ou ineficiente do condutor;Colisão transversal;Com Vítimas Feridas;Plena Noite;Decrescente;Nublado;Simples;"Curva;Em Obras";Sim;3;0;1;1;2;1;0;2;-18,895998;-41,947799;SPRF-MG;DEL06/MG;UOP01-DEL06-MG
774146;25/05/2026;segunda-feira;20:40:00;SC;101;199;SAO JOSE;Reação tardia ou ineficiente do condutor;Queda de ocupante de veículo;Com Vítimas Feridas;Plena Noite;Decrescente;Garoa/Chuvisco;Múltipla;"Reta;Interseção de Vias";Sim;1;0;1;0;1;0;0;1;-27,53602;-48,62702;SPRF-SC;DEL01/SC;UOP01-DEL01-SC
774147;25/05/2026;segunda-feira;18:45:00;RJ;493;0,8;ITABORAI;Trafegar com motocicleta (ou similar) entre as faixas;Colisão lateral sentido oposto;Com Vítimas Feridas;Plena Noite;Crescente;Nublado;Simples;Reta;Não;2;0;1;0;1;1;0;2;-22,76890062;-42,92186737;SPRF-RJ;DEL02/RJ;UOP02-DEL02-RJ
774148;25/05/2026;segunda-feira;17:55:00;SC;101;310,2;LAGUNA;Animais na Pista;Atropelamento de Animal;Com Vítimas Feridas;Plena Noite;Crescente;Céu Claro;Dupla;Reta;Não;1;0;1;0;1;0;0;1;-28,436561;-48,808303;SPRF-SC;DEL02/SC;UOP01-DEL02-SC
774149;25/05/2026;segunda-feira;20:10:00;SP;381;90;GUARULHOS;Pedestre cruzava a pista fora da faixa;Atropelamento de Pedestre;Com Vítimas Feridas;Plena Noite;Crescente;Garoa/Chuvisco;Dupla;"Interseção de Vias;Reta";Sim;2;0;1;0;1;1;0;2;-23,4976424;-46,55944691;SPRF-SP;DEL03/SP;UOP01-DEL03-SP
774152;25/05/2026;segunda-feira;18:45:00;SC;101;339,2;TUBARAO;Desrespeitar a preferência no cruzamento;Colisão transversal;Com Vítimas Feridas;Anoitecer;Decrescente;Nublado;Dupla;"Viaduto;Interseção de Vias";Não;2;0;1;0;1;1;0;2;-28,506879;-49,048679;SPRF-SC;DEL02/SC;UOP01-DEL02-SC
774153;25/05/2026;segunda-feira;18:40:00;SC;101;117;ITAJAI;Reação tardia ou ineficiente do condutor;Colisão traseira;Com Vítimas Feridas;Plena Noite;Crescente;Nublado;Dupla;"Reta;Viaduto";Sim;2;0;1;0;1;1;0;2;-26,89059313;-48,72131824;SPRF-SC;DEL04/SC;UOP04-DEL04-SC
774154;25/05/2026;segunda-feira;19:20:00;SP;101;46;UBATUBA;Acessar a via sem observar a presença dos outros veículos;Colisão transversal;Com Vítimas Feridas;Plena Noite;Decrescente;Nublado;Simples;Retorno Regulamentado;Sim;2;0;2;0;2;0;0;2;-23,42177123;-45,0720319;SPRF-SP;DEL06/SP;UOP01-DEL06-SP
774155;25/05/2026;segunda-feira;18:20:00;PR;376;415;TIBAGI;Demais falhas mecânicas ou elétricas;Incêndio;Sem Vítimas;Plena Noite;Decrescente;Céu Claro;Dupla;Curva;Não;1;0;0;0;0;1;0;1;-24,68868;-50,58903;SPRF-PR;DEL03/PR;UOP02-DEL03-PR
774158;25/05/2026;segunda-feira;21:45:00;MG;50;13;UBERLANDIA;Ausência de reação do condutor;Capotamento;Com Vítimas Feridas;Plena Noite;Crescente;Céu Claro;Dupla;Reta;Sim;2;0;2;0;2;0;0;1;-18,906846;-48,180991;SPRF-MG;DEL15/MG;UOP01-DEL15-MG
774159;25/05/2026;segunda-feira;21:25:00;PE;408;96,1;RECIFE;Pedestre cruzava a pista fora da faixa;Atropelamento de Pedestre;Com Vítimas Fatais;Plena Noite;Decrescente;Nublado;Dupla;Curva;Não;4;1;1;0;1;2;0;3;-8,06535;-34,99001;SPRF-PE;DEL01/PE;UOP01-DEL01-PE
774160;25/05/2026;segunda-feira;18:10:00;RO;364;515,1;ARIQUEMES;Ausência de reação do condutor;Colisão traseira;Com Vítimas Feridas;Anoitecer;Decrescente;Céu Claro;Simples;Reta;Não;2;0;1;0;1;1;0;2;-9,914627;-63,055659;SPRF-RO;DEL03-RO;UOP01-DEL03-RO
774163;25/05/2026;segunda-feira;19:30:00;MG;262;470,3;BOM DESPACHO;Velocidade Incompatível;Colisão com objeto;Com Vítimas Feridas;Plena Noite;Crescente;Céu Claro;Simples;"Curva;Rotatória";Não;2;0;0;1;1;0;0;2;-19,783101;-45,259213;SPRF-MG;DEL08/MG;UOP03-DEL08-MG
774164;25/05/2026;segunda-feira;18:30:00;SP;116;219;GUARULHOS;Transitar na contramão;Colisão transversal;Com Vítimas Feridas;Plena Noite;Decrescente;Nublado;Simples;"Reta;Aclive";Sim;2;0;1;0;1;1;0;2;-23,46334901;-46,49475253;SPRF-SP;DEL01/SP;UOP01-DEL01-SP
774167;25/05/2026;segunda-feira;21:00:00;SP;459;8;PIQUETE;Animais na Pista;Saída de leito carroçável;Com Vítimas Feridas;Plena Noite;Decrescente;Nevoeiro/Neblina;Simples;Reta;Não;1;0;1;0;1;0;0;1;-22,58029564;-45,19658232;SPRF-SP;DEL08/SP;UOP02-DEL08-SP
774169;25/05/2026;segunda-feira;21:00:00;RJ;493;81;JAPERI;Manobra de mudança de faixa;Queda de ocupante de veículo;Com Vítimas Feridas;Plena Noite;Crescente;Céu Claro;Dupla;Reta;Não;1;0;1;0;1;0;0;1;-22,66061999;-43,62116989;SPRF-RJ;DEL01/RJ;UOP03-DEL01-RJ
774170;25/05/2026;segunda-feira;21:10:00;MT;174;299;PONTES E LACERDA;Animais na Pista;Atropelamento de Animal;Com Vítimas Feridas;Plena Noite;Crescente;Céu Claro;Simples;Reta;Não;1;0;1;0;1;0;0;1;-15,289962;-59,277198;SPRF-MT;DEL04/MT;UOP01-DEL04-MT
774175;25/05/2026;segunda-feira;09:30:00;SC;470;62;INDAIAL;Ultrapassagem Indevida;Colisão transversal;Com Vítimas Feridas;Pleno dia;Decrescente;Céu Claro;Simples;"Reta;Declive";Não;2;0;0;1;1;1;0;2;-26,86993142;-49,20700964;SPRF-SC;DEL04/SC;UOP01-DEL04-SC