id;data_inversa;dia_semana;horario;uf;br;km;municipio;causa_acidente;tipo_acidente;classificacao_acidente;fase_dia;sentido_via;condicao_metereologica;tipo_pista;tracado_via;uso_solo;pessoas;mortos;feridos_leves;feridos_graves;feridos;ilesos;ignorados;veiculos;latitude;longitude;regional;delegacia;uop
774301;26/05/2026;terça-feira;08:30:00;PI;343;11;PARNAIBA;Acesso irregular;Colisão transversal;Com Vítimas Feridas;Pleno dia;Decrescente;Céu Claro;Simples;Reta;Sim;2;0;1;0;1;1;0;2;-2,90334542;-41,75154269;SPRF-PI;DEL05-PI;UOP01-DEL05-PI
774302;26/05/2026;terça-feira;14:00:00;PR;116;10;COLOMBO;Ausência de reação do condutor;Tombamento;Com Vítimas Feridas;Pleno dia;Crescente;Céu Claro;Dupla;Curva;Sim;1;0;1;0;1;0;0;1;-25,371475;-49,131488;SPRF-PR;DEL01/PR;UOP02-DEL01-PR
774306;26/05/2026;terça-feira;17:47:00;PI;343;325;TERESINA;Conversão proibida;Colisão lateral mesmo sentido;Com Vítimas Feridas;Anoitecer;Decrescente;Céu Claro;Simples;Reta;Não;3;0;2;1;3;0;0;2;-5,065703;-42,609527;SPRF-PI;DEL01-PI;UOP01-DEL01-PI
774307;26/05/2026;terça-feira;16:00:00;SC;101;121;ITAJAI;Condutor deixou de manter distância do veículo da frente;Colisão lateral mesmo sentido;Com Vítimas Feridas;Pleno dia;Decrescente;Nublado;Múltipla;Reta;Sim;2;0;2;0;2;0;0;2;-26,92148115;-48,70806662;SPRF-SC;DEL04/SC;UOP04-DEL04-SC
774308;26/05/2026;terça-feira;16:40:00;MT;158;566;AGUA BOA;Acessar a via sem observar a presença dos outros veículos;Colisão transversal;Com Vítimas Feridas;Pleno dia;Decrescente;Céu Claro;Dupla;Retorno Regulamentado;Sim;3;0;1;0;1;2;0;2;-14,0501384;-52,15489894;SPRF-MT;DEL07/MT;UOP02-DEL07-MT
774309;26/05/2026;terça-feira;17:40:00;SC;280;127,8;RIO NEGRINHO;Acessar a via sem observar a presença dos outros veículos;Colisão transversal;Com Vítimas Feridas;Anoitecer;Crescente;Nublado;Simples;"Reta;Interseção de Vias";Sim;3;0;2;0;2;1;0;2;-26,242499;-49,511898;SPRF-SC;DEL06/SC;UOP03-DEL06-SC
774310;26/05/2026;terça-feira;13:00:00;SP;101;43;UBATUBA;Transitar na contramão;Colisão frontal;Com Vítimas Feridas;Pleno dia;Crescente;Céu Claro;Simples;Reta;Sim;2;0;1;0;1;1;0;2;-23,41382622;-45,05602447;SPRF-SP;DEL06/SP;UOP01-DEL06-SP
774311;26/05/2026;terça-feira;17:20:00;PR;476;120;COLOMBO;Acessar a via sem observar a presença dos outros veículos;Atropelamento de Pedestre;Com Vítimas Feridas;Anoitecer;Decrescente;Céu Claro;Dupla;Reta;Sim;2;0;0;1;1;1;0;2;-25,371723;-49,191263;SPRF-PR;DEL01/PR;UOP01-DEL01-PR
774313;26/05/2026;terça-feira;18:00:00;RJ;101;322;NITEROI;Trafegar com motocicleta (ou similar) entre as faixas;Colisão lateral mesmo sentido;Com Vítimas Feridas;Anoitecer;Decrescente;Nublado;Múltipla;Reta;Sim;3;0;1;0;1;2;0;3;-22,87318402;-43,11067989;SPRF-RJ;DEL02/RJ;UOP01-DEL02-RJ
774314;26/05/2026;terça-feira;17:00:00;RJ;116;182;NOVA IGUACU;Avarias e/ou desgaste excessivo no pneu;Queda de ocupante de veículo;Com Vítimas Feridas;Pleno dia;Decrescente;Céu Claro;Dupla;Reta;Não;2;0;2;0;2;0;0;1;-22,76060858;-43,42537636;SPRF-RJ;DEL06/RJ;UOP01-DEL06-RJ
774316;26/05/2026;terça-feira;17:35:00;MS;163;264;DOURADOS;Ausência de reação do condutor;Colisão traseira;Com Vítimas Feridas;Anoitecer;Decrescente;Céu Claro;Dupla;Rotatória;Sim;3;0;2;0;2;1;0;2;-22,226112;-54,735677;SPRF-MS;DEL04/MS;UOP01-DEL04-MS
774317;26/05/2026;terça-feira;18:30:00;PB;230;24,6;JOAO PESSOA;Conversão proibida;Queda de ocupante de veículo;Com Vítimas Feridas;Plena Noite;Decrescente;Chuva;Dupla;Reta;Sim;3;0;2;0;2;0;0;2;-7,17068029;-34,86964909;SPRF-PB;DEL01-PB;UOP01-DEL01-PB
774318;26/05/2026;terça-feira;14:50:00;CE;402;280,6;ITAPIPOCA;Demais falhas mecânicas ou elétricas;Queda de ocupante de veículo;Com Vítimas Feridas;Pleno dia;Decrescente;Céu Claro;Simples;Reta;Não;1;0;1;0;1;0;0;1;-3,560446;-39,467742;SPRF-CE;DEL01/CE;UOP03-DEL01-CE
774319;26/05/2026;terça-feira;18:20:00;SC;101;213,4;PALHOCA;Reação tardia ou ineficiente do condutor;Colisão traseira;Com Vítimas Feridas;Plena Noite;Decrescente;Nublado;Múltipla;Reta;Não;2;0;1;0;1;1;0;2;-27,64036;-48,66733;SPRF-SC;DEL01/SC;UOP02-DEL01-SC
774320;26/05/2026;terça-feira;18:10:00;PR;277;5;PARANAGUA;Reação tardia ou ineficiente do condutor;Colisão traseira;Sem Vítimas;Anoitecer;Decrescente;Nublado;Dupla;Reta;Sim;2;0;0;0;0;2;0;2;-25,558092;-48,571147;SPRF-PR;DEL01/PR;UOP05-DEL01-PR
774322;26/05/2026;terça-feira;18:40:00;RS;386;346,5;LAJEADO;Chuva;Colisão com objeto;Com Vítimas Feridas;Plena Noite;Decrescente;Chuva;Dupla;Reta;Sim;1;0;0;1;1;0;0;1;-29,450052;-51,96888;SPRF-RS;DEL04/RS;UOP01-DEL04-RS
774325;26/05/2026;terça-feira;17:34:00;SP;153;108;JOSE BONIFACIO;Manobra de mudança de faixa;Colisão lateral mesmo sentido;Com Vítimas Feridas;Anoitecer;Crescente;Sol;Dupla;Retorno Regulamentado;Sim;2;0;0;1;1;1;0;2;-21,07158591;-49,66644287;SPRF-SP;DEL09/SP;UOP01-DEL09-SP
774327;26/05/2026;terça-feira;18:40:00;PR;376;189,9;MARIALVA;Manobra de mudança de faixa;Tombamento;Com Vítimas Feridas;Anoitecer;Decrescente;Céu Claro;Dupla;Reta;Sim;1;0;1;0;1;0;0;1;-23,469181;-51,823485;SPRF-PR;DEL09/PR;UOP01-DEL09-PR
774328;26/05/2026;terça-feira;18:40:00;RJ;40;112;DUQUE DE CAXIAS;Manobra de mudança de faixa;Tombamento;Com Vítimas Feridas;Plena Noite;Decrescente;Céu Claro;Múltipla;Reta;Sim;1;0;1;0;1;0;0;1;-22,704583;-43,287705;SPRF-RJ;DEL01/RJ;UOP02-DEL01-RJ
774329;26/05/2026;terça-feira;18:30:00;RN;101;144;GOIANINHA;Objeto estático sobre o leito carroçável;Colisão traseira;Com Vítimas Feridas;Plena Noite;Crescente;Céu Claro;Dupla;"Reta;Em Obras";Não;7;0;1;0;1;6;0;2;-6,2413263;-35,2172969;SPRF-RN;DEL01-RN;UOP01-DEL01-RN
774331;26/05/2026;terça-feira;14:23:00;RO;364;376,9;OURO PRETO DO OESTE;Demais falhas mecânicas ou elétricas;Tombamento;Com Vítimas Feridas;Pleno dia;Decrescente;Céu Claro;Simples;Reta;Não;2;0;2;0;2;0;0;1;-10,738075;-62,20024;SPRF-RO;DEL02-RO;UOP01-DEL02-RO
774332;26/05/2026;terça-feira;19:30:00;PA;163;984;SANTAREM;Pista esburacada;Saída de leito carroçável;Com Vítimas Feridas;Plena Noite;Decrescente;Céu Claro;Simples;"Reta;Aclive";Não;2;0;2;0;2;0;0;1;-2,60722936;-54,72092307;SPRF-PA;DEL05/PA;UOP01-DEL05-PA
774333;26/05/2026;terça-feira;19:10:00;PR;277;726;FOZ DO IGUACU;Ausência de reação do condutor;Colisão traseira;Com Vítimas Feridas;Plena Noite;Crescente;Céu Claro;Dupla;Reta;Sim;2;0;1;0;1;1;0;2;-25,50768428;-54,54557419;SPRF-PR;DEL05/PR;UOP03-DEL05-PR
774334;26/05/2026;terça-feira;19:20:00;SP;116;154,9;SAO JOSE DOS CAMPOS;Entrada inopinada do pedestre;Colisão transversal;Com Vítimas Feridas;Plena Noite;Crescente;Céu Claro;Dupla;Reta;Sim;2;0;1;0;1;1;0;2;-23,2415821;-45,92366688;SPRF-SP;DEL02/SP;UOP01-DEL02-SP
774335;26/05/2026;terça-feira;18:30:00;PA;230;4;ALTAMIRA;Acessar a via sem observar a presença dos outros veículos;Colisão lateral sentido oposto;Com Vítimas Feridas;Anoitecer;Crescente;Céu Claro;Simples;Reta;Sim;3;0;1;0;1;1;0;2;-3,18995468;-52,21059573;SPRF-PA;DEL03/PA;UOP01-DEL03-PA
774336;26/05/2026;terça-feira;19:10:00;BA;324;603;SIMOES FILHO;Pista Escorregadia;Tombamento;Com Vítimas Feridas;Plena Noite;Decrescente;Nublado;Dupla;Reta;Não;2;0;1;0;1;1;0;2;-12,7852367;-38,4109383;SPRF-BA;DEL01/BA;UOP01-DEL01-BA
774338;26/05/2026;terça-feira;18:30:00;SC;101;212,5;PALHOCA;Ausência de reação do condutor;Colisão traseira;Com Vítimas Feridas;Plena Noite;Crescente;Nublado;Dupla;Reta;Sim;2;0;0;1;1;1;0;2;-27,63314;-48,66228;SPRF-SC;DEL01/SC;UOP02-DEL01-SC
774340;25/05/2026;segunda-feira;19:30:00;PA;230;123,3;MARABA;Acessar a via sem observar a presença dos outros veículos;Colisão transversal;Com Vítimas Feridas;Plena Noite;Decrescente;Céu Claro;Dupla;Reta;Sim;3;0;0;1;1;2;0;3;-5,3712944;-49,13230455;SPRF-PA;DEL03/PA;UOP01-DEL03-PA
774341;26/05/2026;terça-feira;18:30:00;SP;116;229;SAO PAULO;Manobra de mudança de faixa;Colisão lateral mesmo sentido;Com Vítimas Feridas;Plena Noite;Decrescente;Nublado;Múltipla;Reta;Sim;2;0;1;0;1;1;0;2;-23,51168735;-46,57496866;SPRF-SP;DEL01/SP;UOP01-DEL01-SP
774342;26/05/2026;terça-feira;17:40:00;MG;116;456;ENGENHEIRO CALDAS;Acessar a via sem observar a presença dos outros veículos;Colisão transversal;Com Vítimas Feridas;Anoitecer;Decrescente;Céu Claro;Simples;Reta;Não;2;0;0;1;1;1;0;2;-19,20782;-42,05177;SPRF-MG;DEL06/MG;UOP02-DEL06-MG
774343;26/05/2026;terça-feira;18:15:00;PI;343;20;PARNAIBA;Acessar a via sem observar a presença dos outros veículos;Colisão transversal;Com Vítimas Feridas;Plena Noite;Decrescente;Céu Claro;Simples;"Reta;Declive";Não;2;0;0;1;1;1;0;2;-2,98509232;-41,7632006;SPRF-PI;DEL05-PI;UOP01-DEL05-PI
774344;26/05/2026;terça-feira;20:00:00;SP;116;217;GUARULHOS;Pedestre cruzava a pista fora da faixa;Atropelamento de Pedestre;Com Vítimas Feridas;Plena Noite;Decrescente;Céu Claro;Múltipla;Reta;Sim;2;0;1;1;2;0;0;2;-23,45801;-46,4807;SPRF-SP;DEL01/SP;UOP01-DEL01-SP
774345;26/05/2026;terça-feira;17:50:00;AC;364;119;RIO BRANCO;Reação tardia ou ineficiente do condutor;Colisão traseira;Com Vítimas Feridas;Plena Noite;Decrescente;Ignorado;Dupla;Reta;Não;2;0;1;0;1;1;0;2;-10,012288;-67,755475;SPRF-AC;DEL01-AC;UOP01-DEL01-AC
774346;26/05/2026;terça-feira;18:45:00;SC;101;213,4;PALHOCA;Reação tardia ou ineficiente do condutor;Colisão lateral mesmo sentido;Sem Vítimas;Plena Noite;Decrescente;Nublado;Múltipla;"Reta;Aclive";Sim;4;0;0;0;0;4;0;2;-27,64036;-48,66733;SPRF-SC;DEL01/SC;UOP02-DEL01-SC
774348;26/05/2026;terça-feira;20:00:00;PR;376;161;MARINGA;Demais falhas mecânicas ou elétricas;Saída de leito carroçável;Com Vítimas Feridas;Plena Noite;Crescente;Céu Claro;Dupla;Aclive;Sim;1;0;1;0;1;0;0;1;-23,366778;-52,070166;SPRF-PR;DEL09/PR;UOP02-DEL09-PR
774350;26/05/2026;terça-feira;20:10:00;SP;116;22,3;LAVRINHAS;Avarias e/ou desgaste excessivo no pneu;Queda de ocupante de veículo;Com Vítimas Feridas;Plena Noite;Crescente;Céu Claro;Dupla;Curva;Não;1;0;1;0;1;0;0;1;-22,58271799;-44,88574376;SPRF-SP;DEL08/SP;UOP02-DEL08-SP
774351;26/05/2026;terça-feira;20:10:00;RJ;101;305,8;SAO GONCALO;Animais na Pista;Atropelamento de Animal;Com Vítimas Feridas;Plena Noite;Crescente;Nublado;Múltipla;Reta;Sim;2;0;2;0;2;0;0;1;-22,78924084;-43,00692485;SPRF-RJ;DEL02/RJ;UOP02-DEL02-RJ
774353;26/05/2026;terça-feira;20:00:00;PE;232;253;ARCOVERDE;Transitar na contramão;Colisão frontal;Sem Vítimas;Plena Noite;Decrescente;Céu Claro;Simples;Reta;Sim;2;0;0;0;0;2;0;2;-8,42133;-37,076825;SPRF-PE;DEL04/PE;UOP02-DEL04-PE
774354;26/05/2026;terça-feira;20:30:00;PR;369;37;ANDIRA;Reação tardia ou ineficiente do condutor;Colisão traseira;Com Vítimas Feridas;Plena Noite;Crescente;Céu Claro;Dupla;Curva;Não;2;0;2;0;2;0;0;2;-23,04617686;-50,23398659;SPRF-PR;DEL07/PR;UOP05-DEL07-PR
774355;10/05/2026;domingo;14:12:00;PR;376;181,8;MARINGA;Manobra de mudança de faixa;Colisão lateral mesmo sentido;Com Vítimas Feridas;Pleno dia;Decrescente;Céu Claro;Dupla;Rotatória;Sim;2;0;1;0;1;1;0;2;-23,43132974;-51,88778099;SPRF-PR;DEL09/PR;UOP01-DEL09-PR
774356;26/05/2026;terça-feira;17:40:00;PA;230;11,9;ALTAMIRA;Transitar na contramão;Colisão frontal;Com Vítimas Feridas;Pleno dia;Decrescente;Céu Claro;Simples;Declive;Sim;2;0;1;1;2;0;0;2;-3,19643501;-52,23488331;SPRF-PA;DEL04/PA;UOP01-DEL04-PA
774358;26/05/2026;terça-feira;17:30:00;RJ;40;70;PETROPOLIS;Conversão proibida;Colisão transversal;Com Vítimas Feridas;Anoitecer;Crescente;Céu Claro;Dupla;Retorno Regulamentado;Não;5;0;1;2;3;2;0;3;-22,45247181;-43,206321;SPRF-RJ;DEL05/RJ;UOP02-DEL05-RJ
774359;26/05/2026;terça-feira;20:00:00;SP;116;217;GUARULHOS;Condutor deixou de manter distância do veículo da frente;Colisão traseira;Com Vítimas Feridas;Plena Noite;Decrescente;Céu Claro;Múltipla;Reta;Sim;4;0;1;0;1;2;0;3;-23,45783;-46,480118;SPRF-SP;DEL01/SP;UOP01-DEL01-SP
774362;26/05/2026;terça-feira;19:45:00;MS;262;379,7;TERENOS;Acostamento em desnível;Tombamento;Com Vítimas Feridas;Plena Noite;Decrescente;Céu Claro;Simples;Reta;Não;1;0;1;0;1;0;0;1;-20,456794;-54,844428;SPRF-MS;DEL01/MS;UOP03-DEL01-MS
774363;26/05/2026;terça-feira;21:00:00;GO;40;17;LUZIANIA;Pedestre - Ingestão de álcool/ substâncias psicoativas;Atropelamento de Pedestre;Com Vítimas Fatais;Pleno dia;Crescente;Céu Claro;Dupla;Reta;Sim;2;1;0;0;0;1;0;2;-16,180105;-47,928856;SPRF-DF;DEL01-DF;UOP01-DEL01-DF
774365;26/05/2026;terça-feira;21:30:00;RJ;101;72;CAMPOS DOS GOYTACAZES;Ingestão de álcool pelo condutor;Colisão lateral sentido oposto;Sem Vítimas;Plena Noite;Crescente;Céu Claro;Simples;Reta;Não;2;0;0;0;0;2;0;2;-21,793828;-41,390418;SPRF-RJ;DEL08/RJ;UOP02-DEL08-RJ
774369;26/05/2026;terça-feira;20:10:00;RO;364;422;JARU;Ausência de reação do condutor;Colisão lateral mesmo sentido;Sem Vítimas;Plena Noite;Decrescente;Céu Claro;Dupla;"Reta;Declive;Interseção de Vias";Não;4;0;0;0;0;3;0;2;-10,457915;-62,457448;SPRF-RO;DEL03-RO;UOP02-DEL03-RO
774371;26/05/2026;terça-feira;21:25:00;PB;230;25,2;JOAO PESSOA;Acessar a via sem observar a presença dos outros veículos;Colisão lateral mesmo sentido;Sem Vítimas;Plena Noite;Decrescente;Nublado;Dupla;Retorno Regulamentado;Sim;2;0;0;0;0;2;0;2;-7,170665;-34,870903;SPRF-PB;DEL01-PB;UOP01-DEL01-PB
774372;26/05/2026;terça-feira;20:05:00;MG;116;621,2;ORIZANIA;Ingestão de álcool pelo condutor;Saída de leito carroçável;Com Vítimas Feridas;Plena Noite;Decrescente;Nublado;Simples;Curva;Não;5;0;3;0;3;2;0;1;-20,517;-42,195;SPRF-MG;DEL07/MG;UOP02-DEL07-MG
774373;26/05/2026;terça-feira;16:25:00;PI;316;302,7;PICOS;Ultrapassagem Indevida;Colisão frontal;Com Vítimas Fatais;Pleno dia;Crescente;Céu Claro;Simples;"Reta;Aclive";Não;4;1;1;0;1;0;0;3;-7,0564;-41,526549;SPRF-PI;DEL04-PI;UOP01-DEL04-PI
774374;26/05/2026;terça-feira;21:30:00;MG;262;779;UBERABA;Ausência de reação do condutor;Colisão traseira;Com Vítimas Feridas;Plena Noite;Decrescente;Céu Claro;Simples;Reta;Não;4;0;0;2;2;2;0;2;-19,76293;-47,85538;SPRF-MG;DEL13/MG;UOP01-DEL13-MG
774375;26/05/2026;terça-feira;10:00:00;MA;0;0;SUCUPIRA DO NORTE;Transitar na contramão;Colisão lateral sentido oposto;Com Vítimas Feridas;Pleno dia;Não Informado;Céu Claro;Simples;Reta;Não;2;0;1;0;1;1;0;2;-6,39966306;-44,29780198;SPRF-MA;DEL05-MA;UOP01-DEL05-MA
774376;26/05/2026;terça-feira;18:40:00;MG;116;626,1;ORIZANIA;Velocidade Incompatível;Capotamento;Com Vítimas Feridas;Anoitecer;Crescente;Céu Claro;Simples;Curva;Não;1;0;1;0;1;0;0;1;-20,55769;-42,208897;SPRF-MG;DEL07/MG;UOP02-DEL07-MG
774378;26/05/2026;terça-feira;21:57:00;PE;423;37,5;CACHOEIRINHA;Acessar a via sem observar a presença dos outros veículos;Colisão transversal;Com Vítimas Fatais;Plena Noite;Crescente;Chuva;Simples;Reta;Sim;2;1;0;0;0;1;0;2;-8,4813529;-36,2236722;SPRF-PE;DEL03/PE;UOP02-DEL03-PE
774380;26/05/2026;terça-feira;16:40:00;MG;116;415;GOVERNADOR VALADARES;Ultrapassagem Indevida;Colisão lateral mesmo sentido;Com Vítimas Feridas;Pleno dia;Decrescente;Céu Claro;Simples;Reta;Não;2;0;1;0;1;1;0;2;-18,890403;-41,946418;SPRF-MG;DEL06/MG;UOP01-DEL06-MG
774382;26/05/2026;terça-feira;16:45:00;RS;386;404,8;MONTENEGRO;Condutor Dormindo;Colisão com objeto;Com Vítimas Feridas;Pleno dia;Crescente;Chuva;Dupla;Reta;Não;1;0;1;0;1;0;0;1;-29,777408;-51,560633;SPRF-RS;DEL04/RS;UOP02-DEL04-RS
774383;26/05/2026;terça-feira;11:50:00;MG;116;413,4;GOVERNADOR VALADARES;Condutor deixou de manter distância do veículo da frente;Colisão traseira;Com Vítimas Feridas;Pleno dia;Decrescente;Sol;Dupla;Reta;Não;2;0;1;0;1;1;0;2;-18,882172;-41,957123;SPRF-MG;DEL06/MG;UOP01-DEL06-MG
774384;26/05/2026;terça-feira;23:00:00;ES;262;18,9;VIANA;Ausência de reação do condutor;Colisão com objeto;Sem Vítimas;Plena Noite;Decrescente;Céu Claro;Simples;Reta;Sim;1;0;0;0;0;1;0;1;-20,392299;-40,488661;SPRF-ES;DEL01-ES;UOP01-DEL01-ES
774385;26/05/2026;terça-feira;23:00:00;MG;265;357;JUATUBA;Velocidade Incompatível;Colisão frontal;Com Vítimas Feridas;Plena Noite;Decrescente;Céu Claro;Simples;"Interseção de Vias;Retorno Regulamentado";Sim;2;0;1;0;1;1;0;2;-19,97167491;-44,28688645;SPRF-MG;DEL04/MG;UOP02-DEL04-MG
774387;26/05/2026;terça-feira;18:00:00;MG;116;412;GOVERNADOR VALADARES;Reação tardia ou ineficiente do condutor;Colisão traseira;Com Vítimas Feridas;Anoitecer;Decrescente;Céu Claro;Dupla;"Reta;Declive";Sim;2;0;1;0;1;1;0;2;-18,873592;-41,966785;SPRF-MG;DEL06/MG;UOP01-DEL06-MG
774388;26/05/2026;terça-feira;22:50:00;PR;369;197;APUCARANA;Demais falhas mecânicas ou elétricas;Incêndio;Sem Vítimas;Plena Noite;Crescente;Nublado;Dupla;Reta;Não;1;0;0;0;0;1;0;1;-23,511632;-51,426722;SPRF-PR;DEL07/PR;UOP03-DEL07-PR
774389;26/05/2026;terça-feira;23:00:00;RJ;116;321;ITATIAIA;Avarias e/ou desgaste excessivo no pneu;Tombamento;Com Vítimas Feridas;Plena Noite;Crescente;Nublado;Dupla;"Declive;Reta";Não;2;0;1;1;2;0;0;1;-22,483285;-44,54288419;SPRF-RJ;DEL07/RJ;UOP02-DEL07-RJ
774390;26/05/2026;terça-feira;23:40:00;DF;60;20,8;BRASILIA;Ausência de reação do condutor;Saída de leito carroçável;Sem Vítimas;Plena Noite;Decrescente;Céu Claro;Dupla;Reta;Não;1;0;0;0;0;0;1;1;-15,976913;-48,200757;SPRF-DF;DEL03-DF;UOP01-DEL03-DF
774391;26/05/2026;terça-feira;17:20:00;BA;116;18;VITORIA DA CONQUISTA;Acessar a via sem observar a presença dos outros veículos;Colisão transversal;Com Vítimas Feridas;Anoitecer;Crescente;Nublado;Simples;Reta;Sim;2;0;1;0;1;1;0;2;-14,89411023;-40,82159042;SPRF-BA;DEL08/BA;UOP01-DEL08-BA
774392;26/05/2026;terça-feira;20:50:00;BA;116;9;VITORIA DA CONQUISTA;Chuva;Colisão frontal;Com Vítimas Fatais;Plena Noite;Crescente;Garoa/Chuvisco;Simples;Reta;Não;2;1;0;0;0;0;0;2;-14,85396;-40,88069;SPRF-BA;DEL08/BA;UOP01-DEL08-BA
774393;26/05/2026;terça-feira;23:00:00;BA;116;6;VITORIA DA CONQUISTA;Animais na Pista;Atropelamento de Animal;Com Vítimas Fatais;Plena Noite;Crescente;Chuva;Simples;Reta;Sim;1;1;0;0;0;0;0;1;-14,83263775;-40,88716507;SPRF-BA;DEL08/BA;UOP01-DEL08-BA
774394;27/05/2026;quarta-feira;00:10:00;PE;428;188;PETROLINA;Demais falhas mecânicas ou elétricas;Incêndio;Sem Vítimas;Plena Noite;Decrescente;Céu Claro;Dupla;"Reta;Viaduto";Sim;1;0;0;0;0;1;0;1;-9,3755724;-40,4901338;SPRF-PE;DEL06/PE;UOP01-DEL06-PE
774398;18/05/2026;segunda-feira;06:30:00;BA;324;623;SALVADOR;Condutor deixou de manter distância do veículo da frente;Colisão lateral mesmo sentido;Sem Vítimas;Pleno dia;Crescente;Chuva;Múltipla;Reta;Sim;2;0;0;0;0;1;0;2;-12,94235801;-38,47050397;SPRF-BA;DEL01/BA;UOP01-DEL01-BA
774399;27/05/2026;quarta-feira;03:30:00;SC;101;222,1;PALHOCA;Reação tardia ou ineficiente do condutor;Saída de leito carroçável;Com Vítimas Feridas;Plena Noite;Crescente;Nublado;Múltipla;"Aclive;Reta";Sim;1;0;1;0;1;0;0;1;-27,70952314;-48,65494816;SPRF-SC;DEL01/SC;UOP02-DEL01-SC
774406;11/05/2026;segunda-feira;11:36:00;PB;230;6,5;CABEDELO;Ausência de reação do condutor;Colisão traseira;Com Vítimas Feridas;Pleno dia;Decrescente;Céu Claro;Dupla;Reta;Sim;2;0;0;1;1;1;0;2;-7,024185;-34,837562;SPRF-PB;DEL01-PB;UOP01-DEL01-PB
774409;27/05/2026;quarta-feira;06:30:00;TO;242;462;FORMOSO DO ARAGUAIA;Animais na Pista;Capotamento;Com Vítimas Feridas;Pleno dia;Decrescente;Céu Claro;Simples;Reta;Não;2;0;1;1;2;0;0;1;-11,79935;-49,62997;SPRF-TO;DEL01-TO;UOP02-DEL01-TO
774412;27/05/2026;quarta-feira;01:16:00;MA;135;36;BACABEIRA;Animais na Pista;Atropelamento de Animal;Sem Vítimas;Amanhecer;Decrescente;Nublado;Dupla;Reta;Não;1;0;0;0;0;0;1;1;-2,924801;-44,339016;SPRF-MA;DEL01-MA;UOP01-DEL01-MA
774413;27/05/2026;quarta-feira;00:00:00;MT;163;981;TERRA NOVA DO NORTE;Ingestão de álcool pelo condutor;Saída de leito carroçável;Sem Vítimas;Plena Noite;Crescente;Céu Claro;Simples;Reta;Não;2;0;0;0;0;2;0;1;-10,62977278;-55,13015494;SPRF-MT;DEL06/MT;UOP03-DEL06-MT
774415;27/05/2026;quarta-feira;06:40:00;SE;101;103;SAO CRISTOVAO;Ausência de reação do condutor;Colisão traseira;Com Vítimas Feridas;Pleno dia;Decrescente;Céu Claro;Dupla;Reta;Sim;33;0;2;0;2;31;0;3;-10,95576447;-37,22491829;SPRF-SE;DEL02-SE;UOP01-DEL02-SE
774416;27/05/2026;quarta-feira;06:45:00;PE;232;71,5;GRAVATA;Ausência de reação do condutor;Queda de ocupante de veículo;Com Vítimas Feridas;Pleno dia;Crescente;Garoa/Chuvisco;Dupla;Reta;Sim;1;0;1;0;1;0;0;1;-8,185302;-35,497566;SPRF-PE;DEL02/PE;UOP02-DEL02PE
774418;26/05/2026;terça-feira;17:15:00;SC;470;108;APIUNA;Acessar a via sem observar a presença dos outros veículos;Colisão transversal;Com Vítimas Feridas;Anoitecer;Decrescente;Nublado;Simples;Reta;Não;2;0;1;0;1;1;0;2;-27,0838;-49,4475;SPRF-SC;DEL04/SC;UOP02-DEL04-SC
774419;26/05/2026;terça-feira;23:15:00;SC;470;135;RIO DO SUL;Reação tardia ou ineficiente do condutor;Saída de leito carroçável;Com Vítimas Feridas;Plena Noite;Crescente;Nublado;Simples;Reta;Não;2;0;2;0;2;0;0;1;-27,202003;-49,634097;SPRF-SC;DEL04/SC;UOP02-DEL04-SC
774420;27/05/2026;quarta-feira;06:40:00;PR;277;120;CAMPO LARGO;Ausência de reação do condutor;Colisão transversal;Com Vítimas Feridas;Pleno dia;Crescente;Sol;Dupla;Retorno Regulamentado;Sim;3;0;2;1;3;0;0;2;-25,44659234;-49,48733065;SPRF-PR;DEL01/PR;UOP07-DEL01-PR
774422;27/05/2026;quarta-feira;06:40:00;DF;20;6,1;BRASILIA;Acessar a via sem observar a presença dos outros veículos;Colisão lateral mesmo sentido;Com Vítimas Feridas;Pleno dia;Decrescente;Céu Claro;Dupla;Reta;Não;3;0;1;0;1;2;0;2;-15,66487;-47,80658;SPRF-DF;DEL02-DF;UOP01-DEL02-DF
774423;27/05/2026;quarta-feira;06:30:00;RJ;116;174;SAO JOAO DE MERITI;Ausência de reação do condutor;Colisão traseira;Sem Vítimas;Pleno dia;Decrescente;Céu Claro;Simples;Reta;Sim;2;0;0;0;0;2;0;2;-22,790237;-43,37149;SPRF-RJ;DEL06/RJ;UOP01-DEL06-RJ
774424;27/05/2026;quarta-feira;07:15:00;MG;116;275,7;TEOFILO OTONI;Ausência de reação do condutor;Colisão transversal;Com Vítimas Feridas;Pleno dia;Decrescente;Céu Claro;Simples;"Reta;Em Obras";Sim;2;0;1;0;1;1;0;2;-17,84895;-41,515127;SPRF-MG;DEL11/MG;UOP01-DEL11-MG
774426;27/05/2026;quarta-feira;07:19:00;MA;226;302;BARRA DO CORDA;Acessar a via sem observar a presença dos outros veículos;Colisão transversal;Com Vítimas Feridas;Pleno dia;Decrescente;Céu Claro;Simples;Reta;Sim;3;0;2;0;2;1;0;2;-5,494473;-45,271345;SPRF-MA;DEL06-MA;UOP01-DEL06-MA
774427;27/05/2026;quarta-feira;07:50:00;ES;101;278;SERRA;Ausência de reação do condutor;Colisão com objeto;Com Vítimas Feridas;Pleno dia;Crescente;Céu Claro;Dupla;"Interseção de Vias;Curva";Não;2;0;2;0;2;0;0;1;-20,21729541;-40,33492049;SPRF-ES;DEL02-ES;UOP01-DEL02-ES