id;data_inversa;dia_semana;horario;uf;br;km;municipio;causa_acidente;tipo_acidente;classificacao_acidente;fase_dia;sentido_via;condicao_metereologica;tipo_pista;tracado_via;uso_solo;pessoas;mortos;feridos_leves;feridos_graves;feridos;ilesos;ignorados;veiculos;latitude;longitude;regional;delegacia;uop
774669;24/05/2026;domingo;18:00:00;RJ;101;491;ANGRA DOS REIS;Condutor Dormindo;Colisão lateral mesmo sentido;Sem Vítimas;Plena Noite;Decrescente;Céu Claro;Simples;Curva;Não;2;0;0;0;0;2;0;2;-22,952957;-44,32436;SPRF-RJ;DEL03/RJ;UOP03-DEL03-RJ
774670;15/03/2026;domingo;00:30:00;GO;50;282;CATALAO;Ingestão de álcool pelo condutor;Colisão frontal;Com Vítimas Feridas;Plena Noite;Crescente;Céu Claro;Dupla;Curva;Sim;4;0;0;1;1;3;0;2;-18,1693787;-47,9442403;SPRF-GO;DEL06/GO;UOP01-DEL06-GO
774674;24/05/2026;domingo;14:50:00;RS;470;232;CARLOS BARBOSA;Desrespeitar a preferência no cruzamento;Colisão transversal;Com Vítimas Feridas;Pleno dia;Decrescente;Céu Claro;Simples;"Reta;Aclive";Não;6;0;1;0;1;5;0;2;-29,29859;-51,480643;SPRF-RS;DEL06/RS;UOP01-DEL06-RS
774675;28/05/2026;quinta-feira;13:38:00;RN;110;47,3;MOSSORO;Reação tardia ou ineficiente do condutor;Colisão traseira;Com Vítimas Feridas;Pleno dia;Decrescente;Céu Claro;Simples;Reta;Sim;3;0;3;0;3;0;0;2;-5,20290763;-37,32493401;SPRF-RN;DEL04-RN;UOP01-DEL04-RN
774676;28/05/2026;quinta-feira;13:15:00;PE;101;83,7;JABOATAO DOS GUARARAPES;Condutor deixou de manter distância do veículo da frente;Colisão traseira;Com Vítimas Feridas;Pleno dia;Decrescente;Céu Claro;Dupla;Reta;Sim;3;0;1;1;2;0;0;2;-8,17818825;-34,95360374;SPRF-PE;DEL01/PE;UOP01-DEL01-PE
774678;28/05/2026;quinta-feira;13:25:00;RJ;116;296;PORTO REAL;Manobra de mudança de faixa;Colisão traseira;Sem Vítimas;Pleno dia;Crescente;Céu Claro;Simples;Curva;Não;2;0;0;0;0;2;0;2;-22,45478708;-44,35607135;SPRF-RJ;DEL07/RJ;UOP02-DEL07-RJ
774679;06/04/2026;segunda-feira;17:51:00;PA;163;312,2;NOVO PROGRESSO;Reação tardia ou ineficiente do condutor;Colisão traseira;Com Vítimas Feridas;Anoitecer;Crescente;Céu Claro;Simples;Reta;Sim;2;0;1;0;1;1;0;2;-7,0278702;-55,4196079;SPRF-PA;DEL05/PA;UOP03-DEL05-PA
774681;28/05/2026;quinta-feira;14:00:00;ES;101;150,8;LINHARES;Reação tardia ou ineficiente do condutor;Colisão lateral mesmo sentido;Com Vítimas Feridas;Pleno dia;Crescente;Céu Claro;Simples;"Reta;Declive;Interseção de Vias";Sim;4;0;1;0;1;3;0;2;-19,4074127;-40,064127;SPRF-ES;DEL04-ES;UOP01-DEL04-ES
774683;28/05/2026;quinta-feira;14:15:00;PR;277;68,5;SAO JOSE DOS PINHAIS;Manobra de mudança de faixa;Saída de leito carroçável;Com Vítimas Feridas;Pleno dia;Crescente;Céu Claro;Simples;"Em Obras;Reta";Sim;1;0;1;0;1;0;0;1;-25,519766;-49,109537;SPRF-PR;DEL01/PR;UOP01-DEL01-PR
774686;28/05/2026;quinta-feira;14:30:00;PR;277;699;SAO MIGUEL DO IGUACU;Acessar a via sem observar a presença dos outros veículos;Colisão transversal;Com Vítimas Feridas;Pleno dia;Decrescente;Céu Claro;Dupla;"Aclive;Reta";Não;2;0;1;1;2;0;0;2;-25,39418035;-54,30750525;SPRF-PR;DEL05/PR;UOP01-DEL05-PR
774687;28/05/2026;quinta-feira;13:00:00;ES;259;63;COLATINA;Ausência de reação do condutor;Colisão com objeto;Com Vítimas Feridas;Pleno dia;Crescente;Céu Claro;Simples;Reta;Sim;1;0;1;0;1;0;0;1;-19,51714851;-40,71802141;SPRF-ES;DEL02-ES;UOP01-DEL02-ES
774690;21/05/2026;quinta-feira;06:10:00;MG;40;522;CONTAGEM;Trafegar com motocicleta (ou similar) entre as faixas;Colisão traseira;Sem Vítimas;Pleno dia;Crescente;Céu Claro;Dupla;"Curva;Declive";Não;2;0;0;0;0;2;0;2;-19,8607124;-44,071074;SPRF-MG;DEL01/MG;UOP02-DEL01-MG
774692;28/05/2026;quinta-feira;15:25:00;SC;280;30,1;ARAQUARI;Acessar a via sem observar a presença dos outros veículos;Colisão transversal;Sem Vítimas;Pleno dia;Crescente;Céu Claro;Simples;"Em Obras;Reta";Sim;2;0;0;0;0;2;0;2;-26,41470225;-48,76380444;SPRF-SC;DEL03/SC;UOP03-DEL03-SC
774694;28/05/2026;quinta-feira;14:15:00;RJ;101;485;ANGRA DOS REIS;Acessar a via sem observar a presença dos outros veículos;Colisão transversal;Com Vítimas Feridas;Pleno dia;Crescente;Céu Claro;Dupla;"Retorno Regulamentado;Reta;Interseção de Vias";Sim;2;0;1;0;1;1;0;2;-22,984313;-44,296391;SPRF-RJ;DEL03/RJ;UOP03-DEL03-RJ
774696;27/05/2026;quarta-feira;13:30:00;MG;364;34,2;FRUTAL;Velocidade Incompatível;Colisão lateral mesmo sentido;Com Vítimas Fatais;Pleno dia;Decrescente;Céu Claro;Simples;"Aclive;Reta";Não;3;1;0;1;1;0;0;3;-20,001035;-48,948149;SPRF-MG;DEL13/MG;UOP02-DEL13-MG
774697;16/05/2026;sábado;05:20:00;PB;101;85,8;BAYEUX;Reação tardia ou ineficiente do condutor;Colisão lateral mesmo sentido;Com Vítimas Feridas;Pleno dia;Crescente;Céu Claro;Dupla;Curva;Sim;2;0;0;1;1;1;0;2;-7,15011362;-34,91114259;SPRF-PB;DEL01-PB;UOP01-DEL01-PB
774698;28/05/2026;quinta-feira;15:31:00;RJ;116;180;MESQUITA;Manobra de mudança de faixa;Colisão lateral mesmo sentido;Com Vítimas Feridas;Pleno dia;Crescente;Céu Claro;Múltipla;Reta;Sim;2;0;1;0;1;1;0;2;-22,76823582;-43,41364289;SPRF-RJ;DEL06/RJ;UOP01-DEL06-RJ
774701;28/05/2026;quinta-feira;15:20:00;PR;277;211;PALMEIRA;Reação tardia ou ineficiente do condutor;Saída de leito carroçável;Com Vítimas Feridas;Pleno dia;Decrescente;Céu Claro;Simples;"Curva;Aclive";Não;2;0;1;0;1;1;0;1;-25,46838396;-50,32527924;SPRF-PR;DEL08/PR;UOP02-DEL08-PR
774702;28/05/2026;quinta-feira;13:20:00;AC;364;123;RIO BRANCO;Acumulo de areia ou detritos sobre o pavimento;Tombamento;Com Vítimas Feridas;Pleno dia;Crescente;Céu Claro;Dupla;Reta;Sim;1;0;0;1;1;0;0;1;-10,01177991;-67,78195079;SPRF-AC;DEL01-AC;UOP01-DEL01-AC
774703;08/05/2026;sexta-feira;23:30:00;RJ;116;148;DUQUE DE CAXIAS;Ausência de reação do condutor;Colisão traseira;Com Vítimas Feridas;Plena Noite;Decrescente;Céu Claro;Dupla;"Interseção de Vias;Reta";Não;3;0;2;0;2;1;0;2;-22,67218756;-43,28076798;SPRF-RJ;DEL01/RJ;UOP02-DEL01-RJ
774706;28/05/2026;quinta-feira;09:40:00;PR;277;436;VIRMOND;Ausência de reação do condutor;Saída de leito carroçável;Com Vítimas Feridas;Pleno dia;Decrescente;Céu Claro;Simples;Reta;Sim;2;0;1;1;2;0;0;1;-25,37909349;-52,20726371;SPRF-PR;DEL04/PR;UOP02-DEL04-PR
774707;28/05/2026;quinta-feira;15:58:00;MG;365;680;MONTE ALEGRE DE MINAS;Ausência de reação do condutor;Saída de leito carroçável;Com Vítimas Feridas;Pleno dia;Decrescente;Céu Claro;Dupla;Reta;Não;2;0;1;0;1;1;0;1;-18,84932;-48,815649;SPRF-MG;DEL15/MG;UOP01-DEL15-MG
774709;17/05/2026;domingo;04:30:00;RJ;116;307;RESENDE;Ausência de reação do condutor;Colisão traseira;Com Vítimas Feridas;Plena Noite;Decrescente;Céu Claro;Dupla;Reta;Não;3;0;1;1;2;1;0;3;-22,46399321;-44,44761515;SPRF-RJ;DEL07/RJ;UOP02-DEL07-RJ
774712;20/05/2026;quarta-feira;05:57:00;PB;101;88;ALHANDRA;Demais falhas mecânicas ou elétricas;Queda de ocupante de veículo;Com Vítimas Feridas;Pleno dia;Decrescente;Céu Claro;Dupla;"Curva;Declive";Sim;3;0;3;0;3;0;0;2;-7,32477122;-34,94681809;SPRF-PB;DEL01-PB;UOP01-DEL01-PB
774713;28/05/2026;quinta-feira;16:14:00;PB;101;68,2;SANTA RITA;Velocidade Incompatível;Saída de leito carroçável;Com Vítimas Feridas;Pleno dia;Crescente;Céu Claro;Dupla;Reta;Não;1;0;1;0;1;0;0;1;-7,0575377;-35,02637509;SPRF-PB;DEL01-PB;UOP03-DEL01-PB
774714;08/05/2026;sexta-feira;08:22:00;SC;282;429;VARGEM BONITA;Deficiência do Sistema de Iluminação/Sinalização;Colisão traseira;Com Vítimas Feridas;Pleno dia;Decrescente;Nevoeiro/Neblina;Simples;Curva;Não;3;0;2;0;2;1;0;2;-26,981468;-51,786348;SPRF-SC;DEL07/SC;UOP05-DEL07-SC
774715;28/05/2026;quinta-feira;17:05:00;SC;282;0,5;FLORIANOPOLIS;Reação tardia ou ineficiente do condutor;Colisão traseira;Com Vítimas Feridas;Pleno dia;Crescente;Céu Claro;Múltipla;"Reta;Aclive";Não;2;0;1;0;1;1;0;2;-27,60088848;-48,57758403;SPRF-SC;DEL01/SC;UOP01-DEL01-SC
774717;28/05/2026;quinta-feira;13:15:00;MG;40;427,8;PARAOPEBA;Reação tardia ou ineficiente do condutor;Saída de leito carroçável;Com Vítimas Feridas;Pleno dia;Crescente;Céu Claro;Dupla;Reta;Não;1;0;1;0;1;0;0;1;-19,185603;-44,494455;SPRF-MG;DEL02/MG;UOP01-DEL02-MG
774718;28/05/2026;quinta-feira;16:30:00;PR;369;134;IBIPORA;Manobra de mudança de faixa;Saída de leito carroçável;Com Vítimas Feridas;Pleno dia;Decrescente;Céu Claro;Simples;Reta;Sim;1;0;0;1;1;0;0;1;-23,2619463;-51,0241355;SPRF-PR;DEL07/PR;UOP01-DEL07-PR
774719;28/05/2026;quinta-feira;14:44:00;RO;425;82;NOVA MAMORE;Ausência de reação do condutor;Colisão transversal;Com Vítimas Feridas;Pleno dia;Crescente;Céu Claro;Simples;"Interseção de Vias;Reta";Sim;2;0;1;0;1;1;0;2;-10,41837832;-65,33370763;SPRF-RO;DEL01-RO;UOP03-DEL01-RO
774720;28/05/2026;quinta-feira;16:50:00;ES;101;204,7;JOAO NEIVA;Acessar a via sem observar a presença dos outros veículos;Colisão transversal;Com Vítimas Feridas;Anoitecer;Decrescente;Céu Claro;Simples;Retorno Regulamentado;Sim;2;0;1;0;1;1;0;2;-19,75599168;-40,37996918;SPRF-ES;DEL02-ES;UOP01-DEL02-ES
774723;28/05/2026;quinta-feira;17:00:00;GO;70;8;AGUAS LINDAS DE GOIAS;Condutor deixou de manter distância do veículo da frente;Colisão traseira;Com Vítimas Feridas;Pleno dia;Crescente;Céu Claro;Dupla;Reta;Sim;2;0;1;0;1;1;0;2;-15,73675567;-48,27472723;SPRF-DF;DEL03-DF;UOP02-DEL03-DF
774725;28/05/2026;quinta-feira;17:35:00;RS;470;224,4;GARIBALDI;Transitar no Acostamento;Tombamento;Com Vítimas Feridas;Anoitecer;Decrescente;Nublado;Simples;"Retorno Regulamentado;Reta";Sim;1;0;1;0;1;0;0;1;-29,242606;-51,517463;SPRF-RS;DEL06/RS;UOP01-DEL06-RS
774726;28/05/2026;quinta-feira;17:25:00;SC;101;124,7;ITAJAI;Reação tardia ou ineficiente do condutor;Colisão traseira;Com Vítimas Feridas;Anoitecer;Decrescente;Céu Claro;Múltipla;Reta;Sim;2;0;2;0;2;0;0;2;-26,946868;-48,685127;SPRF-SC;DEL04/SC;UOP04-DEL04-SC
774727;10/04/2026;sexta-feira;18:00:00;PB;0;0;JOAO PESSOA;Manobra de mudança de faixa;Colisão lateral mesmo sentido;Sem Vítimas;Plena Noite;Não Informado;Céu Claro;Múltipla;"Interseção de Vias;Rotatória";Sim;3;0;0;0;0;2;0;3;-7,16503362;-34,86292362;SPRF-PB;DEL01-PB;UOP01-DEL01-PB
774728;28/05/2026;quinta-feira;18:05:00;RJ;356;147;CAMPOS DOS GOYTACAZES;Acessar a via sem observar a presença dos outros veículos;Colisão transversal;Com Vítimas Feridas;Anoitecer;Crescente;Céu Claro;Simples;"Reta;Interseção de Vias";Sim;2;0;1;1;2;0;0;2;-21,775581;-41,286207;SPRF-RJ;DEL08/RJ;UOP02-DEL08-RJ
774729;28/05/2026;quinta-feira;18:00:00;RS;470;222,4;GARIBALDI;Transitar no Acostamento;Colisão transversal;Com Vítimas Feridas;Anoitecer;Decrescente;Nublado;Múltipla;"Retorno Regulamentado;Reta";Sim;2;0;1;0;1;1;0;2;-29,227352;-51,51615;SPRF-RS;DEL06/RS;UOP01-DEL06-RS
774730;28/05/2026;quinta-feira;16:40:00;AP;210;54;FERREIRA GOMES;Acumulo de óleo sobre o pavimento;Tombamento;Com Vítimas Feridas;Pleno dia;Crescente;Chuva;Simples;Reta;Não;2;0;2;0;2;0;0;1;0,4684;-51,0806;SPRF-AP;DEL01-AP;UOP01-DEL01-AP
774731;28/05/2026;quinta-feira;17:40:00;SC;101;150;ITAPEMA;Trafegar com motocicleta (ou similar) entre as faixas;Colisão lateral mesmo sentido;Com Vítimas Feridas;Anoitecer;Decrescente;Céu Claro;Dupla;Reta;Sim;2;0;1;0;1;1;0;2;-27,11844;-48,60914;SPRF-SC;DEL04/SC;UOP03-DEL04-SC
774732;28/05/2026;quinta-feira;18:00:00;RJ;101;205;CASIMIRO DE ABREU;Ausência de reação do condutor;Colisão traseira;Com Vítimas Feridas;Plena Noite;Crescente;Céu Claro;Simples;Reta;Sim;2;0;1;0;1;1;0;2;-22,47571;-42,19278;SPRF-RJ;DEL08/RJ;UOP04-DEL08-RJ
774734;28/05/2026;quinta-feira;17:30:00;PR;376;497;PONTA GROSSA;Ausência de reação do condutor;Colisão traseira;Com Vítimas Feridas;Anoitecer;Decrescente;Nublado;Simples;Interseção de Vias;Sim;3;0;1;1;2;1;0;2;-25,173745;-50,104192;SPRF-PR;DEL03/PR;UOP03-DEL03-PR
774735;27/05/2026;quarta-feira;08:40:00;RJ;116;184;NOVA IGUACU;Ausência de reação do condutor;Colisão traseira;Com Vítimas Feridas;Pleno dia;Decrescente;Céu Claro;Dupla;Reta;Sim;2;0;1;0;1;1;0;2;-22,76236041;-43,42206415;SPRF-RJ;DEL06/RJ;UOP01-DEL06-RJ
774736;28/05/2026;quinta-feira;17:15:00;GO;40;2;VALPARAISO DE GOIAS;Manobra de mudança de faixa;Colisão lateral mesmo sentido;Com Vítimas Fatais;Pleno dia;Decrescente;Céu Claro;Dupla;Reta;Sim;2;1;0;0;0;1;0;2;-16,0719;-47,98449;SPRF-DF;DEL01-DF;UOP01-DEL01-DF
774737;28/05/2026;quinta-feira;17:30:00;PE;428;188;PETROLINA;Condutor deixou de manter distância do veículo da frente;Colisão lateral mesmo sentido;Com Vítimas Feridas;Plena Noite;Decrescente;Céu Claro;Múltipla;Retorno Regulamentado;Sim;2;0;1;0;1;1;0;2;-9,36509936;-40,48335163;SPRF-PE;DEL06/PE;UOP01-DEL06-PE
774738;28/05/2026;quinta-feira;18:35:00;SC;101;338,5;TUBARAO;Ausência de reação do condutor;Colisão traseira;Com Vítimas Feridas;Plena Noite;Decrescente;Céu Claro;Dupla;"Reta;Aclive";Não;2;0;1;0;1;1;0;2;-28,5084437;-49,05005012;SPRF-SC;DEL02/SC;UOP01-DEL02-SC
774739;28/05/2026;quinta-feira;16:35:00;MG;116;515,1;UBAPORANGA;Pista Escorregadia;Tombamento;Com Vítimas Feridas;Pleno dia;Crescente;Nublado;Simples;Curva;Não;1;0;1;0;1;0;0;1;-19,691857;-42,117162;SPRF-MG;DEL06/MG;UOP02-DEL06-MG
774740;28/05/2026;quinta-feira;17:40:00;CE;116;46,1;PACAJUS;Acessar a via sem observar a presença dos outros veículos;Colisão transversal;Com Vítimas Feridas;Anoitecer;Decrescente;Céu Claro;Dupla;Retorno Regulamentado;Sim;3;0;1;1;2;1;0;2;-4,14818947;-38,47746313;SPRF-CE;DEL01/CE;UOP02-DEL01-CE
774742;24/04/2026;sexta-feira;19:30:00;RJ;101;236;SILVA JARDIM;Acessar a via sem observar a presença dos outros veículos;Atropelamento de Pedestre;Com Vítimas Fatais;Plena Noite;Decrescente;Céu Claro;Dupla;Reta;Sim;2;1;0;1;1;0;0;2;-22,61419905;-42,41143227;SPRF-RJ;DEL02/RJ;UOP03-DEL02-RJ
774743;28/05/2026;quinta-feira;18:30:00;SC;101;338,2;TUBARAO;Ausência de reação do condutor;Colisão traseira;Com Vítimas Feridas;Plena Noite;Decrescente;Céu Claro;Múltipla;"Viaduto;Reta";Não;3;0;1;0;1;2;0;3;-28,50710639;-49,04957771;SPRF-SC;DEL02/SC;UOP01-DEL02-SC
774746;28/05/2026;quinta-feira;19:00:00;PR;369;159;CAMBE;Ausência de reação do condutor;Engavetamento;Sem Vítimas;Plena Noite;Crescente;Céu Claro;Dupla;"Reta;Aclive";Sim;3;0;0;0;0;3;0;3;-23,28455745;-51,24207973;SPRF-PR;DEL07/PR;UOP01-DEL07-PR
774748;28/05/2026;quinta-feira;17:30:00;RO;364;3,1;JI-PARANA;Frear bruscamente;Queda de ocupante de veículo;Com Vítimas Feridas;Pleno dia;Crescente;Céu Claro;Simples;Rotatória;Não;2;0;1;0;1;1;0;1;-10,8868093;-61,98773257;SPRF-RO;DEL04-RO;UOP01-DEL04-RO
774750;28/05/2026;quinta-feira;19:36:00;SP;116;216;GUARULHOS;Ausência de reação do condutor;Colisão traseira;Com Vítimas Feridas;Plena Noite;Crescente;Nublado;Múltipla;"Aclive;Reta";Sim;3;0;2;0;2;0;0;2;-23,455197;-46,474663;SPRF-SP;DEL01/SP;UOP01-DEL01-SP
774751;28/05/2026;quinta-feira;18:30:00;RJ;101;478;ANGRA DOS REIS;Transitar no Acostamento;Colisão traseira;Com Vítimas Feridas;Anoitecer;Decrescente;Garoa/Chuvisco;Simples;Reta;Não;3;0;1;0;1;2;0;3;-23,00252172;-44,2707704;SPRF-RJ;DEL03/RJ;UOP03-DEL03-RJ
774754;28/05/2026;quinta-feira;19:00:00;SP;381;82;SAO PAULO;Demais falhas mecânicas ou elétricas;Incêndio;Sem Vítimas;Plena Noite;Crescente;Céu Claro;Dupla;Reta;Sim;1;0;0;0;0;1;0;1;-23,44181784;-46,56815958;SPRF-SP;DEL03/SP;UOP01-DEL03-SP
774755;30/04/2026;quinta-feira;13:30:00;GO;60;162,1;GOIANIA;Reação tardia ou ineficiente do condutor;Colisão traseira;Com Vítimas Feridas;Pleno dia;Crescente;Céu Claro;Dupla;"Declive;Viaduto";Sim;2;0;0;1;1;1;0;2;-16,70544429;-49,34507132;SPRF-GO;DEL01/GO;UOP02-DEL01-GO
774756;28/05/2026;quinta-feira;19:30:00;DF;40;1;BRASILIA;Ingestão de álcool pelo condutor;Colisão traseira;Sem Vítimas;Plena Noite;Crescente;Céu Claro;Dupla;Reta;Sim;8;0;0;0;0;8;0;4;-15,986576;-47,98752;SPRF-DF;DEL01-DF;UOP01-DEL01-DF
774757;28/05/2026;quinta-feira;19:55:00;SC;470;65,9;BLUMENAU;Condutor deixou de manter distância do veículo da frente;Colisão com objeto;Com Vítimas Feridas;Plena Noite;Crescente;Céu Claro;Dupla;Reta;Não;1;0;1;0;1;0;0;1;-26,8627451;-49,0919052;SPRF-SC;DEL04/SC;UOP01-DEL04-SC
774758;28/05/2026;quinta-feira;18:45:00;PE;423;85,3;SAO JOAO;Condutor deixou de manter distância do veículo da frente;Colisão traseira;Com Vítimas Feridas;Plena Noite;Decrescente;Nublado;Simples;Reta;Não;3;0;1;0;1;1;0;2;-8,808853;-36,442995;SPRF-PE;DEL03/PE;UOP01-DEL03-PE
774760;28/05/2026;quinta-feira;18:10:00;MG;116;414;GOVERNADOR VALADARES;Ausência de reação do condutor;Tombamento;Com Vítimas Feridas;Plena Noite;Crescente;Céu Claro;Simples;Reta;Sim;2;0;1;0;1;0;0;2;-18,8864725;-41,94648743;SPRF-MG;DEL06/MG;UOP01-DEL06-MG
774761;28/05/2026;quinta-feira;18:30:00;RS;116;258;ESTEIO;Ausência de reação do condutor;Colisão traseira;Com Vítimas Feridas;Anoitecer;Crescente;Céu Claro;Dupla;Reta;Sim;2;0;1;0;1;0;0;2;-29,85647184;-51,18042178;SPRF-RS;DEL01/RS;UOP02-DEL01-RS
774765;28/05/2026;quinta-feira;18:20:00;RJ;40;120;DUQUE DE CAXIAS;Trafegar com motocicleta (ou similar) entre as faixas;Colisão traseira;Com Vítimas Feridas;Plena Noite;Decrescente;Céu Claro;Múltipla;Reta;Sim;3;0;0;2;2;1;0;2;-22,7967725;-43,3043291;SPRF-RJ;DEL01/RJ;UOP02-DEL01-RJ
774766;28/05/2026;quinta-feira;18:20:00;GO;414;438;ANAPOLIS;Condutor deixou de manter distância do veículo da frente;Colisão traseira;Sem Vítimas;Plena Noite;Crescente;Céu Claro;Simples;"Reta;Declive";Não;2;0;0;0;0;2;0;2;-16,26735037;-48,93922895;SPRF-GO;DEL02/GO;UOP01-DEL02-GO
774767;28/05/2026;quinta-feira;20:15:00;PE;101;85,9;JABOATAO DOS GUARARAPES;Entrada inopinada do pedestre;Atropelamento de Pedestre;Com Vítimas Feridas;Plena Noite;Decrescente;Nublado;Dupla;"Aclive;Reta";Não;2;0;1;1;2;0;0;2;-8,1874351;-34,9723695;SPRF-PE;DEL01/PE;UOP01-DEL01-PE
774768;28/05/2026;quinta-feira;20:20:00;GO;414;439,9;ANAPOLIS;Manobra de mudança de faixa;Colisão lateral mesmo sentido;Com Vítimas Feridas;Plena Noite;Decrescente;Céu Claro;Simples;Reta;Sim;2;0;0;1;1;1;0;2;-16,28081207;-48,94237217;SPRF-GO;DEL02/GO;UOP01-DEL02-GO
774769;28/05/2026;quinta-feira;17:30:00;PR;153;162;VENTANIA;Conversão proibida;Colisão frontal;Com Vítimas Fatais;Anoitecer;Crescente;Céu Claro;Simples;Curva;Sim;3;1;0;0;0;2;0;2;-24,242144;-50,238391;SPRF-PR;DEL03/PR;UOP02-DEL03-PR
774770;28/05/2026;quinta-feira;20:45:00;SC;101;132;BALNEARIO CAMBORIU;Condutor deixou de manter distância do veículo da frente;Colisão traseira;Com Vítimas Feridas;Plena Noite;Decrescente;Nublado;Dupla;Reta;Sim;2;0;1;0;1;1;0;2;-26,99808937;-48,64915458;SPRF-SC;DEL04/SC;UOP03-DEL04-SC
774771;28/05/2026;quinta-feira;19:50:00;SP;101;16,8;UBATUBA;Conversão proibida;Colisão transversal;Sem Vítimas;Plena Noite;Decrescente;Chuva;Simples;Curva;Sim;2;0;0;0;0;1;0;2;-23,33656016;-44,87971252;SPRF-SP;DEL06/SP;UOP01-DEL06-SP
774773;28/05/2026;quinta-feira;20:30:00;PR;153;354;REBOUCAS;Demais falhas mecânicas ou elétricas;Incêndio;Sem Vítimas;Plena Noite;Decrescente;Céu Claro;Simples;Reta;Não;2;0;0;0;0;1;0;1;-25,64543463;-50,73120984;SPRF-PR;DEL08/PR;UOP02-DEL08-PR
774775;28/05/2026;quinta-feira;19:00:00;GO;153;583;PROFESSOR JAMIL;Animais na Pista;Atropelamento de Animal;Com Vítimas Feridas;Plena Noite;Crescente;Céu Claro;Dupla;Declive;Não;2;0;1;0;1;1;0;1;-17,31977047;-49,24327612;SPRF-GO;DEL03/GO;UOP01-DEL03-GO
774776;28/05/2026;quinta-feira;19:30:00;SC;101;297;IMBITUBA;Acessar a via sem observar a presença dos outros veículos;Colisão frontal;Com Vítimas Feridas;Plena Noite;Decrescente;Céu Claro;Simples;Reta;Sim;2;0;0;1;1;1;0;2;-28,31930877;-48,72751096;SPRF-SC;DEL02/SC;UOP03-DEL02-SC
774777;28/05/2026;quinta-feira;19:30:00;SP;116;121;CACAPAVA;Pedestre andava na pista;Colisão traseira;Com Vítimas Feridas;Plena Noite;Crescente;Céu Claro;Dupla;Reta;Não;2;0;0;1;1;1;0;2;-23,08196868;-45,66128213;SPRF-SP;DEL02/SP;UOP02-DEL02-SP
774779;28/05/2026;quinta-feira;17:25:00;MT;70;260;PRIMAVERA DO LESTE;Ingestão de álcool pelo condutor;Saída de leito carroçável;Com Vítimas Feridas;Plena Noite;Decrescente;Céu Claro;Simples;Curva;Não;7;0;4;1;5;2;0;1;-15,613515;-54,187377;SPRF-MT;DEL05/MT;UOP01-DEL05-MT
774781;28/05/2026;quinta-feira;20:30:00;PE;101;81;JABOATAO DOS GUARARAPES;Condutor deixou de manter distância do veículo da frente;Colisão traseira;Com Vítimas Feridas;Plena Noite;Decrescente;Ignorado;Dupla;Reta;Sim;2;0;0;1;1;1;0;2;-8,16403685;-34,93887234;SPRF-PE;DEL01/PE;UOP01-DEL01-PE
774782;28/05/2026;quinta-feira;21:30:00;PB;230;27;BAYEUX;Acumulo de areia ou detritos sobre o pavimento;Tombamento;Com Vítimas Feridas;Plena Noite;Crescente;Céu Claro;Dupla;"Curva;Viaduto";Sim;1;0;1;0;1;0;0;1;-7,11068928;-34,895111;SPRF-PB;DEL01-PB;UOP01-DEL01-PB
774783;28/05/2026;quinta-feira;21:00:00;SP;101;45,7;UBATUBA;Reação tardia ou ineficiente do condutor;Colisão com objeto;Com Vítimas Feridas;Plena Noite;Decrescente;Nublado;Simples;Reta;Sim;1;0;1;0;1;0;0;1;-23,423788;-45,074773;SPRF-SP;DEL06/SP;UOP01-DEL06-SP
774784;27/05/2026;quarta-feira;03:25:00;RJ;101;201;CASIMIRO DE ABREU;Frear bruscamente;Colisão traseira;Com Vítimas Feridas;Plena Noite;Decrescente;Nublado;Simples;Reta;Não;2;0;1;0;1;1;0;2;-22,47578581;-42,16940615;SPRF-RJ;DEL08/RJ;UOP04-DEL08-RJ
774785;28/05/2026;quinta-feira;19:23:00;MT;163;853;SINOP;Acessar a via sem observar a presença dos outros veículos;Colisão transversal;Com Vítimas Feridas;Plena Noite;Crescente;Ignorado;Simples;Reta;Sim;3;0;1;0;1;2;0;2;-11,70639742;-55,45495784;SPRF-MT;DEL06/MT;UOP02-DEL06-MT
774786;28/05/2026;quinta-feira;21:40:00;PR;376;2,6;APUCARANA;Acessar a via sem observar a presença dos outros veículos;Colisão transversal;Com Vítimas Feridas;Plena Noite;Decrescente;Céu Claro;Simples;Reta;Não;2;0;0;1;1;1;0;2;-23,561685;-51,434537;SPRF-PR;DEL07/PR;UOP03-DEL07-PR
774789;28/05/2026;quinta-feira;21:40:00;MA;10;255;IMPERATRIZ;Conversão proibida;Colisão transversal;Com Vítimas Feridas;Plena Noite;Crescente;Céu Claro;Simples;Reta;Sim;6;0;2;0;2;4;0;2;-5,5045333;-47,4717483;SPRF-MA;DEL04-MA;UOP01-DEL04-MA
774791;28/05/2026;quinta-feira;23:00:00;MA;10;258;IMPERATRIZ;Reação tardia ou ineficiente do condutor;Tombamento;Com Vítimas Feridas;Plena Noite;Crescente;Céu Claro;Simples;Reta;Sim;1;0;1;0;1;0;0;1;-5,4789113;-47,4720777;SPRF-MA;DEL04-MA;UOP01-DEL04-MA