id;data_inversa;dia_semana;horario;uf;br;km;municipio;causa_acidente;tipo_acidente;classificacao_acidente;fase_dia;sentido_via;condicao_metereologica;tipo_pista;tracado_via;uso_solo;pessoas;mortos;feridos_leves;feridos_graves;feridos;ilesos;ignorados;veiculos;latitude;longitude;regional;delegacia;uop
774794;28/05/2026;quinta-feira;23:10:00;MG;262;37,6;MANHUACU;Ausência de reação do condutor;Tombamento;Com Vítimas Feridas;Plena Noite;Crescente;Céu Claro;Simples;Reta;Sim;1;0;1;0;1;0;0;1;-20,27248058;-42,04325551;SPRF-MG;DEL06/MG;UOP03-DEL06-MG
774795;28/05/2026;quinta-feira;22:30:00;MG;50;173;UBERABA;Ingestão de álcool pelo condutor;Colisão traseira;Sem Vítimas;Plena Noite;Decrescente;Céu Claro;Dupla;Reta;Sim;3;0;0;0;0;3;0;2;-19,75934197;-47,97845062;SPRF-MG;DEL13/MG;UOP01-DEL13-MG
774796;28/05/2026;quinta-feira;23:50:00;SP;116;223;GUARULHOS;Acessar a via sem observar a presença dos outros veículos;Queda de ocupante de veículo;Com Vítimas Feridas;Plena Noite;Decrescente;Nublado;Múltipla;Reta;Não;1;0;1;0;1;0;0;1;-23,47760498;-46,52753893;SPRF-SP;DEL01/SP;UOP01-DEL01-SP
774797;28/05/2026;quinta-feira;21:35:00;RS;116;82,6;CAMPESTRE DA SERRA;Reação tardia ou ineficiente do condutor;Saída de leito carroçável;Com Vítimas Feridas;Plena Noite;Crescente;Nublado;Simples;Reta;Sim;2;0;1;0;1;1;0;1;-28,81751;-51,11065;SPRF-RS;DEL05/RS;UOP03-DEL05-RS
774798;28/05/2026;quinta-feira;23:20:00;SC;101;145;ITAPEMA;Condutor deixou de manter distância do veículo da frente;Colisão traseira;Com Vítimas Feridas;Plena Noite;Crescente;Céu Claro;Dupla;Reta;Sim;2;0;1;0;1;1;0;2;-27,08359;-48,60437;SPRF-SC;DEL04/SC;UOP03-DEL04-SC
774799;28/05/2026;quinta-feira;22:30:00;SC;101;213,3;PALHOCA;Acesso irregular;Colisão lateral sentido oposto;Com Vítimas Feridas;Plena Noite;Decrescente;Céu Claro;Dupla;"Interseção de Vias;Reta";Não;2;0;1;0;1;1;0;2;-27,6396;-48,66654;SPRF-SC;DEL01/SC;UOP02-DEL01-SC
774800;28/05/2026;quinta-feira;19:00:00;SP;459;30,8;LORENA;Transitar na contramão;Colisão frontal;Com Vítimas Feridas;Plena Noite;Decrescente;Céu Claro;Simples;Reta;Sim;3;0;0;1;1;1;0;3;-22,730934;-45,099864;SPRF-SP;DEL08/SP;UOP02-DEL08-SP
774801;29/05/2026;sexta-feira;00:28:00;PE;101;48,2;ABREU E LIMA;Manobra de mudança de faixa;Colisão traseira;Com Vítimas Feridas;Plena Noite;Crescente;Céu Claro;Dupla;Reta;Sim;2;0;2;0;2;0;0;2;-7,8956083;-34,9028067;SPRF-PE;DEL01/PE;UOP02-DEL01-PE
774802;28/05/2026;quinta-feira;23:10:00;PI;20;359;MONSENHOR HIPOLITO;Condutor Dormindo;Capotamento;Com Vítimas Feridas;Plena Noite;Decrescente;Céu Claro;Simples;Reta;Não;1;0;0;1;1;0;0;1;-6,851912;-41,067072;SPRF-PI;DEL04-PI;UOP01-DEL04-PI
774803;28/05/2026;quinta-feira;16:30:00;PR;163;337;GUAIRA;Reação tardia ou ineficiente do condutor;Saída de leito carroçável;Com Vítimas Feridas;Pleno dia;Crescente;Céu Claro;Simples;Reta;Não;2;0;1;0;1;1;0;1;-24,166825;-54,223343;SPRF-PR;DEL06/PR;UOP01-DEL06-PR
774805;29/05/2026;sexta-feira;01:30:00;MG;381;502,5;BETIM;Animais na Pista;Atropelamento de Animal;Sem Vítimas;Plena Noite;Decrescente;Céu Claro;Dupla;Curva;Sim;3;0;0;0;0;3;0;1;-20,01880328;-44,22745792;SPRF-MG;DEL01/MG;UOP03-DEL01-MG
774807;29/05/2026;sexta-feira;01:00:00;RS;116;130;SAO MARCOS;Condutor Dormindo;Saída de leito carroçável;Com Vítimas Feridas;Plena Noite;Crescente;Céu Claro;Simples;Curva;Não;1;0;1;0;1;0;0;1;-29,03642832;-51,09155148;SPRF-RS;DEL05/RS;UOP01-DEL05-RS
774810;29/05/2026;sexta-feira;00:55:00;MG;40;615;CONGONHAS;Ingestão de álcool pelo condutor;Colisão frontal;Sem Vítimas;Plena Noite;Crescente;Céu Claro;Simples;Curva;Sim;2;0;0;0;0;2;0;2;-20,533375;-43,822576;SPRF-MG;DEL05/MG;UOP02-DEL05-MG
774811;29/05/2026;sexta-feira;02:40:00;RS;101;49;TERRA DE AREIA;Ingestão de álcool pelo condutor;Saída de leito carroçável;Sem Vítimas;Plena Noite;Decrescente;Céu Claro;Dupla;Reta;Não;3;0;0;0;0;3;0;1;-29,602662;-50,082582;SPRF-RS;DEL03/RS;UOP02-DEL03-RS
774813;29/05/2026;sexta-feira;03:30:00;MG;40;545,9;NOVA LIMA;Suicídio (presumido);Sinistro pessoal de trânsito;Com Vítimas Feridas;Plena Noite;Crescente;Céu Claro;Dupla;"Viaduto;Reta";Sim;2;0;0;1;1;0;0;2;-20,01211666;-43,96759999;SPRF-MG;DEL01/MG;UOP02-DEL01-MG
774814;28/05/2026;quinta-feira;22:25:00;RJ;101;313;SAO GONCALO;Ausência de reação do condutor;Queda de ocupante de veículo;Com Vítimas Feridas;Plena Noite;Decrescente;Nublado;Dupla;Reta;Sim;1;0;1;0;1;0;0;1;-22,81068179;-43,06981118;SPRF-RJ;DEL02/RJ;UOP02-DEL02-RJ
774815;29/05/2026;sexta-feira;05:00:00;MG;40;553,3;NOVA LIMA;Afundamento ou ondulação no pavimento;Tombamento;Com Vítimas Feridas;Plena Noite;Crescente;Céu Claro;Dupla;"Declive;Curva";Sim;1;0;1;0;1;0;0;1;-20,06704211;-43,97993982;SPRF-MG;DEL01/MG;UOP02-DEL01-MG
774819;28/05/2026;quinta-feira;11:52:00;GO;153;197;URUACU;Reação tardia ou ineficiente do condutor;Engavetamento;Sem Vítimas;Pleno dia;Decrescente;Céu Claro;Simples;Reta;Sim;5;0;0;0;0;5;0;3;-14,51534736;-49,15100473;SPRF-GO;DEL07/GO;UOP02-DEL07-GO
774820;29/05/2026;sexta-feira;06:30:00;MG;40;549,2;NOVA LIMA;Ausência de reação do condutor;Colisão traseira;Com Vítimas Feridas;Pleno dia;Crescente;Céu Claro;Dupla;Reta;Não;2;0;1;0;1;1;0;2;-20,04474;-43,96796;SPRF-MG;DEL01/MG;UOP02-DEL01-MG
774821;29/05/2026;sexta-feira;06:26:00;PE;101;81;JABOATAO DOS GUARARAPES;Condutor deixou de manter distância do veículo da frente;Colisão traseira;Com Vítimas Feridas;Pleno dia;Crescente;Céu Claro;Múltipla;Reta;Sim;2;0;1;0;1;1;0;2;-8,1653723;-34,9392398;SPRF-PE;DEL01/PE;UOP01-DEL01-PE
774823;29/05/2026;sexta-feira;05:10:00;PR;277;678;MEDIANEIRA;Ingestão de álcool pelo condutor;Saída de leito carroçável;Com Vítimas Feridas;Plena Noite;Decrescente;Céu Claro;Dupla;"Reta;Declive";Não;2;0;2;0;2;0;0;1;-25,307056;-54,138962;SPRF-PR;DEL05/PR;UOP01-DEL05-PR
774824;29/05/2026;sexta-feira;06:00:00;RJ;393;284;VOLTA REDONDA;Ultrapassagem Indevida;Colisão frontal;Com Vítimas Feridas;Amanhecer;Crescente;Nublado;Simples;Curva;Não;2;0;0;2;2;0;0;2;-22,498171;-44,072833;SPRF-RJ;DEL05/RJ;UOP04-DEL05-RJ
774825;29/05/2026;sexta-feira;07:30:00;SC;280;130;RIO NEGRINHO;Acessar a via sem observar a presença dos outros veículos;Colisão lateral mesmo sentido;Com Vítimas Feridas;Pleno dia;Crescente;Céu Claro;Simples;"Declive;Reta";Não;2;0;0;1;1;1;0;2;-26,25407615;-49,53432497;SPRF-SC;DEL06/SC;UOP03-DEL06-SC
774826;29/05/2026;sexta-feira;06:43:00;RJ;101;305;SAO GONCALO;Ausência de reação do condutor;Colisão traseira;Com Vítimas Feridas;Amanhecer;Decrescente;Céu Claro;Dupla;Reta;Sim;3;0;2;0;2;1;0;2;-22,78825399;-43,00140945;SPRF-RJ;DEL02/RJ;UOP02-DEL02-RJ
774827;29/05/2026;sexta-feira;07:45:00;SC;101;196,5;BIGUACU;Avarias e/ou desgaste excessivo no pneu;Tombamento;Com Vítimas Feridas;Pleno dia;Decrescente;Céu Claro;Múltipla;Curva;Sim;2;0;2;0;2;0;0;1;-27,51388;-48,64001;SPRF-SC;DEL01/SC;UOP01-DEL01-SC
774829;28/05/2026;quinta-feira;19:10:00;RO;364;346;JI-PARANA;Retorno proibido;Colisão transversal;Com Vítimas Feridas;Plena Noite;Crescente;Céu Claro;Dupla;Reta;Sim;2;0;1;0;1;1;0;2;-10,864783;-61,97008;SPRF-RO;DEL02-RO;UOP01-DEL02-RO
774830;29/05/2026;sexta-feira;07:00:00;RJ;101;312;SAO GONCALO;Manobra de mudança de faixa;Colisão lateral mesmo sentido;Com Vítimas Feridas;Pleno dia;Crescente;Nublado;Dupla;Reta;Sim;2;0;1;0;1;1;0;2;-22,8046529;-43,06055048;SPRF-RJ;DEL02/RJ;UOP02-DEL02-RJ
774831;29/05/2026;sexta-feira;07:30:00;PR;277;590,2;CASCAVEL;Ausência de reação do condutor;Tombamento;Com Vítimas Feridas;Pleno dia;Crescente;Céu Claro;Simples;"Declive;Reta";Não;1;0;1;0;1;0;0;1;-24,9722664;-53,4356932;SPRF-PR;DEL04/PR;UOP01-DEL04-PR
774834;29/05/2026;sexta-feira;07:45:00;RS;472;580;URUGUAIANA;Condutor deixou de manter distância do veículo da frente;Colisão traseira;Com Vítimas Feridas;Pleno dia;Crescente;Chuva;Simples;Rotatória;Não;2;0;1;0;1;1;0;2;-29,788415;-57,090182;SPRF-RS;DEL13/RS;UOP01-DEL13-RS
774835;29/05/2026;sexta-feira;08:00:00;SP;116;156;SAO JOSE DOS CAMPOS;Condutor deixou de manter distância do veículo da frente;Colisão traseira;Com Vítimas Feridas;Pleno dia;Decrescente;Nublado;Múltipla;Reta;Sim;2;0;0;1;1;1;0;2;-23,24920286;-45,93305469;SPRF-SP;DEL02/SP;UOP01-DEL02-SP
774836;29/05/2026;sexta-feira;06:10:00;RO;364;426;JARU;Ingestão de álcool pelo condutor;Colisão lateral mesmo sentido;Com Vítimas Feridas;Amanhecer;Decrescente;Céu Claro;Simples;"Interseção de Vias;Declive";Sim;3;0;0;1;1;2;0;2;-10,43254529;-62,47989639;SPRF-RO;DEL03-RO;UOP02-DEL03-RO
774837;29/05/2026;sexta-feira;00:20:00;MS;60;417,9;SIDROLANDIA;Reação tardia ou ineficiente do condutor;Tombamento;Com Vítimas Feridas;Plena Noite;Crescente;Céu Claro;Simples;Reta;Não;1;0;1;0;1;0;0;1;-20,899702;-54,909973;SPRF-MS;DEL01/MS;UOP04-DEL01-MS
774842;29/05/2026;sexta-feira;07:45:00;BA;324;530;FEIRA DE SANTANA;Frear bruscamente;Saída de leito carroçável;Com Vítimas Feridas;Pleno dia;Decrescente;Nublado;Dupla;Curva;Não;2;0;1;0;1;1;0;1;-12,30803523;-38,88557435;SPRF-BA;DEL11/BA;UOP02-DEL11-BA
774843;29/05/2026;sexta-feira;08:25:00;RS;386;43;SEBERI;Reação tardia ou ineficiente do condutor;Saída de leito carroçável;Com Vítimas Feridas;Pleno dia;Decrescente;Nevoeiro/Neblina;Simples;Reta;Não;2;0;1;1;2;0;0;1;-27,43025;-53,42076;SPRF-RS;DEL08/RS;UOP02-DEL08-RS
774844;29/05/2026;sexta-feira;08:00:00;RJ;493;22;MAGE;Transitar no Acostamento;Colisão transversal;Com Vítimas Feridas;Pleno dia;Decrescente;Céu Claro;Dupla;Reta;Não;2;0;1;0;1;1;0;2;-22,65715273;-43,06900833;SPRF-RJ;DEL04/RJ;UOP02-DEL04-RJ
774845;29/05/2026;sexta-feira;08:20:00;SP;116;293;ITAPECERICA DA SERRA;Trafegar com motocicleta (ou similar) entre as faixas;Colisão transversal;Com Vítimas Feridas;Pleno dia;Decrescente;Céu Claro;Dupla;Reta;Sim;4;0;1;0;1;3;0;2;-23,7755638;-46,9147897;SPRF-SP;DEL04/SP;UOP01-DEL04-SP
774847;29/05/2026;sexta-feira;05:30:00;RO;425;125;GUAJARA-MIRIM;Ausência de reação do condutor;Queda de ocupante de veículo;Com Vítimas Feridas;Amanhecer;Decrescente;Céu Claro;Dupla;Reta;Sim;1;0;0;1;1;0;0;1;-10,76753805;-65,31918079;SPRF-RO;DEL01-RO;UOP03-DEL01-RO
774848;29/05/2026;sexta-feira;09:20:00;SP;116;231;SAO PAULO;Condutor deixou de manter distância do veículo da frente;Colisão traseira;Com Vítimas Feridas;Pleno dia;Crescente;Céu Claro;Múltipla;Reta;Sim;3;0;1;0;1;2;0;2;-23,520431;-46,584009;SPRF-SP;DEL01/SP;UOP01-DEL01-SP
774849;29/05/2026;sexta-feira;05:55:00;AP;156;471;TARTARUGALZINHO;Ingestão de álcool pelo condutor;Colisão com objeto;Com Vítimas Feridas;Amanhecer;Crescente;Chuva;Simples;Reta;Sim;6;0;4;0;4;1;0;2;1,50027771;-50,91114879;SPRF-AP;DEL01-AP;UOP02-DEL01-AP
774850;29/05/2026;sexta-feira;09:20:00;MG;381;394,8;BOM JESUS DO AMPARO;Ausência de reação do condutor;Colisão com objeto;Com Vítimas Feridas;Pleno dia;Decrescente;Céu Claro;Dupla;Curva;Sim;1;0;1;0;1;0;0;1;-19,74705;-43,49295;SPRF-MG;DEL01/MG;UOP01-DEL01-MG
774851;29/05/2026;sexta-feira;09:00:00;PE;104;66;CARUARU;Reação tardia ou ineficiente do condutor;Colisão com objeto;Sem Vítimas;Pleno dia;Decrescente;Nublado;Dupla;"Retorno Regulamentado;Reta";Sim;1;0;0;0;0;1;0;1;-8,2859016;-35,9840283;SPRF-PE;DEL02/PE;UOP01-DEL02-PE
774852;29/05/2026;sexta-feira;07:45:00;MG;365;513,8;MONTE CARMELO;Retorno proibido;Colisão transversal;Com Vítimas Feridas;Pleno dia;Crescente;Céu Claro;Simples;Reta;Não;3;0;1;1;2;1;0;2;-18,92678827;-47,33090401;SPRF-MG;DEL10/MG;UOP01-DEL10-MG
774853;29/05/2026;sexta-feira;08:30:00;MG;381;533,7;ITATIAIUCU;Condutor Dormindo;Saída de leito carroçável;Com Vítimas Feridas;Pleno dia;Crescente;Céu Claro;Dupla;Curva;Não;1;0;1;0;1;0;0;1;-20,174962;-44,375734;SPRF-MG;DEL04/MG;UOP03-DEL04-MG
774854;29/05/2026;sexta-feira;09:45:00;ES;101;141,8;LINHARES;Condutor desrespeitou a iluminação vermelha do semáforo;Colisão lateral mesmo sentido;Com Vítimas Feridas;Pleno dia;Decrescente;Céu Claro;Simples;Interseção de Vias;Sim;2;0;1;0;1;1;0;2;-19,332785;-40,068278;SPRF-ES;DEL04-ES;UOP01-DEL04-ES
774855;29/05/2026;sexta-feira;09:50:00;MG;381;485;BETIM;Condutor deixou de manter distância do veículo da frente;Colisão traseira;Com Vítimas Feridas;Pleno dia;Crescente;Céu Claro;Dupla;"Aclive;Reta";Sim;2;0;1;0;1;1;0;2;-19,95656893;-44,102211;SPRF-MG;DEL01/MG;UOP03-DEL01-MG
774856;02/02/2026;segunda-feira;13:30:00;RJ;101;399;ITAGUAI;Acessar a via sem observar a presença dos outros veículos;Atropelamento de Pedestre;Com Vítimas Feridas;Pleno dia;Crescente;Céu Claro;Dupla;Reta;Sim;3;0;1;2;3;0;0;2;-22,85887533;-43,75942233;SPRF-RJ;DEL03/RJ;UOP01-DEL03-RJ
774857;29/05/2026;sexta-feira;09:50:00;PR;277;1,5;CURITIBA;Ausência de reação do condutor;Tombamento;Com Vítimas Feridas;Pleno dia;Decrescente;Nublado;Dupla;Reta;Sim;1;0;1;0;1;0;0;1;-25,43032;-49,35176;SPRF-PR;DEL01/PR;UOP06-DEL01-PR
774860;29/05/2026;sexta-feira;08:35:00;RO;364;714;PORTO VELHO;Manobra de mudança de faixa;Tombamento;Com Vítimas Feridas;Pleno dia;Crescente;Céu Claro;Dupla;Reta;Sim;2;0;1;0;1;0;0;2;-8,77713871;-63,88930603;SPRF-RO;DEL01-RO;UOP01-DEL01-RO
774861;29/05/2026;sexta-feira;09:36:00;SC;470;126;RIO DO SUL;Acessar a via sem observar a presença dos outros veículos;Colisão transversal;Com Vítimas Feridas;Pleno dia;Decrescente;Céu Claro;Simples;Reta;Não;3;0;0;1;1;2;0;3;-27,19000229;-49,61946774;SPRF-SC;DEL04/SC;UOP02-DEL04-SC
774863;29/05/2026;sexta-feira;10:00:00;RN;101;99;NATAL;Ultrapassagem Indevida;Colisão traseira;Com Vítimas Feridas;Pleno dia;Decrescente;Céu Claro;Dupla;Declive;Não;2;0;0;1;1;1;0;2;-5,88073823;-35,22537438;SPRF-RN;DEL01-RN;UOP01-DEL01-RN
774864;29/05/2026;sexta-feira;10:20:00;PB;104;118;CAMPINA GRANDE;Reação tardia ou ineficiente do condutor;Colisão traseira;Com Vítimas Feridas;Pleno dia;Crescente;Nublado;Simples;Reta;Não;2;0;1;0;1;1;0;2;-7,1982491;-35,8779158;SPRF-PB;DEL02-PB;UOP04-DEL02-PB
774866;29/05/2026;sexta-feira;10:00:00;PI;343;341;TERESINA;Manobra de mudança de faixa;Colisão lateral mesmo sentido;Sem Vítimas;Pleno dia;Decrescente;Céu Claro;Dupla;Interseção de Vias;Sim;2;0;0;0;0;2;0;2;-5,07810854;-42,74803575;SPRF-PI;DEL01-PI;UOP01-DEL01-PI
774869;29/05/2026;sexta-feira;10:50:00;PR;116;129;FAZENDA RIO GRANDE;Ausência de reação do condutor;Colisão traseira;Com Vítimas Feridas;Pleno dia;Crescente;Nublado;Dupla;Reta;Sim;2;0;1;0;1;1;0;2;-25,66695639;-49,31454627;SPRF-PR;DEL01/PR;UOP03-DEL01-PR
774870;16/04/2026;quinta-feira;10:20:00;PB;230;25,2;JOAO PESSOA;Pedestre andava na pista;Atropelamento de Pedestre;Com Vítimas Feridas;Pleno dia;Crescente;Sol;Dupla;Reta;Sim;2;0;0;1;1;1;0;2;-7,170243;-34,870693;SPRF-PB;DEL01-PB;UOP01-DEL01-PB
774871;29/05/2026;sexta-feira;10:10:00;RS;290;3,2;OSORIO;Reação tardia ou ineficiente do condutor;Engavetamento;Com Vítimas Feridas;Pleno dia;Decrescente;Céu Claro;Dupla;Reta;Não;5;0;1;0;1;3;0;3;-29,898152;-50,304557;SPRF-RS;DEL03/RS;UOP01-DEL03-RS
774872;29/05/2026;sexta-feira;10:30:00;PR;376;325;ORTIGUEIRA;Ausência de reação do condutor;Colisão com objeto;Sem Vítimas;Pleno dia;Decrescente;Céu Claro;Dupla;Reta;Não;1;0;0;0;0;1;0;1;-24,08740834;-51,05396971;SPRF-PR;DEL07/PR;UOP02-DEL07-PR
774873;29/05/2026;sexta-feira;10:50:00;SP;101;49;UBATUBA;Reação tardia ou ineficiente do condutor;Colisão traseira;Com Vítimas Feridas;Pleno dia;Crescente;Nublado;Simples;Rotatória;Sim;3;0;2;0;2;1;0;2;-23,445948;-45,081882;SPRF-SP;DEL06/SP;UOP01-DEL06-SP
774874;29/05/2026;sexta-feira;10:12:00;PI;343;5;TERESINA;Ausência de reação do condutor;Colisão lateral mesmo sentido;Com Vítimas Feridas;Pleno dia;Decrescente;Céu Claro;Múltipla;Reta;Não;2;0;1;0;1;0;0;2;-5,08361319;-42,79702663;SPRF-PI;DEL05-PI;UOP01-DEL05-PI
774876;29/05/2026;sexta-feira;11:15:00;GO;60;31,4;ALEXANIA;Acessar a via sem observar a presença dos outros veículos;Colisão transversal;Com Vítimas Feridas;Pleno dia;Crescente;Céu Claro;Dupla;"Reta;Interseção de Vias";Sim;2;0;0;1;1;1;0;2;-16,089675;-48,502478;SPRF-DF;DEL03-DF;UOP01-DEL03-DF
774878;29/05/2026;sexta-feira;07:41:00;GO;364;129;APARECIDA DO RIO DOCE;Reação tardia ou ineficiente do condutor;Saída de leito carroçável;Com Vítimas Feridas;Pleno dia;Crescente;Céu Claro;Simples;Reta;Não;1;0;1;0;1;0;0;1;-18,2349;-51,2785;SPRF-GO;DEL05/GO;UOP02-DEL05-GO
774880;29/05/2026;sexta-feira;11:30:00;SP;116;215;GUARULHOS;Manobra de mudança de faixa;Colisão transversal;Com Vítimas Feridas;Pleno dia;Decrescente;Céu Claro;Múltipla;Reta;Sim;2;0;1;0;1;1;0;2;-23,45076105;-46,46312205;SPRF-SP;DEL01/SP;UOP01-DEL01-SP
774882;25/05/2026;segunda-feira;17:00:00;RS;472;626;BARRA DO QUARAI;Afundamento ou ondulação no pavimento;Saída de leito carroçável;Com Vítimas Feridas;Pleno dia;Crescente;Nublado;Simples;Reta;Não;3;0;3;0;3;0;0;1;-30,11867;-57,34778;SPRF-RS;DEL13/RS;UOP01-DEL13-RS
774883;29/05/2026;sexta-feira;11:30:00;GO;20;224;POSSE;Acessar a via sem observar a presença dos outros veículos;Colisão transversal;Com Vítimas Fatais;Pleno dia;Crescente;Céu Claro;Simples;"Aclive;Reta";Não;6;2;0;4;4;0;0;2;-14,21543413;-46,339741;SPRF-DF;DEL02-DF;UOP03-DEL02-DF
774884;29/05/2026;sexta-feira;11:27:00;PB;230;170;CAMPINA GRANDE;Condutor usando celular;Engavetamento;Com Vítimas Feridas;Pleno dia;Decrescente;Céu Claro;Simples;"Declive;Reta";Sim;3;0;1;0;1;2;0;3;-7,181448;-35,98605;SPRF-PB;DEL02-PB;UOP02-DEL02-PB
774885;29/05/2026;sexta-feira;01:00:00;MG;116;424;ALPERCATA;Velocidade Incompatível;Saída de leito carroçável;Com Vítimas Feridas;Plena Noite;Decrescente;Céu Claro;Simples;Reta;Não;2;0;2;0;2;0;0;1;-18,98422042;-41,9883728;SPRF-MG;DEL06/MG;UOP01-DEL06-MG
774887;29/05/2026;sexta-feira;11:10:00;PE;101;46;IGARASSU;Manobra de mudança de faixa;Colisão transversal;Com Vítimas Feridas;Pleno dia;Decrescente;Céu Claro;Múltipla;Reta;Sim;3;0;1;1;2;1;0;2;-7,87466273;-34,90565507;SPRF-PE;DEL01/PE;UOP02-DEL01-PE
774888;29/05/2026;sexta-feira;12:39:00;SC;101;209;SAO JOSE;Demais falhas mecânicas ou elétricas;Tombamento;Com Vítimas Feridas;Pleno dia;Decrescente;Nublado;Múltipla;Reta;Sim;1;0;1;0;1;0;0;1;-27,61548;-48,64432;SPRF-SC;DEL01/SC;UOP01-DEL01-SC
774889;29/05/2026;sexta-feira;11:40:00;MG;116;715;MURIAE;Ausência de reação do condutor;Saída de leito carroçável;Com Vítimas Feridas;Pleno dia;Decrescente;Céu Claro;Simples;"Curva;Declive";Não;2;0;2;0;2;0;0;1;-21,217749;-42,391521;SPRF-MG;DEL07/MG;UOP02-DEL07-MG
774890;16/05/2026;sábado;17:40:00;RJ;116;113;GUAPIMIRIM;Manobra de mudança de faixa;Colisão lateral mesmo sentido;Com Vítimas Feridas;Pleno dia;Decrescente;Céu Claro;Dupla;Reta;Não;2;0;1;0;1;1;0;2;-22,57214;-43,00729;SPRF-RJ;DEL04/RJ;UOP02-DEL04-RJ
774891;09/04/2026;quinta-feira;11:00:00;MT;163;988,9;TERRA NOVA DO NORTE;Acumulo de areia ou detritos sobre o pavimento;Colisão com objeto;Sem Vítimas;Pleno dia;Crescente;Céu Claro;Simples;Reta;Não;1;0;0;0;0;1;0;1;-10,594383;-55,096713;SPRF-MT;DEL06/MT;UOP03-DEL06-MT
774892;29/05/2026;sexta-feira;11:55:00;GO;153;177;CAMPINORTE;Acessar a via sem observar a presença dos outros veículos;Colisão transversal;Com Vítimas Feridas;Pleno dia;Crescente;Céu Claro;Simples;"Reta;Em Obras";Sim;5;0;3;0;3;2;0;2;-14,333572;-49,154279;SPRF-GO;DEL07/GO;UOP02-DEL07-GO
774893;29/05/2026;sexta-feira;12:30:00;GO;153;443;ANAPOLIS;Reação tardia ou ineficiente do condutor;Tombamento;Com Vítimas Feridas;Pleno dia;Decrescente;Céu Claro;Dupla;Curva;Sim;1;0;0;1;1;0;0;1;-16,32352882;-48,928829;SPRF-GO;DEL02/GO;UOP01-DEL02-GO
774894;29/05/2026;sexta-feira;11:30:00;RJ;40;114;DUQUE DE CAXIAS;Curva acentuada;Colisão lateral mesmo sentido;Com Vítimas Feridas;Pleno dia;Crescente;Sol;Dupla;Curva;Sim;2;0;2;0;2;0;0;1;-22,71828429;-43,29076264;SPRF-RJ;DEL01/RJ;UOP02-DEL01-RJ
774895;29/05/2026;sexta-feira;11:00:00;MT;174;306;PONTES E LACERDA;Acessar a via sem observar a presença dos outros veículos;Colisão transversal;Com Vítimas Feridas;Pleno dia;Decrescente;Céu Claro;Simples;Reta;Sim;2;0;1;0;1;1;0;2;-15,23950217;-59,31552887;SPRF-MT;DEL04/MT;UOP01-DEL04-MT
774896;29/05/2026;sexta-feira;12:00:00;RN;406;133,2;TAIPU;Desrespeitar a preferência no cruzamento;Colisão transversal;Com Vítimas Feridas;Pleno dia;Crescente;Nublado;Simples;"Interseção de Vias;Reta";Não;3;0;3;0;3;0;0;2;-5,650395;-35,580577;SPRF-RN;DEL02-RN;UOP01-DEL02-RN
774897;29/05/2026;sexta-feira;12:50:00;SC;101;151;ITAPEMA;Reação tardia ou ineficiente do condutor;Colisão traseira;Com Vítimas Feridas;Pleno dia;Decrescente;Céu Claro;Dupla;Reta;Sim;2;0;1;0;1;1;0;2;-27,13397885;-48,60959888;SPRF-SC;DEL04/SC;UOP03-DEL04-SC
774898;29/05/2026;sexta-feira;10:40:00;ES;262;144,4;MUNIZ FREIRE;Demais falhas mecânicas ou elétricas;Colisão traseira;Com Vítimas Feridas;Pleno dia;Crescente;Nublado;Simples;Reta;Não;3;0;2;0;2;1;0;2;-20,237188;-41,406307;SPRF-ES;DEL01-ES;UOP02-DEL01-ES
774899;29/05/2026;sexta-feira;13:00:00;SC;101;127,8;ITAJAI;Manobra de mudança de faixa;Colisão lateral mesmo sentido;Com Vítimas Feridas;Pleno dia;Decrescente;Céu Claro;Dupla;Reta;Não;2;0;0;1;1;1;0;2;-26,90247689;-48,71887207;SPRF-SC;DEL04/SC;UOP04-DEL04-SC
774900;29/05/2026;sexta-feira;11:45:00;MT;70;527;VARZEA GRANDE;Acessar a via sem observar a presença dos outros veículos;Colisão transversal;Com Vítimas Feridas;Pleno dia;Decrescente;Céu Claro;Simples;Reta;Sim;2;0;1;1;2;0;0;2;-15,65159609;-56,19979143;SPRF-MT;DEL01/MT;UOP02-DEL01-MT
774901;29/05/2026;sexta-feira;11:50:00;PI;316;55;LAGOA DO PIAUI;Acessar a via sem observar a presença dos outros veículos;Atropelamento de Pedestre;Com Vítimas Feridas;Pleno dia;Crescente;Céu Claro;Simples;Curva;Sim;2;0;1;0;1;0;0;2;-5,49828482;-42,64084339;SPRF-PI;DEL01-PI;UOP02-DEL01-PI
774903;29/05/2026;sexta-feira;13:05:00;PR;116;18;CURITIBA;Acessar a via sem observar a presença dos outros veículos;Atropelamento de Pedestre;Com Vítimas Feridas;Pleno dia;Decrescente;Nublado;Dupla;Reta;Sim;2;0;1;0;1;1;0;2;-25,3889;-49,201;SPRF-PR;DEL01/PR;UOP02-DEL01-PR
774904;29/05/2026;sexta-feira;13:10:00;SC;280;234,1;CANOINHAS;Reação tardia ou ineficiente do condutor;Tombamento;Com Vítimas Feridas;Pleno dia;Decrescente;Nublado;Simples;"Declive;Reta";Não;3;0;0;1;1;2;0;2;-26,1912174;-50,4048692;SPRF-SC;DEL06/SC;UOP04-DEL06-SC