id;data_inversa;dia_semana;horario;uf;br;km;municipio;causa_acidente;tipo_acidente;classificacao_acidente;fase_dia;sentido_via;condicao_metereologica;tipo_pista;tracado_via;uso_solo;pessoas;mortos;feridos_leves;feridos_graves;feridos;ilesos;ignorados;veiculos;latitude;longitude;regional;delegacia;uop
775353;31/05/2026;domingo;05:15:00;AL;104;30,8;UNIAO DOS PALMARES;Condutor Dormindo;Saída de leito carroçável;Com Vítimas Feridas;Pleno dia;Crescente;Céu Claro;Simples;Reta;Não;4;0;4;0;4;0;0;1;-9,13198;-36,027694;SPRF-AL;DEL01-AL;UOP02-DEL01-AL
775355;31/05/2026;domingo;04:40:00;RJ;116;187;NOVA IGUACU;Reação tardia ou ineficiente do condutor;Colisão traseira;Com Vítimas Feridas;Plena Noite;Decrescente;Céu Claro;Dupla;Reta;Sim;2;0;1;0;1;0;0;2;-22,73870902;-43,47653596;SPRF-RJ;DEL06/RJ;UOP01-DEL06-RJ
775356;31/05/2026;domingo;04:20:00;RS;392;199,9;SANTANA DA BOA VISTA;Reação tardia ou ineficiente do condutor;Colisão com objeto;Com Vítimas Fatais;Plena Noite;Crescente;Céu Claro;Simples;"Rotatória;Curva";Sim;4;1;0;3;3;0;0;1;-30,8721699;-53,1369647;SPRF-RS;DEL09/RS;UOP02-DEL09-RS
775357;31/05/2026;domingo;05:58:00;PE;232;7,2;RECIFE;Acumulo de água sobre o pavimento;Colisão com objeto;Sem Vítimas;Pleno dia;Decrescente;Chuva;Múltipla;Reta;Não;2;0;0;0;0;2;0;1;-8,076285;-34,971007;SPRF-PE;DEL01/PE;UOP01-DEL01-PE
775358;31/05/2026;domingo;03:40:00;RJ;116;311;RESENDE;Acumulo de água sobre o pavimento;Saída de leito carroçável;Com Vítimas Feridas;Plena Noite;Crescente;Chuva;Dupla;Reta;Sim;2;0;2;0;2;0;0;1;-22,461262;-44,448872;SPRF-RJ;DEL07/RJ;UOP02-DEL07-RJ
775360;31/05/2026;domingo;04:50:00;PR;277;727,7;FOZ DO IGUACU;Neblina;Saída de leito carroçável;Com Vítimas Feridas;Plena Noite;Decrescente;Nevoeiro/Neblina;Dupla;Reta;Sim;2;0;1;0;1;1;0;1;-25,51029868;-54,56226826;SPRF-PR;DEL05/PR;UOP03-DEL05-PR
775362;31/05/2026;domingo;05:53:00;PR;476;146;CURITIBA;Ausência de reação do condutor;Colisão traseira;Com Vítimas Feridas;Pleno dia;Decrescente;Céu Claro;Dupla;Reta;Não;5;0;1;0;1;1;0;3;-25,550778;-49,329184;SPRF-PR;DEL01/PR;UOP06-DEL01-PR
775366;31/05/2026;domingo;05:20:00;MG;50;59,5;UBERLANDIA;Ingestão de álcool pelo condutor;Saída de leito carroçável;Sem Vítimas;Amanhecer;Crescente;Céu Claro;Dupla;Curva;Não;1;0;0;0;0;0;1;1;-18,807212;-48,242267;SPRF-MG;DEL15/MG;UOP02-DEL15-MG
775367;31/05/2026;domingo;06:15:00;GO;452;196,7;ITUMBIARA;Demais falhas mecânicas ou elétricas;Saída de leito carroçável;Sem Vítimas;Amanhecer;Decrescente;Céu Claro;Simples;"Curva;Rotatória";Sim;1;0;0;0;0;1;0;1;-18,359;-49,218;SPRF-GO;DEL03/GO;UOP02-DEL03-GO
775368;16/03/2026;segunda-feira;15:10:00;GO;60;34;GOIANIA;Ausência de reação do condutor;Colisão lateral mesmo sentido;Com Vítimas Feridas;Pleno dia;Crescente;Céu Claro;Dupla;"Reta;Declive";Sim;2;0;1;0;1;1;0;2;-16,714418;-49,357002;SPRF-GO;DEL01/GO;UOP02-DEL01-GO
775370;31/05/2026;domingo;06:45:00;SE;101;172,9;SANTA LUZIA DO ITANHY;Velocidade Incompatível;Saída de leito carroçável;Com Vítimas Fatais;Pleno dia;Decrescente;Chuva;Simples;"Curva;Declive";Não;3;3;0;0;0;0;0;1;-11,3412874;-37,59560108;SPRF-SE;DEL02-SE;UOP01-DEL02-SE
775371;31/05/2026;domingo;07:15:00;TO;153;135;ARAGUAINA;Ausência de reação do condutor;Saída de leito carroçável;Sem Vítimas;Pleno dia;Crescente;Céu Claro;Simples;Reta;Não;1;0;0;0;0;0;1;1;-7,12978066;-48,19892971;SPRF-TO;DEL02-TO;UOP01-DEL02-TO
775372;31/05/2026;domingo;07:05:00;SP;116;134,8;CACAPAVA;Reação tardia ou ineficiente do condutor;Engavetamento;Com Vítimas Feridas;Pleno dia;Decrescente;Céu Claro;Dupla;Reta;Sim;6;0;2;1;3;3;0;5;-23,13695876;-45,75305432;SPRF-SP;DEL02/SP;UOP01-DEL02-SP
775373;30/05/2026;sábado;23:00:00;BA;324;394;GAVIAO;Deficiência do Sistema de Iluminação/Sinalização;Colisão traseira;Com Vítimas Feridas;Plena Noite;Crescente;Chuva;Simples;Reta;Não;4;0;0;1;1;3;0;2;-11,54612;-39,694212;SPRF-BA;DEL04/BA;UOP02-DEL04-BA
775375;31/05/2026;domingo;05:45:00;RJ;116;181;NOVA IGUACU;Avarias e/ou desgaste excessivo no pneu;Queda de ocupante de veículo;Com Vítimas Feridas;Pleno dia;Crescente;Céu Claro;Dupla;Reta;Sim;2;0;2;0;2;0;0;1;-22,761095;-43,42398763;SPRF-RJ;DEL06/RJ;UOP01-DEL06-RJ
775376;01/04/2026;quarta-feira;17:30:00;GO;452;191;ITUMBIARA;Acessar a via sem observar a presença dos outros veículos;Colisão transversal;Com Vítimas Feridas;Pleno dia;Decrescente;Céu Claro;Simples;Reta;Não;2;0;0;1;1;1;0;2;-18,377997;-49,270927;SPRF-GO;DEL03/GO;UOP02-DEL03-GO
775377;31/05/2026;domingo;07:05:00;RO;364;699;PORTO VELHO;Condutor Dormindo;Saída de leito carroçável;Com Vítimas Feridas;Pleno dia;Decrescente;Céu Claro;Dupla;Curva;Não;1;0;1;0;1;0;0;1;-8,80085489;-63,75808239;SPRF-RO;DEL01-RO;UOP01-DEL01-RO
775379;31/05/2026;domingo;08:28:00;TO;10;428;PORTO NACIONAL;Ausência de reação do condutor;Colisão lateral mesmo sentido;Com Vítimas Feridas;Pleno dia;Crescente;Céu Claro;Simples;Curva;Não;2;0;1;0;1;1;0;2;-10,53388065;-48,37701798;SPRF-TO;DEL01-TO;UOP03-DEL01-TO
775380;30/05/2026;sábado;19:30:00;RO;364;970;PORTO VELHO;Ausência de reação do condutor;Colisão transversal;Com Vítimas Feridas;Plena Noite;Decrescente;Céu Claro;Simples;Reta;Sim;2;0;1;1;2;0;0;2;-9,65753718;-65,72744983;SPRF-RO;DEL01-RO;UOP03-DEL01-RO
775381;31/05/2026;domingo;07:10:00;SP;381;87;SAO PAULO;Velocidade Incompatível;Saída de leito carroçável;Com Vítimas Feridas;Pleno dia;Crescente;Nublado;Múltipla;Reta;Sim;4;0;1;0;1;1;0;3;-23,4696712;-46,5668706;SPRF-SP;DEL03/SP;UOP01-DEL03-SP
775382;31/05/2026;domingo;07:36:00;PE;423;73,8;JUPI;Acessar a via sem observar a presença dos outros veículos;Colisão transversal;Com Vítimas Fatais;Pleno dia;Decrescente;Céu Claro;Simples;"Declive;Reta";Não;3;1;0;1;1;0;0;2;-8,709818;-36,4196459;SPRF-PE;DEL03/PE;UOP01-DEL03-PE
775384;31/05/2026;domingo;08:50:00;ES;262;35,7;DOMINGOS MARTINS;Ausência de reação do condutor;Queda de ocupante de veículo;Com Vítimas Feridas;Pleno dia;Decrescente;Céu Claro;Simples;"Declive;Reta";Não;1;0;0;1;1;0;0;1;-20,38159178;-40,60094045;SPRF-ES;DEL01-ES;UOP01-DEL01-ES
775386;31/05/2026;domingo;08:50:00;SP;381;50;ATIBAIA;Manobra de mudança de faixa;Queda de ocupante de veículo;Com Vítimas Feridas;Pleno dia;Decrescente;Céu Claro;Dupla;Reta;Sim;2;0;0;1;1;0;0;2;-23,21214785;-46,59365594;SPRF-SP;DEL03/SP;UOP01-DEL03-SP
775387;31/05/2026;domingo;07:30:00;RS;392;66;PELOTAS;Neblina;Saída de leito carroçável;Com Vítimas Feridas;Pleno dia;Crescente;Nevoeiro/Neblina;Dupla;Reta;Não;5;0;4;0;4;1;0;1;-31,7597489;-52,3958889;SPRF-RS;DEL07/RS;UOP01-DEL07-RS
775388;31/05/2026;domingo;09:25:00;MG;262;458,1;ARAUJOS;Acessar a via sem observar a presença dos outros veículos;Colisão transversal;Com Vítimas Feridas;Pleno dia;Crescente;Céu Claro;Simples;Reta;Não;3;0;1;1;2;1;0;2;-19,79495257;-45,14989167;SPRF-MG;DEL08/MG;UOP03-DEL08-MG
775389;31/05/2026;domingo;08:00:00;MG;381;534,9;ITATIAIUCU;Ausência de reação do condutor;Saída de leito carroçável;Com Vítimas Fatais;Pleno dia;Decrescente;Céu Claro;Dupla;Reta;Não;2;1;1;0;1;0;0;1;-20,1843102;-44,37992009;SPRF-MG;DEL04/MG;UOP03-DEL04-MG
775390;03/05/2026;domingo;13:40:00;PR;116;22,1;ANTONINA;Velocidade Incompatível;Saída de leito carroçável;Com Vítimas Feridas;Pleno dia;Crescente;Garoa/Chuvisco;Dupla;Curva;Não;2;0;2;0;2;0;0;1;-25,111029;-48,75035998;SPRF-PR;DEL01/PR;UOP02-DEL01-PR
775391;31/05/2026;domingo;05:25:00;MG;365;168;BURITIZEIRO;Entrada inopinada do pedestre;Atropelamento de Pedestre;Com Vítimas Feridas;Amanhecer;Decrescente;Nevoeiro/Neblina;Simples;Reta;Sim;2;0;1;0;1;1;0;2;-17,3814648;-44,96215298;SPRF-MG;DEL10/MG;UOP02-DEL010-MG
775393;31/05/2026;domingo;09:40:00;MG;50;81;UBERLANDIA;Velocidade Incompatível;Colisão traseira;Sem Vítimas;Pleno dia;Decrescente;Céu Claro;Dupla;"Retorno Regulamentado;Viaduto";Não;2;0;0;0;0;2;0;2;-18,97276854;-48,21416348;SPRF-MG;DEL15/MG;UOP01-DEL15-MG
775394;31/05/2026;domingo;06:00:00;PE;423;41,2;CACHOEIRINHA;Ausência de reação do condutor;Saída de leito carroçável;Com Vítimas Fatais;Pleno dia;Crescente;Sol;Simples;"Curva;Declive";Não;1;1;0;0;0;0;0;1;-8,503048;-36,24773;SPRF-PE;DEL03/PE;UOP01-DEL03-PE
775395;31/05/2026;domingo;10:00:00;SP;381;31;ATIBAIA;Reação tardia ou ineficiente do condutor;Tombamento;Com Vítimas Feridas;Pleno dia;Decrescente;Sol;Dupla;Curva;Não;2;0;2;0;2;0;0;1;-23,056418;-46,570957;SPRF-SP;DEL03/SP;UOP02-DEL03-SP
775396;31/05/2026;domingo;10:00:00;PR;376;652;TIJUCAS DO SUL;Reação tardia ou ineficiente do condutor;Colisão traseira;Com Vítimas Feridas;Pleno dia;Decrescente;Céu Claro;Dupla;Reta;Não;2;0;1;0;1;1;0;2;-25,84234621;-49,05590773;SPRF-PR;DEL01/PR;UOP04-DEL01-PR
775398;31/05/2026;domingo;10:44:00;PE;101;71,1;RECIFE;Ausência de reação do condutor;Colisão traseira;Com Vítimas Feridas;Pleno dia;Crescente;Céu Claro;Dupla;Reta;Sim;3;0;3;0;3;0;0;2;-8,079857;-34,943181;SPRF-PE;DEL01/PE;UOP01-DEL01-PE
775400;31/05/2026;domingo;10:00:00;MG;381;928;ITAPEVA;Velocidade Incompatível;Colisão com objeto;Com Vítimas Feridas;Pleno dia;Decrescente;Céu Claro;Dupla;Curva;Sim;1;0;1;0;1;0;0;1;-22,771178;-46,23707593;SPRF-MG;DEL16/MG;UOP03-DEL16-MG
775401;31/05/2026;domingo;10:10:00;PR;373;187,5;PONTA GROSSA;Reação tardia ou ineficiente do condutor;Queda de ocupante de veículo;Com Vítimas Feridas;Pleno dia;Crescente;Nevoeiro/Neblina;Simples;Reta;Não;1;0;1;0;1;0;0;1;-25,0526;-50,3154;SPRF-PR;DEL03/PR;UOP01-DEL03-PR
775403;27/05/2026;quarta-feira;21:10:00;PE;101;71,2;RECIFE;Acostamento em desnível;Tombamento;Com Vítimas Feridas;Plena Noite;Decrescente;Céu Claro;Dupla;Reta;Sim;1;0;1;0;1;0;0;1;-8,079122;-34,9429;SPRF-PE;DEL01/PE;UOP01-DEL01-PE
775406;31/05/2026;domingo;10:00:00;PE;101;67;RECIFE;Velocidade Incompatível;Colisão traseira;Com Vítimas Feridas;Pleno dia;Crescente;Nublado;Múltipla;Reta;Sim;2;0;1;0;1;1;0;2;-8,047015;-34,945232;SPRF-PE;DEL01/PE;UOP01-DEL01-PE
775407;31/05/2026;domingo;11:30:00;RS;290;7,9;OSORIO;Demais falhas mecânicas ou elétricas;Queda de ocupante de veículo;Com Vítimas Feridas;Pleno dia;Crescente;Nublado;Dupla;Reta;Não;1;0;1;0;1;0;0;1;-29,893648;-50,352543;SPRF-RS;DEL03/RS;UOP01-DEL03-RS
775408;31/05/2026;domingo;11:00:00;RS;116;397;CAMAQUA;Velocidade Incompatível;Saída de leito carroçável;Sem Vítimas;Pleno dia;Decrescente;Céu Claro;Dupla;"Curva;Em Obras";Sim;1;0;0;0;0;0;1;1;-30,86198911;-51,79030985;SPRF-RS;DEL02/RS;UOP02-DEL02-RS
775410;31/05/2026;domingo;11:20:00;PA;163;982;SANTAREM;Transitar na contramão;Colisão transversal;Sem Vítimas;Pleno dia;Crescente;Céu Claro;Simples;Reta;Sim;2;0;0;0;0;2;0;2;-2,619203;-54,732065;SPRF-PA;DEL05/PA;UOP01-DEL05-PA
775412;31/05/2026;domingo;11:35:00;SP;381;21;BRAGANCA PAULISTA;Afundamento ou ondulação no pavimento;Tombamento;Com Vítimas Feridas;Pleno dia;Decrescente;Céu Claro;Dupla;Curva;Não;1;0;0;1;1;0;0;1;-22,985968;-46,505862;SPRF-SP;DEL03/SP;UOP02-DEL03-SP
775415;31/05/2026;domingo;12:30:00;MG;381;523;BRUMADINHO;Ausência de reação do condutor;Tombamento;Com Vítimas Feridas;Pleno dia;Crescente;Céu Claro;Dupla;Curva;Não;2;0;2;0;2;0;0;1;-20,127581;-44,3031208;SPRF-MG;DEL04/MG;UOP03-DEL04-MG
775416;31/05/2026;domingo;11:30:00;RS;285;118;VACARIA;Reação tardia ou ineficiente do condutor;Colisão com objeto;Com Vítimas Feridas;Pleno dia;Decrescente;Céu Claro;Simples;Reta;Sim;2;0;1;0;1;1;0;1;-28,50442113;-50,91541886;SPRF-RS;DEL05/RS;UOP03-DEL05-RS
775421;31/05/2026;domingo;13:20:00;PR;476;74;RIO BRANCO DO SUL;Velocidade Incompatível;Colisão frontal;Com Vítimas Feridas;Pleno dia;Crescente;Céu Claro;Simples;Curva;Não;3;0;0;1;1;2;0;2;-25,09275249;-49,09622057;SPRF-PR;DEL01/PR;UOP01-DEL01-PR
775422;31/05/2026;domingo;09:35:00;BA;330;834;IPIAU;Ausência de reação do condutor;Saída de leito carroçável;Com Vítimas Feridas;Pleno dia;Crescente;Nublado;Simples;Curva;Não;3;0;3;0;3;0;0;1;-14,109407;-39,773743;SPRF-BA;DEL03/BA;UOP01-DEL03-BA
775423;31/05/2026;domingo;13:30:00;GO;60;138;GOIANAPOLIS;Desrespeitar a preferência no cruzamento;Colisão transversal;Com Vítimas Feridas;Pleno dia;Crescente;Céu Claro;Simples;Reta;Sim;3;0;1;0;1;2;0;2;-16,57470565;-49,15970198;SPRF-GO;DEL01/GO;UOP01-DEL01-GO
775424;31/05/2026;domingo;12:22:00;PR;153;42,3;SANTO ANTONIO DA PLATINA;Acessar a via sem observar a presença dos outros veículos;Colisão transversal;Com Vítimas Feridas;Pleno dia;Crescente;Céu Claro;Simples;Interseção de Vias;Sim;2;0;1;0;1;1;0;2;-23,30160998;-50,07025329;SPRF-PR;DEL07/PR;UOP04-DEL07-PR
775425;31/05/2026;domingo;12:20:00;MS;163;254;DOURADOS;Condutor deixou de manter distância do veículo da frente;Colisão traseira;Sem Vítimas;Pleno dia;Decrescente;Céu Claro;Dupla;"Aclive;Reta";Não;2;0;0;0;0;1;0;2;-22,27203502;-54,8167762;SPRF-MS;DEL04/MS;UOP01-DEL04-MS
775426;31/05/2026;domingo;12:00:00;MG;381;480;CONTAGEM;Manobra de mudança de faixa;Colisão lateral mesmo sentido;Com Vítimas Feridas;Pleno dia;Crescente;Céu Claro;Múltipla;Reta;Sim;3;0;2;0;2;0;0;2;-19,95875175;-44,06270592;SPRF-MG;DEL01/MG;UOP03-DEL01-MG
775427;31/05/2026;domingo;11:50:00;AL;104;34,2;UNIAO DOS PALMARES;Reação tardia ou ineficiente do condutor;Colisão transversal;Com Vítimas Feridas;Pleno dia;Decrescente;Céu Claro;Simples;Curva;Sim;2;0;1;1;2;0;0;2;-9,155999;-36,013305;SPRF-AL;DEL01-AL;UOP02-DEL01-AL
775428;31/05/2026;domingo;14:10:00;PR;373;174;PONTA GROSSA;Ausência de reação do condutor;Colisão traseira;Sem Vítimas;Pleno dia;Crescente;Céu Claro;Múltipla;Reta;Sim;2;0;0;0;0;2;0;2;-25,0742491;-50,21075964;SPRF-PR;DEL03/PR;UOP01-DEL03-PR
775429;30/05/2026;sábado;20:00:00;MG;262;752,5;UBERABA;Ausência de reação do condutor;Tombamento;Com Vítimas Fatais;Plena Noite;Decrescente;Céu Claro;Simples;"Interseção de Vias;Reta";Não;1;1;0;0;0;0;0;1;-19,67172627;-47,62493849;SPRF-MG;DEL13/MG;UOP01-DEL13-MG
775431;31/05/2026;domingo;14:40:00;PE;101;82;JABOATAO DOS GUARARAPES;Acostamento em desnível;Queda de ocupante de veículo;Sem Vítimas;Pleno dia;Decrescente;Céu Claro;Dupla;Reta;Sim;1;0;0;0;0;0;1;1;-8,170941;-34,937603;SPRF-PE;DEL01/PE;UOP01-DEL01-PE
775432;31/05/2026;domingo;15:10:00;RN;406;171;SAO GONCALO DO AMARANTE;Ausência de reação do condutor;Tombamento;Com Vítimas Feridas;Pleno dia;Decrescente;Sol;Dupla;"Reta;Declive";Sim;1;0;1;0;1;0;0;1;-5,7617978;-35,290519;SPRF-RN;DEL02-RN;UOP01-DEL02-RN
775433;31/05/2026;domingo;13:00:00;DF;40;6;BRASILIA;Ausência de reação do condutor;Colisão lateral mesmo sentido;Com Vítimas Feridas;Pleno dia;Crescente;Céu Claro;Dupla;Reta;Sim;4;0;1;2;3;1;0;3;-16,030257;-47,978892;SPRF-DF;DEL01-DF;UOP01-DEL01-DF
775435;31/05/2026;domingo;14:55:00;PR;277;727;FOZ DO IGUACU;Ausência de reação do condutor;Tombamento;Com Vítimas Feridas;Pleno dia;Crescente;Sol;Dupla;"Curva;Rotatória";Sim;2;0;2;0;2;0;0;1;-25,51017329;-54,55855286;SPRF-PR;DEL05/PR;UOP03-DEL05-PR
775436;20/05/2026;quarta-feira;06:40:00;BA;101;791;ITAMARAJU;Reação tardia ou ineficiente do condutor;Saída de leito carroçável;Com Vítimas Feridas;Pleno dia;Crescente;Chuva;Simples;Curva;Não;1;0;1;0;1;0;0;1;-17,000313;-39,551658;SPRF-BA;DEL09/BA;UOP01-DEL09-BA
775437;31/05/2026;domingo;15:35:00;BA;116;836,7;VITORIA DA CONQUISTA;Acessar a via sem observar a presença dos outros veículos;Colisão transversal;Com Vítimas Feridas;Pleno dia;Crescente;Nublado;Simples;Reta;Não;3;0;2;0;2;1;0;2;-14,963046;-40,907385;SPRF-BA;DEL08/BA;UOP01-DEL08-BA
775439;31/05/2026;domingo;15:30:00;RN;101;104;PARNAMIRIM;Ausência de reação do condutor;Saída de leito carroçável;Com Vítimas Feridas;Pleno dia;Decrescente;Sol;Múltipla;"Declive;Curva;Interseção de Vias;Viaduto";Sim;1;0;1;0;1;0;0;1;-5,891962;-35,25877;SPRF-RN;DEL01-RN;UOP01-DEL01-RN
775440;31/05/2026;domingo;15:25:00;MT;70;28;BARRA DO GARCAS;Reação tardia ou ineficiente do condutor;Saída de leito carroçável;Com Vítimas Feridas;Pleno dia;Crescente;Céu Claro;Simples;"Aclive;Reta";Não;3;0;0;3;3;0;0;1;-15,82615046;-52,46577054;SPRF-MT;DEL07/MT;UOP01-DEL07-MT
775441;31/05/2026;domingo;15:20:00;SP;381;85;SAO PAULO;Ausência de reação do condutor;Colisão traseira;Com Vítimas Feridas;Pleno dia;Decrescente;Céu Claro;Dupla;"Reta;Aclive;Ponte";Sim;2;0;1;0;1;1;0;2;-23,4627621;-46,5713312;SPRF-SP;DEL03/SP;UOP01-DEL03-SP
775442;31/05/2026;domingo;16:40:00;GO;60;163;GOIANIA;Demais falhas mecânicas ou elétricas;Colisão traseira;Com Vítimas Feridas;Pleno dia;Decrescente;Sol;Dupla;Reta;Sim;2;0;2;0;2;0;0;2;-16,706457;-49,346102;SPRF-GO;DEL01/GO;UOP02-DEL01-GO
775443;31/05/2026;domingo;16:00:00;RN;110;51,2;MOSSORO;Desrespeitar a preferência no cruzamento;Colisão transversal;Com Vítimas Fatais;Pleno dia;Crescente;Sol;Simples;Interseção de Vias;Sim;2;1;0;1;1;0;0;2;-5,229258;-37,332008;SPRF-RN;DEL04-RN;UOP01-DEL04-RN
775444;31/05/2026;domingo;16:30:00;PR;469;13,2;FOZ DO IGUACU;Manobra de mudança de faixa;Saída de leito carroçável;Com Vítimas Feridas;Pleno dia;Decrescente;Nublado;Simples;"Curva;Aclive";Sim;1;0;0;1;1;0;0;1;-25,58178;-54,52740876;SPRF-PR;DEL05/PR;UOP04-DEL05-PR
775445;31/05/2026;domingo;10:15:00;RN;304;190;LAJES;Acessar a via sem observar a presença dos outros veículos;Colisão transversal;Com Vítimas Feridas;Pleno dia;Crescente;Céu Claro;Simples;Reta;Sim;2;0;1;0;1;1;0;2;-5,705;-36,247;SPRF-RN;DEL01-RN;UOP03-DEL01-RN
775446;31/05/2026;domingo;16:45:00;SC;470;60,2;BLUMENAU;Acessar a via sem observar a presença dos outros veículos;Colisão transversal;Com Vítimas Feridas;Pleno dia;Decrescente;Céu Claro;Simples;"Retorno Regulamentado;Reta;Em Obras";Sim;5;0;2;0;2;3;0;2;-26,88069861;-49,16710138;SPRF-SC;DEL04/SC;UOP01-DEL04-SC
775447;02/04/2026;quinta-feira;19:15:00;ES;262;101;VENDA NOVA DO IMIGRANTE;Reação tardia ou ineficiente do condutor;Queda de ocupante de veículo;Com Vítimas Feridas;Plena Noite;Crescente;Nublado;Simples;Reta;Não;2;0;2;0;2;0;0;1;-20,34739141;-41,10448234;SPRF-ES;DEL01-ES;UOP02-DEL01-ES
775448;31/05/2026;domingo;14:54:00;MG;116;294,2;TEOFILO OTONI;Ingestão de álcool pelo condutor;Colisão traseira;Sem Vítimas;Pleno dia;Decrescente;Céu Claro;Simples;Reta;Não;2;0;0;0;0;2;0;2;-17,993912;-41,569941;SPRF-MG;DEL11/MG;UOP01-DEL11-MG
775449;31/05/2026;domingo;12:15:00;PA;316;66;CASTANHAL;Acessar a via sem observar a presença dos outros veículos;Colisão com objeto;Sem Vítimas;Pleno dia;Decrescente;Céu Claro;Dupla;Reta;Sim;1;0;0;0;0;1;0;1;-1,306337;-48,007054;SPRF-PA;DEL01/PA;UOP01-DEL01-PA
775450;31/05/2026;domingo;17:00:00;GO;414;440,1;ANAPOLIS;Condutor deixou de manter distância do veículo da frente;Colisão traseira;Com Vítimas Feridas;Pleno dia;Crescente;Céu Claro;Simples;Reta;Sim;3;0;1;0;1;2;0;2;-16,28237;-48,942778;SPRF-GO;DEL02/GO;UOP01-DEL02-GO
775451;31/05/2026;domingo;05:40:00;MG;116;500,7;INHAPIM;Condutor Dormindo;Saída de leito carroçável;Com Vítimas Feridas;Amanhecer;Decrescente;Céu Claro;Simples;"Declive;Curva";Não;1;0;1;0;1;0;0;1;-19,570345;-42,12125;SPRF-MG;DEL06/MG;UOP02-DEL06-MG
775452;31/05/2026;domingo;17:30:00;SC;282;1,5;FLORIANOPOLIS;Trafegar com motocicleta (ou similar) entre as faixas;Colisão lateral mesmo sentido;Com Vítimas Feridas;Plena Noite;Crescente;Céu Claro;Múltipla;Reta;Sim;3;0;1;0;1;2;0;3;-27,60361;-48,586698;SPRF-SC;DEL01/SC;UOP01-DEL01-SC
775453;31/05/2026;domingo;17:00:00;PR;376;616;SAO JOSE DOS PINHAIS;Acessar a via sem observar a presença dos outros veículos;Colisão lateral mesmo sentido;Sem Vítimas;Anoitecer;Crescente;Céu Claro;Dupla;Interseção de Vias;Não;2;0;0;0;0;2;0;2;-25,58369605;-49,17692749;SPRF-PR;DEL01/PR;UOP04-DEL01-PR
775454;31/05/2026;domingo;16:50:00;SP;116;97;PINDAMONHANGABA;Trafegar com motocicleta (ou similar) entre as faixas;Colisão lateral mesmo sentido;Com Vítimas Feridas;Pleno dia;Crescente;Nublado;Dupla;"Aclive;Reta";Não;4;0;1;0;1;1;0;3;-22,97060767;-45,44125054;SPRF-SP;DEL08/SP;UOP01-DEL08-SP
775456;31/05/2026;domingo;17:15:00;SC;470;134,1;RIO DO SUL;Acessar a via sem observar a presença dos outros veículos;Colisão transversal;Com Vítimas Feridas;Anoitecer;Crescente;Céu Claro;Simples;Reta;Sim;3;0;1;0;1;2;0;2;-27,183433;-49,602203;SPRF-SC;DEL04/SC;UOP02-DEL04-SC
775457;31/05/2026;domingo;16:50:00;ES;262;166;IBATIBA;Afundamento ou ondulação no pavimento;Eventos atípicos;Com Vítimas Feridas;Pleno dia;Crescente;Nublado;Simples;Reta;Não;1;0;1;0;1;0;0;1;-20,24904748;-41,55552302;SPRF-ES;DEL01-ES;UOP02-DEL01-ES
775458;31/05/2026;domingo;17:08:00;BA;324;7;FEIRA DE SANTANA;Condutor deixou de manter distância do veículo da frente;Colisão traseira;Com Vítimas Feridas;Anoitecer;Crescente;Nublado;Simples;Viaduto;Sim;2;0;0;1;1;1;0;2;-12,2690683;-38,9881567;SPRF-BA;DEL02/BA;UOP01-DEL02-BA
775459;31/05/2026;domingo;17:30:00;SP;116;280,9;EMBU DAS ARTES;Manobra de mudança de faixa;Colisão lateral mesmo sentido;Com Vítimas Feridas;Plena Noite;Decrescente;Céu Claro;Dupla;"Aclive;Reta";Não;2;0;1;0;1;1;0;2;-23,649799;-46,845271;SPRF-SP;DEL04/SP;UOP01-DEL04-SP
775460;31/05/2026;domingo;17:50:00;ES;101;146,7;LINHARES;Condutor deixou de manter distância do veículo da frente;Colisão traseira;Com Vítimas Feridas;Plena Noite;Crescente;Céu Claro;Dupla;Reta;Sim;5;0;1;0;1;4;0;2;-19,39560614;-40,06494999;SPRF-ES;DEL04-ES;UOP01-DEL04-ES
775461;31/05/2026;domingo;17:50:00;ES;262;122,9;CONCEICAO DO CASTELO;Pista esburacada;Tombamento;Com Vítimas Feridas;Anoitecer;Decrescente;Céu Claro;Simples;"Declive;Curva";Não;2;0;1;1;2;0;0;1;-20,291059;-41,248855;SPRF-ES;DEL01-ES;UOP02-DEL01-ES
775462;31/05/2026;domingo;17:21:00;PB;101;40;MAMANGUAPE;Ingestão de álcool pelo condutor;Colisão lateral sentido oposto;Sem Vítimas;Anoitecer;Decrescente;Céu Claro;Dupla;Interseção de Vias;Não;2;0;0;0;0;2;0;2;-6,838992;-35,136278;SPRF-PB;DEL01-PB;UOP03-DEL01-PB
775463;31/05/2026;domingo;17:50:00;RN;226;15,1;MACAIBA;Reação tardia ou ineficiente do condutor;Colisão transversal;Com Vítimas Feridas;Plena Noite;Crescente;Nublado;Simples;Curva;Não;2;0;1;0;1;1;0;2;-5,85703439;-35,33602808;SPRF-RN;DEL01-RN;UOP02-DEL01-RN
775464;31/05/2026;domingo;18:25:00;SC;282;2,4;FLORIANOPOLIS;Demais falhas mecânicas ou elétricas;Incêndio;Sem Vítimas;Plena Noite;Decrescente;Céu Claro;Múltipla;Reta;Não;1;0;0;0;0;1;0;1;-27,60326453;-48,59186109;SPRF-SC;DEL01/SC;UOP01-DEL01-SC