id;data_inversa;dia_semana;horario;uf;br;km;municipio;causa_acidente;tipo_acidente;classificacao_acidente;fase_dia;sentido_via;condicao_metereologica;tipo_pista;tracado_via;uso_solo;pessoas;mortos;feridos_leves;feridos_graves;feridos;ilesos;ignorados;veiculos;latitude;longitude;regional;delegacia;uop
775465;31/05/2026;domingo;17:42:00;SE;235;61;ITABAIANA;Acesso irregular;Colisão traseira;Com Vítimas Feridas;Plena Noite;Crescente;Céu Claro;Simples;Curva;Não;2;0;1;0;1;1;0;2;-10,60942276;-37,47667663;SPRF-SE;DEL01-SE;UOP02-DEL01-SE
775466;31/05/2026;domingo;17:00:00;GO;153;674,3;PANAMA;Demais falhas mecânicas ou elétricas;Incêndio;Sem Vítimas;Pleno dia;Crescente;Céu Claro;Dupla;Curva;Não;3;0;0;0;0;3;0;1;-18,178553;-49,29093;SPRF-GO;DEL03/GO;UOP02-DEL03-GO
775467;31/05/2026;domingo;17:45:00;TO;10;454,1;PALMAS;Reação tardia ou ineficiente do condutor;Saída de leito carroçável;Com Vítimas Fatais;Plena Noite;Decrescente;Céu Claro;Múltipla;Reta;Sim;1;1;0;0;0;0;0;1;-10,314988;-48;SPRF-TO;DEL01-TO;UOP03-DEL01-TO
775468;31/05/2026;domingo;16:20:00;RJ;101;597;PARATY;Reação tardia ou ineficiente do condutor;Saída de leito carroçável;Com Vítimas Feridas;Pleno dia;Crescente;Nublado;Simples;Curva;Não;2;0;0;2;2;0;0;1;-23,34305282;-44,74724706;SPRF-RJ;DEL03/RJ;UOP04-DEL03-RJ
775469;31/05/2026;domingo;17:00:00;PR;163;148;LINDOESTE;Frear bruscamente;Colisão traseira;Com Vítimas Feridas;Anoitecer;Decrescente;Céu Claro;Simples;Reta;Não;4;0;1;0;1;3;0;2;-25,18328;-53,6018;SPRF-PR;DEL05/PR;UOP05-DEL05-PR
775470;31/05/2026;domingo;18:45:00;MG;262;121,5;RIO CASCA;Acumulo de areia ou detritos sobre o pavimento;Queda de ocupante de veículo;Com Vítimas Feridas;Plena Noite;Crescente;Céu Claro;Simples;Rotatória;Não;1;0;0;1;1;0;0;1;-20,21103694;-42,6602494;SPRF-MG;DEL03/MG;UOP03-DEL03-MG
775472;31/05/2026;domingo;18:35:00;PE;101;43,4;IGARASSU;Trafegar com motocicleta (ou similar) entre as faixas;Colisão lateral mesmo sentido;Com Vítimas Feridas;Plena Noite;Crescente;Céu Claro;Múltipla;Reta;Sim;2;0;1;0;1;1;0;2;-7,8501621;-34,9093621;SPRF-PE;DEL01/PE;UOP02-DEL01-PE
775474;31/05/2026;domingo;18:00:00;SP;116;50,8;LORENA;Demais falhas mecânicas ou elétricas;Queda de ocupante de veículo;Com Vítimas Feridas;Anoitecer;Decrescente;Céu Claro;Dupla;"Declive;Reta";Não;2;0;2;0;2;0;0;1;-22,73828253;-45,08728726;SPRF-SP;DEL08/SP;UOP02-DEL08-SP
775475;31/05/2026;domingo;16:05:00;SC;101;137,5;BALNEARIO CAMBORIU;Condutor deixou de manter distância do veículo da frente;Colisão traseira;Com Vítimas Feridas;Pleno dia;Decrescente;Nublado;Múltipla;"Aclive;Reta";Sim;3;0;1;0;1;2;0;2;-27,01861;-48,61016;SPRF-SC;DEL04/SC;UOP03-DEL04-SC
775476;31/05/2026;domingo;15:15:00;CE;116;544,1;PENAFORTE;Manobra de mudança de faixa;Colisão frontal;Com Vítimas Fatais;Pleno dia;Decrescente;Céu Claro;Simples;Reta;Não;2;1;1;0;1;0;0;2;-7,823377;-39,087703;SPRF-CE;DEL05/CE;UOP03-DEL05-CE
775477;31/05/2026;domingo;19:00:00;ES;262;17;VIANA;Acesso irregular;Colisão transversal;Com Vítimas Feridas;Plena Noite;Crescente;Céu Claro;Simples;Reta;Sim;3;0;1;0;1;2;0;2;-20,386603;-40,473321;SPRF-ES;DEL01-ES;UOP01-DEL01-ES
775478;31/05/2026;domingo;16:50:00;GO;60;298;ACREUNA;Ingestão de álcool pelo condutor;Saída de leito carroçável;Sem Vítimas;Pleno dia;Crescente;Céu Claro;Dupla;Reta;Não;2;0;0;0;0;2;0;1;-17,364125;-50,335438;SPRF-GO;DEL04/GO;UOP02-DEL04-GO
775479;31/05/2026;domingo;18:36:00;GO;60;30,5;ALEXANIA;Ausência de reação do condutor;Colisão traseira;Com Vítimas Feridas;Plena Noite;Crescente;Céu Claro;Dupla;Reta;Sim;3;0;1;0;1;2;0;2;-16,093977;-48,49017;SPRF-DF;DEL03-DF;UOP01-DEL03-DF
775480;31/05/2026;domingo;14:30:00;CE;402;255;ITAPIPOCA;Acessar a via sem observar a presença dos outros veículos;Colisão transversal;Com Vítimas Feridas;Pleno dia;Crescente;Céu Claro;Simples;Reta;Não;3;0;2;0;2;1;0;2;-3,46783;-39,64556;SPRF-CE;DEL01/CE;UOP03-DEL01-CE
775481;31/05/2026;domingo;18:00:00;AL;316;248;ATALAIA;Transitar no Acostamento;Queda de ocupante de veículo;Com Vítimas Feridas;Plena Noite;Decrescente;Céu Claro;Simples;Reta;Não;1;0;0;1;1;0;0;1;-9,52926965;-35,99308714;SPRF-AL;DEL01-AL;UOP01-DEL01-AL
775482;31/05/2026;domingo;18:40:00;PR;487;174,2;CAMPO MOURAO;Ingestão de álcool pelo condutor;Colisão traseira;Com Vítimas Feridas;Anoitecer;Crescente;Céu Claro;Simples;"Aclive;Reta";Não;4;0;1;0;1;3;0;2;-24,03409;-52,419491;SPRF-PR;DEL09/PR;UOP03-DEL09-PR
775484;31/05/2026;domingo;16:50:00;SC;163;66;SAO MIGUEL DO OESTE;Acessar a via sem observar a presença dos outros veículos;Colisão transversal;Com Vítimas Feridas;Pleno dia;Crescente;Céu Claro;Simples;Rotatória;Sim;2;0;1;0;1;0;0;2;-26,76101558;-53,50062847;SPRF-SC;DEL07/SC;UOP03-DEL07-SC
775488;31/05/2026;domingo;17:20:00;MG;40;249;SAO GONCALO DO ABAETE;Condutor deixou de manter distância do veículo da frente;Colisão traseira;Com Vítimas Feridas;Anoitecer;Crescente;Céu Claro;Simples;"Reta;Declive";Não;5;0;2;0;2;2;0;3;-18,1182861;-45,4480247;SPRF-MG;DEL14/MG;UOP02-DEL14-MG
775489;31/05/2026;domingo;20:00:00;SC;282;3;FLORIANOPOLIS;Manobra de mudança de faixa;Colisão lateral mesmo sentido;Com Vítimas Feridas;Plena Noite;Decrescente;Céu Claro;Múltipla;Reta;Sim;2;0;1;0;1;1;0;2;-27,6025428;-48,59527171;SPRF-SC;DEL01/SC;UOP01-DEL01-SC
775490;31/05/2026;domingo;18:15:00;SC;101;205,8;SAO JOSE;Reação tardia ou ineficiente do condutor;Tombamento;Com Vítimas Feridas;Plena Noite;Decrescente;Céu Claro;Múltipla;Reta;Não;2;0;0;1;1;1;0;1;-27,59102;-48,61771;SPRF-SC;DEL01/SC;UOP01-DEL01-SC
775491;31/05/2026;domingo;18:20:00;SP;116;460;PARIQUERA-ACU;Pedestre andava na pista;Atropelamento de Pedestre;Com Vítimas Feridas;Plena Noite;Crescente;Nublado;Dupla;Reta;Não;2;0;1;0;1;0;0;2;-24,618235;-47,891257;SPRF-SP;DEL05/SP;UOP01-DEL05-SP
775492;31/05/2026;domingo;18:00:00;BA;324;352;CAPIM GROSSO;Acessar a via sem observar a presença dos outros veículos;Colisão frontal;Com Vítimas Feridas;Plena Noite;Crescente;Céu Claro;Simples;Reta;Não;3;0;2;0;2;1;0;2;-11,37233;-40,03212;SPRF-BA;DEL04/BA;UOP02-DEL04-BA
775495;31/05/2026;domingo;19:30:00;PR;277;4,5;PARANAGUA;Retorno proibido;Colisão transversal;Com Vítimas Feridas;Plena Noite;Decrescente;Céu Claro;Simples;"Reta;Aclive";Sim;3;0;1;1;2;1;0;2;-25,55359481;-48,56226786;SPRF-PR;DEL01/PR;UOP05-DEL01-PR
775497;31/05/2026;domingo;19:45:00;RJ;101;573;PARATY;Ultrapassagem Indevida;Colisão lateral sentido oposto;Com Vítimas Feridas;Plena Noite;Crescente;Nublado;Simples;Reta;Não;3;0;0;2;2;1;0;3;-23,20996442;-44,73333168;SPRF-RJ;DEL03/RJ;UOP04-DEL03-RJ
775498;31/05/2026;domingo;20:20:00;ES;101;2;SERRA;Ausência de reação do condutor;Tombamento;Com Vítimas Feridas;Plena Noite;Crescente;Céu Claro;Dupla;Reta;Não;2;0;2;0;2;0;0;1;-20,07846;-40,366333;SPRF-ES;DEL02-ES;UOP01-DEL02-ES
775499;31/05/2026;domingo;20:31:00;SC;282;218;LAGES;Transitar na contramão;Colisão traseira;Sem Vítimas;Plena Noite;Decrescente;Céu Claro;Simples;"Declive;Reta";Sim;3;0;0;0;0;3;0;2;-27,79769492;-50,30989408;SPRF-SC;DEL05/SC;UOP01-DEL05-SC
775500;31/05/2026;domingo;19:15:00;SP;116;66,9;GUARATINGUETA;Demais falhas mecânicas ou elétricas;Colisão traseira;Sem Vítimas;Plena Noite;Decrescente;Nublado;Dupla;Reta;Não;2;0;0;0;0;2;0;2;-22,82875314;-45,20914642;SPRF-SP;DEL08/SP;UOP01-DEL08-SP
775503;31/05/2026;domingo;19:15:00;RS;472;138,7;TRES DE MAIO;Transitar na contramão;Colisão lateral sentido oposto;Sem Vítimas;Plena Noite;Crescente;Céu Claro;Simples;Reta;Não;3;0;0;0;0;2;0;2;-27,7742878;-54,3037293;SPRF-RS;DEL10/RS;UOP01-DEL10-RS
775504;31/05/2026;domingo;20:20:00;SC;280;239;CANOINHAS;Mal súbito do condutor;Tombamento;Com Vítimas Feridas;Plena Noite;Decrescente;Céu Claro;Simples;"Declive;Reta";Não;1;0;1;0;1;0;0;1;-26,19673691;-50,42984176;SPRF-SC;DEL06/SC;UOP04-DEL06-SC
775505;31/05/2026;domingo;20:00:00;CE;20;304,2;CANINDE;Deixar de acionar o farol da motocicleta (ou similar);Colisão traseira;Com Vítimas Feridas;Plena Noite;Crescente;Céu Claro;Simples;Reta;Sim;2;0;1;0;1;1;0;2;-4,380312;-39,309855;SPRF-CE;DEL02/CE;UOP01-DEL02-CE
775506;31/05/2026;domingo;17:50:00;SC;470;68;INDAIAL;Ausência de reação do condutor;Colisão traseira;Com Vítimas Feridas;Anoitecer;Decrescente;Céu Claro;Dupla;Reta;Não;2;0;1;0;1;1;0;2;-26,87732483;-49,23860757;SPRF-SC;DEL04/SC;UOP01-DEL04-SC
775507;31/05/2026;domingo;14:50:00;RJ;116;146;DUQUE DE CAXIAS;Objeto estático sobre o leito carroçável;Queda de ocupante de veículo;Com Vítimas Feridas;Pleno dia;Crescente;Céu Claro;Dupla;Reta;Sim;1;0;1;0;1;0;0;1;-22,64742278;-43,25966836;SPRF-RJ;DEL01/RJ;UOP02-DEL01-RJ
775508;31/05/2026;domingo;19:10:00;SP;116;133,4;CACAPAVA;Ausência de reação do condutor;Tombamento;Com Vítimas Feridas;Plena Noite;Crescente;Céu Claro;Dupla;Reta;Não;2;0;0;1;1;0;0;2;-23,13290091;-45,74696922;SPRF-SP;DEL02/SP;UOP02-DEL02-SP
775509;31/05/2026;domingo;20:35:00;MG;40;471,7;SETE LAGOAS;Reação tardia ou ineficiente do condutor;Queda de ocupante de veículo;Com Vítimas Feridas;Plena Noite;Decrescente;Céu Claro;Dupla;"Reta;Aclive";Sim;2;0;1;0;1;1;0;1;-19,47848766;-44,28706884;SPRF-MG;DEL02/MG;UOP01-DEL02-MG
775510;31/05/2026;domingo;18:50:00;RJ;116;207;QUEIMADOS;Ausência de reação do condutor;Colisão com objeto;Com Vítimas Feridas;Plena Noite;Crescente;Nublado;Dupla;"Em Obras;Reta";Não;5;0;4;1;5;0;0;1;-22,72923921;-43,63003341;SPRF-RJ;DEL06/RJ;UOP02-DEL06-RJ
775511;31/05/2026;domingo;19:03:00;RJ;116;207;SEROPEDICA;Pista Escorregadia;Tombamento;Com Vítimas Feridas;Plena Noite;Crescente;Céu Claro;Dupla;"Reta;Em Obras";Não;2;0;1;0;1;1;0;1;-22,72213937;-43,67601871;SPRF-RJ;DEL06/RJ;UOP02-DEL06-RJ
775512;31/05/2026;domingo;16:15:00;RJ;40;119;DUQUE DE CAXIAS;Entrada inopinada do pedestre;Atropelamento de Pedestre;Com Vítimas Feridas;Pleno dia;Crescente;Nublado;Múltipla;Reta;Sim;3;0;1;0;1;1;0;2;-22,77705055;-43,28614305;SPRF-RJ;DEL01/RJ;UOP02-DEL01-RJ
775513;31/05/2026;domingo;18:30:00;MS;463;2;DOURADOS;Velocidade Incompatível;Tombamento;Com Vítimas Feridas;Plena Noite;Decrescente;Céu Claro;Dupla;Reta;Sim;1;0;1;0;1;0;0;1;-22,26741824;-54,99707429;SPRF-MS;DEL04/MS;UOP01-DEL04-MS
775514;31/05/2026;domingo;18:30:00;PE;232;218,9;PESQUEIRA;Ausência de reação do condutor;Saída de leito carroçável;Sem Vítimas;Plena Noite;Decrescente;Céu Claro;Simples;Reta;Não;1;0;0;0;0;0;1;1;-8,38217727;-36,73462121;SPRF-PE;DEL03/PE;UOP02-DEL03-PE
775515;31/05/2026;domingo;18:40:00;PR;369;379,9;MAMBORE;Reação tardia ou ineficiente do condutor;Saída de leito carroçável;Com Vítimas Feridas;Anoitecer;Crescente;Céu Claro;Simples;"Curva;Interseção de Vias";Não;2;0;1;0;1;1;0;1;-24,28708776;-52,57308743;SPRF-PR;DEL04/PR;UOP03-DEL04-PR
775517;31/05/2026;domingo;20:30:00;MG;116;415,7;GOVERNADOR VALADARES;Conversão proibida;Colisão transversal;Com Vítimas Feridas;Plena Noite;Crescente;Nublado;Simples;Reta;Sim;3;0;2;0;2;1;0;2;-18,89606512;-41,94787262;SPRF-MG;DEL06/MG;UOP01-DEL06-MG
775518;31/05/2026;domingo;20:00:00;PR;277;670;MEDIANEIRA;Ingestão de álcool pelo condutor;Saída de leito carroçável;Com Vítimas Feridas;Plena Noite;Crescente;Nevoeiro/Neblina;Dupla;Reta;Sim;1;0;1;0;1;0;0;1;-25,27758334;-54,07419054;SPRF-PR;DEL05/PR;UOP02-DEL05-PR
775519;31/05/2026;domingo;19:30:00;PE;423;80,2;JUCATI;Demais falhas mecânicas ou elétricas;Incêndio;Sem Vítimas;Plena Noite;Crescente;Nublado;Simples;Reta;Não;1;0;0;0;0;1;0;1;-8,768118;-36,428227;SPRF-PE;DEL03/PE;UOP01-DEL03-PE
775520;31/05/2026;domingo;19:10:00;DF;251;42;BRASILIA;Velocidade Incompatível;Colisão frontal;Com Vítimas Fatais;Plena Noite;Decrescente;Céu Claro;Simples;Rotatória;Não;5;2;1;1;2;1;0;2;-15,93818508;-47,82575933;SPRF-DF;DEL01-DF;UOP01-DEL01-DF
775522;31/05/2026;domingo;20:40:00;ES;262;166;IBATIBA;Afundamento ou ondulação no pavimento;Saída de leito carroçável;Com Vítimas Feridas;Plena Noite;Crescente;Nublado;Simples;Reta;Não;2;0;2;0;2;0;0;1;-20,26113116;-41,57533916;SPRF-ES;DEL01-ES;UOP02-DEL01-ES
775524;31/05/2026;domingo;20:15:00;PR;467;109,4;CASCAVEL;Desrespeitar a preferência no cruzamento;Colisão transversal;Com Vítimas Feridas;Plena Noite;Crescente;Céu Claro;Dupla;"Aclive;Curva";Sim;4;0;3;0;3;1;0;2;-24,92491759;-53,46607659;SPRF-PR;DEL04/PR;UOP01-DEL04-PR
775525;31/05/2026;domingo;20:50:00;MG;365;627;UBERLANDIA;Ausência de reação do condutor;Colisão traseira;Com Vítimas Feridas;Pleno dia;Crescente;Nublado;Dupla;"Aclive;Reta";Sim;2;0;1;0;1;1;0;2;-18,904228;-48,34138;SPRF-MG;DEL15/MG;UOP01-DEL15-MG
775526;31/05/2026;domingo;16:00:00;PI;222;180;SAO JOAO DO ARRAIAL;Ingestão de álcool pelo condutor;Saída de leito carroçável;Com Vítimas Fatais;Pleno dia;Decrescente;Céu Claro;Simples;Curva;Não;1;1;0;0;0;0;0;1;-3,82656;-42,437355;SPRF-PI;DEL02-PI;UOP01-DEL02-PI
775527;31/05/2026;domingo;17:50:00;BA;242;319;ANDARAI;Demais falhas na via;Queda de ocupante de veículo;Com Vítimas Feridas;Anoitecer;Crescente;Ignorado;Simples;Reta;Não;1;0;0;1;1;0;0;1;-12,474527;-41,046663;SPRF-BA;DEL06/BA;UOP02-DEL06-BA
775528;31/05/2026;domingo;21:00:00;MG;381;496,5;BETIM;Pedestre cruzava a pista fora da faixa;Atropelamento de Pedestre;Com Vítimas Fatais;Plena Noite;Crescente;Céu Claro;Múltipla;"Declive;Curva";Sim;2;1;0;0;0;0;0;2;-19,9759771;-44,19889776;SPRF-MG;DEL01/MG;UOP03-DEL01-MG
775529;31/05/2026;domingo;21:50:00;CE;222;23;CAUCAIA;Reação tardia ou ineficiente do condutor;Queda de ocupante de veículo;Com Vítimas Feridas;Plena Noite;Crescente;Céu Claro;Dupla;Reta;Sim;1;0;1;0;1;0;0;1;-3,73143329;-38,7625521;SPRF-CE;DEL01/CE;UOP01-DEL01-CE
775530;31/05/2026;domingo;19:45:00;GO;70;165,9;JARAGUA;Velocidade Incompatível;Colisão traseira;Com Vítimas Feridas;Plena Noite;Crescente;Ignorado;Simples;"Reta;Declive";Não;2;0;1;0;1;0;0;2;-15,914128;-49,589592;SPRF-GO;DEL02/GO;UOP02-DEL02-GO
775531;31/05/2026;domingo;17:10:00;MG;262;520,4;LUZ;Velocidade Incompatível;Saída de leito carroçável;Com Vítimas Fatais;Anoitecer;Crescente;Céu Claro;Simples;Reta;Não;4;2;2;0;2;0;0;1;-19,78236271;-45,72621346;SPRF-MG;DEL08/MG;UOP03-DEL08-MG
775532;31/05/2026;domingo;21:20:00;ES;259;56,5;COLATINA;Condutor deixou de manter distância do veículo da frente;Colisão traseira;Com Vítimas Feridas;Plena Noite;Crescente;Céu Claro;Simples;Reta;Sim;2;0;1;0;1;0;0;2;-19,517119;-40,66313;SPRF-ES;DEL02-ES;UOP01-DEL02-ES
775533;31/05/2026;domingo;19:40:00;PA;230;4;ALTAMIRA;Ingestão de álcool pelo condutor;Colisão transversal;Sem Vítimas;Plena Noite;Crescente;Céu Claro;Simples;Reta;Sim;4;0;0;0;0;4;0;3;-3,18940068;-52,20888138;SPRF-PA;DEL04/PA;UOP01-DEL04-PA
775534;31/05/2026;domingo;19:30:00;SC;153;59,2;IRANI;Transitar na contramão;Colisão lateral sentido oposto;Sem Vítimas;Plena Noite;Decrescente;Céu Claro;Simples;Reta;Não;2;0;0;0;0;2;0;2;-26,97126709;-51,8570137;SPRF-SC;DEL07/SC;UOP04-DEL07-SC
775535;31/05/2026;domingo;22:45:00;RJ;101;321;NITEROI;Acessar a via sem observar a presença dos outros veículos;Colisão lateral mesmo sentido;Com Vítimas Feridas;Plena Noite;Decrescente;Céu Claro;Múltipla;"Aclive;Reta";Sim;2;0;1;0;1;1;0;2;-22,874768;-43,109987;SPRF-RJ;DEL02/RJ;UOP01-DEL02-RJ
775536;31/05/2026;domingo;22:25:00;MG;381;584;CARMOPOLIS DE MINAS;Restrição de visibilidade em curvas horizontais;Colisão com objeto;Sem Vítimas;Plena Noite;Decrescente;Céu Claro;Dupla;Curva;Não;4;0;0;0;0;4;0;2;-20,50678208;-44,610672;SPRF-MG;DEL04/MG;UOP01-DEL04-MG
775537;31/05/2026;domingo;21:00:00;RO;364;426;JARU;Acessar a via sem observar a presença dos outros veículos;Colisão transversal;Com Vítimas Feridas;Plena Noite;Crescente;Céu Claro;Múltipla;Reta;Sim;2;0;1;0;1;1;0;2;-10,43210979;-62,47998683;SPRF-RO;DEL03-RO;UOP02-DEL03-RO
775538;31/05/2026;domingo;22:15:00;RJ;40;86;PETROPOLIS;Reação tardia ou ineficiente do condutor;Tombamento;Com Vítimas Feridas;Plena Noite;Crescente;Garoa/Chuvisco;Dupla;"Curva;Declive";Não;2;0;0;2;2;0;0;1;-22,53858932;-43,23302402;SPRF-RJ;DEL01/RJ;UOP01-DEL01-RJ
775540;31/05/2026;domingo;22:30:00;PR;376;166,7;MARINGA;Ingestão de álcool pelo condutor;Saída de leito carroçável;Com Vítimas Feridas;Plena Noite;Decrescente;Céu Claro;Dupla;Reta;Não;2;0;2;0;2;0;0;1;-23,38819168;-52,01938927;SPRF-PR;DEL09/PR;UOP01-DEL09-PR
775541;31/05/2026;domingo;22:30:00;PR;277;117,3;CAMPO LARGO;Ingestão de álcool pelo condutor;Saída de leito carroçável;Com Vítimas Feridas;Plena Noite;Crescente;Céu Claro;Dupla;Reta;Sim;1;0;0;1;1;0;0;1;-25,443043;-49,455076;SPRF-PR;DEL01/PR;UOP07-DEL01-PR
775545;31/05/2026;domingo;23:30:00;ES;262;18;VIANA;Reação tardia ou ineficiente do condutor;Colisão traseira;Sem Vítimas;Plena Noite;Decrescente;Céu Claro;Simples;Reta;Não;2;0;0;0;0;2;0;2;-20,39052501;-40,47971673;SPRF-ES;DEL01-ES;UOP01-DEL01-ES
775546;31/05/2026;domingo;23:00:00;SC;470;244;CURITIBANOS;Reação tardia ou ineficiente do condutor;Colisão lateral mesmo sentido;Com Vítimas Feridas;Plena Noite;Crescente;Céu Claro;Simples;Curva;Não;4;0;1;0;1;3;0;2;-27,31646767;-50,52457263;SPRF-SC;DEL05/SC;UOP03-DEL05-SC
775547;31/05/2026;domingo;19:30:00;PE;101;109,4;CABO DE SANTO AGOSTINHO;Velocidade Incompatível;Colisão com objeto;Com Vítimas Feridas;Plena Noite;Crescente;Céu Claro;Dupla;Curva;Não;4;0;4;0;4;0;0;1;-8,3121;-35,10081;SPRF-PE;DEL01/PE;UOP03-DEL01-PE
775551;31/05/2026;domingo;23:40:00;RJ;116;322,1;ITATIAIA;Entrada inopinada do pedestre;Atropelamento de Pedestre;Com Vítimas Fatais;Plena Noite;Decrescente;Céu Claro;Dupla;Reta;Não;2;1;0;0;0;1;0;2;-22,484867;-44,546105;SPRF-RJ;DEL07/RJ;UOP02-DEL07-RJ
775563;31/05/2026;domingo;21:35:00;RN;226;235,9;PATU;Animais na Pista;Atropelamento de Animal;Sem Vítimas;Plena Noite;Decrescente;Nublado;Simples;Reta;Não;1;0;0;0;0;1;0;1;-6,095583;-37,620639;SPRF-RN;DEL03-RN;UOP01-DEL03-RN
775585;30/05/2026;sábado;05:10:00;RO;364;517,5;ARIQUEMES;Reação tardia ou ineficiente do condutor;Atropelamento de Pedestre;Com Vítimas Feridas;Plena Noite;Decrescente;Céu Claro;Simples;"Reta;Em Obras;Aclive";Sim;2;0;2;0;2;0;0;2;-9,90212469;-63,0561161;SPRF-RO;DEL03-RO;UOP01-DEL03-RO
775590;30/04/2026;quinta-feira;11:29:00;GO;414;374,9;COCALZINHO DE GOIAS;Acessar a via sem observar a presença dos outros veículos;Colisão traseira;Com Vítimas Feridas;Pleno dia;Decrescente;Céu Claro;Dupla;Retorno Regulamentado;Sim;2;0;1;0;1;0;0;2;-15,77543996;-48,76389949;SPRF-GO;DEL02/GO;UOP01-DEL02-GO
775594;31/05/2026;domingo;21:00:00;MA;10;181;CAMPESTRE DO MARANHAO;Condutor deixou de manter distância do veículo da frente;Colisão traseira;Com Vítimas Feridas;Plena Noite;Decrescente;Céu Claro;Simples;Declive;Não;4;0;1;0;1;3;0;2;-6,1327;-47,37342;SPRF-MA;DEL04-MA;UOP02-DEL04-MA
775607;28/05/2026;quinta-feira;12:50:00;MT;364;696;DIAMANTINO;Reação tardia ou ineficiente do condutor;Saída de leito carroçável;Sem Vítimas;Pleno dia;Crescente;Céu Claro;Simples;Reta;Não;3;0;0;0;0;3;0;1;-14,28833158;-56,47857544;SPRF-MT;DEL01/MT;UOP01-DEL01-MT
775616;31/05/2026;domingo;21:34:00;MG;116;390,3;GOVERNADOR VALADARES;Transitar na contramão;Colisão frontal;Com Vítimas Fatais;Plena Noite;Decrescente;Céu Claro;Simples;Reta;Não;2;1;0;0;0;1;0;2;-18,68041874;-41,98896289;SPRF-MG;DEL06/MG;UOP01-DEL06-MG
775634;07/05/2026;quinta-feira;17:55:00;MG;267;52;GUARARA;Sinalização mal posicionada;Engavetamento;Com Vítimas Feridas;Anoitecer;Crescente;Céu Claro;Simples;Curva;Não;4;0;1;0;1;1;0;3;-21,72318118;-43,01077589;SPRF-MG;DEL07/MG;UOP01-DEL07-MG
775642;01/05/2026;sexta-feira;13:00:00;PR;369;154;LONDRINA;Mal súbito do condutor;Colisão traseira;Com Vítimas Feridas;Pleno dia;Decrescente;Céu Claro;Dupla;Reta;Sim;10;0;2;0;2;8;0;4;-23,29731368;-51,20184509;SPRF-PR;DEL07/PR;UOP01-DEL07-PR
775662;04/04/2026;sábado;16:55:00;MG;40;760,5;EWBANK DA CAMARA;Pista Escorregadia;Colisão frontal;Com Vítimas Fatais;Pleno dia;Decrescente;Nublado;Simples;Curva;Sim;5;1;3;0;3;1;0;2;-21,54429068;-43,51153748;SPRF-MG;DEL05/MG;UOP01-DEL05-MG
775663;20/05/2026;quarta-feira;13:55:00;ES;101;146,9;LINHARES;Manobra de mudança de faixa;Colisão lateral mesmo sentido;Com Vítimas Feridas;Pleno dia;Crescente;Céu Claro;Dupla;Reta;Sim;2;0;1;0;1;0;0;2;-19,378587;-40,066862;SPRF-ES;DEL04-ES;UOP01-DEL04-ES
775679;28/05/2026;quinta-feira;01:30:00;PE;101;101;CABO DE SANTO AGOSTINHO;Ausência de reação do condutor;Atropelamento de Pedestre;Com Vítimas Fatais;Plena Noite;Decrescente;Céu Claro;Dupla;Reta;Não;2;1;0;0;0;0;0;2;-8,28014;-35,05604;SPRF-PE;DEL01/PE;UOP03-DEL01-PE
775761;05/05/2026;terça-feira;20:05:00;GO;50;303;CUMARI;Animais na Pista;Capotamento;Com Vítimas Feridas;Plena Noite;Crescente;Céu Claro;Dupla;Reta;Não;2;0;1;0;1;1;0;1;-18,36440787;-48,05057019;SPRF-GO;DEL06/GO;UOP01-DEL06-GO
775771;06/03/2026;sexta-feira;12:20:00;SE;235;5;NOSSA SENHORA DO SOCORRO;Avarias e/ou desgaste excessivo no pneu;Tombamento;Com Vítimas Feridas;Pleno dia;Decrescente;Sol;Dupla;Aclive;Não;2;0;2;0;2;0;0;1;-10,9063719;-37,1216806;SPRF-SE;DEL01-SE;UOP01-DEL01-SE
775780;09/05/2026;sábado;23:15:00;RO;364;714;PORTO VELHO;Desrespeitar a preferência no cruzamento;Colisão transversal;Com Vítimas Feridas;Plena Noite;Crescente;Céu Claro;Simples;Interseção de Vias;Sim;2;0;1;0;1;1;0;2;-8,77440067;-63,8858521;SPRF-RO;DEL01-RO;UOP01-DEL01-RO
775787;18/05/2026;segunda-feira;18:30:00;BA;101;229;SAPEACU;Transitar na contramão;Colisão lateral sentido oposto;Com Vítimas Fatais;Plena Noite;Decrescente;Céu Claro;Simples;"Reta;Declive";Não;9;1;6;1;7;1;0;4;-12,7106809;-39,1714766;SPRF-BA;DEL11/BA;UOP01-DEL11-BA
775790;21/05/2026;quinta-feira;18:40:00;MG;381;484;BETIM;Ausência de reação do condutor;Tombamento;Com Vítimas Feridas;Plena Noite;Decrescente;Céu Claro;Múltipla;"Aclive;Reta";Não;2;0;1;0;1;1;0;1;-19,95920882;-44,09026283;SPRF-MG;DEL01/MG;UOP03-DEL01-MG
775808;17/05/2026;domingo;22:30:00;RJ;465;21;NOVA IGUACU;Acessar a via sem observar a presença dos outros veículos;Colisão transversal;Com Vítimas Feridas;Plena Noite;Decrescente;Chuva;Simples;Reta;Sim;2;0;0;1;1;0;0;2;-22,85333;-43,60203;SPRF-RJ;DEL06/RJ;UOP02-DEL06-RJ